ticker,entry_thr,exit_thr,fund_exit,t_in,t_out,days,prem_in,prem_out,basis_bps,funding_bps,gross_bps,net_lo,net_hi,open
SKHYNIX,10.0,0.0,False,2026-06-02 03:00:00+00:00,2026-06-04 00:00:00+00:00,1.9,184.2,229.6,-45.4,32.2,-13.2,-38.2,-56.2,False
SKHYNIX,10.0,0.0,False,2026-06-04 00:10:00+00:00,2026-06-05 00:00:00+00:00,1.0,244.9,166.9,78.0,62.4,140.4,115.4,97.4,False
SKHYNIX,10.0,0.0,False,2026-06-05 00:20:00+00:00,2026-06-08 00:00:00+00:00,3.0,276.4,346.8,-70.4,14.2,-56.2,-81.2,-99.2,False
SKHYNIX,10.0,0.0,False,2026-06-08 00:10:00+00:00,2026-06-09 05:35:00+00:00,1.2,245.7,-102.5,348.2,75.7,423.9,398.9,380.9,False
SKHYNIX,10.0,0.0,False,2026-06-10 00:00:00+00:00,2026-06-11 00:00:00+00:00,1.0,54.8,115.9,-61.1,50.7,-10.4,-35.4,-53.4,False
SKHYNIX,10.0,0.0,False,2026-06-11 00:05:00+00:00,2026-06-12 00:00:00+00:00,1.0,136.8,113.2,23.6,34.4,58.0,33.0,15.0,False
SKHYNIX,10.0,0.0,False,2026-06-12 00:15:00+00:00,2026-06-15 00:00:00+00:00,3.0,103.7,145.0,-41.3,16.6,-24.7,-49.7,-67.7,False
SKHYNIX,10.0,0.0,False,2026-06-15 00:15:00+00:00,2026-06-16 00:00:00+00:00,1.0,167.7,20.1,147.7,44.0,191.6,166.6,148.6,False
SKHYNIX,10.0,0.0,False,2026-06-16 00:10:00+00:00,2026-06-22 00:00:00+00:00,6.0,49.2,172.7,-123.5,81.5,-42.0,-67.0,-85.0,False
SKHYNIX,10.0,0.0,False,2026-06-22 00:25:00+00:00,2026-06-23 00:00:00+00:00,1.0,156.0,122.2,33.9,40.3,74.2,49.2,31.2,False
SKHYNIX,10.0,0.0,False,2026-06-23 00:15:00+00:00,2026-06-25 00:00:00+00:00,2.0,148.7,102.6,46.0,74.3,120.4,95.4,77.4,False
SKHYNIX,10.0,0.0,False,2026-06-25 00:10:00+00:00,2026-06-25 03:20:00+00:00,0.1,106.4,-13.4,119.8,0.0,119.8,94.8,76.8,False
SKHYNIX,10.0,0.0,False,2026-06-25 05:15:00+00:00,2026-06-29 00:00:00+00:00,3.8,63.5,105.5,-42.0,44.7,2.6,-22.4,-40.4,False
SKHYNIX,10.0,0.0,False,2026-06-29 00:20:00+00:00,2026-06-30 00:00:00+00:00,1.0,85.4,75.2,10.2,18.2,28.4,3.4,-14.6,False
SKHYNIX,10.0,0.0,False,2026-06-30 00:15:00+00:00,2026-07-01 00:00:00+00:00,1.0,66.9,76.8,-9.9,9.1,-0.8,-25.8,-43.8,False
SKHYNIX,10.0,0.0,False,2026-07-01 00:20:00+00:00,2026-07-02 00:00:00+00:00,1.0,73.9,83.7,-9.8,-13.0,-22.9,-47.9,-65.9,False
SKHYNIX,10.0,0.0,False,2026-07-02 00:25:00+00:00,2026-07-03 05:35:00+00:00,1.2,111.7,-19.7,131.5,46.0,177.5,152.5,134.5,False
SKHYNIX,10.0,0.0,False,2026-07-06 00:40:00+00:00,2026-07-07 00:00:00+00:00,1.0,28.5,89.8,-61.2,24.7,-36.5,-61.5,-79.5,False
SKHYNIX,10.0,0.0,False,2026-07-07 00:40:00+00:00,2026-07-08 00:00:00+00:00,1.0,90.9,38.1,52.9,57.4,110.2,85.2,67.2,False
SKHYNIX,10.0,0.0,False,2026-07-08 00:30:00+00:00,2026-07-10 00:00:00+00:00,2.0,78.3,87.6,-9.3,121.5,112.2,87.2,69.2,False
SKHYNIX,10.0,0.0,False,2026-07-10 00:10:00+00:00,2026-07-13 00:00:00+00:00,3.0,141.7,109.5,32.2,31.5,63.7,38.7,20.7,False
SKHYNIX,10.0,0.0,False,2026-07-13 00:25:00+00:00,2026-07-15 01:10:00+00:00,2.0,103.5,-32.2,135.6,138.9,274.5,249.5,231.5,False
SKHYNIX,10.0,0.0,False,2026-07-15 05:25:00+00:00,2026-07-16 00:00:00+00:00,0.8,14.9,81.1,-66.2,-23.2,-89.4,-114.4,-132.4,False
SKHYNIX,10.0,0.0,False,2026-07-16 00:40:00+00:00,2026-07-20 00:00:00+00:00,4.0,67.7,33.7,34.0,-6.9,27.1,2.1,-15.9,False
SKHYNIX,10.0,0.0,False,2026-07-20 00:55:00+00:00,2026-07-22 00:00:00+00:00,2.0,20.3,24.2,-3.9,44.6,40.7,15.7,-2.3,False
SKHYNIX,10.0,0.0,False,2026-07-22 00:45:00+00:00,2026-07-24 00:00:00+00:00,2.0,19.1,3.7,15.4,11.0,26.4,1.4,-16.6,False
SKHYNIX,10.0,0.0,False,2026-07-24 00:30:00+00:00,2026-07-30 00:00:00+00:00,6.0,51.4,103.4,-52.1,112.5,60.4,35.4,17.4,False
SKHYNIX,10.0,0.0,False,2026-07-30 00:20:00+00:00,2026-07-31 00:50:00+00:00,1.0,77.5,20.7,56.8,97.2,154.0,129.0,111.0,False
SKHYNIX,10.0,0.0,False,2026-07-31 01:05:00+00:00,2026-07-31 04:55:00+00:00,0.2,-15.9,-34.1,18.2,0.0,18.2,-6.8,-24.8,False
SKHYNIX,10.0,0.0,False,2026-08-03 00:00:00+00:00,2026-08-03 00:15:00+00:00,0.0,-28.7,2.2,-30.9,3.9,-27.0,-52.0,-70.0,False
SKHYNIX,10.0,0.0,False,2026-08-03 01:00:00+00:00,2026-08-06 00:00:00+00:00,3.0,13.2,21.2,-8.0,38.0,30.0,5.0,-13.0,False
SKHYNIX,10.0,0.0,False,2026-08-06 00:30:00+00:00,2026-08-06 02:50:00+00:00,0.1,29.2,1.8,27.4,0.0,27.4,2.4,-15.6,False
SKHYNIX,10.0,0.0,False,2026-08-06 04:10:00+00:00,2026-08-07 00:00:00+00:00,0.8,17.5,0.0,17.5,13.8,31.3,6.3,-11.7,False
SKHYNIX,10.0,0.0,False,2026-08-07 00:25:00+00:00,2026-08-11 00:00:00+00:00,4.0,35.9,17.3,18.6,42.6,61.2,36.2,18.2,False
SKHYNIX,10.0,0.0,False,2026-08-11 00:25:00+00:00,2026-08-13 00:30:00+00:00,2.0,30.0,3.7,26.3,25.7,51.9,26.9,8.9,False
SKHYNIX,10.0,0.0,False,2026-08-14 00:40:00+00:00,2026-08-18 00:00:00+00:00,4.0,6.0,23.3,-17.2,8.0,-9.3,-34.3,-52.3,False
SKHYNIX,10.0,0.0,False,2026-08-18 02:35:00+00:00,2026-08-19 00:05:00+00:00,0.9,15.8,9.9,5.9,-10.1,-4.2,-29.2,-47.2,False
SKHYNIX,10.0,0.0,False,2026-08-19 00:45:00+00:00,2026-08-19 04:10:00+00:00,0.1,17.1,0.9,16.1,0.6,16.7,-8.3,-26.3,False
SKHYNIX,10.0,0.0,True,2026-06-02 03:00:00+00:00,2026-06-04 00:00:00+00:00,1.9,184.2,229.6,-45.4,32.2,-13.2,-38.2,-56.2,False
SKHYNIX,10.0,0.0,True,2026-06-04 00:10:00+00:00,2026-06-05 00:00:00+00:00,1.0,244.9,166.9,78.0,62.4,140.4,115.4,97.4,False
SKHYNIX,10.0,0.0,True,2026-06-05 00:20:00+00:00,2026-06-05 00:25:00+00:00,0.0,276.4,236.8,39.6,0.0,39.6,14.6,-3.4,False
SKHYNIX,10.0,0.0,True,2026-06-05 00:30:00+00:00,2026-06-05 00:35:00+00:00,0.0,221.2,220.2,1.0,0.0,1.0,-24.0,-42.0,False
SKHYNIX,10.0,0.0,True,2026-06-05 00:40:00+00:00,2026-06-05 00:45:00+00:00,0.0,270.2,270.8,-0.6,0.0,-0.6,-25.6,-43.6,False
SKHYNIX,10.0,0.0,True,2026-06-05 00:50:00+00:00,2026-06-05 00:55:00+00:00,0.0,245.4,235.3,10.1,0.0,10.1,-14.9,-32.9,False
SKHYNIX,10.0,0.0,True,2026-06-05 01:00:00+00:00,2026-06-05 01:05:00+00:00,0.0,227.0,246.7,-19.7,0.0,-19.7,-44.7,-62.7,False
SKHYNIX,10.0,0.0,True,2026-06-05 01:10:00+00:00,2026-06-05 01:15:00+00:00,0.0,246.5,227.9,18.6,0.0,18.6,-6.4,-24.4,False
SKHYNIX,10.0,0.0,True,2026-06-05 01:20:00+00:00,2026-06-05 01:25:00+00:00,0.0,224.8,222.9,2.0,0.0,2.0,-23.0,-41.0,False
SKHYNIX,10.0,0.0,True,2026-06-05 01:30:00+00:00,2026-06-05 01:35:00+00:00,0.0,202.0,164.3,37.7,0.0,37.7,12.7,-5.3,False
SKHYNIX,10.0,0.0,True,2026-06-05 01:40:00+00:00,2026-06-05 01:45:00+00:00,0.0,165.4,180.2,-14.8,0.0,-14.8,-39.8,-57.8,False
SKHYNIX,10.0,0.0,True,2026-06-05 01:50:00+00:00,2026-06-05 01:55:00+00:00,0.0,165.2,155.2,9.9,0.0,9.9,-15.1,-33.1,False
SKHYNIX,10.0,0.0,True,2026-06-05 02:00:00+00:00,2026-06-05 02:05:00+00:00,0.0,155.0,135.4,19.6,0.0,19.6,-5.4,-23.4,False
SKHYNIX,10.0,0.0,True,2026-06-05 02:10:00+00:00,2026-06-05 02:15:00+00:00,0.0,178.3,102.1,76.3,0.0,76.3,51.3,33.3,False
SKHYNIX,10.0,0.0,True,2026-06-05 02:20:00+00:00,2026-06-05 02:25:00+00:00,0.0,107.8,73.3,34.5,0.0,34.5,9.5,-8.5,False
SKHYNIX,10.0,0.0,True,2026-06-05 02:30:00+00:00,2026-06-05 02:35:00+00:00,0.0,56.1,69.1,-13.0,0.0,-13.0,-38.0,-56.0,False
SKHYNIX,10.0,0.0,True,2026-06-05 02:40:00+00:00,2026-06-05 02:45:00+00:00,0.0,46.6,49.2,-2.6,0.0,-2.6,-27.6,-45.6,False
SKHYNIX,10.0,0.0,True,2026-06-05 02:50:00+00:00,2026-06-05 02:55:00+00:00,0.0,62.5,63.1,-0.7,0.0,-0.7,-25.7,-43.7,False
SKHYNIX,10.0,0.0,True,2026-06-05 03:00:00+00:00,2026-06-05 03:05:00+00:00,0.0,57.0,55.1,1.9,0.0,1.9,-23.1,-41.1,False
SKHYNIX,10.0,0.0,True,2026-06-05 03:10:00+00:00,2026-06-05 03:15:00+00:00,0.0,69.8,65.9,4.0,0.0,4.0,-21.0,-39.0,False
SKHYNIX,10.0,0.0,True,2026-06-05 03:20:00+00:00,2026-06-05 03:25:00+00:00,0.0,63.3,113.8,-50.5,0.0,-50.5,-75.5,-93.5,False
SKHYNIX,10.0,0.0,True,2026-06-05 03:30:00+00:00,2026-06-05 03:35:00+00:00,0.0,63.8,84.2,-20.4,0.0,-20.4,-45.4,-63.4,False
SKHYNIX,10.0,0.0,True,2026-06-05 03:40:00+00:00,2026-06-05 03:45:00+00:00,0.0,5.9,0.0,5.9,0.0,5.9,-19.1,-37.1,False
SKHYNIX,10.0,0.0,True,2026-06-05 03:50:00+00:00,2026-06-05 03:55:00+00:00,0.0,-30.7,-44.6,13.9,0.0,13.9,-11.1,-29.1,False
SKHYNIX,10.0,0.0,True,2026-06-05 04:00:00+00:00,2026-06-05 04:05:00+00:00,0.0,31.2,34.9,-3.7,0.0,-3.7,-28.7,-46.7,False
SKHYNIX,10.0,0.0,True,2026-06-05 04:10:00+00:00,2026-06-05 04:15:00+00:00,0.0,7.9,35.9,-28.1,0.0,-28.1,-53.1,-71.1,False
SKHYNIX,10.0,0.0,True,2026-06-05 04:20:00+00:00,2026-06-05 04:25:00+00:00,0.0,25.4,51.4,-26.0,0.0,-26.0,-51.0,-69.0,False
SKHYNIX,10.0,0.0,True,2026-06-05 04:30:00+00:00,2026-06-05 04:35:00+00:00,0.0,45.6,53.6,-8.0,0.0,-8.0,-33.0,-51.0,False
SKHYNIX,10.0,0.0,True,2026-06-05 04:40:00+00:00,2026-06-05 04:45:00+00:00,0.0,59.5,60.2,-0.7,0.0,-0.7,-25.7,-43.7,False
SKHYNIX,10.0,0.0,True,2026-06-05 04:50:00+00:00,2026-06-05 04:55:00+00:00,0.0,63.0,55.6,7.4,0.0,7.4,-17.6,-35.6,False
SKHYNIX,10.0,0.0,True,2026-06-05 05:00:00+00:00,2026-06-05 05:05:00+00:00,0.0,55.9,61.5,-5.6,0.0,-5.6,-30.6,-48.6,False
SKHYNIX,10.0,0.0,True,2026-06-05 05:10:00+00:00,2026-06-05 05:15:00+00:00,0.0,56.9,69.1,-12.2,0.0,-12.2,-37.2,-55.2,False
SKHYNIX,10.0,0.0,True,2026-06-05 05:20:00+00:00,2026-06-05 05:25:00+00:00,0.0,75.7,69.1,6.6,0.0,6.6,-18.4,-36.4,False
SKHYNIX,10.0,0.0,True,2026-06-05 05:30:00+00:00,2026-06-05 05:35:00+00:00,0.0,56.2,61.5,-5.3,0.0,-5.3,-30.3,-48.3,False
SKHYNIX,10.0,0.0,True,2026-06-05 05:40:00+00:00,2026-06-05 05:45:00+00:00,0.0,63.7,69.4,-5.7,0.0,-5.7,-30.7,-48.7,False
SKHYNIX,10.0,0.0,True,2026-06-05 05:50:00+00:00,2026-06-05 05:55:00+00:00,0.0,68.3,57.6,10.8,0.0,10.8,-14.2,-32.2,False
SKHYNIX,10.0,0.0,True,2026-06-05 06:00:00+00:00,2026-06-05 06:05:00+00:00,0.0,38.6,18.4,20.2,0.0,20.2,-4.8,-22.8,False
SKHYNIX,10.0,0.0,True,2026-06-05 06:10:00+00:00,2026-06-05 06:15:00+00:00,0.0,18.7,16.5,2.2,0.0,2.2,-22.8,-40.8,False
SKHYNIX,10.0,0.0,True,2026-06-08 00:10:00+00:00,2026-06-09 05:35:00+00:00,1.2,245.7,-102.5,348.2,75.7,423.9,398.9,380.9,False
SKHYNIX,10.0,0.0,True,2026-06-10 00:00:00+00:00,2026-06-11 00:00:00+00:00,1.0,54.8,115.9,-61.1,50.7,-10.4,-35.4,-53.4,False
SKHYNIX,10.0,0.0,True,2026-06-11 00:05:00+00:00,2026-06-12 00:00:00+00:00,1.0,136.8,113.2,23.6,34.4,58.0,33.0,15.0,False
SKHYNIX,10.0,0.0,True,2026-06-12 00:15:00+00:00,2026-06-15 00:00:00+00:00,3.0,103.7,145.0,-41.3,16.6,-24.7,-49.7,-67.7,False
SKHYNIX,10.0,0.0,True,2026-06-15 00:15:00+00:00,2026-06-16 00:00:00+00:00,1.0,167.7,20.1,147.7,44.0,191.6,166.6,148.6,False
SKHYNIX,10.0,0.0,True,2026-06-16 00:10:00+00:00,2026-06-22 00:00:00+00:00,6.0,49.2,172.7,-123.5,81.5,-42.0,-67.0,-85.0,False
SKHYNIX,10.0,0.0,True,2026-06-22 00:25:00+00:00,2026-06-23 00:00:00+00:00,1.0,156.0,122.2,33.9,40.3,74.2,49.2,31.2,False
SKHYNIX,10.0,0.0,True,2026-06-23 00:15:00+00:00,2026-06-25 00:00:00+00:00,2.0,148.7,102.6,46.0,74.3,120.4,95.4,77.4,False
SKHYNIX,10.0,0.0,True,2026-06-25 00:10:00+00:00,2026-06-25 03:20:00+00:00,0.1,106.4,-13.4,119.8,0.0,119.8,94.8,76.8,False
SKHYNIX,10.0,0.0,True,2026-06-25 05:15:00+00:00,2026-06-29 00:00:00+00:00,3.8,63.5,105.5,-42.0,44.7,2.6,-22.4,-40.4,False
SKHYNIX,10.0,0.0,True,2026-06-29 00:20:00+00:00,2026-06-30 00:00:00+00:00,1.0,85.4,75.2,10.2,18.2,28.4,3.4,-14.6,False
SKHYNIX,10.0,0.0,True,2026-06-30 00:15:00+00:00,2026-07-01 00:00:00+00:00,1.0,66.9,76.8,-9.9,9.1,-0.8,-25.8,-43.8,False
SKHYNIX,10.0,0.0,True,2026-07-01 00:20:00+00:00,2026-07-02 00:00:00+00:00,1.0,73.9,83.7,-9.8,-13.0,-22.9,-47.9,-65.9,False
SKHYNIX,10.0,0.0,True,2026-07-02 00:25:00+00:00,2026-07-03 05:35:00+00:00,1.2,111.7,-19.7,131.5,46.0,177.5,152.5,134.5,False
SKHYNIX,10.0,0.0,True,2026-07-06 00:40:00+00:00,2026-07-07 00:00:00+00:00,1.0,28.5,89.8,-61.2,24.7,-36.5,-61.5,-79.5,False
SKHYNIX,10.0,0.0,True,2026-07-07 00:40:00+00:00,2026-07-08 00:00:00+00:00,1.0,90.9,38.1,52.9,57.4,110.2,85.2,67.2,False
SKHYNIX,10.0,0.0,True,2026-07-08 00:30:00+00:00,2026-07-10 00:00:00+00:00,2.0,78.3,87.6,-9.3,121.5,112.2,87.2,69.2,False
SKHYNIX,10.0,0.0,True,2026-07-10 00:10:00+00:00,2026-07-13 00:00:00+00:00,3.0,141.7,109.5,32.2,31.5,63.7,38.7,20.7,False
SKHYNIX,10.0,0.0,True,2026-07-13 00:25:00+00:00,2026-07-15 01:10:00+00:00,2.0,103.5,-32.2,135.6,138.9,274.5,249.5,231.5,False
SKHYNIX,10.0,0.0,True,2026-07-15 05:25:00+00:00,2026-07-16 00:00:00+00:00,0.8,14.9,81.1,-66.2,-23.2,-89.4,-114.4,-132.4,False
SKHYNIX,10.0,0.0,True,2026-07-16 00:40:00+00:00,2026-07-20 00:00:00+00:00,4.0,67.7,33.7,34.0,-6.9,27.1,2.1,-15.9,False
SKHYNIX,10.0,0.0,True,2026-07-20 00:55:00+00:00,2026-07-22 00:00:00+00:00,2.0,20.3,24.2,-3.9,44.6,40.7,15.7,-2.3,False
SKHYNIX,10.0,0.0,True,2026-07-22 00:45:00+00:00,2026-07-24 00:00:00+00:00,2.0,19.1,3.7,15.4,11.0,26.4,1.4,-16.6,False
SKHYNIX,10.0,0.0,True,2026-07-24 00:30:00+00:00,2026-07-30 00:00:00+00:00,6.0,51.4,103.4,-52.1,112.5,60.4,35.4,17.4,False
SKHYNIX,10.0,0.0,True,2026-07-30 00:20:00+00:00,2026-07-31 00:50:00+00:00,1.0,77.5,20.7,56.8,97.2,154.0,129.0,111.0,False
SKHYNIX,10.0,0.0,True,2026-07-31 01:05:00+00:00,2026-07-31 04:55:00+00:00,0.2,-15.9,-34.1,18.2,0.0,18.2,-6.8,-24.8,False
SKHYNIX,10.0,0.0,True,2026-08-03 00:00:00+00:00,2026-08-03 00:15:00+00:00,0.0,-28.7,2.2,-30.9,3.9,-27.0,-52.0,-70.0,False
SKHYNIX,10.0,0.0,True,2026-08-03 01:00:00+00:00,2026-08-06 00:00:00+00:00,3.0,13.2,21.2,-8.0,38.0,30.0,5.0,-13.0,False
SKHYNIX,10.0,0.0,True,2026-08-06 00:30:00+00:00,2026-08-06 02:50:00+00:00,0.1,29.2,1.8,27.4,0.0,27.4,2.4,-15.6,False
SKHYNIX,10.0,0.0,True,2026-08-06 04:10:00+00:00,2026-08-07 00:00:00+00:00,0.8,17.5,0.0,17.5,13.8,31.3,6.3,-11.7,False
SKHYNIX,10.0,0.0,True,2026-08-07 00:25:00+00:00,2026-08-11 00:00:00+00:00,4.0,35.9,17.3,18.6,42.6,61.2,36.2,18.2,False
SKHYNIX,10.0,0.0,True,2026-08-11 00:25:00+00:00,2026-08-13 00:30:00+00:00,2.0,30.0,3.7,26.3,25.7,51.9,26.9,8.9,False
SKHYNIX,10.0,0.0,True,2026-08-14 00:40:00+00:00,2026-08-18 00:00:00+00:00,4.0,6.0,23.3,-17.2,8.0,-9.3,-34.3,-52.3,False
SKHYNIX,10.0,0.0,True,2026-08-18 02:35:00+00:00,2026-08-18 02:40:00+00:00,0.0,15.8,25.0,-9.2,0.0,-9.2,-34.2,-52.2,False
SKHYNIX,10.0,0.0,True,2026-08-18 02:45:00+00:00,2026-08-18 02:50:00+00:00,0.0,18.1,2.5,15.7,0.0,15.7,-9.3,-27.3,False
SKHYNIX,10.0,0.0,True,2026-08-18 02:55:00+00:00,2026-08-18 03:00:00+00:00,0.0,7.7,1.2,6.6,0.0,6.6,-18.4,-36.4,False
SKHYNIX,10.0,0.0,True,2026-08-18 03:05:00+00:00,2026-08-18 03:10:00+00:00,0.0,-1.7,7.9,-9.6,0.0,-9.6,-34.6,-52.6,False
SKHYNIX,10.0,0.0,True,2026-08-18 03:15:00+00:00,2026-08-18 03:20:00+00:00,0.0,29.5,28.1,1.4,0.0,1.4,-23.6,-41.6,False
SKHYNIX,10.0,0.0,True,2026-08-18 03:25:00+00:00,2026-08-18 03:30:00+00:00,0.0,7.7,12.6,-4.9,0.0,-4.9,-29.9,-47.9,False
SKHYNIX,10.0,0.0,True,2026-08-18 03:35:00+00:00,2026-08-18 03:40:00+00:00,0.0,16.6,19.4,-2.8,0.0,-2.8,-27.8,-45.8,False
SKHYNIX,10.0,0.0,True,2026-08-18 03:45:00+00:00,2026-08-18 03:50:00+00:00,0.0,3.9,8.9,-5.0,0.0,-5.0,-30.0,-48.0,False
SKHYNIX,10.0,0.0,True,2026-08-18 03:55:00+00:00,2026-08-18 04:00:00+00:00,0.0,6.9,11.3,-4.4,0.0,-4.4,-29.4,-47.4,False
SKHYNIX,10.0,0.0,True,2026-08-18 04:05:00+00:00,2026-08-18 04:10:00+00:00,0.0,8.3,6.7,1.7,0.0,1.7,-23.3,-41.3,False
SKHYNIX,10.0,0.0,True,2026-08-18 04:15:00+00:00,2026-08-18 04:20:00+00:00,0.0,9.0,7.1,1.8,0.0,1.8,-23.2,-41.2,False
SKHYNIX,10.0,0.0,True,2026-08-18 05:40:00+00:00,2026-08-18 05:45:00+00:00,0.0,19.0,7.7,11.3,0.0,11.3,-13.7,-31.7,False
SKHYNIX,10.0,0.0,True,2026-08-18 05:50:00+00:00,2026-08-18 05:55:00+00:00,0.0,8.0,3.6,4.4,0.0,4.4,-20.6,-38.6,False
SKHYNIX,10.0,0.0,True,2026-08-18 06:00:00+00:00,2026-08-18 06:05:00+00:00,0.0,8.5,14.4,-5.9,0.0,-5.9,-30.9,-48.9,False
SKHYNIX,10.0,0.0,True,2026-08-18 06:10:00+00:00,2026-08-18 06:15:00+00:00,0.0,0.8,5.5,-4.7,0.0,-4.7,-29.7,-47.7,False
SKHYNIX,10.0,0.0,True,2026-08-19 00:45:00+00:00,2026-08-19 04:10:00+00:00,0.1,17.1,0.9,16.1,0.6,16.7,-8.3,-26.3,False
SKHYNIX,10.0,-10.0,False,2026-06-02 03:00:00+00:00,2026-06-04 00:00:00+00:00,1.9,184.2,229.6,-45.4,32.2,-13.2,-38.2,-56.2,False
SKHYNIX,10.0,-10.0,False,2026-06-04 00:10:00+00:00,2026-06-05 00:00:00+00:00,1.0,244.9,166.9,78.0,62.4,140.4,115.4,97.4,False
SKHYNIX,10.0,-10.0,False,2026-06-05 00:20:00+00:00,2026-06-08 00:00:00+00:00,3.0,276.4,346.8,-70.4,14.2,-56.2,-81.2,-99.2,False
SKHYNIX,10.0,-10.0,False,2026-06-08 00:10:00+00:00,2026-06-09 05:40:00+00:00,1.2,245.7,-28.5,274.2,75.7,349.8,324.8,306.8,False
SKHYNIX,10.0,-10.0,False,2026-06-10 00:00:00+00:00,2026-06-12 00:00:00+00:00,2.0,54.8,113.2,-58.4,63.0,4.6,-20.4,-38.4,False
SKHYNIX,10.0,-10.0,False,2026-06-12 00:15:00+00:00,2026-06-15 00:00:00+00:00,3.0,103.7,145.0,-41.3,16.6,-24.7,-49.7,-67.7,False
SKHYNIX,10.0,-10.0,False,2026-06-15 00:15:00+00:00,2026-06-22 00:00:00+00:00,7.0,167.7,172.7,-5.0,124.0,119.1,94.1,76.1,False
SKHYNIX,10.0,-10.0,False,2026-06-22 00:25:00+00:00,2026-06-23 00:00:00+00:00,1.0,156.0,122.2,33.9,40.3,74.2,49.2,31.2,False
SKHYNIX,10.0,-10.0,False,2026-06-23 00:15:00+00:00,2026-06-25 04:20:00+00:00,2.2,148.7,-23.3,172.0,134.6,306.7,281.7,263.7,False
SKHYNIX,10.0,-10.0,False,2026-06-25 05:15:00+00:00,2026-06-29 00:00:00+00:00,3.8,63.5,105.5,-42.0,44.7,2.6,-22.4,-40.4,False
SKHYNIX,10.0,-10.0,False,2026-06-29 00:20:00+00:00,2026-07-01 00:00:00+00:00,2.0,85.4,76.8,8.6,27.3,35.9,10.9,-7.1,False
SKHYNIX,10.0,-10.0,False,2026-07-01 00:20:00+00:00,2026-07-02 00:00:00+00:00,1.0,73.9,83.7,-9.8,-13.0,-22.9,-47.9,-65.9,False
SKHYNIX,10.0,-10.0,False,2026-07-02 00:25:00+00:00,2026-07-06 00:00:00+00:00,4.0,111.7,62.7,49.0,53.9,103.0,78.0,60.0,False
SKHYNIX,10.0,-10.0,False,2026-07-06 00:40:00+00:00,2026-07-07 00:00:00+00:00,1.0,28.5,89.8,-61.2,24.7,-36.5,-61.5,-79.5,False
SKHYNIX,10.0,-10.0,False,2026-07-07 00:40:00+00:00,2026-07-08 00:00:00+00:00,1.0,90.9,38.1,52.9,57.4,110.2,85.2,67.2,False
SKHYNIX,10.0,-10.0,False,2026-07-08 00:30:00+00:00,2026-07-10 00:00:00+00:00,2.0,78.3,87.6,-9.3,121.5,112.2,87.2,69.2,False
SKHYNIX,10.0,-10.0,False,2026-07-10 00:10:00+00:00,2026-07-13 00:00:00+00:00,3.0,141.7,109.5,32.2,31.5,63.7,38.7,20.7,False
SKHYNIX,10.0,-10.0,False,2026-07-13 00:25:00+00:00,2026-07-15 01:25:00+00:00,2.0,103.5,-24.7,128.1,138.9,267.0,242.0,224.0,False
SKHYNIX,10.0,-10.0,False,2026-07-15 05:25:00+00:00,2026-07-16 00:00:00+00:00,0.8,14.9,81.1,-66.2,-23.2,-89.4,-114.4,-132.4,False
SKHYNIX,10.0,-10.0,False,2026-07-16 00:40:00+00:00,2026-07-20 00:00:00+00:00,4.0,67.7,33.7,34.0,-6.9,27.1,2.1,-15.9,False
SKHYNIX,10.0,-10.0,False,2026-07-20 00:55:00+00:00,2026-07-30 00:00:00+00:00,10.0,20.3,103.4,-83.2,168.1,84.9,59.9,41.9,False
SKHYNIX,10.0,-10.0,False,2026-07-30 00:20:00+00:00,2026-07-31 05:05:00+00:00,1.2,77.5,-72.7,150.1,97.2,247.4,222.4,204.4,False
SKHYNIX,10.0,-10.0,False,2026-08-03 00:00:00+00:00,2026-08-07 00:00:00+00:00,4.0,-28.7,0.0,-28.7,57.4,28.8,3.8,-14.2,False
SKHYNIX,10.0,-10.0,False,2026-08-07 00:25:00+00:00,2026-08-11 00:00:00+00:00,4.0,35.9,17.3,18.6,42.6,61.2,36.2,18.2,False
SKHYNIX,10.0,-10.0,False,2026-08-11 00:25:00+00:00,2026-08-13 03:55:00+00:00,2.1,30.0,-19.2,49.1,25.7,74.8,49.8,31.8,False
SKHYNIX,10.0,-10.0,False,2026-08-14 00:40:00+00:00,2026-08-18 00:00:00+00:00,4.0,6.0,23.3,-17.2,8.0,-9.3,-34.3,-52.3,False
SKHYNIX,10.0,-10.0,False,2026-08-18 02:35:00+00:00,2026-08-20 00:40:00+00:00,1.9,15.8,-19.3,35.1,31.4,66.4,41.4,23.4,False
SKHYNIX,10.0,-10.0,True,2026-06-02 03:00:00+00:00,2026-06-04 00:00:00+00:00,1.9,184.2,229.6,-45.4,32.2,-13.2,-38.2,-56.2,False
SKHYNIX,10.0,-10.0,True,2026-06-04 00:10:00+00:00,2026-06-05 00:00:00+00:00,1.0,244.9,166.9,78.0,62.4,140.4,115.4,97.4,False
SKHYNIX,10.0,-10.0,True,2026-06-05 00:20:00+00:00,2026-06-05 00:25:00+00:00,0.0,276.4,236.8,39.6,0.0,39.6,14.6,-3.4,False
SKHYNIX,10.0,-10.0,True,2026-06-05 00:30:00+00:00,2026-06-05 00:35:00+00:00,0.0,221.2,220.2,1.0,0.0,1.0,-24.0,-42.0,False
SKHYNIX,10.0,-10.0,True,2026-06-05 00:40:00+00:00,2026-06-05 00:45:00+00:00,0.0,270.2,270.8,-0.6,0.0,-0.6,-25.6,-43.6,False
SKHYNIX,10.0,-10.0,True,2026-06-05 00:50:00+00:00,2026-06-05 00:55:00+00:00,0.0,245.4,235.3,10.1,0.0,10.1,-14.9,-32.9,False
SKHYNIX,10.0,-10.0,True,2026-06-05 01:00:00+00:00,2026-06-05 01:05:00+00:00,0.0,227.0,246.7,-19.7,0.0,-19.7,-44.7,-62.7,False
SKHYNIX,10.0,-10.0,True,2026-06-05 01:10:00+00:00,2026-06-05 01:15:00+00:00,0.0,246.5,227.9,18.6,0.0,18.6,-6.4,-24.4,False
SKHYNIX,10.0,-10.0,True,2026-06-05 01:20:00+00:00,2026-06-05 01:25:00+00:00,0.0,224.8,222.9,2.0,0.0,2.0,-23.0,-41.0,False
SKHYNIX,10.0,-10.0,True,2026-06-05 01:30:00+00:00,2026-06-05 01:35:00+00:00,0.0,202.0,164.3,37.7,0.0,37.7,12.7,-5.3,False
SKHYNIX,10.0,-10.0,True,2026-06-05 01:40:00+00:00,2026-06-05 01:45:00+00:00,0.0,165.4,180.2,-14.8,0.0,-14.8,-39.8,-57.8,False
SKHYNIX,10.0,-10.0,True,2026-06-05 01:50:00+00:00,2026-06-05 01:55:00+00:00,0.0,165.2,155.2,9.9,0.0,9.9,-15.1,-33.1,False
SKHYNIX,10.0,-10.0,True,2026-06-05 02:00:00+00:00,2026-06-05 02:05:00+00:00,0.0,155.0,135.4,19.6,0.0,19.6,-5.4,-23.4,False
SKHYNIX,10.0,-10.0,True,2026-06-05 02:10:00+00:00,2026-06-05 02:15:00+00:00,0.0,178.3,102.1,76.3,0.0,76.3,51.3,33.3,False
SKHYNIX,10.0,-10.0,True,2026-06-05 02:20:00+00:00,2026-06-05 02:25:00+00:00,0.0,107.8,73.3,34.5,0.0,34.5,9.5,-8.5,False
SKHYNIX,10.0,-10.0,True,2026-06-05 02:30:00+00:00,2026-06-05 02:35:00+00:00,0.0,56.1,69.1,-13.0,0.0,-13.0,-38.0,-56.0,False
SKHYNIX,10.0,-10.0,True,2026-06-05 02:40:00+00:00,2026-06-05 02:45:00+00:00,0.0,46.6,49.2,-2.6,0.0,-2.6,-27.6,-45.6,False
SKHYNIX,10.0,-10.0,True,2026-06-05 02:50:00+00:00,2026-06-05 02:55:00+00:00,0.0,62.5,63.1,-0.7,0.0,-0.7,-25.7,-43.7,False
SKHYNIX,10.0,-10.0,True,2026-06-05 03:00:00+00:00,2026-06-05 03:05:00+00:00,0.0,57.0,55.1,1.9,0.0,1.9,-23.1,-41.1,False
SKHYNIX,10.0,-10.0,True,2026-06-05 03:10:00+00:00,2026-06-05 03:15:00+00:00,0.0,69.8,65.9,4.0,0.0,4.0,-21.0,-39.0,False
SKHYNIX,10.0,-10.0,True,2026-06-05 03:20:00+00:00,2026-06-05 03:25:00+00:00,0.0,63.3,113.8,-50.5,0.0,-50.5,-75.5,-93.5,False
SKHYNIX,10.0,-10.0,True,2026-06-05 03:30:00+00:00,2026-06-05 03:35:00+00:00,0.0,63.8,84.2,-20.4,0.0,-20.4,-45.4,-63.4,False
SKHYNIX,10.0,-10.0,True,2026-06-05 03:40:00+00:00,2026-06-05 03:45:00+00:00,0.0,5.9,0.0,5.9,0.0,5.9,-19.1,-37.1,False
SKHYNIX,10.0,-10.0,True,2026-06-05 03:50:00+00:00,2026-06-05 03:55:00+00:00,0.0,-30.7,-44.6,13.9,0.0,13.9,-11.1,-29.1,False
SKHYNIX,10.0,-10.0,True,2026-06-05 04:00:00+00:00,2026-06-05 04:05:00+00:00,0.0,31.2,34.9,-3.7,0.0,-3.7,-28.7,-46.7,False
SKHYNIX,10.0,-10.0,True,2026-06-05 04:10:00+00:00,2026-06-05 04:15:00+00:00,0.0,7.9,35.9,-28.1,0.0,-28.1,-53.1,-71.1,False
SKHYNIX,10.0,-10.0,True,2026-06-05 04:20:00+00:00,2026-06-05 04:25:00+00:00,0.0,25.4,51.4,-26.0,0.0,-26.0,-51.0,-69.0,False
SKHYNIX,10.0,-10.0,True,2026-06-05 04:30:00+00:00,2026-06-05 04:35:00+00:00,0.0,45.6,53.6,-8.0,0.0,-8.0,-33.0,-51.0,False
SKHYNIX,10.0,-10.0,True,2026-06-05 04:40:00+00:00,2026-06-05 04:45:00+00:00,0.0,59.5,60.2,-0.7,0.0,-0.7,-25.7,-43.7,False
SKHYNIX,10.0,-10.0,True,2026-06-05 04:50:00+00:00,2026-06-05 04:55:00+00:00,0.0,63.0,55.6,7.4,0.0,7.4,-17.6,-35.6,False
SKHYNIX,10.0,-10.0,True,2026-06-05 05:00:00+00:00,2026-06-05 05:05:00+00:00,0.0,55.9,61.5,-5.6,0.0,-5.6,-30.6,-48.6,False
SKHYNIX,10.0,-10.0,True,2026-06-05 05:10:00+00:00,2026-06-05 05:15:00+00:00,0.0,56.9,69.1,-12.2,0.0,-12.2,-37.2,-55.2,False
SKHYNIX,10.0,-10.0,True,2026-06-05 05:20:00+00:00,2026-06-05 05:25:00+00:00,0.0,75.7,69.1,6.6,0.0,6.6,-18.4,-36.4,False
SKHYNIX,10.0,-10.0,True,2026-06-05 05:30:00+00:00,2026-06-05 05:35:00+00:00,0.0,56.2,61.5,-5.3,0.0,-5.3,-30.3,-48.3,False
SKHYNIX,10.0,-10.0,True,2026-06-05 05:40:00+00:00,2026-06-05 05:45:00+00:00,0.0,63.7,69.4,-5.7,0.0,-5.7,-30.7,-48.7,False
SKHYNIX,10.0,-10.0,True,2026-06-05 05:50:00+00:00,2026-06-05 05:55:00+00:00,0.0,68.3,57.6,10.8,0.0,10.8,-14.2,-32.2,False
SKHYNIX,10.0,-10.0,True,2026-06-05 06:00:00+00:00,2026-06-05 06:05:00+00:00,0.0,38.6,18.4,20.2,0.0,20.2,-4.8,-22.8,False
SKHYNIX,10.0,-10.0,True,2026-06-05 06:10:00+00:00,2026-06-05 06:15:00+00:00,0.0,18.7,16.5,2.2,0.0,2.2,-22.8,-40.8,False
SKHYNIX,10.0,-10.0,True,2026-06-08 00:10:00+00:00,2026-06-09 05:40:00+00:00,1.2,245.7,-28.5,274.2,75.7,349.8,324.8,306.8,False
SKHYNIX,10.0,-10.0,True,2026-06-10 00:00:00+00:00,2026-06-12 00:00:00+00:00,2.0,54.8,113.2,-58.4,63.0,4.6,-20.4,-38.4,False
SKHYNIX,10.0,-10.0,True,2026-06-12 00:15:00+00:00,2026-06-15 00:00:00+00:00,3.0,103.7,145.0,-41.3,16.6,-24.7,-49.7,-67.7,False
SKHYNIX,10.0,-10.0,True,2026-06-15 00:15:00+00:00,2026-06-22 00:00:00+00:00,7.0,167.7,172.7,-5.0,124.0,119.1,94.1,76.1,False
SKHYNIX,10.0,-10.0,True,2026-06-22 00:25:00+00:00,2026-06-23 00:00:00+00:00,1.0,156.0,122.2,33.9,40.3,74.2,49.2,31.2,False
SKHYNIX,10.0,-10.0,True,2026-06-23 00:15:00+00:00,2026-06-25 04:20:00+00:00,2.2,148.7,-23.3,172.0,134.6,306.7,281.7,263.7,False
SKHYNIX,10.0,-10.0,True,2026-06-25 05:15:00+00:00,2026-06-29 00:00:00+00:00,3.8,63.5,105.5,-42.0,44.7,2.6,-22.4,-40.4,False
SKHYNIX,10.0,-10.0,True,2026-06-29 00:20:00+00:00,2026-07-01 00:00:00+00:00,2.0,85.4,76.8,8.6,27.3,35.9,10.9,-7.1,False
SKHYNIX,10.0,-10.0,True,2026-07-01 00:20:00+00:00,2026-07-02 00:00:00+00:00,1.0,73.9,83.7,-9.8,-13.0,-22.9,-47.9,-65.9,False
SKHYNIX,10.0,-10.0,True,2026-07-02 00:25:00+00:00,2026-07-06 00:00:00+00:00,4.0,111.7,62.7,49.0,53.9,103.0,78.0,60.0,False
SKHYNIX,10.0,-10.0,True,2026-07-06 00:40:00+00:00,2026-07-07 00:00:00+00:00,1.0,28.5,89.8,-61.2,24.7,-36.5,-61.5,-79.5,False
SKHYNIX,10.0,-10.0,True,2026-07-07 00:40:00+00:00,2026-07-08 00:00:00+00:00,1.0,90.9,38.1,52.9,57.4,110.2,85.2,67.2,False
SKHYNIX,10.0,-10.0,True,2026-07-08 00:30:00+00:00,2026-07-10 00:00:00+00:00,2.0,78.3,87.6,-9.3,121.5,112.2,87.2,69.2,False
SKHYNIX,10.0,-10.0,True,2026-07-10 00:10:00+00:00,2026-07-13 00:00:00+00:00,3.0,141.7,109.5,32.2,31.5,63.7,38.7,20.7,False
SKHYNIX,10.0,-10.0,True,2026-07-13 00:25:00+00:00,2026-07-15 01:25:00+00:00,2.0,103.5,-24.7,128.1,138.9,267.0,242.0,224.0,False
SKHYNIX,10.0,-10.0,True,2026-07-15 05:25:00+00:00,2026-07-16 00:00:00+00:00,0.8,14.9,81.1,-66.2,-23.2,-89.4,-114.4,-132.4,False
SKHYNIX,10.0,-10.0,True,2026-07-16 00:40:00+00:00,2026-07-20 00:00:00+00:00,4.0,67.7,33.7,34.0,-6.9,27.1,2.1,-15.9,False
SKHYNIX,10.0,-10.0,True,2026-07-20 00:55:00+00:00,2026-07-30 00:00:00+00:00,10.0,20.3,103.4,-83.2,168.1,84.9,59.9,41.9,False
SKHYNIX,10.0,-10.0,True,2026-07-30 00:20:00+00:00,2026-07-31 05:05:00+00:00,1.2,77.5,-72.7,150.1,97.2,247.4,222.4,204.4,False
SKHYNIX,10.0,-10.0,True,2026-08-03 00:00:00+00:00,2026-08-07 00:00:00+00:00,4.0,-28.7,0.0,-28.7,57.4,28.8,3.8,-14.2,False
SKHYNIX,10.0,-10.0,True,2026-08-07 00:25:00+00:00,2026-08-11 00:00:00+00:00,4.0,35.9,17.3,18.6,42.6,61.2,36.2,18.2,False
SKHYNIX,10.0,-10.0,True,2026-08-11 00:25:00+00:00,2026-08-13 03:55:00+00:00,2.1,30.0,-19.2,49.1,25.7,74.8,49.8,31.8,False
SKHYNIX,10.0,-10.0,True,2026-08-14 00:40:00+00:00,2026-08-18 00:00:00+00:00,4.0,6.0,23.3,-17.2,8.0,-9.3,-34.3,-52.3,False
SKHYNIX,10.0,-10.0,True,2026-08-18 02:35:00+00:00,2026-08-18 02:40:00+00:00,0.0,15.8,25.0,-9.2,0.0,-9.2,-34.2,-52.2,False
SKHYNIX,10.0,-10.0,True,2026-08-18 02:45:00+00:00,2026-08-18 02:50:00+00:00,0.0,18.1,2.5,15.7,0.0,15.7,-9.3,-27.3,False
SKHYNIX,10.0,-10.0,True,2026-08-18 02:55:00+00:00,2026-08-18 03:00:00+00:00,0.0,7.7,1.2,6.6,0.0,6.6,-18.4,-36.4,False
SKHYNIX,10.0,-10.0,True,2026-08-18 03:05:00+00:00,2026-08-18 03:10:00+00:00,0.0,-1.7,7.9,-9.6,0.0,-9.6,-34.6,-52.6,False
SKHYNIX,10.0,-10.0,True,2026-08-18 03:15:00+00:00,2026-08-18 03:20:00+00:00,0.0,29.5,28.1,1.4,0.0,1.4,-23.6,-41.6,False
SKHYNIX,10.0,-10.0,True,2026-08-18 03:25:00+00:00,2026-08-18 03:30:00+00:00,0.0,7.7,12.6,-4.9,0.0,-4.9,-29.9,-47.9,False
SKHYNIX,10.0,-10.0,True,2026-08-18 03:35:00+00:00,2026-08-18 03:40:00+00:00,0.0,16.6,19.4,-2.8,0.0,-2.8,-27.8,-45.8,False
SKHYNIX,10.0,-10.0,True,2026-08-18 03:45:00+00:00,2026-08-18 03:50:00+00:00,0.0,3.9,8.9,-5.0,0.0,-5.0,-30.0,-48.0,False
SKHYNIX,10.0,-10.0,True,2026-08-18 03:55:00+00:00,2026-08-18 04:00:00+00:00,0.0,6.9,11.3,-4.4,0.0,-4.4,-29.4,-47.4,False
SKHYNIX,10.0,-10.0,True,2026-08-18 04:05:00+00:00,2026-08-18 04:10:00+00:00,0.0,8.3,6.7,1.7,0.0,1.7,-23.3,-41.3,False
SKHYNIX,10.0,-10.0,True,2026-08-18 04:15:00+00:00,2026-08-18 04:20:00+00:00,0.0,9.0,7.1,1.8,0.0,1.8,-23.2,-41.2,False
SKHYNIX,10.0,-10.0,True,2026-08-18 05:40:00+00:00,2026-08-18 05:45:00+00:00,0.0,19.0,7.7,11.3,0.0,11.3,-13.7,-31.7,False
SKHYNIX,10.0,-10.0,True,2026-08-18 05:50:00+00:00,2026-08-18 05:55:00+00:00,0.0,8.0,3.6,4.4,0.0,4.4,-20.6,-38.6,False
SKHYNIX,10.0,-10.0,True,2026-08-18 06:00:00+00:00,2026-08-18 06:05:00+00:00,0.0,8.5,14.4,-5.9,0.0,-5.9,-30.9,-48.9,False
SKHYNIX,10.0,-10.0,True,2026-08-18 06:10:00+00:00,2026-08-18 06:15:00+00:00,0.0,0.8,5.5,-4.7,0.0,-4.7,-29.7,-47.7,False
SKHYNIX,10.0,-10.0,True,2026-08-19 00:45:00+00:00,2026-08-20 00:40:00+00:00,1.0,17.1,-19.3,36.4,41.5,77.8,52.8,34.8,False
SKHYNIX,20.0,0.0,False,2026-06-02 03:05:00+00:00,2026-06-04 00:00:00+00:00,1.9,152.7,229.6,-76.9,32.2,-44.7,-69.7,-87.7,False
SKHYNIX,20.0,0.0,False,2026-06-04 00:10:00+00:00,2026-06-05 00:00:00+00:00,1.0,244.9,166.9,78.0,62.4,140.4,115.4,97.4,False
SKHYNIX,20.0,0.0,False,2026-06-05 00:25:00+00:00,2026-06-08 00:00:00+00:00,3.0,236.8,346.8,-110.0,14.2,-95.8,-120.8,-138.8,False
SKHYNIX,20.0,0.0,False,2026-06-08 00:10:00+00:00,2026-06-09 05:35:00+00:00,1.2,245.7,-102.5,348.2,75.7,423.9,398.9,380.9,False
SKHYNIX,20.0,0.0,False,2026-06-10 00:00:00+00:00,2026-06-11 00:00:00+00:00,1.0,54.8,115.9,-61.1,50.7,-10.4,-35.4,-53.4,False
SKHYNIX,20.0,0.0,False,2026-06-11 00:10:00+00:00,2026-06-12 00:00:00+00:00,1.0,93.6,113.2,-19.6,34.4,14.8,-10.2,-28.2,False
SKHYNIX,20.0,0.0,False,2026-06-12 00:15:00+00:00,2026-06-15 00:00:00+00:00,3.0,103.7,145.0,-41.3,16.6,-24.7,-49.7,-67.7,False
SKHYNIX,20.0,0.0,False,2026-06-15 00:15:00+00:00,2026-06-16 00:00:00+00:00,1.0,167.7,20.1,147.7,44.0,191.6,166.6,148.6,False
SKHYNIX,20.0,0.0,False,2026-06-16 00:25:00+00:00,2026-06-22 00:00:00+00:00,6.0,45.5,172.7,-127.3,81.5,-45.7,-70.7,-88.7,False
SKHYNIX,20.0,0.0,False,2026-06-22 00:25:00+00:00,2026-06-23 00:00:00+00:00,1.0,156.0,122.2,33.9,40.3,74.2,49.2,31.2,False
SKHYNIX,20.0,0.0,False,2026-06-23 00:15:00+00:00,2026-06-25 00:00:00+00:00,2.0,148.7,102.6,46.0,74.3,120.4,95.4,77.4,False
SKHYNIX,20.0,0.0,False,2026-06-25 00:15:00+00:00,2026-06-25 03:20:00+00:00,0.1,89.3,-13.4,102.7,0.0,102.7,77.7,59.7,False
SKHYNIX,20.0,0.0,False,2026-06-25 05:30:00+00:00,2026-06-29 00:00:00+00:00,3.8,-2.3,105.5,-107.8,44.7,-63.1,-88.1,-106.1,False
SKHYNIX,20.0,0.0,False,2026-06-29 00:25:00+00:00,2026-06-30 00:00:00+00:00,1.0,76.9,75.2,1.6,18.2,19.8,-5.2,-23.2,False
SKHYNIX,20.0,0.0,False,2026-06-30 00:20:00+00:00,2026-07-01 00:00:00+00:00,1.0,86.7,76.8,9.9,9.1,19.0,-6.0,-24.0,False
SKHYNIX,20.0,0.0,False,2026-07-01 00:25:00+00:00,2026-07-02 00:00:00+00:00,1.0,82.0,83.7,-1.7,-13.0,-14.7,-39.7,-57.7,False
SKHYNIX,20.0,0.0,False,2026-07-02 00:25:00+00:00,2026-07-03 05:35:00+00:00,1.2,111.7,-19.7,131.5,46.0,177.5,152.5,134.5,False
SKHYNIX,20.0,0.0,False,2026-07-06 00:45:00+00:00,2026-07-07 00:00:00+00:00,1.0,26.0,89.8,-63.8,24.7,-39.0,-64.0,-82.0,False
SKHYNIX,20.0,0.0,False,2026-07-07 00:40:00+00:00,2026-07-08 00:00:00+00:00,1.0,90.9,38.1,52.9,57.4,110.2,85.2,67.2,False
SKHYNIX,20.0,0.0,False,2026-07-08 00:35:00+00:00,2026-07-10 00:00:00+00:00,2.0,79.5,87.6,-8.1,121.5,113.3,88.3,70.3,False
SKHYNIX,20.0,0.0,False,2026-07-10 00:15:00+00:00,2026-07-13 00:00:00+00:00,3.0,139.4,109.5,29.9,31.5,61.4,36.4,18.4,False
SKHYNIX,20.0,0.0,False,2026-07-13 00:30:00+00:00,2026-07-15 01:10:00+00:00,2.0,122.2,-32.2,154.3,138.9,293.2,268.2,250.2,False
SKHYNIX,20.0,0.0,False,2026-07-16 00:45:00+00:00,2026-07-20 00:00:00+00:00,4.0,109.9,33.7,76.2,-6.9,69.3,44.3,26.3,False
SKHYNIX,20.0,0.0,False,2026-07-20 01:30:00+00:00,2026-07-22 00:00:00+00:00,1.9,37.0,24.2,12.8,44.6,57.4,32.4,14.4,False
SKHYNIX,20.0,0.0,False,2026-07-22 05:25:00+00:00,2026-07-24 00:00:00+00:00,1.8,39.8,3.7,36.2,7.6,43.8,18.8,0.8,False
SKHYNIX,20.0,0.0,False,2026-07-24 00:40:00+00:00,2026-07-30 00:00:00+00:00,6.0,54.3,103.4,-49.1,112.5,63.3,38.3,20.3,False
SKHYNIX,20.0,0.0,False,2026-07-30 00:25:00+00:00,2026-07-31 00:50:00+00:00,1.0,113.8,20.7,93.1,97.2,190.4,165.4,147.4,False
SKHYNIX,20.0,0.0,False,2026-07-31 02:20:00+00:00,2026-07-31 04:55:00+00:00,0.1,12.7,-34.1,46.8,0.0,46.8,21.8,3.8,False
SKHYNIX,20.0,0.0,False,2026-08-03 00:00:00+00:00,2026-08-03 00:15:00+00:00,0.0,-28.7,2.2,-30.9,3.9,-27.0,-52.0,-70.0,False
SKHYNIX,20.0,0.0,False,2026-08-04 00:25:00+00:00,2026-08-06 00:00:00+00:00,2.0,28.4,21.2,7.2,32.8,40.0,15.0,-3.0,False
SKHYNIX,20.0,0.0,False,2026-08-06 00:45:00+00:00,2026-08-06 02:50:00+00:00,0.1,29.7,1.8,27.9,0.0,27.9,2.9,-15.1,False
SKHYNIX,20.0,0.0,False,2026-08-06 04:40:00+00:00,2026-08-07 00:00:00+00:00,0.8,31.3,0.0,31.3,13.8,45.1,20.1,2.1,False
SKHYNIX,20.0,0.0,False,2026-08-07 00:40:00+00:00,2026-08-11 00:00:00+00:00,4.0,13.3,17.3,-4.0,42.6,38.6,13.6,-4.4,False
SKHYNIX,20.0,0.0,False,2026-08-11 00:35:00+00:00,2026-08-13 00:30:00+00:00,2.0,39.5,3.7,35.9,25.7,61.5,36.5,18.5,False
SKHYNIX,20.0,0.0,False,2026-08-14 01:15:00+00:00,2026-08-18 00:00:00+00:00,3.9,46.3,23.3,23.0,8.0,31.0,6.0,-12.0,False
SKHYNIX,20.0,0.0,True,2026-06-02 03:05:00+00:00,2026-06-04 00:00:00+00:00,1.9,152.7,229.6,-76.9,32.2,-44.7,-69.7,-87.7,False
SKHYNIX,20.0,0.0,True,2026-06-04 00:10:00+00:00,2026-06-05 00:00:00+00:00,1.0,244.9,166.9,78.0,62.4,140.4,115.4,97.4,False
SKHYNIX,20.0,0.0,True,2026-06-05 00:25:00+00:00,2026-06-05 00:30:00+00:00,0.0,236.8,221.2,15.6,0.0,15.6,-9.4,-27.4,False
SKHYNIX,20.0,0.0,True,2026-06-05 00:35:00+00:00,2026-06-05 00:40:00+00:00,0.0,220.2,270.2,-50.0,0.0,-50.0,-75.0,-93.0,False
SKHYNIX,20.0,0.0,True,2026-06-05 00:45:00+00:00,2026-06-05 00:50:00+00:00,0.0,270.8,245.4,25.4,0.0,25.4,0.4,-17.6,False
SKHYNIX,20.0,0.0,True,2026-06-05 00:55:00+00:00,2026-06-05 01:00:00+00:00,0.0,235.3,227.0,8.3,0.0,8.3,-16.7,-34.7,False
SKHYNIX,20.0,0.0,True,2026-06-05 01:05:00+00:00,2026-06-05 01:10:00+00:00,0.0,246.7,246.5,0.3,0.0,0.3,-24.7,-42.7,False
SKHYNIX,20.0,0.0,True,2026-06-05 01:15:00+00:00,2026-06-05 01:20:00+00:00,0.0,227.9,224.8,3.1,0.0,3.1,-21.9,-39.9,False
SKHYNIX,20.0,0.0,True,2026-06-05 01:25:00+00:00,2026-06-05 01:30:00+00:00,0.0,222.9,202.0,20.8,0.0,20.8,-4.2,-22.2,False
SKHYNIX,20.0,0.0,True,2026-06-05 01:35:00+00:00,2026-06-05 01:40:00+00:00,0.0,164.3,165.4,-1.1,0.0,-1.1,-26.1,-44.1,False
SKHYNIX,20.0,0.0,True,2026-06-05 01:45:00+00:00,2026-06-05 01:50:00+00:00,0.0,180.2,165.2,15.0,0.0,15.0,-10.0,-28.0,False
SKHYNIX,20.0,0.0,True,2026-06-05 01:55:00+00:00,2026-06-05 02:00:00+00:00,0.0,155.2,155.0,0.2,0.0,0.2,-24.8,-42.8,False
SKHYNIX,20.0,0.0,True,2026-06-05 02:05:00+00:00,2026-06-05 02:10:00+00:00,0.0,135.4,178.3,-42.9,0.0,-42.9,-67.9,-85.9,False
SKHYNIX,20.0,0.0,True,2026-06-05 02:15:00+00:00,2026-06-05 02:20:00+00:00,0.0,102.1,107.8,-5.7,0.0,-5.7,-30.7,-48.7,False
SKHYNIX,20.0,0.0,True,2026-06-05 02:25:00+00:00,2026-06-05 02:30:00+00:00,0.0,73.3,56.1,17.2,0.0,17.2,-7.8,-25.8,False
SKHYNIX,20.0,0.0,True,2026-06-05 02:35:00+00:00,2026-06-05 02:40:00+00:00,0.0,69.1,46.6,22.5,0.0,22.5,-2.5,-20.5,False
SKHYNIX,20.0,0.0,True,2026-06-05 02:45:00+00:00,2026-06-05 02:50:00+00:00,0.0,49.2,62.5,-13.3,0.0,-13.3,-38.3,-56.3,False
SKHYNIX,20.0,0.0,True,2026-06-05 02:55:00+00:00,2026-06-05 03:00:00+00:00,0.0,63.1,57.0,6.1,0.0,6.1,-18.9,-36.9,False
SKHYNIX,20.0,0.0,True,2026-06-05 03:05:00+00:00,2026-06-05 03:10:00+00:00,0.0,55.1,69.8,-14.7,0.0,-14.7,-39.7,-57.7,False
SKHYNIX,20.0,0.0,True,2026-06-05 03:15:00+00:00,2026-06-05 03:20:00+00:00,0.0,65.9,63.3,2.5,0.0,2.5,-22.5,-40.5,False
SKHYNIX,20.0,0.0,True,2026-06-05 03:25:00+00:00,2026-06-05 03:30:00+00:00,0.0,113.8,63.8,50.0,0.0,50.0,25.0,7.0,False
SKHYNIX,20.0,0.0,True,2026-06-05 03:35:00+00:00,2026-06-05 03:40:00+00:00,0.0,84.2,5.9,78.3,0.0,78.3,53.3,35.3,False
SKHYNIX,20.0,0.0,True,2026-06-05 03:45:00+00:00,2026-06-05 03:50:00+00:00,0.0,0.0,-30.7,30.7,0.0,30.7,5.7,-12.3,False
SKHYNIX,20.0,0.0,True,2026-06-05 03:55:00+00:00,2026-06-05 04:00:00+00:00,0.0,-44.6,31.2,-75.9,0.0,-75.9,-100.9,-118.9,False
SKHYNIX,20.0,0.0,True,2026-06-05 04:05:00+00:00,2026-06-05 04:10:00+00:00,0.0,34.9,7.9,27.1,0.0,27.1,2.1,-15.9,False
SKHYNIX,20.0,0.0,True,2026-06-05 04:15:00+00:00,2026-06-05 04:20:00+00:00,0.0,35.9,25.4,10.6,0.0,10.6,-14.4,-32.4,False
SKHYNIX,20.0,0.0,True,2026-06-05 04:25:00+00:00,2026-06-05 04:30:00+00:00,0.0,51.4,45.6,5.7,0.0,5.7,-19.3,-37.3,False
SKHYNIX,20.0,0.0,True,2026-06-05 04:40:00+00:00,2026-06-05 04:45:00+00:00,0.0,59.5,60.2,-0.7,0.0,-0.7,-25.7,-43.7,False
SKHYNIX,20.0,0.0,True,2026-06-05 04:50:00+00:00,2026-06-05 04:55:00+00:00,0.0,63.0,55.6,7.4,0.0,7.4,-17.6,-35.6,False
SKHYNIX,20.0,0.0,True,2026-06-05 05:00:00+00:00,2026-06-05 05:05:00+00:00,0.0,55.9,61.5,-5.6,0.0,-5.6,-30.6,-48.6,False
SKHYNIX,20.0,0.0,True,2026-06-05 05:10:00+00:00,2026-06-05 05:15:00+00:00,0.0,56.9,69.1,-12.2,0.0,-12.2,-37.2,-55.2,False
SKHYNIX,20.0,0.0,True,2026-06-05 05:20:00+00:00,2026-06-05 05:25:00+00:00,0.0,75.7,69.1,6.6,0.0,6.6,-18.4,-36.4,False
SKHYNIX,20.0,0.0,True,2026-06-05 05:30:00+00:00,2026-06-05 05:35:00+00:00,0.0,56.2,61.5,-5.3,0.0,-5.3,-30.3,-48.3,False
SKHYNIX,20.0,0.0,True,2026-06-05 05:40:00+00:00,2026-06-05 05:45:00+00:00,0.0,63.7,69.4,-5.7,0.0,-5.7,-30.7,-48.7,False
SKHYNIX,20.0,0.0,True,2026-06-05 05:50:00+00:00,2026-06-05 05:55:00+00:00,0.0,68.3,57.6,10.8,0.0,10.8,-14.2,-32.2,False
SKHYNIX,20.0,0.0,True,2026-06-05 06:00:00+00:00,2026-06-05 06:05:00+00:00,0.0,38.6,18.4,20.2,0.0,20.2,-4.8,-22.8,False
SKHYNIX,20.0,0.0,True,2026-06-05 06:10:00+00:00,2026-06-05 06:15:00+00:00,0.0,18.7,16.5,2.2,0.0,2.2,-22.8,-40.8,False
SKHYNIX,20.0,0.0,True,2026-06-08 00:10:00+00:00,2026-06-09 05:35:00+00:00,1.2,245.7,-102.5,348.2,75.7,423.9,398.9,380.9,False
SKHYNIX,20.0,0.0,True,2026-06-10 00:00:00+00:00,2026-06-11 00:00:00+00:00,1.0,54.8,115.9,-61.1,50.7,-10.4,-35.4,-53.4,False
SKHYNIX,20.0,0.0,True,2026-06-11 00:10:00+00:00,2026-06-12 00:00:00+00:00,1.0,93.6,113.2,-19.6,34.4,14.8,-10.2,-28.2,False
SKHYNIX,20.0,0.0,True,2026-06-12 00:15:00+00:00,2026-06-15 00:00:00+00:00,3.0,103.7,145.0,-41.3,16.6,-24.7,-49.7,-67.7,False
SKHYNIX,20.0,0.0,True,2026-06-15 00:15:00+00:00,2026-06-16 00:00:00+00:00,1.0,167.7,20.1,147.7,44.0,191.6,166.6,148.6,False
SKHYNIX,20.0,0.0,True,2026-06-16 00:25:00+00:00,2026-06-22 00:00:00+00:00,6.0,45.5,172.7,-127.3,81.5,-45.7,-70.7,-88.7,False
SKHYNIX,20.0,0.0,True,2026-06-22 00:25:00+00:00,2026-06-23 00:00:00+00:00,1.0,156.0,122.2,33.9,40.3,74.2,49.2,31.2,False
SKHYNIX,20.0,0.0,True,2026-06-23 00:15:00+00:00,2026-06-25 00:00:00+00:00,2.0,148.7,102.6,46.0,74.3,120.4,95.4,77.4,False
SKHYNIX,20.0,0.0,True,2026-06-25 00:15:00+00:00,2026-06-25 03:20:00+00:00,0.1,89.3,-13.4,102.7,0.0,102.7,77.7,59.7,False
SKHYNIX,20.0,0.0,True,2026-06-25 05:30:00+00:00,2026-06-29 00:00:00+00:00,3.8,-2.3,105.5,-107.8,44.7,-63.1,-88.1,-106.1,False
SKHYNIX,20.0,0.0,True,2026-06-29 00:25:00+00:00,2026-06-30 00:00:00+00:00,1.0,76.9,75.2,1.6,18.2,19.8,-5.2,-23.2,False
SKHYNIX,20.0,0.0,True,2026-06-30 00:20:00+00:00,2026-07-01 00:00:00+00:00,1.0,86.7,76.8,9.9,9.1,19.0,-6.0,-24.0,False
SKHYNIX,20.0,0.0,True,2026-07-01 00:25:00+00:00,2026-07-02 00:00:00+00:00,1.0,82.0,83.7,-1.7,-13.0,-14.7,-39.7,-57.7,False
SKHYNIX,20.0,0.0,True,2026-07-02 00:25:00+00:00,2026-07-03 05:35:00+00:00,1.2,111.7,-19.7,131.5,46.0,177.5,152.5,134.5,False
SKHYNIX,20.0,0.0,True,2026-07-06 00:45:00+00:00,2026-07-07 00:00:00+00:00,1.0,26.0,89.8,-63.8,24.7,-39.0,-64.0,-82.0,False
SKHYNIX,20.0,0.0,True,2026-07-07 00:40:00+00:00,2026-07-08 00:00:00+00:00,1.0,90.9,38.1,52.9,57.4,110.2,85.2,67.2,False
SKHYNIX,20.0,0.0,True,2026-07-08 00:35:00+00:00,2026-07-10 00:00:00+00:00,2.0,79.5,87.6,-8.1,121.5,113.3,88.3,70.3,False
SKHYNIX,20.0,0.0,True,2026-07-10 00:15:00+00:00,2026-07-13 00:00:00+00:00,3.0,139.4,109.5,29.9,31.5,61.4,36.4,18.4,False
SKHYNIX,20.0,0.0,True,2026-07-13 00:30:00+00:00,2026-07-15 01:10:00+00:00,2.0,122.2,-32.2,154.3,138.9,293.2,268.2,250.2,False
SKHYNIX,20.0,0.0,True,2026-07-16 00:45:00+00:00,2026-07-20 00:00:00+00:00,4.0,109.9,33.7,76.2,-6.9,69.3,44.3,26.3,False
SKHYNIX,20.0,0.0,True,2026-07-20 01:30:00+00:00,2026-07-22 00:00:00+00:00,1.9,37.0,24.2,12.8,44.6,57.4,32.4,14.4,False
SKHYNIX,20.0,0.0,True,2026-07-22 05:25:00+00:00,2026-07-24 00:00:00+00:00,1.8,39.8,3.7,36.2,7.6,43.8,18.8,0.8,False
SKHYNIX,20.0,0.0,True,2026-07-24 00:40:00+00:00,2026-07-30 00:00:00+00:00,6.0,54.3,103.4,-49.1,112.5,63.3,38.3,20.3,False
SKHYNIX,20.0,0.0,True,2026-07-30 00:25:00+00:00,2026-07-31 00:50:00+00:00,1.0,113.8,20.7,93.1,97.2,190.4,165.4,147.4,False
SKHYNIX,20.0,0.0,True,2026-07-31 02:20:00+00:00,2026-07-31 04:55:00+00:00,0.1,12.7,-34.1,46.8,0.0,46.8,21.8,3.8,False
SKHYNIX,20.0,0.0,True,2026-08-03 00:00:00+00:00,2026-08-03 00:15:00+00:00,0.0,-28.7,2.2,-30.9,3.9,-27.0,-52.0,-70.0,False
SKHYNIX,20.0,0.0,True,2026-08-04 00:25:00+00:00,2026-08-06 00:00:00+00:00,2.0,28.4,21.2,7.2,32.8,40.0,15.0,-3.0,False
SKHYNIX,20.0,0.0,True,2026-08-06 00:45:00+00:00,2026-08-06 02:50:00+00:00,0.1,29.7,1.8,27.9,0.0,27.9,2.9,-15.1,False
SKHYNIX,20.0,0.0,True,2026-08-06 04:40:00+00:00,2026-08-07 00:00:00+00:00,0.8,31.3,0.0,31.3,13.8,45.1,20.1,2.1,False
SKHYNIX,20.0,0.0,True,2026-08-07 00:40:00+00:00,2026-08-11 00:00:00+00:00,4.0,13.3,17.3,-4.0,42.6,38.6,13.6,-4.4,False
SKHYNIX,20.0,0.0,True,2026-08-11 00:35:00+00:00,2026-08-13 00:30:00+00:00,2.0,39.5,3.7,35.9,25.7,61.5,36.5,18.5,False
SKHYNIX,20.0,0.0,True,2026-08-14 01:15:00+00:00,2026-08-18 00:00:00+00:00,3.9,46.3,23.3,23.0,8.0,31.0,6.0,-12.0,False
SKHYNIX,20.0,-10.0,False,2026-06-02 03:05:00+00:00,2026-06-04 00:00:00+00:00,1.9,152.7,229.6,-76.9,32.2,-44.7,-69.7,-87.7,False
SKHYNIX,20.0,-10.0,False,2026-06-04 00:10:00+00:00,2026-06-05 00:00:00+00:00,1.0,244.9,166.9,78.0,62.4,140.4,115.4,97.4,False
SKHYNIX,20.0,-10.0,False,2026-06-05 00:25:00+00:00,2026-06-08 00:00:00+00:00,3.0,236.8,346.8,-110.0,14.2,-95.8,-120.8,-138.8,False
SKHYNIX,20.0,-10.0,False,2026-06-08 00:10:00+00:00,2026-06-09 05:40:00+00:00,1.2,245.7,-28.5,274.2,75.7,349.8,324.8,306.8,False
SKHYNIX,20.0,-10.0,False,2026-06-10 00:00:00+00:00,2026-06-12 00:00:00+00:00,2.0,54.8,113.2,-58.4,63.0,4.6,-20.4,-38.4,False
SKHYNIX,20.0,-10.0,False,2026-06-12 00:15:00+00:00,2026-06-15 00:00:00+00:00,3.0,103.7,145.0,-41.3,16.6,-24.7,-49.7,-67.7,False
SKHYNIX,20.0,-10.0,False,2026-06-15 00:15:00+00:00,2026-06-22 00:00:00+00:00,7.0,167.7,172.7,-5.0,124.0,119.1,94.1,76.1,False
SKHYNIX,20.0,-10.0,False,2026-06-22 00:25:00+00:00,2026-06-23 00:00:00+00:00,1.0,156.0,122.2,33.9,40.3,74.2,49.2,31.2,False
SKHYNIX,20.0,-10.0,False,2026-06-23 00:15:00+00:00,2026-06-25 04:20:00+00:00,2.2,148.7,-23.3,172.0,134.6,306.7,281.7,263.7,False
SKHYNIX,20.0,-10.0,False,2026-06-25 05:30:00+00:00,2026-06-29 00:00:00+00:00,3.8,-2.3,105.5,-107.8,44.7,-63.1,-88.1,-106.1,False
SKHYNIX,20.0,-10.0,False,2026-06-29 00:25:00+00:00,2026-07-01 00:00:00+00:00,2.0,76.9,76.8,0.0,27.3,27.3,2.3,-15.7,False
SKHYNIX,20.0,-10.0,False,2026-07-01 00:25:00+00:00,2026-07-02 00:00:00+00:00,1.0,82.0,83.7,-1.7,-13.0,-14.7,-39.7,-57.7,False
SKHYNIX,20.0,-10.0,False,2026-07-02 00:25:00+00:00,2026-07-06 00:00:00+00:00,4.0,111.7,62.7,49.0,53.9,103.0,78.0,60.0,False
SKHYNIX,20.0,-10.0,False,2026-07-06 00:45:00+00:00,2026-07-07 00:00:00+00:00,1.0,26.0,89.8,-63.8,24.7,-39.0,-64.0,-82.0,False
SKHYNIX,20.0,-10.0,False,2026-07-07 00:40:00+00:00,2026-07-08 00:00:00+00:00,1.0,90.9,38.1,52.9,57.4,110.2,85.2,67.2,False
SKHYNIX,20.0,-10.0,False,2026-07-08 00:35:00+00:00,2026-07-10 00:00:00+00:00,2.0,79.5,87.6,-8.1,121.5,113.3,88.3,70.3,False
SKHYNIX,20.0,-10.0,False,2026-07-10 00:15:00+00:00,2026-07-13 00:00:00+00:00,3.0,139.4,109.5,29.9,31.5,61.4,36.4,18.4,False
SKHYNIX,20.0,-10.0,False,2026-07-13 00:30:00+00:00,2026-07-15 01:25:00+00:00,2.0,122.2,-24.7,146.8,138.9,285.7,260.7,242.7,False
SKHYNIX,20.0,-10.0,False,2026-07-16 00:45:00+00:00,2026-07-20 00:00:00+00:00,4.0,109.9,33.7,76.2,-6.9,69.3,44.3,26.3,False
SKHYNIX,20.0,-10.0,False,2026-07-20 01:30:00+00:00,2026-07-30 00:00:00+00:00,9.9,37.0,103.4,-66.5,168.1,101.6,76.6,58.6,False
SKHYNIX,20.0,-10.0,False,2026-07-30 00:25:00+00:00,2026-07-31 05:05:00+00:00,1.2,113.8,-72.7,186.5,97.2,283.7,258.7,240.7,False
SKHYNIX,20.0,-10.0,False,2026-08-03 00:00:00+00:00,2026-08-07 00:00:00+00:00,4.0,-28.7,0.0,-28.7,57.4,28.8,3.8,-14.2,False
SKHYNIX,20.0,-10.0,False,2026-08-07 00:40:00+00:00,2026-08-11 00:00:00+00:00,4.0,13.3,17.3,-4.0,42.6,38.6,13.6,-4.4,False
SKHYNIX,20.0,-10.0,False,2026-08-11 00:35:00+00:00,2026-08-13 03:55:00+00:00,2.1,39.5,-19.2,58.7,25.7,84.4,59.4,41.4,False
SKHYNIX,20.0,-10.0,False,2026-08-14 01:15:00+00:00,2026-08-18 00:00:00+00:00,3.9,46.3,23.3,23.0,8.0,31.0,6.0,-12.0,False
SKHYNIX,20.0,-10.0,True,2026-06-02 03:05:00+00:00,2026-06-04 00:00:00+00:00,1.9,152.7,229.6,-76.9,32.2,-44.7,-69.7,-87.7,False
SKHYNIX,20.0,-10.0,True,2026-06-04 00:10:00+00:00,2026-06-05 00:00:00+00:00,1.0,244.9,166.9,78.0,62.4,140.4,115.4,97.4,False
SKHYNIX,20.0,-10.0,True,2026-06-05 00:25:00+00:00,2026-06-05 00:30:00+00:00,0.0,236.8,221.2,15.6,0.0,15.6,-9.4,-27.4,False
SKHYNIX,20.0,-10.0,True,2026-06-05 00:35:00+00:00,2026-06-05 00:40:00+00:00,0.0,220.2,270.2,-50.0,0.0,-50.0,-75.0,-93.0,False
SKHYNIX,20.0,-10.0,True,2026-06-05 00:45:00+00:00,2026-06-05 00:50:00+00:00,0.0,270.8,245.4,25.4,0.0,25.4,0.4,-17.6,False
SKHYNIX,20.0,-10.0,True,2026-06-05 00:55:00+00:00,2026-06-05 01:00:00+00:00,0.0,235.3,227.0,8.3,0.0,8.3,-16.7,-34.7,False
SKHYNIX,20.0,-10.0,True,2026-06-05 01:05:00+00:00,2026-06-05 01:10:00+00:00,0.0,246.7,246.5,0.3,0.0,0.3,-24.7,-42.7,False
SKHYNIX,20.0,-10.0,True,2026-06-05 01:15:00+00:00,2026-06-05 01:20:00+00:00,0.0,227.9,224.8,3.1,0.0,3.1,-21.9,-39.9,False
SKHYNIX,20.0,-10.0,True,2026-06-05 01:25:00+00:00,2026-06-05 01:30:00+00:00,0.0,222.9,202.0,20.8,0.0,20.8,-4.2,-22.2,False
SKHYNIX,20.0,-10.0,True,2026-06-05 01:35:00+00:00,2026-06-05 01:40:00+00:00,0.0,164.3,165.4,-1.1,0.0,-1.1,-26.1,-44.1,False
SKHYNIX,20.0,-10.0,True,2026-06-05 01:45:00+00:00,2026-06-05 01:50:00+00:00,0.0,180.2,165.2,15.0,0.0,15.0,-10.0,-28.0,False
SKHYNIX,20.0,-10.0,True,2026-06-05 01:55:00+00:00,2026-06-05 02:00:00+00:00,0.0,155.2,155.0,0.2,0.0,0.2,-24.8,-42.8,False
SKHYNIX,20.0,-10.0,True,2026-06-05 02:05:00+00:00,2026-06-05 02:10:00+00:00,0.0,135.4,178.3,-42.9,0.0,-42.9,-67.9,-85.9,False
SKHYNIX,20.0,-10.0,True,2026-06-05 02:15:00+00:00,2026-06-05 02:20:00+00:00,0.0,102.1,107.8,-5.7,0.0,-5.7,-30.7,-48.7,False
SKHYNIX,20.0,-10.0,True,2026-06-05 02:25:00+00:00,2026-06-05 02:30:00+00:00,0.0,73.3,56.1,17.2,0.0,17.2,-7.8,-25.8,False
SKHYNIX,20.0,-10.0,True,2026-06-05 02:35:00+00:00,2026-06-05 02:40:00+00:00,0.0,69.1,46.6,22.5,0.0,22.5,-2.5,-20.5,False
SKHYNIX,20.0,-10.0,True,2026-06-05 02:45:00+00:00,2026-06-05 02:50:00+00:00,0.0,49.2,62.5,-13.3,0.0,-13.3,-38.3,-56.3,False
SKHYNIX,20.0,-10.0,True,2026-06-05 02:55:00+00:00,2026-06-05 03:00:00+00:00,0.0,63.1,57.0,6.1,0.0,6.1,-18.9,-36.9,False
SKHYNIX,20.0,-10.0,True,2026-06-05 03:05:00+00:00,2026-06-05 03:10:00+00:00,0.0,55.1,69.8,-14.7,0.0,-14.7,-39.7,-57.7,False
SKHYNIX,20.0,-10.0,True,2026-06-05 03:15:00+00:00,2026-06-05 03:20:00+00:00,0.0,65.9,63.3,2.5,0.0,2.5,-22.5,-40.5,False
SKHYNIX,20.0,-10.0,True,2026-06-05 03:25:00+00:00,2026-06-05 03:30:00+00:00,0.0,113.8,63.8,50.0,0.0,50.0,25.0,7.0,False
SKHYNIX,20.0,-10.0,True,2026-06-05 03:35:00+00:00,2026-06-05 03:40:00+00:00,0.0,84.2,5.9,78.3,0.0,78.3,53.3,35.3,False
SKHYNIX,20.0,-10.0,True,2026-06-05 03:45:00+00:00,2026-06-05 03:50:00+00:00,0.0,0.0,-30.7,30.7,0.0,30.7,5.7,-12.3,False
SKHYNIX,20.0,-10.0,True,2026-06-05 03:55:00+00:00,2026-06-05 04:00:00+00:00,0.0,-44.6,31.2,-75.9,0.0,-75.9,-100.9,-118.9,False
SKHYNIX,20.0,-10.0,True,2026-06-05 04:05:00+00:00,2026-06-05 04:10:00+00:00,0.0,34.9,7.9,27.1,0.0,27.1,2.1,-15.9,False
SKHYNIX,20.0,-10.0,True,2026-06-05 04:15:00+00:00,2026-06-05 04:20:00+00:00,0.0,35.9,25.4,10.6,0.0,10.6,-14.4,-32.4,False
SKHYNIX,20.0,-10.0,True,2026-06-05 04:25:00+00:00,2026-06-05 04:30:00+00:00,0.0,51.4,45.6,5.7,0.0,5.7,-19.3,-37.3,False
SKHYNIX,20.0,-10.0,True,2026-06-05 04:40:00+00:00,2026-06-05 04:45:00+00:00,0.0,59.5,60.2,-0.7,0.0,-0.7,-25.7,-43.7,False
SKHYNIX,20.0,-10.0,True,2026-06-05 04:50:00+00:00,2026-06-05 04:55:00+00:00,0.0,63.0,55.6,7.4,0.0,7.4,-17.6,-35.6,False
SKHYNIX,20.0,-10.0,True,2026-06-05 05:00:00+00:00,2026-06-05 05:05:00+00:00,0.0,55.9,61.5,-5.6,0.0,-5.6,-30.6,-48.6,False
SKHYNIX,20.0,-10.0,True,2026-06-05 05:10:00+00:00,2026-06-05 05:15:00+00:00,0.0,56.9,69.1,-12.2,0.0,-12.2,-37.2,-55.2,False
SKHYNIX,20.0,-10.0,True,2026-06-05 05:20:00+00:00,2026-06-05 05:25:00+00:00,0.0,75.7,69.1,6.6,0.0,6.6,-18.4,-36.4,False
SKHYNIX,20.0,-10.0,True,2026-06-05 05:30:00+00:00,2026-06-05 05:35:00+00:00,0.0,56.2,61.5,-5.3,0.0,-5.3,-30.3,-48.3,False
SKHYNIX,20.0,-10.0,True,2026-06-05 05:40:00+00:00,2026-06-05 05:45:00+00:00,0.0,63.7,69.4,-5.7,0.0,-5.7,-30.7,-48.7,False
SKHYNIX,20.0,-10.0,True,2026-06-05 05:50:00+00:00,2026-06-05 05:55:00+00:00,0.0,68.3,57.6,10.8,0.0,10.8,-14.2,-32.2,False
SKHYNIX,20.0,-10.0,True,2026-06-05 06:00:00+00:00,2026-06-05 06:05:00+00:00,0.0,38.6,18.4,20.2,0.0,20.2,-4.8,-22.8,False
SKHYNIX,20.0,-10.0,True,2026-06-05 06:10:00+00:00,2026-06-05 06:15:00+00:00,0.0,18.7,16.5,2.2,0.0,2.2,-22.8,-40.8,False
SKHYNIX,20.0,-10.0,True,2026-06-08 00:10:00+00:00,2026-06-09 05:40:00+00:00,1.2,245.7,-28.5,274.2,75.7,349.8,324.8,306.8,False
SKHYNIX,20.0,-10.0,True,2026-06-10 00:00:00+00:00,2026-06-12 00:00:00+00:00,2.0,54.8,113.2,-58.4,63.0,4.6,-20.4,-38.4,False
SKHYNIX,20.0,-10.0,True,2026-06-12 00:15:00+00:00,2026-06-15 00:00:00+00:00,3.0,103.7,145.0,-41.3,16.6,-24.7,-49.7,-67.7,False
SKHYNIX,20.0,-10.0,True,2026-06-15 00:15:00+00:00,2026-06-22 00:00:00+00:00,7.0,167.7,172.7,-5.0,124.0,119.1,94.1,76.1,False
SKHYNIX,20.0,-10.0,True,2026-06-22 00:25:00+00:00,2026-06-23 00:00:00+00:00,1.0,156.0,122.2,33.9,40.3,74.2,49.2,31.2,False
SKHYNIX,20.0,-10.0,True,2026-06-23 00:15:00+00:00,2026-06-25 04:20:00+00:00,2.2,148.7,-23.3,172.0,134.6,306.7,281.7,263.7,False
SKHYNIX,20.0,-10.0,True,2026-06-25 05:30:00+00:00,2026-06-29 00:00:00+00:00,3.8,-2.3,105.5,-107.8,44.7,-63.1,-88.1,-106.1,False
SKHYNIX,20.0,-10.0,True,2026-06-29 00:25:00+00:00,2026-07-01 00:00:00+00:00,2.0,76.9,76.8,0.0,27.3,27.3,2.3,-15.7,False
SKHYNIX,20.0,-10.0,True,2026-07-01 00:25:00+00:00,2026-07-02 00:00:00+00:00,1.0,82.0,83.7,-1.7,-13.0,-14.7,-39.7,-57.7,False
SKHYNIX,20.0,-10.0,True,2026-07-02 00:25:00+00:00,2026-07-06 00:00:00+00:00,4.0,111.7,62.7,49.0,53.9,103.0,78.0,60.0,False
SKHYNIX,20.0,-10.0,True,2026-07-06 00:45:00+00:00,2026-07-07 00:00:00+00:00,1.0,26.0,89.8,-63.8,24.7,-39.0,-64.0,-82.0,False
SKHYNIX,20.0,-10.0,True,2026-07-07 00:40:00+00:00,2026-07-08 00:00:00+00:00,1.0,90.9,38.1,52.9,57.4,110.2,85.2,67.2,False
SKHYNIX,20.0,-10.0,True,2026-07-08 00:35:00+00:00,2026-07-10 00:00:00+00:00,2.0,79.5,87.6,-8.1,121.5,113.3,88.3,70.3,False
SKHYNIX,20.0,-10.0,True,2026-07-10 00:15:00+00:00,2026-07-13 00:00:00+00:00,3.0,139.4,109.5,29.9,31.5,61.4,36.4,18.4,False
SKHYNIX,20.0,-10.0,True,2026-07-13 00:30:00+00:00,2026-07-15 01:25:00+00:00,2.0,122.2,-24.7,146.8,138.9,285.7,260.7,242.7,False
SKHYNIX,20.0,-10.0,True,2026-07-16 00:45:00+00:00,2026-07-20 00:00:00+00:00,4.0,109.9,33.7,76.2,-6.9,69.3,44.3,26.3,False
SKHYNIX,20.0,-10.0,True,2026-07-20 01:30:00+00:00,2026-07-30 00:00:00+00:00,9.9,37.0,103.4,-66.5,168.1,101.6,76.6,58.6,False
SKHYNIX,20.0,-10.0,True,2026-07-30 00:25:00+00:00,2026-07-31 05:05:00+00:00,1.2,113.8,-72.7,186.5,97.2,283.7,258.7,240.7,False
SKHYNIX,20.0,-10.0,True,2026-08-03 00:00:00+00:00,2026-08-07 00:00:00+00:00,4.0,-28.7,0.0,-28.7,57.4,28.8,3.8,-14.2,False
SKHYNIX,20.0,-10.0,True,2026-08-07 00:40:00+00:00,2026-08-11 00:00:00+00:00,4.0,13.3,17.3,-4.0,42.6,38.6,13.6,-4.4,False
SKHYNIX,20.0,-10.0,True,2026-08-11 00:35:00+00:00,2026-08-13 03:55:00+00:00,2.1,39.5,-19.2,58.7,25.7,84.4,59.4,41.4,False
SKHYNIX,20.0,-10.0,True,2026-08-14 01:15:00+00:00,2026-08-18 00:00:00+00:00,3.9,46.3,23.3,23.0,8.0,31.0,6.0,-12.0,False
SKHYNIX,30.0,0.0,False,2026-06-02 03:10:00+00:00,2026-06-04 00:00:00+00:00,1.9,100.8,229.6,-128.9,32.2,-96.7,-121.7,-139.7,False
SKHYNIX,30.0,0.0,False,2026-06-04 00:15:00+00:00,2026-06-05 00:00:00+00:00,1.0,297.9,166.9,130.9,62.4,193.3,168.3,150.3,False
SKHYNIX,30.0,0.0,False,2026-06-05 00:25:00+00:00,2026-06-08 00:00:00+00:00,3.0,236.8,346.8,-110.0,14.2,-95.8,-120.8,-138.8,False
SKHYNIX,30.0,0.0,False,2026-06-08 00:15:00+00:00,2026-06-09 05:35:00+00:00,1.2,344.8,-102.5,447.3,75.7,523.0,498.0,480.0,False
SKHYNIX,30.0,0.0,False,2026-06-10 00:00:00+00:00,2026-06-11 00:00:00+00:00,1.0,54.8,115.9,-61.1,50.7,-10.4,-35.4,-53.4,False
SKHYNIX,30.0,0.0,False,2026-06-11 00:10:00+00:00,2026-06-12 00:00:00+00:00,1.0,93.6,113.2,-19.6,34.4,14.8,-10.2,-28.2,False
SKHYNIX,30.0,0.0,False,2026-06-12 00:20:00+00:00,2026-06-15 00:00:00+00:00,3.0,107.5,145.0,-37.6,16.6,-21.0,-46.0,-64.0,False
SKHYNIX,30.0,0.0,False,2026-06-15 00:15:00+00:00,2026-06-16 00:00:00+00:00,1.0,167.7,20.1,147.7,44.0,191.6,166.6,148.6,False
SKHYNIX,30.0,0.0,False,2026-06-16 00:45:00+00:00,2026-06-22 00:00:00+00:00,6.0,34.7,172.7,-138.0,81.5,-56.5,-81.5,-99.5,False
SKHYNIX,30.0,0.0,False,2026-06-22 00:30:00+00:00,2026-06-23 00:00:00+00:00,1.0,151.1,122.2,29.0,40.3,69.3,44.3,26.3,False
SKHYNIX,30.0,0.0,False,2026-06-23 00:20:00+00:00,2026-06-25 00:00:00+00:00,2.0,165.5,102.6,62.9,74.3,137.2,112.2,94.2,False
SKHYNIX,30.0,0.0,False,2026-06-25 00:25:00+00:00,2026-06-25 03:20:00+00:00,0.1,59.3,-13.4,72.7,0.0,72.7,47.7,29.7,False
SKHYNIX,30.0,0.0,False,2026-06-26 00:45:00+00:00,2026-06-29 00:00:00+00:00,3.0,29.5,105.5,-76.0,54.1,-21.9,-46.9,-64.9,False
SKHYNIX,30.0,0.0,False,2026-06-29 00:30:00+00:00,2026-06-30 00:00:00+00:00,1.0,125.0,75.2,49.8,18.2,68.0,43.0,25.0,False
SKHYNIX,30.0,0.0,False,2026-06-30 00:25:00+00:00,2026-07-01 00:00:00+00:00,1.0,74.4,76.8,-2.4,9.1,6.6,-18.4,-36.4,False
SKHYNIX,30.0,0.0,False,2026-07-01 00:30:00+00:00,2026-07-02 00:00:00+00:00,1.0,75.4,83.7,-8.3,-13.0,-21.3,-46.3,-64.3,False
SKHYNIX,30.0,0.0,False,2026-07-02 00:30:00+00:00,2026-07-03 05:35:00+00:00,1.2,112.8,-19.7,132.6,46.0,178.6,153.6,135.6,False
SKHYNIX,30.0,0.0,False,2026-07-06 00:50:00+00:00,2026-07-07 00:00:00+00:00,1.0,36.5,89.8,-53.3,24.7,-28.5,-53.5,-71.5,False
SKHYNIX,30.0,0.0,False,2026-07-07 00:45:00+00:00,2026-07-08 00:00:00+00:00,1.0,54.6,38.1,16.5,57.4,73.9,48.9,30.9,False
SKHYNIX,30.0,0.0,False,2026-07-08 00:40:00+00:00,2026-07-10 00:00:00+00:00,2.0,29.7,87.6,-57.9,121.5,63.6,38.6,20.6,False
SKHYNIX,30.0,0.0,False,2026-07-10 00:20:00+00:00,2026-07-13 00:00:00+00:00,3.0,151.1,109.5,41.6,31.5,73.1,48.1,30.1,False
SKHYNIX,30.0,0.0,False,2026-07-13 00:35:00+00:00,2026-07-15 01:10:00+00:00,2.0,129.8,-32.2,162.0,138.9,300.9,275.9,257.9,False
SKHYNIX,30.0,0.0,False,2026-07-16 00:45:00+00:00,2026-07-20 00:00:00+00:00,4.0,109.9,33.7,76.2,-6.9,69.3,44.3,26.3,False
SKHYNIX,30.0,0.0,False,2026-07-20 01:50:00+00:00,2026-07-22 00:00:00+00:00,1.9,41.5,24.2,17.3,44.6,61.9,36.9,18.9,False
SKHYNIX,30.0,0.0,False,2026-07-22 05:50:00+00:00,2026-07-24 00:00:00+00:00,1.8,47.1,3.7,43.5,7.6,51.1,26.1,8.1,False
SKHYNIX,30.0,0.0,False,2026-07-24 00:45:00+00:00,2026-07-30 00:00:00+00:00,6.0,48.1,103.4,-55.3,112.5,57.2,32.2,14.2,False
SKHYNIX,30.0,0.0,False,2026-07-30 00:25:00+00:00,2026-07-31 00:50:00+00:00,1.0,113.8,20.7,93.1,97.2,190.4,165.4,147.4,False
SKHYNIX,30.0,0.0,False,2026-08-04 00:35:00+00:00,2026-08-06 00:00:00+00:00,2.0,47.7,21.2,26.5,32.8,59.3,34.3,16.3,False
SKHYNIX,30.0,0.0,False,2026-08-06 01:00:00+00:00,2026-08-06 02:50:00+00:00,0.1,33.2,1.8,31.4,0.0,31.4,6.4,-11.6,False
SKHYNIX,30.0,0.0,False,2026-08-06 06:15:00+00:00,2026-08-07 00:00:00+00:00,0.7,46.3,0.0,46.3,13.8,60.1,35.1,17.1,False
SKHYNIX,30.0,0.0,False,2026-08-07 01:00:00+00:00,2026-08-11 00:00:00+00:00,4.0,39.9,17.3,22.6,42.6,65.1,40.1,22.1,False
SKHYNIX,30.0,0.0,False,2026-08-11 00:45:00+00:00,2026-08-13 00:30:00+00:00,2.0,43.4,3.7,39.7,25.7,65.4,40.4,22.4,False
SKHYNIX,30.0,0.0,False,2026-08-14 01:45:00+00:00,2026-08-18 00:00:00+00:00,3.9,28.1,23.3,4.8,8.0,12.8,-12.2,-30.2,False
SKHYNIX,30.0,0.0,True,2026-06-02 03:10:00+00:00,2026-06-04 00:00:00+00:00,1.9,100.8,229.6,-128.9,32.2,-96.7,-121.7,-139.7,False
SKHYNIX,30.0,0.0,True,2026-06-04 00:15:00+00:00,2026-06-05 00:00:00+00:00,1.0,297.9,166.9,130.9,62.4,193.3,168.3,150.3,False
SKHYNIX,30.0,0.0,True,2026-06-05 00:25:00+00:00,2026-06-05 00:30:00+00:00,0.0,236.8,221.2,15.6,0.0,15.6,-9.4,-27.4,False
SKHYNIX,30.0,0.0,True,2026-06-05 00:35:00+00:00,2026-06-05 00:40:00+00:00,0.0,220.2,270.2,-50.0,0.0,-50.0,-75.0,-93.0,False
SKHYNIX,30.0,0.0,True,2026-06-05 00:45:00+00:00,2026-06-05 00:50:00+00:00,0.0,270.8,245.4,25.4,0.0,25.4,0.4,-17.6,False
SKHYNIX,30.0,0.0,True,2026-06-05 00:55:00+00:00,2026-06-05 01:00:00+00:00,0.0,235.3,227.0,8.3,0.0,8.3,-16.7,-34.7,False
SKHYNIX,30.0,0.0,True,2026-06-05 01:05:00+00:00,2026-06-05 01:10:00+00:00,0.0,246.7,246.5,0.3,0.0,0.3,-24.7,-42.7,False
SKHYNIX,30.0,0.0,True,2026-06-05 01:15:00+00:00,2026-06-05 01:20:00+00:00,0.0,227.9,224.8,3.1,0.0,3.1,-21.9,-39.9,False
SKHYNIX,30.0,0.0,True,2026-06-05 01:25:00+00:00,2026-06-05 01:30:00+00:00,0.0,222.9,202.0,20.8,0.0,20.8,-4.2,-22.2,False
SKHYNIX,30.0,0.0,True,2026-06-05 01:35:00+00:00,2026-06-05 01:40:00+00:00,0.0,164.3,165.4,-1.1,0.0,-1.1,-26.1,-44.1,False
SKHYNIX,30.0,0.0,True,2026-06-05 01:45:00+00:00,2026-06-05 01:50:00+00:00,0.0,180.2,165.2,15.0,0.0,15.0,-10.0,-28.0,False
SKHYNIX,30.0,0.0,True,2026-06-05 01:55:00+00:00,2026-06-05 02:00:00+00:00,0.0,155.2,155.0,0.2,0.0,0.2,-24.8,-42.8,False
SKHYNIX,30.0,0.0,True,2026-06-05 02:05:00+00:00,2026-06-05 02:10:00+00:00,0.0,135.4,178.3,-42.9,0.0,-42.9,-67.9,-85.9,False
SKHYNIX,30.0,0.0,True,2026-06-05 02:15:00+00:00,2026-06-05 02:20:00+00:00,0.0,102.1,107.8,-5.7,0.0,-5.7,-30.7,-48.7,False
SKHYNIX,30.0,0.0,True,2026-06-05 02:25:00+00:00,2026-06-05 02:30:00+00:00,0.0,73.3,56.1,17.2,0.0,17.2,-7.8,-25.8,False
SKHYNIX,30.0,0.0,True,2026-06-05 02:35:00+00:00,2026-06-05 02:40:00+00:00,0.0,69.1,46.6,22.5,0.0,22.5,-2.5,-20.5,False
SKHYNIX,30.0,0.0,True,2026-06-05 02:45:00+00:00,2026-06-05 02:50:00+00:00,0.0,49.2,62.5,-13.3,0.0,-13.3,-38.3,-56.3,False
SKHYNIX,30.0,0.0,True,2026-06-05 02:55:00+00:00,2026-06-05 03:00:00+00:00,0.0,63.1,57.0,6.1,0.0,6.1,-18.9,-36.9,False
SKHYNIX,30.0,0.0,True,2026-06-05 03:05:00+00:00,2026-06-05 03:10:00+00:00,0.0,55.1,69.8,-14.7,0.0,-14.7,-39.7,-57.7,False
SKHYNIX,30.0,0.0,True,2026-06-05 03:15:00+00:00,2026-06-05 03:20:00+00:00,0.0,65.9,63.3,2.5,0.0,2.5,-22.5,-40.5,False
SKHYNIX,30.0,0.0,True,2026-06-05 03:25:00+00:00,2026-06-05 03:30:00+00:00,0.0,113.8,63.8,50.0,0.0,50.0,25.0,7.0,False
SKHYNIX,30.0,0.0,True,2026-06-05 03:35:00+00:00,2026-06-05 03:40:00+00:00,0.0,84.2,5.9,78.3,0.0,78.3,53.3,35.3,False
SKHYNIX,30.0,0.0,True,2026-06-05 03:45:00+00:00,2026-06-05 03:50:00+00:00,0.0,0.0,-30.7,30.7,0.0,30.7,5.7,-12.3,False
SKHYNIX,30.0,0.0,True,2026-06-05 03:55:00+00:00,2026-06-05 04:00:00+00:00,0.0,-44.6,31.2,-75.9,0.0,-75.9,-100.9,-118.9,False
SKHYNIX,30.0,0.0,True,2026-06-05 04:05:00+00:00,2026-06-05 04:10:00+00:00,0.0,34.9,7.9,27.1,0.0,27.1,2.1,-15.9,False
SKHYNIX,30.0,0.0,True,2026-06-05 04:15:00+00:00,2026-06-05 04:20:00+00:00,0.0,35.9,25.4,10.6,0.0,10.6,-14.4,-32.4,False
SKHYNIX,30.0,0.0,True,2026-06-05 04:50:00+00:00,2026-06-05 04:55:00+00:00,0.0,63.0,55.6,7.4,0.0,7.4,-17.6,-35.6,False
SKHYNIX,30.0,0.0,True,2026-06-05 05:00:00+00:00,2026-06-05 05:05:00+00:00,0.0,55.9,61.5,-5.6,0.0,-5.6,-30.6,-48.6,False
SKHYNIX,30.0,0.0,True,2026-06-05 05:10:00+00:00,2026-06-05 05:15:00+00:00,0.0,56.9,69.1,-12.2,0.0,-12.2,-37.2,-55.2,False
SKHYNIX,30.0,0.0,True,2026-06-05 05:20:00+00:00,2026-06-05 05:25:00+00:00,0.0,75.7,69.1,6.6,0.0,6.6,-18.4,-36.4,False
SKHYNIX,30.0,0.0,True,2026-06-05 05:30:00+00:00,2026-06-05 05:35:00+00:00,0.0,56.2,61.5,-5.3,0.0,-5.3,-30.3,-48.3,False
SKHYNIX,30.0,0.0,True,2026-06-05 05:40:00+00:00,2026-06-05 05:45:00+00:00,0.0,63.7,69.4,-5.7,0.0,-5.7,-30.7,-48.7,False
SKHYNIX,30.0,0.0,True,2026-06-05 05:50:00+00:00,2026-06-05 05:55:00+00:00,0.0,68.3,57.6,10.8,0.0,10.8,-14.2,-32.2,False
SKHYNIX,30.0,0.0,True,2026-06-05 06:00:00+00:00,2026-06-05 06:05:00+00:00,0.0,38.6,18.4,20.2,0.0,20.2,-4.8,-22.8,False
SKHYNIX,30.0,0.0,True,2026-06-05 06:10:00+00:00,2026-06-05 06:15:00+00:00,0.0,18.7,16.5,2.2,0.0,2.2,-22.8,-40.8,False
SKHYNIX,30.0,0.0,True,2026-06-08 00:15:00+00:00,2026-06-09 05:35:00+00:00,1.2,344.8,-102.5,447.3,75.7,523.0,498.0,480.0,False
SKHYNIX,30.0,0.0,True,2026-06-10 00:00:00+00:00,2026-06-11 00:00:00+00:00,1.0,54.8,115.9,-61.1,50.7,-10.4,-35.4,-53.4,False
SKHYNIX,30.0,0.0,True,2026-06-11 00:10:00+00:00,2026-06-12 00:00:00+00:00,1.0,93.6,113.2,-19.6,34.4,14.8,-10.2,-28.2,False
SKHYNIX,30.0,0.0,True,2026-06-12 00:20:00+00:00,2026-06-15 00:00:00+00:00,3.0,107.5,145.0,-37.6,16.6,-21.0,-46.0,-64.0,False
SKHYNIX,30.0,0.0,True,2026-06-15 00:15:00+00:00,2026-06-16 00:00:00+00:00,1.0,167.7,20.1,147.7,44.0,191.6,166.6,148.6,False
SKHYNIX,30.0,0.0,True,2026-06-16 00:45:00+00:00,2026-06-22 00:00:00+00:00,6.0,34.7,172.7,-138.0,81.5,-56.5,-81.5,-99.5,False
SKHYNIX,30.0,0.0,True,2026-06-22 00:30:00+00:00,2026-06-23 00:00:00+00:00,1.0,151.1,122.2,29.0,40.3,69.3,44.3,26.3,False
SKHYNIX,30.0,0.0,True,2026-06-23 00:20:00+00:00,2026-06-25 00:00:00+00:00,2.0,165.5,102.6,62.9,74.3,137.2,112.2,94.2,False
SKHYNIX,30.0,0.0,True,2026-06-25 00:25:00+00:00,2026-06-25 03:20:00+00:00,0.1,59.3,-13.4,72.7,0.0,72.7,47.7,29.7,False
SKHYNIX,30.0,0.0,True,2026-06-26 00:45:00+00:00,2026-06-29 00:00:00+00:00,3.0,29.5,105.5,-76.0,54.1,-21.9,-46.9,-64.9,False
SKHYNIX,30.0,0.0,True,2026-06-29 00:30:00+00:00,2026-06-30 00:00:00+00:00,1.0,125.0,75.2,49.8,18.2,68.0,43.0,25.0,False
SKHYNIX,30.0,0.0,True,2026-06-30 00:25:00+00:00,2026-07-01 00:00:00+00:00,1.0,74.4,76.8,-2.4,9.1,6.6,-18.4,-36.4,False
SKHYNIX,30.0,0.0,True,2026-07-01 00:30:00+00:00,2026-07-02 00:00:00+00:00,1.0,75.4,83.7,-8.3,-13.0,-21.3,-46.3,-64.3,False
SKHYNIX,30.0,0.0,True,2026-07-02 00:30:00+00:00,2026-07-03 05:35:00+00:00,1.2,112.8,-19.7,132.6,46.0,178.6,153.6,135.6,False
SKHYNIX,30.0,0.0,True,2026-07-06 00:50:00+00:00,2026-07-07 00:00:00+00:00,1.0,36.5,89.8,-53.3,24.7,-28.5,-53.5,-71.5,False
SKHYNIX,30.0,0.0,True,2026-07-07 00:45:00+00:00,2026-07-08 00:00:00+00:00,1.0,54.6,38.1,16.5,57.4,73.9,48.9,30.9,False
SKHYNIX,30.0,0.0,True,2026-07-08 00:40:00+00:00,2026-07-10 00:00:00+00:00,2.0,29.7,87.6,-57.9,121.5,63.6,38.6,20.6,False
SKHYNIX,30.0,0.0,True,2026-07-10 00:20:00+00:00,2026-07-13 00:00:00+00:00,3.0,151.1,109.5,41.6,31.5,73.1,48.1,30.1,False
SKHYNIX,30.0,0.0,True,2026-07-13 00:35:00+00:00,2026-07-15 01:10:00+00:00,2.0,129.8,-32.2,162.0,138.9,300.9,275.9,257.9,False
SKHYNIX,30.0,0.0,True,2026-07-16 00:45:00+00:00,2026-07-20 00:00:00+00:00,4.0,109.9,33.7,76.2,-6.9,69.3,44.3,26.3,False
SKHYNIX,30.0,0.0,True,2026-07-20 01:50:00+00:00,2026-07-22 00:00:00+00:00,1.9,41.5,24.2,17.3,44.6,61.9,36.9,18.9,False
SKHYNIX,30.0,0.0,True,2026-07-22 05:50:00+00:00,2026-07-24 00:00:00+00:00,1.8,47.1,3.7,43.5,7.6,51.1,26.1,8.1,False
SKHYNIX,30.0,0.0,True,2026-07-24 00:45:00+00:00,2026-07-30 00:00:00+00:00,6.0,48.1,103.4,-55.3,112.5,57.2,32.2,14.2,False
SKHYNIX,30.0,0.0,True,2026-07-30 00:25:00+00:00,2026-07-31 00:50:00+00:00,1.0,113.8,20.7,93.1,97.2,190.4,165.4,147.4,False
SKHYNIX,30.0,0.0,True,2026-08-04 00:35:00+00:00,2026-08-06 00:00:00+00:00,2.0,47.7,21.2,26.5,32.8,59.3,34.3,16.3,False
SKHYNIX,30.0,0.0,True,2026-08-06 01:00:00+00:00,2026-08-06 02:50:00+00:00,0.1,33.2,1.8,31.4,0.0,31.4,6.4,-11.6,False
SKHYNIX,30.0,0.0,True,2026-08-06 06:15:00+00:00,2026-08-07 00:00:00+00:00,0.7,46.3,0.0,46.3,13.8,60.1,35.1,17.1,False
SKHYNIX,30.0,0.0,True,2026-08-07 01:00:00+00:00,2026-08-11 00:00:00+00:00,4.0,39.9,17.3,22.6,42.6,65.1,40.1,22.1,False
SKHYNIX,30.0,0.0,True,2026-08-11 00:45:00+00:00,2026-08-13 00:30:00+00:00,2.0,43.4,3.7,39.7,25.7,65.4,40.4,22.4,False
SKHYNIX,30.0,0.0,True,2026-08-14 01:45:00+00:00,2026-08-18 00:00:00+00:00,3.9,28.1,23.3,4.8,8.0,12.8,-12.2,-30.2,False
SKHYNIX,30.0,-10.0,False,2026-06-02 03:10:00+00:00,2026-06-04 00:00:00+00:00,1.9,100.8,229.6,-128.9,32.2,-96.7,-121.7,-139.7,False
SKHYNIX,30.0,-10.0,False,2026-06-04 00:15:00+00:00,2026-06-05 00:00:00+00:00,1.0,297.9,166.9,130.9,62.4,193.3,168.3,150.3,False
SKHYNIX,30.0,-10.0,False,2026-06-05 00:25:00+00:00,2026-06-08 00:00:00+00:00,3.0,236.8,346.8,-110.0,14.2,-95.8,-120.8,-138.8,False
SKHYNIX,30.0,-10.0,False,2026-06-08 00:15:00+00:00,2026-06-09 05:40:00+00:00,1.2,344.8,-28.5,373.2,75.7,448.9,423.9,405.9,False
SKHYNIX,30.0,-10.0,False,2026-06-10 00:00:00+00:00,2026-06-12 00:00:00+00:00,2.0,54.8,113.2,-58.4,63.0,4.6,-20.4,-38.4,False
SKHYNIX,30.0,-10.0,False,2026-06-12 00:20:00+00:00,2026-06-15 00:00:00+00:00,3.0,107.5,145.0,-37.6,16.6,-21.0,-46.0,-64.0,False
SKHYNIX,30.0,-10.0,False,2026-06-15 00:15:00+00:00,2026-06-22 00:00:00+00:00,7.0,167.7,172.7,-5.0,124.0,119.1,94.1,76.1,False
SKHYNIX,30.0,-10.0,False,2026-06-22 00:30:00+00:00,2026-06-23 00:00:00+00:00,1.0,151.1,122.2,29.0,40.3,69.3,44.3,26.3,False
SKHYNIX,30.0,-10.0,False,2026-06-23 00:20:00+00:00,2026-06-25 04:20:00+00:00,2.2,165.5,-23.3,188.9,134.6,323.5,298.5,280.5,False
SKHYNIX,30.0,-10.0,False,2026-06-26 00:45:00+00:00,2026-06-29 00:00:00+00:00,3.0,29.5,105.5,-76.0,54.1,-21.9,-46.9,-64.9,False
SKHYNIX,30.0,-10.0,False,2026-06-29 00:30:00+00:00,2026-07-01 00:00:00+00:00,2.0,125.0,76.8,48.2,27.3,75.5,50.5,32.5,False
SKHYNIX,30.0,-10.0,False,2026-07-01 00:30:00+00:00,2026-07-02 00:00:00+00:00,1.0,75.4,83.7,-8.3,-13.0,-21.3,-46.3,-64.3,False
SKHYNIX,30.0,-10.0,False,2026-07-02 00:30:00+00:00,2026-07-06 00:00:00+00:00,4.0,112.8,62.7,50.1,53.9,104.1,79.1,61.1,False
SKHYNIX,30.0,-10.0,False,2026-07-06 00:50:00+00:00,2026-07-07 00:00:00+00:00,1.0,36.5,89.8,-53.3,24.7,-28.5,-53.5,-71.5,False
SKHYNIX,30.0,-10.0,False,2026-07-07 00:45:00+00:00,2026-07-08 00:00:00+00:00,1.0,54.6,38.1,16.5,57.4,73.9,48.9,30.9,False
SKHYNIX,30.0,-10.0,False,2026-07-08 00:40:00+00:00,2026-07-10 00:00:00+00:00,2.0,29.7,87.6,-57.9,121.5,63.6,38.6,20.6,False
SKHYNIX,30.0,-10.0,False,2026-07-10 00:20:00+00:00,2026-07-13 00:00:00+00:00,3.0,151.1,109.5,41.6,31.5,73.1,48.1,30.1,False
SKHYNIX,30.0,-10.0,False,2026-07-13 00:35:00+00:00,2026-07-15 01:25:00+00:00,2.0,129.8,-24.7,154.5,138.9,293.4,268.4,250.4,False
SKHYNIX,30.0,-10.0,False,2026-07-16 00:45:00+00:00,2026-07-20 00:00:00+00:00,4.0,109.9,33.7,76.2,-6.9,69.3,44.3,26.3,False
SKHYNIX,30.0,-10.0,False,2026-07-20 01:50:00+00:00,2026-07-30 00:00:00+00:00,9.9,41.5,103.4,-61.9,168.1,106.2,81.2,63.2,False
SKHYNIX,30.0,-10.0,False,2026-07-30 00:25:00+00:00,2026-07-31 05:05:00+00:00,1.2,113.8,-72.7,186.5,97.2,283.7,258.7,240.7,False
SKHYNIX,30.0,-10.0,False,2026-08-04 00:35:00+00:00,2026-08-07 00:00:00+00:00,3.0,47.7,0.0,47.7,48.3,96.0,71.0,53.0,False
SKHYNIX,30.0,-10.0,False,2026-08-07 01:00:00+00:00,2026-08-11 00:00:00+00:00,4.0,39.9,17.3,22.6,42.6,65.1,40.1,22.1,False
SKHYNIX,30.0,-10.0,False,2026-08-11 00:45:00+00:00,2026-08-13 03:55:00+00:00,2.1,43.4,-19.2,62.6,25.7,88.2,63.2,45.2,False
SKHYNIX,30.0,-10.0,False,2026-08-14 01:45:00+00:00,2026-08-18 00:00:00+00:00,3.9,28.1,23.3,4.8,8.0,12.8,-12.2,-30.2,False
SKHYNIX,30.0,-10.0,True,2026-06-02 03:10:00+00:00,2026-06-04 00:00:00+00:00,1.9,100.8,229.6,-128.9,32.2,-96.7,-121.7,-139.7,False
SKHYNIX,30.0,-10.0,True,2026-06-04 00:15:00+00:00,2026-06-05 00:00:00+00:00,1.0,297.9,166.9,130.9,62.4,193.3,168.3,150.3,False
SKHYNIX,30.0,-10.0,True,2026-06-05 00:25:00+00:00,2026-06-05 00:30:00+00:00,0.0,236.8,221.2,15.6,0.0,15.6,-9.4,-27.4,False
SKHYNIX,30.0,-10.0,True,2026-06-05 00:35:00+00:00,2026-06-05 00:40:00+00:00,0.0,220.2,270.2,-50.0,0.0,-50.0,-75.0,-93.0,False
SKHYNIX,30.0,-10.0,True,2026-06-05 00:45:00+00:00,2026-06-05 00:50:00+00:00,0.0,270.8,245.4,25.4,0.0,25.4,0.4,-17.6,False
SKHYNIX,30.0,-10.0,True,2026-06-05 00:55:00+00:00,2026-06-05 01:00:00+00:00,0.0,235.3,227.0,8.3,0.0,8.3,-16.7,-34.7,False
SKHYNIX,30.0,-10.0,True,2026-06-05 01:05:00+00:00,2026-06-05 01:10:00+00:00,0.0,246.7,246.5,0.3,0.0,0.3,-24.7,-42.7,False
SKHYNIX,30.0,-10.0,True,2026-06-05 01:15:00+00:00,2026-06-05 01:20:00+00:00,0.0,227.9,224.8,3.1,0.0,3.1,-21.9,-39.9,False
SKHYNIX,30.0,-10.0,True,2026-06-05 01:25:00+00:00,2026-06-05 01:30:00+00:00,0.0,222.9,202.0,20.8,0.0,20.8,-4.2,-22.2,False
SKHYNIX,30.0,-10.0,True,2026-06-05 01:35:00+00:00,2026-06-05 01:40:00+00:00,0.0,164.3,165.4,-1.1,0.0,-1.1,-26.1,-44.1,False
SKHYNIX,30.0,-10.0,True,2026-06-05 01:45:00+00:00,2026-06-05 01:50:00+00:00,0.0,180.2,165.2,15.0,0.0,15.0,-10.0,-28.0,False
SKHYNIX,30.0,-10.0,True,2026-06-05 01:55:00+00:00,2026-06-05 02:00:00+00:00,0.0,155.2,155.0,0.2,0.0,0.2,-24.8,-42.8,False
SKHYNIX,30.0,-10.0,True,2026-06-05 02:05:00+00:00,2026-06-05 02:10:00+00:00,0.0,135.4,178.3,-42.9,0.0,-42.9,-67.9,-85.9,False
SKHYNIX,30.0,-10.0,True,2026-06-05 02:15:00+00:00,2026-06-05 02:20:00+00:00,0.0,102.1,107.8,-5.7,0.0,-5.7,-30.7,-48.7,False
SKHYNIX,30.0,-10.0,True,2026-06-05 02:25:00+00:00,2026-06-05 02:30:00+00:00,0.0,73.3,56.1,17.2,0.0,17.2,-7.8,-25.8,False
SKHYNIX,30.0,-10.0,True,2026-06-05 02:35:00+00:00,2026-06-05 02:40:00+00:00,0.0,69.1,46.6,22.5,0.0,22.5,-2.5,-20.5,False
SKHYNIX,30.0,-10.0,True,2026-06-05 02:45:00+00:00,2026-06-05 02:50:00+00:00,0.0,49.2,62.5,-13.3,0.0,-13.3,-38.3,-56.3,False
SKHYNIX,30.0,-10.0,True,2026-06-05 02:55:00+00:00,2026-06-05 03:00:00+00:00,0.0,63.1,57.0,6.1,0.0,6.1,-18.9,-36.9,False
SKHYNIX,30.0,-10.0,True,2026-06-05 03:05:00+00:00,2026-06-05 03:10:00+00:00,0.0,55.1,69.8,-14.7,0.0,-14.7,-39.7,-57.7,False
SKHYNIX,30.0,-10.0,True,2026-06-05 03:15:00+00:00,2026-06-05 03:20:00+00:00,0.0,65.9,63.3,2.5,0.0,2.5,-22.5,-40.5,False
SKHYNIX,30.0,-10.0,True,2026-06-05 03:25:00+00:00,2026-06-05 03:30:00+00:00,0.0,113.8,63.8,50.0,0.0,50.0,25.0,7.0,False
SKHYNIX,30.0,-10.0,True,2026-06-05 03:35:00+00:00,2026-06-05 03:40:00+00:00,0.0,84.2,5.9,78.3,0.0,78.3,53.3,35.3,False
SKHYNIX,30.0,-10.0,True,2026-06-05 03:45:00+00:00,2026-06-05 03:50:00+00:00,0.0,0.0,-30.7,30.7,0.0,30.7,5.7,-12.3,False
SKHYNIX,30.0,-10.0,True,2026-06-05 03:55:00+00:00,2026-06-05 04:00:00+00:00,0.0,-44.6,31.2,-75.9,0.0,-75.9,-100.9,-118.9,False
SKHYNIX,30.0,-10.0,True,2026-06-05 04:05:00+00:00,2026-06-05 04:10:00+00:00,0.0,34.9,7.9,27.1,0.0,27.1,2.1,-15.9,False
SKHYNIX,30.0,-10.0,True,2026-06-05 04:15:00+00:00,2026-06-05 04:20:00+00:00,0.0,35.9,25.4,10.6,0.0,10.6,-14.4,-32.4,False
SKHYNIX,30.0,-10.0,True,2026-06-05 04:50:00+00:00,2026-06-05 04:55:00+00:00,0.0,63.0,55.6,7.4,0.0,7.4,-17.6,-35.6,False
SKHYNIX,30.0,-10.0,True,2026-06-05 05:00:00+00:00,2026-06-05 05:05:00+00:00,0.0,55.9,61.5,-5.6,0.0,-5.6,-30.6,-48.6,False
SKHYNIX,30.0,-10.0,True,2026-06-05 05:10:00+00:00,2026-06-05 05:15:00+00:00,0.0,56.9,69.1,-12.2,0.0,-12.2,-37.2,-55.2,False
SKHYNIX,30.0,-10.0,True,2026-06-05 05:20:00+00:00,2026-06-05 05:25:00+00:00,0.0,75.7,69.1,6.6,0.0,6.6,-18.4,-36.4,False
SKHYNIX,30.0,-10.0,True,2026-06-05 05:30:00+00:00,2026-06-05 05:35:00+00:00,0.0,56.2,61.5,-5.3,0.0,-5.3,-30.3,-48.3,False
SKHYNIX,30.0,-10.0,True,2026-06-05 05:40:00+00:00,2026-06-05 05:45:00+00:00,0.0,63.7,69.4,-5.7,0.0,-5.7,-30.7,-48.7,False
SKHYNIX,30.0,-10.0,True,2026-06-05 05:50:00+00:00,2026-06-05 05:55:00+00:00,0.0,68.3,57.6,10.8,0.0,10.8,-14.2,-32.2,False
SKHYNIX,30.0,-10.0,True,2026-06-05 06:00:00+00:00,2026-06-05 06:05:00+00:00,0.0,38.6,18.4,20.2,0.0,20.2,-4.8,-22.8,False
SKHYNIX,30.0,-10.0,True,2026-06-05 06:10:00+00:00,2026-06-05 06:15:00+00:00,0.0,18.7,16.5,2.2,0.0,2.2,-22.8,-40.8,False
SKHYNIX,30.0,-10.0,True,2026-06-08 00:15:00+00:00,2026-06-09 05:40:00+00:00,1.2,344.8,-28.5,373.2,75.7,448.9,423.9,405.9,False
SKHYNIX,30.0,-10.0,True,2026-06-10 00:00:00+00:00,2026-06-12 00:00:00+00:00,2.0,54.8,113.2,-58.4,63.0,4.6,-20.4,-38.4,False
SKHYNIX,30.0,-10.0,True,2026-06-12 00:20:00+00:00,2026-06-15 00:00:00+00:00,3.0,107.5,145.0,-37.6,16.6,-21.0,-46.0,-64.0,False
SKHYNIX,30.0,-10.0,True,2026-06-15 00:15:00+00:00,2026-06-22 00:00:00+00:00,7.0,167.7,172.7,-5.0,124.0,119.1,94.1,76.1,False
SKHYNIX,30.0,-10.0,True,2026-06-22 00:30:00+00:00,2026-06-23 00:00:00+00:00,1.0,151.1,122.2,29.0,40.3,69.3,44.3,26.3,False
SKHYNIX,30.0,-10.0,True,2026-06-23 00:20:00+00:00,2026-06-25 04:20:00+00:00,2.2,165.5,-23.3,188.9,134.6,323.5,298.5,280.5,False
SKHYNIX,30.0,-10.0,True,2026-06-26 00:45:00+00:00,2026-06-29 00:00:00+00:00,3.0,29.5,105.5,-76.0,54.1,-21.9,-46.9,-64.9,False
SKHYNIX,30.0,-10.0,True,2026-06-29 00:30:00+00:00,2026-07-01 00:00:00+00:00,2.0,125.0,76.8,48.2,27.3,75.5,50.5,32.5,False
SKHYNIX,30.0,-10.0,True,2026-07-01 00:30:00+00:00,2026-07-02 00:00:00+00:00,1.0,75.4,83.7,-8.3,-13.0,-21.3,-46.3,-64.3,False
SKHYNIX,30.0,-10.0,True,2026-07-02 00:30:00+00:00,2026-07-06 00:00:00+00:00,4.0,112.8,62.7,50.1,53.9,104.1,79.1,61.1,False
SKHYNIX,30.0,-10.0,True,2026-07-06 00:50:00+00:00,2026-07-07 00:00:00+00:00,1.0,36.5,89.8,-53.3,24.7,-28.5,-53.5,-71.5,False
SKHYNIX,30.0,-10.0,True,2026-07-07 00:45:00+00:00,2026-07-08 00:00:00+00:00,1.0,54.6,38.1,16.5,57.4,73.9,48.9,30.9,False
SKHYNIX,30.0,-10.0,True,2026-07-08 00:40:00+00:00,2026-07-10 00:00:00+00:00,2.0,29.7,87.6,-57.9,121.5,63.6,38.6,20.6,False
SKHYNIX,30.0,-10.0,True,2026-07-10 00:20:00+00:00,2026-07-13 00:00:00+00:00,3.0,151.1,109.5,41.6,31.5,73.1,48.1,30.1,False
SKHYNIX,30.0,-10.0,True,2026-07-13 00:35:00+00:00,2026-07-15 01:25:00+00:00,2.0,129.8,-24.7,154.5,138.9,293.4,268.4,250.4,False
SKHYNIX,30.0,-10.0,True,2026-07-16 00:45:00+00:00,2026-07-20 00:00:00+00:00,4.0,109.9,33.7,76.2,-6.9,69.3,44.3,26.3,False
SKHYNIX,30.0,-10.0,True,2026-07-20 01:50:00+00:00,2026-07-30 00:00:00+00:00,9.9,41.5,103.4,-61.9,168.1,106.2,81.2,63.2,False
SKHYNIX,30.0,-10.0,True,2026-07-30 00:25:00+00:00,2026-07-31 05:05:00+00:00,1.2,113.8,-72.7,186.5,97.2,283.7,258.7,240.7,False
SKHYNIX,30.0,-10.0,True,2026-08-04 00:35:00+00:00,2026-08-07 00:00:00+00:00,3.0,47.7,0.0,47.7,48.3,96.0,71.0,53.0,False
SKHYNIX,30.0,-10.0,True,2026-08-07 01:00:00+00:00,2026-08-11 00:00:00+00:00,4.0,39.9,17.3,22.6,42.6,65.1,40.1,22.1,False
SKHYNIX,30.0,-10.0,True,2026-08-11 00:45:00+00:00,2026-08-13 03:55:00+00:00,2.1,43.4,-19.2,62.6,25.7,88.2,63.2,45.2,False
SKHYNIX,30.0,-10.0,True,2026-08-14 01:45:00+00:00,2026-08-18 00:00:00+00:00,3.9,28.1,23.3,4.8,8.0,12.8,-12.2,-30.2,False
SKHYNIX,50.0,0.0,False,2026-06-02 03:15:00+00:00,2026-06-04 00:00:00+00:00,1.9,162.8,229.6,-66.8,32.2,-34.6,-59.6,-77.6,False
SKHYNIX,50.0,0.0,False,2026-06-04 00:15:00+00:00,2026-06-05 00:00:00+00:00,1.0,297.9,166.9,130.9,62.4,193.3,168.3,150.3,False
SKHYNIX,50.0,0.0,False,2026-06-05 00:30:00+00:00,2026-06-08 00:00:00+00:00,3.0,221.2,346.8,-125.6,14.2,-111.4,-136.4,-154.4,False
SKHYNIX,50.0,0.0,False,2026-06-08 00:15:00+00:00,2026-06-09 05:35:00+00:00,1.2,344.8,-102.5,447.3,75.7,523.0,498.0,480.0,False
SKHYNIX,50.0,0.0,False,2026-06-10 00:00:00+00:00,2026-06-11 00:00:00+00:00,1.0,54.8,115.9,-61.1,50.7,-10.4,-35.4,-53.4,False
SKHYNIX,50.0,0.0,False,2026-06-11 00:30:00+00:00,2026-06-12 00:00:00+00:00,1.0,82.8,113.2,-30.4,34.4,3.9,-21.1,-39.1,False
SKHYNIX,50.0,0.0,False,2026-06-12 00:25:00+00:00,2026-06-15 00:00:00+00:00,3.0,103.3,145.0,-41.8,16.6,-25.2,-50.2,-68.2,False
SKHYNIX,50.0,0.0,False,2026-06-15 00:25:00+00:00,2026-06-16 00:00:00+00:00,1.0,86.9,20.1,66.9,44.0,110.8,85.8,67.8,False
SKHYNIX,50.0,0.0,False,2026-06-17 05:10:00+00:00,2026-06-22 00:00:00+00:00,4.8,116.5,172.7,-56.2,90.5,34.3,9.3,-8.7,False
SKHYNIX,50.0,0.0,False,2026-06-22 00:35:00+00:00,2026-06-23 00:00:00+00:00,1.0,172.3,122.2,50.2,40.3,90.5,65.5,47.5,False
SKHYNIX,50.0,0.0,False,2026-06-23 00:25:00+00:00,2026-06-25 00:00:00+00:00,2.0,143.8,102.6,41.1,74.3,115.5,90.5,72.5,False
SKHYNIX,50.0,0.0,False,2026-06-25 00:40:00+00:00,2026-06-25 03:20:00+00:00,0.1,76.5,-13.4,89.9,0.0,89.9,64.9,46.9,False
SKHYNIX,50.0,0.0,False,2026-06-26 00:55:00+00:00,2026-06-29 00:00:00+00:00,3.0,38.4,105.5,-67.1,54.1,-12.9,-37.9,-55.9,False
SKHYNIX,50.0,0.0,False,2026-06-29 00:40:00+00:00,2026-06-30 00:00:00+00:00,1.0,98.1,75.2,22.9,18.2,41.1,16.1,-1.9,False
SKHYNIX,50.0,0.0,False,2026-06-30 00:45:00+00:00,2026-07-01 00:00:00+00:00,1.0,88.3,76.8,11.5,9.1,20.6,-4.4,-22.4,False
SKHYNIX,50.0,0.0,False,2026-07-01 00:40:00+00:00,2026-07-02 00:00:00+00:00,1.0,94.7,83.7,11.0,-13.0,-2.0,-27.0,-45.0,False
SKHYNIX,50.0,0.0,False,2026-07-02 00:35:00+00:00,2026-07-03 05:35:00+00:00,1.2,102.0,-19.7,121.7,46.0,167.8,142.8,124.8,False
SKHYNIX,50.0,0.0,False,2026-07-06 02:15:00+00:00,2026-07-07 00:00:00+00:00,0.9,83.3,89.8,-6.4,24.7,18.3,-6.7,-24.7,False
SKHYNIX,50.0,0.0,False,2026-07-07 00:50:00+00:00,2026-07-08 00:00:00+00:00,1.0,84.9,38.1,46.8,57.4,104.2,79.2,61.2,False
SKHYNIX,50.0,0.0,False,2026-07-08 02:10:00+00:00,2026-07-10 00:00:00+00:00,1.9,67.2,87.6,-20.4,121.5,101.1,76.1,58.1,False
SKHYNIX,50.0,0.0,False,2026-07-10 00:25:00+00:00,2026-07-13 00:00:00+00:00,3.0,151.4,109.5,42.0,31.5,73.4,48.4,30.4,False
SKHYNIX,50.0,0.0,False,2026-07-13 00:40:00+00:00,2026-07-15 01:10:00+00:00,2.0,153.7,-32.2,185.9,138.9,324.8,299.8,281.8,False
SKHYNIX,50.0,0.0,False,2026-07-16 00:50:00+00:00,2026-07-20 00:00:00+00:00,4.0,71.7,33.7,38.0,-6.9,31.1,6.1,-11.9,False
SKHYNIX,50.0,0.0,False,2026-07-27 02:30:00+00:00,2026-07-30 00:00:00+00:00,2.9,61.9,103.4,-41.6,79.0,37.4,12.4,-5.6,False
SKHYNIX,50.0,0.0,False,2026-07-30 00:35:00+00:00,2026-07-31 00:50:00+00:00,1.0,94.6,20.7,73.9,97.2,171.1,146.1,128.1,False
SKHYNIX,50.0,0.0,False,2026-08-07 01:55:00+00:00,2026-08-11 00:00:00+00:00,3.9,65.3,17.3,48.0,42.6,90.6,65.6,47.6,False
SKHYNIX,50.0,0.0,True,2026-06-02 03:15:00+00:00,2026-06-04 00:00:00+00:00,1.9,162.8,229.6,-66.8,32.2,-34.6,-59.6,-77.6,False
SKHYNIX,50.0,0.0,True,2026-06-04 00:15:00+00:00,2026-06-05 00:00:00+00:00,1.0,297.9,166.9,130.9,62.4,193.3,168.3,150.3,False
SKHYNIX,50.0,0.0,True,2026-06-05 00:30:00+00:00,2026-06-05 00:35:00+00:00,0.0,221.2,220.2,1.0,0.0,1.0,-24.0,-42.0,False
SKHYNIX,50.0,0.0,True,2026-06-05 00:40:00+00:00,2026-06-05 00:45:00+00:00,0.0,270.2,270.8,-0.6,0.0,-0.6,-25.6,-43.6,False
SKHYNIX,50.0,0.0,True,2026-06-05 00:50:00+00:00,2026-06-05 00:55:00+00:00,0.0,245.4,235.3,10.1,0.0,10.1,-14.9,-32.9,False
SKHYNIX,50.0,0.0,True,2026-06-05 01:00:00+00:00,2026-06-05 01:05:00+00:00,0.0,227.0,246.7,-19.7,0.0,-19.7,-44.7,-62.7,False
SKHYNIX,50.0,0.0,True,2026-06-05 01:10:00+00:00,2026-06-05 01:15:00+00:00,0.0,246.5,227.9,18.6,0.0,18.6,-6.4,-24.4,False
SKHYNIX,50.0,0.0,True,2026-06-05 01:20:00+00:00,2026-06-05 01:25:00+00:00,0.0,224.8,222.9,2.0,0.0,2.0,-23.0,-41.0,False
SKHYNIX,50.0,0.0,True,2026-06-05 01:30:00+00:00,2026-06-05 01:35:00+00:00,0.0,202.0,164.3,37.7,0.0,37.7,12.7,-5.3,False
SKHYNIX,50.0,0.0,True,2026-06-05 01:40:00+00:00,2026-06-05 01:45:00+00:00,0.0,165.4,180.2,-14.8,0.0,-14.8,-39.8,-57.8,False
SKHYNIX,50.0,0.0,True,2026-06-05 01:50:00+00:00,2026-06-05 01:55:00+00:00,0.0,165.2,155.2,9.9,0.0,9.9,-15.1,-33.1,False
SKHYNIX,50.0,0.0,True,2026-06-05 02:00:00+00:00,2026-06-05 02:05:00+00:00,0.0,155.0,135.4,19.6,0.0,19.6,-5.4,-23.4,False
SKHYNIX,50.0,0.0,True,2026-06-05 02:10:00+00:00,2026-06-05 02:15:00+00:00,0.0,178.3,102.1,76.3,0.0,76.3,51.3,33.3,False
SKHYNIX,50.0,0.0,True,2026-06-05 02:20:00+00:00,2026-06-05 02:25:00+00:00,0.0,107.8,73.3,34.5,0.0,34.5,9.5,-8.5,False
SKHYNIX,50.0,0.0,True,2026-06-05 02:30:00+00:00,2026-06-05 02:35:00+00:00,0.0,56.1,69.1,-13.0,0.0,-13.0,-38.0,-56.0,False
SKHYNIX,50.0,0.0,True,2026-06-05 02:40:00+00:00,2026-06-05 02:45:00+00:00,0.0,46.6,49.2,-2.6,0.0,-2.6,-27.6,-45.6,False
SKHYNIX,50.0,0.0,True,2026-06-05 02:50:00+00:00,2026-06-05 02:55:00+00:00,0.0,62.5,63.1,-0.7,0.0,-0.7,-25.7,-43.7,False
SKHYNIX,50.0,0.0,True,2026-06-05 03:00:00+00:00,2026-06-05 03:05:00+00:00,0.0,57.0,55.1,1.9,0.0,1.9,-23.1,-41.1,False
SKHYNIX,50.0,0.0,True,2026-06-05 03:10:00+00:00,2026-06-05 03:15:00+00:00,0.0,69.8,65.9,4.0,0.0,4.0,-21.0,-39.0,False
SKHYNIX,50.0,0.0,True,2026-06-05 03:20:00+00:00,2026-06-05 03:25:00+00:00,0.0,63.3,113.8,-50.5,0.0,-50.5,-75.5,-93.5,False
SKHYNIX,50.0,0.0,True,2026-06-05 03:30:00+00:00,2026-06-05 03:35:00+00:00,0.0,63.8,84.2,-20.4,0.0,-20.4,-45.4,-63.4,False
SKHYNIX,50.0,0.0,True,2026-06-05 03:40:00+00:00,2026-06-05 03:45:00+00:00,0.0,5.9,0.0,5.9,0.0,5.9,-19.1,-37.1,False
SKHYNIX,50.0,0.0,True,2026-06-05 03:50:00+00:00,2026-06-05 03:55:00+00:00,0.0,-30.7,-44.6,13.9,0.0,13.9,-11.1,-29.1,False
SKHYNIX,50.0,0.0,True,2026-06-05 05:10:00+00:00,2026-06-05 05:15:00+00:00,0.0,56.9,69.1,-12.2,0.0,-12.2,-37.2,-55.2,False
SKHYNIX,50.0,0.0,True,2026-06-05 05:20:00+00:00,2026-06-05 05:25:00+00:00,0.0,75.7,69.1,6.6,0.0,6.6,-18.4,-36.4,False
SKHYNIX,50.0,0.0,True,2026-06-05 05:30:00+00:00,2026-06-05 05:35:00+00:00,0.0,56.2,61.5,-5.3,0.0,-5.3,-30.3,-48.3,False
SKHYNIX,50.0,0.0,True,2026-06-05 05:40:00+00:00,2026-06-05 05:45:00+00:00,0.0,63.7,69.4,-5.7,0.0,-5.7,-30.7,-48.7,False
SKHYNIX,50.0,0.0,True,2026-06-05 05:50:00+00:00,2026-06-05 05:55:00+00:00,0.0,68.3,57.6,10.8,0.0,10.8,-14.2,-32.2,False
SKHYNIX,50.0,0.0,True,2026-06-05 06:00:00+00:00,2026-06-05 06:05:00+00:00,0.0,38.6,18.4,20.2,0.0,20.2,-4.8,-22.8,False
SKHYNIX,50.0,0.0,True,2026-06-05 06:10:00+00:00,2026-06-05 06:15:00+00:00,0.0,18.7,16.5,2.2,0.0,2.2,-22.8,-40.8,False
SKHYNIX,50.0,0.0,True,2026-06-08 00:15:00+00:00,2026-06-09 05:35:00+00:00,1.2,344.8,-102.5,447.3,75.7,523.0,498.0,480.0,False
SKHYNIX,50.0,0.0,True,2026-06-10 00:00:00+00:00,2026-06-11 00:00:00+00:00,1.0,54.8,115.9,-61.1,50.7,-10.4,-35.4,-53.4,False
SKHYNIX,50.0,0.0,True,2026-06-11 00:30:00+00:00,2026-06-12 00:00:00+00:00,1.0,82.8,113.2,-30.4,34.4,3.9,-21.1,-39.1,False
SKHYNIX,50.0,0.0,True,2026-06-12 00:25:00+00:00,2026-06-15 00:00:00+00:00,3.0,103.3,145.0,-41.8,16.6,-25.2,-50.2,-68.2,False
SKHYNIX,50.0,0.0,True,2026-06-15 00:25:00+00:00,2026-06-16 00:00:00+00:00,1.0,86.9,20.1,66.9,44.0,110.8,85.8,67.8,False
SKHYNIX,50.0,0.0,True,2026-06-17 05:10:00+00:00,2026-06-22 00:00:00+00:00,4.8,116.5,172.7,-56.2,90.5,34.3,9.3,-8.7,False
SKHYNIX,50.0,0.0,True,2026-06-22 00:35:00+00:00,2026-06-23 00:00:00+00:00,1.0,172.3,122.2,50.2,40.3,90.5,65.5,47.5,False
SKHYNIX,50.0,0.0,True,2026-06-23 00:25:00+00:00,2026-06-25 00:00:00+00:00,2.0,143.8,102.6,41.1,74.3,115.5,90.5,72.5,False
SKHYNIX,50.0,0.0,True,2026-06-25 00:40:00+00:00,2026-06-25 03:20:00+00:00,0.1,76.5,-13.4,89.9,0.0,89.9,64.9,46.9,False
SKHYNIX,50.0,0.0,True,2026-06-26 00:55:00+00:00,2026-06-29 00:00:00+00:00,3.0,38.4,105.5,-67.1,54.1,-12.9,-37.9,-55.9,False
SKHYNIX,50.0,0.0,True,2026-06-29 00:40:00+00:00,2026-06-30 00:00:00+00:00,1.0,98.1,75.2,22.9,18.2,41.1,16.1,-1.9,False
SKHYNIX,50.0,0.0,True,2026-06-30 00:45:00+00:00,2026-07-01 00:00:00+00:00,1.0,88.3,76.8,11.5,9.1,20.6,-4.4,-22.4,False
SKHYNIX,50.0,0.0,True,2026-07-01 00:40:00+00:00,2026-07-02 00:00:00+00:00,1.0,94.7,83.7,11.0,-13.0,-2.0,-27.0,-45.0,False
SKHYNIX,50.0,0.0,True,2026-07-02 00:35:00+00:00,2026-07-03 05:35:00+00:00,1.2,102.0,-19.7,121.7,46.0,167.8,142.8,124.8,False
SKHYNIX,50.0,0.0,True,2026-07-06 02:15:00+00:00,2026-07-07 00:00:00+00:00,0.9,83.3,89.8,-6.4,24.7,18.3,-6.7,-24.7,False
SKHYNIX,50.0,0.0,True,2026-07-07 00:50:00+00:00,2026-07-08 00:00:00+00:00,1.0,84.9,38.1,46.8,57.4,104.2,79.2,61.2,False
SKHYNIX,50.0,0.0,True,2026-07-08 02:10:00+00:00,2026-07-10 00:00:00+00:00,1.9,67.2,87.6,-20.4,121.5,101.1,76.1,58.1,False
SKHYNIX,50.0,0.0,True,2026-07-10 00:25:00+00:00,2026-07-13 00:00:00+00:00,3.0,151.4,109.5,42.0,31.5,73.4,48.4,30.4,False
SKHYNIX,50.0,0.0,True,2026-07-13 00:40:00+00:00,2026-07-15 01:10:00+00:00,2.0,153.7,-32.2,185.9,138.9,324.8,299.8,281.8,False
SKHYNIX,50.0,0.0,True,2026-07-16 00:50:00+00:00,2026-07-20 00:00:00+00:00,4.0,71.7,33.7,38.0,-6.9,31.1,6.1,-11.9,False
SKHYNIX,50.0,0.0,True,2026-07-27 02:30:00+00:00,2026-07-30 00:00:00+00:00,2.9,61.9,103.4,-41.6,79.0,37.4,12.4,-5.6,False
SKHYNIX,50.0,0.0,True,2026-07-30 00:35:00+00:00,2026-07-31 00:50:00+00:00,1.0,94.6,20.7,73.9,97.2,171.1,146.1,128.1,False
SKHYNIX,50.0,0.0,True,2026-08-07 01:55:00+00:00,2026-08-11 00:00:00+00:00,3.9,65.3,17.3,48.0,42.6,90.6,65.6,47.6,False
SKHYNIX,50.0,-10.0,False,2026-06-02 03:15:00+00:00,2026-06-04 00:00:00+00:00,1.9,162.8,229.6,-66.8,32.2,-34.6,-59.6,-77.6,False
SKHYNIX,50.0,-10.0,False,2026-06-04 00:15:00+00:00,2026-06-05 00:00:00+00:00,1.0,297.9,166.9,130.9,62.4,193.3,168.3,150.3,False
SKHYNIX,50.0,-10.0,False,2026-06-05 00:30:00+00:00,2026-06-08 00:00:00+00:00,3.0,221.2,346.8,-125.6,14.2,-111.4,-136.4,-154.4,False
SKHYNIX,50.0,-10.0,False,2026-06-08 00:15:00+00:00,2026-06-09 05:40:00+00:00,1.2,344.8,-28.5,373.2,75.7,448.9,423.9,405.9,False
SKHYNIX,50.0,-10.0,False,2026-06-10 00:00:00+00:00,2026-06-12 00:00:00+00:00,2.0,54.8,113.2,-58.4,63.0,4.6,-20.4,-38.4,False
SKHYNIX,50.0,-10.0,False,2026-06-12 00:25:00+00:00,2026-06-15 00:00:00+00:00,3.0,103.3,145.0,-41.8,16.6,-25.2,-50.2,-68.2,False
SKHYNIX,50.0,-10.0,False,2026-06-15 00:25:00+00:00,2026-06-22 00:00:00+00:00,7.0,86.9,172.7,-85.8,124.0,38.2,13.2,-4.8,False
SKHYNIX,50.0,-10.0,False,2026-06-22 00:35:00+00:00,2026-06-23 00:00:00+00:00,1.0,172.3,122.2,50.2,40.3,90.5,65.5,47.5,False
SKHYNIX,50.0,-10.0,False,2026-06-23 00:25:00+00:00,2026-06-25 04:20:00+00:00,2.2,143.8,-23.3,167.1,134.6,301.8,276.8,258.8,False
SKHYNIX,50.0,-10.0,False,2026-06-26 00:55:00+00:00,2026-06-29 00:00:00+00:00,3.0,38.4,105.5,-67.1,54.1,-12.9,-37.9,-55.9,False
SKHYNIX,50.0,-10.0,False,2026-06-29 00:40:00+00:00,2026-07-01 00:00:00+00:00,2.0,98.1,76.8,21.3,27.3,48.6,23.6,5.6,False
SKHYNIX,50.0,-10.0,False,2026-07-01 00:40:00+00:00,2026-07-02 00:00:00+00:00,1.0,94.7,83.7,11.0,-13.0,-2.0,-27.0,-45.0,False
SKHYNIX,50.0,-10.0,False,2026-07-02 00:35:00+00:00,2026-07-06 00:00:00+00:00,4.0,102.0,62.7,39.3,53.9,93.2,68.2,50.2,False
SKHYNIX,50.0,-10.0,False,2026-07-06 02:15:00+00:00,2026-07-07 00:00:00+00:00,0.9,83.3,89.8,-6.4,24.7,18.3,-6.7,-24.7,False
SKHYNIX,50.0,-10.0,False,2026-07-07 00:50:00+00:00,2026-07-08 00:00:00+00:00,1.0,84.9,38.1,46.8,57.4,104.2,79.2,61.2,False
SKHYNIX,50.0,-10.0,False,2026-07-08 02:10:00+00:00,2026-07-10 00:00:00+00:00,1.9,67.2,87.6,-20.4,121.5,101.1,76.1,58.1,False
SKHYNIX,50.0,-10.0,False,2026-07-10 00:25:00+00:00,2026-07-13 00:00:00+00:00,3.0,151.4,109.5,42.0,31.5,73.4,48.4,30.4,False
SKHYNIX,50.0,-10.0,False,2026-07-13 00:40:00+00:00,2026-07-15 01:25:00+00:00,2.0,153.7,-24.7,178.4,138.9,317.3,292.3,274.3,False
SKHYNIX,50.0,-10.0,False,2026-07-16 00:50:00+00:00,2026-07-20 00:00:00+00:00,4.0,71.7,33.7,38.0,-6.9,31.1,6.1,-11.9,False
SKHYNIX,50.0,-10.0,False,2026-07-27 02:30:00+00:00,2026-07-30 00:00:00+00:00,2.9,61.9,103.4,-41.6,79.0,37.4,12.4,-5.6,False
SKHYNIX,50.0,-10.0,False,2026-07-30 00:35:00+00:00,2026-07-31 05:05:00+00:00,1.2,94.6,-72.7,167.2,97.2,264.5,239.5,221.5,False
SKHYNIX,50.0,-10.0,False,2026-08-07 01:55:00+00:00,2026-08-11 00:00:00+00:00,3.9,65.3,17.3,48.0,42.6,90.6,65.6,47.6,False
SKHYNIX,50.0,-10.0,True,2026-06-02 03:15:00+00:00,2026-06-04 00:00:00+00:00,1.9,162.8,229.6,-66.8,32.2,-34.6,-59.6,-77.6,False
SKHYNIX,50.0,-10.0,True,2026-06-04 00:15:00+00:00,2026-06-05 00:00:00+00:00,1.0,297.9,166.9,130.9,62.4,193.3,168.3,150.3,False
SKHYNIX,50.0,-10.0,True,2026-06-05 00:30:00+00:00,2026-06-05 00:35:00+00:00,0.0,221.2,220.2,1.0,0.0,1.0,-24.0,-42.0,False
SKHYNIX,50.0,-10.0,True,2026-06-05 00:40:00+00:00,2026-06-05 00:45:00+00:00,0.0,270.2,270.8,-0.6,0.0,-0.6,-25.6,-43.6,False
SKHYNIX,50.0,-10.0,True,2026-06-05 00:50:00+00:00,2026-06-05 00:55:00+00:00,0.0,245.4,235.3,10.1,0.0,10.1,-14.9,-32.9,False
SKHYNIX,50.0,-10.0,True,2026-06-05 01:00:00+00:00,2026-06-05 01:05:00+00:00,0.0,227.0,246.7,-19.7,0.0,-19.7,-44.7,-62.7,False
SKHYNIX,50.0,-10.0,True,2026-06-05 01:10:00+00:00,2026-06-05 01:15:00+00:00,0.0,246.5,227.9,18.6,0.0,18.6,-6.4,-24.4,False
SKHYNIX,50.0,-10.0,True,2026-06-05 01:20:00+00:00,2026-06-05 01:25:00+00:00,0.0,224.8,222.9,2.0,0.0,2.0,-23.0,-41.0,False
SKHYNIX,50.0,-10.0,True,2026-06-05 01:30:00+00:00,2026-06-05 01:35:00+00:00,0.0,202.0,164.3,37.7,0.0,37.7,12.7,-5.3,False
SKHYNIX,50.0,-10.0,True,2026-06-05 01:40:00+00:00,2026-06-05 01:45:00+00:00,0.0,165.4,180.2,-14.8,0.0,-14.8,-39.8,-57.8,False
SKHYNIX,50.0,-10.0,True,2026-06-05 01:50:00+00:00,2026-06-05 01:55:00+00:00,0.0,165.2,155.2,9.9,0.0,9.9,-15.1,-33.1,False
SKHYNIX,50.0,-10.0,True,2026-06-05 02:00:00+00:00,2026-06-05 02:05:00+00:00,0.0,155.0,135.4,19.6,0.0,19.6,-5.4,-23.4,False
SKHYNIX,50.0,-10.0,True,2026-06-05 02:10:00+00:00,2026-06-05 02:15:00+00:00,0.0,178.3,102.1,76.3,0.0,76.3,51.3,33.3,False
SKHYNIX,50.0,-10.0,True,2026-06-05 02:20:00+00:00,2026-06-05 02:25:00+00:00,0.0,107.8,73.3,34.5,0.0,34.5,9.5,-8.5,False
SKHYNIX,50.0,-10.0,True,2026-06-05 02:30:00+00:00,2026-06-05 02:35:00+00:00,0.0,56.1,69.1,-13.0,0.0,-13.0,-38.0,-56.0,False
SKHYNIX,50.0,-10.0,True,2026-06-05 02:40:00+00:00,2026-06-05 02:45:00+00:00,0.0,46.6,49.2,-2.6,0.0,-2.6,-27.6,-45.6,False
SKHYNIX,50.0,-10.0,True,2026-06-05 02:50:00+00:00,2026-06-05 02:55:00+00:00,0.0,62.5,63.1,-0.7,0.0,-0.7,-25.7,-43.7,False
SKHYNIX,50.0,-10.0,True,2026-06-05 03:00:00+00:00,2026-06-05 03:05:00+00:00,0.0,57.0,55.1,1.9,0.0,1.9,-23.1,-41.1,False
SKHYNIX,50.0,-10.0,True,2026-06-05 03:10:00+00:00,2026-06-05 03:15:00+00:00,0.0,69.8,65.9,4.0,0.0,4.0,-21.0,-39.0,False
SKHYNIX,50.0,-10.0,True,2026-06-05 03:20:00+00:00,2026-06-05 03:25:00+00:00,0.0,63.3,113.8,-50.5,0.0,-50.5,-75.5,-93.5,False
SKHYNIX,50.0,-10.0,True,2026-06-05 03:30:00+00:00,2026-06-05 03:35:00+00:00,0.0,63.8,84.2,-20.4,0.0,-20.4,-45.4,-63.4,False
SKHYNIX,50.0,-10.0,True,2026-06-05 03:40:00+00:00,2026-06-05 03:45:00+00:00,0.0,5.9,0.0,5.9,0.0,5.9,-19.1,-37.1,False
SKHYNIX,50.0,-10.0,True,2026-06-05 03:50:00+00:00,2026-06-05 03:55:00+00:00,0.0,-30.7,-44.6,13.9,0.0,13.9,-11.1,-29.1,False
SKHYNIX,50.0,-10.0,True,2026-06-05 05:10:00+00:00,2026-06-05 05:15:00+00:00,0.0,56.9,69.1,-12.2,0.0,-12.2,-37.2,-55.2,False
SKHYNIX,50.0,-10.0,True,2026-06-05 05:20:00+00:00,2026-06-05 05:25:00+00:00,0.0,75.7,69.1,6.6,0.0,6.6,-18.4,-36.4,False
SKHYNIX,50.0,-10.0,True,2026-06-05 05:30:00+00:00,2026-06-05 05:35:00+00:00,0.0,56.2,61.5,-5.3,0.0,-5.3,-30.3,-48.3,False
SKHYNIX,50.0,-10.0,True,2026-06-05 05:40:00+00:00,2026-06-05 05:45:00+00:00,0.0,63.7,69.4,-5.7,0.0,-5.7,-30.7,-48.7,False
SKHYNIX,50.0,-10.0,True,2026-06-05 05:50:00+00:00,2026-06-05 05:55:00+00:00,0.0,68.3,57.6,10.8,0.0,10.8,-14.2,-32.2,False
SKHYNIX,50.0,-10.0,True,2026-06-05 06:00:00+00:00,2026-06-05 06:05:00+00:00,0.0,38.6,18.4,20.2,0.0,20.2,-4.8,-22.8,False
SKHYNIX,50.0,-10.0,True,2026-06-05 06:10:00+00:00,2026-06-05 06:15:00+00:00,0.0,18.7,16.5,2.2,0.0,2.2,-22.8,-40.8,False
SKHYNIX,50.0,-10.0,True,2026-06-08 00:15:00+00:00,2026-06-09 05:40:00+00:00,1.2,344.8,-28.5,373.2,75.7,448.9,423.9,405.9,False
SKHYNIX,50.0,-10.0,True,2026-06-10 00:00:00+00:00,2026-06-12 00:00:00+00:00,2.0,54.8,113.2,-58.4,63.0,4.6,-20.4,-38.4,False
SKHYNIX,50.0,-10.0,True,2026-06-12 00:25:00+00:00,2026-06-15 00:00:00+00:00,3.0,103.3,145.0,-41.8,16.6,-25.2,-50.2,-68.2,False
SKHYNIX,50.0,-10.0,True,2026-06-15 00:25:00+00:00,2026-06-22 00:00:00+00:00,7.0,86.9,172.7,-85.8,124.0,38.2,13.2,-4.8,False
SKHYNIX,50.0,-10.0,True,2026-06-22 00:35:00+00:00,2026-06-23 00:00:00+00:00,1.0,172.3,122.2,50.2,40.3,90.5,65.5,47.5,False
SKHYNIX,50.0,-10.0,True,2026-06-23 00:25:00+00:00,2026-06-25 04:20:00+00:00,2.2,143.8,-23.3,167.1,134.6,301.8,276.8,258.8,False
SKHYNIX,50.0,-10.0,True,2026-06-26 00:55:00+00:00,2026-06-29 00:00:00+00:00,3.0,38.4,105.5,-67.1,54.1,-12.9,-37.9,-55.9,False
SKHYNIX,50.0,-10.0,True,2026-06-29 00:40:00+00:00,2026-07-01 00:00:00+00:00,2.0,98.1,76.8,21.3,27.3,48.6,23.6,5.6,False
SKHYNIX,50.0,-10.0,True,2026-07-01 00:40:00+00:00,2026-07-02 00:00:00+00:00,1.0,94.7,83.7,11.0,-13.0,-2.0,-27.0,-45.0,False
SKHYNIX,50.0,-10.0,True,2026-07-02 00:35:00+00:00,2026-07-06 00:00:00+00:00,4.0,102.0,62.7,39.3,53.9,93.2,68.2,50.2,False
SKHYNIX,50.0,-10.0,True,2026-07-06 02:15:00+00:00,2026-07-07 00:00:00+00:00,0.9,83.3,89.8,-6.4,24.7,18.3,-6.7,-24.7,False
SKHYNIX,50.0,-10.0,True,2026-07-07 00:50:00+00:00,2026-07-08 00:00:00+00:00,1.0,84.9,38.1,46.8,57.4,104.2,79.2,61.2,False
SKHYNIX,50.0,-10.0,True,2026-07-08 02:10:00+00:00,2026-07-10 00:00:00+00:00,1.9,67.2,87.6,-20.4,121.5,101.1,76.1,58.1,False
SKHYNIX,50.0,-10.0,True,2026-07-10 00:25:00+00:00,2026-07-13 00:00:00+00:00,3.0,151.4,109.5,42.0,31.5,73.4,48.4,30.4,False
SKHYNIX,50.0,-10.0,True,2026-07-13 00:40:00+00:00,2026-07-15 01:25:00+00:00,2.0,153.7,-24.7,178.4,138.9,317.3,292.3,274.3,False
SKHYNIX,50.0,-10.0,True,2026-07-16 00:50:00+00:00,2026-07-20 00:00:00+00:00,4.0,71.7,33.7,38.0,-6.9,31.1,6.1,-11.9,False
SKHYNIX,50.0,-10.0,True,2026-07-27 02:30:00+00:00,2026-07-30 00:00:00+00:00,2.9,61.9,103.4,-41.6,79.0,37.4,12.4,-5.6,False
SKHYNIX,50.0,-10.0,True,2026-07-30 00:35:00+00:00,2026-07-31 05:05:00+00:00,1.2,94.6,-72.7,167.2,97.2,264.5,239.5,221.5,False
SKHYNIX,50.0,-10.0,True,2026-08-07 01:55:00+00:00,2026-08-11 00:00:00+00:00,3.9,65.3,17.3,48.0,42.6,90.6,65.6,47.6,False
SAMSUNG,10.0,0.0,False,2026-06-02 03:15:00+00:00,2026-06-04 00:00:00+00:00,1.9,171.1,179.0,-7.8,40.8,33.0,8.0,-10.0,False
SAMSUNG,10.0,0.0,False,2026-06-04 00:15:00+00:00,2026-06-05 00:00:00+00:00,1.0,180.1,120.6,59.5,32.3,91.8,66.8,48.8,False
SAMSUNG,10.0,0.0,False,2026-06-05 00:20:00+00:00,2026-06-08 00:00:00+00:00,3.0,192.5,110.9,81.6,-7.4,74.2,49.2,31.2,False
SAMSUNG,10.0,0.0,False,2026-06-08 00:15:00+00:00,2026-06-09 00:00:00+00:00,1.0,165.6,132.7,32.9,65.2,98.1,73.1,55.1,False
SAMSUNG,10.0,0.0,False,2026-06-09 00:15:00+00:00,2026-06-09 05:50:00+00:00,0.2,102.1,1.1,101.1,0.0,101.1,76.1,58.1,False
SAMSUNG,10.0,0.0,False,2026-06-10 00:00:00+00:00,2026-06-10 02:30:00+00:00,0.1,71.0,-56.3,127.2,0.0,127.2,102.2,84.2,False
SAMSUNG,10.0,0.0,False,2026-06-10 05:00:00+00:00,2026-06-11 00:00:00+00:00,0.8,12.3,16.8,-4.5,4.6,0.1,-24.9,-42.9,False
SAMSUNG,10.0,0.0,False,2026-06-11 00:15:00+00:00,2026-06-15 05:55:00+00:00,4.2,0.0,-20.4,20.4,65.1,85.5,60.5,42.5,False
SAMSUNG,10.0,0.0,False,2026-06-16 00:10:00+00:00,2026-06-22 00:00:00+00:00,6.0,63.6,101.8,-38.2,33.4,-4.7,-29.7,-47.7,False
SAMSUNG,10.0,0.0,False,2026-06-22 00:35:00+00:00,2026-06-23 00:00:00+00:00,1.0,139.2,98.8,40.4,44.6,85.0,60.0,42.0,False
SAMSUNG,10.0,0.0,False,2026-06-23 00:20:00+00:00,2026-06-23 06:05:00+00:00,0.2,106.0,-40.3,146.3,0.0,146.3,121.3,103.3,False
SAMSUNG,10.0,0.0,False,2026-06-24 00:10:00+00:00,2026-06-25 00:00:00+00:00,1.0,84.7,15.1,69.6,13.9,83.5,58.5,40.5,False
SAMSUNG,10.0,0.0,False,2026-06-25 00:15:00+00:00,2026-06-26 01:40:00+00:00,1.1,104.9,0.0,104.9,-2.6,102.3,77.3,59.3,False
SAMSUNG,10.0,0.0,False,2026-06-26 02:00:00+00:00,2026-06-29 00:00:00+00:00,2.9,19.1,18.6,0.5,26.3,26.8,1.8,-16.2,False
SAMSUNG,10.0,0.0,False,2026-06-29 00:35:00+00:00,2026-06-30 05:00:00+00:00,1.2,85.9,-3.8,89.7,19.0,108.7,83.7,65.7,False
SAMSUNG,10.0,0.0,False,2026-07-01 00:50:00+00:00,2026-07-02 00:00:00+00:00,1.0,26.7,72.1,-45.5,-15.2,-60.7,-85.7,-103.7,False
SAMSUNG,10.0,0.0,False,2026-07-02 00:30:00+00:00,2026-07-07 00:00:00+00:00,5.0,75.3,88.3,-13.0,69.8,56.8,31.8,13.8,False
SAMSUNG,10.0,0.0,False,2026-07-07 00:40:00+00:00,2026-07-08 00:00:00+00:00,1.0,70.8,24.9,46.0,29.8,75.8,50.8,32.8,False
SAMSUNG,10.0,0.0,False,2026-07-08 00:25:00+00:00,2026-07-09 00:00:00+00:00,1.0,85.2,53.9,31.3,34.0,65.3,40.3,22.3,False
SAMSUNG,10.0,0.0,False,2026-07-09 00:15:00+00:00,2026-07-10 00:00:00+00:00,1.0,15.0,51.4,-36.4,56.8,20.4,-4.6,-22.6,False
SAMSUNG,10.0,0.0,False,2026-07-10 00:15:00+00:00,2026-07-10 04:55:00+00:00,0.2,74.3,-9.0,83.3,0.0,83.3,58.3,40.3,False
SAMSUNG,10.0,0.0,False,2026-07-13 00:55:00+00:00,2026-07-14 00:00:00+00:00,1.0,68.9,107.5,-38.6,71.1,32.5,7.5,-10.5,False
SAMSUNG,10.0,0.0,False,2026-07-14 00:10:00+00:00,2026-07-20 00:00:00+00:00,6.0,120.8,55.5,65.3,31.3,96.6,71.6,53.6,False
SAMSUNG,10.0,0.0,False,2026-07-20 00:35:00+00:00,2026-07-24 00:00:00+00:00,4.0,47.9,19.4,28.5,55.5,84.0,59.0,41.0,False
SAMSUNG,10.0,0.0,False,2026-07-24 00:30:00+00:00,2026-07-28 00:00:00+00:00,4.0,26.9,42.7,-15.8,40.5,24.7,-0.3,-18.3,False
SAMSUNG,10.0,0.0,False,2026-07-28 00:30:00+00:00,2026-07-31 03:05:00+00:00,3.1,45.4,-3.3,48.7,175.7,224.4,199.4,181.4,False
SAMSUNG,10.0,0.0,False,2026-07-31 05:50:00+00:00,2026-08-03 01:25:00+00:00,2.8,16.8,-14.1,30.9,-22.9,8.0,-17.0,-35.0,False
SAMSUNG,10.0,0.0,False,2026-08-04 00:00:00+00:00,2026-08-04 00:55:00+00:00,0.0,-51.4,17.6,-69.1,4.2,-64.9,-89.9,-107.9,False
SAMSUNG,10.0,0.0,False,2026-08-04 03:15:00+00:00,2026-08-05 00:00:00+00:00,0.9,31.5,24.6,6.9,22.3,29.2,4.2,-13.8,False
SAMSUNG,10.0,0.0,False,2026-08-05 00:20:00+00:00,2026-08-06 00:00:00+00:00,1.0,14.4,-4.8,19.3,6.9,26.1,1.1,-16.9,False
SAMSUNG,10.0,0.0,False,2026-08-06 00:50:00+00:00,2026-08-07 00:00:00+00:00,1.0,14.3,-9.5,23.8,16.9,40.6,15.6,-2.4,False
SAMSUNG,10.0,0.0,False,2026-08-10 03:15:00+00:00,2026-08-11 00:00:00+00:00,0.9,9.5,-10.4,19.9,2.9,22.7,-2.3,-20.3,False
SAMSUNG,10.0,0.0,False,2026-08-13 00:00:00+00:00,2026-08-13 00:25:00+00:00,0.0,-25.9,-16.2,-9.8,0.0,-9.8,-34.8,-52.8,False
SAMSUNG,10.0,0.0,True,2026-06-02 03:15:00+00:00,2026-06-04 00:00:00+00:00,1.9,171.1,179.0,-7.8,40.8,33.0,8.0,-10.0,False
SAMSUNG,10.0,0.0,True,2026-06-04 00:15:00+00:00,2026-06-05 00:00:00+00:00,1.0,180.1,120.6,59.5,32.3,91.8,66.8,48.8,False
SAMSUNG,10.0,0.0,True,2026-06-05 00:20:00+00:00,2026-06-05 00:25:00+00:00,0.0,192.5,215.5,-22.9,0.0,-22.9,-47.9,-65.9,False
SAMSUNG,10.0,0.0,True,2026-06-05 00:30:00+00:00,2026-06-05 00:35:00+00:00,0.0,160.3,181.5,-21.2,0.0,-21.2,-46.2,-64.2,False
SAMSUNG,10.0,0.0,True,2026-06-05 00:40:00+00:00,2026-06-05 00:45:00+00:00,0.0,222.1,215.7,6.3,0.0,6.3,-18.7,-36.7,False
SAMSUNG,10.0,0.0,True,2026-06-05 00:50:00+00:00,2026-06-05 00:55:00+00:00,0.0,198.8,178.7,20.2,0.0,20.2,-4.8,-22.8,False
SAMSUNG,10.0,0.0,True,2026-06-05 01:00:00+00:00,2026-06-05 01:05:00+00:00,0.0,152.0,182.7,-30.7,0.0,-30.7,-55.7,-73.7,False
SAMSUNG,10.0,0.0,True,2026-06-05 01:10:00+00:00,2026-06-05 01:15:00+00:00,0.0,129.9,110.5,19.4,0.0,19.4,-5.6,-23.6,False
SAMSUNG,10.0,0.0,True,2026-06-05 01:20:00+00:00,2026-06-05 01:25:00+00:00,0.0,131.9,89.2,42.7,0.0,42.7,17.7,-0.3,False
SAMSUNG,10.0,0.0,True,2026-06-05 01:30:00+00:00,2026-06-05 01:35:00+00:00,0.0,62.8,57.0,5.8,0.0,5.8,-19.2,-37.2,False
SAMSUNG,10.0,0.0,True,2026-06-05 01:40:00+00:00,2026-06-05 01:45:00+00:00,0.0,41.1,88.1,-47.0,0.0,-47.0,-72.0,-90.0,False
SAMSUNG,10.0,0.0,True,2026-06-05 01:50:00+00:00,2026-06-05 01:55:00+00:00,0.0,53.0,19.6,33.4,0.0,33.4,8.4,-9.6,False
SAMSUNG,10.0,0.0,True,2026-06-05 02:00:00+00:00,2026-06-05 02:05:00+00:00,0.0,17.2,13.3,3.9,0.0,3.9,-21.1,-39.1,False
SAMSUNG,10.0,0.0,True,2026-06-05 02:10:00+00:00,2026-06-05 02:15:00+00:00,0.0,44.7,61.8,-17.1,0.0,-17.1,-42.1,-60.1,False
SAMSUNG,10.0,0.0,True,2026-06-05 02:20:00+00:00,2026-06-05 02:25:00+00:00,0.0,26.0,37.5,-11.5,0.0,-11.5,-36.5,-54.5,False
SAMSUNG,10.0,0.0,True,2026-06-05 02:30:00+00:00,2026-06-05 02:35:00+00:00,0.0,58.5,27.8,30.7,0.0,30.7,5.7,-12.3,False
SAMSUNG,10.0,0.0,True,2026-06-05 02:40:00+00:00,2026-06-05 02:45:00+00:00,0.0,36.3,26.1,10.2,0.0,10.2,-14.8,-32.8,False
SAMSUNG,10.0,0.0,True,2026-06-05 02:50:00+00:00,2026-06-05 02:55:00+00:00,0.0,29.8,28.7,1.1,0.0,1.1,-23.9,-41.9,False
SAMSUNG,10.0,0.0,True,2026-06-05 03:00:00+00:00,2026-06-05 03:05:00+00:00,0.0,38.9,33.5,5.4,0.0,5.4,-19.6,-37.6,False
SAMSUNG,10.0,0.0,True,2026-06-05 03:10:00+00:00,2026-06-05 03:15:00+00:00,0.0,36.5,42.1,-5.7,0.0,-5.7,-30.7,-48.7,False
SAMSUNG,10.0,0.0,True,2026-06-05 03:20:00+00:00,2026-06-05 03:25:00+00:00,0.0,21.5,20.4,1.1,0.0,1.1,-23.9,-41.9,False
SAMSUNG,10.0,0.0,True,2026-06-05 03:30:00+00:00,2026-06-05 03:35:00+00:00,0.0,19.0,19.2,-0.2,0.0,-0.2,-25.2,-43.2,False
SAMSUNG,10.0,0.0,True,2026-06-05 03:40:00+00:00,2026-06-05 03:45:00+00:00,0.0,29.6,42.3,-12.7,0.0,-12.7,-37.7,-55.7,False
SAMSUNG,10.0,0.0,True,2026-06-05 03:50:00+00:00,2026-06-05 03:55:00+00:00,0.0,114.6,79.2,35.4,0.0,35.4,10.4,-7.6,False
SAMSUNG,10.0,0.0,True,2026-06-05 04:00:00+00:00,2026-06-05 04:05:00+00:00,0.0,96.3,77.1,19.2,0.0,19.2,-5.8,-23.8,False
SAMSUNG,10.0,0.0,True,2026-06-05 04:10:00+00:00,2026-06-05 04:15:00+00:00,0.0,68.1,62.7,5.3,0.0,5.3,-19.7,-37.7,False
SAMSUNG,10.0,0.0,True,2026-06-05 04:20:00+00:00,2026-06-05 04:25:00+00:00,0.0,38.9,64.4,-25.6,0.0,-25.6,-50.6,-68.6,False
SAMSUNG,10.0,0.0,True,2026-06-05 04:30:00+00:00,2026-06-05 04:35:00+00:00,0.0,39.5,36.7,2.8,0.0,2.8,-22.2,-40.2,False
SAMSUNG,10.0,0.0,True,2026-06-05 04:40:00+00:00,2026-06-05 04:45:00+00:00,0.0,59.8,27.1,32.7,0.0,32.7,7.7,-10.3,False
SAMSUNG,10.0,0.0,True,2026-06-05 04:50:00+00:00,2026-06-05 04:55:00+00:00,0.0,41.5,42.1,-0.6,0.0,-0.6,-25.6,-43.6,False
SAMSUNG,10.0,0.0,True,2026-06-05 05:00:00+00:00,2026-06-05 05:05:00+00:00,0.0,47.7,31.9,15.8,0.0,15.8,-9.2,-27.2,False
SAMSUNG,10.0,0.0,True,2026-06-05 05:10:00+00:00,2026-06-05 05:15:00+00:00,0.0,85.8,31.0,54.9,0.0,54.9,29.9,11.9,False
SAMSUNG,10.0,0.0,True,2026-06-05 05:20:00+00:00,2026-06-05 05:25:00+00:00,0.0,19.1,45.0,-25.9,0.0,-25.9,-50.9,-68.9,False
SAMSUNG,10.0,0.0,True,2026-06-05 05:30:00+00:00,2026-06-05 05:35:00+00:00,0.0,22.8,29.9,-7.0,0.0,-7.0,-32.0,-50.0,False
SAMSUNG,10.0,0.0,True,2026-06-05 05:40:00+00:00,2026-06-05 05:45:00+00:00,0.0,53.4,68.9,-15.5,0.0,-15.5,-40.5,-58.5,False
SAMSUNG,10.0,0.0,True,2026-06-05 05:50:00+00:00,2026-06-05 05:55:00+00:00,0.0,57.4,85.1,-27.8,0.0,-27.8,-52.8,-70.8,False
SAMSUNG,10.0,0.0,True,2026-06-05 06:00:00+00:00,2026-06-05 06:05:00+00:00,0.0,46.1,25.2,20.9,0.0,20.9,-4.1,-22.1,False
SAMSUNG,10.0,0.0,True,2026-06-05 06:10:00+00:00,2026-06-05 06:15:00+00:00,0.0,35.5,4.2,31.3,0.0,31.3,6.3,-11.7,False
SAMSUNG,10.0,0.0,True,2026-06-08 00:15:00+00:00,2026-06-09 00:00:00+00:00,1.0,165.6,132.7,32.9,65.2,98.1,73.1,55.1,False
SAMSUNG,10.0,0.0,True,2026-06-09 00:15:00+00:00,2026-06-09 05:50:00+00:00,0.2,102.1,1.1,101.1,0.0,101.1,76.1,58.1,False
SAMSUNG,10.0,0.0,True,2026-06-10 00:00:00+00:00,2026-06-10 02:30:00+00:00,0.1,71.0,-56.3,127.2,0.0,127.2,102.2,84.2,False
SAMSUNG,10.0,0.0,True,2026-06-10 05:00:00+00:00,2026-06-11 00:00:00+00:00,0.8,12.3,16.8,-4.5,4.6,0.1,-24.9,-42.9,False
SAMSUNG,10.0,0.0,True,2026-06-11 00:15:00+00:00,2026-06-11 00:20:00+00:00,0.0,0.0,0.0,0.0,0.0,0.0,-25.0,-43.0,False
SAMSUNG,10.0,0.0,True,2026-06-11 00:25:00+00:00,2026-06-11 00:30:00+00:00,0.0,27.0,52.1,-25.2,0.0,-25.2,-50.2,-68.2,False
SAMSUNG,10.0,0.0,True,2026-06-11 00:35:00+00:00,2026-06-11 00:40:00+00:00,0.0,31.5,33.6,-2.1,0.0,-2.1,-27.1,-45.1,False
SAMSUNG,10.0,0.0,True,2026-06-11 00:45:00+00:00,2026-06-11 00:50:00+00:00,0.0,34.1,5.0,29.1,0.0,29.1,4.1,-13.9,False
SAMSUNG,10.0,0.0,True,2026-06-11 00:55:00+00:00,2026-06-11 01:00:00+00:00,0.0,27.1,-10.7,37.8,0.0,37.8,12.8,-5.2,False
SAMSUNG,10.0,0.0,True,2026-06-11 01:05:00+00:00,2026-06-11 01:10:00+00:00,0.0,0.0,32.7,-32.7,0.0,-32.7,-57.7,-75.7,False
SAMSUNG,10.0,0.0,True,2026-06-11 01:15:00+00:00,2026-06-11 01:20:00+00:00,0.0,0.0,1.7,-1.7,0.0,-1.7,-26.7,-44.7,False
SAMSUNG,10.0,0.0,True,2026-06-11 01:25:00+00:00,2026-06-11 01:30:00+00:00,0.0,0.0,-2.9,2.9,0.0,2.9,-22.1,-40.1,False
SAMSUNG,10.0,0.0,True,2026-06-11 01:35:00+00:00,2026-06-11 01:40:00+00:00,0.0,0.0,-5.5,5.5,0.0,5.5,-19.5,-37.5,False
SAMSUNG,10.0,0.0,True,2026-06-11 02:55:00+00:00,2026-06-11 03:00:00+00:00,0.0,15.2,-22.8,38.0,0.0,38.0,13.0,-5.0,False
SAMSUNG,10.0,0.0,True,2026-06-11 03:35:00+00:00,2026-06-11 03:40:00+00:00,0.0,38.1,3.5,34.6,0.0,34.6,9.6,-8.4,False
SAMSUNG,10.0,0.0,True,2026-06-11 03:45:00+00:00,2026-06-11 03:50:00+00:00,0.0,9.9,26.4,-16.5,0.0,-16.5,-41.5,-59.5,False
SAMSUNG,10.0,0.0,True,2026-06-11 03:55:00+00:00,2026-06-11 04:00:00+00:00,0.0,30.5,29.7,0.8,0.0,0.8,-24.2,-42.2,False
SAMSUNG,10.0,0.0,True,2026-06-11 04:05:00+00:00,2026-06-11 04:10:00+00:00,0.0,42.3,41.5,0.8,0.0,0.8,-24.2,-42.2,False
SAMSUNG,10.0,0.0,True,2026-06-11 04:15:00+00:00,2026-06-11 04:20:00+00:00,0.0,35.3,31.6,3.7,0.0,3.7,-21.3,-39.3,False
SAMSUNG,10.0,0.0,True,2026-06-11 04:25:00+00:00,2026-06-11 04:30:00+00:00,0.0,35.5,31.2,4.3,0.0,4.3,-20.7,-38.7,False
SAMSUNG,10.0,0.0,True,2026-06-11 04:35:00+00:00,2026-06-11 04:40:00+00:00,0.0,28.7,35.7,-7.1,0.0,-7.1,-32.1,-50.1,False
SAMSUNG,10.0,0.0,True,2026-06-11 04:45:00+00:00,2026-06-11 04:50:00+00:00,0.0,6.7,31.0,-24.3,0.0,-24.3,-49.3,-67.3,False
SAMSUNG,10.0,0.0,True,2026-06-11 04:55:00+00:00,2026-06-11 05:00:00+00:00,0.0,0.0,16.3,-16.3,0.0,-16.3,-41.3,-59.3,False
SAMSUNG,10.0,0.0,True,2026-06-11 05:05:00+00:00,2026-06-11 05:10:00+00:00,0.0,4.3,4.6,-0.3,0.0,-0.3,-25.3,-43.3,False
SAMSUNG,10.0,0.0,True,2026-06-11 05:15:00+00:00,2026-06-11 05:20:00+00:00,0.0,6.5,2.9,3.5,0.0,3.5,-21.5,-39.5,False
SAMSUNG,10.0,0.0,True,2026-06-11 05:25:00+00:00,2026-06-11 05:30:00+00:00,0.0,13.1,11.7,1.4,0.0,1.4,-23.6,-41.6,False
SAMSUNG,10.0,0.0,True,2026-06-11 05:35:00+00:00,2026-06-11 05:40:00+00:00,0.0,18.6,8.6,10.0,0.0,10.0,-15.0,-33.0,False
SAMSUNG,10.0,0.0,True,2026-06-11 05:45:00+00:00,2026-06-11 05:50:00+00:00,0.0,19.0,16.5,2.5,0.0,2.5,-22.5,-40.5,False
SAMSUNG,10.0,0.0,True,2026-06-11 05:55:00+00:00,2026-06-11 06:00:00+00:00,0.0,10.3,22.2,-11.9,0.0,-11.9,-36.9,-54.9,False
SAMSUNG,10.0,0.0,True,2026-06-11 06:05:00+00:00,2026-06-11 06:10:00+00:00,0.0,33.6,18.5,15.0,0.0,15.0,-10.0,-28.0,False
SAMSUNG,10.0,0.0,True,2026-06-11 06:15:00+00:00,2026-06-15 05:55:00+00:00,4.0,8.3,-20.4,28.8,65.1,93.9,68.9,50.9,False
SAMSUNG,10.0,0.0,True,2026-06-16 00:10:00+00:00,2026-06-22 00:00:00+00:00,6.0,63.6,101.8,-38.2,33.4,-4.7,-29.7,-47.7,False
SAMSUNG,10.0,0.0,True,2026-06-22 00:35:00+00:00,2026-06-23 00:00:00+00:00,1.0,139.2,98.8,40.4,44.6,85.0,60.0,42.0,False
SAMSUNG,10.0,0.0,True,2026-06-23 00:20:00+00:00,2026-06-23 06:05:00+00:00,0.2,106.0,-40.3,146.3,0.0,146.3,121.3,103.3,False
SAMSUNG,10.0,0.0,True,2026-06-24 00:10:00+00:00,2026-06-25 00:00:00+00:00,1.0,84.7,15.1,69.6,13.9,83.5,58.5,40.5,False
SAMSUNG,10.0,0.0,True,2026-06-25 00:15:00+00:00,2026-06-26 01:40:00+00:00,1.1,104.9,0.0,104.9,-2.6,102.3,77.3,59.3,False
SAMSUNG,10.0,0.0,True,2026-06-26 02:00:00+00:00,2026-06-29 00:00:00+00:00,2.9,19.1,18.6,0.5,26.3,26.8,1.8,-16.2,False
SAMSUNG,10.0,0.0,True,2026-06-29 00:35:00+00:00,2026-06-29 00:40:00+00:00,0.0,85.9,77.6,8.3,0.0,8.3,-16.7,-34.7,False
SAMSUNG,10.0,0.0,True,2026-06-29 00:45:00+00:00,2026-06-29 00:50:00+00:00,0.0,86.3,84.4,2.0,0.0,2.0,-23.0,-41.0,False
SAMSUNG,10.0,0.0,True,2026-06-29 00:55:00+00:00,2026-06-29 01:00:00+00:00,0.0,92.5,107.3,-14.8,0.0,-14.8,-39.8,-57.8,False
SAMSUNG,10.0,0.0,True,2026-06-29 01:05:00+00:00,2026-06-29 01:10:00+00:00,0.0,88.3,78.0,10.3,0.0,10.3,-14.7,-32.7,False
SAMSUNG,10.0,0.0,True,2026-06-29 01:15:00+00:00,2026-06-29 01:20:00+00:00,0.0,88.6,80.9,7.6,0.0,7.6,-17.4,-35.4,False
SAMSUNG,10.0,0.0,True,2026-06-29 01:25:00+00:00,2026-06-29 01:30:00+00:00,0.0,80.8,87.4,-6.6,0.0,-6.6,-31.6,-49.6,False
SAMSUNG,10.0,0.0,True,2026-06-29 01:35:00+00:00,2026-06-29 01:40:00+00:00,0.0,103.3,88.8,14.5,0.0,14.5,-10.5,-28.5,False
SAMSUNG,10.0,0.0,True,2026-06-29 01:45:00+00:00,2026-06-29 01:50:00+00:00,0.0,81.2,75.2,6.0,0.0,6.0,-19.0,-37.0,False
SAMSUNG,10.0,0.0,True,2026-06-29 01:55:00+00:00,2026-06-29 02:00:00+00:00,0.0,74.9,76.2,-1.3,0.0,-1.3,-26.3,-44.3,False
SAMSUNG,10.0,0.0,True,2026-06-29 02:05:00+00:00,2026-06-29 02:10:00+00:00,0.0,84.2,52.6,31.7,0.0,31.7,6.7,-11.3,False
SAMSUNG,10.0,0.0,True,2026-06-29 02:15:00+00:00,2026-06-29 02:20:00+00:00,0.0,65.0,57.9,7.1,0.0,7.1,-17.9,-35.9,False
SAMSUNG,10.0,0.0,True,2026-06-29 02:25:00+00:00,2026-06-29 02:30:00+00:00,0.0,80.7,82.1,-1.4,0.0,-1.4,-26.4,-44.4,False
SAMSUNG,10.0,0.0,True,2026-06-29 02:35:00+00:00,2026-06-29 02:40:00+00:00,0.0,84.7,95.8,-11.0,0.0,-11.0,-36.0,-54.0,False
SAMSUNG,10.0,0.0,True,2026-06-29 02:45:00+00:00,2026-06-29 02:50:00+00:00,0.0,76.0,80.4,-4.4,0.0,-4.4,-29.4,-47.4,False
SAMSUNG,10.0,0.0,True,2026-06-29 02:55:00+00:00,2026-06-29 03:00:00+00:00,0.0,82.5,82.3,0.2,0.0,0.2,-24.8,-42.8,False
SAMSUNG,10.0,0.0,True,2026-06-29 03:05:00+00:00,2026-06-29 03:10:00+00:00,0.0,85.7,79.0,6.7,0.0,6.7,-18.3,-36.3,False
SAMSUNG,10.0,0.0,True,2026-06-29 03:15:00+00:00,2026-06-29 03:20:00+00:00,0.0,85.4,83.0,2.4,0.0,2.4,-22.6,-40.6,False
SAMSUNG,10.0,0.0,True,2026-06-29 03:25:00+00:00,2026-06-29 03:30:00+00:00,0.0,92.9,84.1,8.8,0.0,8.8,-16.2,-34.2,False
SAMSUNG,10.0,0.0,True,2026-06-29 03:35:00+00:00,2026-06-29 03:40:00+00:00,0.0,84.1,86.2,-2.1,0.0,-2.1,-27.1,-45.1,False
SAMSUNG,10.0,0.0,True,2026-06-29 03:45:00+00:00,2026-06-29 03:50:00+00:00,0.0,98.7,80.0,18.7,0.0,18.7,-6.3,-24.3,False
SAMSUNG,10.0,0.0,True,2026-06-29 03:55:00+00:00,2026-06-29 04:00:00+00:00,0.0,42.1,48.4,-6.3,0.0,-6.3,-31.3,-49.3,False
SAMSUNG,10.0,0.0,True,2026-06-29 04:05:00+00:00,2026-06-29 04:10:00+00:00,0.0,50.8,55.1,-4.4,0.0,-4.4,-29.4,-47.4,False
SAMSUNG,10.0,0.0,True,2026-06-29 04:15:00+00:00,2026-06-29 04:20:00+00:00,0.0,48.5,77.0,-28.5,0.0,-28.5,-53.5,-71.5,False
SAMSUNG,10.0,0.0,True,2026-06-29 04:25:00+00:00,2026-06-29 04:30:00+00:00,0.0,63.9,64.8,-0.9,0.0,-0.9,-25.9,-43.9,False
SAMSUNG,10.0,0.0,True,2026-06-29 04:35:00+00:00,2026-06-29 04:40:00+00:00,0.0,76.0,73.5,2.5,0.0,2.5,-22.5,-40.5,False
SAMSUNG,10.0,0.0,True,2026-06-29 04:45:00+00:00,2026-06-29 04:50:00+00:00,0.0,84.2,73.5,10.7,0.0,10.7,-14.3,-32.3,False
SAMSUNG,10.0,0.0,True,2026-06-29 04:55:00+00:00,2026-06-29 05:00:00+00:00,0.0,79.1,64.4,14.7,0.0,14.7,-10.3,-28.3,False
SAMSUNG,10.0,0.0,True,2026-06-29 05:05:00+00:00,2026-06-29 05:10:00+00:00,0.0,47.5,46.4,1.1,0.0,1.1,-23.9,-41.9,False
SAMSUNG,10.0,0.0,True,2026-06-29 05:15:00+00:00,2026-06-29 05:20:00+00:00,0.0,42.2,37.8,4.3,0.0,4.3,-20.7,-38.7,False
SAMSUNG,10.0,0.0,True,2026-06-29 05:25:00+00:00,2026-06-29 05:30:00+00:00,0.0,38.6,39.2,-0.6,0.0,-0.6,-25.6,-43.6,False
SAMSUNG,10.0,0.0,True,2026-06-29 05:35:00+00:00,2026-06-29 05:40:00+00:00,0.0,30.7,26.7,4.0,0.0,4.0,-21.0,-39.0,False
SAMSUNG,10.0,0.0,True,2026-06-29 05:45:00+00:00,2026-06-29 05:50:00+00:00,0.0,10.5,13.8,-3.3,0.0,-3.3,-28.3,-46.3,False
SAMSUNG,10.0,0.0,True,2026-06-29 05:55:00+00:00,2026-06-29 06:00:00+00:00,0.0,5.0,5.1,-0.1,0.0,-0.1,-25.1,-43.1,False
SAMSUNG,10.0,0.0,True,2026-06-29 06:05:00+00:00,2026-06-29 06:10:00+00:00,0.0,13.1,3.9,9.2,0.0,9.2,-15.8,-33.8,False
SAMSUNG,10.0,0.0,True,2026-06-29 06:15:00+00:00,2026-06-30 00:00:00+00:00,0.7,9.5,42.6,-33.0,19.0,-14.0,-39.0,-57.0,False
SAMSUNG,10.0,0.0,True,2026-06-30 00:05:00+00:00,2026-06-30 00:10:00+00:00,0.0,39.5,30.2,9.3,0.0,9.3,-15.7,-33.7,False
SAMSUNG,10.0,0.0,True,2026-06-30 00:15:00+00:00,2026-06-30 00:20:00+00:00,0.0,18.5,41.0,-22.4,0.0,-22.4,-47.4,-65.4,False
SAMSUNG,10.0,0.0,True,2026-06-30 00:25:00+00:00,2026-06-30 00:30:00+00:00,0.0,18.8,7.9,10.9,0.0,10.9,-14.1,-32.1,False
SAMSUNG,10.0,0.0,True,2026-06-30 00:35:00+00:00,2026-06-30 00:40:00+00:00,0.0,5.9,26.2,-20.2,0.0,-20.2,-45.2,-63.2,False
SAMSUNG,10.0,0.0,True,2026-06-30 00:45:00+00:00,2026-06-30 00:50:00+00:00,0.0,32.4,23.6,8.7,0.0,8.7,-16.3,-34.3,False
SAMSUNG,10.0,0.0,True,2026-06-30 00:55:00+00:00,2026-06-30 01:00:00+00:00,0.0,13.4,31.2,-17.7,0.0,-17.7,-42.7,-60.7,False
SAMSUNG,10.0,0.0,True,2026-06-30 01:05:00+00:00,2026-06-30 01:10:00+00:00,0.0,22.4,35.4,-13.0,0.0,-13.0,-38.0,-56.0,False
SAMSUNG,10.0,0.0,True,2026-06-30 01:15:00+00:00,2026-06-30 01:20:00+00:00,0.0,0.0,17.7,-17.7,0.0,-17.7,-42.7,-60.7,False
SAMSUNG,10.0,0.0,True,2026-06-30 01:25:00+00:00,2026-06-30 01:30:00+00:00,0.0,14.8,21.5,-6.7,0.0,-6.7,-31.7,-49.7,False
SAMSUNG,10.0,0.0,True,2026-06-30 01:35:00+00:00,2026-06-30 01:40:00+00:00,0.0,18.8,25.0,-6.2,0.0,-6.2,-31.2,-49.2,False
SAMSUNG,10.0,0.0,True,2026-06-30 01:45:00+00:00,2026-06-30 01:50:00+00:00,0.0,16.4,15.3,1.1,0.0,1.1,-23.9,-41.9,False
SAMSUNG,10.0,0.0,True,2026-06-30 01:55:00+00:00,2026-06-30 02:00:00+00:00,0.0,16.1,22.6,-6.5,0.0,-6.5,-31.5,-49.5,False
SAMSUNG,10.0,0.0,True,2026-06-30 02:05:00+00:00,2026-06-30 02:10:00+00:00,0.0,32.4,23.7,8.7,0.0,8.7,-16.3,-34.3,False
SAMSUNG,10.0,0.0,True,2026-06-30 02:15:00+00:00,2026-06-30 02:20:00+00:00,0.0,6.2,14.1,-7.9,0.0,-7.9,-32.9,-50.9,False
SAMSUNG,10.0,0.0,True,2026-06-30 02:25:00+00:00,2026-06-30 02:30:00+00:00,0.0,14.0,15.1,-1.1,0.0,-1.1,-26.1,-44.1,False
SAMSUNG,10.0,0.0,True,2026-06-30 02:35:00+00:00,2026-06-30 02:40:00+00:00,0.0,20.9,24.8,-3.9,0.0,-3.9,-28.9,-46.9,False
SAMSUNG,10.0,0.0,True,2026-06-30 02:45:00+00:00,2026-06-30 02:50:00+00:00,0.0,28.4,21.9,6.5,0.0,6.5,-18.5,-36.5,False
SAMSUNG,10.0,0.0,True,2026-06-30 02:55:00+00:00,2026-06-30 03:00:00+00:00,0.0,4.7,13.9,-9.1,0.0,-9.1,-34.1,-52.1,False
SAMSUNG,10.0,0.0,True,2026-06-30 03:05:00+00:00,2026-06-30 03:10:00+00:00,0.0,4.1,0.0,4.1,0.0,4.1,-20.9,-38.9,False
SAMSUNG,10.0,0.0,True,2026-06-30 03:15:00+00:00,2026-06-30 03:20:00+00:00,0.0,0.0,6.6,-6.6,0.0,-6.6,-31.6,-49.6,False
SAMSUNG,10.0,0.0,True,2026-06-30 03:25:00+00:00,2026-06-30 03:30:00+00:00,0.0,8.0,12.6,-4.5,0.0,-4.5,-29.5,-47.5,False
SAMSUNG,10.0,0.0,True,2026-06-30 03:35:00+00:00,2026-06-30 03:40:00+00:00,0.0,9.8,13.6,-3.8,0.0,-3.8,-28.8,-46.8,False
SAMSUNG,10.0,0.0,True,2026-07-01 00:50:00+00:00,2026-07-02 00:00:00+00:00,1.0,26.7,72.1,-45.5,-15.2,-60.7,-85.7,-103.7,False
SAMSUNG,10.0,0.0,True,2026-07-02 00:30:00+00:00,2026-07-07 00:00:00+00:00,5.0,75.3,88.3,-13.0,69.8,56.8,31.8,13.8,False
SAMSUNG,10.0,0.0,True,2026-07-07 00:40:00+00:00,2026-07-08 00:00:00+00:00,1.0,70.8,24.9,46.0,29.8,75.8,50.8,32.8,False
SAMSUNG,10.0,0.0,True,2026-07-08 00:25:00+00:00,2026-07-09 00:00:00+00:00,1.0,85.2,53.9,31.3,34.0,65.3,40.3,22.3,False
SAMSUNG,10.0,0.0,True,2026-07-09 00:15:00+00:00,2026-07-10 00:00:00+00:00,1.0,15.0,51.4,-36.4,56.8,20.4,-4.6,-22.6,False
SAMSUNG,10.0,0.0,True,2026-07-10 00:15:00+00:00,2026-07-10 04:55:00+00:00,0.2,74.3,-9.0,83.3,0.0,83.3,58.3,40.3,False
SAMSUNG,10.0,0.0,True,2026-07-13 00:55:00+00:00,2026-07-14 00:00:00+00:00,1.0,68.9,107.5,-38.6,71.1,32.5,7.5,-10.5,False
SAMSUNG,10.0,0.0,True,2026-07-14 00:10:00+00:00,2026-07-16 00:00:00+00:00,2.0,120.8,20.7,100.2,24.4,124.6,99.6,81.6,False
SAMSUNG,10.0,0.0,True,2026-07-16 00:05:00+00:00,2026-07-16 00:10:00+00:00,0.0,20.0,20.7,-0.7,0.0,-0.7,-25.7,-43.7,False
SAMSUNG,10.0,0.0,True,2026-07-16 00:15:00+00:00,2026-07-16 00:20:00+00:00,0.0,8.4,5.0,3.3,0.0,3.3,-21.7,-39.7,False
SAMSUNG,10.0,0.0,True,2026-07-16 00:50:00+00:00,2026-07-16 00:55:00+00:00,0.0,9.5,5.8,3.7,0.0,3.7,-21.3,-39.3,False
SAMSUNG,10.0,0.0,True,2026-07-16 01:55:00+00:00,2026-07-16 02:00:00+00:00,0.0,30.3,10.3,20.0,0.0,20.0,-5.0,-23.0,False
SAMSUNG,10.0,0.0,True,2026-07-16 02:05:00+00:00,2026-07-16 02:10:00+00:00,0.0,6.7,30.6,-23.9,0.0,-23.9,-48.9,-66.9,False
SAMSUNG,10.0,0.0,True,2026-07-16 02:15:00+00:00,2026-07-16 02:20:00+00:00,0.0,30.4,22.7,7.7,0.0,7.7,-17.3,-35.3,False
SAMSUNG,10.0,0.0,True,2026-07-16 02:25:00+00:00,2026-07-16 02:30:00+00:00,0.0,23.3,19.2,4.2,0.0,4.2,-20.8,-38.8,False
SAMSUNG,10.0,0.0,True,2026-07-16 02:35:00+00:00,2026-07-16 02:40:00+00:00,0.0,15.2,28.2,-13.0,0.0,-13.0,-38.0,-56.0,False
SAMSUNG,10.0,0.0,True,2026-07-16 02:45:00+00:00,2026-07-16 02:50:00+00:00,0.0,20.9,22.0,-1.1,0.0,-1.1,-26.1,-44.1,False
SAMSUNG,10.0,0.0,True,2026-07-16 02:55:00+00:00,2026-07-16 03:00:00+00:00,0.0,8.6,20.4,-11.8,0.0,-11.8,-36.8,-54.8,False
SAMSUNG,10.0,0.0,True,2026-07-16 03:05:00+00:00,2026-07-16 03:10:00+00:00,0.0,9.5,14.1,-4.6,0.0,-4.6,-29.6,-47.6,False
SAMSUNG,10.0,0.0,True,2026-07-16 03:15:00+00:00,2026-07-16 03:20:00+00:00,0.0,6.1,15.2,-9.2,0.0,-9.2,-34.2,-52.2,False
SAMSUNG,10.0,0.0,True,2026-07-16 03:25:00+00:00,2026-07-16 03:30:00+00:00,0.0,19.3,17.6,1.7,0.0,1.7,-23.3,-41.3,False
SAMSUNG,10.0,0.0,True,2026-07-16 03:35:00+00:00,2026-07-16 03:40:00+00:00,0.0,10.7,0.7,10.0,0.0,10.0,-15.0,-33.0,False
SAMSUNG,10.0,0.0,True,2026-07-16 03:45:00+00:00,2026-07-16 03:50:00+00:00,0.0,9.4,12.2,-2.8,0.0,-2.8,-27.8,-45.8,False
SAMSUNG,10.0,0.0,True,2026-07-16 03:55:00+00:00,2026-07-16 04:00:00+00:00,0.0,2.9,12.4,-9.5,0.0,-9.5,-34.5,-52.5,False
SAMSUNG,10.0,0.0,True,2026-07-16 04:05:00+00:00,2026-07-16 04:10:00+00:00,0.0,15.0,15.8,-0.8,0.0,-0.8,-25.8,-43.8,False
SAMSUNG,10.0,0.0,True,2026-07-16 04:15:00+00:00,2026-07-16 04:20:00+00:00,0.0,21.8,32.1,-10.3,0.0,-10.3,-35.3,-53.3,False
SAMSUNG,10.0,0.0,True,2026-07-16 04:25:00+00:00,2026-07-16 04:30:00+00:00,0.0,23.2,20.1,3.1,0.0,3.1,-21.9,-39.9,False
SAMSUNG,10.0,0.0,True,2026-07-16 04:35:00+00:00,2026-07-16 04:40:00+00:00,0.0,32.3,23.8,8.5,0.0,8.5,-16.5,-34.5,False
SAMSUNG,10.0,0.0,True,2026-07-16 04:45:00+00:00,2026-07-16 04:50:00+00:00,0.0,18.1,13.7,4.4,0.0,4.4,-20.6,-38.6,False
SAMSUNG,10.0,0.0,True,2026-07-16 04:55:00+00:00,2026-07-16 05:00:00+00:00,0.0,11.7,21.7,-10.0,0.0,-10.0,-35.0,-53.0,False
SAMSUNG,10.0,0.0,True,2026-07-16 05:05:00+00:00,2026-07-16 05:10:00+00:00,0.0,18.3,26.4,-8.2,0.0,-8.2,-33.2,-51.2,False
SAMSUNG,10.0,0.0,True,2026-07-16 05:15:00+00:00,2026-07-16 05:20:00+00:00,0.0,33.6,25.5,8.1,0.0,8.1,-16.9,-34.9,False
SAMSUNG,10.0,0.0,True,2026-07-16 05:25:00+00:00,2026-07-16 05:30:00+00:00,0.0,35.7,18.6,17.1,0.0,17.1,-7.9,-25.9,False
SAMSUNG,10.0,0.0,True,2026-07-16 05:35:00+00:00,2026-07-16 05:40:00+00:00,0.0,35.3,33.6,1.7,0.0,1.7,-23.3,-41.3,False
SAMSUNG,10.0,0.0,True,2026-07-16 05:45:00+00:00,2026-07-16 05:50:00+00:00,0.0,42.2,54.8,-12.6,0.0,-12.6,-37.6,-55.6,False
SAMSUNG,10.0,0.0,True,2026-07-16 05:55:00+00:00,2026-07-16 06:00:00+00:00,0.0,42.9,47.6,-4.6,0.0,-4.6,-29.6,-47.6,False
SAMSUNG,10.0,0.0,True,2026-07-16 06:05:00+00:00,2026-07-16 06:10:00+00:00,0.0,50.6,48.2,2.4,0.0,2.4,-22.6,-40.6,False
SAMSUNG,10.0,0.0,True,2026-07-16 06:15:00+00:00,2026-07-20 00:00:00+00:00,3.7,53.5,55.5,-2.0,2.2,0.2,-24.8,-42.8,False
SAMSUNG,10.0,0.0,True,2026-07-20 00:35:00+00:00,2026-07-24 00:00:00+00:00,4.0,47.9,19.4,28.5,55.5,84.0,59.0,41.0,False
SAMSUNG,10.0,0.0,True,2026-07-24 00:30:00+00:00,2026-07-28 00:00:00+00:00,4.0,26.9,42.7,-15.8,40.5,24.7,-0.3,-18.3,False
SAMSUNG,10.0,0.0,True,2026-07-28 00:30:00+00:00,2026-07-31 03:05:00+00:00,3.1,45.4,-3.3,48.7,175.7,224.4,199.4,181.4,False
SAMSUNG,10.0,0.0,True,2026-07-31 05:50:00+00:00,2026-08-03 01:25:00+00:00,2.8,16.8,-14.1,30.9,-22.9,8.0,-17.0,-35.0,False
SAMSUNG,10.0,0.0,True,2026-08-04 00:00:00+00:00,2026-08-04 00:55:00+00:00,0.0,-51.4,17.6,-69.1,4.2,-64.9,-89.9,-107.9,False
SAMSUNG,10.0,0.0,True,2026-08-04 03:15:00+00:00,2026-08-05 00:00:00+00:00,0.9,31.5,24.6,6.9,22.3,29.2,4.2,-13.8,False
SAMSUNG,10.0,0.0,True,2026-08-05 00:20:00+00:00,2026-08-06 00:00:00+00:00,1.0,14.4,-4.8,19.3,6.9,26.1,1.1,-16.9,False
SAMSUNG,10.0,0.0,True,2026-08-06 00:50:00+00:00,2026-08-07 00:00:00+00:00,1.0,14.3,-9.5,23.8,16.9,40.6,15.6,-2.4,False
SAMSUNG,10.0,0.0,True,2026-08-10 03:15:00+00:00,2026-08-11 00:00:00+00:00,0.9,9.5,-10.4,19.9,2.9,22.7,-2.3,-20.3,False
SAMSUNG,10.0,0.0,True,2026-08-13 00:00:00+00:00,2026-08-13 00:05:00+00:00,0.0,-25.9,-2.6,-23.4,0.0,-23.4,-48.4,-66.4,False
SAMSUNG,10.0,-10.0,False,2026-06-02 03:15:00+00:00,2026-06-04 00:00:00+00:00,1.9,171.1,179.0,-7.8,40.8,33.0,8.0,-10.0,False
SAMSUNG,10.0,-10.0,False,2026-06-04 00:15:00+00:00,2026-06-05 00:00:00+00:00,1.0,180.1,120.6,59.5,32.3,91.8,66.8,48.8,False
SAMSUNG,10.0,-10.0,False,2026-06-05 00:20:00+00:00,2026-06-08 00:00:00+00:00,3.0,192.5,110.9,81.6,-7.4,74.2,49.2,31.2,False
SAMSUNG,10.0,-10.0,False,2026-06-08 00:15:00+00:00,2026-06-10 02:40:00+00:00,2.1,165.6,-32.2,197.9,35.8,233.6,208.6,190.6,False
SAMSUNG,10.0,-10.0,False,2026-06-10 05:00:00+00:00,2026-06-11 00:00:00+00:00,0.8,12.3,16.8,-4.5,4.6,0.1,-24.9,-42.9,False
SAMSUNG,10.0,-10.0,False,2026-06-11 00:15:00+00:00,2026-06-15 06:10:00+00:00,4.2,0.0,-22.4,22.4,65.1,87.5,62.5,44.5,False
SAMSUNG,10.0,-10.0,False,2026-06-16 00:10:00+00:00,2026-06-22 00:00:00+00:00,6.0,63.6,101.8,-38.2,33.4,-4.7,-29.7,-47.7,False
SAMSUNG,10.0,-10.0,False,2026-06-22 00:35:00+00:00,2026-06-23 00:00:00+00:00,1.0,139.2,98.8,40.4,44.6,85.0,60.0,42.0,False
SAMSUNG,10.0,-10.0,False,2026-06-23 00:20:00+00:00,2026-06-24 00:00:00+00:00,1.0,106.0,50.4,55.6,30.6,86.2,61.2,43.2,False
SAMSUNG,10.0,-10.0,False,2026-06-24 00:10:00+00:00,2026-06-25 00:00:00+00:00,1.0,84.7,15.1,69.6,13.9,83.5,58.5,40.5,False
SAMSUNG,10.0,-10.0,False,2026-06-25 00:15:00+00:00,2026-06-29 00:00:00+00:00,4.0,104.9,18.6,86.3,23.7,110.0,85.0,67.0,False
SAMSUNG,10.0,-10.0,False,2026-06-29 00:35:00+00:00,2026-07-01 00:00:00+00:00,2.0,85.9,5.5,80.4,21.2,101.6,76.6,58.6,False
SAMSUNG,10.0,-10.0,False,2026-07-01 00:50:00+00:00,2026-07-02 00:00:00+00:00,1.0,26.7,72.1,-45.5,-15.2,-60.7,-85.7,-103.7,False
SAMSUNG,10.0,-10.0,False,2026-07-02 00:30:00+00:00,2026-07-07 00:00:00+00:00,5.0,75.3,88.3,-13.0,69.8,56.8,31.8,13.8,False
SAMSUNG,10.0,-10.0,False,2026-07-07 00:40:00+00:00,2026-07-08 00:00:00+00:00,1.0,70.8,24.9,46.0,29.8,75.8,50.8,32.8,False
SAMSUNG,10.0,-10.0,False,2026-07-08 00:25:00+00:00,2026-07-09 00:00:00+00:00,1.0,85.2,53.9,31.3,34.0,65.3,40.3,22.3,False
SAMSUNG,10.0,-10.0,False,2026-07-09 00:15:00+00:00,2026-07-10 00:00:00+00:00,1.0,15.0,51.4,-36.4,56.8,20.4,-4.6,-22.6,False
SAMSUNG,10.0,-10.0,False,2026-07-10 00:15:00+00:00,2026-07-13 00:00:00+00:00,3.0,74.3,-27.0,101.3,-1.4,99.9,74.9,56.9,False
SAMSUNG,10.0,-10.0,False,2026-07-13 00:55:00+00:00,2026-07-14 00:00:00+00:00,1.0,68.9,107.5,-38.6,71.1,32.5,7.5,-10.5,False
SAMSUNG,10.0,-10.0,False,2026-07-14 00:10:00+00:00,2026-07-20 00:00:00+00:00,6.0,120.8,55.5,65.3,31.3,96.6,71.6,53.6,False
SAMSUNG,10.0,-10.0,False,2026-07-20 00:35:00+00:00,2026-08-03 01:55:00+00:00,14.1,47.9,-1.5,49.4,249.7,299.1,274.1,256.1,False
SAMSUNG,10.0,-10.0,False,2026-08-04 00:00:00+00:00,2026-08-04 01:55:00+00:00,0.1,-51.4,-25.4,-26.1,4.2,-21.9,-46.9,-64.9,False
SAMSUNG,10.0,-10.0,False,2026-08-04 03:15:00+00:00,2026-08-05 00:00:00+00:00,0.9,31.5,24.6,6.9,22.3,29.2,4.2,-13.8,False
SAMSUNG,10.0,-10.0,False,2026-08-05 00:20:00+00:00,2026-08-06 00:00:00+00:00,1.0,14.4,-4.8,19.3,6.9,26.1,1.1,-16.9,False
SAMSUNG,10.0,-10.0,False,2026-08-06 00:50:00+00:00,2026-08-07 00:00:00+00:00,1.0,14.3,-9.5,23.8,16.9,40.6,15.6,-2.4,False
SAMSUNG,10.0,-10.0,False,2026-08-10 03:15:00+00:00,2026-08-11 02:05:00+00:00,1.0,9.5,-23.3,32.8,2.8,35.6,10.6,-7.4,False
SAMSUNG,10.0,-10.0,False,2026-08-13 00:00:00+00:00,2026-08-13 00:40:00+00:00,0.0,-25.9,-26.7,0.7,0.0,0.7,-24.3,-42.3,False
SAMSUNG,10.0,-10.0,True,2026-06-02 03:15:00+00:00,2026-06-04 00:00:00+00:00,1.9,171.1,179.0,-7.8,40.8,33.0,8.0,-10.0,False
SAMSUNG,10.0,-10.0,True,2026-06-04 00:15:00+00:00,2026-06-05 00:00:00+00:00,1.0,180.1,120.6,59.5,32.3,91.8,66.8,48.8,False
SAMSUNG,10.0,-10.0,True,2026-06-05 00:20:00+00:00,2026-06-05 00:25:00+00:00,0.0,192.5,215.5,-22.9,0.0,-22.9,-47.9,-65.9,False
SAMSUNG,10.0,-10.0,True,2026-06-05 00:30:00+00:00,2026-06-05 00:35:00+00:00,0.0,160.3,181.5,-21.2,0.0,-21.2,-46.2,-64.2,False
SAMSUNG,10.0,-10.0,True,2026-06-05 00:40:00+00:00,2026-06-05 00:45:00+00:00,0.0,222.1,215.7,6.3,0.0,6.3,-18.7,-36.7,False
SAMSUNG,10.0,-10.0,True,2026-06-05 00:50:00+00:00,2026-06-05 00:55:00+00:00,0.0,198.8,178.7,20.2,0.0,20.2,-4.8,-22.8,False
SAMSUNG,10.0,-10.0,True,2026-06-05 01:00:00+00:00,2026-06-05 01:05:00+00:00,0.0,152.0,182.7,-30.7,0.0,-30.7,-55.7,-73.7,False
SAMSUNG,10.0,-10.0,True,2026-06-05 01:10:00+00:00,2026-06-05 01:15:00+00:00,0.0,129.9,110.5,19.4,0.0,19.4,-5.6,-23.6,False
SAMSUNG,10.0,-10.0,True,2026-06-05 01:20:00+00:00,2026-06-05 01:25:00+00:00,0.0,131.9,89.2,42.7,0.0,42.7,17.7,-0.3,False
SAMSUNG,10.0,-10.0,True,2026-06-05 01:30:00+00:00,2026-06-05 01:35:00+00:00,0.0,62.8,57.0,5.8,0.0,5.8,-19.2,-37.2,False
SAMSUNG,10.0,-10.0,True,2026-06-05 01:40:00+00:00,2026-06-05 01:45:00+00:00,0.0,41.1,88.1,-47.0,0.0,-47.0,-72.0,-90.0,False
SAMSUNG,10.0,-10.0,True,2026-06-05 01:50:00+00:00,2026-06-05 01:55:00+00:00,0.0,53.0,19.6,33.4,0.0,33.4,8.4,-9.6,False
SAMSUNG,10.0,-10.0,True,2026-06-05 02:00:00+00:00,2026-06-05 02:05:00+00:00,0.0,17.2,13.3,3.9,0.0,3.9,-21.1,-39.1,False
SAMSUNG,10.0,-10.0,True,2026-06-05 02:10:00+00:00,2026-06-05 02:15:00+00:00,0.0,44.7,61.8,-17.1,0.0,-17.1,-42.1,-60.1,False
SAMSUNG,10.0,-10.0,True,2026-06-05 02:20:00+00:00,2026-06-05 02:25:00+00:00,0.0,26.0,37.5,-11.5,0.0,-11.5,-36.5,-54.5,False
SAMSUNG,10.0,-10.0,True,2026-06-05 02:30:00+00:00,2026-06-05 02:35:00+00:00,0.0,58.5,27.8,30.7,0.0,30.7,5.7,-12.3,False
SAMSUNG,10.0,-10.0,True,2026-06-05 02:40:00+00:00,2026-06-05 02:45:00+00:00,0.0,36.3,26.1,10.2,0.0,10.2,-14.8,-32.8,False
SAMSUNG,10.0,-10.0,True,2026-06-05 02:50:00+00:00,2026-06-05 02:55:00+00:00,0.0,29.8,28.7,1.1,0.0,1.1,-23.9,-41.9,False
SAMSUNG,10.0,-10.0,True,2026-06-05 03:00:00+00:00,2026-06-05 03:05:00+00:00,0.0,38.9,33.5,5.4,0.0,5.4,-19.6,-37.6,False
SAMSUNG,10.0,-10.0,True,2026-06-05 03:10:00+00:00,2026-06-05 03:15:00+00:00,0.0,36.5,42.1,-5.7,0.0,-5.7,-30.7,-48.7,False
SAMSUNG,10.0,-10.0,True,2026-06-05 03:20:00+00:00,2026-06-05 03:25:00+00:00,0.0,21.5,20.4,1.1,0.0,1.1,-23.9,-41.9,False
SAMSUNG,10.0,-10.0,True,2026-06-05 03:30:00+00:00,2026-06-05 03:35:00+00:00,0.0,19.0,19.2,-0.2,0.0,-0.2,-25.2,-43.2,False
SAMSUNG,10.0,-10.0,True,2026-06-05 03:40:00+00:00,2026-06-05 03:45:00+00:00,0.0,29.6,42.3,-12.7,0.0,-12.7,-37.7,-55.7,False
SAMSUNG,10.0,-10.0,True,2026-06-05 03:50:00+00:00,2026-06-05 03:55:00+00:00,0.0,114.6,79.2,35.4,0.0,35.4,10.4,-7.6,False
SAMSUNG,10.0,-10.0,True,2026-06-05 04:00:00+00:00,2026-06-05 04:05:00+00:00,0.0,96.3,77.1,19.2,0.0,19.2,-5.8,-23.8,False
SAMSUNG,10.0,-10.0,True,2026-06-05 04:10:00+00:00,2026-06-05 04:15:00+00:00,0.0,68.1,62.7,5.3,0.0,5.3,-19.7,-37.7,False
SAMSUNG,10.0,-10.0,True,2026-06-05 04:20:00+00:00,2026-06-05 04:25:00+00:00,0.0,38.9,64.4,-25.6,0.0,-25.6,-50.6,-68.6,False
SAMSUNG,10.0,-10.0,True,2026-06-05 04:30:00+00:00,2026-06-05 04:35:00+00:00,0.0,39.5,36.7,2.8,0.0,2.8,-22.2,-40.2,False
SAMSUNG,10.0,-10.0,True,2026-06-05 04:40:00+00:00,2026-06-05 04:45:00+00:00,0.0,59.8,27.1,32.7,0.0,32.7,7.7,-10.3,False
SAMSUNG,10.0,-10.0,True,2026-06-05 04:50:00+00:00,2026-06-05 04:55:00+00:00,0.0,41.5,42.1,-0.6,0.0,-0.6,-25.6,-43.6,False
SAMSUNG,10.0,-10.0,True,2026-06-05 05:00:00+00:00,2026-06-05 05:05:00+00:00,0.0,47.7,31.9,15.8,0.0,15.8,-9.2,-27.2,False
SAMSUNG,10.0,-10.0,True,2026-06-05 05:10:00+00:00,2026-06-05 05:15:00+00:00,0.0,85.8,31.0,54.9,0.0,54.9,29.9,11.9,False
SAMSUNG,10.0,-10.0,True,2026-06-05 05:20:00+00:00,2026-06-05 05:25:00+00:00,0.0,19.1,45.0,-25.9,0.0,-25.9,-50.9,-68.9,False
SAMSUNG,10.0,-10.0,True,2026-06-05 05:30:00+00:00,2026-06-05 05:35:00+00:00,0.0,22.8,29.9,-7.0,0.0,-7.0,-32.0,-50.0,False
SAMSUNG,10.0,-10.0,True,2026-06-05 05:40:00+00:00,2026-06-05 05:45:00+00:00,0.0,53.4,68.9,-15.5,0.0,-15.5,-40.5,-58.5,False
SAMSUNG,10.0,-10.0,True,2026-06-05 05:50:00+00:00,2026-06-05 05:55:00+00:00,0.0,57.4,85.1,-27.8,0.0,-27.8,-52.8,-70.8,False
SAMSUNG,10.0,-10.0,True,2026-06-05 06:00:00+00:00,2026-06-05 06:05:00+00:00,0.0,46.1,25.2,20.9,0.0,20.9,-4.1,-22.1,False
SAMSUNG,10.0,-10.0,True,2026-06-05 06:10:00+00:00,2026-06-05 06:15:00+00:00,0.0,35.5,4.2,31.3,0.0,31.3,6.3,-11.7,False
SAMSUNG,10.0,-10.0,True,2026-06-08 00:15:00+00:00,2026-06-10 02:40:00+00:00,2.1,165.6,-32.2,197.9,35.8,233.6,208.6,190.6,False
SAMSUNG,10.0,-10.0,True,2026-06-10 05:00:00+00:00,2026-06-11 00:00:00+00:00,0.8,12.3,16.8,-4.5,4.6,0.1,-24.9,-42.9,False
SAMSUNG,10.0,-10.0,True,2026-06-11 00:15:00+00:00,2026-06-11 00:20:00+00:00,0.0,0.0,0.0,0.0,0.0,0.0,-25.0,-43.0,False
SAMSUNG,10.0,-10.0,True,2026-06-11 00:25:00+00:00,2026-06-11 00:30:00+00:00,0.0,27.0,52.1,-25.2,0.0,-25.2,-50.2,-68.2,False
SAMSUNG,10.0,-10.0,True,2026-06-11 00:35:00+00:00,2026-06-11 00:40:00+00:00,0.0,31.5,33.6,-2.1,0.0,-2.1,-27.1,-45.1,False
SAMSUNG,10.0,-10.0,True,2026-06-11 00:45:00+00:00,2026-06-11 00:50:00+00:00,0.0,34.1,5.0,29.1,0.0,29.1,4.1,-13.9,False
SAMSUNG,10.0,-10.0,True,2026-06-11 00:55:00+00:00,2026-06-11 01:00:00+00:00,0.0,27.1,-10.7,37.8,0.0,37.8,12.8,-5.2,False
SAMSUNG,10.0,-10.0,True,2026-06-11 01:05:00+00:00,2026-06-11 01:10:00+00:00,0.0,0.0,32.7,-32.7,0.0,-32.7,-57.7,-75.7,False
SAMSUNG,10.0,-10.0,True,2026-06-11 01:15:00+00:00,2026-06-11 01:20:00+00:00,0.0,0.0,1.7,-1.7,0.0,-1.7,-26.7,-44.7,False
SAMSUNG,10.0,-10.0,True,2026-06-11 01:25:00+00:00,2026-06-11 01:30:00+00:00,0.0,0.0,-2.9,2.9,0.0,2.9,-22.1,-40.1,False
SAMSUNG,10.0,-10.0,True,2026-06-11 01:35:00+00:00,2026-06-11 01:40:00+00:00,0.0,0.0,-5.5,5.5,0.0,5.5,-19.5,-37.5,False
SAMSUNG,10.0,-10.0,True,2026-06-11 02:55:00+00:00,2026-06-11 03:00:00+00:00,0.0,15.2,-22.8,38.0,0.0,38.0,13.0,-5.0,False
SAMSUNG,10.0,-10.0,True,2026-06-11 03:35:00+00:00,2026-06-11 03:40:00+00:00,0.0,38.1,3.5,34.6,0.0,34.6,9.6,-8.4,False
SAMSUNG,10.0,-10.0,True,2026-06-11 03:45:00+00:00,2026-06-11 03:50:00+00:00,0.0,9.9,26.4,-16.5,0.0,-16.5,-41.5,-59.5,False
SAMSUNG,10.0,-10.0,True,2026-06-11 03:55:00+00:00,2026-06-11 04:00:00+00:00,0.0,30.5,29.7,0.8,0.0,0.8,-24.2,-42.2,False
SAMSUNG,10.0,-10.0,True,2026-06-11 04:05:00+00:00,2026-06-11 04:10:00+00:00,0.0,42.3,41.5,0.8,0.0,0.8,-24.2,-42.2,False
SAMSUNG,10.0,-10.0,True,2026-06-11 04:15:00+00:00,2026-06-11 04:20:00+00:00,0.0,35.3,31.6,3.7,0.0,3.7,-21.3,-39.3,False
SAMSUNG,10.0,-10.0,True,2026-06-11 04:25:00+00:00,2026-06-11 04:30:00+00:00,0.0,35.5,31.2,4.3,0.0,4.3,-20.7,-38.7,False
SAMSUNG,10.0,-10.0,True,2026-06-11 04:35:00+00:00,2026-06-11 04:40:00+00:00,0.0,28.7,35.7,-7.1,0.0,-7.1,-32.1,-50.1,False
SAMSUNG,10.0,-10.0,True,2026-06-11 04:45:00+00:00,2026-06-11 04:50:00+00:00,0.0,6.7,31.0,-24.3,0.0,-24.3,-49.3,-67.3,False
SAMSUNG,10.0,-10.0,True,2026-06-11 04:55:00+00:00,2026-06-11 05:00:00+00:00,0.0,0.0,16.3,-16.3,0.0,-16.3,-41.3,-59.3,False
SAMSUNG,10.0,-10.0,True,2026-06-11 05:05:00+00:00,2026-06-11 05:10:00+00:00,0.0,4.3,4.6,-0.3,0.0,-0.3,-25.3,-43.3,False
SAMSUNG,10.0,-10.0,True,2026-06-11 05:15:00+00:00,2026-06-11 05:20:00+00:00,0.0,6.5,2.9,3.5,0.0,3.5,-21.5,-39.5,False
SAMSUNG,10.0,-10.0,True,2026-06-11 05:25:00+00:00,2026-06-11 05:30:00+00:00,0.0,13.1,11.7,1.4,0.0,1.4,-23.6,-41.6,False
SAMSUNG,10.0,-10.0,True,2026-06-11 05:35:00+00:00,2026-06-11 05:40:00+00:00,0.0,18.6,8.6,10.0,0.0,10.0,-15.0,-33.0,False
SAMSUNG,10.0,-10.0,True,2026-06-11 05:45:00+00:00,2026-06-11 05:50:00+00:00,0.0,19.0,16.5,2.5,0.0,2.5,-22.5,-40.5,False
SAMSUNG,10.0,-10.0,True,2026-06-11 05:55:00+00:00,2026-06-11 06:00:00+00:00,0.0,10.3,22.2,-11.9,0.0,-11.9,-36.9,-54.9,False
SAMSUNG,10.0,-10.0,True,2026-06-11 06:05:00+00:00,2026-06-11 06:10:00+00:00,0.0,33.6,18.5,15.0,0.0,15.0,-10.0,-28.0,False
SAMSUNG,10.0,-10.0,True,2026-06-11 06:15:00+00:00,2026-06-15 06:10:00+00:00,4.0,8.3,-22.4,30.7,65.1,95.8,70.8,52.8,False
SAMSUNG,10.0,-10.0,True,2026-06-16 00:10:00+00:00,2026-06-22 00:00:00+00:00,6.0,63.6,101.8,-38.2,33.4,-4.7,-29.7,-47.7,False
SAMSUNG,10.0,-10.0,True,2026-06-22 00:35:00+00:00,2026-06-23 00:00:00+00:00,1.0,139.2,98.8,40.4,44.6,85.0,60.0,42.0,False
SAMSUNG,10.0,-10.0,True,2026-06-23 00:20:00+00:00,2026-06-24 00:00:00+00:00,1.0,106.0,50.4,55.6,30.6,86.2,61.2,43.2,False
SAMSUNG,10.0,-10.0,True,2026-06-24 00:10:00+00:00,2026-06-25 00:00:00+00:00,1.0,84.7,15.1,69.6,13.9,83.5,58.5,40.5,False
SAMSUNG,10.0,-10.0,True,2026-06-25 00:15:00+00:00,2026-06-29 00:00:00+00:00,4.0,104.9,18.6,86.3,23.7,110.0,85.0,67.0,False
SAMSUNG,10.0,-10.0,True,2026-06-29 00:35:00+00:00,2026-06-29 00:40:00+00:00,0.0,85.9,77.6,8.3,0.0,8.3,-16.7,-34.7,False
SAMSUNG,10.0,-10.0,True,2026-06-29 00:45:00+00:00,2026-06-29 00:50:00+00:00,0.0,86.3,84.4,2.0,0.0,2.0,-23.0,-41.0,False
SAMSUNG,10.0,-10.0,True,2026-06-29 00:55:00+00:00,2026-06-29 01:00:00+00:00,0.0,92.5,107.3,-14.8,0.0,-14.8,-39.8,-57.8,False
SAMSUNG,10.0,-10.0,True,2026-06-29 01:05:00+00:00,2026-06-29 01:10:00+00:00,0.0,88.3,78.0,10.3,0.0,10.3,-14.7,-32.7,False
SAMSUNG,10.0,-10.0,True,2026-06-29 01:15:00+00:00,2026-06-29 01:20:00+00:00,0.0,88.6,80.9,7.6,0.0,7.6,-17.4,-35.4,False
SAMSUNG,10.0,-10.0,True,2026-06-29 01:25:00+00:00,2026-06-29 01:30:00+00:00,0.0,80.8,87.4,-6.6,0.0,-6.6,-31.6,-49.6,False
SAMSUNG,10.0,-10.0,True,2026-06-29 01:35:00+00:00,2026-06-29 01:40:00+00:00,0.0,103.3,88.8,14.5,0.0,14.5,-10.5,-28.5,False
SAMSUNG,10.0,-10.0,True,2026-06-29 01:45:00+00:00,2026-06-29 01:50:00+00:00,0.0,81.2,75.2,6.0,0.0,6.0,-19.0,-37.0,False
SAMSUNG,10.0,-10.0,True,2026-06-29 01:55:00+00:00,2026-06-29 02:00:00+00:00,0.0,74.9,76.2,-1.3,0.0,-1.3,-26.3,-44.3,False
SAMSUNG,10.0,-10.0,True,2026-06-29 02:05:00+00:00,2026-06-29 02:10:00+00:00,0.0,84.2,52.6,31.7,0.0,31.7,6.7,-11.3,False
SAMSUNG,10.0,-10.0,True,2026-06-29 02:15:00+00:00,2026-06-29 02:20:00+00:00,0.0,65.0,57.9,7.1,0.0,7.1,-17.9,-35.9,False
SAMSUNG,10.0,-10.0,True,2026-06-29 02:25:00+00:00,2026-06-29 02:30:00+00:00,0.0,80.7,82.1,-1.4,0.0,-1.4,-26.4,-44.4,False
SAMSUNG,10.0,-10.0,True,2026-06-29 02:35:00+00:00,2026-06-29 02:40:00+00:00,0.0,84.7,95.8,-11.0,0.0,-11.0,-36.0,-54.0,False
SAMSUNG,10.0,-10.0,True,2026-06-29 02:45:00+00:00,2026-06-29 02:50:00+00:00,0.0,76.0,80.4,-4.4,0.0,-4.4,-29.4,-47.4,False
SAMSUNG,10.0,-10.0,True,2026-06-29 02:55:00+00:00,2026-06-29 03:00:00+00:00,0.0,82.5,82.3,0.2,0.0,0.2,-24.8,-42.8,False
SAMSUNG,10.0,-10.0,True,2026-06-29 03:05:00+00:00,2026-06-29 03:10:00+00:00,0.0,85.7,79.0,6.7,0.0,6.7,-18.3,-36.3,False
SAMSUNG,10.0,-10.0,True,2026-06-29 03:15:00+00:00,2026-06-29 03:20:00+00:00,0.0,85.4,83.0,2.4,0.0,2.4,-22.6,-40.6,False
SAMSUNG,10.0,-10.0,True,2026-06-29 03:25:00+00:00,2026-06-29 03:30:00+00:00,0.0,92.9,84.1,8.8,0.0,8.8,-16.2,-34.2,False
SAMSUNG,10.0,-10.0,True,2026-06-29 03:35:00+00:00,2026-06-29 03:40:00+00:00,0.0,84.1,86.2,-2.1,0.0,-2.1,-27.1,-45.1,False
SAMSUNG,10.0,-10.0,True,2026-06-29 03:45:00+00:00,2026-06-29 03:50:00+00:00,0.0,98.7,80.0,18.7,0.0,18.7,-6.3,-24.3,False
SAMSUNG,10.0,-10.0,True,2026-06-29 03:55:00+00:00,2026-06-29 04:00:00+00:00,0.0,42.1,48.4,-6.3,0.0,-6.3,-31.3,-49.3,False
SAMSUNG,10.0,-10.0,True,2026-06-29 04:05:00+00:00,2026-06-29 04:10:00+00:00,0.0,50.8,55.1,-4.4,0.0,-4.4,-29.4,-47.4,False
SAMSUNG,10.0,-10.0,True,2026-06-29 04:15:00+00:00,2026-06-29 04:20:00+00:00,0.0,48.5,77.0,-28.5,0.0,-28.5,-53.5,-71.5,False
SAMSUNG,10.0,-10.0,True,2026-06-29 04:25:00+00:00,2026-06-29 04:30:00+00:00,0.0,63.9,64.8,-0.9,0.0,-0.9,-25.9,-43.9,False
SAMSUNG,10.0,-10.0,True,2026-06-29 04:35:00+00:00,2026-06-29 04:40:00+00:00,0.0,76.0,73.5,2.5,0.0,2.5,-22.5,-40.5,False
SAMSUNG,10.0,-10.0,True,2026-06-29 04:45:00+00:00,2026-06-29 04:50:00+00:00,0.0,84.2,73.5,10.7,0.0,10.7,-14.3,-32.3,False
SAMSUNG,10.0,-10.0,True,2026-06-29 04:55:00+00:00,2026-06-29 05:00:00+00:00,0.0,79.1,64.4,14.7,0.0,14.7,-10.3,-28.3,False
SAMSUNG,10.0,-10.0,True,2026-06-29 05:05:00+00:00,2026-06-29 05:10:00+00:00,0.0,47.5,46.4,1.1,0.0,1.1,-23.9,-41.9,False
SAMSUNG,10.0,-10.0,True,2026-06-29 05:15:00+00:00,2026-06-29 05:20:00+00:00,0.0,42.2,37.8,4.3,0.0,4.3,-20.7,-38.7,False
SAMSUNG,10.0,-10.0,True,2026-06-29 05:25:00+00:00,2026-06-29 05:30:00+00:00,0.0,38.6,39.2,-0.6,0.0,-0.6,-25.6,-43.6,False
SAMSUNG,10.0,-10.0,True,2026-06-29 05:35:00+00:00,2026-06-29 05:40:00+00:00,0.0,30.7,26.7,4.0,0.0,4.0,-21.0,-39.0,False
SAMSUNG,10.0,-10.0,True,2026-06-29 05:45:00+00:00,2026-06-29 05:50:00+00:00,0.0,10.5,13.8,-3.3,0.0,-3.3,-28.3,-46.3,False
SAMSUNG,10.0,-10.0,True,2026-06-29 05:55:00+00:00,2026-06-29 06:00:00+00:00,0.0,5.0,5.1,-0.1,0.0,-0.1,-25.1,-43.1,False
SAMSUNG,10.0,-10.0,True,2026-06-29 06:05:00+00:00,2026-06-29 06:10:00+00:00,0.0,13.1,3.9,9.2,0.0,9.2,-15.8,-33.8,False
SAMSUNG,10.0,-10.0,True,2026-06-29 06:15:00+00:00,2026-06-30 00:00:00+00:00,0.7,9.5,42.6,-33.0,19.0,-14.0,-39.0,-57.0,False
SAMSUNG,10.0,-10.0,True,2026-06-30 00:05:00+00:00,2026-06-30 00:10:00+00:00,0.0,39.5,30.2,9.3,0.0,9.3,-15.7,-33.7,False
SAMSUNG,10.0,-10.0,True,2026-06-30 00:15:00+00:00,2026-06-30 00:20:00+00:00,0.0,18.5,41.0,-22.4,0.0,-22.4,-47.4,-65.4,False
SAMSUNG,10.0,-10.0,True,2026-06-30 00:25:00+00:00,2026-06-30 00:30:00+00:00,0.0,18.8,7.9,10.9,0.0,10.9,-14.1,-32.1,False
SAMSUNG,10.0,-10.0,True,2026-06-30 00:35:00+00:00,2026-06-30 00:40:00+00:00,0.0,5.9,26.2,-20.2,0.0,-20.2,-45.2,-63.2,False
SAMSUNG,10.0,-10.0,True,2026-06-30 00:45:00+00:00,2026-06-30 00:50:00+00:00,0.0,32.4,23.6,8.7,0.0,8.7,-16.3,-34.3,False
SAMSUNG,10.0,-10.0,True,2026-06-30 00:55:00+00:00,2026-06-30 01:00:00+00:00,0.0,13.4,31.2,-17.7,0.0,-17.7,-42.7,-60.7,False
SAMSUNG,10.0,-10.0,True,2026-06-30 01:05:00+00:00,2026-06-30 01:10:00+00:00,0.0,22.4,35.4,-13.0,0.0,-13.0,-38.0,-56.0,False
SAMSUNG,10.0,-10.0,True,2026-06-30 01:15:00+00:00,2026-06-30 01:20:00+00:00,0.0,0.0,17.7,-17.7,0.0,-17.7,-42.7,-60.7,False
SAMSUNG,10.0,-10.0,True,2026-06-30 01:25:00+00:00,2026-06-30 01:30:00+00:00,0.0,14.8,21.5,-6.7,0.0,-6.7,-31.7,-49.7,False
SAMSUNG,10.0,-10.0,True,2026-06-30 01:35:00+00:00,2026-06-30 01:40:00+00:00,0.0,18.8,25.0,-6.2,0.0,-6.2,-31.2,-49.2,False
SAMSUNG,10.0,-10.0,True,2026-06-30 01:45:00+00:00,2026-06-30 01:50:00+00:00,0.0,16.4,15.3,1.1,0.0,1.1,-23.9,-41.9,False
SAMSUNG,10.0,-10.0,True,2026-06-30 01:55:00+00:00,2026-06-30 02:00:00+00:00,0.0,16.1,22.6,-6.5,0.0,-6.5,-31.5,-49.5,False
SAMSUNG,10.0,-10.0,True,2026-06-30 02:05:00+00:00,2026-06-30 02:10:00+00:00,0.0,32.4,23.7,8.7,0.0,8.7,-16.3,-34.3,False
SAMSUNG,10.0,-10.0,True,2026-06-30 02:15:00+00:00,2026-06-30 02:20:00+00:00,0.0,6.2,14.1,-7.9,0.0,-7.9,-32.9,-50.9,False
SAMSUNG,10.0,-10.0,True,2026-06-30 02:25:00+00:00,2026-06-30 02:30:00+00:00,0.0,14.0,15.1,-1.1,0.0,-1.1,-26.1,-44.1,False
SAMSUNG,10.0,-10.0,True,2026-06-30 02:35:00+00:00,2026-06-30 02:40:00+00:00,0.0,20.9,24.8,-3.9,0.0,-3.9,-28.9,-46.9,False
SAMSUNG,10.0,-10.0,True,2026-06-30 02:45:00+00:00,2026-06-30 02:50:00+00:00,0.0,28.4,21.9,6.5,0.0,6.5,-18.5,-36.5,False
SAMSUNG,10.0,-10.0,True,2026-06-30 02:55:00+00:00,2026-06-30 03:00:00+00:00,0.0,4.7,13.9,-9.1,0.0,-9.1,-34.1,-52.1,False
SAMSUNG,10.0,-10.0,True,2026-06-30 03:05:00+00:00,2026-06-30 03:10:00+00:00,0.0,4.1,0.0,4.1,0.0,4.1,-20.9,-38.9,False
SAMSUNG,10.0,-10.0,True,2026-06-30 03:15:00+00:00,2026-06-30 03:20:00+00:00,0.0,0.0,6.6,-6.6,0.0,-6.6,-31.6,-49.6,False
SAMSUNG,10.0,-10.0,True,2026-06-30 03:25:00+00:00,2026-06-30 03:30:00+00:00,0.0,8.0,12.6,-4.5,0.0,-4.5,-29.5,-47.5,False
SAMSUNG,10.0,-10.0,True,2026-06-30 03:35:00+00:00,2026-06-30 03:40:00+00:00,0.0,9.8,13.6,-3.8,0.0,-3.8,-28.8,-46.8,False
SAMSUNG,10.0,-10.0,True,2026-07-01 00:50:00+00:00,2026-07-02 00:00:00+00:00,1.0,26.7,72.1,-45.5,-15.2,-60.7,-85.7,-103.7,False
SAMSUNG,10.0,-10.0,True,2026-07-02 00:30:00+00:00,2026-07-07 00:00:00+00:00,5.0,75.3,88.3,-13.0,69.8,56.8,31.8,13.8,False
SAMSUNG,10.0,-10.0,True,2026-07-07 00:40:00+00:00,2026-07-08 00:00:00+00:00,1.0,70.8,24.9,46.0,29.8,75.8,50.8,32.8,False
SAMSUNG,10.0,-10.0,True,2026-07-08 00:25:00+00:00,2026-07-09 00:00:00+00:00,1.0,85.2,53.9,31.3,34.0,65.3,40.3,22.3,False
SAMSUNG,10.0,-10.0,True,2026-07-09 00:15:00+00:00,2026-07-10 00:00:00+00:00,1.0,15.0,51.4,-36.4,56.8,20.4,-4.6,-22.6,False
SAMSUNG,10.0,-10.0,True,2026-07-10 00:15:00+00:00,2026-07-13 00:00:00+00:00,3.0,74.3,-27.0,101.3,-1.4,99.9,74.9,56.9,False
SAMSUNG,10.0,-10.0,True,2026-07-13 00:55:00+00:00,2026-07-14 00:00:00+00:00,1.0,68.9,107.5,-38.6,71.1,32.5,7.5,-10.5,False
SAMSUNG,10.0,-10.0,True,2026-07-14 00:10:00+00:00,2026-07-16 00:00:00+00:00,2.0,120.8,20.7,100.2,24.4,124.6,99.6,81.6,False
SAMSUNG,10.0,-10.0,True,2026-07-16 00:05:00+00:00,2026-07-16 00:10:00+00:00,0.0,20.0,20.7,-0.7,0.0,-0.7,-25.7,-43.7,False
SAMSUNG,10.0,-10.0,True,2026-07-16 00:15:00+00:00,2026-07-16 00:20:00+00:00,0.0,8.4,5.0,3.3,0.0,3.3,-21.7,-39.7,False
SAMSUNG,10.0,-10.0,True,2026-07-16 00:50:00+00:00,2026-07-16 00:55:00+00:00,0.0,9.5,5.8,3.7,0.0,3.7,-21.3,-39.3,False
SAMSUNG,10.0,-10.0,True,2026-07-16 01:55:00+00:00,2026-07-16 02:00:00+00:00,0.0,30.3,10.3,20.0,0.0,20.0,-5.0,-23.0,False
SAMSUNG,10.0,-10.0,True,2026-07-16 02:05:00+00:00,2026-07-16 02:10:00+00:00,0.0,6.7,30.6,-23.9,0.0,-23.9,-48.9,-66.9,False
SAMSUNG,10.0,-10.0,True,2026-07-16 02:15:00+00:00,2026-07-16 02:20:00+00:00,0.0,30.4,22.7,7.7,0.0,7.7,-17.3,-35.3,False
SAMSUNG,10.0,-10.0,True,2026-07-16 02:25:00+00:00,2026-07-16 02:30:00+00:00,0.0,23.3,19.2,4.2,0.0,4.2,-20.8,-38.8,False
SAMSUNG,10.0,-10.0,True,2026-07-16 02:35:00+00:00,2026-07-16 02:40:00+00:00,0.0,15.2,28.2,-13.0,0.0,-13.0,-38.0,-56.0,False
SAMSUNG,10.0,-10.0,True,2026-07-16 02:45:00+00:00,2026-07-16 02:50:00+00:00,0.0,20.9,22.0,-1.1,0.0,-1.1,-26.1,-44.1,False
SAMSUNG,10.0,-10.0,True,2026-07-16 02:55:00+00:00,2026-07-16 03:00:00+00:00,0.0,8.6,20.4,-11.8,0.0,-11.8,-36.8,-54.8,False
SAMSUNG,10.0,-10.0,True,2026-07-16 03:05:00+00:00,2026-07-16 03:10:00+00:00,0.0,9.5,14.1,-4.6,0.0,-4.6,-29.6,-47.6,False
SAMSUNG,10.0,-10.0,True,2026-07-16 03:15:00+00:00,2026-07-16 03:20:00+00:00,0.0,6.1,15.2,-9.2,0.0,-9.2,-34.2,-52.2,False
SAMSUNG,10.0,-10.0,True,2026-07-16 03:25:00+00:00,2026-07-16 03:30:00+00:00,0.0,19.3,17.6,1.7,0.0,1.7,-23.3,-41.3,False
SAMSUNG,10.0,-10.0,True,2026-07-16 03:35:00+00:00,2026-07-16 03:40:00+00:00,0.0,10.7,0.7,10.0,0.0,10.0,-15.0,-33.0,False
SAMSUNG,10.0,-10.0,True,2026-07-16 03:45:00+00:00,2026-07-16 03:50:00+00:00,0.0,9.4,12.2,-2.8,0.0,-2.8,-27.8,-45.8,False
SAMSUNG,10.0,-10.0,True,2026-07-16 03:55:00+00:00,2026-07-16 04:00:00+00:00,0.0,2.9,12.4,-9.5,0.0,-9.5,-34.5,-52.5,False
SAMSUNG,10.0,-10.0,True,2026-07-16 04:05:00+00:00,2026-07-16 04:10:00+00:00,0.0,15.0,15.8,-0.8,0.0,-0.8,-25.8,-43.8,False
SAMSUNG,10.0,-10.0,True,2026-07-16 04:15:00+00:00,2026-07-16 04:20:00+00:00,0.0,21.8,32.1,-10.3,0.0,-10.3,-35.3,-53.3,False
SAMSUNG,10.0,-10.0,True,2026-07-16 04:25:00+00:00,2026-07-16 04:30:00+00:00,0.0,23.2,20.1,3.1,0.0,3.1,-21.9,-39.9,False
SAMSUNG,10.0,-10.0,True,2026-07-16 04:35:00+00:00,2026-07-16 04:40:00+00:00,0.0,32.3,23.8,8.5,0.0,8.5,-16.5,-34.5,False
SAMSUNG,10.0,-10.0,True,2026-07-16 04:45:00+00:00,2026-07-16 04:50:00+00:00,0.0,18.1,13.7,4.4,0.0,4.4,-20.6,-38.6,False
SAMSUNG,10.0,-10.0,True,2026-07-16 04:55:00+00:00,2026-07-16 05:00:00+00:00,0.0,11.7,21.7,-10.0,0.0,-10.0,-35.0,-53.0,False
SAMSUNG,10.0,-10.0,True,2026-07-16 05:05:00+00:00,2026-07-16 05:10:00+00:00,0.0,18.3,26.4,-8.2,0.0,-8.2,-33.2,-51.2,False
SAMSUNG,10.0,-10.0,True,2026-07-16 05:15:00+00:00,2026-07-16 05:20:00+00:00,0.0,33.6,25.5,8.1,0.0,8.1,-16.9,-34.9,False
SAMSUNG,10.0,-10.0,True,2026-07-16 05:25:00+00:00,2026-07-16 05:30:00+00:00,0.0,35.7,18.6,17.1,0.0,17.1,-7.9,-25.9,False
SAMSUNG,10.0,-10.0,True,2026-07-16 05:35:00+00:00,2026-07-16 05:40:00+00:00,0.0,35.3,33.6,1.7,0.0,1.7,-23.3,-41.3,False
SAMSUNG,10.0,-10.0,True,2026-07-16 05:45:00+00:00,2026-07-16 05:50:00+00:00,0.0,42.2,54.8,-12.6,0.0,-12.6,-37.6,-55.6,False
SAMSUNG,10.0,-10.0,True,2026-07-16 05:55:00+00:00,2026-07-16 06:00:00+00:00,0.0,42.9,47.6,-4.6,0.0,-4.6,-29.6,-47.6,False
SAMSUNG,10.0,-10.0,True,2026-07-16 06:05:00+00:00,2026-07-16 06:10:00+00:00,0.0,50.6,48.2,2.4,0.0,2.4,-22.6,-40.6,False
SAMSUNG,10.0,-10.0,True,2026-07-16 06:15:00+00:00,2026-07-20 00:00:00+00:00,3.7,53.5,55.5,-2.0,2.2,0.2,-24.8,-42.8,False
SAMSUNG,10.0,-10.0,True,2026-07-20 00:35:00+00:00,2026-08-03 01:55:00+00:00,14.1,47.9,-1.5,49.4,249.7,299.1,274.1,256.1,False
SAMSUNG,10.0,-10.0,True,2026-08-04 00:00:00+00:00,2026-08-04 01:55:00+00:00,0.1,-51.4,-25.4,-26.1,4.2,-21.9,-46.9,-64.9,False
SAMSUNG,10.0,-10.0,True,2026-08-04 03:15:00+00:00,2026-08-05 00:00:00+00:00,0.9,31.5,24.6,6.9,22.3,29.2,4.2,-13.8,False
SAMSUNG,10.0,-10.0,True,2026-08-05 00:20:00+00:00,2026-08-06 00:00:00+00:00,1.0,14.4,-4.8,19.3,6.9,26.1,1.1,-16.9,False
SAMSUNG,10.0,-10.0,True,2026-08-06 00:50:00+00:00,2026-08-07 00:00:00+00:00,1.0,14.3,-9.5,23.8,16.9,40.6,15.6,-2.4,False
SAMSUNG,10.0,-10.0,True,2026-08-10 03:15:00+00:00,2026-08-11 02:05:00+00:00,1.0,9.5,-23.3,32.8,2.8,35.6,10.6,-7.4,False
SAMSUNG,10.0,-10.0,True,2026-08-13 00:00:00+00:00,2026-08-13 00:05:00+00:00,0.0,-25.9,-2.6,-23.4,0.0,-23.4,-48.4,-66.4,False
SAMSUNG,20.0,0.0,False,2026-06-02 03:15:00+00:00,2026-06-04 00:00:00+00:00,1.9,171.1,179.0,-7.8,40.8,33.0,8.0,-10.0,False
SAMSUNG,20.0,0.0,False,2026-06-04 00:20:00+00:00,2026-06-05 00:00:00+00:00,1.0,160.8,120.6,40.2,32.3,72.6,47.6,29.6,False
SAMSUNG,20.0,0.0,False,2026-06-05 00:20:00+00:00,2026-06-08 00:00:00+00:00,3.0,192.5,110.9,81.6,-7.4,74.2,49.2,31.2,False
SAMSUNG,20.0,0.0,False,2026-06-08 00:15:00+00:00,2026-06-09 00:00:00+00:00,1.0,165.6,132.7,32.9,65.2,98.1,73.1,55.1,False
SAMSUNG,20.0,0.0,False,2026-06-09 00:20:00+00:00,2026-06-09 05:50:00+00:00,0.2,123.6,1.1,122.5,0.0,122.5,97.5,79.5,False
SAMSUNG,20.0,0.0,False,2026-06-10 00:00:00+00:00,2026-06-10 02:30:00+00:00,0.1,71.0,-56.3,127.2,0.0,127.2,102.2,84.2,False
SAMSUNG,20.0,0.0,False,2026-06-11 00:35:00+00:00,2026-06-15 05:55:00+00:00,4.2,31.5,-20.4,51.9,65.1,117.1,92.1,74.1,False
SAMSUNG,20.0,0.0,False,2026-06-16 00:20:00+00:00,2026-06-22 00:00:00+00:00,6.0,31.1,101.8,-70.7,33.4,-37.3,-62.3,-80.3,False
SAMSUNG,20.0,0.0,False,2026-06-22 00:35:00+00:00,2026-06-23 00:00:00+00:00,1.0,139.2,98.8,40.4,44.6,85.0,60.0,42.0,False
SAMSUNG,20.0,0.0,False,2026-06-23 00:25:00+00:00,2026-06-23 06:05:00+00:00,0.2,115.9,-40.3,156.2,0.0,156.2,131.2,113.2,False
SAMSUNG,20.0,0.0,False,2026-06-24 00:15:00+00:00,2026-06-25 00:00:00+00:00,1.0,54.6,15.1,39.5,13.9,53.4,28.4,10.4,False
SAMSUNG,20.0,0.0,False,2026-06-25 00:20:00+00:00,2026-06-26 01:40:00+00:00,1.1,63.5,0.0,63.5,-2.6,60.9,35.9,17.9,False
SAMSUNG,20.0,0.0,False,2026-06-26 03:15:00+00:00,2026-06-29 00:00:00+00:00,2.9,77.5,18.6,58.8,26.3,85.1,60.1,42.1,False
SAMSUNG,20.0,0.0,False,2026-06-29 00:40:00+00:00,2026-06-30 05:00:00+00:00,1.2,77.6,-3.8,81.4,19.0,100.4,75.4,57.4,False
SAMSUNG,20.0,0.0,False,2026-07-01 01:05:00+00:00,2026-07-02 00:00:00+00:00,1.0,43.1,72.1,-29.0,-15.2,-44.3,-69.3,-87.3,False
SAMSUNG,20.0,0.0,False,2026-07-02 00:35:00+00:00,2026-07-07 00:00:00+00:00,5.0,64.8,88.3,-23.6,69.8,46.3,21.3,3.3,False
SAMSUNG,20.0,0.0,False,2026-07-07 00:45:00+00:00,2026-07-08 00:00:00+00:00,1.0,81.6,24.9,56.8,29.8,86.6,61.6,43.6,False
SAMSUNG,20.0,0.0,False,2026-07-08 00:30:00+00:00,2026-07-09 00:00:00+00:00,1.0,82.5,53.9,28.6,34.0,62.6,37.6,19.6,False
SAMSUNG,20.0,0.0,False,2026-07-09 00:25:00+00:00,2026-07-10 00:00:00+00:00,1.0,17.1,51.4,-34.3,56.8,22.5,-2.5,-20.5,False
SAMSUNG,20.0,0.0,False,2026-07-10 00:20:00+00:00,2026-07-10 04:55:00+00:00,0.2,66.3,-9.0,75.2,0.0,75.2,50.2,32.2,False
SAMSUNG,20.0,0.0,False,2026-07-13 01:00:00+00:00,2026-07-14 00:00:00+00:00,1.0,65.6,107.5,-42.0,71.1,29.2,4.2,-13.8,False
SAMSUNG,20.0,0.0,False,2026-07-14 00:10:00+00:00,2026-07-20 00:00:00+00:00,6.0,120.8,55.5,65.3,31.3,96.6,71.6,53.6,False
SAMSUNG,20.0,0.0,False,2026-07-20 00:45:00+00:00,2026-07-24 00:00:00+00:00,4.0,37.1,19.4,17.7,55.5,73.2,48.2,30.2,False
SAMSUNG,20.0,0.0,False,2026-07-24 00:40:00+00:00,2026-07-28 00:00:00+00:00,4.0,49.0,42.7,6.3,40.5,46.8,21.8,3.8,False
SAMSUNG,20.0,0.0,False,2026-07-28 00:40:00+00:00,2026-07-31 03:05:00+00:00,3.1,38.4,-3.3,41.7,175.7,217.4,192.4,174.4,False
SAMSUNG,20.0,0.0,False,2026-08-03 00:00:00+00:00,2026-08-03 01:25:00+00:00,0.1,-19.5,-14.1,-5.4,11.6,6.2,-18.8,-36.8,False
SAMSUNG,20.0,0.0,False,2026-08-04 00:00:00+00:00,2026-08-04 00:55:00+00:00,0.0,-51.4,17.6,-69.1,4.2,-64.9,-89.9,-107.9,False
SAMSUNG,20.0,0.0,False,2026-08-06 05:15:00+00:00,2026-08-07 00:00:00+00:00,0.8,18.1,-9.5,27.5,13.4,40.9,15.9,-2.1,False
SAMSUNG,20.0,0.0,False,2026-08-10 06:10:00+00:00,2026-08-11 00:00:00+00:00,0.7,36.5,-10.4,46.9,1.5,48.4,23.4,5.4,False
SAMSUNG,20.0,0.0,True,2026-06-02 03:15:00+00:00,2026-06-04 00:00:00+00:00,1.9,171.1,179.0,-7.8,40.8,33.0,8.0,-10.0,False
SAMSUNG,20.0,0.0,True,2026-06-04 00:20:00+00:00,2026-06-05 00:00:00+00:00,1.0,160.8,120.6,40.2,32.3,72.6,47.6,29.6,False
SAMSUNG,20.0,0.0,True,2026-06-05 00:20:00+00:00,2026-06-05 00:25:00+00:00,0.0,192.5,215.5,-22.9,0.0,-22.9,-47.9,-65.9,False
SAMSUNG,20.0,0.0,True,2026-06-05 00:30:00+00:00,2026-06-05 00:35:00+00:00,0.0,160.3,181.5,-21.2,0.0,-21.2,-46.2,-64.2,False
SAMSUNG,20.0,0.0,True,2026-06-05 00:40:00+00:00,2026-06-05 00:45:00+00:00,0.0,222.1,215.7,6.3,0.0,6.3,-18.7,-36.7,False
SAMSUNG,20.0,0.0,True,2026-06-05 00:50:00+00:00,2026-06-05 00:55:00+00:00,0.0,198.8,178.7,20.2,0.0,20.2,-4.8,-22.8,False
SAMSUNG,20.0,0.0,True,2026-06-05 01:00:00+00:00,2026-06-05 01:05:00+00:00,0.0,152.0,182.7,-30.7,0.0,-30.7,-55.7,-73.7,False
SAMSUNG,20.0,0.0,True,2026-06-05 01:10:00+00:00,2026-06-05 01:15:00+00:00,0.0,129.9,110.5,19.4,0.0,19.4,-5.6,-23.6,False
SAMSUNG,20.0,0.0,True,2026-06-05 01:20:00+00:00,2026-06-05 01:25:00+00:00,0.0,131.9,89.2,42.7,0.0,42.7,17.7,-0.3,False
SAMSUNG,20.0,0.0,True,2026-06-05 01:30:00+00:00,2026-06-05 01:35:00+00:00,0.0,62.8,57.0,5.8,0.0,5.8,-19.2,-37.2,False
SAMSUNG,20.0,0.0,True,2026-06-05 01:40:00+00:00,2026-06-05 01:45:00+00:00,0.0,41.1,88.1,-47.0,0.0,-47.0,-72.0,-90.0,False
SAMSUNG,20.0,0.0,True,2026-06-05 01:50:00+00:00,2026-06-05 01:55:00+00:00,0.0,53.0,19.6,33.4,0.0,33.4,8.4,-9.6,False
SAMSUNG,20.0,0.0,True,2026-06-05 02:00:00+00:00,2026-06-05 02:05:00+00:00,0.0,17.2,13.3,3.9,0.0,3.9,-21.1,-39.1,False
SAMSUNG,20.0,0.0,True,2026-06-05 02:10:00+00:00,2026-06-05 02:15:00+00:00,0.0,44.7,61.8,-17.1,0.0,-17.1,-42.1,-60.1,False
SAMSUNG,20.0,0.0,True,2026-06-05 02:20:00+00:00,2026-06-05 02:25:00+00:00,0.0,26.0,37.5,-11.5,0.0,-11.5,-36.5,-54.5,False
SAMSUNG,20.0,0.0,True,2026-06-05 02:30:00+00:00,2026-06-05 02:35:00+00:00,0.0,58.5,27.8,30.7,0.0,30.7,5.7,-12.3,False
SAMSUNG,20.0,0.0,True,2026-06-05 02:40:00+00:00,2026-06-05 02:45:00+00:00,0.0,36.3,26.1,10.2,0.0,10.2,-14.8,-32.8,False
SAMSUNG,20.0,0.0,True,2026-06-05 02:50:00+00:00,2026-06-05 02:55:00+00:00,0.0,29.8,28.7,1.1,0.0,1.1,-23.9,-41.9,False
SAMSUNG,20.0,0.0,True,2026-06-05 03:00:00+00:00,2026-06-05 03:05:00+00:00,0.0,38.9,33.5,5.4,0.0,5.4,-19.6,-37.6,False
SAMSUNG,20.0,0.0,True,2026-06-05 03:10:00+00:00,2026-06-05 03:15:00+00:00,0.0,36.5,42.1,-5.7,0.0,-5.7,-30.7,-48.7,False
SAMSUNG,20.0,0.0,True,2026-06-05 03:20:00+00:00,2026-06-05 03:25:00+00:00,0.0,21.5,20.4,1.1,0.0,1.1,-23.9,-41.9,False
SAMSUNG,20.0,0.0,True,2026-06-05 03:30:00+00:00,2026-06-05 03:35:00+00:00,0.0,19.0,19.2,-0.2,0.0,-0.2,-25.2,-43.2,False
SAMSUNG,20.0,0.0,True,2026-06-05 03:40:00+00:00,2026-06-05 03:45:00+00:00,0.0,29.6,42.3,-12.7,0.0,-12.7,-37.7,-55.7,False
SAMSUNG,20.0,0.0,True,2026-06-05 03:50:00+00:00,2026-06-05 03:55:00+00:00,0.0,114.6,79.2,35.4,0.0,35.4,10.4,-7.6,False
SAMSUNG,20.0,0.0,True,2026-06-05 04:00:00+00:00,2026-06-05 04:05:00+00:00,0.0,96.3,77.1,19.2,0.0,19.2,-5.8,-23.8,False
SAMSUNG,20.0,0.0,True,2026-06-05 04:10:00+00:00,2026-06-05 04:15:00+00:00,0.0,68.1,62.7,5.3,0.0,5.3,-19.7,-37.7,False
SAMSUNG,20.0,0.0,True,2026-06-05 04:20:00+00:00,2026-06-05 04:25:00+00:00,0.0,38.9,64.4,-25.6,0.0,-25.6,-50.6,-68.6,False
SAMSUNG,20.0,0.0,True,2026-06-05 04:30:00+00:00,2026-06-05 04:35:00+00:00,0.0,39.5,36.7,2.8,0.0,2.8,-22.2,-40.2,False
SAMSUNG,20.0,0.0,True,2026-06-05 04:40:00+00:00,2026-06-05 04:45:00+00:00,0.0,59.8,27.1,32.7,0.0,32.7,7.7,-10.3,False
SAMSUNG,20.0,0.0,True,2026-06-05 04:50:00+00:00,2026-06-05 04:55:00+00:00,0.0,41.5,42.1,-0.6,0.0,-0.6,-25.6,-43.6,False
SAMSUNG,20.0,0.0,True,2026-06-05 05:00:00+00:00,2026-06-05 05:05:00+00:00,0.0,47.7,31.9,15.8,0.0,15.8,-9.2,-27.2,False
SAMSUNG,20.0,0.0,True,2026-06-05 05:10:00+00:00,2026-06-05 05:15:00+00:00,0.0,85.8,31.0,54.9,0.0,54.9,29.9,11.9,False
SAMSUNG,20.0,0.0,True,2026-06-05 05:20:00+00:00,2026-06-05 05:25:00+00:00,0.0,19.1,45.0,-25.9,0.0,-25.9,-50.9,-68.9,False
SAMSUNG,20.0,0.0,True,2026-06-05 05:30:00+00:00,2026-06-05 05:35:00+00:00,0.0,22.8,29.9,-7.0,0.0,-7.0,-32.0,-50.0,False
SAMSUNG,20.0,0.0,True,2026-06-05 05:40:00+00:00,2026-06-05 05:45:00+00:00,0.0,53.4,68.9,-15.5,0.0,-15.5,-40.5,-58.5,False
SAMSUNG,20.0,0.0,True,2026-06-05 05:50:00+00:00,2026-06-05 05:55:00+00:00,0.0,57.4,85.1,-27.8,0.0,-27.8,-52.8,-70.8,False
SAMSUNG,20.0,0.0,True,2026-06-05 06:00:00+00:00,2026-06-05 06:05:00+00:00,0.0,46.1,25.2,20.9,0.0,20.9,-4.1,-22.1,False
SAMSUNG,20.0,0.0,True,2026-06-05 06:10:00+00:00,2026-06-05 06:15:00+00:00,0.0,35.5,4.2,31.3,0.0,31.3,6.3,-11.7,False
SAMSUNG,20.0,0.0,True,2026-06-08 00:15:00+00:00,2026-06-09 00:00:00+00:00,1.0,165.6,132.7,32.9,65.2,98.1,73.1,55.1,False
SAMSUNG,20.0,0.0,True,2026-06-09 00:20:00+00:00,2026-06-09 05:50:00+00:00,0.2,123.6,1.1,122.5,0.0,122.5,97.5,79.5,False
SAMSUNG,20.0,0.0,True,2026-06-10 00:00:00+00:00,2026-06-10 02:30:00+00:00,0.1,71.0,-56.3,127.2,0.0,127.2,102.2,84.2,False
SAMSUNG,20.0,0.0,True,2026-06-11 00:35:00+00:00,2026-06-11 00:40:00+00:00,0.0,31.5,33.6,-2.1,0.0,-2.1,-27.1,-45.1,False
SAMSUNG,20.0,0.0,True,2026-06-11 00:45:00+00:00,2026-06-11 00:50:00+00:00,0.0,34.1,5.0,29.1,0.0,29.1,4.1,-13.9,False
SAMSUNG,20.0,0.0,True,2026-06-11 00:55:00+00:00,2026-06-11 01:00:00+00:00,0.0,27.1,-10.7,37.8,0.0,37.8,12.8,-5.2,False
SAMSUNG,20.0,0.0,True,2026-06-11 04:05:00+00:00,2026-06-11 04:10:00+00:00,0.0,42.3,41.5,0.8,0.0,0.8,-24.2,-42.2,False
SAMSUNG,20.0,0.0,True,2026-06-11 04:15:00+00:00,2026-06-11 04:20:00+00:00,0.0,35.3,31.6,3.7,0.0,3.7,-21.3,-39.3,False
SAMSUNG,20.0,0.0,True,2026-06-11 04:25:00+00:00,2026-06-11 04:30:00+00:00,0.0,35.5,31.2,4.3,0.0,4.3,-20.7,-38.7,False
SAMSUNG,20.0,0.0,True,2026-06-11 04:35:00+00:00,2026-06-11 04:40:00+00:00,0.0,28.7,35.7,-7.1,0.0,-7.1,-32.1,-50.1,False
SAMSUNG,20.0,0.0,True,2026-06-11 04:45:00+00:00,2026-06-11 04:50:00+00:00,0.0,6.7,31.0,-24.3,0.0,-24.3,-49.3,-67.3,False
SAMSUNG,20.0,0.0,True,2026-06-11 04:55:00+00:00,2026-06-11 05:00:00+00:00,0.0,0.0,16.3,-16.3,0.0,-16.3,-41.3,-59.3,False
SAMSUNG,20.0,0.0,True,2026-06-11 05:05:00+00:00,2026-06-11 05:10:00+00:00,0.0,4.3,4.6,-0.3,0.0,-0.3,-25.3,-43.3,False
SAMSUNG,20.0,0.0,True,2026-06-12 00:10:00+00:00,2026-06-15 05:55:00+00:00,3.2,88.2,-20.4,108.6,27.3,135.9,110.9,92.9,False
SAMSUNG,20.0,0.0,True,2026-06-16 00:20:00+00:00,2026-06-22 00:00:00+00:00,6.0,31.1,101.8,-70.7,33.4,-37.3,-62.3,-80.3,False
SAMSUNG,20.0,0.0,True,2026-06-22 00:35:00+00:00,2026-06-23 00:00:00+00:00,1.0,139.2,98.8,40.4,44.6,85.0,60.0,42.0,False
SAMSUNG,20.0,0.0,True,2026-06-23 00:25:00+00:00,2026-06-23 06:05:00+00:00,0.2,115.9,-40.3,156.2,0.0,156.2,131.2,113.2,False
SAMSUNG,20.0,0.0,True,2026-06-24 00:15:00+00:00,2026-06-25 00:00:00+00:00,1.0,54.6,15.1,39.5,13.9,53.4,28.4,10.4,False
SAMSUNG,20.0,0.0,True,2026-06-25 00:20:00+00:00,2026-06-26 01:40:00+00:00,1.1,63.5,0.0,63.5,-2.6,60.9,35.9,17.9,False
SAMSUNG,20.0,0.0,True,2026-06-26 03:15:00+00:00,2026-06-29 00:00:00+00:00,2.9,77.5,18.6,58.8,26.3,85.1,60.1,42.1,False
SAMSUNG,20.0,0.0,True,2026-06-29 00:40:00+00:00,2026-06-29 00:45:00+00:00,0.0,77.6,86.3,-8.7,0.0,-8.7,-33.7,-51.7,False
SAMSUNG,20.0,0.0,True,2026-06-29 00:50:00+00:00,2026-06-29 00:55:00+00:00,0.0,84.4,92.5,-8.2,0.0,-8.2,-33.2,-51.2,False
SAMSUNG,20.0,0.0,True,2026-06-29 01:00:00+00:00,2026-06-29 01:05:00+00:00,0.0,107.3,88.3,19.0,0.0,19.0,-6.0,-24.0,False
SAMSUNG,20.0,0.0,True,2026-06-29 01:10:00+00:00,2026-06-29 01:15:00+00:00,0.0,78.0,88.6,-10.5,0.0,-10.5,-35.5,-53.5,False
SAMSUNG,20.0,0.0,True,2026-06-29 01:20:00+00:00,2026-06-29 01:25:00+00:00,0.0,80.9,80.8,0.2,0.0,0.2,-24.8,-42.8,False
SAMSUNG,20.0,0.0,True,2026-06-29 01:30:00+00:00,2026-06-29 01:35:00+00:00,0.0,87.4,103.3,-15.9,0.0,-15.9,-40.9,-58.9,False
SAMSUNG,20.0,0.0,True,2026-06-29 01:40:00+00:00,2026-06-29 01:45:00+00:00,0.0,88.8,81.2,7.6,0.0,7.6,-17.4,-35.4,False
SAMSUNG,20.0,0.0,True,2026-06-29 01:50:00+00:00,2026-06-29 01:55:00+00:00,0.0,75.2,74.9,0.4,0.0,0.4,-24.6,-42.6,False
SAMSUNG,20.0,0.0,True,2026-06-29 02:00:00+00:00,2026-06-29 02:05:00+00:00,0.0,76.2,84.2,-8.1,0.0,-8.1,-33.1,-51.1,False
SAMSUNG,20.0,0.0,True,2026-06-29 02:10:00+00:00,2026-06-29 02:15:00+00:00,0.0,52.6,65.0,-12.4,0.0,-12.4,-37.4,-55.4,False
SAMSUNG,20.0,0.0,True,2026-06-29 02:20:00+00:00,2026-06-29 02:25:00+00:00,0.0,57.9,80.7,-22.8,0.0,-22.8,-47.8,-65.8,False
SAMSUNG,20.0,0.0,True,2026-06-29 02:30:00+00:00,2026-06-29 02:35:00+00:00,0.0,82.1,84.7,-2.6,0.0,-2.6,-27.6,-45.6,False
SAMSUNG,20.0,0.0,True,2026-06-29 02:40:00+00:00,2026-06-29 02:45:00+00:00,0.0,95.8,76.0,19.8,0.0,19.8,-5.2,-23.2,False
SAMSUNG,20.0,0.0,True,2026-06-29 02:50:00+00:00,2026-06-29 02:55:00+00:00,0.0,80.4,82.5,-2.1,0.0,-2.1,-27.1,-45.1,False
SAMSUNG,20.0,0.0,True,2026-06-29 03:00:00+00:00,2026-06-29 03:05:00+00:00,0.0,82.3,85.7,-3.4,0.0,-3.4,-28.4,-46.4,False
SAMSUNG,20.0,0.0,True,2026-06-29 03:10:00+00:00,2026-06-29 03:15:00+00:00,0.0,79.0,85.4,-6.3,0.0,-6.3,-31.3,-49.3,False
SAMSUNG,20.0,0.0,True,2026-06-29 03:20:00+00:00,2026-06-29 03:25:00+00:00,0.0,83.0,92.9,-9.9,0.0,-9.9,-34.9,-52.9,False
SAMSUNG,20.0,0.0,True,2026-06-29 03:30:00+00:00,2026-06-29 03:35:00+00:00,0.0,84.1,84.1,0.0,0.0,0.0,-25.0,-43.0,False
SAMSUNG,20.0,0.0,True,2026-06-29 03:40:00+00:00,2026-06-29 03:45:00+00:00,0.0,86.2,98.7,-12.5,0.0,-12.5,-37.5,-55.5,False
SAMSUNG,20.0,0.0,True,2026-06-29 03:50:00+00:00,2026-06-29 03:55:00+00:00,0.0,80.0,42.1,37.9,0.0,37.9,12.9,-5.1,False
SAMSUNG,20.0,0.0,True,2026-06-29 04:00:00+00:00,2026-06-29 04:05:00+00:00,0.0,48.4,50.8,-2.4,0.0,-2.4,-27.4,-45.4,False
SAMSUNG,20.0,0.0,True,2026-06-29 04:10:00+00:00,2026-06-29 04:15:00+00:00,0.0,55.1,48.5,6.6,0.0,6.6,-18.4,-36.4,False
SAMSUNG,20.0,0.0,True,2026-06-29 04:20:00+00:00,2026-06-29 04:25:00+00:00,0.0,77.0,63.9,13.1,0.0,13.1,-11.9,-29.9,False
SAMSUNG,20.0,0.0,True,2026-06-29 04:30:00+00:00,2026-06-29 04:35:00+00:00,0.0,64.8,76.0,-11.2,0.0,-11.2,-36.2,-54.2,False
SAMSUNG,20.0,0.0,True,2026-06-29 04:40:00+00:00,2026-06-29 04:45:00+00:00,0.0,73.5,84.2,-10.7,0.0,-10.7,-35.7,-53.7,False
SAMSUNG,20.0,0.0,True,2026-06-29 04:50:00+00:00,2026-06-29 04:55:00+00:00,0.0,73.5,79.1,-5.6,0.0,-5.6,-30.6,-48.6,False
SAMSUNG,20.0,0.0,True,2026-06-29 05:00:00+00:00,2026-06-29 05:05:00+00:00,0.0,64.4,47.5,16.9,0.0,16.9,-8.1,-26.1,False
SAMSUNG,20.0,0.0,True,2026-06-29 05:10:00+00:00,2026-06-29 05:15:00+00:00,0.0,46.4,42.2,4.2,0.0,4.2,-20.8,-38.8,False
SAMSUNG,20.0,0.0,True,2026-06-29 05:20:00+00:00,2026-06-29 05:25:00+00:00,0.0,37.8,38.6,-0.7,0.0,-0.7,-25.7,-43.7,False
SAMSUNG,20.0,0.0,True,2026-06-29 05:30:00+00:00,2026-06-29 05:35:00+00:00,0.0,39.2,30.7,8.4,0.0,8.4,-16.6,-34.6,False
SAMSUNG,20.0,0.0,True,2026-06-29 05:40:00+00:00,2026-06-29 05:45:00+00:00,0.0,26.7,10.5,16.2,0.0,16.2,-8.8,-26.8,False
SAMSUNG,20.0,0.0,True,2026-06-29 05:50:00+00:00,2026-06-29 05:55:00+00:00,0.0,13.8,5.0,8.7,0.0,8.7,-16.3,-34.3,False
SAMSUNG,20.0,0.0,True,2026-06-29 06:00:00+00:00,2026-06-29 06:05:00+00:00,0.0,5.1,13.1,-8.1,0.0,-8.1,-33.1,-51.1,False
SAMSUNG,20.0,0.0,True,2026-06-29 06:10:00+00:00,2026-06-29 06:15:00+00:00,0.0,3.9,9.5,-5.6,0.0,-5.6,-30.6,-48.6,False
SAMSUNG,20.0,0.0,True,2026-06-30 00:20:00+00:00,2026-06-30 00:25:00+00:00,0.0,41.0,18.8,22.1,0.0,22.1,-2.9,-20.9,False
SAMSUNG,20.0,0.0,True,2026-06-30 00:30:00+00:00,2026-06-30 00:35:00+00:00,0.0,7.9,5.9,2.0,0.0,2.0,-23.0,-41.0,False
SAMSUNG,20.0,0.0,True,2026-06-30 00:45:00+00:00,2026-06-30 00:50:00+00:00,0.0,32.4,23.6,8.7,0.0,8.7,-16.3,-34.3,False
SAMSUNG,20.0,0.0,True,2026-06-30 00:55:00+00:00,2026-06-30 01:00:00+00:00,0.0,13.4,31.2,-17.7,0.0,-17.7,-42.7,-60.7,False
SAMSUNG,20.0,0.0,True,2026-06-30 01:05:00+00:00,2026-06-30 01:10:00+00:00,0.0,22.4,35.4,-13.0,0.0,-13.0,-38.0,-56.0,False
SAMSUNG,20.0,0.0,True,2026-06-30 01:15:00+00:00,2026-06-30 01:20:00+00:00,0.0,0.0,17.7,-17.7,0.0,-17.7,-42.7,-60.7,False
SAMSUNG,20.0,0.0,True,2026-06-30 01:30:00+00:00,2026-06-30 01:35:00+00:00,0.0,21.5,18.8,2.7,0.0,2.7,-22.3,-40.3,False
SAMSUNG,20.0,0.0,True,2026-06-30 01:40:00+00:00,2026-06-30 01:45:00+00:00,0.0,25.0,16.4,8.6,0.0,8.6,-16.4,-34.4,False
SAMSUNG,20.0,0.0,True,2026-06-30 02:50:00+00:00,2026-06-30 02:55:00+00:00,0.0,21.9,4.7,17.2,0.0,17.2,-7.8,-25.8,False
SAMSUNG,20.0,0.0,True,2026-07-01 01:05:00+00:00,2026-07-02 00:00:00+00:00,1.0,43.1,72.1,-29.0,-15.2,-44.3,-69.3,-87.3,False
SAMSUNG,20.0,0.0,True,2026-07-02 00:35:00+00:00,2026-07-07 00:00:00+00:00,5.0,64.8,88.3,-23.6,69.8,46.3,21.3,3.3,False
SAMSUNG,20.0,0.0,True,2026-07-07 00:45:00+00:00,2026-07-08 00:00:00+00:00,1.0,81.6,24.9,56.8,29.8,86.6,61.6,43.6,False
SAMSUNG,20.0,0.0,True,2026-07-08 00:30:00+00:00,2026-07-09 00:00:00+00:00,1.0,82.5,53.9,28.6,34.0,62.6,37.6,19.6,False
SAMSUNG,20.0,0.0,True,2026-07-09 00:25:00+00:00,2026-07-10 00:00:00+00:00,1.0,17.1,51.4,-34.3,56.8,22.5,-2.5,-20.5,False
SAMSUNG,20.0,0.0,True,2026-07-10 00:20:00+00:00,2026-07-10 04:55:00+00:00,0.2,66.3,-9.0,75.2,0.0,75.2,50.2,32.2,False
SAMSUNG,20.0,0.0,True,2026-07-13 01:00:00+00:00,2026-07-14 00:00:00+00:00,1.0,65.6,107.5,-42.0,71.1,29.2,4.2,-13.8,False
SAMSUNG,20.0,0.0,True,2026-07-14 00:10:00+00:00,2026-07-16 00:00:00+00:00,2.0,120.8,20.7,100.2,24.4,124.6,99.6,81.6,False
SAMSUNG,20.0,0.0,True,2026-07-16 00:05:00+00:00,2026-07-16 00:10:00+00:00,0.0,20.0,20.7,-0.7,0.0,-0.7,-25.7,-43.7,False
SAMSUNG,20.0,0.0,True,2026-07-16 02:40:00+00:00,2026-07-16 02:45:00+00:00,0.0,28.2,20.9,7.2,0.0,7.2,-17.8,-35.8,False
SAMSUNG,20.0,0.0,True,2026-07-16 02:50:00+00:00,2026-07-16 02:55:00+00:00,0.0,22.0,8.6,13.4,0.0,13.4,-11.6,-29.6,False
SAMSUNG,20.0,0.0,True,2026-07-16 03:00:00+00:00,2026-07-16 03:05:00+00:00,0.0,20.4,9.5,10.8,0.0,10.8,-14.2,-32.2,False
SAMSUNG,20.0,0.0,True,2026-07-16 05:00:00+00:00,2026-07-16 05:05:00+00:00,0.0,21.7,18.3,3.5,0.0,3.5,-21.5,-39.5,False
SAMSUNG,20.0,0.0,True,2026-07-16 05:10:00+00:00,2026-07-16 05:15:00+00:00,0.0,26.4,33.6,-7.2,0.0,-7.2,-32.2,-50.2,False
SAMSUNG,20.0,0.0,True,2026-07-16 05:20:00+00:00,2026-07-16 05:25:00+00:00,0.0,25.5,35.7,-10.2,0.0,-10.2,-35.2,-53.2,False
SAMSUNG,20.0,0.0,True,2026-07-16 05:30:00+00:00,2026-07-16 05:35:00+00:00,0.0,18.6,35.3,-16.7,0.0,-16.7,-41.7,-59.7,False
SAMSUNG,20.0,0.0,True,2026-07-16 05:40:00+00:00,2026-07-16 05:45:00+00:00,0.0,33.6,42.2,-8.6,0.0,-8.6,-33.6,-51.6,False
SAMSUNG,20.0,0.0,True,2026-07-16 05:50:00+00:00,2026-07-16 05:55:00+00:00,0.0,54.8,42.9,11.9,0.0,11.9,-13.1,-31.1,False
SAMSUNG,20.0,0.0,True,2026-07-16 06:00:00+00:00,2026-07-16 06:05:00+00:00,0.0,47.6,50.6,-3.0,0.0,-3.0,-28.0,-46.0,False
SAMSUNG,20.0,0.0,True,2026-07-16 06:10:00+00:00,2026-07-16 06:15:00+00:00,0.0,48.2,53.5,-5.3,0.0,-5.3,-30.3,-48.3,False
SAMSUNG,20.0,0.0,True,2026-07-20 00:45:00+00:00,2026-07-24 00:00:00+00:00,4.0,37.1,19.4,17.7,55.5,73.2,48.2,30.2,False
SAMSUNG,20.0,0.0,True,2026-07-24 00:40:00+00:00,2026-07-28 00:00:00+00:00,4.0,49.0,42.7,6.3,40.5,46.8,21.8,3.8,False
SAMSUNG,20.0,0.0,True,2026-07-28 00:40:00+00:00,2026-07-31 03:05:00+00:00,3.1,38.4,-3.3,41.7,175.7,217.4,192.4,174.4,False
SAMSUNG,20.0,0.0,True,2026-08-03 00:00:00+00:00,2026-08-03 01:25:00+00:00,0.1,-19.5,-14.1,-5.4,11.6,6.2,-18.8,-36.8,False
SAMSUNG,20.0,0.0,True,2026-08-04 00:00:00+00:00,2026-08-04 00:55:00+00:00,0.0,-51.4,17.6,-69.1,4.2,-64.9,-89.9,-107.9,False
SAMSUNG,20.0,0.0,True,2026-08-06 05:15:00+00:00,2026-08-07 00:00:00+00:00,0.8,18.1,-9.5,27.5,13.4,40.9,15.9,-2.1,False
SAMSUNG,20.0,0.0,True,2026-08-10 06:10:00+00:00,2026-08-11 00:00:00+00:00,0.7,36.5,-10.4,46.9,1.5,48.4,23.4,5.4,False
SAMSUNG,20.0,-10.0,False,2026-06-02 03:15:00+00:00,2026-06-04 00:00:00+00:00,1.9,171.1,179.0,-7.8,40.8,33.0,8.0,-10.0,False
SAMSUNG,20.0,-10.0,False,2026-06-04 00:20:00+00:00,2026-06-05 00:00:00+00:00,1.0,160.8,120.6,40.2,32.3,72.6,47.6,29.6,False
SAMSUNG,20.0,-10.0,False,2026-06-05 00:20:00+00:00,2026-06-08 00:00:00+00:00,3.0,192.5,110.9,81.6,-7.4,74.2,49.2,31.2,False
SAMSUNG,20.0,-10.0,False,2026-06-08 00:15:00+00:00,2026-06-10 02:40:00+00:00,2.1,165.6,-32.2,197.9,35.8,233.6,208.6,190.6,False
SAMSUNG,20.0,-10.0,False,2026-06-11 00:35:00+00:00,2026-06-15 06:10:00+00:00,4.2,31.5,-22.4,53.9,65.1,119.0,94.0,76.0,False
SAMSUNG,20.0,-10.0,False,2026-06-16 00:20:00+00:00,2026-06-22 00:00:00+00:00,6.0,31.1,101.8,-70.7,33.4,-37.3,-62.3,-80.3,False
SAMSUNG,20.0,-10.0,False,2026-06-22 00:35:00+00:00,2026-06-23 00:00:00+00:00,1.0,139.2,98.8,40.4,44.6,85.0,60.0,42.0,False
SAMSUNG,20.0,-10.0,False,2026-06-23 00:25:00+00:00,2026-06-24 00:00:00+00:00,1.0,115.9,50.4,65.5,30.6,96.1,71.1,53.1,False
SAMSUNG,20.0,-10.0,False,2026-06-24 00:15:00+00:00,2026-06-25 00:00:00+00:00,1.0,54.6,15.1,39.5,13.9,53.4,28.4,10.4,False
SAMSUNG,20.0,-10.0,False,2026-06-25 00:20:00+00:00,2026-06-29 00:00:00+00:00,4.0,63.5,18.6,44.9,23.7,68.6,43.6,25.6,False
SAMSUNG,20.0,-10.0,False,2026-06-29 00:40:00+00:00,2026-07-01 00:00:00+00:00,2.0,77.6,5.5,72.1,21.2,93.3,68.3,50.3,False
SAMSUNG,20.0,-10.0,False,2026-07-01 01:05:00+00:00,2026-07-02 00:00:00+00:00,1.0,43.1,72.1,-29.0,-15.2,-44.3,-69.3,-87.3,False
SAMSUNG,20.0,-10.0,False,2026-07-02 00:35:00+00:00,2026-07-07 00:00:00+00:00,5.0,64.8,88.3,-23.6,69.8,46.3,21.3,3.3,False
SAMSUNG,20.0,-10.0,False,2026-07-07 00:45:00+00:00,2026-07-08 00:00:00+00:00,1.0,81.6,24.9,56.8,29.8,86.6,61.6,43.6,False
SAMSUNG,20.0,-10.0,False,2026-07-08 00:30:00+00:00,2026-07-09 00:00:00+00:00,1.0,82.5,53.9,28.6,34.0,62.6,37.6,19.6,False
SAMSUNG,20.0,-10.0,False,2026-07-09 00:25:00+00:00,2026-07-10 00:00:00+00:00,1.0,17.1,51.4,-34.3,56.8,22.5,-2.5,-20.5,False
SAMSUNG,20.0,-10.0,False,2026-07-10 00:20:00+00:00,2026-07-13 00:00:00+00:00,3.0,66.3,-27.0,93.2,-1.4,91.9,66.9,48.9,False
SAMSUNG,20.0,-10.0,False,2026-07-13 01:00:00+00:00,2026-07-14 00:00:00+00:00,1.0,65.6,107.5,-42.0,71.1,29.2,4.2,-13.8,False
SAMSUNG,20.0,-10.0,False,2026-07-14 00:10:00+00:00,2026-07-20 00:00:00+00:00,6.0,120.8,55.5,65.3,31.3,96.6,71.6,53.6,False
SAMSUNG,20.0,-10.0,False,2026-07-20 00:45:00+00:00,2026-08-03 01:55:00+00:00,14.0,37.1,-1.5,38.7,249.7,288.3,263.3,245.3,False
SAMSUNG,20.0,-10.0,False,2026-08-04 00:00:00+00:00,2026-08-04 01:55:00+00:00,0.1,-51.4,-25.4,-26.1,4.2,-21.9,-46.9,-64.9,False
SAMSUNG,20.0,-10.0,False,2026-08-06 05:15:00+00:00,2026-08-07 00:00:00+00:00,0.8,18.1,-9.5,27.5,13.4,40.9,15.9,-2.1,False
SAMSUNG,20.0,-10.0,False,2026-08-10 06:10:00+00:00,2026-08-11 02:05:00+00:00,0.8,36.5,-23.3,59.8,1.4,61.2,36.2,18.2,False
SAMSUNG,20.0,-10.0,True,2026-06-02 03:15:00+00:00,2026-06-04 00:00:00+00:00,1.9,171.1,179.0,-7.8,40.8,33.0,8.0,-10.0,False
SAMSUNG,20.0,-10.0,True,2026-06-04 00:20:00+00:00,2026-06-05 00:00:00+00:00,1.0,160.8,120.6,40.2,32.3,72.6,47.6,29.6,False
SAMSUNG,20.0,-10.0,True,2026-06-05 00:20:00+00:00,2026-06-05 00:25:00+00:00,0.0,192.5,215.5,-22.9,0.0,-22.9,-47.9,-65.9,False
SAMSUNG,20.0,-10.0,True,2026-06-05 00:30:00+00:00,2026-06-05 00:35:00+00:00,0.0,160.3,181.5,-21.2,0.0,-21.2,-46.2,-64.2,False
SAMSUNG,20.0,-10.0,True,2026-06-05 00:40:00+00:00,2026-06-05 00:45:00+00:00,0.0,222.1,215.7,6.3,0.0,6.3,-18.7,-36.7,False
SAMSUNG,20.0,-10.0,True,2026-06-05 00:50:00+00:00,2026-06-05 00:55:00+00:00,0.0,198.8,178.7,20.2,0.0,20.2,-4.8,-22.8,False
SAMSUNG,20.0,-10.0,True,2026-06-05 01:00:00+00:00,2026-06-05 01:05:00+00:00,0.0,152.0,182.7,-30.7,0.0,-30.7,-55.7,-73.7,False
SAMSUNG,20.0,-10.0,True,2026-06-05 01:10:00+00:00,2026-06-05 01:15:00+00:00,0.0,129.9,110.5,19.4,0.0,19.4,-5.6,-23.6,False
SAMSUNG,20.0,-10.0,True,2026-06-05 01:20:00+00:00,2026-06-05 01:25:00+00:00,0.0,131.9,89.2,42.7,0.0,42.7,17.7,-0.3,False
SAMSUNG,20.0,-10.0,True,2026-06-05 01:30:00+00:00,2026-06-05 01:35:00+00:00,0.0,62.8,57.0,5.8,0.0,5.8,-19.2,-37.2,False
SAMSUNG,20.0,-10.0,True,2026-06-05 01:40:00+00:00,2026-06-05 01:45:00+00:00,0.0,41.1,88.1,-47.0,0.0,-47.0,-72.0,-90.0,False
SAMSUNG,20.0,-10.0,True,2026-06-05 01:50:00+00:00,2026-06-05 01:55:00+00:00,0.0,53.0,19.6,33.4,0.0,33.4,8.4,-9.6,False
SAMSUNG,20.0,-10.0,True,2026-06-05 02:00:00+00:00,2026-06-05 02:05:00+00:00,0.0,17.2,13.3,3.9,0.0,3.9,-21.1,-39.1,False
SAMSUNG,20.0,-10.0,True,2026-06-05 02:10:00+00:00,2026-06-05 02:15:00+00:00,0.0,44.7,61.8,-17.1,0.0,-17.1,-42.1,-60.1,False
SAMSUNG,20.0,-10.0,True,2026-06-05 02:20:00+00:00,2026-06-05 02:25:00+00:00,0.0,26.0,37.5,-11.5,0.0,-11.5,-36.5,-54.5,False
SAMSUNG,20.0,-10.0,True,2026-06-05 02:30:00+00:00,2026-06-05 02:35:00+00:00,0.0,58.5,27.8,30.7,0.0,30.7,5.7,-12.3,False
SAMSUNG,20.0,-10.0,True,2026-06-05 02:40:00+00:00,2026-06-05 02:45:00+00:00,0.0,36.3,26.1,10.2,0.0,10.2,-14.8,-32.8,False
SAMSUNG,20.0,-10.0,True,2026-06-05 02:50:00+00:00,2026-06-05 02:55:00+00:00,0.0,29.8,28.7,1.1,0.0,1.1,-23.9,-41.9,False
SAMSUNG,20.0,-10.0,True,2026-06-05 03:00:00+00:00,2026-06-05 03:05:00+00:00,0.0,38.9,33.5,5.4,0.0,5.4,-19.6,-37.6,False
SAMSUNG,20.0,-10.0,True,2026-06-05 03:10:00+00:00,2026-06-05 03:15:00+00:00,0.0,36.5,42.1,-5.7,0.0,-5.7,-30.7,-48.7,False
SAMSUNG,20.0,-10.0,True,2026-06-05 03:20:00+00:00,2026-06-05 03:25:00+00:00,0.0,21.5,20.4,1.1,0.0,1.1,-23.9,-41.9,False
SAMSUNG,20.0,-10.0,True,2026-06-05 03:30:00+00:00,2026-06-05 03:35:00+00:00,0.0,19.0,19.2,-0.2,0.0,-0.2,-25.2,-43.2,False
SAMSUNG,20.0,-10.0,True,2026-06-05 03:40:00+00:00,2026-06-05 03:45:00+00:00,0.0,29.6,42.3,-12.7,0.0,-12.7,-37.7,-55.7,False
SAMSUNG,20.0,-10.0,True,2026-06-05 03:50:00+00:00,2026-06-05 03:55:00+00:00,0.0,114.6,79.2,35.4,0.0,35.4,10.4,-7.6,False
SAMSUNG,20.0,-10.0,True,2026-06-05 04:00:00+00:00,2026-06-05 04:05:00+00:00,0.0,96.3,77.1,19.2,0.0,19.2,-5.8,-23.8,False
SAMSUNG,20.0,-10.0,True,2026-06-05 04:10:00+00:00,2026-06-05 04:15:00+00:00,0.0,68.1,62.7,5.3,0.0,5.3,-19.7,-37.7,False
SAMSUNG,20.0,-10.0,True,2026-06-05 04:20:00+00:00,2026-06-05 04:25:00+00:00,0.0,38.9,64.4,-25.6,0.0,-25.6,-50.6,-68.6,False
SAMSUNG,20.0,-10.0,True,2026-06-05 04:30:00+00:00,2026-06-05 04:35:00+00:00,0.0,39.5,36.7,2.8,0.0,2.8,-22.2,-40.2,False
SAMSUNG,20.0,-10.0,True,2026-06-05 04:40:00+00:00,2026-06-05 04:45:00+00:00,0.0,59.8,27.1,32.7,0.0,32.7,7.7,-10.3,False
SAMSUNG,20.0,-10.0,True,2026-06-05 04:50:00+00:00,2026-06-05 04:55:00+00:00,0.0,41.5,42.1,-0.6,0.0,-0.6,-25.6,-43.6,False
SAMSUNG,20.0,-10.0,True,2026-06-05 05:00:00+00:00,2026-06-05 05:05:00+00:00,0.0,47.7,31.9,15.8,0.0,15.8,-9.2,-27.2,False
SAMSUNG,20.0,-10.0,True,2026-06-05 05:10:00+00:00,2026-06-05 05:15:00+00:00,0.0,85.8,31.0,54.9,0.0,54.9,29.9,11.9,False
SAMSUNG,20.0,-10.0,True,2026-06-05 05:20:00+00:00,2026-06-05 05:25:00+00:00,0.0,19.1,45.0,-25.9,0.0,-25.9,-50.9,-68.9,False
SAMSUNG,20.0,-10.0,True,2026-06-05 05:30:00+00:00,2026-06-05 05:35:00+00:00,0.0,22.8,29.9,-7.0,0.0,-7.0,-32.0,-50.0,False
SAMSUNG,20.0,-10.0,True,2026-06-05 05:40:00+00:00,2026-06-05 05:45:00+00:00,0.0,53.4,68.9,-15.5,0.0,-15.5,-40.5,-58.5,False
SAMSUNG,20.0,-10.0,True,2026-06-05 05:50:00+00:00,2026-06-05 05:55:00+00:00,0.0,57.4,85.1,-27.8,0.0,-27.8,-52.8,-70.8,False
SAMSUNG,20.0,-10.0,True,2026-06-05 06:00:00+00:00,2026-06-05 06:05:00+00:00,0.0,46.1,25.2,20.9,0.0,20.9,-4.1,-22.1,False
SAMSUNG,20.0,-10.0,True,2026-06-05 06:10:00+00:00,2026-06-05 06:15:00+00:00,0.0,35.5,4.2,31.3,0.0,31.3,6.3,-11.7,False
SAMSUNG,20.0,-10.0,True,2026-06-08 00:15:00+00:00,2026-06-10 02:40:00+00:00,2.1,165.6,-32.2,197.9,35.8,233.6,208.6,190.6,False
SAMSUNG,20.0,-10.0,True,2026-06-11 00:35:00+00:00,2026-06-11 00:40:00+00:00,0.0,31.5,33.6,-2.1,0.0,-2.1,-27.1,-45.1,False
SAMSUNG,20.0,-10.0,True,2026-06-11 00:45:00+00:00,2026-06-11 00:50:00+00:00,0.0,34.1,5.0,29.1,0.0,29.1,4.1,-13.9,False
SAMSUNG,20.0,-10.0,True,2026-06-11 00:55:00+00:00,2026-06-11 01:00:00+00:00,0.0,27.1,-10.7,37.8,0.0,37.8,12.8,-5.2,False
SAMSUNG,20.0,-10.0,True,2026-06-11 04:05:00+00:00,2026-06-11 04:10:00+00:00,0.0,42.3,41.5,0.8,0.0,0.8,-24.2,-42.2,False
SAMSUNG,20.0,-10.0,True,2026-06-11 04:15:00+00:00,2026-06-11 04:20:00+00:00,0.0,35.3,31.6,3.7,0.0,3.7,-21.3,-39.3,False
SAMSUNG,20.0,-10.0,True,2026-06-11 04:25:00+00:00,2026-06-11 04:30:00+00:00,0.0,35.5,31.2,4.3,0.0,4.3,-20.7,-38.7,False
SAMSUNG,20.0,-10.0,True,2026-06-11 04:35:00+00:00,2026-06-11 04:40:00+00:00,0.0,28.7,35.7,-7.1,0.0,-7.1,-32.1,-50.1,False
SAMSUNG,20.0,-10.0,True,2026-06-11 04:45:00+00:00,2026-06-11 04:50:00+00:00,0.0,6.7,31.0,-24.3,0.0,-24.3,-49.3,-67.3,False
SAMSUNG,20.0,-10.0,True,2026-06-11 04:55:00+00:00,2026-06-11 05:00:00+00:00,0.0,0.0,16.3,-16.3,0.0,-16.3,-41.3,-59.3,False
SAMSUNG,20.0,-10.0,True,2026-06-11 05:05:00+00:00,2026-06-11 05:10:00+00:00,0.0,4.3,4.6,-0.3,0.0,-0.3,-25.3,-43.3,False
SAMSUNG,20.0,-10.0,True,2026-06-12 00:10:00+00:00,2026-06-15 06:10:00+00:00,3.2,88.2,-22.4,110.6,27.3,137.8,112.8,94.8,False
SAMSUNG,20.0,-10.0,True,2026-06-16 00:20:00+00:00,2026-06-22 00:00:00+00:00,6.0,31.1,101.8,-70.7,33.4,-37.3,-62.3,-80.3,False
SAMSUNG,20.0,-10.0,True,2026-06-22 00:35:00+00:00,2026-06-23 00:00:00+00:00,1.0,139.2,98.8,40.4,44.6,85.0,60.0,42.0,False
SAMSUNG,20.0,-10.0,True,2026-06-23 00:25:00+00:00,2026-06-24 00:00:00+00:00,1.0,115.9,50.4,65.5,30.6,96.1,71.1,53.1,False
SAMSUNG,20.0,-10.0,True,2026-06-24 00:15:00+00:00,2026-06-25 00:00:00+00:00,1.0,54.6,15.1,39.5,13.9,53.4,28.4,10.4,False
SAMSUNG,20.0,-10.0,True,2026-06-25 00:20:00+00:00,2026-06-29 00:00:00+00:00,4.0,63.5,18.6,44.9,23.7,68.6,43.6,25.6,False
SAMSUNG,20.0,-10.0,True,2026-06-29 00:40:00+00:00,2026-06-29 00:45:00+00:00,0.0,77.6,86.3,-8.7,0.0,-8.7,-33.7,-51.7,False
SAMSUNG,20.0,-10.0,True,2026-06-29 00:50:00+00:00,2026-06-29 00:55:00+00:00,0.0,84.4,92.5,-8.2,0.0,-8.2,-33.2,-51.2,False
SAMSUNG,20.0,-10.0,True,2026-06-29 01:00:00+00:00,2026-06-29 01:05:00+00:00,0.0,107.3,88.3,19.0,0.0,19.0,-6.0,-24.0,False
SAMSUNG,20.0,-10.0,True,2026-06-29 01:10:00+00:00,2026-06-29 01:15:00+00:00,0.0,78.0,88.6,-10.5,0.0,-10.5,-35.5,-53.5,False
SAMSUNG,20.0,-10.0,True,2026-06-29 01:20:00+00:00,2026-06-29 01:25:00+00:00,0.0,80.9,80.8,0.2,0.0,0.2,-24.8,-42.8,False
SAMSUNG,20.0,-10.0,True,2026-06-29 01:30:00+00:00,2026-06-29 01:35:00+00:00,0.0,87.4,103.3,-15.9,0.0,-15.9,-40.9,-58.9,False
SAMSUNG,20.0,-10.0,True,2026-06-29 01:40:00+00:00,2026-06-29 01:45:00+00:00,0.0,88.8,81.2,7.6,0.0,7.6,-17.4,-35.4,False
SAMSUNG,20.0,-10.0,True,2026-06-29 01:50:00+00:00,2026-06-29 01:55:00+00:00,0.0,75.2,74.9,0.4,0.0,0.4,-24.6,-42.6,False
SAMSUNG,20.0,-10.0,True,2026-06-29 02:00:00+00:00,2026-06-29 02:05:00+00:00,0.0,76.2,84.2,-8.1,0.0,-8.1,-33.1,-51.1,False
SAMSUNG,20.0,-10.0,True,2026-06-29 02:10:00+00:00,2026-06-29 02:15:00+00:00,0.0,52.6,65.0,-12.4,0.0,-12.4,-37.4,-55.4,False
SAMSUNG,20.0,-10.0,True,2026-06-29 02:20:00+00:00,2026-06-29 02:25:00+00:00,0.0,57.9,80.7,-22.8,0.0,-22.8,-47.8,-65.8,False
SAMSUNG,20.0,-10.0,True,2026-06-29 02:30:00+00:00,2026-06-29 02:35:00+00:00,0.0,82.1,84.7,-2.6,0.0,-2.6,-27.6,-45.6,False
SAMSUNG,20.0,-10.0,True,2026-06-29 02:40:00+00:00,2026-06-29 02:45:00+00:00,0.0,95.8,76.0,19.8,0.0,19.8,-5.2,-23.2,False
SAMSUNG,20.0,-10.0,True,2026-06-29 02:50:00+00:00,2026-06-29 02:55:00+00:00,0.0,80.4,82.5,-2.1,0.0,-2.1,-27.1,-45.1,False
SAMSUNG,20.0,-10.0,True,2026-06-29 03:00:00+00:00,2026-06-29 03:05:00+00:00,0.0,82.3,85.7,-3.4,0.0,-3.4,-28.4,-46.4,False
SAMSUNG,20.0,-10.0,True,2026-06-29 03:10:00+00:00,2026-06-29 03:15:00+00:00,0.0,79.0,85.4,-6.3,0.0,-6.3,-31.3,-49.3,False
SAMSUNG,20.0,-10.0,True,2026-06-29 03:20:00+00:00,2026-06-29 03:25:00+00:00,0.0,83.0,92.9,-9.9,0.0,-9.9,-34.9,-52.9,False
SAMSUNG,20.0,-10.0,True,2026-06-29 03:30:00+00:00,2026-06-29 03:35:00+00:00,0.0,84.1,84.1,0.0,0.0,0.0,-25.0,-43.0,False
SAMSUNG,20.0,-10.0,True,2026-06-29 03:40:00+00:00,2026-06-29 03:45:00+00:00,0.0,86.2,98.7,-12.5,0.0,-12.5,-37.5,-55.5,False
SAMSUNG,20.0,-10.0,True,2026-06-29 03:50:00+00:00,2026-06-29 03:55:00+00:00,0.0,80.0,42.1,37.9,0.0,37.9,12.9,-5.1,False
SAMSUNG,20.0,-10.0,True,2026-06-29 04:00:00+00:00,2026-06-29 04:05:00+00:00,0.0,48.4,50.8,-2.4,0.0,-2.4,-27.4,-45.4,False
SAMSUNG,20.0,-10.0,True,2026-06-29 04:10:00+00:00,2026-06-29 04:15:00+00:00,0.0,55.1,48.5,6.6,0.0,6.6,-18.4,-36.4,False
SAMSUNG,20.0,-10.0,True,2026-06-29 04:20:00+00:00,2026-06-29 04:25:00+00:00,0.0,77.0,63.9,13.1,0.0,13.1,-11.9,-29.9,False
SAMSUNG,20.0,-10.0,True,2026-06-29 04:30:00+00:00,2026-06-29 04:35:00+00:00,0.0,64.8,76.0,-11.2,0.0,-11.2,-36.2,-54.2,False
SAMSUNG,20.0,-10.0,True,2026-06-29 04:40:00+00:00,2026-06-29 04:45:00+00:00,0.0,73.5,84.2,-10.7,0.0,-10.7,-35.7,-53.7,False
SAMSUNG,20.0,-10.0,True,2026-06-29 04:50:00+00:00,2026-06-29 04:55:00+00:00,0.0,73.5,79.1,-5.6,0.0,-5.6,-30.6,-48.6,False
SAMSUNG,20.0,-10.0,True,2026-06-29 05:00:00+00:00,2026-06-29 05:05:00+00:00,0.0,64.4,47.5,16.9,0.0,16.9,-8.1,-26.1,False
SAMSUNG,20.0,-10.0,True,2026-06-29 05:10:00+00:00,2026-06-29 05:15:00+00:00,0.0,46.4,42.2,4.2,0.0,4.2,-20.8,-38.8,False
SAMSUNG,20.0,-10.0,True,2026-06-29 05:20:00+00:00,2026-06-29 05:25:00+00:00,0.0,37.8,38.6,-0.7,0.0,-0.7,-25.7,-43.7,False
SAMSUNG,20.0,-10.0,True,2026-06-29 05:30:00+00:00,2026-06-29 05:35:00+00:00,0.0,39.2,30.7,8.4,0.0,8.4,-16.6,-34.6,False
SAMSUNG,20.0,-10.0,True,2026-06-29 05:40:00+00:00,2026-06-29 05:45:00+00:00,0.0,26.7,10.5,16.2,0.0,16.2,-8.8,-26.8,False
SAMSUNG,20.0,-10.0,True,2026-06-29 05:50:00+00:00,2026-06-29 05:55:00+00:00,0.0,13.8,5.0,8.7,0.0,8.7,-16.3,-34.3,False
SAMSUNG,20.0,-10.0,True,2026-06-29 06:00:00+00:00,2026-06-29 06:05:00+00:00,0.0,5.1,13.1,-8.1,0.0,-8.1,-33.1,-51.1,False
SAMSUNG,20.0,-10.0,True,2026-06-29 06:10:00+00:00,2026-06-29 06:15:00+00:00,0.0,3.9,9.5,-5.6,0.0,-5.6,-30.6,-48.6,False
SAMSUNG,20.0,-10.0,True,2026-06-30 00:20:00+00:00,2026-06-30 00:25:00+00:00,0.0,41.0,18.8,22.1,0.0,22.1,-2.9,-20.9,False
SAMSUNG,20.0,-10.0,True,2026-06-30 00:30:00+00:00,2026-06-30 00:35:00+00:00,0.0,7.9,5.9,2.0,0.0,2.0,-23.0,-41.0,False
SAMSUNG,20.0,-10.0,True,2026-06-30 00:45:00+00:00,2026-06-30 00:50:00+00:00,0.0,32.4,23.6,8.7,0.0,8.7,-16.3,-34.3,False
SAMSUNG,20.0,-10.0,True,2026-06-30 00:55:00+00:00,2026-06-30 01:00:00+00:00,0.0,13.4,31.2,-17.7,0.0,-17.7,-42.7,-60.7,False
SAMSUNG,20.0,-10.0,True,2026-06-30 01:05:00+00:00,2026-06-30 01:10:00+00:00,0.0,22.4,35.4,-13.0,0.0,-13.0,-38.0,-56.0,False
SAMSUNG,20.0,-10.0,True,2026-06-30 01:15:00+00:00,2026-06-30 01:20:00+00:00,0.0,0.0,17.7,-17.7,0.0,-17.7,-42.7,-60.7,False
SAMSUNG,20.0,-10.0,True,2026-06-30 01:30:00+00:00,2026-06-30 01:35:00+00:00,0.0,21.5,18.8,2.7,0.0,2.7,-22.3,-40.3,False
SAMSUNG,20.0,-10.0,True,2026-06-30 01:40:00+00:00,2026-06-30 01:45:00+00:00,0.0,25.0,16.4,8.6,0.0,8.6,-16.4,-34.4,False
SAMSUNG,20.0,-10.0,True,2026-06-30 02:50:00+00:00,2026-06-30 02:55:00+00:00,0.0,21.9,4.7,17.2,0.0,17.2,-7.8,-25.8,False
SAMSUNG,20.0,-10.0,True,2026-07-01 01:05:00+00:00,2026-07-02 00:00:00+00:00,1.0,43.1,72.1,-29.0,-15.2,-44.3,-69.3,-87.3,False
SAMSUNG,20.0,-10.0,True,2026-07-02 00:35:00+00:00,2026-07-07 00:00:00+00:00,5.0,64.8,88.3,-23.6,69.8,46.3,21.3,3.3,False
SAMSUNG,20.0,-10.0,True,2026-07-07 00:45:00+00:00,2026-07-08 00:00:00+00:00,1.0,81.6,24.9,56.8,29.8,86.6,61.6,43.6,False
SAMSUNG,20.0,-10.0,True,2026-07-08 00:30:00+00:00,2026-07-09 00:00:00+00:00,1.0,82.5,53.9,28.6,34.0,62.6,37.6,19.6,False
SAMSUNG,20.0,-10.0,True,2026-07-09 00:25:00+00:00,2026-07-10 00:00:00+00:00,1.0,17.1,51.4,-34.3,56.8,22.5,-2.5,-20.5,False
SAMSUNG,20.0,-10.0,True,2026-07-10 00:20:00+00:00,2026-07-13 00:00:00+00:00,3.0,66.3,-27.0,93.2,-1.4,91.9,66.9,48.9,False
SAMSUNG,20.0,-10.0,True,2026-07-13 01:00:00+00:00,2026-07-14 00:00:00+00:00,1.0,65.6,107.5,-42.0,71.1,29.2,4.2,-13.8,False
SAMSUNG,20.0,-10.0,True,2026-07-14 00:10:00+00:00,2026-07-16 00:00:00+00:00,2.0,120.8,20.7,100.2,24.4,124.6,99.6,81.6,False
SAMSUNG,20.0,-10.0,True,2026-07-16 00:05:00+00:00,2026-07-16 00:10:00+00:00,0.0,20.0,20.7,-0.7,0.0,-0.7,-25.7,-43.7,False
SAMSUNG,20.0,-10.0,True,2026-07-16 02:40:00+00:00,2026-07-16 02:45:00+00:00,0.0,28.2,20.9,7.2,0.0,7.2,-17.8,-35.8,False
SAMSUNG,20.0,-10.0,True,2026-07-16 02:50:00+00:00,2026-07-16 02:55:00+00:00,0.0,22.0,8.6,13.4,0.0,13.4,-11.6,-29.6,False
SAMSUNG,20.0,-10.0,True,2026-07-16 03:00:00+00:00,2026-07-16 03:05:00+00:00,0.0,20.4,9.5,10.8,0.0,10.8,-14.2,-32.2,False
SAMSUNG,20.0,-10.0,True,2026-07-16 05:00:00+00:00,2026-07-16 05:05:00+00:00,0.0,21.7,18.3,3.5,0.0,3.5,-21.5,-39.5,False
SAMSUNG,20.0,-10.0,True,2026-07-16 05:10:00+00:00,2026-07-16 05:15:00+00:00,0.0,26.4,33.6,-7.2,0.0,-7.2,-32.2,-50.2,False
SAMSUNG,20.0,-10.0,True,2026-07-16 05:20:00+00:00,2026-07-16 05:25:00+00:00,0.0,25.5,35.7,-10.2,0.0,-10.2,-35.2,-53.2,False
SAMSUNG,20.0,-10.0,True,2026-07-16 05:30:00+00:00,2026-07-16 05:35:00+00:00,0.0,18.6,35.3,-16.7,0.0,-16.7,-41.7,-59.7,False
SAMSUNG,20.0,-10.0,True,2026-07-16 05:40:00+00:00,2026-07-16 05:45:00+00:00,0.0,33.6,42.2,-8.6,0.0,-8.6,-33.6,-51.6,False
SAMSUNG,20.0,-10.0,True,2026-07-16 05:50:00+00:00,2026-07-16 05:55:00+00:00,0.0,54.8,42.9,11.9,0.0,11.9,-13.1,-31.1,False
SAMSUNG,20.0,-10.0,True,2026-07-16 06:00:00+00:00,2026-07-16 06:05:00+00:00,0.0,47.6,50.6,-3.0,0.0,-3.0,-28.0,-46.0,False
SAMSUNG,20.0,-10.0,True,2026-07-16 06:10:00+00:00,2026-07-16 06:15:00+00:00,0.0,48.2,53.5,-5.3,0.0,-5.3,-30.3,-48.3,False
SAMSUNG,20.0,-10.0,True,2026-07-20 00:45:00+00:00,2026-08-03 01:55:00+00:00,14.0,37.1,-1.5,38.7,249.7,288.3,263.3,245.3,False
SAMSUNG,20.0,-10.0,True,2026-08-04 00:00:00+00:00,2026-08-04 01:55:00+00:00,0.1,-51.4,-25.4,-26.1,4.2,-21.9,-46.9,-64.9,False
SAMSUNG,20.0,-10.0,True,2026-08-06 05:15:00+00:00,2026-08-07 00:00:00+00:00,0.8,18.1,-9.5,27.5,13.4,40.9,15.9,-2.1,False
SAMSUNG,20.0,-10.0,True,2026-08-10 06:10:00+00:00,2026-08-11 02:05:00+00:00,0.8,36.5,-23.3,59.8,1.4,61.2,36.2,18.2,False
SAMSUNG,30.0,0.0,False,2026-06-02 03:20:00+00:00,2026-06-04 00:00:00+00:00,1.9,156.2,179.0,-22.7,40.8,18.1,-6.9,-24.9,False
SAMSUNG,30.0,0.0,False,2026-06-04 00:20:00+00:00,2026-06-05 00:00:00+00:00,1.0,160.8,120.6,40.2,32.3,72.6,47.6,29.6,False
SAMSUNG,30.0,0.0,False,2026-06-05 00:25:00+00:00,2026-06-08 00:00:00+00:00,3.0,215.5,110.9,104.5,-7.4,97.1,72.1,54.1,False
SAMSUNG,30.0,0.0,False,2026-06-08 00:20:00+00:00,2026-06-09 00:00:00+00:00,1.0,83.6,132.7,-49.2,65.2,16.1,-8.9,-26.9,False
SAMSUNG,30.0,0.0,False,2026-06-09 00:20:00+00:00,2026-06-09 05:50:00+00:00,0.2,123.6,1.1,122.5,0.0,122.5,97.5,79.5,False
SAMSUNG,30.0,0.0,False,2026-06-10 00:00:00+00:00,2026-06-10 02:30:00+00:00,0.1,71.0,-56.3,127.2,0.0,127.2,102.2,84.2,False
SAMSUNG,30.0,0.0,False,2026-06-11 04:40:00+00:00,2026-06-15 05:55:00+00:00,4.1,35.7,-20.4,56.2,65.1,121.3,96.3,78.3,False
SAMSUNG,30.0,0.0,False,2026-06-17 05:45:00+00:00,2026-06-22 00:00:00+00:00,4.8,54.3,101.8,-47.5,53.0,5.5,-19.5,-37.5,False
SAMSUNG,30.0,0.0,False,2026-06-22 00:40:00+00:00,2026-06-23 00:00:00+00:00,1.0,99.4,98.8,0.7,44.6,45.3,20.3,2.3,False
SAMSUNG,30.0,0.0,False,2026-06-23 00:25:00+00:00,2026-06-23 06:05:00+00:00,0.2,115.9,-40.3,156.2,0.0,156.2,131.2,113.2,False
SAMSUNG,30.0,0.0,False,2026-06-24 00:20:00+00:00,2026-06-25 00:00:00+00:00,1.0,107.8,15.1,92.7,13.9,106.6,81.6,63.6,False
SAMSUNG,30.0,0.0,False,2026-06-25 00:30:00+00:00,2026-06-26 01:40:00+00:00,1.0,62.1,0.0,62.1,-2.6,59.6,34.6,16.6,False
SAMSUNG,30.0,0.0,False,2026-06-26 03:25:00+00:00,2026-06-29 00:00:00+00:00,2.9,15.9,18.6,-2.8,26.3,23.5,-1.5,-19.5,False
SAMSUNG,30.0,0.0,False,2026-06-29 00:45:00+00:00,2026-06-30 05:00:00+00:00,1.2,86.3,-3.8,90.1,19.0,109.1,84.1,66.1,False
SAMSUNG,30.0,0.0,False,2026-07-01 01:20:00+00:00,2026-07-02 00:00:00+00:00,0.9,25.5,72.1,-46.7,-15.2,-61.9,-86.9,-104.9,False
SAMSUNG,30.0,0.0,False,2026-07-02 00:40:00+00:00,2026-07-07 00:00:00+00:00,5.0,80.1,88.3,-8.2,69.8,61.6,36.6,18.6,False
SAMSUNG,30.0,0.0,False,2026-07-07 00:45:00+00:00,2026-07-08 00:00:00+00:00,1.0,81.6,24.9,56.8,29.8,86.6,61.6,43.6,False
SAMSUNG,30.0,0.0,False,2026-07-08 00:35:00+00:00,2026-07-09 00:00:00+00:00,1.0,87.1,53.9,33.2,34.0,67.2,42.2,24.2,False
SAMSUNG,30.0,0.0,False,2026-07-09 00:30:00+00:00,2026-07-10 00:00:00+00:00,1.0,44.0,51.4,-7.4,56.8,49.4,24.4,6.4,False
SAMSUNG,30.0,0.0,False,2026-07-10 00:25:00+00:00,2026-07-10 04:55:00+00:00,0.2,84.7,-9.0,93.7,0.0,93.7,68.7,50.7,False
SAMSUNG,30.0,0.0,False,2026-07-13 01:05:00+00:00,2026-07-14 00:00:00+00:00,1.0,51.5,107.5,-56.0,71.1,15.2,-9.8,-27.8,False
SAMSUNG,30.0,0.0,False,2026-07-14 00:15:00+00:00,2026-07-20 00:00:00+00:00,6.0,81.9,55.5,26.4,31.3,57.7,32.7,14.7,False
SAMSUNG,30.0,0.0,False,2026-07-20 00:50:00+00:00,2026-07-24 00:00:00+00:00,4.0,23.8,19.4,4.4,55.5,59.9,34.9,16.9,False
SAMSUNG,30.0,0.0,False,2026-07-24 00:50:00+00:00,2026-07-28 00:00:00+00:00,4.0,48.3,42.7,5.7,40.5,46.1,21.1,3.1,False
SAMSUNG,30.0,0.0,False,2026-07-28 00:45:00+00:00,2026-07-31 03:05:00+00:00,3.1,8.0,-3.3,11.4,175.7,187.1,162.1,144.1,False
SAMSUNG,30.0,0.0,False,2026-08-03 00:00:00+00:00,2026-08-03 01:25:00+00:00,0.1,-19.5,-14.1,-5.4,11.6,6.2,-18.8,-36.8,False
SAMSUNG,30.0,0.0,True,2026-06-02 03:20:00+00:00,2026-06-04 00:00:00+00:00,1.9,156.2,179.0,-22.7,40.8,18.1,-6.9,-24.9,False
SAMSUNG,30.0,0.0,True,2026-06-04 00:20:00+00:00,2026-06-05 00:00:00+00:00,1.0,160.8,120.6,40.2,32.3,72.6,47.6,29.6,False
SAMSUNG,30.0,0.0,True,2026-06-05 00:25:00+00:00,2026-06-05 00:30:00+00:00,0.0,215.5,160.3,55.2,0.0,55.2,30.2,12.2,False
SAMSUNG,30.0,0.0,True,2026-06-05 00:35:00+00:00,2026-06-05 00:40:00+00:00,0.0,181.5,222.1,-40.6,0.0,-40.6,-65.6,-83.6,False
SAMSUNG,30.0,0.0,True,2026-06-05 00:45:00+00:00,2026-06-05 00:50:00+00:00,0.0,215.7,198.8,16.9,0.0,16.9,-8.1,-26.1,False
SAMSUNG,30.0,0.0,True,2026-06-05 00:55:00+00:00,2026-06-05 01:00:00+00:00,0.0,178.7,152.0,26.6,0.0,26.6,1.6,-16.4,False
SAMSUNG,30.0,0.0,True,2026-06-05 01:05:00+00:00,2026-06-05 01:10:00+00:00,0.0,182.7,129.9,52.8,0.0,52.8,27.8,9.8,False
SAMSUNG,30.0,0.0,True,2026-06-05 01:15:00+00:00,2026-06-05 01:20:00+00:00,0.0,110.5,131.9,-21.4,0.0,-21.4,-46.4,-64.4,False
SAMSUNG,30.0,0.0,True,2026-06-05 01:25:00+00:00,2026-06-05 01:30:00+00:00,0.0,89.2,62.8,26.4,0.0,26.4,1.4,-16.6,False
SAMSUNG,30.0,0.0,True,2026-06-05 01:35:00+00:00,2026-06-05 01:40:00+00:00,0.0,57.0,41.1,15.9,0.0,15.9,-9.1,-27.1,False
SAMSUNG,30.0,0.0,True,2026-06-05 01:45:00+00:00,2026-06-05 01:50:00+00:00,0.0,88.1,53.0,35.1,0.0,35.1,10.1,-7.9,False
SAMSUNG,30.0,0.0,True,2026-06-05 01:55:00+00:00,2026-06-05 02:00:00+00:00,0.0,19.6,17.2,2.5,0.0,2.5,-22.5,-40.5,False
SAMSUNG,30.0,0.0,True,2026-06-05 02:05:00+00:00,2026-06-05 02:10:00+00:00,0.0,13.3,44.7,-31.4,0.0,-31.4,-56.4,-74.4,False
SAMSUNG,30.0,0.0,True,2026-06-05 02:15:00+00:00,2026-06-05 02:20:00+00:00,0.0,61.8,26.0,35.8,0.0,35.8,10.8,-7.2,False
SAMSUNG,30.0,0.0,True,2026-06-05 02:25:00+00:00,2026-06-05 02:30:00+00:00,0.0,37.5,58.5,-21.0,0.0,-21.0,-46.0,-64.0,False
SAMSUNG,30.0,0.0,True,2026-06-05 02:35:00+00:00,2026-06-05 02:40:00+00:00,0.0,27.8,36.3,-8.6,0.0,-8.6,-33.6,-51.6,False
SAMSUNG,30.0,0.0,True,2026-06-05 02:45:00+00:00,2026-06-05 02:50:00+00:00,0.0,26.1,29.8,-3.7,0.0,-3.7,-28.7,-46.7,False
SAMSUNG,30.0,0.0,True,2026-06-05 02:55:00+00:00,2026-06-05 03:00:00+00:00,0.0,28.7,38.9,-10.2,0.0,-10.2,-35.2,-53.2,False
SAMSUNG,30.0,0.0,True,2026-06-05 03:05:00+00:00,2026-06-05 03:10:00+00:00,0.0,33.5,36.5,-3.0,0.0,-3.0,-28.0,-46.0,False
SAMSUNG,30.0,0.0,True,2026-06-05 03:15:00+00:00,2026-06-05 03:20:00+00:00,0.0,42.1,21.5,20.6,0.0,20.6,-4.4,-22.4,False
SAMSUNG,30.0,0.0,True,2026-06-05 03:25:00+00:00,2026-06-05 03:30:00+00:00,0.0,20.4,19.0,1.4,0.0,1.4,-23.6,-41.6,False
SAMSUNG,30.0,0.0,True,2026-06-05 03:45:00+00:00,2026-06-05 03:50:00+00:00,0.0,42.3,114.6,-72.3,0.0,-72.3,-97.3,-115.3,False
SAMSUNG,30.0,0.0,True,2026-06-05 03:55:00+00:00,2026-06-05 04:00:00+00:00,0.0,79.2,96.3,-17.1,0.0,-17.1,-42.1,-60.1,False
SAMSUNG,30.0,0.0,True,2026-06-05 04:05:00+00:00,2026-06-05 04:10:00+00:00,0.0,77.1,68.1,9.0,0.0,9.0,-16.0,-34.0,False
SAMSUNG,30.0,0.0,True,2026-06-05 04:15:00+00:00,2026-06-05 04:20:00+00:00,0.0,62.7,38.9,23.9,0.0,23.9,-1.1,-19.1,False
SAMSUNG,30.0,0.0,True,2026-06-05 04:25:00+00:00,2026-06-05 04:30:00+00:00,0.0,64.4,39.5,24.9,0.0,24.9,-0.1,-18.1,False
SAMSUNG,30.0,0.0,True,2026-06-05 04:35:00+00:00,2026-06-05 04:40:00+00:00,0.0,36.7,59.8,-23.1,0.0,-23.1,-48.1,-66.1,False
SAMSUNG,30.0,0.0,True,2026-06-05 04:45:00+00:00,2026-06-05 04:50:00+00:00,0.0,27.1,41.5,-14.4,0.0,-14.4,-39.4,-57.4,False
SAMSUNG,30.0,0.0,True,2026-06-05 04:55:00+00:00,2026-06-05 05:00:00+00:00,0.0,42.1,47.7,-5.6,0.0,-5.6,-30.6,-48.6,False
SAMSUNG,30.0,0.0,True,2026-06-05 05:05:00+00:00,2026-06-05 05:10:00+00:00,0.0,31.9,85.8,-54.0,0.0,-54.0,-79.0,-97.0,False
SAMSUNG,30.0,0.0,True,2026-06-05 05:15:00+00:00,2026-06-05 05:20:00+00:00,0.0,31.0,19.1,11.8,0.0,11.8,-13.2,-31.2,False
SAMSUNG,30.0,0.0,True,2026-06-05 05:25:00+00:00,2026-06-05 05:30:00+00:00,0.0,45.0,22.8,22.1,0.0,22.1,-2.9,-20.9,False
SAMSUNG,30.0,0.0,True,2026-06-05 05:35:00+00:00,2026-06-05 05:40:00+00:00,0.0,29.9,53.4,-23.5,0.0,-23.5,-48.5,-66.5,False
SAMSUNG,30.0,0.0,True,2026-06-05 05:45:00+00:00,2026-06-05 05:50:00+00:00,0.0,68.9,57.4,11.5,0.0,11.5,-13.5,-31.5,False
SAMSUNG,30.0,0.0,True,2026-06-05 05:55:00+00:00,2026-06-05 06:00:00+00:00,0.0,85.1,46.1,39.0,0.0,39.0,14.0,-4.0,False
SAMSUNG,30.0,0.0,True,2026-06-05 06:05:00+00:00,2026-06-05 06:10:00+00:00,0.0,25.2,35.5,-10.3,0.0,-10.3,-35.3,-53.3,False
SAMSUNG,30.0,0.0,True,2026-06-05 06:15:00+00:00,2026-06-08 00:00:00+00:00,2.7,4.2,110.9,-106.7,-7.4,-114.2,-139.2,-157.2,False
SAMSUNG,30.0,0.0,True,2026-06-08 00:20:00+00:00,2026-06-09 00:00:00+00:00,1.0,83.6,132.7,-49.2,65.2,16.1,-8.9,-26.9,False
SAMSUNG,30.0,0.0,True,2026-06-09 00:20:00+00:00,2026-06-09 05:50:00+00:00,0.2,123.6,1.1,122.5,0.0,122.5,97.5,79.5,False
SAMSUNG,30.0,0.0,True,2026-06-10 00:00:00+00:00,2026-06-10 02:30:00+00:00,0.1,71.0,-56.3,127.2,0.0,127.2,102.2,84.2,False
SAMSUNG,30.0,0.0,True,2026-06-11 04:40:00+00:00,2026-06-11 04:45:00+00:00,0.0,35.7,6.7,29.1,0.0,29.1,4.1,-13.9,False
SAMSUNG,30.0,0.0,True,2026-06-11 04:50:00+00:00,2026-06-11 04:55:00+00:00,0.0,31.0,0.0,31.0,0.0,31.0,6.0,-12.0,False
SAMSUNG,30.0,0.0,True,2026-06-12 00:15:00+00:00,2026-06-15 05:55:00+00:00,3.2,83.0,-20.4,103.4,27.3,130.7,105.7,87.7,False
SAMSUNG,30.0,0.0,True,2026-06-17 05:45:00+00:00,2026-06-22 00:00:00+00:00,4.8,54.3,101.8,-47.5,53.0,5.5,-19.5,-37.5,False
SAMSUNG,30.0,0.0,True,2026-06-22 00:40:00+00:00,2026-06-23 00:00:00+00:00,1.0,99.4,98.8,0.7,44.6,45.3,20.3,2.3,False
SAMSUNG,30.0,0.0,True,2026-06-23 00:25:00+00:00,2026-06-23 06:05:00+00:00,0.2,115.9,-40.3,156.2,0.0,156.2,131.2,113.2,False
SAMSUNG,30.0,0.0,True,2026-06-24 00:20:00+00:00,2026-06-25 00:00:00+00:00,1.0,107.8,15.1,92.7,13.9,106.6,81.6,63.6,False
SAMSUNG,30.0,0.0,True,2026-06-25 00:30:00+00:00,2026-06-26 01:40:00+00:00,1.0,62.1,0.0,62.1,-2.6,59.6,34.6,16.6,False
SAMSUNG,30.0,0.0,True,2026-06-26 03:25:00+00:00,2026-06-29 00:00:00+00:00,2.9,15.9,18.6,-2.8,26.3,23.5,-1.5,-19.5,False
SAMSUNG,30.0,0.0,True,2026-06-29 00:45:00+00:00,2026-06-29 00:50:00+00:00,0.0,86.3,84.4,2.0,0.0,2.0,-23.0,-41.0,False
SAMSUNG,30.0,0.0,True,2026-06-29 00:55:00+00:00,2026-06-29 01:00:00+00:00,0.0,92.5,107.3,-14.8,0.0,-14.8,-39.8,-57.8,False
SAMSUNG,30.0,0.0,True,2026-06-29 01:05:00+00:00,2026-06-29 01:10:00+00:00,0.0,88.3,78.0,10.3,0.0,10.3,-14.7,-32.7,False
SAMSUNG,30.0,0.0,True,2026-06-29 01:15:00+00:00,2026-06-29 01:20:00+00:00,0.0,88.6,80.9,7.6,0.0,7.6,-17.4,-35.4,False
SAMSUNG,30.0,0.0,True,2026-06-29 01:25:00+00:00,2026-06-29 01:30:00+00:00,0.0,80.8,87.4,-6.6,0.0,-6.6,-31.6,-49.6,False
SAMSUNG,30.0,0.0,True,2026-06-29 01:35:00+00:00,2026-06-29 01:40:00+00:00,0.0,103.3,88.8,14.5,0.0,14.5,-10.5,-28.5,False
SAMSUNG,30.0,0.0,True,2026-06-29 01:45:00+00:00,2026-06-29 01:50:00+00:00,0.0,81.2,75.2,6.0,0.0,6.0,-19.0,-37.0,False
SAMSUNG,30.0,0.0,True,2026-06-29 01:55:00+00:00,2026-06-29 02:00:00+00:00,0.0,74.9,76.2,-1.3,0.0,-1.3,-26.3,-44.3,False
SAMSUNG,30.0,0.0,True,2026-06-29 02:05:00+00:00,2026-06-29 02:10:00+00:00,0.0,84.2,52.6,31.7,0.0,31.7,6.7,-11.3,False
SAMSUNG,30.0,0.0,True,2026-06-29 02:15:00+00:00,2026-06-29 02:20:00+00:00,0.0,65.0,57.9,7.1,0.0,7.1,-17.9,-35.9,False
SAMSUNG,30.0,0.0,True,2026-06-29 02:25:00+00:00,2026-06-29 02:30:00+00:00,0.0,80.7,82.1,-1.4,0.0,-1.4,-26.4,-44.4,False
SAMSUNG,30.0,0.0,True,2026-06-29 02:35:00+00:00,2026-06-29 02:40:00+00:00,0.0,84.7,95.8,-11.0,0.0,-11.0,-36.0,-54.0,False
SAMSUNG,30.0,0.0,True,2026-06-29 02:45:00+00:00,2026-06-29 02:50:00+00:00,0.0,76.0,80.4,-4.4,0.0,-4.4,-29.4,-47.4,False
SAMSUNG,30.0,0.0,True,2026-06-29 02:55:00+00:00,2026-06-29 03:00:00+00:00,0.0,82.5,82.3,0.2,0.0,0.2,-24.8,-42.8,False
SAMSUNG,30.0,0.0,True,2026-06-29 03:05:00+00:00,2026-06-29 03:10:00+00:00,0.0,85.7,79.0,6.7,0.0,6.7,-18.3,-36.3,False
SAMSUNG,30.0,0.0,True,2026-06-29 03:15:00+00:00,2026-06-29 03:20:00+00:00,0.0,85.4,83.0,2.4,0.0,2.4,-22.6,-40.6,False
SAMSUNG,30.0,0.0,True,2026-06-29 03:25:00+00:00,2026-06-29 03:30:00+00:00,0.0,92.9,84.1,8.8,0.0,8.8,-16.2,-34.2,False
SAMSUNG,30.0,0.0,True,2026-06-29 03:35:00+00:00,2026-06-29 03:40:00+00:00,0.0,84.1,86.2,-2.1,0.0,-2.1,-27.1,-45.1,False
SAMSUNG,30.0,0.0,True,2026-06-29 03:45:00+00:00,2026-06-29 03:50:00+00:00,0.0,98.7,80.0,18.7,0.0,18.7,-6.3,-24.3,False
SAMSUNG,30.0,0.0,True,2026-06-29 03:55:00+00:00,2026-06-29 04:00:00+00:00,0.0,42.1,48.4,-6.3,0.0,-6.3,-31.3,-49.3,False
SAMSUNG,30.0,0.0,True,2026-06-29 04:05:00+00:00,2026-06-29 04:10:00+00:00,0.0,50.8,55.1,-4.4,0.0,-4.4,-29.4,-47.4,False
SAMSUNG,30.0,0.0,True,2026-06-29 04:15:00+00:00,2026-06-29 04:20:00+00:00,0.0,48.5,77.0,-28.5,0.0,-28.5,-53.5,-71.5,False
SAMSUNG,30.0,0.0,True,2026-06-29 04:25:00+00:00,2026-06-29 04:30:00+00:00,0.0,63.9,64.8,-0.9,0.0,-0.9,-25.9,-43.9,False
SAMSUNG,30.0,0.0,True,2026-06-29 04:35:00+00:00,2026-06-29 04:40:00+00:00,0.0,76.0,73.5,2.5,0.0,2.5,-22.5,-40.5,False
SAMSUNG,30.0,0.0,True,2026-06-29 04:45:00+00:00,2026-06-29 04:50:00+00:00,0.0,84.2,73.5,10.7,0.0,10.7,-14.3,-32.3,False
SAMSUNG,30.0,0.0,True,2026-06-29 04:55:00+00:00,2026-06-29 05:00:00+00:00,0.0,79.1,64.4,14.7,0.0,14.7,-10.3,-28.3,False
SAMSUNG,30.0,0.0,True,2026-06-29 05:05:00+00:00,2026-06-29 05:10:00+00:00,0.0,47.5,46.4,1.1,0.0,1.1,-23.9,-41.9,False
SAMSUNG,30.0,0.0,True,2026-06-29 05:15:00+00:00,2026-06-29 05:20:00+00:00,0.0,42.2,37.8,4.3,0.0,4.3,-20.7,-38.7,False
SAMSUNG,30.0,0.0,True,2026-06-29 05:25:00+00:00,2026-06-29 05:30:00+00:00,0.0,38.6,39.2,-0.6,0.0,-0.6,-25.6,-43.6,False
SAMSUNG,30.0,0.0,True,2026-06-29 05:35:00+00:00,2026-06-29 05:40:00+00:00,0.0,30.7,26.7,4.0,0.0,4.0,-21.0,-39.0,False
SAMSUNG,30.0,0.0,True,2026-06-29 05:45:00+00:00,2026-06-29 05:50:00+00:00,0.0,10.5,13.8,-3.3,0.0,-3.3,-28.3,-46.3,False
SAMSUNG,30.0,0.0,True,2026-06-29 05:55:00+00:00,2026-06-29 06:00:00+00:00,0.0,5.0,5.1,-0.1,0.0,-0.1,-25.1,-43.1,False
SAMSUNG,30.0,0.0,True,2026-07-01 01:20:00+00:00,2026-07-02 00:00:00+00:00,0.9,25.5,72.1,-46.7,-15.2,-61.9,-86.9,-104.9,False
SAMSUNG,30.0,0.0,True,2026-07-02 00:40:00+00:00,2026-07-07 00:00:00+00:00,5.0,80.1,88.3,-8.2,69.8,61.6,36.6,18.6,False
SAMSUNG,30.0,0.0,True,2026-07-07 00:45:00+00:00,2026-07-08 00:00:00+00:00,1.0,81.6,24.9,56.8,29.8,86.6,61.6,43.6,False
SAMSUNG,30.0,0.0,True,2026-07-08 00:35:00+00:00,2026-07-09 00:00:00+00:00,1.0,87.1,53.9,33.2,34.0,67.2,42.2,24.2,False
SAMSUNG,30.0,0.0,True,2026-07-09 00:30:00+00:00,2026-07-10 00:00:00+00:00,1.0,44.0,51.4,-7.4,56.8,49.4,24.4,6.4,False
SAMSUNG,30.0,0.0,True,2026-07-10 00:25:00+00:00,2026-07-10 04:55:00+00:00,0.2,84.7,-9.0,93.7,0.0,93.7,68.7,50.7,False
SAMSUNG,30.0,0.0,True,2026-07-13 01:05:00+00:00,2026-07-14 00:00:00+00:00,1.0,51.5,107.5,-56.0,71.1,15.2,-9.8,-27.8,False
SAMSUNG,30.0,0.0,True,2026-07-14 00:15:00+00:00,2026-07-16 00:00:00+00:00,2.0,81.9,20.7,61.2,24.4,85.6,60.6,42.6,False
SAMSUNG,30.0,0.0,True,2026-07-16 05:55:00+00:00,2026-07-16 06:00:00+00:00,0.0,42.9,47.6,-4.6,0.0,-4.6,-29.6,-47.6,False
SAMSUNG,30.0,0.0,True,2026-07-16 06:05:00+00:00,2026-07-16 06:10:00+00:00,0.0,50.6,48.2,2.4,0.0,2.4,-22.6,-40.6,False
SAMSUNG,30.0,0.0,True,2026-07-16 06:15:00+00:00,2026-07-20 00:00:00+00:00,3.7,53.5,55.5,-2.0,2.2,0.2,-24.8,-42.8,False
SAMSUNG,30.0,0.0,True,2026-07-20 00:50:00+00:00,2026-07-24 00:00:00+00:00,4.0,23.8,19.4,4.4,55.5,59.9,34.9,16.9,False
SAMSUNG,30.0,0.0,True,2026-07-24 00:50:00+00:00,2026-07-28 00:00:00+00:00,4.0,48.3,42.7,5.7,40.5,46.1,21.1,3.1,False
SAMSUNG,30.0,0.0,True,2026-07-28 00:45:00+00:00,2026-07-31 03:05:00+00:00,3.1,8.0,-3.3,11.4,175.7,187.1,162.1,144.1,False
SAMSUNG,30.0,0.0,True,2026-08-03 00:00:00+00:00,2026-08-03 01:25:00+00:00,0.1,-19.5,-14.1,-5.4,11.6,6.2,-18.8,-36.8,False
SAMSUNG,30.0,-10.0,False,2026-06-02 03:20:00+00:00,2026-06-04 00:00:00+00:00,1.9,156.2,179.0,-22.7,40.8,18.1,-6.9,-24.9,False
SAMSUNG,30.0,-10.0,False,2026-06-04 00:20:00+00:00,2026-06-05 00:00:00+00:00,1.0,160.8,120.6,40.2,32.3,72.6,47.6,29.6,False
SAMSUNG,30.0,-10.0,False,2026-06-05 00:25:00+00:00,2026-06-08 00:00:00+00:00,3.0,215.5,110.9,104.5,-7.4,97.1,72.1,54.1,False
SAMSUNG,30.0,-10.0,False,2026-06-08 00:20:00+00:00,2026-06-10 02:40:00+00:00,2.1,83.6,-32.2,115.8,35.8,151.6,126.6,108.6,False
SAMSUNG,30.0,-10.0,False,2026-06-11 04:40:00+00:00,2026-06-15 06:10:00+00:00,4.1,35.7,-22.4,58.1,65.1,123.2,98.2,80.2,False
SAMSUNG,30.0,-10.0,False,2026-06-17 05:45:00+00:00,2026-06-22 00:00:00+00:00,4.8,54.3,101.8,-47.5,53.0,5.5,-19.5,-37.5,False
SAMSUNG,30.0,-10.0,False,2026-06-22 00:40:00+00:00,2026-06-23 00:00:00+00:00,1.0,99.4,98.8,0.7,44.6,45.3,20.3,2.3,False
SAMSUNG,30.0,-10.0,False,2026-06-23 00:25:00+00:00,2026-06-24 00:00:00+00:00,1.0,115.9,50.4,65.5,30.6,96.1,71.1,53.1,False
SAMSUNG,30.0,-10.0,False,2026-06-24 00:20:00+00:00,2026-06-25 00:00:00+00:00,1.0,107.8,15.1,92.7,13.9,106.6,81.6,63.6,False
SAMSUNG,30.0,-10.0,False,2026-06-25 00:30:00+00:00,2026-06-29 00:00:00+00:00,4.0,62.1,18.6,43.5,23.7,67.2,42.2,24.2,False
SAMSUNG,30.0,-10.0,False,2026-06-29 00:45:00+00:00,2026-07-01 00:00:00+00:00,2.0,86.3,5.5,80.9,21.2,102.1,77.1,59.1,False
SAMSUNG,30.0,-10.0,False,2026-07-01 01:20:00+00:00,2026-07-02 00:00:00+00:00,0.9,25.5,72.1,-46.7,-15.2,-61.9,-86.9,-104.9,False
SAMSUNG,30.0,-10.0,False,2026-07-02 00:40:00+00:00,2026-07-07 00:00:00+00:00,5.0,80.1,88.3,-8.2,69.8,61.6,36.6,18.6,False
SAMSUNG,30.0,-10.0,False,2026-07-07 00:45:00+00:00,2026-07-08 00:00:00+00:00,1.0,81.6,24.9,56.8,29.8,86.6,61.6,43.6,False
SAMSUNG,30.0,-10.0,False,2026-07-08 00:35:00+00:00,2026-07-09 00:00:00+00:00,1.0,87.1,53.9,33.2,34.0,67.2,42.2,24.2,False
SAMSUNG,30.0,-10.0,False,2026-07-09 00:30:00+00:00,2026-07-10 00:00:00+00:00,1.0,44.0,51.4,-7.4,56.8,49.4,24.4,6.4,False
SAMSUNG,30.0,-10.0,False,2026-07-10 00:25:00+00:00,2026-07-13 00:00:00+00:00,3.0,84.7,-27.0,111.7,-1.4,110.3,85.3,67.3,False
SAMSUNG,30.0,-10.0,False,2026-07-13 01:05:00+00:00,2026-07-14 00:00:00+00:00,1.0,51.5,107.5,-56.0,71.1,15.2,-9.8,-27.8,False
SAMSUNG,30.0,-10.0,False,2026-07-14 00:15:00+00:00,2026-07-20 00:00:00+00:00,6.0,81.9,55.5,26.4,31.3,57.7,32.7,14.7,False
SAMSUNG,30.0,-10.0,False,2026-07-20 00:50:00+00:00,2026-08-03 01:55:00+00:00,14.0,23.8,-1.5,25.3,249.7,275.0,250.0,232.0,False
SAMSUNG,30.0,-10.0,True,2026-06-02 03:20:00+00:00,2026-06-04 00:00:00+00:00,1.9,156.2,179.0,-22.7,40.8,18.1,-6.9,-24.9,False
SAMSUNG,30.0,-10.0,True,2026-06-04 00:20:00+00:00,2026-06-05 00:00:00+00:00,1.0,160.8,120.6,40.2,32.3,72.6,47.6,29.6,False
SAMSUNG,30.0,-10.0,True,2026-06-05 00:25:00+00:00,2026-06-05 00:30:00+00:00,0.0,215.5,160.3,55.2,0.0,55.2,30.2,12.2,False
SAMSUNG,30.0,-10.0,True,2026-06-05 00:35:00+00:00,2026-06-05 00:40:00+00:00,0.0,181.5,222.1,-40.6,0.0,-40.6,-65.6,-83.6,False
SAMSUNG,30.0,-10.0,True,2026-06-05 00:45:00+00:00,2026-06-05 00:50:00+00:00,0.0,215.7,198.8,16.9,0.0,16.9,-8.1,-26.1,False
SAMSUNG,30.0,-10.0,True,2026-06-05 00:55:00+00:00,2026-06-05 01:00:00+00:00,0.0,178.7,152.0,26.6,0.0,26.6,1.6,-16.4,False
SAMSUNG,30.0,-10.0,True,2026-06-05 01:05:00+00:00,2026-06-05 01:10:00+00:00,0.0,182.7,129.9,52.8,0.0,52.8,27.8,9.8,False
SAMSUNG,30.0,-10.0,True,2026-06-05 01:15:00+00:00,2026-06-05 01:20:00+00:00,0.0,110.5,131.9,-21.4,0.0,-21.4,-46.4,-64.4,False
SAMSUNG,30.0,-10.0,True,2026-06-05 01:25:00+00:00,2026-06-05 01:30:00+00:00,0.0,89.2,62.8,26.4,0.0,26.4,1.4,-16.6,False
SAMSUNG,30.0,-10.0,True,2026-06-05 01:35:00+00:00,2026-06-05 01:40:00+00:00,0.0,57.0,41.1,15.9,0.0,15.9,-9.1,-27.1,False
SAMSUNG,30.0,-10.0,True,2026-06-05 01:45:00+00:00,2026-06-05 01:50:00+00:00,0.0,88.1,53.0,35.1,0.0,35.1,10.1,-7.9,False
SAMSUNG,30.0,-10.0,True,2026-06-05 01:55:00+00:00,2026-06-05 02:00:00+00:00,0.0,19.6,17.2,2.5,0.0,2.5,-22.5,-40.5,False
SAMSUNG,30.0,-10.0,True,2026-06-05 02:05:00+00:00,2026-06-05 02:10:00+00:00,0.0,13.3,44.7,-31.4,0.0,-31.4,-56.4,-74.4,False
SAMSUNG,30.0,-10.0,True,2026-06-05 02:15:00+00:00,2026-06-05 02:20:00+00:00,0.0,61.8,26.0,35.8,0.0,35.8,10.8,-7.2,False
SAMSUNG,30.0,-10.0,True,2026-06-05 02:25:00+00:00,2026-06-05 02:30:00+00:00,0.0,37.5,58.5,-21.0,0.0,-21.0,-46.0,-64.0,False
SAMSUNG,30.0,-10.0,True,2026-06-05 02:35:00+00:00,2026-06-05 02:40:00+00:00,0.0,27.8,36.3,-8.6,0.0,-8.6,-33.6,-51.6,False
SAMSUNG,30.0,-10.0,True,2026-06-05 02:45:00+00:00,2026-06-05 02:50:00+00:00,0.0,26.1,29.8,-3.7,0.0,-3.7,-28.7,-46.7,False
SAMSUNG,30.0,-10.0,True,2026-06-05 02:55:00+00:00,2026-06-05 03:00:00+00:00,0.0,28.7,38.9,-10.2,0.0,-10.2,-35.2,-53.2,False
SAMSUNG,30.0,-10.0,True,2026-06-05 03:05:00+00:00,2026-06-05 03:10:00+00:00,0.0,33.5,36.5,-3.0,0.0,-3.0,-28.0,-46.0,False
SAMSUNG,30.0,-10.0,True,2026-06-05 03:15:00+00:00,2026-06-05 03:20:00+00:00,0.0,42.1,21.5,20.6,0.0,20.6,-4.4,-22.4,False
SAMSUNG,30.0,-10.0,True,2026-06-05 03:25:00+00:00,2026-06-05 03:30:00+00:00,0.0,20.4,19.0,1.4,0.0,1.4,-23.6,-41.6,False
SAMSUNG,30.0,-10.0,True,2026-06-05 03:45:00+00:00,2026-06-05 03:50:00+00:00,0.0,42.3,114.6,-72.3,0.0,-72.3,-97.3,-115.3,False
SAMSUNG,30.0,-10.0,True,2026-06-05 03:55:00+00:00,2026-06-05 04:00:00+00:00,0.0,79.2,96.3,-17.1,0.0,-17.1,-42.1,-60.1,False
SAMSUNG,30.0,-10.0,True,2026-06-05 04:05:00+00:00,2026-06-05 04:10:00+00:00,0.0,77.1,68.1,9.0,0.0,9.0,-16.0,-34.0,False
SAMSUNG,30.0,-10.0,True,2026-06-05 04:15:00+00:00,2026-06-05 04:20:00+00:00,0.0,62.7,38.9,23.9,0.0,23.9,-1.1,-19.1,False
SAMSUNG,30.0,-10.0,True,2026-06-05 04:25:00+00:00,2026-06-05 04:30:00+00:00,0.0,64.4,39.5,24.9,0.0,24.9,-0.1,-18.1,False
SAMSUNG,30.0,-10.0,True,2026-06-05 04:35:00+00:00,2026-06-05 04:40:00+00:00,0.0,36.7,59.8,-23.1,0.0,-23.1,-48.1,-66.1,False
SAMSUNG,30.0,-10.0,True,2026-06-05 04:45:00+00:00,2026-06-05 04:50:00+00:00,0.0,27.1,41.5,-14.4,0.0,-14.4,-39.4,-57.4,False
SAMSUNG,30.0,-10.0,True,2026-06-05 04:55:00+00:00,2026-06-05 05:00:00+00:00,0.0,42.1,47.7,-5.6,0.0,-5.6,-30.6,-48.6,False
SAMSUNG,30.0,-10.0,True,2026-06-05 05:05:00+00:00,2026-06-05 05:10:00+00:00,0.0,31.9,85.8,-54.0,0.0,-54.0,-79.0,-97.0,False
SAMSUNG,30.0,-10.0,True,2026-06-05 05:15:00+00:00,2026-06-05 05:20:00+00:00,0.0,31.0,19.1,11.8,0.0,11.8,-13.2,-31.2,False
SAMSUNG,30.0,-10.0,True,2026-06-05 05:25:00+00:00,2026-06-05 05:30:00+00:00,0.0,45.0,22.8,22.1,0.0,22.1,-2.9,-20.9,False
SAMSUNG,30.0,-10.0,True,2026-06-05 05:35:00+00:00,2026-06-05 05:40:00+00:00,0.0,29.9,53.4,-23.5,0.0,-23.5,-48.5,-66.5,False
SAMSUNG,30.0,-10.0,True,2026-06-05 05:45:00+00:00,2026-06-05 05:50:00+00:00,0.0,68.9,57.4,11.5,0.0,11.5,-13.5,-31.5,False
SAMSUNG,30.0,-10.0,True,2026-06-05 05:55:00+00:00,2026-06-05 06:00:00+00:00,0.0,85.1,46.1,39.0,0.0,39.0,14.0,-4.0,False
SAMSUNG,30.0,-10.0,True,2026-06-05 06:05:00+00:00,2026-06-05 06:10:00+00:00,0.0,25.2,35.5,-10.3,0.0,-10.3,-35.3,-53.3,False
SAMSUNG,30.0,-10.0,True,2026-06-05 06:15:00+00:00,2026-06-08 00:00:00+00:00,2.7,4.2,110.9,-106.7,-7.4,-114.2,-139.2,-157.2,False
SAMSUNG,30.0,-10.0,True,2026-06-08 00:20:00+00:00,2026-06-10 02:40:00+00:00,2.1,83.6,-32.2,115.8,35.8,151.6,126.6,108.6,False
SAMSUNG,30.0,-10.0,True,2026-06-11 04:40:00+00:00,2026-06-11 04:45:00+00:00,0.0,35.7,6.7,29.1,0.0,29.1,4.1,-13.9,False
SAMSUNG,30.0,-10.0,True,2026-06-11 04:50:00+00:00,2026-06-11 04:55:00+00:00,0.0,31.0,0.0,31.0,0.0,31.0,6.0,-12.0,False
SAMSUNG,30.0,-10.0,True,2026-06-12 00:15:00+00:00,2026-06-15 06:10:00+00:00,3.2,83.0,-22.4,105.3,27.3,132.6,107.6,89.6,False
SAMSUNG,30.0,-10.0,True,2026-06-17 05:45:00+00:00,2026-06-22 00:00:00+00:00,4.8,54.3,101.8,-47.5,53.0,5.5,-19.5,-37.5,False
SAMSUNG,30.0,-10.0,True,2026-06-22 00:40:00+00:00,2026-06-23 00:00:00+00:00,1.0,99.4,98.8,0.7,44.6,45.3,20.3,2.3,False
SAMSUNG,30.0,-10.0,True,2026-06-23 00:25:00+00:00,2026-06-24 00:00:00+00:00,1.0,115.9,50.4,65.5,30.6,96.1,71.1,53.1,False
SAMSUNG,30.0,-10.0,True,2026-06-24 00:20:00+00:00,2026-06-25 00:00:00+00:00,1.0,107.8,15.1,92.7,13.9,106.6,81.6,63.6,False
SAMSUNG,30.0,-10.0,True,2026-06-25 00:30:00+00:00,2026-06-29 00:00:00+00:00,4.0,62.1,18.6,43.5,23.7,67.2,42.2,24.2,False
SAMSUNG,30.0,-10.0,True,2026-06-29 00:45:00+00:00,2026-06-29 00:50:00+00:00,0.0,86.3,84.4,2.0,0.0,2.0,-23.0,-41.0,False
SAMSUNG,30.0,-10.0,True,2026-06-29 00:55:00+00:00,2026-06-29 01:00:00+00:00,0.0,92.5,107.3,-14.8,0.0,-14.8,-39.8,-57.8,False
SAMSUNG,30.0,-10.0,True,2026-06-29 01:05:00+00:00,2026-06-29 01:10:00+00:00,0.0,88.3,78.0,10.3,0.0,10.3,-14.7,-32.7,False
SAMSUNG,30.0,-10.0,True,2026-06-29 01:15:00+00:00,2026-06-29 01:20:00+00:00,0.0,88.6,80.9,7.6,0.0,7.6,-17.4,-35.4,False
SAMSUNG,30.0,-10.0,True,2026-06-29 01:25:00+00:00,2026-06-29 01:30:00+00:00,0.0,80.8,87.4,-6.6,0.0,-6.6,-31.6,-49.6,False
SAMSUNG,30.0,-10.0,True,2026-06-29 01:35:00+00:00,2026-06-29 01:40:00+00:00,0.0,103.3,88.8,14.5,0.0,14.5,-10.5,-28.5,False
SAMSUNG,30.0,-10.0,True,2026-06-29 01:45:00+00:00,2026-06-29 01:50:00+00:00,0.0,81.2,75.2,6.0,0.0,6.0,-19.0,-37.0,False
SAMSUNG,30.0,-10.0,True,2026-06-29 01:55:00+00:00,2026-06-29 02:00:00+00:00,0.0,74.9,76.2,-1.3,0.0,-1.3,-26.3,-44.3,False
SAMSUNG,30.0,-10.0,True,2026-06-29 02:05:00+00:00,2026-06-29 02:10:00+00:00,0.0,84.2,52.6,31.7,0.0,31.7,6.7,-11.3,False
SAMSUNG,30.0,-10.0,True,2026-06-29 02:15:00+00:00,2026-06-29 02:20:00+00:00,0.0,65.0,57.9,7.1,0.0,7.1,-17.9,-35.9,False
SAMSUNG,30.0,-10.0,True,2026-06-29 02:25:00+00:00,2026-06-29 02:30:00+00:00,0.0,80.7,82.1,-1.4,0.0,-1.4,-26.4,-44.4,False
SAMSUNG,30.0,-10.0,True,2026-06-29 02:35:00+00:00,2026-06-29 02:40:00+00:00,0.0,84.7,95.8,-11.0,0.0,-11.0,-36.0,-54.0,False
SAMSUNG,30.0,-10.0,True,2026-06-29 02:45:00+00:00,2026-06-29 02:50:00+00:00,0.0,76.0,80.4,-4.4,0.0,-4.4,-29.4,-47.4,False
SAMSUNG,30.0,-10.0,True,2026-06-29 02:55:00+00:00,2026-06-29 03:00:00+00:00,0.0,82.5,82.3,0.2,0.0,0.2,-24.8,-42.8,False
SAMSUNG,30.0,-10.0,True,2026-06-29 03:05:00+00:00,2026-06-29 03:10:00+00:00,0.0,85.7,79.0,6.7,0.0,6.7,-18.3,-36.3,False
SAMSUNG,30.0,-10.0,True,2026-06-29 03:15:00+00:00,2026-06-29 03:20:00+00:00,0.0,85.4,83.0,2.4,0.0,2.4,-22.6,-40.6,False
SAMSUNG,30.0,-10.0,True,2026-06-29 03:25:00+00:00,2026-06-29 03:30:00+00:00,0.0,92.9,84.1,8.8,0.0,8.8,-16.2,-34.2,False
SAMSUNG,30.0,-10.0,True,2026-06-29 03:35:00+00:00,2026-06-29 03:40:00+00:00,0.0,84.1,86.2,-2.1,0.0,-2.1,-27.1,-45.1,False
SAMSUNG,30.0,-10.0,True,2026-06-29 03:45:00+00:00,2026-06-29 03:50:00+00:00,0.0,98.7,80.0,18.7,0.0,18.7,-6.3,-24.3,False
SAMSUNG,30.0,-10.0,True,2026-06-29 03:55:00+00:00,2026-06-29 04:00:00+00:00,0.0,42.1,48.4,-6.3,0.0,-6.3,-31.3,-49.3,False
SAMSUNG,30.0,-10.0,True,2026-06-29 04:05:00+00:00,2026-06-29 04:10:00+00:00,0.0,50.8,55.1,-4.4,0.0,-4.4,-29.4,-47.4,False
SAMSUNG,30.0,-10.0,True,2026-06-29 04:15:00+00:00,2026-06-29 04:20:00+00:00,0.0,48.5,77.0,-28.5,0.0,-28.5,-53.5,-71.5,False
SAMSUNG,30.0,-10.0,True,2026-06-29 04:25:00+00:00,2026-06-29 04:30:00+00:00,0.0,63.9,64.8,-0.9,0.0,-0.9,-25.9,-43.9,False
SAMSUNG,30.0,-10.0,True,2026-06-29 04:35:00+00:00,2026-06-29 04:40:00+00:00,0.0,76.0,73.5,2.5,0.0,2.5,-22.5,-40.5,False
SAMSUNG,30.0,-10.0,True,2026-06-29 04:45:00+00:00,2026-06-29 04:50:00+00:00,0.0,84.2,73.5,10.7,0.0,10.7,-14.3,-32.3,False
SAMSUNG,30.0,-10.0,True,2026-06-29 04:55:00+00:00,2026-06-29 05:00:00+00:00,0.0,79.1,64.4,14.7,0.0,14.7,-10.3,-28.3,False
SAMSUNG,30.0,-10.0,True,2026-06-29 05:05:00+00:00,2026-06-29 05:10:00+00:00,0.0,47.5,46.4,1.1,0.0,1.1,-23.9,-41.9,False
SAMSUNG,30.0,-10.0,True,2026-06-29 05:15:00+00:00,2026-06-29 05:20:00+00:00,0.0,42.2,37.8,4.3,0.0,4.3,-20.7,-38.7,False
SAMSUNG,30.0,-10.0,True,2026-06-29 05:25:00+00:00,2026-06-29 05:30:00+00:00,0.0,38.6,39.2,-0.6,0.0,-0.6,-25.6,-43.6,False
SAMSUNG,30.0,-10.0,True,2026-06-29 05:35:00+00:00,2026-06-29 05:40:00+00:00,0.0,30.7,26.7,4.0,0.0,4.0,-21.0,-39.0,False
SAMSUNG,30.0,-10.0,True,2026-06-29 05:45:00+00:00,2026-06-29 05:50:00+00:00,0.0,10.5,13.8,-3.3,0.0,-3.3,-28.3,-46.3,False
SAMSUNG,30.0,-10.0,True,2026-06-29 05:55:00+00:00,2026-06-29 06:00:00+00:00,0.0,5.0,5.1,-0.1,0.0,-0.1,-25.1,-43.1,False
SAMSUNG,30.0,-10.0,True,2026-07-01 01:20:00+00:00,2026-07-02 00:00:00+00:00,0.9,25.5,72.1,-46.7,-15.2,-61.9,-86.9,-104.9,False
SAMSUNG,30.0,-10.0,True,2026-07-02 00:40:00+00:00,2026-07-07 00:00:00+00:00,5.0,80.1,88.3,-8.2,69.8,61.6,36.6,18.6,False
SAMSUNG,30.0,-10.0,True,2026-07-07 00:45:00+00:00,2026-07-08 00:00:00+00:00,1.0,81.6,24.9,56.8,29.8,86.6,61.6,43.6,False
SAMSUNG,30.0,-10.0,True,2026-07-08 00:35:00+00:00,2026-07-09 00:00:00+00:00,1.0,87.1,53.9,33.2,34.0,67.2,42.2,24.2,False
SAMSUNG,30.0,-10.0,True,2026-07-09 00:30:00+00:00,2026-07-10 00:00:00+00:00,1.0,44.0,51.4,-7.4,56.8,49.4,24.4,6.4,False
SAMSUNG,30.0,-10.0,True,2026-07-10 00:25:00+00:00,2026-07-13 00:00:00+00:00,3.0,84.7,-27.0,111.7,-1.4,110.3,85.3,67.3,False
SAMSUNG,30.0,-10.0,True,2026-07-13 01:05:00+00:00,2026-07-14 00:00:00+00:00,1.0,51.5,107.5,-56.0,71.1,15.2,-9.8,-27.8,False
SAMSUNG,30.0,-10.0,True,2026-07-14 00:15:00+00:00,2026-07-16 00:00:00+00:00,2.0,81.9,20.7,61.2,24.4,85.6,60.6,42.6,False
SAMSUNG,30.0,-10.0,True,2026-07-16 05:55:00+00:00,2026-07-16 06:00:00+00:00,0.0,42.9,47.6,-4.6,0.0,-4.6,-29.6,-47.6,False
SAMSUNG,30.0,-10.0,True,2026-07-16 06:05:00+00:00,2026-07-16 06:10:00+00:00,0.0,50.6,48.2,2.4,0.0,2.4,-22.6,-40.6,False
SAMSUNG,30.0,-10.0,True,2026-07-16 06:15:00+00:00,2026-07-20 00:00:00+00:00,3.7,53.5,55.5,-2.0,2.2,0.2,-24.8,-42.8,False
SAMSUNG,30.0,-10.0,True,2026-07-20 00:50:00+00:00,2026-08-03 01:55:00+00:00,14.0,23.8,-1.5,25.3,249.7,275.0,250.0,232.0,False
SAMSUNG,50.0,0.0,False,2026-06-02 03:30:00+00:00,2026-06-04 00:00:00+00:00,1.9,184.7,179.0,5.7,40.8,46.6,21.6,3.6,False
SAMSUNG,50.0,0.0,False,2026-06-04 00:30:00+00:00,2026-06-05 00:00:00+00:00,1.0,136.5,120.6,15.9,32.3,48.2,23.2,5.2,False
SAMSUNG,50.0,0.0,False,2026-06-05 00:30:00+00:00,2026-06-08 00:00:00+00:00,3.0,160.3,110.9,49.4,-7.4,41.9,16.9,-1.1,False
SAMSUNG,50.0,0.0,False,2026-06-08 00:30:00+00:00,2026-06-09 00:00:00+00:00,1.0,45.6,132.7,-87.1,65.2,-21.9,-46.9,-64.9,False
SAMSUNG,50.0,0.0,False,2026-06-09 00:30:00+00:00,2026-06-09 05:50:00+00:00,0.2,116.0,1.1,114.9,0.0,114.9,89.9,71.9,False
SAMSUNG,50.0,0.0,False,2026-06-10 00:00:00+00:00,2026-06-10 02:30:00+00:00,0.1,71.0,-56.3,127.2,0.0,127.2,102.2,84.2,False
SAMSUNG,50.0,0.0,False,2026-06-12 00:25:00+00:00,2026-06-15 05:55:00+00:00,3.2,90.1,-20.4,110.6,27.3,137.8,112.8,94.8,False
SAMSUNG,50.0,0.0,False,2026-06-18 00:50:00+00:00,2026-06-22 00:00:00+00:00,4.0,63.3,101.8,-38.5,46.2,7.7,-17.3,-35.3,False
SAMSUNG,50.0,0.0,False,2026-06-22 00:45:00+00:00,2026-06-23 00:00:00+00:00,1.0,90.9,98.8,-7.8,44.6,36.8,11.8,-6.2,False
SAMSUNG,50.0,0.0,False,2026-06-23 00:35:00+00:00,2026-06-23 06:05:00+00:00,0.2,119.0,-40.3,159.3,0.0,159.3,134.3,116.3,False
SAMSUNG,50.0,0.0,False,2026-06-24 00:35:00+00:00,2026-06-25 00:00:00+00:00,1.0,76.8,15.1,61.6,13.9,75.5,50.5,32.5,False
SAMSUNG,50.0,0.0,False,2026-06-25 00:55:00+00:00,2026-06-26 01:40:00+00:00,1.0,49.1,0.0,49.1,-2.6,46.5,21.5,3.5,False
SAMSUNG,50.0,0.0,False,2026-06-26 05:00:00+00:00,2026-06-29 00:00:00+00:00,2.8,51.0,18.6,32.4,26.3,58.6,33.6,15.6,False
SAMSUNG,50.0,0.0,False,2026-06-29 00:55:00+00:00,2026-06-30 05:00:00+00:00,1.2,92.5,-3.8,96.3,19.0,115.3,90.3,72.3,False
SAMSUNG,50.0,0.0,False,2026-07-02 00:50:00+00:00,2026-07-07 00:00:00+00:00,5.0,57.1,88.3,-31.3,69.8,38.5,13.5,-4.5,False
SAMSUNG,50.0,0.0,False,2026-07-07 00:55:00+00:00,2026-07-08 00:00:00+00:00,1.0,76.0,24.9,51.1,29.8,81.0,56.0,38.0,False
SAMSUNG,50.0,0.0,False,2026-07-08 00:40:00+00:00,2026-07-09 00:00:00+00:00,1.0,63.5,53.9,9.6,34.0,43.5,18.5,0.5,False
SAMSUNG,50.0,0.0,False,2026-07-09 02:00:00+00:00,2026-07-10 00:00:00+00:00,0.9,45.0,51.4,-6.5,56.8,50.3,25.3,7.3,False
SAMSUNG,50.0,0.0,False,2026-07-10 00:35:00+00:00,2026-07-10 04:55:00+00:00,0.2,66.1,-9.0,75.0,0.0,75.0,50.0,32.0,False
SAMSUNG,50.0,0.0,False,2026-07-13 01:30:00+00:00,2026-07-14 00:00:00+00:00,0.9,57.2,107.5,-50.3,71.1,20.8,-4.2,-22.2,False
SAMSUNG,50.0,0.0,False,2026-07-14 00:20:00+00:00,2026-07-20 00:00:00+00:00,6.0,128.0,55.5,72.5,31.3,103.8,78.8,60.8,False
SAMSUNG,50.0,0.0,False,2026-07-28 01:50:00+00:00,2026-07-31 03:05:00+00:00,3.1,41.3,-3.3,44.6,175.7,220.3,195.3,177.3,False
SAMSUNG,50.0,0.0,True,2026-06-02 03:30:00+00:00,2026-06-04 00:00:00+00:00,1.9,184.7,179.0,5.7,40.8,46.6,21.6,3.6,False
SAMSUNG,50.0,0.0,True,2026-06-04 00:30:00+00:00,2026-06-05 00:00:00+00:00,1.0,136.5,120.6,15.9,32.3,48.2,23.2,5.2,False
SAMSUNG,50.0,0.0,True,2026-06-05 00:30:00+00:00,2026-06-05 00:35:00+00:00,0.0,160.3,181.5,-21.2,0.0,-21.2,-46.2,-64.2,False
SAMSUNG,50.0,0.0,True,2026-06-05 00:40:00+00:00,2026-06-05 00:45:00+00:00,0.0,222.1,215.7,6.3,0.0,6.3,-18.7,-36.7,False
SAMSUNG,50.0,0.0,True,2026-06-05 00:50:00+00:00,2026-06-05 00:55:00+00:00,0.0,198.8,178.7,20.2,0.0,20.2,-4.8,-22.8,False
SAMSUNG,50.0,0.0,True,2026-06-05 01:00:00+00:00,2026-06-05 01:05:00+00:00,0.0,152.0,182.7,-30.7,0.0,-30.7,-55.7,-73.7,False
SAMSUNG,50.0,0.0,True,2026-06-05 01:10:00+00:00,2026-06-05 01:15:00+00:00,0.0,129.9,110.5,19.4,0.0,19.4,-5.6,-23.6,False
SAMSUNG,50.0,0.0,True,2026-06-05 01:20:00+00:00,2026-06-05 01:25:00+00:00,0.0,131.9,89.2,42.7,0.0,42.7,17.7,-0.3,False
SAMSUNG,50.0,0.0,True,2026-06-05 01:30:00+00:00,2026-06-05 01:35:00+00:00,0.0,62.8,57.0,5.8,0.0,5.8,-19.2,-37.2,False
SAMSUNG,50.0,0.0,True,2026-06-05 01:40:00+00:00,2026-06-05 01:45:00+00:00,0.0,41.1,88.1,-47.0,0.0,-47.0,-72.0,-90.0,False
SAMSUNG,50.0,0.0,True,2026-06-05 01:50:00+00:00,2026-06-05 01:55:00+00:00,0.0,53.0,19.6,33.4,0.0,33.4,8.4,-9.6,False
SAMSUNG,50.0,0.0,True,2026-06-05 02:00:00+00:00,2026-06-05 02:05:00+00:00,0.0,17.2,13.3,3.9,0.0,3.9,-21.1,-39.1,False
SAMSUNG,50.0,0.0,True,2026-06-05 02:10:00+00:00,2026-06-05 02:15:00+00:00,0.0,44.7,61.8,-17.1,0.0,-17.1,-42.1,-60.1,False
SAMSUNG,50.0,0.0,True,2026-06-05 04:10:00+00:00,2026-06-05 04:15:00+00:00,0.0,68.1,62.7,5.3,0.0,5.3,-19.7,-37.7,False
SAMSUNG,50.0,0.0,True,2026-06-05 04:20:00+00:00,2026-06-05 04:25:00+00:00,0.0,38.9,64.4,-25.6,0.0,-25.6,-50.6,-68.6,False
SAMSUNG,50.0,0.0,True,2026-06-05 04:30:00+00:00,2026-06-05 04:35:00+00:00,0.0,39.5,36.7,2.8,0.0,2.8,-22.2,-40.2,False
SAMSUNG,50.0,0.0,True,2026-06-05 04:40:00+00:00,2026-06-05 04:45:00+00:00,0.0,59.8,27.1,32.7,0.0,32.7,7.7,-10.3,False
SAMSUNG,50.0,0.0,True,2026-06-05 04:50:00+00:00,2026-06-05 04:55:00+00:00,0.0,41.5,42.1,-0.6,0.0,-0.6,-25.6,-43.6,False
SAMSUNG,50.0,0.0,True,2026-06-05 05:00:00+00:00,2026-06-05 05:05:00+00:00,0.0,47.7,31.9,15.8,0.0,15.8,-9.2,-27.2,False
SAMSUNG,50.0,0.0,True,2026-06-08 00:30:00+00:00,2026-06-09 00:00:00+00:00,1.0,45.6,132.7,-87.1,65.2,-21.9,-46.9,-64.9,False
SAMSUNG,50.0,0.0,True,2026-06-09 00:30:00+00:00,2026-06-09 05:50:00+00:00,0.2,116.0,1.1,114.9,0.0,114.9,89.9,71.9,False
SAMSUNG,50.0,0.0,True,2026-06-10 00:00:00+00:00,2026-06-10 02:30:00+00:00,0.1,71.0,-56.3,127.2,0.0,127.2,102.2,84.2,False
SAMSUNG,50.0,0.0,True,2026-06-12 00:25:00+00:00,2026-06-15 05:55:00+00:00,3.2,90.1,-20.4,110.6,27.3,137.8,112.8,94.8,False
SAMSUNG,50.0,0.0,True,2026-06-18 00:50:00+00:00,2026-06-22 00:00:00+00:00,4.0,63.3,101.8,-38.5,46.2,7.7,-17.3,-35.3,False
SAMSUNG,50.0,0.0,True,2026-06-22 00:45:00+00:00,2026-06-23 00:00:00+00:00,1.0,90.9,98.8,-7.8,44.6,36.8,11.8,-6.2,False
SAMSUNG,50.0,0.0,True,2026-06-23 00:35:00+00:00,2026-06-23 06:05:00+00:00,0.2,119.0,-40.3,159.3,0.0,159.3,134.3,116.3,False
SAMSUNG,50.0,0.0,True,2026-06-24 00:35:00+00:00,2026-06-25 00:00:00+00:00,1.0,76.8,15.1,61.6,13.9,75.5,50.5,32.5,False
SAMSUNG,50.0,0.0,True,2026-06-25 00:55:00+00:00,2026-06-26 01:40:00+00:00,1.0,49.1,0.0,49.1,-2.6,46.5,21.5,3.5,False
SAMSUNG,50.0,0.0,True,2026-06-26 05:00:00+00:00,2026-06-29 00:00:00+00:00,2.8,51.0,18.6,32.4,26.3,58.6,33.6,15.6,False
SAMSUNG,50.0,0.0,True,2026-06-29 00:55:00+00:00,2026-06-29 01:00:00+00:00,0.0,92.5,107.3,-14.8,0.0,-14.8,-39.8,-57.8,False
SAMSUNG,50.0,0.0,True,2026-06-29 01:05:00+00:00,2026-06-29 01:10:00+00:00,0.0,88.3,78.0,10.3,0.0,10.3,-14.7,-32.7,False
SAMSUNG,50.0,0.0,True,2026-06-29 01:15:00+00:00,2026-06-29 01:20:00+00:00,0.0,88.6,80.9,7.6,0.0,7.6,-17.4,-35.4,False
SAMSUNG,50.0,0.0,True,2026-06-29 01:25:00+00:00,2026-06-29 01:30:00+00:00,0.0,80.8,87.4,-6.6,0.0,-6.6,-31.6,-49.6,False
SAMSUNG,50.0,0.0,True,2026-06-29 01:35:00+00:00,2026-06-29 01:40:00+00:00,0.0,103.3,88.8,14.5,0.0,14.5,-10.5,-28.5,False
SAMSUNG,50.0,0.0,True,2026-06-29 01:45:00+00:00,2026-06-29 01:50:00+00:00,0.0,81.2,75.2,6.0,0.0,6.0,-19.0,-37.0,False
SAMSUNG,50.0,0.0,True,2026-06-29 01:55:00+00:00,2026-06-29 02:00:00+00:00,0.0,74.9,76.2,-1.3,0.0,-1.3,-26.3,-44.3,False
SAMSUNG,50.0,0.0,True,2026-06-29 02:05:00+00:00,2026-06-29 02:10:00+00:00,0.0,84.2,52.6,31.7,0.0,31.7,6.7,-11.3,False
SAMSUNG,50.0,0.0,True,2026-06-29 02:15:00+00:00,2026-06-29 02:20:00+00:00,0.0,65.0,57.9,7.1,0.0,7.1,-17.9,-35.9,False
SAMSUNG,50.0,0.0,True,2026-06-29 02:25:00+00:00,2026-06-29 02:30:00+00:00,0.0,80.7,82.1,-1.4,0.0,-1.4,-26.4,-44.4,False
SAMSUNG,50.0,0.0,True,2026-06-29 02:35:00+00:00,2026-06-29 02:40:00+00:00,0.0,84.7,95.8,-11.0,0.0,-11.0,-36.0,-54.0,False
SAMSUNG,50.0,0.0,True,2026-06-29 02:45:00+00:00,2026-06-29 02:50:00+00:00,0.0,76.0,80.4,-4.4,0.0,-4.4,-29.4,-47.4,False
SAMSUNG,50.0,0.0,True,2026-06-29 02:55:00+00:00,2026-06-29 03:00:00+00:00,0.0,82.5,82.3,0.2,0.0,0.2,-24.8,-42.8,False
SAMSUNG,50.0,0.0,True,2026-06-29 03:05:00+00:00,2026-06-29 03:10:00+00:00,0.0,85.7,79.0,6.7,0.0,6.7,-18.3,-36.3,False
SAMSUNG,50.0,0.0,True,2026-06-29 03:15:00+00:00,2026-06-29 03:20:00+00:00,0.0,85.4,83.0,2.4,0.0,2.4,-22.6,-40.6,False
SAMSUNG,50.0,0.0,True,2026-06-29 03:25:00+00:00,2026-06-29 03:30:00+00:00,0.0,92.9,84.1,8.8,0.0,8.8,-16.2,-34.2,False
SAMSUNG,50.0,0.0,True,2026-06-29 03:35:00+00:00,2026-06-29 03:40:00+00:00,0.0,84.1,86.2,-2.1,0.0,-2.1,-27.1,-45.1,False
SAMSUNG,50.0,0.0,True,2026-06-29 03:45:00+00:00,2026-06-29 03:50:00+00:00,0.0,98.7,80.0,18.7,0.0,18.7,-6.3,-24.3,False
SAMSUNG,50.0,0.0,True,2026-06-29 03:55:00+00:00,2026-06-29 04:00:00+00:00,0.0,42.1,48.4,-6.3,0.0,-6.3,-31.3,-49.3,False
SAMSUNG,50.0,0.0,True,2026-06-29 04:05:00+00:00,2026-06-29 04:10:00+00:00,0.0,50.8,55.1,-4.4,0.0,-4.4,-29.4,-47.4,False
SAMSUNG,50.0,0.0,True,2026-06-29 04:15:00+00:00,2026-06-29 04:20:00+00:00,0.0,48.5,77.0,-28.5,0.0,-28.5,-53.5,-71.5,False
SAMSUNG,50.0,0.0,True,2026-06-29 04:25:00+00:00,2026-06-29 04:30:00+00:00,0.0,63.9,64.8,-0.9,0.0,-0.9,-25.9,-43.9,False
SAMSUNG,50.0,0.0,True,2026-06-29 04:35:00+00:00,2026-06-29 04:40:00+00:00,0.0,76.0,73.5,2.5,0.0,2.5,-22.5,-40.5,False
SAMSUNG,50.0,0.0,True,2026-06-29 04:45:00+00:00,2026-06-29 04:50:00+00:00,0.0,84.2,73.5,10.7,0.0,10.7,-14.3,-32.3,False
SAMSUNG,50.0,0.0,True,2026-06-29 04:55:00+00:00,2026-06-29 05:00:00+00:00,0.0,79.1,64.4,14.7,0.0,14.7,-10.3,-28.3,False
SAMSUNG,50.0,0.0,True,2026-06-29 05:05:00+00:00,2026-06-29 05:10:00+00:00,0.0,47.5,46.4,1.1,0.0,1.1,-23.9,-41.9,False
SAMSUNG,50.0,0.0,True,2026-06-29 05:15:00+00:00,2026-06-29 05:20:00+00:00,0.0,42.2,37.8,4.3,0.0,4.3,-20.7,-38.7,False
SAMSUNG,50.0,0.0,True,2026-06-29 05:25:00+00:00,2026-06-29 05:30:00+00:00,0.0,38.6,39.2,-0.6,0.0,-0.6,-25.6,-43.6,False
SAMSUNG,50.0,0.0,True,2026-06-29 05:35:00+00:00,2026-06-29 05:40:00+00:00,0.0,30.7,26.7,4.0,0.0,4.0,-21.0,-39.0,False
SAMSUNG,50.0,0.0,True,2026-07-02 00:50:00+00:00,2026-07-07 00:00:00+00:00,5.0,57.1,88.3,-31.3,69.8,38.5,13.5,-4.5,False
SAMSUNG,50.0,0.0,True,2026-07-07 00:55:00+00:00,2026-07-08 00:00:00+00:00,1.0,76.0,24.9,51.1,29.8,81.0,56.0,38.0,False
SAMSUNG,50.0,0.0,True,2026-07-08 00:40:00+00:00,2026-07-09 00:00:00+00:00,1.0,63.5,53.9,9.6,34.0,43.5,18.5,0.5,False
SAMSUNG,50.0,0.0,True,2026-07-09 02:00:00+00:00,2026-07-10 00:00:00+00:00,0.9,45.0,51.4,-6.5,56.8,50.3,25.3,7.3,False
SAMSUNG,50.0,0.0,True,2026-07-10 00:35:00+00:00,2026-07-10 04:55:00+00:00,0.2,66.1,-9.0,75.0,0.0,75.0,50.0,32.0,False
SAMSUNG,50.0,0.0,True,2026-07-13 01:30:00+00:00,2026-07-14 00:00:00+00:00,0.9,57.2,107.5,-50.3,71.1,20.8,-4.2,-22.2,False
SAMSUNG,50.0,0.0,True,2026-07-14 00:20:00+00:00,2026-07-16 00:00:00+00:00,2.0,128.0,20.7,107.4,24.4,131.8,106.8,88.8,False
SAMSUNG,50.0,0.0,True,2026-07-28 01:50:00+00:00,2026-07-31 03:05:00+00:00,3.1,41.3,-3.3,44.6,175.7,220.3,195.3,177.3,False
SAMSUNG,50.0,-10.0,False,2026-06-02 03:30:00+00:00,2026-06-04 00:00:00+00:00,1.9,184.7,179.0,5.7,40.8,46.6,21.6,3.6,False
SAMSUNG,50.0,-10.0,False,2026-06-04 00:30:00+00:00,2026-06-05 00:00:00+00:00,1.0,136.5,120.6,15.9,32.3,48.2,23.2,5.2,False
SAMSUNG,50.0,-10.0,False,2026-06-05 00:30:00+00:00,2026-06-08 00:00:00+00:00,3.0,160.3,110.9,49.4,-7.4,41.9,16.9,-1.1,False
SAMSUNG,50.0,-10.0,False,2026-06-08 00:30:00+00:00,2026-06-10 02:40:00+00:00,2.1,45.6,-32.2,77.9,35.8,113.6,88.6,70.6,False
SAMSUNG,50.0,-10.0,False,2026-06-12 00:25:00+00:00,2026-06-15 06:10:00+00:00,3.2,90.1,-22.4,112.5,27.3,139.8,114.8,96.8,False
SAMSUNG,50.0,-10.0,False,2026-06-18 00:50:00+00:00,2026-06-22 00:00:00+00:00,4.0,63.3,101.8,-38.5,46.2,7.7,-17.3,-35.3,False
SAMSUNG,50.0,-10.0,False,2026-06-22 00:45:00+00:00,2026-06-23 00:00:00+00:00,1.0,90.9,98.8,-7.8,44.6,36.8,11.8,-6.2,False
SAMSUNG,50.0,-10.0,False,2026-06-23 00:35:00+00:00,2026-06-24 00:00:00+00:00,1.0,119.0,50.4,68.6,30.6,99.2,74.2,56.2,False
SAMSUNG,50.0,-10.0,False,2026-06-24 00:35:00+00:00,2026-06-25 00:00:00+00:00,1.0,76.8,15.1,61.6,13.9,75.5,50.5,32.5,False
SAMSUNG,50.0,-10.0,False,2026-06-25 00:55:00+00:00,2026-06-29 00:00:00+00:00,4.0,49.1,18.6,30.4,23.7,54.1,29.1,11.1,False
SAMSUNG,50.0,-10.0,False,2026-06-29 00:55:00+00:00,2026-07-01 00:00:00+00:00,2.0,92.5,5.5,87.1,21.2,108.3,83.3,65.3,False
SAMSUNG,50.0,-10.0,False,2026-07-02 00:50:00+00:00,2026-07-07 00:00:00+00:00,5.0,57.1,88.3,-31.3,69.8,38.5,13.5,-4.5,False
SAMSUNG,50.0,-10.0,False,2026-07-07 00:55:00+00:00,2026-07-08 00:00:00+00:00,1.0,76.0,24.9,51.1,29.8,81.0,56.0,38.0,False
SAMSUNG,50.0,-10.0,False,2026-07-08 00:40:00+00:00,2026-07-09 00:00:00+00:00,1.0,63.5,53.9,9.6,34.0,43.5,18.5,0.5,False
SAMSUNG,50.0,-10.0,False,2026-07-09 02:00:00+00:00,2026-07-10 00:00:00+00:00,0.9,45.0,51.4,-6.5,56.8,50.3,25.3,7.3,False
SAMSUNG,50.0,-10.0,False,2026-07-10 00:35:00+00:00,2026-07-13 00:00:00+00:00,3.0,66.1,-27.0,93.1,-1.4,91.7,66.7,48.7,False
SAMSUNG,50.0,-10.0,False,2026-07-13 01:30:00+00:00,2026-07-14 00:00:00+00:00,0.9,57.2,107.5,-50.3,71.1,20.8,-4.2,-22.2,False
SAMSUNG,50.0,-10.0,False,2026-07-14 00:20:00+00:00,2026-07-20 00:00:00+00:00,6.0,128.0,55.5,72.5,31.3,103.8,78.8,60.8,False
SAMSUNG,50.0,-10.0,False,2026-07-28 01:50:00+00:00,2026-08-03 01:55:00+00:00,6.0,41.3,-1.5,42.8,153.7,196.5,171.5,153.5,False
SAMSUNG,50.0,-10.0,True,2026-06-02 03:30:00+00:00,2026-06-04 00:00:00+00:00,1.9,184.7,179.0,5.7,40.8,46.6,21.6,3.6,False
SAMSUNG,50.0,-10.0,True,2026-06-04 00:30:00+00:00,2026-06-05 00:00:00+00:00,1.0,136.5,120.6,15.9,32.3,48.2,23.2,5.2,False
SAMSUNG,50.0,-10.0,True,2026-06-05 00:30:00+00:00,2026-06-05 00:35:00+00:00,0.0,160.3,181.5,-21.2,0.0,-21.2,-46.2,-64.2,False
SAMSUNG,50.0,-10.0,True,2026-06-05 00:40:00+00:00,2026-06-05 00:45:00+00:00,0.0,222.1,215.7,6.3,0.0,6.3,-18.7,-36.7,False
SAMSUNG,50.0,-10.0,True,2026-06-05 00:50:00+00:00,2026-06-05 00:55:00+00:00,0.0,198.8,178.7,20.2,0.0,20.2,-4.8,-22.8,False
SAMSUNG,50.0,-10.0,True,2026-06-05 01:00:00+00:00,2026-06-05 01:05:00+00:00,0.0,152.0,182.7,-30.7,0.0,-30.7,-55.7,-73.7,False
SAMSUNG,50.0,-10.0,True,2026-06-05 01:10:00+00:00,2026-06-05 01:15:00+00:00,0.0,129.9,110.5,19.4,0.0,19.4,-5.6,-23.6,False
SAMSUNG,50.0,-10.0,True,2026-06-05 01:20:00+00:00,2026-06-05 01:25:00+00:00,0.0,131.9,89.2,42.7,0.0,42.7,17.7,-0.3,False
SAMSUNG,50.0,-10.0,True,2026-06-05 01:30:00+00:00,2026-06-05 01:35:00+00:00,0.0,62.8,57.0,5.8,0.0,5.8,-19.2,-37.2,False
SAMSUNG,50.0,-10.0,True,2026-06-05 01:40:00+00:00,2026-06-05 01:45:00+00:00,0.0,41.1,88.1,-47.0,0.0,-47.0,-72.0,-90.0,False
SAMSUNG,50.0,-10.0,True,2026-06-05 01:50:00+00:00,2026-06-05 01:55:00+00:00,0.0,53.0,19.6,33.4,0.0,33.4,8.4,-9.6,False
SAMSUNG,50.0,-10.0,True,2026-06-05 02:00:00+00:00,2026-06-05 02:05:00+00:00,0.0,17.2,13.3,3.9,0.0,3.9,-21.1,-39.1,False
SAMSUNG,50.0,-10.0,True,2026-06-05 02:10:00+00:00,2026-06-05 02:15:00+00:00,0.0,44.7,61.8,-17.1,0.0,-17.1,-42.1,-60.1,False
SAMSUNG,50.0,-10.0,True,2026-06-05 04:10:00+00:00,2026-06-05 04:15:00+00:00,0.0,68.1,62.7,5.3,0.0,5.3,-19.7,-37.7,False
SAMSUNG,50.0,-10.0,True,2026-06-05 04:20:00+00:00,2026-06-05 04:25:00+00:00,0.0,38.9,64.4,-25.6,0.0,-25.6,-50.6,-68.6,False
SAMSUNG,50.0,-10.0,True,2026-06-05 04:30:00+00:00,2026-06-05 04:35:00+00:00,0.0,39.5,36.7,2.8,0.0,2.8,-22.2,-40.2,False
SAMSUNG,50.0,-10.0,True,2026-06-05 04:40:00+00:00,2026-06-05 04:45:00+00:00,0.0,59.8,27.1,32.7,0.0,32.7,7.7,-10.3,False
SAMSUNG,50.0,-10.0,True,2026-06-05 04:50:00+00:00,2026-06-05 04:55:00+00:00,0.0,41.5,42.1,-0.6,0.0,-0.6,-25.6,-43.6,False
SAMSUNG,50.0,-10.0,True,2026-06-05 05:00:00+00:00,2026-06-05 05:05:00+00:00,0.0,47.7,31.9,15.8,0.0,15.8,-9.2,-27.2,False
SAMSUNG,50.0,-10.0,True,2026-06-08 00:30:00+00:00,2026-06-10 02:40:00+00:00,2.1,45.6,-32.2,77.9,35.8,113.6,88.6,70.6,False
SAMSUNG,50.0,-10.0,True,2026-06-12 00:25:00+00:00,2026-06-15 06:10:00+00:00,3.2,90.1,-22.4,112.5,27.3,139.8,114.8,96.8,False
SAMSUNG,50.0,-10.0,True,2026-06-18 00:50:00+00:00,2026-06-22 00:00:00+00:00,4.0,63.3,101.8,-38.5,46.2,7.7,-17.3,-35.3,False
SAMSUNG,50.0,-10.0,True,2026-06-22 00:45:00+00:00,2026-06-23 00:00:00+00:00,1.0,90.9,98.8,-7.8,44.6,36.8,11.8,-6.2,False
SAMSUNG,50.0,-10.0,True,2026-06-23 00:35:00+00:00,2026-06-24 00:00:00+00:00,1.0,119.0,50.4,68.6,30.6,99.2,74.2,56.2,False
SAMSUNG,50.0,-10.0,True,2026-06-24 00:35:00+00:00,2026-06-25 00:00:00+00:00,1.0,76.8,15.1,61.6,13.9,75.5,50.5,32.5,False
SAMSUNG,50.0,-10.0,True,2026-06-25 00:55:00+00:00,2026-06-29 00:00:00+00:00,4.0,49.1,18.6,30.4,23.7,54.1,29.1,11.1,False
SAMSUNG,50.0,-10.0,True,2026-06-29 00:55:00+00:00,2026-06-29 01:00:00+00:00,0.0,92.5,107.3,-14.8,0.0,-14.8,-39.8,-57.8,False
SAMSUNG,50.0,-10.0,True,2026-06-29 01:05:00+00:00,2026-06-29 01:10:00+00:00,0.0,88.3,78.0,10.3,0.0,10.3,-14.7,-32.7,False
SAMSUNG,50.0,-10.0,True,2026-06-29 01:15:00+00:00,2026-06-29 01:20:00+00:00,0.0,88.6,80.9,7.6,0.0,7.6,-17.4,-35.4,False
SAMSUNG,50.0,-10.0,True,2026-06-29 01:25:00+00:00,2026-06-29 01:30:00+00:00,0.0,80.8,87.4,-6.6,0.0,-6.6,-31.6,-49.6,False
SAMSUNG,50.0,-10.0,True,2026-06-29 01:35:00+00:00,2026-06-29 01:40:00+00:00,0.0,103.3,88.8,14.5,0.0,14.5,-10.5,-28.5,False
SAMSUNG,50.0,-10.0,True,2026-06-29 01:45:00+00:00,2026-06-29 01:50:00+00:00,0.0,81.2,75.2,6.0,0.0,6.0,-19.0,-37.0,False
SAMSUNG,50.0,-10.0,True,2026-06-29 01:55:00+00:00,2026-06-29 02:00:00+00:00,0.0,74.9,76.2,-1.3,0.0,-1.3,-26.3,-44.3,False
SAMSUNG,50.0,-10.0,True,2026-06-29 02:05:00+00:00,2026-06-29 02:10:00+00:00,0.0,84.2,52.6,31.7,0.0,31.7,6.7,-11.3,False
SAMSUNG,50.0,-10.0,True,2026-06-29 02:15:00+00:00,2026-06-29 02:20:00+00:00,0.0,65.0,57.9,7.1,0.0,7.1,-17.9,-35.9,False
SAMSUNG,50.0,-10.0,True,2026-06-29 02:25:00+00:00,2026-06-29 02:30:00+00:00,0.0,80.7,82.1,-1.4,0.0,-1.4,-26.4,-44.4,False
SAMSUNG,50.0,-10.0,True,2026-06-29 02:35:00+00:00,2026-06-29 02:40:00+00:00,0.0,84.7,95.8,-11.0,0.0,-11.0,-36.0,-54.0,False
SAMSUNG,50.0,-10.0,True,2026-06-29 02:45:00+00:00,2026-06-29 02:50:00+00:00,0.0,76.0,80.4,-4.4,0.0,-4.4,-29.4,-47.4,False
SAMSUNG,50.0,-10.0,True,2026-06-29 02:55:00+00:00,2026-06-29 03:00:00+00:00,0.0,82.5,82.3,0.2,0.0,0.2,-24.8,-42.8,False
SAMSUNG,50.0,-10.0,True,2026-06-29 03:05:00+00:00,2026-06-29 03:10:00+00:00,0.0,85.7,79.0,6.7,0.0,6.7,-18.3,-36.3,False
SAMSUNG,50.0,-10.0,True,2026-06-29 03:15:00+00:00,2026-06-29 03:20:00+00:00,0.0,85.4,83.0,2.4,0.0,2.4,-22.6,-40.6,False
SAMSUNG,50.0,-10.0,True,2026-06-29 03:25:00+00:00,2026-06-29 03:30:00+00:00,0.0,92.9,84.1,8.8,0.0,8.8,-16.2,-34.2,False
SAMSUNG,50.0,-10.0,True,2026-06-29 03:35:00+00:00,2026-06-29 03:40:00+00:00,0.0,84.1,86.2,-2.1,0.0,-2.1,-27.1,-45.1,False
SAMSUNG,50.0,-10.0,True,2026-06-29 03:45:00+00:00,2026-06-29 03:50:00+00:00,0.0,98.7,80.0,18.7,0.0,18.7,-6.3,-24.3,False
SAMSUNG,50.0,-10.0,True,2026-06-29 03:55:00+00:00,2026-06-29 04:00:00+00:00,0.0,42.1,48.4,-6.3,0.0,-6.3,-31.3,-49.3,False
SAMSUNG,50.0,-10.0,True,2026-06-29 04:05:00+00:00,2026-06-29 04:10:00+00:00,0.0,50.8,55.1,-4.4,0.0,-4.4,-29.4,-47.4,False
SAMSUNG,50.0,-10.0,True,2026-06-29 04:15:00+00:00,2026-06-29 04:20:00+00:00,0.0,48.5,77.0,-28.5,0.0,-28.5,-53.5,-71.5,False
SAMSUNG,50.0,-10.0,True,2026-06-29 04:25:00+00:00,2026-06-29 04:30:00+00:00,0.0,63.9,64.8,-0.9,0.0,-0.9,-25.9,-43.9,False
SAMSUNG,50.0,-10.0,True,2026-06-29 04:35:00+00:00,2026-06-29 04:40:00+00:00,0.0,76.0,73.5,2.5,0.0,2.5,-22.5,-40.5,False
SAMSUNG,50.0,-10.0,True,2026-06-29 04:45:00+00:00,2026-06-29 04:50:00+00:00,0.0,84.2,73.5,10.7,0.0,10.7,-14.3,-32.3,False
SAMSUNG,50.0,-10.0,True,2026-06-29 04:55:00+00:00,2026-06-29 05:00:00+00:00,0.0,79.1,64.4,14.7,0.0,14.7,-10.3,-28.3,False
SAMSUNG,50.0,-10.0,True,2026-06-29 05:05:00+00:00,2026-06-29 05:10:00+00:00,0.0,47.5,46.4,1.1,0.0,1.1,-23.9,-41.9,False
SAMSUNG,50.0,-10.0,True,2026-06-29 05:15:00+00:00,2026-06-29 05:20:00+00:00,0.0,42.2,37.8,4.3,0.0,4.3,-20.7,-38.7,False
SAMSUNG,50.0,-10.0,True,2026-06-29 05:25:00+00:00,2026-06-29 05:30:00+00:00,0.0,38.6,39.2,-0.6,0.0,-0.6,-25.6,-43.6,False
SAMSUNG,50.0,-10.0,True,2026-06-29 05:35:00+00:00,2026-06-29 05:40:00+00:00,0.0,30.7,26.7,4.0,0.0,4.0,-21.0,-39.0,False
SAMSUNG,50.0,-10.0,True,2026-07-02 00:50:00+00:00,2026-07-07 00:00:00+00:00,5.0,57.1,88.3,-31.3,69.8,38.5,13.5,-4.5,False
SAMSUNG,50.0,-10.0,True,2026-07-07 00:55:00+00:00,2026-07-08 00:00:00+00:00,1.0,76.0,24.9,51.1,29.8,81.0,56.0,38.0,False
SAMSUNG,50.0,-10.0,True,2026-07-08 00:40:00+00:00,2026-07-09 00:00:00+00:00,1.0,63.5,53.9,9.6,34.0,43.5,18.5,0.5,False
SAMSUNG,50.0,-10.0,True,2026-07-09 02:00:00+00:00,2026-07-10 00:00:00+00:00,0.9,45.0,51.4,-6.5,56.8,50.3,25.3,7.3,False
SAMSUNG,50.0,-10.0,True,2026-07-10 00:35:00+00:00,2026-07-13 00:00:00+00:00,3.0,66.1,-27.0,93.1,-1.4,91.7,66.7,48.7,False
SAMSUNG,50.0,-10.0,True,2026-07-13 01:30:00+00:00,2026-07-14 00:00:00+00:00,0.9,57.2,107.5,-50.3,71.1,20.8,-4.2,-22.2,False
SAMSUNG,50.0,-10.0,True,2026-07-14 00:20:00+00:00,2026-07-16 00:00:00+00:00,2.0,128.0,20.7,107.4,24.4,131.8,106.8,88.8,False
SAMSUNG,50.0,-10.0,True,2026-07-28 01:50:00+00:00,2026-08-03 01:55:00+00:00,6.0,41.3,-1.5,42.8,153.7,196.5,171.5,153.5,False
