symbol,underlyingType,fundingTime,fundingRate,markPrice
TSLAUSDT,EQUITY,1779465600001,0.00000000,429.00929900
TSLAUSDT,EQUITY,1779494400001,0.00000000,423.72000000
TSLAUSDT,EQUITY,1779523200001,0.00000000,421.08000000
TSLAUSDT,EQUITY,1779552000001,0.00023006,426.08000000
TSLAUSDT,EQUITY,1779580800001,0.00033106,433.16000000
TSLAUSDT,EQUITY,1779609600001,0.00000000,433.39000000
TSLAUSDT,EQUITY,1779638400001,0.00000000,431.35487838
TSLAUSDT,EQUITY,1779667200001,0.00000000,431.21000000
TSLAUSDT,EQUITY,1779696000001,0.00000000,434.22883741
TSLAUSDT,EQUITY,1779724800001,0.00000000,433.77487020
TSLAUSDT,EQUITY,1779753600001,0.00000000,433.30225067
TSLAUSDT,EQUITY,1779782400001,0.00000000,427.77778323
TSLAUSDT,EQUITY,1779811200001,0.00000000,428.88000000
TSLAUSDT,EQUITY,1779840000001,0.00014057,435.66883237
TSLAUSDT,EQUITY,1779868800001,0.00033561,434.75594242
TSLAUSDT,EQUITY,1779897600001,0.00000000,440.75000000
TSLAUSDT,EQUITY,1779926400001,0.00000000,437.98456832
TSLAUSDT,EQUITY,1779955200001,0.00000000,434.26000000
TSLAUSDT,EQUITY,1779984000001,0.00000000,441.51975987
TSLAUSDT,EQUITY,1780012800001,0.00000000,440.37155985
TSLAUSDT,EQUITY,1780041600001,0.00000000,440.99000000
TSLAUSDT,EQUITY,1780070400001,0.00017546,435.04963434
TSLAUSDT,EQUITY,1780099200001,0.00003376,434.75053049
TSLAUSDT,EQUITY,1780128000001,0.00000000,436.65293236
TSLAUSDT,EQUITY,1780156800001,0.00000000,436.89018818
TSLAUSDT,EQUITY,1780185600001,0.00000000,435.23621001
TSLAUSDT,EQUITY,1780214400001,0.00002654,439.61000000
TSLAUSDT,EQUITY,1780243200001,0.00000000,436.12000000
TSLAUSDT,EQUITY,1780272000001,0.00000000,439.01152375
TSLAUSDT,EQUITY,1780300800001,0.00043522,431.62982129
TSLAUSDT,EQUITY,1780329600001,0.00026074,421.32890945
TSLAUSDT,EQUITY,1780358400001,0.00014963,414.03092406
TSLAUSDT,EQUITY,1780387200001,0.00065029,417.44336855
TSLAUSDT,EQUITY,1780416000001,0.00018452,422.07000000
TSLAUSDT,EQUITY,1780444800001,0.00000000,421.82140277
TSLAUSDT,EQUITY,1780473600001,0.00000000,420.46000000
TSLAUSDT,EQUITY,1780502400001,0.00000000,423.94919755
TSLAUSDT,EQUITY,1780531200001,0.00000000,420.16000000
TSLAUSDT,EQUITY,1780560000001,0.00000000,420.94520086
TSLAUSDT,EQUITY,1780588800001,0.00000000,418.93155005
TSLAUSDT,EQUITY,1780617600001,0.00000000,416.40000000
TSLAUSDT,EQUITY,1780646400001,0.00000000,417.09940682
TSLAUSDT,EQUITY,1780675200001,0.00000000,401.47000000
TSLAUSDT,EQUITY,1780704000001,0.00000000,391.00000000
TSLAUSDT,EQUITY,1780732800001,-0.00011033,385.46785728
TSLAUSDT,EQUITY,1780761600001,0.00005330,391.26149810
TSLAUSDT,EQUITY,1780790400002,0.00000000,393.91088423
TSLAUSDT,EQUITY,1780819200001,0.00000000,397.50780678
TSLAUSDT,EQUITY,1780848000001,0.00000000,394.94000000
TSLAUSDT,EQUITY,1780876800001,0.00000000,396.99428089
TSLAUSDT,EQUITY,1780905600001,0.00000000,394.45976875
TSLAUSDT,EQUITY,1780934400001,0.00000000,402.14000000
TSLAUSDT,EQUITY,1780963200001,0.00000000,408.83284600
TSLAUSDT,EQUITY,1780992000001,0.00000000,410.38305000
TSLAUSDT,EQUITY,1781020800001,0.00000000,392.30631221
TSLAUSDT,EQUITY,1781049600001,0.00000000,396.18542224
TSLAUSDT,EQUITY,1781078400001,0.00005928,393.20000000
TSLAUSDT,EQUITY,1781107200001,0.00000000,386.53000000
TSLAUSDT,EQUITY,1781136000001,0.00000000,379.07000000
TSLAUSDT,EQUITY,1781164800001,0.00000000,386.65725395
TSLAUSDT,EQUITY,1781193600001,0.00000000,386.31458583
TSLAUSDT,EQUITY,1781222400001,0.00000000,398.81274718
TSLAUSDT,EQUITY,1781251200001,0.00000000,398.08258972
TSLAUSDT,EQUITY,1781280000001,0.00000000,388.82000000
TSLAUSDT,EQUITY,1781308800001,-0.00012419,405.58109837
TSLAUSDT,EQUITY,1781337600001,0.00000000,405.02401008
TSLAUSDT,EQUITY,1781366400001,0.00005014,407.63376244
TSLAUSDT,EQUITY,1781395200001,0.00000000,406.79532643
TSLAUSDT,EQUITY,1781424000001,0.00000000,407.80000000
TSLAUSDT,EQUITY,1781452800001,0.00000000,406.56684518
TSLAUSDT,EQUITY,1781481600001,0.00036514,410.89000000
TSLAUSDT,EQUITY,1781510400002,0.00000000,411.28000000
TSLAUSDT,EQUITY,1781539200001,0.00000000,409.04000000
TSLAUSDT,EQUITY,1781568000001,0.00000000,408.98177964
TSLAUSDT,EQUITY,1781596800001,0.00000000,405.74000000
TSLAUSDT,EQUITY,1781625600001,0.00000000,405.98345543
TSLAUSDT,EQUITY,1781654400001,0.00000000,402.81605765
TSLAUSDT,EQUITY,1781683200001,0.00000000,404.29000000
TSLAUSDT,EQUITY,1781712000001,0.00000000,400.93389051
TSLAUSDT,EQUITY,1781740800001,0.00000000,397.78590058
TSLAUSDT,EQUITY,1781769600001,0.00000000,399.15000000
TSLAUSDT,EQUITY,1781798400001,0.00000000,390.73000000
TSLAUSDT,EQUITY,1781827200001,-0.00002348,398.41779615
TSLAUSDT,EQUITY,1781856000001,0.00000000,399.94000000
TSLAUSDT,EQUITY,1781884800001,0.00000000,399.26000000
TSLAUSDT,EQUITY,1781913600001,0.00000000,399.74570608
TSLAUSDT,EQUITY,1781942400001,0.00000000,402.13000000
TSLAUSDT,EQUITY,1781971200001,0.00000000,401.39000000
TSLAUSDT,EQUITY,1782000000001,0.00000000,401.48000000
TSLAUSDT,EQUITY,1782028800001,0.00000000,402.54000000
TSLAUSDT,EQUITY,1782057600001,0.00000000,402.67601530
TSLAUSDT,EQUITY,1782086400001,0.00000000,398.21000000
TSLAUSDT,EQUITY,1782115200001,0.00000000,395.20861602
TSLAUSDT,EQUITY,1782144000001,0.00000000,407.67000000
TSLAUSDT,EQUITY,1782172800001,0.00000000,403.34471622
TSLAUSDT,EQUITY,1782201600002,0.00000000,394.90924240
TSLAUSDT,EQUITY,1782230400001,0.00000000,383.89000000
TSLAUSDT,EQUITY,1782259200001,0.00033272,382.83000000
TSLAUSDT,EQUITY,1782288000001,0.00025458,383.93000000
TSLAUSDT,EQUITY,1782316800001,0.00006504,380.89000000
TSLAUSDT,EQUITY,1782345600002,0.00046607,378.39118350
TSLAUSDT,EQUITY,1782374400001,0.00041237,378.74000000
TSLAUSDT,EQUITY,1782403200001,0.00013908,375.70626395
TSLAUSDT,EQUITY,1782432000001,0.00021661,374.73870456
TSLAUSDT,EQUITY,1782460800002,0.00034084,371.09000000
TSLAUSDT,EQUITY,1782489600001,0.00003606,385.23407004
TSLAUSDT,EQUITY,1782518400001,0.00000000,378.06000000
TSLAUSDT,EQUITY,1782547200001,0.00000000,380.21000000
TSLAUSDT,EQUITY,1782576000001,0.00000000,380.83599062
TSLAUSDT,EQUITY,1782604800002,0.00000000,379.06360728
TSLAUSDT,EQUITY,1782633600002,0.00000000,380.95965635
TSLAUSDT,EQUITY,1782662400001,0.00000000,380.13316431
TSLAUSDT,EQUITY,1782691200001,0.00000000,380.93000000
TSLAUSDT,EQUITY,1782720000001,0.00029531,383.03201225
TSLAUSDT,EQUITY,1782748800001,0.00000000,400.70000000
TSLAUSDT,EQUITY,1782777600000,0.00000000,408.92146978
TSLAUSDT,EQUITY,1782806400000,0.00000000,409.47140283
TSLAUSDT,EQUITY,1782835200001,0.00000000,415.97000000
TSLAUSDT,EQUITY,1782864000000,0.00000000,416.07000000
TSLAUSDT,EQUITY,1782892800001,0.00000000,417.94028528
TSLAUSDT,EQUITY,1782921600001,0.00000000,428.46911965
TSLAUSDT,EQUITY,1782950400000,0.00000000,423.06573981
TSLAUSDT,EQUITY,1782979200001,0.00000000,423.54439815
TSLAUSDT,EQUITY,1783008000001,0.00008993,398.73000000
TSLAUSDT,EQUITY,1783036800001,0.00009565,394.78906855
TSLAUSDT,EQUITY,1783065600001,0.00000000,397.86000000
TSLAUSDT,EQUITY,1783094400001,0.00000000,400.12000000
TSLAUSDT,EQUITY,1783123200001,0.00000000,398.22804830
TSLAUSDT,EQUITY,1783152000001,0.00000000,400.19355703
TSLAUSDT,EQUITY,1783180800001,0.00000000,398.94000000
TSLAUSDT,EQUITY,1783209600002,0.00000000,400.10000000
TSLAUSDT,EQUITY,1783238400001,0.00000000,400.48000000
TSLAUSDT,EQUITY,1783267200001,0.00000000,399.72176304
TSLAUSDT,EQUITY,1783296000001,0.00000000,399.42187170
TSLAUSDT,EQUITY,1783324800001,0.00000000,399.18000000
TSLAUSDT,EQUITY,1783353600001,0.00000000,414.14435670
TSLAUSDT,EQUITY,1783382400001,0.00000000,416.89074987
TSLAUSDT,EQUITY,1783411200001,0.00000000,413.93227241
TSLAUSDT,EQUITY,1783440000001,0.00000000,407.31000000
TSLAUSDT,EQUITY,1783468800002,0.00000000,403.64843131
TSLAUSDT,EQUITY,1783497600001,0.00000000,402.77000000
TSLAUSDT,EQUITY,1783526400001,0.00000000,393.23067143
TSLAUSDT,EQUITY,1783555200001,0.00017777,394.22000000
TSLAUSDT,EQUITY,1783584000001,0.00000000,398.15999517
TSLAUSDT,EQUITY,1783612800001,0.00003940,399.55485560
TSLAUSDT,EQUITY,1783641600001,0.00000000,405.18000000
TSLAUSDT,EQUITY,1783670400001,0.00000000,404.56000000
TSLAUSDT,EQUITY,1783699200001,0.00004909,409.50000000
TSLAUSDT,EQUITY,1783728000001,0.00008630,407.85495008
TSLAUSDT,EQUITY,1783756800001,0.00000000,409.36000000
TSLAUSDT,EQUITY,1783785600001,0.00000000,408.22301838
TSLAUSDT,EQUITY,1783814400001,0.00000000,407.72316438
TSLAUSDT,EQUITY,1783843200001,0.00000000,408.78000000
TSLAUSDT,EQUITY,1783872000001,0.00000000,408.63000000
TSLAUSDT,EQUITY,1783900800001,0.00000000,405.63710042
TSLAUSDT,EQUITY,1783929600001,0.00000000,401.88867872
TSLAUSDT,EQUITY,1783958400001,0.00013870,395.87000000
TSLAUSDT,EQUITY,1783987200002,0.00010436,393.34701495
TSLAUSDT,EQUITY,1784016000001,0.00036180,395.78301095
TSLAUSDT,EQUITY,1784044800001,0.00022902,396.96899721
TSLAUSDT,EQUITY,1784073600001,0.00034830,396.13000000
TSLAUSDT,EQUITY,1784102400001,0.00020747,397.41734123
TSLAUSDT,EQUITY,1784131200001,0.00017911,395.36720764
TSLAUSDT,EQUITY,1784160000001,0.00000000,394.74000000
TSLAUSDT,EQUITY,1784188800002,0.00000000,393.87000000
TSLAUSDT,EQUITY,1784217600001,0.00000000,392.74041435
TSLAUSDT,EQUITY,1784246400001,0.00000000,388.78305290
TSLAUSDT,EQUITY,1784275200001,0.00000000,384.46000000
TSLAUSDT,EQUITY,1784304000001,0.00000000,382.66000000
TSLAUSDT,EQUITY,1784332800001,0.00000519,380.41000000
TSLAUSDT,EQUITY,1784361600001,0.00000000,381.22417668
TSLAUSDT,EQUITY,1784390400001,0.00000000,382.02553843
TSLAUSDT,EQUITY,1784419200001,0.00000000,381.62360741
TSLAUSDT,EQUITY,1784448000001,0.00000000,382.50029269
TSLAUSDT,EQUITY,1784476800001,0.00000000,382.06448781
TSLAUSDT,EQUITY,1784505600002,0.00000000,384.48000000
TSLAUSDT,EQUITY,1784534400001,0.00008059,382.03857876
TSLAUSDT,EQUITY,1784563200001,0.00000000,374.33000000
TSLAUSDT,EQUITY,1784592000001,0.00032423,370.85000000
TSLAUSDT,EQUITY,1784620800001,0.00027142,374.31000000
TSLAUSDT,EQUITY,1784649600000,0.00000000,381.08000000
TSLAUSDT,EQUITY,1784678400000,0.00000000,379.70000000
TSLAUSDT,EQUITY,1784707200001,0.00000000,377.34000000
INTCUSDT,EQUITY,1779465600001,0.00018513,121.07365285
INTCUSDT,EQUITY,1779494400001,0.00061383,118.32000000
INTCUSDT,EQUITY,1779523200001,0.00000000,117.52000000
INTCUSDT,EQUITY,1779552000001,0.00054098,119.05000000
INTCUSDT,EQUITY,1779580800001,0.00084493,122.27429975
INTCUSDT,EQUITY,1779609600001,0.00000000,122.63113794
INTCUSDT,EQUITY,1779638400001,0.00000000,122.30000000
INTCUSDT,EQUITY,1779667200001,0.00000000,122.24002752
INTCUSDT,EQUITY,1779696000001,0.00000000,123.20016655
INTCUSDT,EQUITY,1779724800001,0.00000000,124.05000000
INTCUSDT,EQUITY,1779753600001,0.00000000,123.35327036
INTCUSDT,EQUITY,1779782400001,0.00053287,121.83000000
INTCUSDT,EQUITY,1779811200001,0.00021374,121.23000000
INTCUSDT,EQUITY,1779840000001,0.00000000,123.21000000
INTCUSDT,EQUITY,1779868800001,0.00000000,122.42513532
INTCUSDT,EQUITY,1779897600001,0.00028792,118.69000000
INTCUSDT,EQUITY,1779926400001,0.00000000,119.67880718
INTCUSDT,EQUITY,1779955200001,0.00000000,119.01929050
INTCUSDT,EQUITY,1779984000001,0.00026228,120.78797387
INTCUSDT,EQUITY,1780012800001,0.00014355,121.00000000
INTCUSDT,EQUITY,1780041600001,0.00012997,121.10502968
INTCUSDT,EQUITY,1780070400001,0.00043918,117.99255648
INTCUSDT,EQUITY,1780099200001,0.00043104,115.56000000
INTCUSDT,EQUITY,1780128000001,0.00012147,116.05000000
INTCUSDT,EQUITY,1780156800001,0.00000000,115.54000000
INTCUSDT,EQUITY,1780185600001,0.00000000,116.34618323
INTCUSDT,EQUITY,1780214400001,0.00000000,115.56778976
INTCUSDT,EQUITY,1780243200001,0.00000000,115.65543327
INTCUSDT,EQUITY,1780272000001,0.00000000,115.95000000
INTCUSDT,EQUITY,1780300800001,0.00004202,113.92309323
INTCUSDT,EQUITY,1780329600001,0.00022920,111.03000000
INTCUSDT,EQUITY,1780358400001,0.00030854,108.77000000
INTCUSDT,EQUITY,1780387200001,0.00041315,107.48000000
INTCUSDT,EQUITY,1780416000001,0.00031149,108.41000000
INTCUSDT,EQUITY,1780444800001,0.00005747,106.22000000
INTCUSDT,EQUITY,1780473600001,0.00037778,108.54969973
INTCUSDT,EQUITY,1780502400001,0.00011166,112.36000000
INTCUSDT,EQUITY,1780531200001,0.00000000,110.66468531
INTCUSDT,EQUITY,1780560000001,0.00006211,112.75000000
INTCUSDT,EQUITY,1780588800001,0.00000000,110.48183987
INTCUSDT,EQUITY,1780617600001,0.00000000,109.88478409
INTCUSDT,EQUITY,1780646400001,0.00000000,108.51290893
INTCUSDT,EQUITY,1780675200001,0.00000000,103.67000000
INTCUSDT,EQUITY,1780704000001,0.00000000,96.92180296
INTCUSDT,EQUITY,1780732800001,0.00000000,95.29000000
INTCUSDT,EQUITY,1780761600001,0.00000000,96.83000000
INTCUSDT,EQUITY,1780790400002,0.00005165,97.98744088
INTCUSDT,EQUITY,1780819200001,0.00056634,100.02456827
INTCUSDT,EQUITY,1780848000001,0.00017981,100.41000000
INTCUSDT,EQUITY,1780876800001,0.00000000,101.14058121
INTCUSDT,EQUITY,1780905600001,0.00000000,100.12000000
INTCUSDT,EQUITY,1780934400001,0.00012331,111.43000000
INTCUSDT,EQUITY,1780963200001,0.00000000,109.89000000
INTCUSDT,EQUITY,1780992000001,0.00000000,112.31000000
INTCUSDT,EQUITY,1781020800001,0.00000000,103.81000000
INTCUSDT,EQUITY,1781049600001,0.00000000,107.11000000
INTCUSDT,EQUITY,1781078400001,0.00000000,106.21723703
INTCUSDT,EQUITY,1781107200001,0.00000000,107.38842390
INTCUSDT,EQUITY,1781136000001,0.00000000,105.11000000
INTCUSDT,EQUITY,1781164800001,0.00000000,109.75000000
INTCUSDT,EQUITY,1781193600001,0.00009898,113.06000000
INTCUSDT,EQUITY,1781222400001,0.00001980,118.61815277
INTCUSDT,EQUITY,1781251200001,0.00028008,116.60124176
INTCUSDT,EQUITY,1781280000001,0.00023187,121.39093042
INTCUSDT,EQUITY,1781308800001,0.00026165,125.43000000
INTCUSDT,EQUITY,1781337600001,0.00000000,124.93354112
INTCUSDT,EQUITY,1781366400001,0.00000000,125.51601314
INTCUSDT,EQUITY,1781395200001,0.00009238,126.70353479
INTCUSDT,EQUITY,1781424000001,0.00000000,127.03762715
INTCUSDT,EQUITY,1781452800001,0.00000000,127.73000000
INTCUSDT,EQUITY,1781481600001,0.00139184,131.23541247
INTCUSDT,EQUITY,1781510400002,0.00050124,129.59000000
INTCUSDT,EQUITY,1781539200001,0.00008129,128.33944111
INTCUSDT,EQUITY,1781568000001,0.00000000,126.03000000
INTCUSDT,EQUITY,1781596800001,0.00000000,126.29859513
INTCUSDT,EQUITY,1781625600001,0.00000000,119.77504632
INTCUSDT,EQUITY,1781654400001,0.00012306,118.41343848
INTCUSDT,EQUITY,1781683200001,0.00043322,121.46938207
INTCUSDT,EQUITY,1781712000001,0.00021254,121.29968223
INTCUSDT,EQUITY,1781740800001,0.00013333,124.50576492
INTCUSDT,EQUITY,1781769600001,0.00025051,129.81000000
INTCUSDT,EQUITY,1781798400001,0.00046428,133.09000000
INTCUSDT,EQUITY,1781827200001,0.00039653,134.30000000
INTCUSDT,EQUITY,1781856000001,-0.00010074,133.60000000
INTCUSDT,EQUITY,1781884800001,-0.00025752,132.64039189
INTCUSDT,EQUITY,1781913600001,0.00023024,134.28803925
INTCUSDT,EQUITY,1781942400001,0.00099231,138.09465616
INTCUSDT,EQUITY,1781971200001,0.00000000,137.61000000
INTCUSDT,EQUITY,1782000000001,0.00000000,137.61789024
INTCUSDT,EQUITY,1782028800001,0.00000000,138.68579417
INTCUSDT,EQUITY,1782057600001,0.00000000,138.36000000
INTCUSDT,EQUITY,1782086400001,-0.00117972,134.98000000
INTCUSDT,EQUITY,1782115200001,0.00135487,139.86000000
INTCUSDT,EQUITY,1782144000001,0.00060889,138.00200736
INTCUSDT,EQUITY,1782172800001,0.00019619,139.20280922
INTCUSDT,EQUITY,1782201600002,0.00000000,130.79774359
INTCUSDT,EQUITY,1782230400001,0.00003762,135.46636683
INTCUSDT,EQUITY,1782259200001,0.00016606,132.92948007
INTCUSDT,EQUITY,1782288000001,0.00038630,134.85035544
INTCUSDT,EQUITY,1782316800001,0.00024021,134.89260760
INTCUSDT,EQUITY,1782345600002,0.00039535,138.76083896
INTCUSDT,EQUITY,1782374400001,0.00024784,139.33000000
INTCUSDT,EQUITY,1782403200001,0.00017772,129.11000000
INTCUSDT,EQUITY,1782432000001,0.00025784,131.96389595
INTCUSDT,EQUITY,1782460800002,0.00011514,129.06000000
INTCUSDT,EQUITY,1782489600001,0.00017036,128.99000000
INTCUSDT,EQUITY,1782518400001,0.00027777,127.72000000
INTCUSDT,EQUITY,1782547200001,0.00000000,128.33000000
INTCUSDT,EQUITY,1782576000001,0.00000000,127.88764601
INTCUSDT,EQUITY,1782604800002,-0.00004130,126.88000000
INTCUSDT,EQUITY,1782633600002,0.00001001,127.78734110
INTCUSDT,EQUITY,1782662400001,0.00000000,127.84000000
INTCUSDT,EQUITY,1782691200001,0.00000000,128.48000000
INTCUSDT,EQUITY,1782720000001,0.00035261,129.77109859
INTCUSDT,EQUITY,1782748800001,0.00025791,126.23000000
INTCUSDT,EQUITY,1782777600000,0.00037322,131.81000000
INTCUSDT,EQUITY,1782806400000,0.00025477,131.88456482
INTCUSDT,EQUITY,1782835200001,0.00013527,140.05947442
INTCUSDT,EQUITY,1782864000000,0.00005220,139.49000000
INTCUSDT,EQUITY,1782892800001,0.00000000,138.75484235
INTCUSDT,EQUITY,1782921600001,0.00016940,128.81017556
INTCUSDT,EQUITY,1782950400000,0.00031200,127.30000000
INTCUSDT,EQUITY,1782979200001,0.00000087,123.99478669
INTCUSDT,EQUITY,1783008000001,0.00000000,123.66039117
INTCUSDT,EQUITY,1783036800001,0.00000000,121.00000000
INTCUSDT,EQUITY,1783065600001,0.00032688,122.70355465
INTCUSDT,EQUITY,1783094400001,0.00000000,123.44000000
INTCUSDT,EQUITY,1783123200001,0.00000000,122.78075191
INTCUSDT,EQUITY,1783152000001,0.00011449,124.68000000
INTCUSDT,EQUITY,1783180800001,-0.00005742,123.81593225
INTCUSDT,EQUITY,1783209600002,0.00000000,124.23000000
INTCUSDT,EQUITY,1783238400001,0.00000000,124.15049520
INTCUSDT,EQUITY,1783267200001,0.00000000,124.13000000
INTCUSDT,EQUITY,1783296000001,-0.00019751,122.95365369
INTCUSDT,EQUITY,1783324800001,0.00000000,123.84351152
INTCUSDT,EQUITY,1783353600001,0.00000000,124.60000000
INTCUSDT,EQUITY,1783382400001,0.00000000,121.17000000
INTCUSDT,EQUITY,1783411200001,0.00000000,118.23000000
INTCUSDT,EQUITY,1783440000001,0.00012863,109.78000000
INTCUSDT,EQUITY,1783468800002,0.00000109,108.26753727
INTCUSDT,EQUITY,1783497600001,0.00016994,109.44000000
INTCUSDT,EQUITY,1783526400001,0.00000000,105.08000000
INTCUSDT,EQUITY,1783555200001,0.00009209,110.32000000
INTCUSDT,EQUITY,1783584000001,0.00005041,114.14000000
INTCUSDT,EQUITY,1783612800001,0.00010476,113.24040491
INTCUSDT,EQUITY,1783641600001,0.00000000,112.68000000
INTCUSDT,EQUITY,1783670400001,0.00000000,109.66402624
INTCUSDT,EQUITY,1783699200001,0.00000000,109.29000000
INTCUSDT,EQUITY,1783728000001,0.00009300,109.68935104
INTCUSDT,EQUITY,1783756800001,0.00137382,112.03000000
INTCUSDT,EQUITY,1783785600001,-0.00012608,111.52723192
INTCUSDT,EQUITY,1783814400001,-0.00000234,111.38124531
INTCUSDT,EQUITY,1783843200001,0.00000000,112.18000000
INTCUSDT,EQUITY,1783872000001,0.00000000,111.13000000
INTCUSDT,EQUITY,1783900800001,-0.00028711,109.90000000
INTCUSDT,EQUITY,1783929600001,0.00000000,105.74000000
INTCUSDT,EQUITY,1783958400001,0.00008077,104.27000000
INTCUSDT,EQUITY,1783987200002,0.00006731,102.43000000
INTCUSDT,EQUITY,1784016000001,0.00008410,105.39722547
INTCUSDT,EQUITY,1784044800001,0.00004940,106.73000000
INTCUSDT,EQUITY,1784073600001,0.00000000,108.91000000
INTCUSDT,EQUITY,1784102400001,0.00000000,112.57000000
INTCUSDT,EQUITY,1784131200001,0.00000000,100.88000000
INTCUSDT,EQUITY,1784160000001,0.00000000,103.24696417
INTCUSDT,EQUITY,1784188800002,0.00000000,101.58869709
INTCUSDT,EQUITY,1784217600001,0.00000000,98.25620020
INTCUSDT,EQUITY,1784246400001,0.00000000,95.27767446
INTCUSDT,EQUITY,1784275200001,0.00005548,92.55000000
INTCUSDT,EQUITY,1784304000001,0.00000000,95.49474536
INTCUSDT,EQUITY,1784332800001,0.00000000,94.03031560
INTCUSDT,EQUITY,1784361600001,0.00000000,93.94714980
INTCUSDT,EQUITY,1784390400001,0.00000000,93.66000000
INTCUSDT,EQUITY,1784419200001,0.00000000,92.81323724
INTCUSDT,EQUITY,1784448000001,0.00000000,93.77073652
INTCUSDT,EQUITY,1784476800001,0.00000000,93.77000000
INTCUSDT,EQUITY,1784505600002,0.00048418,94.92578795
INTCUSDT,EQUITY,1784534400001,0.00000000,96.08754105
INTCUSDT,EQUITY,1784563200001,0.00000000,98.65000000
INTCUSDT,EQUITY,1784592000001,0.00000000,97.65000000
INTCUSDT,EQUITY,1784620800001,0.00015760,101.54000000
INTCUSDT,EQUITY,1784649600000,0.00000000,103.71745281
INTCUSDT,EQUITY,1784678400000,0.00000000,106.14409829
INTCUSDT,EQUITY,1784707200001,0.00000000,102.28141695
HOODUSDT,EQUITY,1779465600001,0.00000000,74.40099321
HOODUSDT,EQUITY,1779494400001,0.00000000,73.36000000
HOODUSDT,EQUITY,1779523200001,0.00000000,72.85349338
HOODUSDT,EQUITY,1779552000001,0.00034914,73.87075121
HOODUSDT,EQUITY,1779580800001,0.00044301,75.41643894
HOODUSDT,EQUITY,1779609600001,0.00000000,75.26798939
HOODUSDT,EQUITY,1779638400001,0.00000000,74.97000000
HOODUSDT,EQUITY,1779667200001,0.00000000,75.02971395
HOODUSDT,EQUITY,1779696000001,0.00000000,75.65647064
HOODUSDT,EQUITY,1779724800001,0.00000000,75.71288625
HOODUSDT,EQUITY,1779753600001,0.00000000,75.53000000
HOODUSDT,EQUITY,1779782400001,0.00000000,74.42000000
HOODUSDT,EQUITY,1779811200001,0.00000000,74.32414848
HOODUSDT,EQUITY,1779840000001,0.00021543,73.96938746
HOODUSDT,EQUITY,1779868800001,0.00000000,74.41758065
HOODUSDT,EQUITY,1779897600001,0.00000000,75.02886165
HOODUSDT,EQUITY,1779926400001,0.00000000,76.19000000
HOODUSDT,EQUITY,1779955200001,0.00000000,75.72837867
HOODUSDT,EQUITY,1779984000001,0.00000000,80.30000000
HOODUSDT,EQUITY,1780012800001,0.00000000,85.26000000
HOODUSDT,EQUITY,1780041600001,0.00000000,85.59000000
HOODUSDT,EQUITY,1780070400001,0.00000000,93.01000000
HOODUSDT,EQUITY,1780099200001,0.00000000,94.11089286
HOODUSDT,EQUITY,1780128000001,0.00000000,94.81000000
HOODUSDT,EQUITY,1780156800001,0.00000000,95.02000000
HOODUSDT,EQUITY,1780185600001,0.00000000,94.33847045
HOODUSDT,EQUITY,1780214400001,0.00032823,96.07184297
HOODUSDT,EQUITY,1780243200001,0.00000000,96.03000000
HOODUSDT,EQUITY,1780272000001,0.00000000,95.68000000
HOODUSDT,EQUITY,1780300800001,0.00000000,94.51419355
HOODUSDT,EQUITY,1780329600001,0.00000000,91.02000000
HOODUSDT,EQUITY,1780358400001,0.00000000,90.10053955
HOODUSDT,EQUITY,1780387200001,0.00000000,89.30135000
HOODUSDT,EQUITY,1780416000001,0.00000000,87.27000000
HOODUSDT,EQUITY,1780444800001,0.00000000,87.11762125
HOODUSDT,EQUITY,1780473600001,0.00000000,88.05000000
HOODUSDT,EQUITY,1780502400001,0.00000000,83.25000000
HOODUSDT,EQUITY,1780531200001,0.00000000,80.78515358
HOODUSDT,EQUITY,1780560000001,0.00000000,82.48000000
HOODUSDT,EQUITY,1780588800001,0.00000000,85.50000000
HOODUSDT,EQUITY,1780617600001,0.00000000,87.25501976
HOODUSDT,EQUITY,1780646400001,0.00000000,86.68000000
HOODUSDT,EQUITY,1780675200001,0.00000000,82.97000000
HOODUSDT,EQUITY,1780704000001,0.00001539,81.40000000
HOODUSDT,EQUITY,1780732800001,-0.00011309,79.88000000
HOODUSDT,EQUITY,1780761600001,0.00000000,80.90472489
HOODUSDT,EQUITY,1780790400002,0.00000000,81.28782836
HOODUSDT,EQUITY,1780819200001,0.00013356,82.44000000
HOODUSDT,EQUITY,1780848000001,0.00000000,81.90574808
HOODUSDT,EQUITY,1780876800001,0.00000000,82.41000000
HOODUSDT,EQUITY,1780905600001,0.00000000,83.07817012
HOODUSDT,EQUITY,1780934400001,0.00000000,84.68000000
HOODUSDT,EQUITY,1780963200001,0.00000000,84.82530647
HOODUSDT,EQUITY,1780992000001,0.00000000,85.47000000
HOODUSDT,EQUITY,1781020800001,0.00000000,81.07118930
HOODUSDT,EQUITY,1781049600001,0.00000000,82.97000000
HOODUSDT,EQUITY,1781078400001,0.00000000,83.67139733
HOODUSDT,EQUITY,1781107200001,0.00000000,88.66000000
HOODUSDT,EQUITY,1781136000001,0.00000000,85.35000000
HOODUSDT,EQUITY,1781164800001,0.00000000,88.08872150
HOODUSDT,EQUITY,1781193600001,0.00000000,89.11438363
HOODUSDT,EQUITY,1781222400001,0.00016454,92.95373012
HOODUSDT,EQUITY,1781251200001,0.00000000,92.16000000
HOODUSDT,EQUITY,1781280000001,0.00000000,93.04580190
HOODUSDT,EQUITY,1781308800001,0.00023852,93.07584656
HOODUSDT,EQUITY,1781337600001,0.00000000,92.82708909
HOODUSDT,EQUITY,1781366400001,0.00000000,93.57000000
HOODUSDT,EQUITY,1781395200001,0.00000000,93.74577086
HOODUSDT,EQUITY,1781424000001,0.00000000,94.14567241
HOODUSDT,EQUITY,1781452800001,0.00000000,93.86308115
HOODUSDT,EQUITY,1781481600001,0.00023449,94.72802102
HOODUSDT,EQUITY,1781510400002,0.00000000,97.04629307
HOODUSDT,EQUITY,1781539200001,0.00000000,100.73256991
HOODUSDT,EQUITY,1781568000001,0.00000000,97.64039344
HOODUSDT,EQUITY,1781596800001,0.00009403,97.75187761
HOODUSDT,EQUITY,1781625600001,0.00000000,95.04635918
HOODUSDT,EQUITY,1781654400001,0.00000000,96.26658467
HOODUSDT,EQUITY,1781683200001,0.00000000,97.33365941
HOODUSDT,EQUITY,1781712000001,0.00000000,107.82000000
HOODUSDT,EQUITY,1781740800001,0.00015686,106.42377194
HOODUSDT,EQUITY,1781769600001,0.00012016,107.99505801
HOODUSDT,EQUITY,1781798400001,0.00024804,105.96000000
HOODUSDT,EQUITY,1781827200001,0.00087564,108.10000000
HOODUSDT,EQUITY,1781856000001,0.00000000,107.09574044
HOODUSDT,EQUITY,1781884800001,0.00000000,107.48000000
HOODUSDT,EQUITY,1781913600001,0.00000000,107.76086557
HOODUSDT,EQUITY,1781942400001,0.00009963,108.75484651
HOODUSDT,EQUITY,1781971200001,0.00000000,108.12000000
HOODUSDT,EQUITY,1782000000001,0.00000000,108.34854810
HOODUSDT,EQUITY,1782028800001,0.00000000,108.77000000
HOODUSDT,EQUITY,1782057600001,0.00000000,108.46440206
HOODUSDT,EQUITY,1782086400001,-0.00027886,107.18000000
HOODUSDT,EQUITY,1782115200001,0.00044795,107.90516129
HOODUSDT,EQUITY,1782144000001,0.00033078,108.82393997
HOODUSDT,EQUITY,1782172800001,0.00018068,105.03000000
HOODUSDT,EQUITY,1782201600002,0.00000000,99.74911277
HOODUSDT,EQUITY,1782230400001,0.00000000,105.01482645
HOODUSDT,EQUITY,1782259200001,0.00016202,103.26000000
HOODUSDT,EQUITY,1782288000001,0.00000000,103.77449166
HOODUSDT,EQUITY,1782316800001,0.00000000,100.04672082
HOODUSDT,EQUITY,1782345600002,0.00009089,98.98000000
HOODUSDT,EQUITY,1782374400001,0.00006908,99.40000000
HOODUSDT,EQUITY,1782403200001,0.00003921,94.97000000
HOODUSDT,EQUITY,1782432000001,0.00000000,93.22436040
HOODUSDT,EQUITY,1782460800002,0.00000080,92.81351484
HOODUSDT,EQUITY,1782489600001,0.00009070,97.85795355
HOODUSDT,EQUITY,1782518400001,0.00017848,98.26000000
HOODUSDT,EQUITY,1782547200001,0.00000000,98.86665401
HOODUSDT,EQUITY,1782576000001,0.00000000,99.06000000
HOODUSDT,EQUITY,1782604800002,0.00000000,98.67000000
HOODUSDT,EQUITY,1782633600002,0.00000000,98.52010562
HOODUSDT,EQUITY,1782662400001,0.00000000,98.65000000
HOODUSDT,EQUITY,1782691200001,0.00000000,98.80835569
HOODUSDT,EQUITY,1782720000001,0.00000000,100.10000000
HOODUSDT,EQUITY,1782748800001,0.00005981,100.42000000
HOODUSDT,EQUITY,1782777600000,0.00040750,102.32000000
HOODUSDT,EQUITY,1782806400000,0.00012248,102.03000000
HOODUSDT,EQUITY,1782835200001,0.00000000,101.60938155
HOODUSDT,EQUITY,1782864000000,0.00012229,100.44000000
HOODUSDT,EQUITY,1782892800001,0.00002888,100.00000000
HOODUSDT,EQUITY,1782921600001,0.00000000,108.26000000
HOODUSDT,EQUITY,1782950400000,0.00000000,108.02370683
HOODUSDT,EQUITY,1782979200001,0.00000000,107.64395998
HOODUSDT,EQUITY,1783008000001,0.00011829,113.50934142
HOODUSDT,EQUITY,1783036800001,0.00000000,112.05324531
HOODUSDT,EQUITY,1783065600001,0.00000000,111.75000000
HOODUSDT,EQUITY,1783094400001,0.00000000,112.12000000
HOODUSDT,EQUITY,1783123200001,0.00000000,112.51000000
HOODUSDT,EQUITY,1783152000001,0.00000000,112.94249670
HOODUSDT,EQUITY,1783180800001,0.00000000,113.14000000
HOODUSDT,EQUITY,1783209600002,0.00000000,114.15473813
HOODUSDT,EQUITY,1783238400001,0.00000000,114.47000000
HOODUSDT,EQUITY,1783267200001,0.00000000,114.75000000
HOODUSDT,EQUITY,1783296000001,0.00000000,114.53132542
HOODUSDT,EQUITY,1783324800001,0.00002264,114.86000000
HOODUSDT,EQUITY,1783353600001,0.00000000,118.37738417
HOODUSDT,EQUITY,1783382400001,0.00001835,117.19000000
HOODUSDT,EQUITY,1783411200001,0.00000000,116.87240975
HOODUSDT,EQUITY,1783440000001,0.00000280,114.75000000
HOODUSDT,EQUITY,1783468800002,0.00000000,111.46000000
HOODUSDT,EQUITY,1783497600001,0.00025231,111.60380560
HOODUSDT,EQUITY,1783526400001,0.00000000,109.56690076
HOODUSDT,EQUITY,1783555200001,0.00060907,113.62770179
HOODUSDT,EQUITY,1783584000001,0.00000000,114.63728276
HOODUSDT,EQUITY,1783612800001,0.00000000,117.22917895
HOODUSDT,EQUITY,1783641600001,0.00000000,115.32498024
HOODUSDT,EQUITY,1783670400001,0.00000000,115.71000000
HOODUSDT,EQUITY,1783699200001,0.00011902,112.97000000
HOODUSDT,EQUITY,1783728000001,-0.00013763,111.53000000
HOODUSDT,EQUITY,1783756800001,0.00000000,111.54582030
HOODUSDT,EQUITY,1783785600001,0.00000000,111.93137283
HOODUSDT,EQUITY,1783814400001,0.00000000,111.72000000
HOODUSDT,EQUITY,1783843200001,0.00000000,111.97603139
HOODUSDT,EQUITY,1783872000001,0.00000000,112.70000000
HOODUSDT,EQUITY,1783900800001,0.00000000,112.10000000
HOODUSDT,EQUITY,1783929600001,0.00000000,110.40000000
HOODUSDT,EQUITY,1783958400001,0.00000000,110.99464890
HOODUSDT,EQUITY,1783987200002,0.00000000,108.77000000
HOODUSDT,EQUITY,1784016000001,0.00000000,110.68932944
HOODUSDT,EQUITY,1784044800001,0.00002406,109.84000000
HOODUSDT,EQUITY,1784073600001,0.00027561,114.44000000
HOODUSDT,EQUITY,1784102400001,0.00000000,113.97247860
HOODUSDT,EQUITY,1784131200001,0.00000000,114.97000000
HOODUSDT,EQUITY,1784160000001,0.00000000,115.60000000
HOODUSDT,EQUITY,1784188800002,0.00000000,114.34000000
HOODUSDT,EQUITY,1784217600001,0.00000000,110.72000000
HOODUSDT,EQUITY,1784246400001,0.00000000,104.70000000
HOODUSDT,EQUITY,1784275200001,0.00000000,102.61427851
HOODUSDT,EQUITY,1784304000001,0.00000000,102.24616313
HOODUSDT,EQUITY,1784332800001,0.00000000,99.79405931
HOODUSDT,EQUITY,1784361600001,0.00000000,99.66520497
HOODUSDT,EQUITY,1784390400001,0.00000000,99.54755311
HOODUSDT,EQUITY,1784419200001,0.00000000,99.71000000
HOODUSDT,EQUITY,1784448000001,0.00000000,99.96000000
HOODUSDT,EQUITY,1784476800001,0.00000000,99.47968240
HOODUSDT,EQUITY,1784505600002,0.00029299,100.53000000
HOODUSDT,EQUITY,1784534400001,0.00000000,100.48000000
HOODUSDT,EQUITY,1784563200001,0.00000000,101.33482919
HOODUSDT,EQUITY,1784592000001,0.00000000,99.34000000
HOODUSDT,EQUITY,1784620800001,0.00000000,101.08000000
HOODUSDT,EQUITY,1784649600000,0.00000000,107.72000000
HOODUSDT,EQUITY,1784678400000,0.00000000,107.14000000
HOODUSDT,EQUITY,1784707200001,0.00000000,105.37000000
MSTRUSDT,EQUITY,1779465600001,-0.00032606,162.43125442
MSTRUSDT,EQUITY,1779494400001,0.00000000,158.65000000
MSTRUSDT,EQUITY,1779523200001,-0.00062431,155.61000000
MSTRUSDT,EQUITY,1779552000001,0.00080124,157.68940448
MSTRUSDT,EQUITY,1779580800001,0.00081956,161.99873514
MSTRUSDT,EQUITY,1779609600001,0.00000000,162.66758392
MSTRUSDT,EQUITY,1779638400001,-0.00040140,161.55000000
MSTRUSDT,EQUITY,1779667200001,0.00010753,163.00283600
MSTRUSDT,EQUITY,1779696000001,0.00009027,164.89701740
MSTRUSDT,EQUITY,1779724800001,0.00000000,165.22000000
MSTRUSDT,EQUITY,1779753600001,0.00000000,164.65832056
MSTRUSDT,EQUITY,1779782400001,0.00003845,161.84392177
MSTRUSDT,EQUITY,1779811200001,0.00000000,163.47623779
MSTRUSDT,EQUITY,1779840000001,0.00000000,159.97000000
MSTRUSDT,EQUITY,1779868800001,0.00008378,159.88209500
MSTRUSDT,EQUITY,1779897600001,0.00007737,155.26398702
MSTRUSDT,EQUITY,1779926400001,-0.00002737,152.15000000
MSTRUSDT,EQUITY,1779955200001,0.00000000,150.71195986
MSTRUSDT,EQUITY,1779984000001,0.00000000,147.52103006
MSTRUSDT,EQUITY,1780012800001,0.00000000,151.93000000
MSTRUSDT,EQUITY,1780041600001,0.00000000,152.02729661
MSTRUSDT,EQUITY,1780070400001,0.00000000,160.90000000
MSTRUSDT,EQUITY,1780099200001,-0.00021676,158.96689385
MSTRUSDT,EQUITY,1780128000001,0.00000000,159.15540856
MSTRUSDT,EQUITY,1780156800001,0.00000000,159.99000000
MSTRUSDT,EQUITY,1780185600001,0.00000000,159.82834241
MSTRUSDT,EQUITY,1780214400001,0.00000000,160.20000000
MSTRUSDT,EQUITY,1780243200001,0.00000000,159.31000000
MSTRUSDT,EQUITY,1780272000001,0.00000000,159.59187088
MSTRUSDT,EQUITY,1780300800001,0.00000000,156.60597032
MSTRUSDT,EQUITY,1780329600001,0.00000000,150.41840476
MSTRUSDT,EQUITY,1780358400001,0.00000000,149.14049697
MSTRUSDT,EQUITY,1780387200001,0.00000000,146.81000000
MSTRUSDT,EQUITY,1780416000001,0.00000000,136.27000000
MSTRUSDT,EQUITY,1780444800001,0.00000000,134.99971877
MSTRUSDT,EQUITY,1780473600001,0.00000000,137.21931560
MSTRUSDT,EQUITY,1780502400001,0.00000000,130.66000000
MSTRUSDT,EQUITY,1780531200001,0.00000000,124.12673333
MSTRUSDT,EQUITY,1780560000001,-0.00038222,126.77000000
MSTRUSDT,EQUITY,1780588800001,0.00000000,128.79000000
MSTRUSDT,EQUITY,1780617600001,0.00000000,129.38130625
MSTRUSDT,EQUITY,1780646400001,0.00000000,127.95798253
MSTRUSDT,EQUITY,1780675200001,0.00007666,117.07000000
MSTRUSDT,EQUITY,1780704000001,0.00072622,120.20000000
MSTRUSDT,EQUITY,1780732800001,-0.00010625,118.33095165
MSTRUSDT,EQUITY,1780761600001,0.00000000,118.57034012
MSTRUSDT,EQUITY,1780790400002,0.00000000,118.53000000
MSTRUSDT,EQUITY,1780819200001,0.00140582,122.79000000
MSTRUSDT,EQUITY,1780848000001,0.00000000,123.65728091
MSTRUSDT,EQUITY,1780876800001,0.00130557,124.80000000
MSTRUSDT,EQUITY,1780905600001,0.00000000,124.25826539
MSTRUSDT,EQUITY,1780934400001,0.00000000,127.10000000
MSTRUSDT,EQUITY,1780963200001,0.00000000,126.27000000
MSTRUSDT,EQUITY,1780992000001,0.00000000,127.10750000
MSTRUSDT,EQUITY,1781020800001,0.00000000,116.11000000
MSTRUSDT,EQUITY,1781049600001,0.00003198,116.54441843
MSTRUSDT,EQUITY,1781078400001,0.00000000,116.37786653
MSTRUSDT,EQUITY,1781107200001,0.00000000,119.30789767
MSTRUSDT,EQUITY,1781136000001,0.00000000,113.99084661
MSTRUSDT,EQUITY,1781164800001,0.00018457,118.15000000
MSTRUSDT,EQUITY,1781193600001,0.00002219,115.18903215
MSTRUSDT,EQUITY,1781222400001,0.00000000,120.38161704
MSTRUSDT,EQUITY,1781251200001,0.00000000,118.79000000
MSTRUSDT,EQUITY,1781280000001,0.00000000,123.32000000
MSTRUSDT,EQUITY,1781308800001,0.00000000,124.29700961
MSTRUSDT,EQUITY,1781337600001,0.00000000,124.55805363
MSTRUSDT,EQUITY,1781366400001,0.00037485,126.32000000
MSTRUSDT,EQUITY,1781395200001,0.00026912,127.33915224
MSTRUSDT,EQUITY,1781424000001,0.00000000,127.25000000
MSTRUSDT,EQUITY,1781452800001,-0.00035193,126.10639316
MSTRUSDT,EQUITY,1781481600001,0.00308443,131.55000000
MSTRUSDT,EQUITY,1781510400002,0.00017663,131.46000000
MSTRUSDT,EQUITY,1781539200001,0.00011108,135.37634878
MSTRUSDT,EQUITY,1781568000001,0.00000000,129.99270177
MSTRUSDT,EQUITY,1781596800001,0.00000000,130.95000000
MSTRUSDT,EQUITY,1781625600001,0.00003191,125.55476558
MSTRUSDT,EQUITY,1781654400001,0.00012687,123.06000000
MSTRUSDT,EQUITY,1781683200001,0.00000000,123.65428567
MSTRUSDT,EQUITY,1781712000001,0.00022518,123.91000000
MSTRUSDT,EQUITY,1781740800001,0.00000000,118.74562337
MSTRUSDT,EQUITY,1781769600001,0.00000000,119.14000000
MSTRUSDT,EQUITY,1781798400001,0.00000000,110.58302673
MSTRUSDT,EQUITY,1781827200001,0.00000000,112.22000000
MSTRUSDT,EQUITY,1781856000001,0.00000000,112.23000000
MSTRUSDT,EQUITY,1781884800001,0.00037249,112.83000000
MSTRUSDT,EQUITY,1781913600001,0.00024070,114.44126674
MSTRUSDT,EQUITY,1781942400001,0.00000000,114.21000000
MSTRUSDT,EQUITY,1781971200001,0.00108629,116.98883787
MSTRUSDT,EQUITY,1782000000001,0.00054267,117.99525514
MSTRUSDT,EQUITY,1782028800001,0.00000000,117.45000000
MSTRUSDT,EQUITY,1782057600001,0.00000000,117.15233018
MSTRUSDT,EQUITY,1782086400001,-0.00113715,114.24000000
MSTRUSDT,EQUITY,1782115200001,0.00000000,114.05668880
MSTRUSDT,EQUITY,1782144000001,0.00009586,111.97736677
MSTRUSDT,EQUITY,1782172800001,0.00123047,110.33000000
MSTRUSDT,EQUITY,1782201600002,0.00065816,106.46931819
MSTRUSDT,EQUITY,1782230400001,0.00000000,106.45365871
MSTRUSDT,EQUITY,1782259200001,0.00068157,104.78523665
MSTRUSDT,EQUITY,1782288000001,0.00016944,105.04000000
MSTRUSDT,EQUITY,1782316800001,0.00022012,96.38000000
MSTRUSDT,EQUITY,1782345600002,0.00005089,96.98643028
MSTRUSDT,EQUITY,1782374400001,0.00000000,97.71000000
MSTRUSDT,EQUITY,1782403200001,0.00000000,87.32957575
MSTRUSDT,EQUITY,1782432000001,0.00000000,85.57000000
MSTRUSDT,EQUITY,1782460800002,0.00000000,86.69000000
MSTRUSDT,EQUITY,1782489600001,0.00000000,85.93623967
MSTRUSDT,EQUITY,1782518400001,0.00049821,82.85667951
MSTRUSDT,EQUITY,1782547200001,0.00025566,84.03000000
MSTRUSDT,EQUITY,1782576000001,0.00060390,85.27703250
MSTRUSDT,EQUITY,1782604800002,-0.00032403,84.06706909
MSTRUSDT,EQUITY,1782633600002,0.00000000,83.78877413
MSTRUSDT,EQUITY,1782662400001,-0.00005250,83.92557556
MSTRUSDT,EQUITY,1782691200001,0.00000000,82.35514369
MSTRUSDT,EQUITY,1782720000001,0.00014233,83.42000000
MSTRUSDT,EQUITY,1782748800001,0.00027432,88.68427197
MSTRUSDT,EQUITY,1782777600000,0.00013294,93.58724203
MSTRUSDT,EQUITY,1782806400000,0.00000000,90.59501347
MSTRUSDT,EQUITY,1782835200001,0.00000000,85.59347330
MSTRUSDT,EQUITY,1782864000000,0.00000000,86.35000000
MSTRUSDT,EQUITY,1782892800001,0.00006804,87.23109528
MSTRUSDT,EQUITY,1782921600001,0.00000000,96.89000000
MSTRUSDT,EQUITY,1782950400000,0.00000000,94.32253171
MSTRUSDT,EQUITY,1782979200001,0.00005675,94.65656039
MSTRUSDT,EQUITY,1783008000001,0.00007091,99.17000000
MSTRUSDT,EQUITY,1783036800001,0.00000000,101.94000000
MSTRUSDT,EQUITY,1783065600001,0.00013103,103.16866787
MSTRUSDT,EQUITY,1783094400001,0.00061100,104.87361682
MSTRUSDT,EQUITY,1783123200001,0.00004686,106.50000000
MSTRUSDT,EQUITY,1783152000001,-0.00006505,105.53000000
MSTRUSDT,EQUITY,1783180800001,0.00102498,107.19000000
MSTRUSDT,EQUITY,1783209600002,0.00000000,107.66000000
MSTRUSDT,EQUITY,1783238400001,0.00000000,106.90000000
MSTRUSDT,EQUITY,1783267200001,0.00000000,105.11297887
MSTRUSDT,EQUITY,1783296000001,0.00060669,107.30000000
MSTRUSDT,EQUITY,1783324800001,0.00033679,105.14291372
MSTRUSDT,EQUITY,1783353600001,0.00001707,101.98000000
MSTRUSDT,EQUITY,1783382400001,0.00044966,101.86831705
MSTRUSDT,EQUITY,1783411200001,0.00000000,99.72059451
MSTRUSDT,EQUITY,1783440000001,0.00000000,100.42739091
MSTRUSDT,EQUITY,1783468800002,0.00000000,95.47827153
MSTRUSDT,EQUITY,1783497600001,0.00007842,96.49000000
MSTRUSDT,EQUITY,1783526400001,0.00005311,93.34259621
MSTRUSDT,EQUITY,1783555200001,0.00019444,94.22950931
MSTRUSDT,EQUITY,1783584000001,0.00005135,95.92000000
MSTRUSDT,EQUITY,1783612800001,0.00016690,95.71000000
MSTRUSDT,EQUITY,1783641600001,0.00009912,94.31114657
MSTRUSDT,EQUITY,1783670400001,0.00000000,95.61755834
MSTRUSDT,EQUITY,1783699200001,0.00009675,94.56250640
MSTRUSDT,EQUITY,1783728000001,0.00087843,94.84505404
MSTRUSDT,EQUITY,1783756800001,0.00000000,95.63000000
MSTRUSDT,EQUITY,1783785600001,0.00000000,95.88000000
MSTRUSDT,EQUITY,1783814400001,-0.00049290,94.99468676
MSTRUSDT,EQUITY,1783843200001,0.00000000,95.18567744
MSTRUSDT,EQUITY,1783872000001,0.00000000,96.24000000
MSTRUSDT,EQUITY,1783900800001,-0.00023889,95.12452298
MSTRUSDT,EQUITY,1783929600001,0.00038733,93.45000000
MSTRUSDT,EQUITY,1783958400001,0.00000000,92.45000000
MSTRUSDT,EQUITY,1783987200002,0.00011319,91.92000000
MSTRUSDT,EQUITY,1784016000001,0.00027131,92.64863357
MSTRUSDT,EQUITY,1784044800001,0.00011265,97.03000000
MSTRUSDT,EQUITY,1784073600001,0.00000000,98.77744157
MSTRUSDT,EQUITY,1784102400001,0.00000000,97.88858245
MSTRUSDT,EQUITY,1784131200001,0.00000000,98.12000000
MSTRUSDT,EQUITY,1784160000001,0.00000000,97.64781517
MSTRUSDT,EQUITY,1784188800002,0.00018457,96.34000000
MSTRUSDT,EQUITY,1784217600001,0.00000000,94.83759391
MSTRUSDT,EQUITY,1784246400001,0.00000000,92.87085898
MSTRUSDT,EQUITY,1784275200001,0.00015540,90.64206619
MSTRUSDT,EQUITY,1784304000001,0.00000000,94.41966428
MSTRUSDT,EQUITY,1784332800001,0.00022515,95.00886874
MSTRUSDT,EQUITY,1784361600001,0.00000000,94.93000000
MSTRUSDT,EQUITY,1784390400001,0.00000000,95.24000000
MSTRUSDT,EQUITY,1784419200001,0.00000000,95.85628723
MSTRUSDT,EQUITY,1784448000001,0.00000000,96.11000000
MSTRUSDT,EQUITY,1784476800001,-0.00024737,95.36522384
MSTRUSDT,EQUITY,1784505600002,0.00032795,95.85000000
MSTRUSDT,EQUITY,1784534400001,0.00020670,95.03998352
MSTRUSDT,EQUITY,1784563200001,0.00000000,99.34423180
MSTRUSDT,EQUITY,1784592000001,0.00000000,98.12811821
MSTRUSDT,EQUITY,1784620800001,0.00005165,100.70177976
MSTRUSDT,EQUITY,1784649600000,0.00000000,102.51941254
MSTRUSDT,EQUITY,1784678400000,0.00000000,102.12000000
MSTRUSDT,EQUITY,1784707200001,-0.00002226,100.46289113
AMZNUSDT,EQUITY,1779465600001,0.00032458,269.39000000
AMZNUSDT,EQUITY,1779494400001,0.00000000,265.56140134
AMZNUSDT,EQUITY,1779523200001,0.00000000,264.48000000
AMZNUSDT,EQUITY,1779552000001,0.00002203,266.72000000
AMZNUSDT,EQUITY,1779580800001,0.00009336,270.27000000
AMZNUSDT,EQUITY,1779609600001,0.00000000,270.59000000
AMZNUSDT,EQUITY,1779638400001,0.00000000,268.90942217
AMZNUSDT,EQUITY,1779667200001,0.00000000,269.22251750
AMZNUSDT,EQUITY,1779696000001,0.00000000,270.10000000
AMZNUSDT,EQUITY,1779724800001,0.00000000,270.22000000
AMZNUSDT,EQUITY,1779753600001,0.00000000,269.79419296
AMZNUSDT,EQUITY,1779782400001,0.00001447,268.16000000
AMZNUSDT,EQUITY,1779811200001,0.00021123,263.80000000
AMZNUSDT,EQUITY,1779840000001,0.00058541,265.18357429
AMZNUSDT,EQUITY,1779868800001,0.00021166,265.66905113
AMZNUSDT,EQUITY,1779897600001,0.00025872,270.00310874
AMZNUSDT,EQUITY,1779926400001,0.00030142,272.48241057
AMZNUSDT,EQUITY,1779955200001,0.00000000,271.47000000
AMZNUSDT,EQUITY,1779984000001,0.00025262,270.42833056
AMZNUSDT,EQUITY,1780012800001,0.00002850,272.85163230
AMZNUSDT,EQUITY,1780041600001,0.00000000,271.70790323
AMZNUSDT,EQUITY,1780070400001,0.00000000,273.03445884
AMZNUSDT,EQUITY,1780099200001,0.00000000,270.62000000
AMZNUSDT,EQUITY,1780128000001,0.00000000,271.31000000
AMZNUSDT,EQUITY,1780156800001,0.00000000,271.81049919
AMZNUSDT,EQUITY,1780185600001,0.00000000,271.73656405
AMZNUSDT,EQUITY,1780214400001,0.00000000,272.86387818
AMZNUSDT,EQUITY,1780243200001,0.00000000,272.96421782
AMZNUSDT,EQUITY,1780272000001,0.00000000,272.66181674
AMZNUSDT,EQUITY,1780300800001,0.00000000,270.27215532
AMZNUSDT,EQUITY,1780329600001,0.00000000,263.85000000
AMZNUSDT,EQUITY,1780358400001,0.00000000,259.87000000
AMZNUSDT,EQUITY,1780387200001,0.00000000,259.98783161
AMZNUSDT,EQUITY,1780416000001,0.00000000,259.58679123
AMZNUSDT,EQUITY,1780444800001,0.00000000,256.48536692
AMZNUSDT,EQUITY,1780473600001,0.00000000,256.43403657
AMZNUSDT,EQUITY,1780502400001,0.00000000,250.16456334
AMZNUSDT,EQUITY,1780531200001,0.00000000,251.33972958
AMZNUSDT,EQUITY,1780560000001,0.00000000,251.37179957
AMZNUSDT,EQUITY,1780588800001,0.00000000,254.08206700
AMZNUSDT,EQUITY,1780617600001,0.00000000,253.47000000
AMZNUSDT,EQUITY,1780646400001,0.00000000,252.24000000
AMZNUSDT,EQUITY,1780675200001,0.00000000,253.12069608
AMZNUSDT,EQUITY,1780704000001,0.00000000,245.79000000
AMZNUSDT,EQUITY,1780732800001,-0.00000508,243.16000000
AMZNUSDT,EQUITY,1780761600001,0.00000000,244.59000000
AMZNUSDT,EQUITY,1780790400002,0.00000000,245.82000000
AMZNUSDT,EQUITY,1780819200001,0.00000000,246.84000000
AMZNUSDT,EQUITY,1780848000001,0.00000000,245.63758924
AMZNUSDT,EQUITY,1780876800001,0.00000000,245.80000000
AMZNUSDT,EQUITY,1780905600001,0.00000000,247.65000000
AMZNUSDT,EQUITY,1780934400001,0.00000000,246.01348470
AMZNUSDT,EQUITY,1780963200001,0.00000000,244.96000000
AMZNUSDT,EQUITY,1780992000001,0.00000000,245.89500000
AMZNUSDT,EQUITY,1781020800001,0.00000000,242.72955002
AMZNUSDT,EQUITY,1781049600001,0.00000000,243.52456448
AMZNUSDT,EQUITY,1781078400001,0.00000000,243.61000000
AMZNUSDT,EQUITY,1781107200001,0.00000000,240.14342450
AMZNUSDT,EQUITY,1781136000001,0.00000000,236.49830016
AMZNUSDT,EQUITY,1781164800001,0.00001129,240.19000000
AMZNUSDT,EQUITY,1781193600001,0.00000000,237.34248345
AMZNUSDT,EQUITY,1781222400001,0.00005191,242.39000000
AMZNUSDT,EQUITY,1781251200001,0.00000921,242.12553341
AMZNUSDT,EQUITY,1781280000001,0.00001125,236.04621080
AMZNUSDT,EQUITY,1781308800001,0.00001074,238.79000000
AMZNUSDT,EQUITY,1781337600001,0.00000000,238.30991590
AMZNUSDT,EQUITY,1781366400001,0.00000000,239.16000000
AMZNUSDT,EQUITY,1781395200001,0.00000000,238.72556526
AMZNUSDT,EQUITY,1781424000001,0.00000000,239.64000000
AMZNUSDT,EQUITY,1781452800001,0.00000000,239.91000000
AMZNUSDT,EQUITY,1781481600001,0.00000000,240.35000000
AMZNUSDT,EQUITY,1781510400002,0.00000000,242.29000000
AMZNUSDT,EQUITY,1781539200001,0.00010610,246.64430820
AMZNUSDT,EQUITY,1781568000001,0.00000000,248.50954189
AMZNUSDT,EQUITY,1781596800001,0.00000000,247.46418838
AMZNUSDT,EQUITY,1781625600001,0.00004367,248.26339188
AMZNUSDT,EQUITY,1781654400001,0.00000000,245.97788798
AMZNUSDT,EQUITY,1781683200001,0.00000000,247.31000000
AMZNUSDT,EQUITY,1781712000001,0.00002573,240.36000000
AMZNUSDT,EQUITY,1781740800001,0.00007152,239.71672770
AMZNUSDT,EQUITY,1781769600001,0.00000000,240.18934388
AMZNUSDT,EQUITY,1781798400001,0.00000000,243.99000000
AMZNUSDT,EQUITY,1781827200001,0.00016889,243.06125880
AMZNUSDT,EQUITY,1781856000001,0.00000000,243.51433763
AMZNUSDT,EQUITY,1781884800001,0.00000000,243.46598670
AMZNUSDT,EQUITY,1781913600001,0.00000000,243.68000000
AMZNUSDT,EQUITY,1781942400001,0.00000000,243.48000000
AMZNUSDT,EQUITY,1781971200001,0.00000000,244.25794313
AMZNUSDT,EQUITY,1782000000001,0.00000000,243.56000000
AMZNUSDT,EQUITY,1782028800001,0.00000000,243.73173127
AMZNUSDT,EQUITY,1782057600001,0.00000000,243.35000000
AMZNUSDT,EQUITY,1782086400001,0.00000000,241.43000000
AMZNUSDT,EQUITY,1782115200001,0.00034119,242.98155181
AMZNUSDT,EQUITY,1782144000001,0.00000000,233.86206713
AMZNUSDT,EQUITY,1782172800001,0.00019282,233.34830504
AMZNUSDT,EQUITY,1782201600002,0.00000000,229.88243049
AMZNUSDT,EQUITY,1782230400001,0.00000000,234.81000000
AMZNUSDT,EQUITY,1782259200001,0.00000000,233.84113499
AMZNUSDT,EQUITY,1782288000001,0.00015531,233.49718389
AMZNUSDT,EQUITY,1782316800001,0.00019733,242.06000000
AMZNUSDT,EQUITY,1782345600002,0.00000000,233.41610298
AMZNUSDT,EQUITY,1782374400001,0.00020326,234.06000000
AMZNUSDT,EQUITY,1782403200001,0.00005459,230.43047123
AMZNUSDT,EQUITY,1782432000001,0.00029882,226.99261975
AMZNUSDT,EQUITY,1782460800002,0.00012134,228.23000000
AMZNUSDT,EQUITY,1782489600001,0.00006161,232.41505348
AMZNUSDT,EQUITY,1782518400001,0.00012315,232.04000000
AMZNUSDT,EQUITY,1782547200001,0.00000000,233.16952982
AMZNUSDT,EQUITY,1782576000001,0.00000000,233.74384515
AMZNUSDT,EQUITY,1782604800002,0.00000000,233.21000000
AMZNUSDT,EQUITY,1782633600002,0.00000000,232.98586133
AMZNUSDT,EQUITY,1782662400001,0.00000000,232.85208702
AMZNUSDT,EQUITY,1782691200001,0.00000000,234.10211365
AMZNUSDT,EQUITY,1782720000001,0.00021166,234.68605867
AMZNUSDT,EQUITY,1782748800001,0.00023394,242.48175068
AMZNUSDT,EQUITY,1782777600000,0.00000000,240.80000000
AMZNUSDT,EQUITY,1782806400000,0.00028140,240.58000000
AMZNUSDT,EQUITY,1782835200001,0.00000000,240.03532803
AMZNUSDT,EQUITY,1782864000000,0.00059675,239.45000000
AMZNUSDT,EQUITY,1782892800001,0.00023185,238.70076097
AMZNUSDT,EQUITY,1782921600001,0.00019022,242.48972056
AMZNUSDT,EQUITY,1782950400000,0.00000000,242.87000000
AMZNUSDT,EQUITY,1782979200001,0.00029722,243.44000000
AMZNUSDT,EQUITY,1783008000001,0.00000000,246.00709821
AMZNUSDT,EQUITY,1783036800001,0.00049814,243.22000000
AMZNUSDT,EQUITY,1783065600001,0.00000000,243.95233426
AMZNUSDT,EQUITY,1783094400001,0.00000000,243.24367553
AMZNUSDT,EQUITY,1783123200001,0.00000000,243.97972904
AMZNUSDT,EQUITY,1783152000001,0.00000000,244.14000000
AMZNUSDT,EQUITY,1783180800001,0.00000000,244.19728045
AMZNUSDT,EQUITY,1783209600002,0.00000000,244.28000000
AMZNUSDT,EQUITY,1783238400001,0.00000000,245.20727859
AMZNUSDT,EQUITY,1783267200001,0.00000000,244.68512995
AMZNUSDT,EQUITY,1783296000001,0.00000000,245.07982512
AMZNUSDT,EQUITY,1783324800001,0.00032927,244.20000000
AMZNUSDT,EQUITY,1783353600001,0.00006868,245.61917756
AMZNUSDT,EQUITY,1783382400001,0.00021521,244.73000000
AMZNUSDT,EQUITY,1783411200001,0.00017775,244.39315760
AMZNUSDT,EQUITY,1783440000001,0.00014410,243.97551076
AMZNUSDT,EQUITY,1783468800002,0.00011004,245.40951572
AMZNUSDT,EQUITY,1783497600001,0.00005721,245.71000000
AMZNUSDT,EQUITY,1783526400001,0.00000000,241.19632801
AMZNUSDT,EQUITY,1783555200001,0.00022571,243.21435998
AMZNUSDT,EQUITY,1783584000001,0.00000000,243.84724578
AMZNUSDT,EQUITY,1783612800001,0.00000000,241.80000000
AMZNUSDT,EQUITY,1783641600001,0.00000000,246.58154359
AMZNUSDT,EQUITY,1783670400001,0.00000000,246.90829498
AMZNUSDT,EQUITY,1783699200001,0.00006855,246.42040068
AMZNUSDT,EQUITY,1783728000001,0.00000000,245.88000000
AMZNUSDT,EQUITY,1783756800001,0.00000000,246.15673442
AMZNUSDT,EQUITY,1783785600001,0.00000000,246.21398450
AMZNUSDT,EQUITY,1783814400001,0.00000000,246.76646478
AMZNUSDT,EQUITY,1783843200001,0.00000000,245.13000000
AMZNUSDT,EQUITY,1783872000001,0.00000000,245.54492758
AMZNUSDT,EQUITY,1783900800001,0.00000000,244.20000000
AMZNUSDT,EQUITY,1783929600001,0.00014108,244.71000000
AMZNUSDT,EQUITY,1783958400001,0.00000000,248.09706403
AMZNUSDT,EQUITY,1783987200002,0.00027533,246.63000000
AMZNUSDT,EQUITY,1784016000001,0.00000000,246.33000000
AMZNUSDT,EQUITY,1784044800001,0.00009120,245.49209146
AMZNUSDT,EQUITY,1784073600001,0.00000000,248.34000000
AMZNUSDT,EQUITY,1784102400001,0.00000000,247.98000000
AMZNUSDT,EQUITY,1784131200001,0.00018536,254.92898568
AMZNUSDT,EQUITY,1784160000001,0.00020561,255.50526481
AMZNUSDT,EQUITY,1784188800002,0.00003493,255.69000000
AMZNUSDT,EQUITY,1784217600001,0.00000000,256.47000000
AMZNUSDT,EQUITY,1784246400001,0.00000000,251.28614264
AMZNUSDT,EQUITY,1784275200001,0.00000000,246.55837366
AMZNUSDT,EQUITY,1784304000001,0.00000000,248.82000000
AMZNUSDT,EQUITY,1784332800001,0.00000000,246.94499020
AMZNUSDT,EQUITY,1784361600001,0.00000000,247.32515783
AMZNUSDT,EQUITY,1784390400001,0.00000000,247.73505014
AMZNUSDT,EQUITY,1784419200001,0.00000000,247.47000000
AMZNUSDT,EQUITY,1784448000001,0.00000000,247.40000000
AMZNUSDT,EQUITY,1784476800001,0.00000000,247.11000000
AMZNUSDT,EQUITY,1784505600002,0.00000000,247.67000000
AMZNUSDT,EQUITY,1784534400001,0.00000000,248.17000000
AMZNUSDT,EQUITY,1784563200001,0.00000000,251.94740865
AMZNUSDT,EQUITY,1784592000001,0.00000000,249.60000000
AMZNUSDT,EQUITY,1784620800001,0.00001555,250.56000000
AMZNUSDT,EQUITY,1784649600000,0.00000000,247.84184240
AMZNUSDT,EQUITY,1784678400000,0.00000000,247.01355142
AMZNUSDT,EQUITY,1784707200001,0.00000000,247.14302238
CRCLUSDT,EQUITY,1779465600001,0.00043716,115.05661615
CRCLUSDT,EQUITY,1779494400001,0.00000000,112.49234894
CRCLUSDT,EQUITY,1779523200001,-0.00006890,111.22000000
CRCLUSDT,EQUITY,1779552000001,0.00065905,112.90374033
CRCLUSDT,EQUITY,1779580800001,0.00033669,114.86000000
CRCLUSDT,EQUITY,1779609600001,0.00000000,115.40000000
CRCLUSDT,EQUITY,1779638400001,-0.00021203,114.76000000
CRCLUSDT,EQUITY,1779667200001,0.00000000,115.81394643
CRCLUSDT,EQUITY,1779696000001,0.00000000,115.57065600
CRCLUSDT,EQUITY,1779724800001,0.00000000,115.88000000
CRCLUSDT,EQUITY,1779753600001,0.00000000,115.24178232
CRCLUSDT,EQUITY,1779782400001,0.00021182,113.50000000
CRCLUSDT,EQUITY,1779811200001,0.00065502,106.28119989
CRCLUSDT,EQUITY,1779840000001,0.00042255,104.07685970
CRCLUSDT,EQUITY,1779868800001,0.00019162,104.67000000
CRCLUSDT,EQUITY,1779897600001,0.00010835,104.42424316
CRCLUSDT,EQUITY,1779926400001,0.00000000,102.29000000
CRCLUSDT,EQUITY,1779955200001,0.00000000,101.63000000
CRCLUSDT,EQUITY,1779984000001,0.00013340,106.22562963
CRCLUSDT,EQUITY,1780012800001,0.00014152,108.21000000
CRCLUSDT,EQUITY,1780041600001,0.00000000,108.95912839
CRCLUSDT,EQUITY,1780070400001,0.00018004,113.85000000
CRCLUSDT,EQUITY,1780099200001,0.00064318,112.54000000
CRCLUSDT,EQUITY,1780128000001,0.00000000,112.70931265
CRCLUSDT,EQUITY,1780156800001,0.00000000,112.79000000
CRCLUSDT,EQUITY,1780185600001,0.00000000,112.71651282
CRCLUSDT,EQUITY,1780214400001,0.00000000,113.57593840
CRCLUSDT,EQUITY,1780243200001,0.00000000,112.61212742
CRCLUSDT,EQUITY,1780272000001,0.00000000,113.22239990
CRCLUSDT,EQUITY,1780300800001,0.00000000,111.30609774
CRCLUSDT,EQUITY,1780329600001,0.00031792,108.40000000
CRCLUSDT,EQUITY,1780358400001,0.00000000,104.83631566
CRCLUSDT,EQUITY,1780387200001,0.00049442,103.15000000
CRCLUSDT,EQUITY,1780416000001,0.00073120,99.68000000
CRCLUSDT,EQUITY,1780444800001,0.00030602,100.66753945
CRCLUSDT,EQUITY,1780473600001,0.00081797,102.17000000
CRCLUSDT,EQUITY,1780502400001,0.00049666,93.39000000
CRCLUSDT,EQUITY,1780531200001,0.00038103,89.19000000
CRCLUSDT,EQUITY,1780560000001,0.00053962,91.13200699
CRCLUSDT,EQUITY,1780588800001,0.00000000,92.01273386
CRCLUSDT,EQUITY,1780617600001,0.00000000,90.68000000
CRCLUSDT,EQUITY,1780646400001,0.00058432,90.31934955
CRCLUSDT,EQUITY,1780675200001,0.00040423,81.89186417
CRCLUSDT,EQUITY,1780704000001,0.00015090,80.33562943
CRCLUSDT,EQUITY,1780732800001,-0.00167548,77.57073631
CRCLUSDT,EQUITY,1780761600001,0.00000000,78.12000000
CRCLUSDT,EQUITY,1780790400002,0.00017954,78.53254099
CRCLUSDT,EQUITY,1780819200001,0.00134258,80.96898474
CRCLUSDT,EQUITY,1780848000001,0.00000000,81.36173612
CRCLUSDT,EQUITY,1780876800001,0.00043544,82.45000000
CRCLUSDT,EQUITY,1780905600001,0.00000000,82.42000000
CRCLUSDT,EQUITY,1780934400001,0.00000000,82.37621126
CRCLUSDT,EQUITY,1780963200001,0.00034367,82.56974300
CRCLUSDT,EQUITY,1780992000001,0.00000000,83.42147613
CRCLUSDT,EQUITY,1781020800001,0.00000000,79.34000000
CRCLUSDT,EQUITY,1781049600001,0.00019882,79.89000000
CRCLUSDT,EQUITY,1781078400001,0.00026855,79.82000000
CRCLUSDT,EQUITY,1781107200001,0.00000000,82.47000000
CRCLUSDT,EQUITY,1781136000001,0.00000000,77.91496370
CRCLUSDT,EQUITY,1781164800001,0.00039592,80.74909111
CRCLUSDT,EQUITY,1781193600001,0.00016877,81.70858892
CRCLUSDT,EQUITY,1781222400001,0.00039816,83.78599911
CRCLUSDT,EQUITY,1781251200001,0.00004514,82.59485797
CRCLUSDT,EQUITY,1781280000001,0.00013113,77.86435385
CRCLUSDT,EQUITY,1781308800001,0.00018656,78.40000000
CRCLUSDT,EQUITY,1781337600001,0.00027798,79.52889956
CRCLUSDT,EQUITY,1781366400001,0.00000000,79.83000000
CRCLUSDT,EQUITY,1781395200001,0.00000000,79.73668770
CRCLUSDT,EQUITY,1781424000001,0.00000000,79.47000000
CRCLUSDT,EQUITY,1781452800001,-0.00053296,78.52000244
CRCLUSDT,EQUITY,1781481600001,0.00194283,81.69000000
CRCLUSDT,EQUITY,1781510400002,0.00025518,82.30474823
CRCLUSDT,EQUITY,1781539200001,0.00048090,86.02494655
CRCLUSDT,EQUITY,1781568000001,0.00000000,83.85992403
CRCLUSDT,EQUITY,1781596800001,0.00029711,84.09126947
CRCLUSDT,EQUITY,1781625600001,0.00015226,81.15623936
CRCLUSDT,EQUITY,1781654400001,0.00000000,80.26996001
CRCLUSDT,EQUITY,1781683200001,0.00009937,80.60330278
CRCLUSDT,EQUITY,1781712000001,0.00000000,82.76000000
CRCLUSDT,EQUITY,1781740800001,0.00000000,81.89135454
CRCLUSDT,EQUITY,1781769600001,0.00029726,81.89000000
CRCLUSDT,EQUITY,1781798400001,0.00037237,78.75000000
CRCLUSDT,EQUITY,1781827200001,0.00058773,79.89936767
CRCLUSDT,EQUITY,1781856000001,-0.00039182,78.85000000
CRCLUSDT,EQUITY,1781884800001,0.00058958,79.92535999
CRCLUSDT,EQUITY,1781913600001,0.00000000,80.40000000
CRCLUSDT,EQUITY,1781942400001,0.00000000,80.29000000
CRCLUSDT,EQUITY,1781971200001,0.00010849,80.76000000
CRCLUSDT,EQUITY,1782000000001,0.00000000,80.60147524
CRCLUSDT,EQUITY,1782028800001,0.00025454,81.78056797
CRCLUSDT,EQUITY,1782057600001,0.00000000,81.87263431
CRCLUSDT,EQUITY,1782086400001,-0.00048287,80.82066070
CRCLUSDT,EQUITY,1782115200001,0.00075629,80.86000000
CRCLUSDT,EQUITY,1782144000001,0.00078590,80.75393120
CRCLUSDT,EQUITY,1782172800001,0.00052790,79.66000000
CRCLUSDT,EQUITY,1782201600002,0.00017551,76.71000000
CRCLUSDT,EQUITY,1782230400001,0.00000057,76.34306714
CRCLUSDT,EQUITY,1782259200001,0.00040969,76.21433660
CRCLUSDT,EQUITY,1782288000001,0.00001968,76.01000000
CRCLUSDT,EQUITY,1782316800001,0.00007173,72.99227413
CRCLUSDT,EQUITY,1782345600002,0.00068231,72.74928612
CRCLUSDT,EQUITY,1782374400001,0.00028670,73.09000000
CRCLUSDT,EQUITY,1782403200001,0.00000000,69.79000000
CRCLUSDT,EQUITY,1782432000001,0.00091214,69.29000000
CRCLUSDT,EQUITY,1782460800002,0.00023782,69.41574678
CRCLUSDT,EQUITY,1782489600001,0.00013707,73.25000000
CRCLUSDT,EQUITY,1782518400001,0.00068997,73.17000000
CRCLUSDT,EQUITY,1782547200001,0.00000000,73.91532144
CRCLUSDT,EQUITY,1782576000001,0.00000000,74.31653492
CRCLUSDT,EQUITY,1782604800002,0.00000000,73.49000000
CRCLUSDT,EQUITY,1782633600002,0.00000000,73.65378645
CRCLUSDT,EQUITY,1782662400001,0.00000000,74.02137090
CRCLUSDT,EQUITY,1782691200001,0.00000000,74.17000000
CRCLUSDT,EQUITY,1782720000001,0.00040272,74.37000000
CRCLUSDT,EQUITY,1782748800001,0.00023620,73.88000000
CRCLUSDT,EQUITY,1782777600000,0.00045289,76.07000000
CRCLUSDT,EQUITY,1782806400000,0.00000000,75.25815176
CRCLUSDT,EQUITY,1782835200001,0.00023019,65.68247618
CRCLUSDT,EQUITY,1782864000000,0.00114311,63.13000000
CRCLUSDT,EQUITY,1782892800001,0.00032894,62.25000000
CRCLUSDT,EQUITY,1782921600001,0.00037078,65.91000000
CRCLUSDT,EQUITY,1782950400000,0.00003970,62.37000000
CRCLUSDT,EQUITY,1782979200001,0.00047802,62.43919933
CRCLUSDT,EQUITY,1783008000001,0.00034559,66.00326550
CRCLUSDT,EQUITY,1783036800001,0.00000000,64.99956563
CRCLUSDT,EQUITY,1783065600001,0.00082581,66.35141550
CRCLUSDT,EQUITY,1783094400001,0.00000000,66.72000000
CRCLUSDT,EQUITY,1783123200001,0.00000000,66.82000000
CRCLUSDT,EQUITY,1783152000001,0.00000000,67.17000000
CRCLUSDT,EQUITY,1783180800001,0.00000000,67.41079208
CRCLUSDT,EQUITY,1783209600002,0.00003788,67.64000000
CRCLUSDT,EQUITY,1783238400001,0.00009172,68.36000000
CRCLUSDT,EQUITY,1783267200001,0.00000000,68.26000000
CRCLUSDT,EQUITY,1783296000001,0.00048653,69.21000000
CRCLUSDT,EQUITY,1783324800001,0.00044198,67.52000000
CRCLUSDT,EQUITY,1783353600001,0.00005720,69.12103762
CRCLUSDT,EQUITY,1783382400001,0.00000000,68.37947605
CRCLUSDT,EQUITY,1783411200001,0.00002549,67.81821370
CRCLUSDT,EQUITY,1783440000001,0.00032848,66.59192407
CRCLUSDT,EQUITY,1783468800002,0.00001514,65.20000000
CRCLUSDT,EQUITY,1783497600001,0.00000000,65.21749500
CRCLUSDT,EQUITY,1783526400001,0.00015033,62.83763146
CRCLUSDT,EQUITY,1783555200001,0.00000000,63.79655918
CRCLUSDT,EQUITY,1783584000001,0.00000000,64.92000000
CRCLUSDT,EQUITY,1783612800001,0.00030843,64.37064506
CRCLUSDT,EQUITY,1783641600001,0.00000000,63.19000000
CRCLUSDT,EQUITY,1783670400001,0.00000000,63.56000000
CRCLUSDT,EQUITY,1783699200001,0.00012156,66.78000000
CRCLUSDT,EQUITY,1783728000001,0.00000000,66.63000000
CRCLUSDT,EQUITY,1783756800001,0.00003362,67.05000000
CRCLUSDT,EQUITY,1783785600001,-0.00006332,66.54302122
CRCLUSDT,EQUITY,1783814400001,0.00000000,66.45000000
CRCLUSDT,EQUITY,1783843200001,0.00000000,66.70487355
CRCLUSDT,EQUITY,1783872000001,0.00000000,67.07441395
CRCLUSDT,EQUITY,1783900800001,-0.00001725,66.59826469
CRCLUSDT,EQUITY,1783929600001,0.00008100,64.89051593
CRCLUSDT,EQUITY,1783958400001,0.00022729,63.71412873
CRCLUSDT,EQUITY,1783987200002,0.00008225,62.54000000
CRCLUSDT,EQUITY,1784016000001,0.00073365,62.40915200
CRCLUSDT,EQUITY,1784044800001,0.00053232,62.78000000
CRCLUSDT,EQUITY,1784073600001,0.00042281,63.21000000
CRCLUSDT,EQUITY,1784102400001,0.00005129,63.45993172
CRCLUSDT,EQUITY,1784131200001,0.00002968,64.42179059
CRCLUSDT,EQUITY,1784160000001,0.00000000,65.85693251
CRCLUSDT,EQUITY,1784188800002,0.00000000,64.50013124
CRCLUSDT,EQUITY,1784217600001,0.00000000,62.39987898
CRCLUSDT,EQUITY,1784246400001,0.00002462,60.57000000
CRCLUSDT,EQUITY,1784275200001,0.00035931,59.31868022
CRCLUSDT,EQUITY,1784304000001,0.00000000,60.14095759
CRCLUSDT,EQUITY,1784332800001,0.00000000,60.33495789
CRCLUSDT,EQUITY,1784361600001,0.00000000,60.79608587
CRCLUSDT,EQUITY,1784390400001,0.00000000,60.54744037
CRCLUSDT,EQUITY,1784419200001,0.00000000,60.66481592
CRCLUSDT,EQUITY,1784448000001,0.00000000,60.91200985
CRCLUSDT,EQUITY,1784476800001,0.00000000,60.97000000
CRCLUSDT,EQUITY,1784505600002,0.00017644,61.60426436
CRCLUSDT,EQUITY,1784534400001,0.00012985,60.63012021
CRCLUSDT,EQUITY,1784563200001,0.00000000,65.14777223
CRCLUSDT,EQUITY,1784592000001,0.00010623,66.31152491
CRCLUSDT,EQUITY,1784620800001,0.00000000,67.68041911
CRCLUSDT,EQUITY,1784649600000,0.00000000,71.28273404
CRCLUSDT,EQUITY,1784678400000,0.00000000,70.88000000
CRCLUSDT,EQUITY,1784707200001,-0.00018891,68.99000000
COINUSDT,EQUITY,1779465600001,0.00004718,188.45797150
COINUSDT,EQUITY,1779494400001,0.00000000,184.11456442
COINUSDT,EQUITY,1779523200001,-0.00015041,181.50000000
COINUSDT,EQUITY,1779552000001,0.00040712,184.19642288
COINUSDT,EQUITY,1779580800001,0.00052270,188.24646691
COINUSDT,EQUITY,1779609600001,0.00000000,188.67000000
COINUSDT,EQUITY,1779638400001,-0.00024483,187.13788318
COINUSDT,EQUITY,1779667200001,0.00010848,189.31803320
COINUSDT,EQUITY,1779696000001,0.00000000,190.20091768
COINUSDT,EQUITY,1779724800001,0.00000000,191.31000000
COINUSDT,EQUITY,1779753600001,0.00000000,189.68000000
COINUSDT,EQUITY,1779782400001,0.00000000,187.26936500
COINUSDT,EQUITY,1779811200001,0.00012338,184.51352397
COINUSDT,EQUITY,1779840000001,0.00000000,180.47803547
COINUSDT,EQUITY,1779868800001,0.00000000,180.97000000
COINUSDT,EQUITY,1779897600001,0.00000000,176.14216815
COINUSDT,EQUITY,1779926400001,-0.00027657,173.58124950
COINUSDT,EQUITY,1779955200001,0.00000000,172.85999834
COINUSDT,EQUITY,1779984000001,0.00000000,180.33968500
COINUSDT,EQUITY,1780012800001,0.00070933,182.46899336
COINUSDT,EQUITY,1780041600001,0.00000000,183.91754194
COINUSDT,EQUITY,1780070400001,0.00000000,190.27891540
COINUSDT,EQUITY,1780099200001,0.00000000,188.52000000
COINUSDT,EQUITY,1780128000001,0.00000000,188.89000000
COINUSDT,EQUITY,1780156800001,0.00000000,190.02000000
COINUSDT,EQUITY,1780185600001,0.00000000,190.01729130
COINUSDT,EQUITY,1780214400001,0.00000000,191.67000000
COINUSDT,EQUITY,1780243200001,0.00000000,189.74694270
COINUSDT,EQUITY,1780272000001,0.00000000,190.56704441
COINUSDT,EQUITY,1780300800001,0.00000000,188.02409855
COINUSDT,EQUITY,1780329600001,0.00000000,184.86112103
COINUSDT,EQUITY,1780358400001,0.00062144,181.48832132
COINUSDT,EQUITY,1780387200001,0.00000000,180.39175694
COINUSDT,EQUITY,1780416000001,0.00000000,173.32952853
COINUSDT,EQUITY,1780444800001,0.00000000,173.60000000
COINUSDT,EQUITY,1780473600001,0.00000000,175.15083333
COINUSDT,EQUITY,1780502400001,0.00000000,165.78383733
COINUSDT,EQUITY,1780531200001,0.00000000,161.51000000
COINUSDT,EQUITY,1780560000001,0.00000000,163.08904275
COINUSDT,EQUITY,1780588800001,0.00000000,163.03000000
COINUSDT,EQUITY,1780617600001,0.00000000,163.99128835
COINUSDT,EQUITY,1780646400001,0.00000000,162.22895180
COINUSDT,EQUITY,1780675200001,0.00000000,150.52626119
COINUSDT,EQUITY,1780704000001,0.00013858,151.55000000
COINUSDT,EQUITY,1780732800001,-0.00003788,148.80000000
COINUSDT,EQUITY,1780761600001,0.00000000,149.79000000
COINUSDT,EQUITY,1780790400002,0.00000000,150.66000000
COINUSDT,EQUITY,1780819200001,0.00050645,154.67000000
COINUSDT,EQUITY,1780848000001,0.00000000,153.38050351
COINUSDT,EQUITY,1780876800001,0.00087915,156.07009737
COINUSDT,EQUITY,1780905600001,0.00000000,156.53980118
COINUSDT,EQUITY,1780934400001,0.00000003,161.40000000
COINUSDT,EQUITY,1780963200001,-0.00033602,161.67739714
COINUSDT,EQUITY,1780992000001,0.00000000,162.43943310
COINUSDT,EQUITY,1781020800001,0.00000000,153.49908527
COINUSDT,EQUITY,1781049600001,0.00029140,154.83000000
COINUSDT,EQUITY,1781078400001,0.00000000,154.59305576
COINUSDT,EQUITY,1781107200001,0.00000000,159.24000000
COINUSDT,EQUITY,1781136000001,-0.00001398,153.08000000
COINUSDT,EQUITY,1781164800001,0.00000000,157.63366224
COINUSDT,EQUITY,1781193600001,0.00000000,154.11653195
COINUSDT,EQUITY,1781222400001,0.00029230,160.82215567
COINUSDT,EQUITY,1781251200001,0.00000000,159.09000000
COINUSDT,EQUITY,1781280000001,0.00000000,159.54000000
COINUSDT,EQUITY,1781308800001,0.00000000,159.91196407
COINUSDT,EQUITY,1781337600001,0.00000000,160.59383597
COINUSDT,EQUITY,1781366400001,0.00000164,162.17000000
COINUSDT,EQUITY,1781395200001,0.00000000,162.61411028
COINUSDT,EQUITY,1781424000001,0.00000000,162.63000000
COINUSDT,EQUITY,1781452800001,0.00000000,161.66000000
COINUSDT,EQUITY,1781481600001,0.00164503,166.63000000
COINUSDT,EQUITY,1781510400002,0.00000000,167.60262855
COINUSDT,EQUITY,1781539200001,0.00000000,173.62025843
COINUSDT,EQUITY,1781568000001,0.00000000,169.33401330
COINUSDT,EQUITY,1781596800001,0.00000000,169.65657295
COINUSDT,EQUITY,1781625600001,0.00000000,169.24446296
COINUSDT,EQUITY,1781654400001,0.00016147,168.59689583
COINUSDT,EQUITY,1781683200001,0.00000000,170.02583848
COINUSDT,EQUITY,1781712000001,0.00000000,172.64000000
COINUSDT,EQUITY,1781740800001,0.00021999,167.00000000
COINUSDT,EQUITY,1781769600001,0.00000000,168.46000000
COINUSDT,EQUITY,1781798400001,0.00000000,163.99000000
COINUSDT,EQUITY,1781827200001,0.00000000,163.64453675
COINUSDT,EQUITY,1781856000001,0.00000000,163.00000000
COINUSDT,EQUITY,1781884800001,0.00047967,165.26094539
COINUSDT,EQUITY,1781913600001,0.00000000,166.00000000
COINUSDT,EQUITY,1781942400001,0.00000000,165.78000000
COINUSDT,EQUITY,1781971200001,0.00000000,166.40163733
COINUSDT,EQUITY,1782000000001,0.00000000,167.02606013
COINUSDT,EQUITY,1782028800001,0.00000000,167.03000000
COINUSDT,EQUITY,1782057600001,0.00000000,166.13431938
COINUSDT,EQUITY,1782086400001,-0.00024614,164.19643960
COINUSDT,EQUITY,1782115200001,0.00031454,164.64000000
COINUSDT,EQUITY,1782144000001,0.00032141,166.41394922
COINUSDT,EQUITY,1782172800001,0.00000000,164.96669143
COINUSDT,EQUITY,1782201600002,0.00000000,158.48769900
COINUSDT,EQUITY,1782230400001,0.00000000,160.03000000
COINUSDT,EQUITY,1782259200001,0.00012950,158.90311331
COINUSDT,EQUITY,1782288000001,0.00000000,159.29614170
COINUSDT,EQUITY,1782316800001,0.00000000,152.82000000
COINUSDT,EQUITY,1782345600002,0.00027134,153.23502469
COINUSDT,EQUITY,1782374400001,0.00005970,154.64000000
COINUSDT,EQUITY,1782403200001,0.00000000,146.12228017
COINUSDT,EQUITY,1782432000001,0.00018537,143.32000000
COINUSDT,EQUITY,1782460800002,0.00000000,144.17000000
COINUSDT,EQUITY,1782489600001,0.00000000,148.54434726
COINUSDT,EQUITY,1782518400001,0.00016496,149.06000000
COINUSDT,EQUITY,1782547200001,0.00003403,151.22673139
COINUSDT,EQUITY,1782576000001,0.00000000,151.54591740
COINUSDT,EQUITY,1782604800002,-0.00014208,150.12499542
COINUSDT,EQUITY,1782633600002,0.00000000,150.47132527
COINUSDT,EQUITY,1782662400001,0.00000000,150.27000000
COINUSDT,EQUITY,1782691200001,0.00000000,149.05000000
COINUSDT,EQUITY,1782720000001,0.00035944,150.20639171
COINUSDT,EQUITY,1782748800001,0.00007750,148.24000000
COINUSDT,EQUITY,1782777600000,0.00073649,151.37000000
COINUSDT,EQUITY,1782806400000,0.00000000,150.39047760
COINUSDT,EQUITY,1782835200001,0.00000000,145.15000000
COINUSDT,EQUITY,1782864000000,0.00000000,145.61482022
COINUSDT,EQUITY,1782892800001,0.00000000,145.60877905
COINUSDT,EQUITY,1782921600001,0.00011637,163.30000000
COINUSDT,EQUITY,1782950400000,0.00000000,159.70000000
COINUSDT,EQUITY,1782979200001,0.00000000,159.26317671
COINUSDT,EQUITY,1783008000001,0.00006290,165.59250600
COINUSDT,EQUITY,1783036800001,0.00007190,165.56553584
COINUSDT,EQUITY,1783065600001,0.00000000,165.85000000
COINUSDT,EQUITY,1783094400001,0.00000000,166.62000000
COINUSDT,EQUITY,1783123200001,0.00000000,168.56000000
COINUSDT,EQUITY,1783152000001,0.00000000,168.01565813
COINUSDT,EQUITY,1783180800001,0.00030065,170.74000000
COINUSDT,EQUITY,1783209600002,0.00000000,172.96825027
COINUSDT,EQUITY,1783238400001,0.00000000,173.04000000
COINUSDT,EQUITY,1783267200001,0.00000000,172.32000000
COINUSDT,EQUITY,1783296000001,0.00039330,174.45654113
COINUSDT,EQUITY,1783324800001,0.00000000,169.53000000
COINUSDT,EQUITY,1783353600001,0.00000000,169.41000000
COINUSDT,EQUITY,1783382400001,0.00008853,170.00943720
COINUSDT,EQUITY,1783411200001,0.00000000,166.61000000
COINUSDT,EQUITY,1783440000001,0.00000000,166.23527603
COINUSDT,EQUITY,1783468800002,0.00000000,163.04038363
COINUSDT,EQUITY,1783497600001,0.00000000,161.70133440
COINUSDT,EQUITY,1783526400001,0.00000000,158.66402414
COINUSDT,EQUITY,1783555200001,0.00000000,160.04000000
COINUSDT,EQUITY,1783584000001,0.00000000,161.49000000
COINUSDT,EQUITY,1783612800001,0.00000000,159.94000000
COINUSDT,EQUITY,1783641600001,0.00000000,158.85663824
COINUSDT,EQUITY,1783670400001,0.00006300,160.07930350
COINUSDT,EQUITY,1783699200001,0.00000000,160.10045570
COINUSDT,EQUITY,1783728000001,0.00000000,159.80000000
COINUSDT,EQUITY,1783756800001,0.00001479,160.51466071
COINUSDT,EQUITY,1783785600001,0.00000000,160.70000000
COINUSDT,EQUITY,1783814400001,-0.00045840,159.38000000
COINUSDT,EQUITY,1783843200001,0.00000000,159.49569500
COINUSDT,EQUITY,1783872000001,0.00000000,159.93499465
COINUSDT,EQUITY,1783900800001,-0.00020512,158.42073703
COINUSDT,EQUITY,1783929600001,0.00000000,156.54883834
COINUSDT,EQUITY,1783958400001,0.00009199,157.91000000
COINUSDT,EQUITY,1783987200002,0.00023035,157.15000000
COINUSDT,EQUITY,1784016000001,0.00000000,157.60000000
COINUSDT,EQUITY,1784044800001,0.00015232,158.71000000
COINUSDT,EQUITY,1784073600001,0.00060906,162.88195311
COINUSDT,EQUITY,1784102400001,0.00000000,162.45671809
COINUSDT,EQUITY,1784131200001,0.00013342,163.72000000
COINUSDT,EQUITY,1784160000001,0.00043061,166.47567077
COINUSDT,EQUITY,1784188800002,0.00000000,165.06173102
COINUSDT,EQUITY,1784217600001,0.00000000,164.73024214
COINUSDT,EQUITY,1784246400001,0.00000000,159.79000000
COINUSDT,EQUITY,1784275200001,0.00000000,156.32465154
COINUSDT,EQUITY,1784304000001,0.00000000,157.00076022
COINUSDT,EQUITY,1784332800001,-0.00013208,157.17000000
COINUSDT,EQUITY,1784361600001,0.00000000,157.38564906
COINUSDT,EQUITY,1784390400001,0.00000000,157.19000000
COINUSDT,EQUITY,1784419200001,0.00000000,158.39572969
COINUSDT,EQUITY,1784448000001,0.00000000,158.40741871
COINUSDT,EQUITY,1784476800001,0.00000000,158.33000000
COINUSDT,EQUITY,1784505600002,0.00029932,159.86000000
COINUSDT,EQUITY,1784534400001,0.00000000,158.07271745
COINUSDT,EQUITY,1784563200001,0.00000000,162.44000000
COINUSDT,EQUITY,1784592000001,0.00002552,161.17151222
COINUSDT,EQUITY,1784620800001,0.00013574,164.54772327
COINUSDT,EQUITY,1784649600000,0.00000000,180.63000000
COINUSDT,EQUITY,1784678400000,-0.00007838,177.76000000
COINUSDT,EQUITY,1784707200001,0.00000000,173.79116010
PLTRUSDT,EQUITY,1779465600001,0.00000000,136.51797260
PLTRUSDT,EQUITY,1779494400001,0.00012739,135.99841290
PLTRUSDT,EQUITY,1779523200001,0.00000000,135.48325560
PLTRUSDT,EQUITY,1779552000001,0.00034594,136.98053459
PLTRUSDT,EQUITY,1779580800001,0.00031337,139.59548608
PLTRUSDT,EQUITY,1779609600001,0.00000000,139.87710431
PLTRUSDT,EQUITY,1779638400001,0.00000000,139.13925818
PLTRUSDT,EQUITY,1779667200001,0.00000000,138.81000000
PLTRUSDT,EQUITY,1779696000001,0.00000000,140.06151984
PLTRUSDT,EQUITY,1779724800001,0.00000000,139.94000000
PLTRUSDT,EQUITY,1779753600001,0.00000000,139.92094519
PLTRUSDT,EQUITY,1779782400001,0.00000000,136.50226500
PLTRUSDT,EQUITY,1779811200001,0.00000000,137.52000000
PLTRUSDT,EQUITY,1779840000001,0.00000000,135.90893947
PLTRUSDT,EQUITY,1779868800001,0.00000000,135.60592484
PLTRUSDT,EQUITY,1779897600001,0.00000000,133.29372737
PLTRUSDT,EQUITY,1779926400001,0.00000000,132.99000000
PLTRUSDT,EQUITY,1779955200001,0.00000000,133.19704167
PLTRUSDT,EQUITY,1779984000001,0.00000000,139.90637490
PLTRUSDT,EQUITY,1780012800001,0.00000000,144.13500669
PLTRUSDT,EQUITY,1780041600001,0.00000000,144.26000000
PLTRUSDT,EQUITY,1780070400001,0.00004856,156.91000000
PLTRUSDT,EQUITY,1780099200001,0.00016832,156.40000000
PLTRUSDT,EQUITY,1780128000001,0.00000000,157.64648436
PLTRUSDT,EQUITY,1780156800001,0.00000000,158.54408837
PLTRUSDT,EQUITY,1780185600001,0.00000000,157.76662932
PLTRUSDT,EQUITY,1780214400001,0.00000000,159.30000000
PLTRUSDT,EQUITY,1780243200001,0.00000000,160.07882442
PLTRUSDT,EQUITY,1780272000001,0.00164759,164.42000000
PLTRUSDT,EQUITY,1780300800001,0.00025623,160.21876371
PLTRUSDT,EQUITY,1780329600001,0.00004088,160.51000000
PLTRUSDT,EQUITY,1780358400001,0.00000000,158.16000000
PLTRUSDT,EQUITY,1780387200001,0.00000000,157.94000000
PLTRUSDT,EQUITY,1780416000001,0.00000000,153.68000000
PLTRUSDT,EQUITY,1780444800001,0.00000000,150.01000000
PLTRUSDT,EQUITY,1780473600001,0.00000000,150.60000000
PLTRUSDT,EQUITY,1780502400001,0.00000000,144.10567814
PLTRUSDT,EQUITY,1780531200001,0.00000000,140.22000000
PLTRUSDT,EQUITY,1780560000001,0.00000000,142.74550957
PLTRUSDT,EQUITY,1780588800001,0.00000000,142.79000000
PLTRUSDT,EQUITY,1780617600001,0.00000000,140.93000000
PLTRUSDT,EQUITY,1780646400001,0.00000000,140.65000000
PLTRUSDT,EQUITY,1780675200001,0.00000000,137.77767199
PLTRUSDT,EQUITY,1780704000001,0.00000000,133.92000000
PLTRUSDT,EQUITY,1780732800001,-0.00012096,131.74000000
PLTRUSDT,EQUITY,1780761600001,0.00013424,134.33542504
PLTRUSDT,EQUITY,1780790400002,0.00000000,135.19070664
PLTRUSDT,EQUITY,1780819200001,0.00000000,135.82000000
PLTRUSDT,EQUITY,1780848000001,0.00000000,134.94000000
PLTRUSDT,EQUITY,1780876800001,0.00000000,135.37505349
PLTRUSDT,EQUITY,1780905600001,0.00000000,135.42268310
PLTRUSDT,EQUITY,1780934400001,0.00000000,136.13219458
PLTRUSDT,EQUITY,1780963200001,0.00000000,135.97000000
PLTRUSDT,EQUITY,1780992000001,0.00000000,136.39323484
PLTRUSDT,EQUITY,1781020800001,0.00000000,129.97886959
PLTRUSDT,EQUITY,1781049600001,0.00000000,131.48000000
PLTRUSDT,EQUITY,1781078400001,0.00000000,130.72466932
PLTRUSDT,EQUITY,1781107200001,0.00000000,132.81000000
PLTRUSDT,EQUITY,1781136000001,0.00000000,128.76711810
PLTRUSDT,EQUITY,1781164800001,0.00000000,130.72000000
PLTRUSDT,EQUITY,1781193600001,0.00000000,129.78000000
PLTRUSDT,EQUITY,1781222400001,0.00000000,131.48000000
PLTRUSDT,EQUITY,1781251200001,0.00006705,131.05319079
PLTRUSDT,EQUITY,1781280000001,0.00000000,126.99684296
PLTRUSDT,EQUITY,1781308800001,0.00000000,128.39000000
PLTRUSDT,EQUITY,1781337600001,0.00000000,128.19000000
PLTRUSDT,EQUITY,1781366400001,0.00000000,128.67724163
PLTRUSDT,EQUITY,1781395200001,0.00000000,128.90000000
PLTRUSDT,EQUITY,1781424000001,0.00000000,129.13000000
PLTRUSDT,EQUITY,1781452800001,0.00000000,129.33000000
PLTRUSDT,EQUITY,1781481600001,0.00027154,130.52105912
PLTRUSDT,EQUITY,1781510400002,0.00000000,130.88842012
PLTRUSDT,EQUITY,1781539200001,0.00000000,134.82000000
PLTRUSDT,EQUITY,1781568000001,0.00000000,134.44497574
PLTRUSDT,EQUITY,1781596800001,0.00000000,135.78000000
PLTRUSDT,EQUITY,1781625600001,0.00000000,130.94000000
PLTRUSDT,EQUITY,1781654400001,0.00000000,132.60507367
PLTRUSDT,EQUITY,1781683200001,0.00000000,133.16000000
PLTRUSDT,EQUITY,1781712000001,0.00000000,134.52378511
PLTRUSDT,EQUITY,1781740800001,0.00030051,132.22000000
PLTRUSDT,EQUITY,1781769600001,0.00000000,131.90001597
PLTRUSDT,EQUITY,1781798400001,0.00000000,127.41440490
PLTRUSDT,EQUITY,1781827200001,0.00015750,128.81000000
PLTRUSDT,EQUITY,1781856000001,0.00000000,128.18000000
PLTRUSDT,EQUITY,1781884800001,0.00000000,128.62237412
PLTRUSDT,EQUITY,1781913600001,0.00000000,128.98640310
PLTRUSDT,EQUITY,1781942400001,0.00000000,129.51000000
PLTRUSDT,EQUITY,1781971200001,0.00000000,129.06414107
PLTRUSDT,EQUITY,1782000000001,0.00000000,128.73663613
PLTRUSDT,EQUITY,1782028800001,0.00000000,128.86000000
PLTRUSDT,EQUITY,1782057600001,0.00000000,128.87000000
PLTRUSDT,EQUITY,1782086400001,-0.00041358,126.39000000
PLTRUSDT,EQUITY,1782115200001,0.00046470,127.22739800
PLTRUSDT,EQUITY,1782144000001,0.00009285,122.19815749
PLTRUSDT,EQUITY,1782172800001,0.00005363,119.50000000
PLTRUSDT,EQUITY,1782201600002,0.00000000,117.73300267
PLTRUSDT,EQUITY,1782230400001,0.00000000,118.84353493
PLTRUSDT,EQUITY,1782259200001,0.00000000,116.16366123
PLTRUSDT,EQUITY,1782288000001,0.00000000,116.59000000
PLTRUSDT,EQUITY,1782316800001,0.00000000,114.29883281
PLTRUSDT,EQUITY,1782345600002,0.00000000,113.86990241
PLTRUSDT,EQUITY,1782374400001,0.00000000,113.40854594
PLTRUSDT,EQUITY,1782403200001,0.00000000,106.95000000
PLTRUSDT,EQUITY,1782432000001,0.00007316,108.00684026
PLTRUSDT,EQUITY,1782460800002,0.00000000,108.41880047
PLTRUSDT,EQUITY,1782489600001,0.00000000,113.47000000
PLTRUSDT,EQUITY,1782518400001,0.00000000,112.29986270
PLTRUSDT,EQUITY,1782547200001,0.00000000,112.89082401
PLTRUSDT,EQUITY,1782576000001,0.00000000,112.93000000
PLTRUSDT,EQUITY,1782604800002,0.00000000,113.02990425
PLTRUSDT,EQUITY,1782633600002,0.00000000,113.52634281
PLTRUSDT,EQUITY,1782662400001,0.00000000,113.43150860
PLTRUSDT,EQUITY,1782691200001,0.00000000,113.64207805
PLTRUSDT,EQUITY,1782720000001,0.00011652,114.75302692
PLTRUSDT,EQUITY,1782748800001,0.00000000,115.57270127
PLTRUSDT,EQUITY,1782777600000,0.00039237,116.79106049
PLTRUSDT,EQUITY,1782806400000,0.00002610,116.72022599
PLTRUSDT,EQUITY,1782835200001,0.00000000,116.76000000
PLTRUSDT,EQUITY,1782864000000,0.00027847,117.38986368
PLTRUSDT,EQUITY,1782892800001,0.00002390,117.87000000
PLTRUSDT,EQUITY,1782921600001,0.00000000,127.52000000
PLTRUSDT,EQUITY,1782950400000,0.00000000,125.47000000
PLTRUSDT,EQUITY,1782979200001,0.00000000,125.41694545
PLTRUSDT,EQUITY,1783008000001,0.00000000,129.07000000
PLTRUSDT,EQUITY,1783036800001,0.00000000,129.84441766
PLTRUSDT,EQUITY,1783065600001,0.00000000,129.71592514
PLTRUSDT,EQUITY,1783094400001,0.00000000,128.89442261
PLTRUSDT,EQUITY,1783123200001,0.00000000,130.36959997
PLTRUSDT,EQUITY,1783152000001,0.00000000,130.78000000
PLTRUSDT,EQUITY,1783180800001,0.00000000,131.21000000
PLTRUSDT,EQUITY,1783209600002,0.00000000,131.34000000
PLTRUSDT,EQUITY,1783238400001,0.00000000,131.71000000
PLTRUSDT,EQUITY,1783267200001,0.00000000,131.21000000
PLTRUSDT,EQUITY,1783296000001,0.00000000,131.73000000
PLTRUSDT,EQUITY,1783324800001,0.00000000,129.09473386
PLTRUSDT,EQUITY,1783353600001,0.00000000,133.70652519
PLTRUSDT,EQUITY,1783382400001,0.00000000,132.80846629
PLTRUSDT,EQUITY,1783411200001,0.00000000,133.39899131
PLTRUSDT,EQUITY,1783440000001,0.00000000,135.46000000
PLTRUSDT,EQUITY,1783468800002,0.00000000,134.07000000
PLTRUSDT,EQUITY,1783497600001,0.00000000,133.54486463
PLTRUSDT,EQUITY,1783526400001,0.00000000,128.45709966
PLTRUSDT,EQUITY,1783555200001,0.00000000,131.55000000
PLTRUSDT,EQUITY,1783584000001,0.00000000,131.89804283
PLTRUSDT,EQUITY,1783612800001,0.00000000,126.96349949
PLTRUSDT,EQUITY,1783641600001,0.00000296,128.87318226
PLTRUSDT,EQUITY,1783670400001,0.00000000,129.05612677
PLTRUSDT,EQUITY,1783699200001,0.00000000,127.09000000
PLTRUSDT,EQUITY,1783728000001,0.00000000,126.67000000
PLTRUSDT,EQUITY,1783756800001,0.00000000,127.09873318
PLTRUSDT,EQUITY,1783785600001,0.00000000,126.38000000
PLTRUSDT,EQUITY,1783814400001,0.00000000,126.55000000
PLTRUSDT,EQUITY,1783843200001,0.00000000,126.25483123
PLTRUSDT,EQUITY,1783872000001,0.00000000,126.32327282
PLTRUSDT,EQUITY,1783900800001,0.00000000,126.04606559
PLTRUSDT,EQUITY,1783929600001,0.00000000,127.50000000
PLTRUSDT,EQUITY,1783958400001,0.00000000,129.73269419
PLTRUSDT,EQUITY,1783987200002,0.00000000,129.09000000
PLTRUSDT,EQUITY,1784016000001,0.00000000,128.27322327
PLTRUSDT,EQUITY,1784044800001,0.00000000,131.79139080
PLTRUSDT,EQUITY,1784073600001,0.00000000,134.32735445
PLTRUSDT,EQUITY,1784102400001,0.00000000,133.06000000
PLTRUSDT,EQUITY,1784131200001,0.00000000,134.59000000
PLTRUSDT,EQUITY,1784160000001,0.00000000,133.81720819
PLTRUSDT,EQUITY,1784188800002,0.00000000,134.49896459
PLTRUSDT,EQUITY,1784217600001,0.00000000,133.65000000
PLTRUSDT,EQUITY,1784246400001,0.00000000,132.70959651
PLTRUSDT,EQUITY,1784275200001,0.00000000,131.84000000
PLTRUSDT,EQUITY,1784304000001,0.00000000,131.65000000
PLTRUSDT,EQUITY,1784332800001,0.00000000,131.67000000
PLTRUSDT,EQUITY,1784361600001,0.00000000,131.84400967
PLTRUSDT,EQUITY,1784390400001,0.00000000,131.77000000
PLTRUSDT,EQUITY,1784419200001,0.00000000,132.06941094
PLTRUSDT,EQUITY,1784448000001,0.00000000,131.93009109
PLTRUSDT,EQUITY,1784476800001,0.00000000,131.87000000
PLTRUSDT,EQUITY,1784505600002,0.00000000,132.07000000
PLTRUSDT,EQUITY,1784534400001,0.00000000,131.97039143
PLTRUSDT,EQUITY,1784563200001,0.00000000,133.86000000
PLTRUSDT,EQUITY,1784592000001,0.00000000,134.40000000
PLTRUSDT,EQUITY,1784620800001,0.00000000,133.81050026
PLTRUSDT,EQUITY,1784649600000,0.00000000,134.34000000
PLTRUSDT,EQUITY,1784678400000,0.00000000,131.95000000
PLTRUSDT,EQUITY,1784707200001,0.00000000,132.66000000
EWYUSDT,EQUITY,1779465600001,0.00000000,185.39487689
EWYUSDT,EQUITY,1779494400001,0.00000000,182.14909323
EWYUSDT,EQUITY,1779523200001,-0.00024230,178.42000000
EWYUSDT,EQUITY,1779552000001,0.00077442,181.70000000
EWYUSDT,EQUITY,1779580800001,0.00144017,188.35000000
EWYUSDT,EQUITY,1779609600001,0.00000000,186.82521582
EWYUSDT,EQUITY,1779638400001,0.00000000,186.76000000
EWYUSDT,EQUITY,1779667200001,0.00044552,189.60000000
EWYUSDT,EQUITY,1779696000001,0.00000000,189.55000000
EWYUSDT,EQUITY,1779724800001,0.00117758,190.80606295
EWYUSDT,EQUITY,1779753600001,0.00000000,191.25000000
EWYUSDT,EQUITY,1779782400001,-0.00001147,192.40000000
EWYUSDT,EQUITY,1779811200001,0.00000000,198.29231723
EWYUSDT,EQUITY,1779840000001,0.00000000,202.79471281
EWYUSDT,EQUITY,1779868800001,0.00000000,200.08187645
EWYUSDT,EQUITY,1779897600001,0.00000000,196.40937239
EWYUSDT,EQUITY,1779926400001,0.00000000,195.73000000
EWYUSDT,EQUITY,1779955200001,0.00000000,196.81250000
EWYUSDT,EQUITY,1779984000001,-0.00025490,203.94750000
EWYUSDT,EQUITY,1780012800001,0.00000000,205.29239516
EWYUSDT,EQUITY,1780041600001,0.00000000,204.54368000
EWYUSDT,EQUITY,1780070400001,0.00000000,205.66186881
EWYUSDT,EQUITY,1780099200001,0.00000000,205.90184611
EWYUSDT,EQUITY,1780128000001,0.00000000,206.99000000
EWYUSDT,EQUITY,1780156800001,0.00000000,208.55486187
EWYUSDT,EQUITY,1780185600001,0.00000000,208.16937327
EWYUSDT,EQUITY,1780214400001,0.00004394,209.50000000
EWYUSDT,EQUITY,1780243200001,0.00000000,210.04000000
EWYUSDT,EQUITY,1780272000001,-0.00048761,206.55000000
EWYUSDT,EQUITY,1780300800001,-0.00001889,212.68048242
EWYUSDT,EQUITY,1780329600001,0.00000000,213.10000000
EWYUSDT,EQUITY,1780358400001,0.00000000,215.56000000
EWYUSDT,EQUITY,1780387200001,0.00000000,210.85394290
EWYUSDT,EQUITY,1780416000001,0.00000000,214.10428444
EWYUSDT,EQUITY,1780444800001,0.00025821,212.89675277
EWYUSDT,EQUITY,1780473600001,0.00015301,213.32000000
EWYUSDT,EQUITY,1780502400001,0.00000000,210.99000000
EWYUSDT,EQUITY,1780531200001,-0.00017669,205.35148825
EWYUSDT,EQUITY,1780560000001,0.00000000,203.89380977
EWYUSDT,EQUITY,1780588800001,0.00000000,202.49327192
EWYUSDT,EQUITY,1780617600001,0.00000000,197.93000000
EWYUSDT,EQUITY,1780646400001,0.00015977,192.72474706
EWYUSDT,EQUITY,1780675200001,0.00002753,185.25617883
EWYUSDT,EQUITY,1780704000001,0.00082633,176.66750048
EWYUSDT,EQUITY,1780732800001,0.00000000,174.38000000
EWYUSDT,EQUITY,1780761600001,0.00000000,176.10000000
EWYUSDT,EQUITY,1780790400002,0.00000000,176.11000000
EWYUSDT,EQUITY,1780819200001,0.00025252,178.02806922
EWYUSDT,EQUITY,1780848000001,0.00000000,178.97000000
EWYUSDT,EQUITY,1780876800001,-0.00010063,176.96507517
EWYUSDT,EQUITY,1780905600001,0.00036474,179.79383373
EWYUSDT,EQUITY,1780934400001,0.00030862,185.90564320
EWYUSDT,EQUITY,1780963200001,0.00000000,186.50632996
EWYUSDT,EQUITY,1780992000001,-0.00019658,192.03000000
EWYUSDT,EQUITY,1781020800001,0.00000000,180.00000000
EWYUSDT,EQUITY,1781049600001,0.00063008,184.15612337
EWYUSDT,EQUITY,1781078400001,0.00000000,183.61000000
EWYUSDT,EQUITY,1781107200001,0.00000000,183.24000000
EWYUSDT,EQUITY,1781136000001,0.00026625,177.27094138
EWYUSDT,EQUITY,1781164800001,0.00000000,184.45733796
EWYUSDT,EQUITY,1781193600001,0.00000000,187.91385551
EWYUSDT,EQUITY,1781222400001,0.00000000,199.29000000
EWYUSDT,EQUITY,1781251200001,0.00000000,193.21000000
EWYUSDT,EQUITY,1781280000001,0.00000000,196.26121061
EWYUSDT,EQUITY,1781308800001,0.00001694,198.31843945
EWYUSDT,EQUITY,1781337600001,0.00000000,197.62908217
EWYUSDT,EQUITY,1781366400001,0.00000000,198.54735496
EWYUSDT,EQUITY,1781395200001,0.00000000,198.12000000
EWYUSDT,EQUITY,1781424000001,0.00000000,199.73696926
EWYUSDT,EQUITY,1781452800001,0.00000000,200.89000000
EWYUSDT,EQUITY,1781481600001,0.00095827,204.88437857
EWYUSDT,EQUITY,1781510400002,0.00000000,205.53000000
EWYUSDT,EQUITY,1781539200001,0.00000000,210.22798830
EWYUSDT,EQUITY,1781568000001,0.00000000,210.14163558
EWYUSDT,EQUITY,1781596800001,0.00000000,209.50111549
EWYUSDT,EQUITY,1781625600001,0.00000000,205.75877084
EWYUSDT,EQUITY,1781654400001,0.00000000,205.54659954
EWYUSDT,EQUITY,1781683200001,0.00000000,211.98000000
EWYUSDT,EQUITY,1781712000001,0.00000000,212.36000000
EWYUSDT,EQUITY,1781740800001,0.00020148,210.12328070
EWYUSDT,EQUITY,1781769600001,0.00000000,214.51586231
EWYUSDT,EQUITY,1781798400001,0.00000000,218.49000000
EWYUSDT,EQUITY,1781827200001,-0.00005319,219.44523503
EWYUSDT,EQUITY,1781856000001,0.00000000,216.22000000
EWYUSDT,EQUITY,1781884800001,0.00000000,214.98000000
EWYUSDT,EQUITY,1781913600001,0.00000000,216.06000000
EWYUSDT,EQUITY,1781942400001,0.00000000,217.51943230
EWYUSDT,EQUITY,1781971200001,0.00000000,217.42704950
EWYUSDT,EQUITY,1782000000001,0.00000000,218.72000000
EWYUSDT,EQUITY,1782028800001,0.00000000,219.22551276
EWYUSDT,EQUITY,1782057600001,0.00000000,218.22000000
EWYUSDT,EQUITY,1782086400001,-0.00054046,215.39000000
EWYUSDT,EQUITY,1782115200001,0.00000000,215.09000000
EWYUSDT,EQUITY,1782144000001,-0.00010845,217.63000000
EWYUSDT,EQUITY,1782172800001,0.00000000,216.12892975
EWYUSDT,EQUITY,1782201600002,0.00004075,195.47923851
EWYUSDT,EQUITY,1782230400001,0.00000000,197.01000000
EWYUSDT,EQUITY,1782259200001,0.00009720,196.30000000
EWYUSDT,EQUITY,1782288000001,-0.00036981,198.26782328
EWYUSDT,EQUITY,1782316800001,-0.00013431,196.48000000
EWYUSDT,EQUITY,1782345600002,-0.00058365,211.96000000
EWYUSDT,EQUITY,1782374400001,-0.00027646,207.87000000
EWYUSDT,EQUITY,1782403200001,0.00000000,203.19000000
EWYUSDT,EQUITY,1782432000001,0.00026615,204.59325650
EWYUSDT,EQUITY,1782460800002,0.00028139,198.72000000
EWYUSDT,EQUITY,1782489600001,0.00000000,200.48000000
EWYUSDT,EQUITY,1782518400001,-0.00043583,197.48000000
EWYUSDT,EQUITY,1782547200001,0.00000000,199.02782532
EWYUSDT,EQUITY,1782576000001,0.00000000,199.71000000
EWYUSDT,EQUITY,1782604800002,0.00000000,198.00000000
EWYUSDT,EQUITY,1782633600002,0.00000000,197.66490568
EWYUSDT,EQUITY,1782662400001,0.00000000,199.06295855
EWYUSDT,EQUITY,1782691200001,0.00000000,198.43821374
EWYUSDT,EQUITY,1782720000001,0.00023773,197.75000000
EWYUSDT,EQUITY,1782748800001,0.00006782,193.42657026
EWYUSDT,EQUITY,1782777600000,0.00000000,197.78000000
EWYUSDT,EQUITY,1782806400000,0.00000000,197.30786029
EWYUSDT,EQUITY,1782835200001,0.00011996,200.44669098
EWYUSDT,EQUITY,1782864000000,0.00000000,201.00889071
EWYUSDT,EQUITY,1782892800001,0.00017256,193.36000000
EWYUSDT,EQUITY,1782921600001,0.00000000,188.34000000
EWYUSDT,EQUITY,1782950400000,0.00019178,184.72000000
EWYUSDT,EQUITY,1782979200001,0.00051441,181.31000000
EWYUSDT,EQUITY,1783008000001,0.00000000,180.99296591
EWYUSDT,EQUITY,1783036800001,0.00102765,180.74817589
EWYUSDT,EQUITY,1783065600001,0.00035708,185.25834400
EWYUSDT,EQUITY,1783094400001,0.00000000,188.05352375
EWYUSDT,EQUITY,1783123200001,0.00000000,189.27852975
EWYUSDT,EQUITY,1783152000001,0.00000000,189.11000000
EWYUSDT,EQUITY,1783180800001,0.00000000,189.53714008
EWYUSDT,EQUITY,1783209600002,0.00000000,189.79000000
EWYUSDT,EQUITY,1783238400001,0.00000000,190.86004266
EWYUSDT,EQUITY,1783267200001,0.00000000,189.86645278
EWYUSDT,EQUITY,1783296000001,0.00000000,191.08000000
EWYUSDT,EQUITY,1783324800001,0.00000000,190.52084587
EWYUSDT,EQUITY,1783353600001,0.00000000,191.53000000
EWYUSDT,EQUITY,1783382400001,0.00000000,187.19000000
EWYUSDT,EQUITY,1783411200001,0.00048722,182.89957221
EWYUSDT,EQUITY,1783440000001,0.00000000,180.30000000
EWYUSDT,EQUITY,1783468800002,0.00000000,178.97915724
EWYUSDT,EQUITY,1783497600001,0.00035677,176.39547617
EWYUSDT,EQUITY,1783526400001,0.00000000,176.02000000
EWYUSDT,EQUITY,1783555200001,0.00040468,182.61444038
EWYUSDT,EQUITY,1783584000001,0.00024985,178.31000000
EWYUSDT,EQUITY,1783612800001,0.00000000,183.95786778
EWYUSDT,EQUITY,1783641600001,0.00075203,184.99000000
EWYUSDT,EQUITY,1783670400001,0.00000000,182.26962307
EWYUSDT,EQUITY,1783699200001,0.00000000,183.00173488
EWYUSDT,EQUITY,1783728000001,0.00046911,183.35076768
EWYUSDT,EQUITY,1783756800001,0.00000000,183.09000000
EWYUSDT,EQUITY,1783785600001,0.00000000,183.36000000
EWYUSDT,EQUITY,1783814400001,0.00000000,182.29194551
EWYUSDT,EQUITY,1783843200001,0.00000000,182.73504594
EWYUSDT,EQUITY,1783872000001,0.00000000,183.17551359
EWYUSDT,EQUITY,1783900800001,-0.00009165,181.75416131
EWYUSDT,EQUITY,1783929600001,0.00106469,167.93914469
EWYUSDT,EQUITY,1783958400001,0.00000000,169.94000000
EWYUSDT,EQUITY,1783987200002,0.00031680,167.58000000
EWYUSDT,EQUITY,1784016000001,0.00045031,168.74669557
EWYUSDT,EQUITY,1784044800001,0.00000000,175.17390388
EWYUSDT,EQUITY,1784073600001,0.00000000,178.76845411
EWYUSDT,EQUITY,1784102400001,0.00000000,177.21045608
EWYUSDT,EQUITY,1784131200001,0.00000000,169.49633346
EWYUSDT,EQUITY,1784160000001,0.00080187,170.55172456
EWYUSDT,EQUITY,1784188800002,0.00014193,168.20439639
EWYUSDT,EQUITY,1784217600001,0.00000000,166.09624467
EWYUSDT,EQUITY,1784246400001,0.00069927,162.23000000
EWYUSDT,EQUITY,1784275200001,0.00004333,157.12213438
EWYUSDT,EQUITY,1784304000001,0.00000000,167.53890917
EWYUSDT,EQUITY,1784332800001,0.00000000,161.75539498
EWYUSDT,EQUITY,1784361600001,0.00000000,163.73000000
EWYUSDT,EQUITY,1784390400001,0.00000000,162.24000000
EWYUSDT,EQUITY,1784419200001,0.00000000,162.15000000
EWYUSDT,EQUITY,1784448000001,0.00000000,163.44686831
EWYUSDT,EQUITY,1784476800001,0.00000000,163.02000000
EWYUSDT,EQUITY,1784505600002,0.00000000,163.26266034
EWYUSDT,EQUITY,1784534400001,0.00031875,162.48000000
EWYUSDT,EQUITY,1784563200001,0.00000000,165.61284003
EWYUSDT,EQUITY,1784592000001,0.00000000,162.81000000
EWYUSDT,EQUITY,1784620800001,0.00011080,168.59000000
EWYUSDT,EQUITY,1784649600000,0.00000000,171.99216901
EWYUSDT,EQUITY,1784678400000,0.00000000,174.59000000
EWYUSDT,EQUITY,1784707200001,0.00000000,168.19000000
EWJUSDT,EQUITY,1779465600001,0.00000000,91.76000000
EWJUSDT,EQUITY,1779494400001,0.00000000,91.55000000
EWJUSDT,EQUITY,1779523200001,0.00000000,90.87000000
EWJUSDT,EQUITY,1779552000001,0.00000000,90.84829769
EWJUSDT,EQUITY,1779580800001,0.00000000,91.73000000
EWJUSDT,EQUITY,1779609600001,0.00000000,92.13000000
EWJUSDT,EQUITY,1779638400001,0.00002560,93.92075942
EWJUSDT,EQUITY,1779667200001,0.00019502,95.13000000
EWJUSDT,EQUITY,1779696000001,0.00000000,95.76733691
EWJUSDT,EQUITY,1779724800001,0.00000000,95.12000000
EWJUSDT,EQUITY,1779753600001,0.00000000,94.13316806
EWJUSDT,EQUITY,1779782400001,0.00000000,92.61377290
EWJUSDT,EQUITY,1779811200001,0.00014699,92.97000000
EWJUSDT,EQUITY,1779840000001,0.00123541,93.40546773
EWJUSDT,EQUITY,1779868800001,0.00000000,92.43000000
EWJUSDT,EQUITY,1779897600001,0.00000000,92.11456235
EWJUSDT,EQUITY,1779926400001,0.00078479,92.07000000
EWJUSDT,EQUITY,1779955200001,0.00000000,91.80000000
EWJUSDT,EQUITY,1779984000001,0.00000000,92.71000000
EWJUSDT,EQUITY,1780012800001,0.00000000,92.74977000
EWJUSDT,EQUITY,1780041600001,0.00000000,93.54729548
EWJUSDT,EQUITY,1780070400001,0.00000000,93.05252926
EWJUSDT,EQUITY,1780099200001,0.00000000,92.94000000
EWJUSDT,EQUITY,1780128000001,0.00000000,93.01958699
EWJUSDT,EQUITY,1780156800001,0.00000000,93.16430272
EWJUSDT,EQUITY,1780185600001,0.00000000,92.95988732
EWJUSDT,EQUITY,1780214400001,0.00000000,93.35000000
EWJUSDT,EQUITY,1780243200001,0.00000000,93.31046993
EWJUSDT,EQUITY,1780272000001,0.00000000,92.80216366
EWJUSDT,EQUITY,1780300800001,0.00000000,93.23852000
EWJUSDT,EQUITY,1780329600001,0.00000000,92.66643795
EWJUSDT,EQUITY,1780358400001,0.00000000,92.71706871
EWJUSDT,EQUITY,1780387200001,0.00000000,92.93828645
EWJUSDT,EQUITY,1780416000001,0.00000000,93.50690200
EWJUSDT,EQUITY,1780444800001,0.00000000,93.27851900
EWJUSDT,EQUITY,1780473600001,0.00000000,94.65984363
EWJUSDT,EQUITY,1780502400001,0.00000000,93.92000000
EWJUSDT,EQUITY,1780531200001,0.00000000,93.64929175
EWJUSDT,EQUITY,1780560000001,0.00000000,93.62666667
EWJUSDT,EQUITY,1780588800001,0.00000000,93.72846864
EWJUSDT,EQUITY,1780617600001,-0.00000671,93.99497277
EWJUSDT,EQUITY,1780646400001,0.00000000,92.97914643
EWJUSDT,EQUITY,1780675200001,0.00000000,92.19000000
EWJUSDT,EQUITY,1780704000001,-0.00013730,90.48003856
EWJUSDT,EQUITY,1780732800001,-0.00014233,88.09592866
EWJUSDT,EQUITY,1780761600001,0.00000000,87.77000000
EWJUSDT,EQUITY,1780790400002,0.00000000,88.22515253
EWJUSDT,EQUITY,1780819200001,0.00000000,88.54446151
EWJUSDT,EQUITY,1780848000001,0.00000000,88.32605595
EWJUSDT,EQUITY,1780876800001,0.00000000,89.55000000
EWJUSDT,EQUITY,1780905600001,0.00000000,90.93496212
EWJUSDT,EQUITY,1780934400001,0.00000000,92.15848510
EWJUSDT,EQUITY,1780963200001,-0.00000269,91.38165810
EWJUSDT,EQUITY,1780992000001,0.00000000,91.80000000
EWJUSDT,EQUITY,1781020800001,0.00000000,90.95123259
EWJUSDT,EQUITY,1781049600001,-0.00038381,90.54324043
EWJUSDT,EQUITY,1781078400001,0.00000000,90.24546320
EWJUSDT,EQUITY,1781107200001,0.00000000,89.74622765
EWJUSDT,EQUITY,1781136000001,-0.00003742,88.91014725
EWJUSDT,EQUITY,1781164800001,0.00000000,90.02000000
EWJUSDT,EQUITY,1781193600001,0.00000000,90.17702715
EWJUSDT,EQUITY,1781222400001,0.00132298,92.31894394
EWJUSDT,EQUITY,1781251200001,0.00000000,91.51302839
EWJUSDT,EQUITY,1781280000001,0.00000000,92.39047568
EWJUSDT,EQUITY,1781308800001,0.00040519,92.85218639
EWJUSDT,EQUITY,1781337600001,0.00000000,92.80000000
EWJUSDT,EQUITY,1781366400001,0.00000000,92.84909007
EWJUSDT,EQUITY,1781395200001,0.00000000,92.14947384
EWJUSDT,EQUITY,1781424000001,0.00000000,92.24000000
EWJUSDT,EQUITY,1781452800001,0.00000000,92.60000000
EWJUSDT,EQUITY,1781481600001,0.00000000,93.91159160
EWJUSDT,EQUITY,1781510400002,0.00000000,94.26000000
EWJUSDT,EQUITY,1781539200001,0.00000000,94.09390170
EWJUSDT,EQUITY,1781568000001,0.00000000,94.08000000
EWJUSDT,EQUITY,1781596800001,0.00000000,94.21139430
EWJUSDT,EQUITY,1781625600001,0.00000000,94.37141986
EWJUSDT,EQUITY,1781654400001,0.00000000,94.00000000
EWJUSDT,EQUITY,1781683200001,0.00000000,94.65157742
EWJUSDT,EQUITY,1781712000001,0.00000000,95.69000000
EWJUSDT,EQUITY,1781740800001,0.00000000,94.63385715
EWJUSDT,EQUITY,1781769600001,0.00000000,96.15835714
EWJUSDT,EQUITY,1781798400001,0.00000000,96.22426351
EWJUSDT,EQUITY,1781827200001,0.00034746,96.60671283
EWJUSDT,EQUITY,1781856000001,0.00000000,95.98404884
EWJUSDT,EQUITY,1781884800001,0.00000000,95.44000000
EWJUSDT,EQUITY,1781913600001,0.00000000,95.40000000
EWJUSDT,EQUITY,1781942400001,0.00000000,95.66064228
EWJUSDT,EQUITY,1781971200001,0.00000000,95.63735001
EWJUSDT,EQUITY,1782000000001,0.00000000,95.30971160
EWJUSDT,EQUITY,1782028800001,0.00000000,95.72000000
EWJUSDT,EQUITY,1782057600001,0.00000000,95.68751025
EWJUSDT,EQUITY,1782086400001,-0.00038243,94.35000000
EWJUSDT,EQUITY,1782115200001,0.00000000,96.43745580
EWJUSDT,EQUITY,1782144000001,0.00000000,96.99365005
EWJUSDT,EQUITY,1782172800001,0.00000000,97.22998778
EWJUSDT,EQUITY,1782201600002,0.00000000,92.94270325
EWJUSDT,EQUITY,1782230400001,0.00000000,93.04000000
EWJUSDT,EQUITY,1782259200001,0.00057124,92.96000000
EWJUSDT,EQUITY,1782288000001,0.00000000,92.43502358
EWJUSDT,EQUITY,1782316800001,0.00000000,92.92710357
EWJUSDT,EQUITY,1782345600002,0.00007247,93.94000000
EWJUSDT,EQUITY,1782374400001,0.00000000,94.19146160
EWJUSDT,EQUITY,1782403200001,0.00000000,93.75000000
EWJUSDT,EQUITY,1782432000001,0.00000000,93.59149270
EWJUSDT,EQUITY,1782460800002,0.00000000,93.04725289
EWJUSDT,EQUITY,1782489600001,0.00000000,93.13024338
EWJUSDT,EQUITY,1782518400001,0.00047603,93.12513566
EWJUSDT,EQUITY,1782547200001,0.00000000,93.28000000
EWJUSDT,EQUITY,1782576000001,0.00000000,93.05868851
EWJUSDT,EQUITY,1782604800002,0.00000000,93.13387657
EWJUSDT,EQUITY,1782633600002,0.00000000,93.07809480
EWJUSDT,EQUITY,1782662400001,0.00000000,93.22516345
EWJUSDT,EQUITY,1782691200001,0.00000000,93.66710208
EWJUSDT,EQUITY,1782720000001,0.00000000,92.43000000
EWJUSDT,EQUITY,1782748800001,0.00000000,92.89000000
EWJUSDT,EQUITY,1782777600000,-0.00100093,93.40611223
EWJUSDT,EQUITY,1782806400000,0.00000000,92.96000000
EWJUSDT,EQUITY,1782835200001,0.00000000,93.18059318
EWJUSDT,EQUITY,1782864000000,0.00000000,93.77000000
EWJUSDT,EQUITY,1782892800001,0.00000000,92.82353330
EWJUSDT,EQUITY,1782921600001,0.00000000,93.56782319
EWJUSDT,EQUITY,1782950400000,0.00000000,93.04000000
EWJUSDT,EQUITY,1782979200001,0.00000000,92.71106331
EWJUSDT,EQUITY,1783008000001,0.00000000,93.36304034
EWJUSDT,EQUITY,1783036800001,0.00000000,93.63979041
EWJUSDT,EQUITY,1783065600001,0.00028639,96.43040934
EWJUSDT,EQUITY,1783094400001,0.00000000,96.08801365
EWJUSDT,EQUITY,1783123200001,0.00000000,95.58000000
EWJUSDT,EQUITY,1783152000001,0.00000000,95.17000000
EWJUSDT,EQUITY,1783180800001,0.00000000,95.01430753
EWJUSDT,EQUITY,1783209600002,0.00000000,95.15178905
EWJUSDT,EQUITY,1783238400001,0.00000000,94.87806614
EWJUSDT,EQUITY,1783267200001,0.00000000,94.77000000
EWJUSDT,EQUITY,1783296000001,0.00000000,95.01000000
EWJUSDT,EQUITY,1783324800001,0.00000000,94.88000000
EWJUSDT,EQUITY,1783353600001,0.00058270,95.08731924
EWJUSDT,EQUITY,1783382400001,0.00000000,95.03567728
EWJUSDT,EQUITY,1783411200001,0.00000000,94.05184236
EWJUSDT,EQUITY,1783440000001,0.00000000,93.20457196
EWJUSDT,EQUITY,1783468800002,0.00000000,93.32595999
EWJUSDT,EQUITY,1783497600001,0.00000000,92.35000000
EWJUSDT,EQUITY,1783526400001,0.00000000,91.51623075
EWJUSDT,EQUITY,1783555200001,0.00000000,92.31718211
EWJUSDT,EQUITY,1783584000001,0.00000000,92.82759769
EWJUSDT,EQUITY,1783612800001,0.00000000,93.54338013
EWJUSDT,EQUITY,1783641600001,0.00000000,93.69000000
EWJUSDT,EQUITY,1783670400001,0.00000000,94.05981674
EWJUSDT,EQUITY,1783699200001,0.00000000,94.52986176
EWJUSDT,EQUITY,1783728000001,0.00000000,94.66584615
EWJUSDT,EQUITY,1783756800001,0.00000000,95.02000000
EWJUSDT,EQUITY,1783785600001,0.00000000,95.36545766
EWJUSDT,EQUITY,1783814400001,0.00000000,95.20000000
EWJUSDT,EQUITY,1783843200001,0.00000000,94.41726289
EWJUSDT,EQUITY,1783872000001,0.00000000,94.94316903
EWJUSDT,EQUITY,1783900800001,0.00000000,94.29465762
EWJUSDT,EQUITY,1783929600001,0.00000000,92.39000000
EWJUSDT,EQUITY,1783958400001,0.00000000,93.14000000
EWJUSDT,EQUITY,1783987200002,0.00000000,92.39718477
EWJUSDT,EQUITY,1784016000001,0.00018095,92.83000000
EWJUSDT,EQUITY,1784044800001,0.00000000,94.18000000
EWJUSDT,EQUITY,1784073600001,0.00060007,93.97000000
EWJUSDT,EQUITY,1784102400001,0.00000000,94.22000000
EWJUSDT,EQUITY,1784131200001,0.00000000,93.35807641
EWJUSDT,EQUITY,1784160000001,0.00000000,93.37933505
EWJUSDT,EQUITY,1784188800002,0.00000000,92.11598149
EWJUSDT,EQUITY,1784217600001,0.00000000,92.36977650
EWJUSDT,EQUITY,1784246400001,0.00000000,91.56847723
EWJUSDT,EQUITY,1784275200001,0.00000000,89.40000000
EWJUSDT,EQUITY,1784304000001,0.00000000,90.49706301
EWJUSDT,EQUITY,1784332800001,0.00000000,90.67024728
EWJUSDT,EQUITY,1784361600001,0.00000000,90.91945141
EWJUSDT,EQUITY,1784390400001,0.00000000,91.11000000
EWJUSDT,EQUITY,1784419200001,-0.00008990,90.70000000
EWJUSDT,EQUITY,1784448000001,0.00000000,90.15513188
EWJUSDT,EQUITY,1784476800001,0.00000000,89.76000413
EWJUSDT,EQUITY,1784505600002,0.00000000,90.39000000
EWJUSDT,EQUITY,1784534400001,0.00000000,90.64000000
EWJUSDT,EQUITY,1784563200001,0.00000000,91.05355897
EWJUSDT,EQUITY,1784592000001,0.00000000,90.53009154
EWJUSDT,EQUITY,1784620800001,0.00000000,91.90913136
EWJUSDT,EQUITY,1784649600000,0.00000000,92.88000000
EWJUSDT,EQUITY,1784678400000,0.00041661,92.97669737
EWJUSDT,EQUITY,1784707200001,0.00000000,92.17573334
PAYPUSDT,EQUITY,1779465600001,-0.00115498,19.35630000
PAYPUSDT,EQUITY,1779494400001,0.00000000,19.12000000
PAYPUSDT,EQUITY,1779523200001,0.00010641,19.43987687
PAYPUSDT,EQUITY,1779552000001,0.00000000,19.65435796
PAYPUSDT,EQUITY,1779580800001,0.00000000,19.64000000
PAYPUSDT,EQUITY,1779609600001,0.00000000,19.65000000
PAYPUSDT,EQUITY,1779638400001,0.00000000,19.72459685
PAYPUSDT,EQUITY,1779667200001,0.00000000,19.78445048
PAYPUSDT,EQUITY,1779696000001,0.00000000,19.69514711
PAYPUSDT,EQUITY,1779724800001,0.00000000,19.55725344
PAYPUSDT,EQUITY,1779753600001,0.00000000,19.38007501
PAYPUSDT,EQUITY,1779782400001,0.00000000,19.25000000
PAYPUSDT,EQUITY,1779811200001,0.00000000,19.56016129
PAYPUSDT,EQUITY,1779840000001,-0.00077749,19.52500000
PAYPUSDT,EQUITY,1779868800001,0.00000000,19.39500000
PAYPUSDT,EQUITY,1779897600001,0.00000000,19.40500000
PAYPUSDT,EQUITY,1779926400001,-0.00049116,19.41790323
PAYPUSDT,EQUITY,1779955200001,-0.00190600,19.39999967
PAYPUSDT,EQUITY,1779984000001,-0.00130465,19.60254271
PAYPUSDT,EQUITY,1780012800001,0.00000000,19.69500000
PAYPUSDT,EQUITY,1780041600001,0.00000000,19.47645161
PAYPUSDT,EQUITY,1780070400001,-0.00115590,19.64000000
PAYPUSDT,EQUITY,1780099200001,-0.00001920,19.61000000
PAYPUSDT,EQUITY,1780128000001,0.00000000,19.74000000
PAYPUSDT,EQUITY,1780156800001,0.00000000,19.79034468
PAYPUSDT,EQUITY,1780185600001,0.00000000,19.83509066
PAYPUSDT,EQUITY,1780214400001,0.00000000,19.87000000
PAYPUSDT,EQUITY,1780243200001,0.00000000,19.90994746
PAYPUSDT,EQUITY,1780272000001,0.00000000,20.01000000
PAYPUSDT,EQUITY,1780300800001,0.00017824,19.51048387
PAYPUSDT,EQUITY,1780329600001,-0.00281084,18.95875845
PAYPUSDT,EQUITY,1780358400001,-0.00181970,18.83080645
PAYPUSDT,EQUITY,1780387200001,0.00000000,18.76499881
PAYPUSDT,EQUITY,1780416000001,-0.00009425,18.55927450
PAYPUSDT,EQUITY,1780444800001,0.00005339,18.52000000
PAYPUSDT,EQUITY,1780473600001,0.00000000,18.70274394
PAYPUSDT,EQUITY,1780502400001,0.00000000,16.83844444
PAYPUSDT,EQUITY,1780531200001,-0.00004098,17.06000000
PAYPUSDT,EQUITY,1780560000001,0.00000000,17.10500000
PAYPUSDT,EQUITY,1780588800001,0.00000000,16.16379032
PAYPUSDT,EQUITY,1780617600001,0.00000000,15.87000000
PAYPUSDT,EQUITY,1780646400001,0.00000000,15.80000000
PAYPUSDT,EQUITY,1780675200001,0.00000000,15.27881504
PAYPUSDT,EQUITY,1780704000001,0.00000000,15.06000000
PAYPUSDT,EQUITY,1780732800001,-0.00044815,14.61000000
PAYPUSDT,EQUITY,1780761600001,0.00000000,14.41000000
PAYPUSDT,EQUITY,1780790400002,0.00000000,14.41524299
PAYPUSDT,EQUITY,1780819200001,0.00000000,14.75541536
PAYPUSDT,EQUITY,1780848000001,0.00000000,14.99040975
PAYPUSDT,EQUITY,1780876800001,0.00000000,15.35506342
PAYPUSDT,EQUITY,1780905600001,0.00000000,15.08861448
PAYPUSDT,EQUITY,1780934400001,0.00000000,15.34000000
PAYPUSDT,EQUITY,1780963200001,-0.00052868,15.22000000
PAYPUSDT,EQUITY,1780992000001,0.00000000,15.13999972
PAYPUSDT,EQUITY,1781020800001,0.00000000,14.32012742
PAYPUSDT,EQUITY,1781049600001,0.00000000,14.60458254
PAYPUSDT,EQUITY,1781078400001,0.00000000,14.28000000
PAYPUSDT,EQUITY,1781107200001,0.00000000,13.87945892
PAYPUSDT,EQUITY,1781136000001,0.00000000,13.54585385
PAYPUSDT,EQUITY,1781164800001,0.00000000,13.76089778
PAYPUSDT,EQUITY,1781193600001,0.00000000,13.80847465
PAYPUSDT,EQUITY,1781222400001,0.00000000,14.66000000
PAYPUSDT,EQUITY,1781251200001,0.00000000,14.35000000
PAYPUSDT,EQUITY,1781280000001,0.00000000,14.35633606
PAYPUSDT,EQUITY,1781308800001,0.00000000,14.16387097
PAYPUSDT,EQUITY,1781337600001,0.00000000,14.17523985
PAYPUSDT,EQUITY,1781366400001,0.00000000,14.07969586
PAYPUSDT,EQUITY,1781395200001,0.00000000,14.12000000
PAYPUSDT,EQUITY,1781424000001,0.00000000,14.06000000
PAYPUSDT,EQUITY,1781452800001,0.00000000,14.02000000
PAYPUSDT,EQUITY,1781481600001,0.00000000,14.15000000
PAYPUSDT,EQUITY,1781510400002,0.00000000,14.38340426
PAYPUSDT,EQUITY,1781539200001,0.00000000,14.04396914
PAYPUSDT,EQUITY,1781568000001,0.00000000,14.21000000
PAYPUSDT,EQUITY,1781596800001,0.00000000,14.25893097
PAYPUSDT,EQUITY,1781625600001,0.00000000,13.59000000
PAYPUSDT,EQUITY,1781654400001,0.00000000,13.57500000
PAYPUSDT,EQUITY,1781683200001,0.00000000,13.60250000
PAYPUSDT,EQUITY,1781712000001,0.00000000,13.51000000
PAYPUSDT,EQUITY,1781740800001,0.00000000,12.96000000
PAYPUSDT,EQUITY,1781769600001,0.00000000,12.90000000
PAYPUSDT,EQUITY,1781798400001,0.00000000,12.56175926
PAYPUSDT,EQUITY,1781827200001,0.00000000,12.51000053
PAYPUSDT,EQUITY,1781856000001,0.00000000,12.45000000
PAYPUSDT,EQUITY,1781884800001,0.00000000,12.54999559
PAYPUSDT,EQUITY,1781913600001,0.00000000,12.56000000
PAYPUSDT,EQUITY,1781942400001,0.00000000,12.70014660
PAYPUSDT,EQUITY,1781971200001,0.00000000,12.67000000
PAYPUSDT,EQUITY,1782000000001,0.00000000,12.60498610
PAYPUSDT,EQUITY,1782028800001,0.00000000,12.65901340
PAYPUSDT,EQUITY,1782057600001,0.00000000,12.68000000
PAYPUSDT,EQUITY,1782086400001,0.00000000,12.64316097
PAYPUSDT,EQUITY,1782115200001,0.00000000,12.41217157
PAYPUSDT,EQUITY,1782144000001,0.00000000,13.45624674
PAYPUSDT,EQUITY,1782172800001,0.00000000,13.77000212
PAYPUSDT,EQUITY,1782201600002,-0.00002105,13.19664164
PAYPUSDT,EQUITY,1782230400001,0.00000000,14.33757129
PAYPUSDT,EQUITY,1782259200001,0.00000000,14.72000000
PAYPUSDT,EQUITY,1782288000001,-0.00009069,14.52308886
PAYPUSDT,EQUITY,1782316800001,0.00000000,13.87000000
PAYPUSDT,EQUITY,1782345600002,0.00000000,13.82240466
PAYPUSDT,EQUITY,1782374400001,0.00000000,13.85000000
PAYPUSDT,EQUITY,1782403200001,0.00000000,13.91275735
PAYPUSDT,EQUITY,1782432000001,0.00024742,14.11564907
PAYPUSDT,EQUITY,1782460800002,0.00060136,13.86000000
PAYPUSDT,EQUITY,1782489600001,0.00000000,14.24316289
PAYPUSDT,EQUITY,1782518400001,0.00084165,14.27237586
PAYPUSDT,EQUITY,1782547200001,0.00026425,14.49000000
PAYPUSDT,EQUITY,1782576000001,0.00000000,14.37971963
PAYPUSDT,EQUITY,1782604800002,0.00000000,14.17977390
PAYPUSDT,EQUITY,1782633600002,0.00000000,14.09155312
PAYPUSDT,EQUITY,1782662400001,0.00000000,13.96200040
PAYPUSDT,EQUITY,1782691200001,0.00000000,14.14000000
PAYPUSDT,EQUITY,1782720000001,0.00120425,14.33710666
PAYPUSDT,EQUITY,1782748800001,0.00000000,14.59000000
PAYPUSDT,EQUITY,1782777600000,0.00000000,14.59134711
PAYPUSDT,EQUITY,1782806400000,-0.00018009,14.45301887
PAYPUSDT,EQUITY,1782835200001,0.00000000,14.56000000
PAYPUSDT,EQUITY,1782864000000,-0.00098074,14.54756735
PAYPUSDT,EQUITY,1782892800001,0.00214000,14.46548942
PAYPUSDT,EQUITY,1782921600001,0.00000000,15.14601693
PAYPUSDT,EQUITY,1782950400000,0.00000000,14.59000000
PAYPUSDT,EQUITY,1782979200001,0.00000000,14.52000000
PAYPUSDT,EQUITY,1783008000001,0.00000000,14.71000000
PAYPUSDT,EQUITY,1783036800001,0.00000000,14.82509014
PAYPUSDT,EQUITY,1783065600001,0.00000000,14.92299848
PAYPUSDT,EQUITY,1783094400001,0.00000000,14.89505025
PAYPUSDT,EQUITY,1783123200001,0.00000000,14.70786950
PAYPUSDT,EQUITY,1783152000001,0.00000000,14.67500389
PAYPUSDT,EQUITY,1783180800001,0.00000000,14.61000000
PAYPUSDT,EQUITY,1783209600002,0.00000000,14.60265270
PAYPUSDT,EQUITY,1783238400001,0.00000000,14.60000000
PAYPUSDT,EQUITY,1783267200001,0.00000000,14.59500356
PAYPUSDT,EQUITY,1783296000001,0.00000000,14.58017470
PAYPUSDT,EQUITY,1783324800001,-0.00344766,15.15000000
PAYPUSDT,EQUITY,1783353600001,0.00000000,15.19528585
PAYPUSDT,EQUITY,1783382400001,0.00002205,15.13000000
PAYPUSDT,EQUITY,1783411200001,0.00000000,15.15000000
PAYPUSDT,EQUITY,1783440000001,0.00026592,15.82502610
PAYPUSDT,EQUITY,1783468800002,0.00000000,15.91999764
PAYPUSDT,EQUITY,1783497600001,0.00000000,15.84543459
PAYPUSDT,EQUITY,1783526400001,0.00000000,14.88121216
PAYPUSDT,EQUITY,1783555200001,-0.00007291,15.11000000
PAYPUSDT,EQUITY,1783584000001,-0.00061760,14.93000000
PAYPUSDT,EQUITY,1783612800001,0.00000000,15.68754257
PAYPUSDT,EQUITY,1783641600001,0.00000000,15.61142791
PAYPUSDT,EQUITY,1783670400001,0.00000000,15.92251022
PAYPUSDT,EQUITY,1783699200001,0.00000000,15.87000000
PAYPUSDT,EQUITY,1783728000001,0.00000000,15.59290702
PAYPUSDT,EQUITY,1783756800001,0.00000000,15.61386657
PAYPUSDT,EQUITY,1783785600001,0.00000000,15.55000000
PAYPUSDT,EQUITY,1783814400001,0.00000000,15.42000000
PAYPUSDT,EQUITY,1783843200001,0.00000000,15.29495400
PAYPUSDT,EQUITY,1783872000001,0.00000000,15.28501585
PAYPUSDT,EQUITY,1783900800001,0.00000000,15.28501521
PAYPUSDT,EQUITY,1783929600001,-0.00027108,15.56087477
PAYPUSDT,EQUITY,1783958400001,0.00000000,15.68000000
PAYPUSDT,EQUITY,1783987200002,0.00000000,15.19834793
PAYPUSDT,EQUITY,1784016000001,-0.00040731,15.59474725
PAYPUSDT,EQUITY,1784044800001,0.00000000,15.06000000
PAYPUSDT,EQUITY,1784073600001,0.00000000,15.07231549
PAYPUSDT,EQUITY,1784102400001,0.00009471,14.97551923
PAYPUSDT,EQUITY,1784131200001,-0.00048095,15.63093131
PAYPUSDT,EQUITY,1784160000001,0.00090430,15.47000000
PAYPUSDT,EQUITY,1784188800002,0.00027301,15.51404234
PAYPUSDT,EQUITY,1784217600001,0.00000000,15.53000000
PAYPUSDT,EQUITY,1784246400001,0.00000000,15.42000000
PAYPUSDT,EQUITY,1784275200001,0.00000000,15.15987145
PAYPUSDT,EQUITY,1784304000001,0.00000000,15.54000000
PAYPUSDT,EQUITY,1784332800001,0.00063146,15.60278441
PAYPUSDT,EQUITY,1784361600001,0.00000000,15.69318001
PAYPUSDT,EQUITY,1784390400001,0.00000000,15.55493122
PAYPUSDT,EQUITY,1784419200001,0.00000000,15.57522422
PAYPUSDT,EQUITY,1784448000001,0.00000000,15.56500854
PAYPUSDT,EQUITY,1784476800001,0.00000000,15.56000000
PAYPUSDT,EQUITY,1784505600002,0.00000000,15.56499242
PAYPUSDT,EQUITY,1784534400001,0.00000000,15.42000000
PAYPUSDT,EQUITY,1784563200001,0.00000000,15.09277181
PAYPUSDT,EQUITY,1784592000001,0.00000000,15.01706931
PAYPUSDT,EQUITY,1784620800001,0.00031598,15.13924214
PAYPUSDT,EQUITY,1784649600000,0.00000000,15.19958705
PAYPUSDT,EQUITY,1784678400000,0.00004118,15.40000000
PAYPUSDT,EQUITY,1784707200001,0.00000000,15.40000000
METAUSDT,EQUITY,1779465600001,0.00028962,609.92606113
METAUSDT,EQUITY,1779494400001,0.00030738,608.21839934
METAUSDT,EQUITY,1779523200001,0.00000000,606.64979439
METAUSDT,EQUITY,1779552000001,0.00006686,611.75960101
METAUSDT,EQUITY,1779580800001,0.00000137,616.75000000
METAUSDT,EQUITY,1779609600001,0.00000000,616.84000000
METAUSDT,EQUITY,1779638400001,0.00000000,614.94459938
METAUSDT,EQUITY,1779667200001,0.00000000,614.46589008
METAUSDT,EQUITY,1779696000001,0.00000000,618.04000000
METAUSDT,EQUITY,1779724800001,0.00000000,616.84846854
METAUSDT,EQUITY,1779753600001,0.00000000,617.14000000
METAUSDT,EQUITY,1779782400001,0.00019074,611.78000000
METAUSDT,EQUITY,1779811200001,0.00002962,607.68997477
METAUSDT,EQUITY,1779840000001,0.00031461,610.63658040
METAUSDT,EQUITY,1779868800001,0.00013615,611.42390548
METAUSDT,EQUITY,1779897600001,0.00023321,612.40896624
METAUSDT,EQUITY,1779926400001,0.00013592,630.45000000
METAUSDT,EQUITY,1779955200001,0.00022350,630.23000000
METAUSDT,EQUITY,1779984000001,0.00025873,632.70000000
METAUSDT,EQUITY,1780012800001,0.00000762,633.16840535
METAUSDT,EQUITY,1780041600001,0.00000000,633.95000000
METAUSDT,EQUITY,1780070400001,0.00000000,627.81000000
METAUSDT,EQUITY,1780099200001,0.00000000,632.34000000
METAUSDT,EQUITY,1780128000001,0.00000000,635.21000000
METAUSDT,EQUITY,1780156800001,0.00000000,637.19773071
METAUSDT,EQUITY,1780185600001,0.00000000,635.83000000
METAUSDT,EQUITY,1780214400001,0.00000000,639.33000000
METAUSDT,EQUITY,1780243200001,0.00000000,637.57000000
METAUSDT,EQUITY,1780272000001,0.00000000,636.41000000
METAUSDT,EQUITY,1780300800001,0.00000000,633.31506048
METAUSDT,EQUITY,1780329600001,0.00000000,616.65000000
METAUSDT,EQUITY,1780358400001,0.00005032,601.49000000
METAUSDT,EQUITY,1780387200001,0.00011040,604.72272371
METAUSDT,EQUITY,1780416000001,0.00026539,607.65938015
METAUSDT,EQUITY,1780444800001,0.00000000,600.30000000
METAUSDT,EQUITY,1780473600001,0.00006505,600.84000000
METAUSDT,EQUITY,1780502400001,0.00009551,613.55422970
METAUSDT,EQUITY,1780531200001,0.00000000,619.52111345
METAUSDT,EQUITY,1780560000001,0.00000000,620.83490537
METAUSDT,EQUITY,1780588800001,0.00000000,637.69000000
METAUSDT,EQUITY,1780617600001,0.00000000,624.54868417
METAUSDT,EQUITY,1780646400001,0.00000000,624.25163550
METAUSDT,EQUITY,1780675200001,0.00000000,613.34000000
METAUSDT,EQUITY,1780704000001,0.00000000,589.45000000
METAUSDT,EQUITY,1780732800001,0.00000000,585.57000000
METAUSDT,EQUITY,1780761600001,0.00000000,591.25000000
METAUSDT,EQUITY,1780790400002,0.00000000,593.42000000
METAUSDT,EQUITY,1780819200001,0.00000000,596.53000000
METAUSDT,EQUITY,1780848000001,0.00000000,594.58000000
METAUSDT,EQUITY,1780876800001,0.00000000,592.56000000
METAUSDT,EQUITY,1780905600001,0.00000000,596.02590030
METAUSDT,EQUITY,1780934400001,0.00000000,587.91432774
METAUSDT,EQUITY,1780963200001,0.00000000,586.39873825
METAUSDT,EQUITY,1780992000001,0.00000000,587.67183758
METAUSDT,EQUITY,1781020800001,0.00000000,587.76110913
METAUSDT,EQUITY,1781049600001,0.00000000,587.81754500
METAUSDT,EQUITY,1781078400001,0.00002867,585.95000000
METAUSDT,EQUITY,1781107200001,0.00000000,579.95000000
METAUSDT,EQUITY,1781136000001,0.00000000,568.45000000
METAUSDT,EQUITY,1781164800001,0.00000000,574.73340598
METAUSDT,EQUITY,1781193600001,0.00000000,561.24258521
METAUSDT,EQUITY,1781222400001,0.00000000,573.23000000
METAUSDT,EQUITY,1781251200001,0.00001248,571.09000000
METAUSDT,EQUITY,1781280000001,0.00004033,569.85000000
METAUSDT,EQUITY,1781308800001,0.00006690,569.51000000
METAUSDT,EQUITY,1781337600001,0.00000000,571.06233426
METAUSDT,EQUITY,1781366400001,0.00000000,571.04000000
METAUSDT,EQUITY,1781395200001,0.00000000,570.95000000
METAUSDT,EQUITY,1781424000001,0.00000000,572.98000000
METAUSDT,EQUITY,1781452800001,0.00000000,571.56020801
METAUSDT,EQUITY,1781467200001,0.00000000,570.81954541
METAUSDT,EQUITY,1781470800001,0.00000000,571.54996727
METAUSDT,EQUITY,1781474400001,0.00022604,576.40000000
METAUSDT,EQUITY,1781478000001,0.00001917,576.38755042
METAUSDT,EQUITY,1781481600001,0.00000000,576.46461396
METAUSDT,EQUITY,1781481600011,-0.00091155,576.46461396
METAUSDT,EQUITY,1781485200001,0.00005585,576.49208448
METAUSDT,EQUITY,1781488800001,0.00005137,577.51000000
METAUSDT,EQUITY,1781492400001,0.00009895,578.86000000
METAUSDT,EQUITY,1781496000001,0.00006089,578.40000000
METAUSDT,EQUITY,1781510400002,0.00050670,579.97720624
METAUSDT,EQUITY,1781539200001,0.00030585,600.05000000
METAUSDT,EQUITY,1781568000001,0.00000000,592.92000000
METAUSDT,EQUITY,1781596800001,0.00018165,595.11000000
METAUSDT,EQUITY,1781625600001,0.00014029,595.64000000
METAUSDT,EQUITY,1781654400001,0.00037795,598.24000000
METAUSDT,EQUITY,1781683200001,0.00007082,600.84172950
METAUSDT,EQUITY,1781712000001,0.00007259,580.87000000
METAUSDT,EQUITY,1781740800001,0.00031556,575.17000000
METAUSDT,EQUITY,1781769600001,0.00030694,576.02840032
METAUSDT,EQUITY,1781798400001,0.00032302,577.23536363
METAUSDT,EQUITY,1781827200001,0.00020725,575.28007926
METAUSDT,EQUITY,1781856000001,0.00000000,576.50021712
METAUSDT,EQUITY,1781884800001,0.00000000,578.12877945
METAUSDT,EQUITY,1781913600001,0.00000000,577.87000000
METAUSDT,EQUITY,1781942400001,0.00000000,576.44000000
METAUSDT,EQUITY,1781971200001,0.00000000,575.44000000
METAUSDT,EQUITY,1782000000001,0.00000000,575.83232549
METAUSDT,EQUITY,1782028800001,0.00000000,576.12000000
METAUSDT,EQUITY,1782057600001,0.00000000,576.43701205
METAUSDT,EQUITY,1782086400001,-0.00027078,570.26657798
METAUSDT,EQUITY,1782115200001,0.00039535,576.39000000
METAUSDT,EQUITY,1782144000001,0.00008879,562.99000000
METAUSDT,EQUITY,1782172800001,0.00004199,563.54148577
METAUSDT,EQUITY,1782201600002,0.00000000,560.16000000
METAUSDT,EQUITY,1782230400001,0.00000000,564.62000000
METAUSDT,EQUITY,1782259200001,0.00000000,562.71000000
METAUSDT,EQUITY,1782288000001,0.00000000,562.70519278
METAUSDT,EQUITY,1782316800001,0.00000000,563.66000000
METAUSDT,EQUITY,1782345600002,0.00027049,559.42393889
METAUSDT,EQUITY,1782374400001,0.00034319,557.60000000
METAUSDT,EQUITY,1782403200001,0.00001832,550.34166341
METAUSDT,EQUITY,1782432000001,0.00024629,545.57828416
METAUSDT,EQUITY,1782460800002,0.00018665,546.67560719
METAUSDT,EQUITY,1782489600001,0.00000000,556.08000000
METAUSDT,EQUITY,1782518400001,0.00000000,551.73453350
METAUSDT,EQUITY,1782547200001,0.00000000,554.35047469
METAUSDT,EQUITY,1782576000001,0.00000000,554.30000000
METAUSDT,EQUITY,1782604800002,0.00000000,553.46000000
METAUSDT,EQUITY,1782633600002,0.00000000,553.57971469
METAUSDT,EQUITY,1782662400001,0.00000000,552.82000000
METAUSDT,EQUITY,1782691200001,0.00000000,552.77000000
METAUSDT,EQUITY,1782720000001,0.00000000,556.36795788
METAUSDT,EQUITY,1782748800001,0.00008769,565.29657560
METAUSDT,EQUITY,1782777600000,0.00000426,564.01083846
METAUSDT,EQUITY,1782806400000,0.00018297,563.45502754
METAUSDT,EQUITY,1782835200001,0.00025100,557.48038575
METAUSDT,EQUITY,1782864000000,0.00042971,562.45000000
METAUSDT,EQUITY,1782892800001,0.00030202,561.79000000
METAUSDT,EQUITY,1782921600001,0.00000000,617.74000000
METAUSDT,EQUITY,1782950400000,0.00000000,611.67000000
METAUSDT,EQUITY,1782979200001,0.00000000,608.38000000
METAUSDT,EQUITY,1783008000001,0.00000000,587.72325878
METAUSDT,EQUITY,1783036800001,0.00000000,584.78817293
METAUSDT,EQUITY,1783065600001,0.00000000,589.09547305
METAUSDT,EQUITY,1783094400001,0.00000000,591.02000000
METAUSDT,EQUITY,1783123200001,0.00000000,589.76924928
METAUSDT,EQUITY,1783152000001,0.00000000,590.53000000
METAUSDT,EQUITY,1783180800001,0.00000000,589.37991014
METAUSDT,EQUITY,1783209600002,0.00000000,590.62151269
METAUSDT,EQUITY,1783238400001,0.00000000,590.15000000
METAUSDT,EQUITY,1783267200001,0.00000000,590.57000000
METAUSDT,EQUITY,1783296000001,0.00000000,592.16417461
METAUSDT,EQUITY,1783324800001,0.00010660,590.96019003
METAUSDT,EQUITY,1783353600001,0.00001229,592.94000000
METAUSDT,EQUITY,1783382400001,0.00000000,600.52916847
METAUSDT,EQUITY,1783411200001,0.00000000,600.71422205
METAUSDT,EQUITY,1783440000001,0.00000000,605.57825922
METAUSDT,EQUITY,1783468800002,0.00000000,616.42000000
METAUSDT,EQUITY,1783497600001,0.00000000,617.22826696
METAUSDT,EQUITY,1783526400001,0.00000000,603.81828737
METAUSDT,EQUITY,1783555200001,0.00000000,603.61000000
METAUSDT,EQUITY,1783584000001,0.00000000,604.16527797
METAUSDT,EQUITY,1783612800001,0.00000000,607.97642211
METAUSDT,EQUITY,1783641600001,0.00077459,640.74000000
METAUSDT,EQUITY,1783670400001,0.00010423,637.40000000
METAUSDT,EQUITY,1783699200001,0.00003499,669.80000000
METAUSDT,EQUITY,1783728000001,0.00000000,668.63000000
METAUSDT,EQUITY,1783756800001,0.00000000,667.77476403
METAUSDT,EQUITY,1783785600001,0.00000000,672.84000000
METAUSDT,EQUITY,1783814400001,0.00000000,670.05000000
METAUSDT,EQUITY,1783843200001,0.00000000,666.86000000
METAUSDT,EQUITY,1783872000001,0.00000000,671.32876307
METAUSDT,EQUITY,1783900800001,-0.00006331,664.83000000
METAUSDT,EQUITY,1783929600001,0.00000000,661.64000000
METAUSDT,EQUITY,1783958400001,0.00000000,660.63457863
METAUSDT,EQUITY,1783987200002,0.00017066,656.35609561
METAUSDT,EQUITY,1784016000001,0.00006156,653.98116036
METAUSDT,EQUITY,1784044800001,0.00000000,656.85000000
METAUSDT,EQUITY,1784073600001,0.00000000,661.83984066
METAUSDT,EQUITY,1784102400001,0.00000000,659.64894348
METAUSDT,EQUITY,1784131200001,0.00006450,683.96958678
METAUSDT,EQUITY,1784160000001,0.00000000,680.12000000
METAUSDT,EQUITY,1784188800002,0.00000000,679.94372385
METAUSDT,EQUITY,1784217600001,0.00000000,674.51000000
METAUSDT,EQUITY,1784246400001,0.00000000,666.15000000
METAUSDT,EQUITY,1784275200001,-0.00006042,654.68000000
METAUSDT,EQUITY,1784304000001,-0.00003243,633.13000000
METAUSDT,EQUITY,1784332800001,0.00000000,640.35274321
METAUSDT,EQUITY,1784361600001,0.00000000,640.52000000
METAUSDT,EQUITY,1784390400001,0.00000000,638.01601894
METAUSDT,EQUITY,1784419200001,0.00000000,639.66000000
METAUSDT,EQUITY,1784448000001,0.00000000,640.56000000
METAUSDT,EQUITY,1784476800001,0.00000000,640.52000000
METAUSDT,EQUITY,1784505600002,0.00000000,643.67000000
METAUSDT,EQUITY,1784534400001,0.00000000,644.87000000
METAUSDT,EQUITY,1784563200001,0.00000000,647.60000000
METAUSDT,EQUITY,1784592000001,0.00000000,643.48084422
METAUSDT,EQUITY,1784620800001,0.00000000,648.63081599
METAUSDT,EQUITY,1784649600000,0.00000000,647.85522712
METAUSDT,EQUITY,1784678400000,0.00000000,642.13000000
METAUSDT,EQUITY,1784707200001,0.00000000,643.00401089
NVDAUSDT,EQUITY,1779465600001,0.00022086,217.40000000
NVDAUSDT,EQUITY,1779494400001,0.00032611,214.47000000
NVDAUSDT,EQUITY,1779523200001,0.00000000,213.72421166
NVDAUSDT,EQUITY,1779552000001,0.00027943,215.97512878
NVDAUSDT,EQUITY,1779580800001,0.00063183,219.93017040
NVDAUSDT,EQUITY,1779609600001,0.00000000,218.90000000
NVDAUSDT,EQUITY,1779638400001,0.00000000,218.52737369
NVDAUSDT,EQUITY,1779667200001,0.00000000,219.29000000
NVDAUSDT,EQUITY,1779696000001,0.00000000,220.57559050
NVDAUSDT,EQUITY,1779724800001,0.00000000,221.19191236
NVDAUSDT,EQUITY,1779753600001,-0.00004461,220.02463210
NVDAUSDT,EQUITY,1779782400001,0.00039492,217.13000000
NVDAUSDT,EQUITY,1779811200001,0.00041544,213.35000000
NVDAUSDT,EQUITY,1779840000001,0.00045385,214.20000000
NVDAUSDT,EQUITY,1779868800001,0.00060007,214.12878710
NVDAUSDT,EQUITY,1779897600001,0.00030850,209.94000000
NVDAUSDT,EQUITY,1779926400001,0.00012271,211.82762600
NVDAUSDT,EQUITY,1779955200001,0.00000000,211.35239617
NVDAUSDT,EQUITY,1779984000001,0.00019868,212.31668168
NVDAUSDT,EQUITY,1780012800001,0.00000000,214.25000000
NVDAUSDT,EQUITY,1780041600001,0.00002475,215.54000000
NVDAUSDT,EQUITY,1780070400001,0.00031708,215.05837023
NVDAUSDT,EQUITY,1780099200001,0.00012685,212.63000000
NVDAUSDT,EQUITY,1780128000001,0.00005158,214.74000000
NVDAUSDT,EQUITY,1780156800001,0.00000000,215.51415819
NVDAUSDT,EQUITY,1780185600001,0.00000000,216.42000000
NVDAUSDT,EQUITY,1780214400001,0.00000000,217.74000000
NVDAUSDT,EQUITY,1780243200001,0.00000000,216.63829045
NVDAUSDT,EQUITY,1780272000001,0.00000000,216.20000000
NVDAUSDT,EQUITY,1780300800001,0.00084015,216.19000000
NVDAUSDT,EQUITY,1780329600001,0.00006570,219.68169231
NVDAUSDT,EQUITY,1780358400001,0.00013699,224.11000000
NVDAUSDT,EQUITY,1780387200001,0.00074798,225.31000000
NVDAUSDT,EQUITY,1780416000001,0.00000792,225.48795187
NVDAUSDT,EQUITY,1780444800001,0.00000000,221.89885023
NVDAUSDT,EQUITY,1780473600001,0.00051770,222.78506380
NVDAUSDT,EQUITY,1780502400001,0.00019199,216.98000000
NVDAUSDT,EQUITY,1780516800001,0.00002933,215.01000000
NVDAUSDT,EQUITY,1780520400001,0.00000000,215.05000000
NVDAUSDT,EQUITY,1780524000001,0.00000000,214.43381865
NVDAUSDT,EQUITY,1780527600001,0.00000000,213.60617630
NVDAUSDT,EQUITY,1780531200001,0.00000000,214.27000000
NVDAUSDT,EQUITY,1780531200007,-0.00116812,214.27000000
NVDAUSDT,EQUITY,1780534800001,0.00006361,215.23000000
NVDAUSDT,EQUITY,1780538400001,0.00000000,214.14000000
NVDAUSDT,EQUITY,1780542000001,0.00000000,214.30000000
NVDAUSDT,EQUITY,1780545600001,0.00002067,215.41210525
NVDAUSDT,EQUITY,1780560000001,0.00000000,215.63885655
NVDAUSDT,EQUITY,1780588800001,0.00000000,217.71285097
NVDAUSDT,EQUITY,1780617600001,0.00000000,216.44381227
NVDAUSDT,EQUITY,1780646400001,0.00000000,215.36671318
NVDAUSDT,EQUITY,1780675200001,0.00000000,209.44564313
NVDAUSDT,EQUITY,1780704000001,0.00000000,203.96842078
NVDAUSDT,EQUITY,1780732800001,-0.00000755,201.09000000
NVDAUSDT,EQUITY,1780761600001,0.00000000,204.32000000
NVDAUSDT,EQUITY,1780790400002,0.00000000,206.75000000
NVDAUSDT,EQUITY,1780819200001,0.00000000,207.52000000
NVDAUSDT,EQUITY,1780848000001,0.00000000,206.87000000
NVDAUSDT,EQUITY,1780876800001,0.00020372,208.19000000
NVDAUSDT,EQUITY,1780905600001,0.00000000,208.19295533
NVDAUSDT,EQUITY,1780934400001,0.00018253,208.44000000
NVDAUSDT,EQUITY,1780963200001,0.00000000,207.80548890
NVDAUSDT,EQUITY,1780992000001,0.00021137,210.08000000
NVDAUSDT,EQUITY,1781020800001,0.00016645,203.17000000
NVDAUSDT,EQUITY,1781049600001,0.00000000,206.52000000
NVDAUSDT,EQUITY,1781078400001,0.00000000,205.95534471
NVDAUSDT,EQUITY,1781107200001,0.00015705,203.61411447
NVDAUSDT,EQUITY,1781136000001,0.00033592,199.36000000
NVDAUSDT,EQUITY,1781164800001,0.00024658,202.78856156
NVDAUSDT,EQUITY,1781193600001,0.00025634,201.42784970
NVDAUSDT,EQUITY,1781222400001,0.00000000,205.99000000
NVDAUSDT,EQUITY,1781251200001,0.00002078,204.87099516
NVDAUSDT,EQUITY,1781280000001,0.00015604,204.30954217
NVDAUSDT,EQUITY,1781308800001,0.00000000,205.46852719
NVDAUSDT,EQUITY,1781337600001,0.00000000,205.38000000
NVDAUSDT,EQUITY,1781366400001,0.00000000,205.21500343
NVDAUSDT,EQUITY,1781395200001,0.00000000,205.53495717
NVDAUSDT,EQUITY,1781424000001,0.00000000,206.18000000
NVDAUSDT,EQUITY,1781452800001,0.00000000,207.06000000
NVDAUSDT,EQUITY,1781481600001,0.00041019,209.70000000
NVDAUSDT,EQUITY,1781510400002,0.00018482,210.25000000
NVDAUSDT,EQUITY,1781539200001,0.00008592,212.26000000
NVDAUSDT,EQUITY,1781568000001,0.00000000,211.92000000
NVDAUSDT,EQUITY,1781596800001,0.00000000,211.37000000
NVDAUSDT,EQUITY,1781625600001,0.00009480,209.23000000
NVDAUSDT,EQUITY,1781654400001,0.00000000,207.71019103
NVDAUSDT,EQUITY,1781683200001,0.00019865,208.93457482
NVDAUSDT,EQUITY,1781712000001,0.00019572,206.56000000
NVDAUSDT,EQUITY,1781740800001,0.00024800,206.45000000
NVDAUSDT,EQUITY,1781769600001,0.00024689,206.78556259
NVDAUSDT,EQUITY,1781798400001,0.00024479,209.06000000
NVDAUSDT,EQUITY,1781827200001,0.00019007,210.42431943
NVDAUSDT,EQUITY,1781856000001,0.00000000,209.31935102
NVDAUSDT,EQUITY,1781884800001,0.00000000,209.61629552
NVDAUSDT,EQUITY,1781913600001,0.00000000,209.29000000
NVDAUSDT,EQUITY,1781942400001,0.00000000,209.71000000
NVDAUSDT,EQUITY,1781971200001,0.00000000,209.30000000
NVDAUSDT,EQUITY,1782000000001,0.00000000,209.17000000
NVDAUSDT,EQUITY,1782028800001,0.00000000,209.33227727
NVDAUSDT,EQUITY,1782057600001,0.00000000,209.39000000
NVDAUSDT,EQUITY,1782086400001,0.00000000,207.96000000
NVDAUSDT,EQUITY,1782115200001,0.00055105,209.93915832
NVDAUSDT,EQUITY,1782144000001,0.00021732,209.57124669
NVDAUSDT,EQUITY,1782172800001,0.00009984,207.82510146
NVDAUSDT,EQUITY,1782201600002,0.00000000,202.27000000
NVDAUSDT,EQUITY,1782230400001,0.00005561,201.97000000
NVDAUSDT,EQUITY,1782259200001,0.00011516,200.98753549
NVDAUSDT,EQUITY,1782288000001,0.00017913,201.07000000
NVDAUSDT,EQUITY,1782316800001,0.00013684,200.89116975
NVDAUSDT,EQUITY,1782345600002,0.00058209,200.80000000
NVDAUSDT,EQUITY,1782374400001,0.00047233,201.27000000
NVDAUSDT,EQUITY,1782403200001,0.00029017,195.88000000
NVDAUSDT,EQUITY,1782432000001,0.00012534,194.89428315
NVDAUSDT,EQUITY,1782460800002,0.00022767,193.91000000
NVDAUSDT,EQUITY,1782489600001,0.00023376,194.51266481
NVDAUSDT,EQUITY,1782518400001,0.00020630,192.90000000
NVDAUSDT,EQUITY,1782547200001,0.00000000,193.81217131
NVDAUSDT,EQUITY,1782576000001,0.00000000,193.82000000
NVDAUSDT,EQUITY,1782604800002,0.00000000,193.45407870
NVDAUSDT,EQUITY,1782633600002,0.00000000,193.88089426
NVDAUSDT,EQUITY,1782662400001,0.00000000,193.33000000
NVDAUSDT,EQUITY,1782691200001,0.00015289,195.00106536
NVDAUSDT,EQUITY,1782720000001,0.00026483,194.77000000
NVDAUSDT,EQUITY,1782748800001,0.00016931,194.12950314
NVDAUSDT,EQUITY,1782777600000,0.00016247,195.31939269
NVDAUSDT,EQUITY,1782806400000,0.00031630,195.58104843
NVDAUSDT,EQUITY,1782835200001,0.00007514,198.28000000
NVDAUSDT,EQUITY,1782864000000,0.00000000,199.55000000
NVDAUSDT,EQUITY,1782892800001,0.00002100,198.22640187
NVDAUSDT,EQUITY,1782921600001,0.00009740,197.25445539
NVDAUSDT,EQUITY,1782950400000,0.00003301,197.27000000
NVDAUSDT,EQUITY,1782979200001,0.00000000,195.92139494
NVDAUSDT,EQUITY,1783008000001,0.00000000,194.62000000
NVDAUSDT,EQUITY,1783036800001,0.00000000,194.52000000
NVDAUSDT,EQUITY,1783065600001,0.00000000,196.36582291
NVDAUSDT,EQUITY,1783094400001,0.00000000,196.96000000
NVDAUSDT,EQUITY,1783123200001,0.00000000,196.06000000
NVDAUSDT,EQUITY,1783152000001,0.00000000,196.66512067
NVDAUSDT,EQUITY,1783180800001,0.00000000,196.82000000
NVDAUSDT,EQUITY,1783209600002,0.00000000,196.95000000
NVDAUSDT,EQUITY,1783238400001,0.00000000,197.46585434
NVDAUSDT,EQUITY,1783267200001,0.00000000,197.78673847
NVDAUSDT,EQUITY,1783296000001,0.00000000,198.34494708
NVDAUSDT,EQUITY,1783324800001,0.00021605,195.34939996
NVDAUSDT,EQUITY,1783353600001,0.00010747,196.55000000
NVDAUSDT,EQUITY,1783382400001,0.00000000,194.92000000
NVDAUSDT,EQUITY,1783411200001,0.00000000,194.35000000
NVDAUSDT,EQUITY,1783440000001,0.00009768,194.86000000
NVDAUSDT,EQUITY,1783468800002,0.00000000,195.87121390
NVDAUSDT,EQUITY,1783497600001,0.00012946,196.43474648
NVDAUSDT,EQUITY,1783526400001,0.00004995,197.29580252
NVDAUSDT,EQUITY,1783555200001,0.00014234,203.71000000
NVDAUSDT,EQUITY,1783584000001,0.00000581,205.65000000
NVDAUSDT,EQUITY,1783612800001,0.00018963,201.85000000
NVDAUSDT,EQUITY,1783641600001,0.00015091,202.38000000
NVDAUSDT,EQUITY,1783670400001,0.00016754,201.51275911
NVDAUSDT,EQUITY,1783699200001,0.00006662,209.12487620
NVDAUSDT,EQUITY,1783728000001,0.00000000,210.69698914
NVDAUSDT,EQUITY,1783756800001,0.00000000,210.61769085
NVDAUSDT,EQUITY,1783785600001,0.00000000,209.20000000
NVDAUSDT,EQUITY,1783814400001,0.00000000,208.52130952
NVDAUSDT,EQUITY,1783843200001,0.00000000,210.29000000
NVDAUSDT,EQUITY,1783872000001,0.00013821,212.48000000
NVDAUSDT,EQUITY,1783900800001,-0.00005564,210.98000000
NVDAUSDT,EQUITY,1783929600001,0.00010239,206.69000000
NVDAUSDT,EQUITY,1783958400001,0.00000000,206.85618453
NVDAUSDT,EQUITY,1783987200002,0.00019392,203.47000000
NVDAUSDT,EQUITY,1784016000001,0.00022384,205.15000000
NVDAUSDT,EQUITY,1784044800001,0.00019599,209.25098796
NVDAUSDT,EQUITY,1784073600001,0.00000000,211.95524935
NVDAUSDT,EQUITY,1784102400001,0.00026951,212.36115049
NVDAUSDT,EQUITY,1784131200001,0.00005912,208.68359607
NVDAUSDT,EQUITY,1784160000001,0.00000000,211.22000000
NVDAUSDT,EQUITY,1784188800002,0.00000000,210.63686571
NVDAUSDT,EQUITY,1784217600001,0.00000000,207.73148844
NVDAUSDT,EQUITY,1784246400001,0.00000000,205.89723343
NVDAUSDT,EQUITY,1784275200001,0.00000000,201.01473082
NVDAUSDT,EQUITY,1784304000001,0.00000000,205.22000000
NVDAUSDT,EQUITY,1784332800001,0.00000000,202.60000000
NVDAUSDT,EQUITY,1784361600001,0.00000000,202.47000000
NVDAUSDT,EQUITY,1784390400001,0.00000000,202.31000000
NVDAUSDT,EQUITY,1784419200001,0.00000000,202.33488370
NVDAUSDT,EQUITY,1784448000001,0.00000000,201.94000000
NVDAUSDT,EQUITY,1784476800001,0.00000000,203.03000000
NVDAUSDT,EQUITY,1784505600002,0.00000000,204.23000000
NVDAUSDT,EQUITY,1784534400001,0.00000000,203.78470762
NVDAUSDT,EQUITY,1784563200001,0.00000000,205.99000000
NVDAUSDT,EQUITY,1784592000001,0.00000000,203.10000000
NVDAUSDT,EQUITY,1784620800001,0.00006878,205.01837159
NVDAUSDT,EQUITY,1784649600000,0.00000000,205.86581227
NVDAUSDT,EQUITY,1784678400000,0.00000000,206.54000000
NVDAUSDT,EQUITY,1784707200001,0.00000000,205.58107964
GOOGLUSDT,EQUITY,1779465600001,0.00043585,387.10000000
GOOGLUSDT,EQUITY,1779494400001,0.00036192,382.80000000
GOOGLUSDT,EQUITY,1779523200001,0.00000000,381.63000000
GOOGLUSDT,EQUITY,1779552000001,0.00000000,384.27459023
GOOGLUSDT,EQUITY,1779580800001,0.00005670,388.39358726
GOOGLUSDT,EQUITY,1779609600001,0.00000000,389.45577701
GOOGLUSDT,EQUITY,1779638400001,0.00000000,387.12000000
GOOGLUSDT,EQUITY,1779667200001,0.00000000,386.57617317
GOOGLUSDT,EQUITY,1779696000001,0.00000000,388.72000000
GOOGLUSDT,EQUITY,1779724800001,0.00000000,388.86000000
GOOGLUSDT,EQUITY,1779753600001,0.00000000,388.37000000
GOOGLUSDT,EQUITY,1779782400001,0.00053025,386.21804323
GOOGLUSDT,EQUITY,1779811200001,0.00024498,386.82183934
GOOGLUSDT,EQUITY,1779840000001,0.00080943,388.64000000
GOOGLUSDT,EQUITY,1779868800001,0.00015223,388.71896742
GOOGLUSDT,EQUITY,1779897600001,0.00000000,391.62000000
GOOGLUSDT,EQUITY,1779926400001,0.00019161,389.19000000
GOOGLUSDT,EQUITY,1779955200001,0.00000000,387.93000000
GOOGLUSDT,EQUITY,1779984000001,0.00011374,390.92000000
GOOGLUSDT,EQUITY,1780012800001,0.00000000,389.46000000
GOOGLUSDT,EQUITY,1780041600001,0.00012109,389.31000000
GOOGLUSDT,EQUITY,1780070400001,0.00006393,382.83435834
GOOGLUSDT,EQUITY,1780099200001,0.00026478,380.84000000
GOOGLUSDT,EQUITY,1780128000001,0.00000000,382.83535360
GOOGLUSDT,EQUITY,1780156800001,0.00000000,382.91000000
GOOGLUSDT,EQUITY,1780185600001,0.00000000,382.58279933
GOOGLUSDT,EQUITY,1780214400001,0.00000000,383.09000000
GOOGLUSDT,EQUITY,1780243200001,0.00000000,382.98865992
GOOGLUSDT,EQUITY,1780272000001,0.00000000,383.97000000
GOOGLUSDT,EQUITY,1780300800001,0.00083667,379.98000000
GOOGLUSDT,EQUITY,1780329600001,0.00018160,375.82136010
GOOGLUSDT,EQUITY,1780358400001,0.00011919,374.27143108
GOOGLUSDT,EQUITY,1780387200001,0.00080041,369.05000000
GOOGLUSDT,EQUITY,1780416000001,0.00071464,366.75677623
GOOGLUSDT,EQUITY,1780444800001,0.00000000,362.55000000
GOOGLUSDT,EQUITY,1780473600001,0.00062940,364.12555705
GOOGLUSDT,EQUITY,1780502400001,0.00065928,359.83000000
GOOGLUSDT,EQUITY,1780531200001,0.00010019,357.94934668
GOOGLUSDT,EQUITY,1780560000001,0.00024867,360.64000000
GOOGLUSDT,EQUITY,1780588800001,0.00007934,369.88912244
GOOGLUSDT,EQUITY,1780617600001,0.00000000,370.64000000
GOOGLUSDT,EQUITY,1780646400001,0.00007538,369.28000000
GOOGLUSDT,EQUITY,1780675200001,0.00000000,370.26965995
GOOGLUSDT,EQUITY,1780704000001,0.00000000,364.57000000
GOOGLUSDT,EQUITY,1780732800001,0.00000000,361.22000000
GOOGLUSDT,EQUITY,1780761600001,0.00005758,365.42000000
GOOGLUSDT,EQUITY,1780790400002,0.00000000,366.41552026
GOOGLUSDT,EQUITY,1780819200001,0.00000000,368.85000000
GOOGLUSDT,EQUITY,1780848000001,0.00000000,366.67768564
GOOGLUSDT,EQUITY,1780862400002,-0.00007210,364.58000000
GOOGLUSDT,EQUITY,1780866000001,0.00000000,365.60529809
GOOGLUSDT,EQUITY,1780869600001,0.00000000,365.46000000
GOOGLUSDT,EQUITY,1780873200001,0.00000000,365.45162343
GOOGLUSDT,EQUITY,1780876800001,0.00000000,366.21000000
GOOGLUSDT,EQUITY,1780876800007,-0.00060111,366.21000000
GOOGLUSDT,EQUITY,1780880400001,0.00000000,367.41005301
GOOGLUSDT,EQUITY,1780884000001,0.00000000,366.61666224
GOOGLUSDT,EQUITY,1780887600001,0.00000000,366.09000000
GOOGLUSDT,EQUITY,1780891200001,0.00000000,366.17029289
GOOGLUSDT,EQUITY,1780905600001,0.00000000,365.45220920
GOOGLUSDT,EQUITY,1780934400001,0.00000000,362.15327311
GOOGLUSDT,EQUITY,1780963200001,0.00006026,363.61000000
GOOGLUSDT,EQUITY,1780992000001,0.00009207,364.42000000
GOOGLUSDT,EQUITY,1781020800001,0.00003895,360.18423432
GOOGLUSDT,EQUITY,1781049600001,0.00013650,363.98000000
GOOGLUSDT,EQUITY,1781078400001,0.00000000,361.97000000
GOOGLUSDT,EQUITY,1781107200001,0.00000000,361.27000000
GOOGLUSDT,EQUITY,1781136000001,0.00000000,354.89000000
GOOGLUSDT,EQUITY,1781164800001,0.00021111,358.32000000
GOOGLUSDT,EQUITY,1781193600001,0.00012923,348.24440544
GOOGLUSDT,EQUITY,1781222400001,0.00000000,360.33000000
GOOGLUSDT,EQUITY,1781251200001,0.00020846,359.46665490
GOOGLUSDT,EQUITY,1781280000001,0.00001782,361.14628189
GOOGLUSDT,EQUITY,1781308800001,0.00000000,361.14000000
GOOGLUSDT,EQUITY,1781337600001,0.00000000,361.01827514
GOOGLUSDT,EQUITY,1781366400001,0.00000000,361.63000000
GOOGLUSDT,EQUITY,1781395200001,0.00000000,361.76000000
GOOGLUSDT,EQUITY,1781424000001,0.00000000,364.05000000
GOOGLUSDT,EQUITY,1781452800001,0.00000000,363.59000000
GOOGLUSDT,EQUITY,1781481600001,0.00008338,367.00000000
GOOGLUSDT,EQUITY,1781510400002,0.00032421,365.64869077
GOOGLUSDT,EQUITY,1781539200001,0.00030651,372.56555440
GOOGLUSDT,EQUITY,1781568000001,0.00000000,369.29000000
GOOGLUSDT,EQUITY,1781596800001,0.00000000,369.38366625
GOOGLUSDT,EQUITY,1781625600001,0.00000000,373.06769885
GOOGLUSDT,EQUITY,1781654400001,0.00000000,371.92245813
GOOGLUSDT,EQUITY,1781683200001,0.00000000,373.10000000
GOOGLUSDT,EQUITY,1781712000001,0.00000085,365.21000000
GOOGLUSDT,EQUITY,1781740800001,0.00019032,365.94170558
GOOGLUSDT,EQUITY,1781769600001,0.00012137,364.84000000
GOOGLUSDT,EQUITY,1781798400001,0.00000000,366.23826898
GOOGLUSDT,EQUITY,1781827200001,0.00022028,366.33000000
GOOGLUSDT,EQUITY,1781856000001,0.00000000,366.56000000
GOOGLUSDT,EQUITY,1781884800001,0.00000000,365.97792818
GOOGLUSDT,EQUITY,1781913600001,0.00000000,367.21007345
GOOGLUSDT,EQUITY,1781942400001,0.00000000,366.14000000
GOOGLUSDT,EQUITY,1781971200001,0.00000000,365.83000000
GOOGLUSDT,EQUITY,1782000000001,0.00000000,364.96065215
GOOGLUSDT,EQUITY,1782028800001,0.00000000,364.63427116
GOOGLUSDT,EQUITY,1782057600001,0.00000000,364.20376323
GOOGLUSDT,EQUITY,1782086400001,0.00000000,361.32000000
GOOGLUSDT,EQUITY,1782115200001,0.00012308,364.09817989
GOOGLUSDT,EQUITY,1782144000001,0.00040306,346.44983355
GOOGLUSDT,EQUITY,1782172800001,0.00019309,346.42204356
GOOGLUSDT,EQUITY,1782201600002,0.00000000,340.92000000
GOOGLUSDT,EQUITY,1782230400001,0.00000000,346.63716414
GOOGLUSDT,EQUITY,1782259200001,0.00004702,348.49176182
GOOGLUSDT,EQUITY,1782288000001,0.00005226,348.60000000
GOOGLUSDT,EQUITY,1782316800001,0.00000000,350.25000000
GOOGLUSDT,EQUITY,1782345600002,0.00013540,342.76000000
GOOGLUSDT,EQUITY,1782374400001,0.00027315,340.69662511
GOOGLUSDT,EQUITY,1782403200001,0.00002875,341.31000000
GOOGLUSDT,EQUITY,1782432000001,0.00000000,343.55000000
GOOGLUSDT,EQUITY,1782460800002,0.00018601,342.37234591
GOOGLUSDT,EQUITY,1782489600001,0.00000000,345.35955781
GOOGLUSDT,EQUITY,1782518400001,0.00012193,338.77604070
GOOGLUSDT,EQUITY,1782547200001,0.00000000,340.34000000
GOOGLUSDT,EQUITY,1782576000001,0.00000000,340.15562645
GOOGLUSDT,EQUITY,1782604800002,0.00000000,340.13592058
GOOGLUSDT,EQUITY,1782633600002,0.00000000,341.08205467
GOOGLUSDT,EQUITY,1782662400001,0.00000000,340.62000000
GOOGLUSDT,EQUITY,1782691200001,0.00000000,343.40000000
GOOGLUSDT,EQUITY,1782720000001,0.00024218,340.82567443
GOOGLUSDT,EQUITY,1782748800001,0.00005960,352.71000000
GOOGLUSDT,EQUITY,1782777600000,0.00000000,353.24000000
GOOGLUSDT,EQUITY,1782806400000,0.00000000,353.56000000
GOOGLUSDT,EQUITY,1782835200001,0.00014591,357.46000000
GOOGLUSDT,EQUITY,1782864000000,0.00008886,357.42000000
GOOGLUSDT,EQUITY,1782892800001,0.00012601,355.09000000
GOOGLUSDT,EQUITY,1782921600001,0.00021804,359.52000000
GOOGLUSDT,EQUITY,1782950400000,0.00040171,360.57915919
GOOGLUSDT,EQUITY,1782979200001,0.00001823,358.27148547
GOOGLUSDT,EQUITY,1783008000001,0.00000000,356.17761448
GOOGLUSDT,EQUITY,1783036800001,0.00017058,359.21859807
GOOGLUSDT,EQUITY,1783065600001,0.00000000,360.10994345
GOOGLUSDT,EQUITY,1783094400001,0.00000000,360.41381219
GOOGLUSDT,EQUITY,1783123200001,0.00000000,360.36000000
GOOGLUSDT,EQUITY,1783152000001,0.00000000,359.78000000
GOOGLUSDT,EQUITY,1783180800001,0.00000000,359.50234483
GOOGLUSDT,EQUITY,1783209600002,0.00000000,359.64000000
GOOGLUSDT,EQUITY,1783238400001,0.00000000,360.57071672
GOOGLUSDT,EQUITY,1783267200001,0.00000000,360.56000000
GOOGLUSDT,EQUITY,1783296000001,0.00000000,361.32000000
GOOGLUSDT,EQUITY,1783324800001,0.00000000,360.22000000
GOOGLUSDT,EQUITY,1783353600001,0.00001006,363.67693483
GOOGLUSDT,EQUITY,1783382400001,0.00000000,366.72867079
GOOGLUSDT,EQUITY,1783411200001,0.00000000,365.77724581
GOOGLUSDT,EQUITY,1783440000001,0.00000000,369.24472118
GOOGLUSDT,EQUITY,1783468800002,0.00000000,366.92000000
GOOGLUSDT,EQUITY,1783497600001,0.00000000,368.33471487
GOOGLUSDT,EQUITY,1783526400001,0.00000000,360.52000000
GOOGLUSDT,EQUITY,1783555200001,0.00023713,361.98864139
GOOGLUSDT,EQUITY,1783584000001,0.00027592,362.33884237
GOOGLUSDT,EQUITY,1783612800001,0.00015685,353.22200961
GOOGLUSDT,EQUITY,1783641600001,0.00000000,357.63000000
GOOGLUSDT,EQUITY,1783670400001,0.00023791,356.80763776
GOOGLUSDT,EQUITY,1783699200001,0.00017317,354.75117518
GOOGLUSDT,EQUITY,1783728000001,0.00042429,357.17000000
GOOGLUSDT,EQUITY,1783756800001,0.00000000,358.30466056
GOOGLUSDT,EQUITY,1783785600001,0.00000000,357.93787348
GOOGLUSDT,EQUITY,1783814400001,0.00000000,358.99000000
GOOGLUSDT,EQUITY,1783843200001,0.00000000,358.82796863
GOOGLUSDT,EQUITY,1783872000001,0.00000000,358.22059440
GOOGLUSDT,EQUITY,1783900800001,-0.00005615,356.45051970
GOOGLUSDT,EQUITY,1783929600001,0.00028954,356.13647900
GOOGLUSDT,EQUITY,1783958400001,0.00004308,355.82736691
GOOGLUSDT,EQUITY,1783987200002,0.00028157,353.14643166
GOOGLUSDT,EQUITY,1784016000001,0.00022123,351.92000000
GOOGLUSDT,EQUITY,1784044800001,0.00000000,356.39892925
GOOGLUSDT,EQUITY,1784073600001,0.00000000,359.20070823
GOOGLUSDT,EQUITY,1784102400001,0.00010704,359.48000000
GOOGLUSDT,EQUITY,1784131200001,0.00000000,371.96753685
GOOGLUSDT,EQUITY,1784160000001,0.00015289,372.16000000
GOOGLUSDT,EQUITY,1784188800002,0.00000000,372.32258632
GOOGLUSDT,EQUITY,1784217600001,0.00000000,371.60281782
GOOGLUSDT,EQUITY,1784246400001,0.00000000,357.83000000
GOOGLUSDT,EQUITY,1784275200001,0.00003149,350.49000000
GOOGLUSDT,EQUITY,1784304000001,0.00000000,347.84926156
GOOGLUSDT,EQUITY,1784332800001,0.00016785,346.50655732
GOOGLUSDT,EQUITY,1784361600001,0.00000000,346.59000000
GOOGLUSDT,EQUITY,1784390400001,0.00000000,347.03540759
GOOGLUSDT,EQUITY,1784419200001,0.00000000,345.88000000
GOOGLUSDT,EQUITY,1784448000001,0.00000000,347.41478826
GOOGLUSDT,EQUITY,1784476800001,0.00000000,347.95000000
GOOGLUSDT,EQUITY,1784505600002,0.00000000,349.32105785
GOOGLUSDT,EQUITY,1784534400001,0.00017932,348.43195679
GOOGLUSDT,EQUITY,1784563200001,0.00000000,356.82000000
GOOGLUSDT,EQUITY,1784592000001,0.00000000,353.82320449
GOOGLUSDT,EQUITY,1784620800001,0.00056644,356.46000000
GOOGLUSDT,EQUITY,1784649600000,0.00000449,349.69000000
GOOGLUSDT,EQUITY,1784678400000,0.00000000,349.23000000
GOOGLUSDT,EQUITY,1784707200001,0.00000000,348.31000000
QQQUSDT,EQUITY,1779465600001,0.00000000,720.11834140
QQQUSDT,EQUITY,1779494400001,-0.00024108,715.00000000
QQQUSDT,EQUITY,1779523200001,0.00000000,713.13000000
QQQUSDT,EQUITY,1779552000001,0.00007633,718.86081835
QQQUSDT,EQUITY,1779580800001,0.00011287,727.49000000
QQQUSDT,EQUITY,1779609600001,0.00000000,727.39924378
QQQUSDT,EQUITY,1779638400001,0.00000000,726.74113087
QQQUSDT,EQUITY,1779667200001,0.00000000,727.00000000
QQQUSDT,EQUITY,1779696000001,0.00000000,729.62488274
QQQUSDT,EQUITY,1779724800001,0.00000000,728.21322696
QQQUSDT,EQUITY,1779753600001,0.00000000,727.36000000
QQQUSDT,EQUITY,1779782400001,0.00027281,722.83098806
QQQUSDT,EQUITY,1779811200001,0.00000000,727.07621302
QQQUSDT,EQUITY,1779840000001,0.00000000,730.93671379
QQQUSDT,EQUITY,1779868800001,0.00021315,731.87599419
QQQUSDT,EQUITY,1779897600001,0.00020117,727.30000000
QQQUSDT,EQUITY,1779926400001,0.00000000,728.00541112
QQQUSDT,EQUITY,1779955200001,0.00000000,727.71153367
QQQUSDT,EQUITY,1779984000001,0.00000000,734.32000000
QQQUSDT,EQUITY,1780012800001,-0.00025841,735.00674467
QQQUSDT,EQUITY,1780041600001,0.00000000,735.75000000
QQQUSDT,EQUITY,1780070400001,0.00000000,737.70000000
QQQUSDT,EQUITY,1780099200001,0.00000000,737.95457958
QQQUSDT,EQUITY,1780128000001,0.00000000,740.46611484
QQQUSDT,EQUITY,1780156800001,0.00000000,741.24000000
QQQUSDT,EQUITY,1780185600001,0.00000000,740.86000000
QQQUSDT,EQUITY,1780214400001,0.00000000,742.29000000
QQQUSDT,EQUITY,1780243200001,0.00000000,741.92000000
QQQUSDT,EQUITY,1780272000001,0.00000000,741.04000000
QQQUSDT,EQUITY,1780300800001,0.00034762,741.54082919
QQQUSDT,EQUITY,1780329600001,0.00027723,741.74000000
QQQUSDT,EQUITY,1780358400001,0.00030170,740.60172179
QQQUSDT,EQUITY,1780387200001,0.00043467,742.00000000
QQQUSDT,EQUITY,1780416000001,0.00000000,745.98000000
QQQUSDT,EQUITY,1780444800001,0.00000000,746.43609167
QQQUSDT,EQUITY,1780473600001,0.00000000,746.80000000
QQQUSDT,EQUITY,1780502400001,0.00007496,744.06332719
QQQUSDT,EQUITY,1780531200001,0.00041219,739.16274970
QQQUSDT,EQUITY,1780560000001,0.00007518,741.63000000
QQQUSDT,EQUITY,1780588800001,0.00000000,738.95073390
QQQUSDT,EQUITY,1780617600001,0.00000000,735.70000000
QQQUSDT,EQUITY,1780646400001,0.00016044,733.33663538
QQQUSDT,EQUITY,1780675200001,0.00024335,721.20000000
QQQUSDT,EQUITY,1780704000001,0.00106220,701.10864187
QQQUSDT,EQUITY,1780732800001,0.00000000,695.38619173
QQQUSDT,EQUITY,1780761600001,0.00000107,705.39000000
QQQUSDT,EQUITY,1780790400002,0.00000000,705.81998441
QQQUSDT,EQUITY,1780819200001,0.00000000,706.90000000
QQQUSDT,EQUITY,1780848000001,0.00000000,707.29674420
QQQUSDT,EQUITY,1780876800001,0.00000000,707.28000000
QQQUSDT,EQUITY,1780905600001,0.00046372,711.75402243
QQQUSDT,EQUITY,1780934400001,0.00015533,719.91000000
QQQUSDT,EQUITY,1780963200001,0.00000000,715.42154866
QQQUSDT,EQUITY,1780992000001,0.00000000,719.85000000
QQQUSDT,EQUITY,1781020800001,0.00000000,698.12000000
QQQUSDT,EQUITY,1781049600001,0.00011815,707.29000000
QQQUSDT,EQUITY,1781078400001,0.00000000,704.83031543
QQQUSDT,EQUITY,1781107200001,0.00060488,701.87000000
QQQUSDT,EQUITY,1781136000001,0.00042655,690.17000000
QQQUSDT,EQUITY,1781164800001,0.00014300,701.97955218
QQQUSDT,EQUITY,1781193600001,0.00024245,702.41778527
QQQUSDT,EQUITY,1781222400001,0.00000000,719.51606418
QQQUSDT,EQUITY,1781251200001,0.00000000,716.34387277
QQQUSDT,EQUITY,1781280000001,0.00019298,716.22000000
QQQUSDT,EQUITY,1781308800001,0.00000000,723.29604314
QQQUSDT,EQUITY,1781337600001,0.00000000,720.76723796
QQQUSDT,EQUITY,1781366400001,0.00000000,724.07901858
QQQUSDT,EQUITY,1781395200001,0.00000000,721.48428085
QQQUSDT,EQUITY,1781424000001,0.00000000,723.52000000
QQQUSDT,EQUITY,1781452800001,0.00000000,726.06000000
QQQUSDT,EQUITY,1781481600001,0.00016518,732.05409612
QQQUSDT,EQUITY,1781510400002,0.00093309,736.55000000
QQQUSDT,EQUITY,1781539200001,0.00046444,744.40750944
QQQUSDT,EQUITY,1781568000001,0.00066491,743.38570778
QQQUSDT,EQUITY,1781596800001,0.00018841,743.62784458
QQQUSDT,EQUITY,1781625600001,0.00018919,734.17000000
QQQUSDT,EQUITY,1781654400001,0.00037477,730.83111492
QQQUSDT,EQUITY,1781683200001,0.00005390,736.42651444
QQQUSDT,EQUITY,1781712000001,0.00009581,734.14876129
QQQUSDT,EQUITY,1781740800001,0.00018893,730.46796081
QQQUSDT,EQUITY,1781769600001,0.00000000,734.09195373
QQQUSDT,EQUITY,1781798400001,0.00034640,738.94952156
QQQUSDT,EQUITY,1781827200001,0.00050196,740.44202719
QQQUSDT,EQUITY,1781856000001,0.00000000,739.29777163
QQQUSDT,EQUITY,1781884800001,0.00000000,741.31000000
QQQUSDT,EQUITY,1781913600001,0.00000000,741.21720079
QQQUSDT,EQUITY,1781942400001,0.00000000,742.17089397
QQQUSDT,EQUITY,1781971200001,0.00000000,740.41000000
QQQUSDT,EQUITY,1782000000001,0.00000000,740.13439971
QQQUSDT,EQUITY,1782028800001,0.00000000,740.85000000
QQQUSDT,EQUITY,1782057600001,0.00000000,740.77000000
QQQUSDT,EQUITY,1782072000001,0.00000000,739.48847390
QQQUSDT,EQUITY,1782075600001,0.00000000,738.06361951
QQQUSDT,EQUITY,1782079200001,0.00000000,738.85217645
QQQUSDT,EQUITY,1782082800001,0.00000000,737.69000000
QQQUSDT,EQUITY,1782086400001,-0.00016043,734.32000000
QQQUSDT,EQUITY,1782086400009,-0.00110904,734.32000000
QQQUSDT,EQUITY,1782090000001,0.00030012,738.99000000
QQQUSDT,EQUITY,1782093600001,0.00021061,738.40658279
QQQUSDT,EQUITY,1782097200001,0.00013954,737.46000000
QQQUSDT,EQUITY,1782100800001,0.00011472,736.70175782
QQQUSDT,EQUITY,1782115200001,0.00028203,740.64000000
QQQUSDT,EQUITY,1782144000001,0.00021523,736.31463295
QQQUSDT,EQUITY,1782172800001,0.00004466,736.52000000
QQQUSDT,EQUITY,1782201600002,0.00004378,720.40763774
QQQUSDT,EQUITY,1782230400001,0.00019149,717.96708848
QQQUSDT,EQUITY,1782259200001,0.00040386,716.48258016
QQQUSDT,EQUITY,1782288000001,0.00012630,717.37754616
QQQUSDT,EQUITY,1782316800001,0.00026028,716.93752618
QQQUSDT,EQUITY,1782345600002,0.00000000,724.64000000
QQQUSDT,EQUITY,1782374400001,0.00000000,726.94000000
QQQUSDT,EQUITY,1782403200001,0.00011144,714.46000000
QQQUSDT,EQUITY,1782432000001,0.00000000,715.51085788
QQQUSDT,EQUITY,1782460800002,0.00000000,711.24000000
QQQUSDT,EQUITY,1782489600001,0.00000000,713.59000000
QQQUSDT,EQUITY,1782518400001,0.00018166,706.83000000
QQQUSDT,EQUITY,1782547200001,0.00000000,708.38637439
QQQUSDT,EQUITY,1782576000001,0.00000000,709.05000000
QQQUSDT,EQUITY,1782604800002,0.00000000,707.62051547
QQQUSDT,EQUITY,1782633600002,0.00000000,707.87297193
QQQUSDT,EQUITY,1782662400001,0.00000000,707.03000000
QQQUSDT,EQUITY,1782691200001,0.00024009,713.35758143
QQQUSDT,EQUITY,1782720000001,0.00000000,714.56000000
QQQUSDT,EQUITY,1782748800001,0.00000000,719.44615240
QQQUSDT,EQUITY,1782777600000,0.00000000,724.56392564
QQQUSDT,EQUITY,1782806400000,0.00000000,725.11998891
QQQUSDT,EQUITY,1782835200001,0.00000000,734.25417791
QQQUSDT,EQUITY,1782864000000,0.00000000,736.20827555
QQQUSDT,EQUITY,1782892800001,0.00000000,732.47807146
QQQUSDT,EQUITY,1782921600001,0.00000000,729.43872113
QQQUSDT,EQUITY,1782950400000,0.00000000,724.33000000
QQQUSDT,EQUITY,1782979200001,0.00000000,720.82236166
QQQUSDT,EQUITY,1783008000001,0.00000000,716.31000000
QQQUSDT,EQUITY,1783036800001,0.00010240,714.68000000
QQQUSDT,EQUITY,1783065600001,0.00000000,720.43780580
QQQUSDT,EQUITY,1783094400001,0.00000000,722.20484576
QQQUSDT,EQUITY,1783123200001,0.00000000,720.13000000
QQQUSDT,EQUITY,1783152000001,0.00000000,721.74000000
QQQUSDT,EQUITY,1783180800001,0.00000000,721.89000000
QQQUSDT,EQUITY,1783209600002,0.00000000,722.21000000
QQQUSDT,EQUITY,1783238400001,0.00000000,722.60000000
QQQUSDT,EQUITY,1783267200001,0.00000000,722.68355408
QQQUSDT,EQUITY,1783296000001,0.00000000,723.53154370
QQQUSDT,EQUITY,1783324800001,0.00000000,720.76151873
QQQUSDT,EQUITY,1783353600001,0.00004572,726.04199780
QQQUSDT,EQUITY,1783382400001,0.00014892,720.69000000
QQQUSDT,EQUITY,1783411200001,0.00000000,715.73463946
QQQUSDT,EQUITY,1783440000001,0.00018632,709.69000000
QQQUSDT,EQUITY,1783468800002,0.00005063,707.48681565
QQQUSDT,EQUITY,1783497600001,0.00000630,709.50512915
QQQUSDT,EQUITY,1783526400001,0.00000000,702.81646634
QQQUSDT,EQUITY,1783555200001,0.00000000,712.44000000
QQQUSDT,EQUITY,1783584000001,0.00000000,717.13000000
QQQUSDT,EQUITY,1783612800001,0.00006376,722.07000000
QQQUSDT,EQUITY,1783641600001,0.00000000,723.19205851
QQQUSDT,EQUITY,1783670400001,0.00000000,719.58000000
QQQUSDT,EQUITY,1783699200001,0.00000000,723.46838581
QQQUSDT,EQUITY,1783728000001,0.00000000,726.42000000
QQQUSDT,EQUITY,1783756800001,0.00000000,728.77838510
QQQUSDT,EQUITY,1783785600001,0.00000000,728.23483564
QQQUSDT,EQUITY,1783814400001,0.00000000,726.07000000
QQQUSDT,EQUITY,1783843200001,0.00000000,725.66203012
QQQUSDT,EQUITY,1783872000001,0.00000000,726.98000000
QQQUSDT,EQUITY,1783900800001,0.00000000,723.02500335
QQQUSDT,EQUITY,1783929600001,0.00027102,716.80000000
QQQUSDT,EQUITY,1783958400001,0.00000381,716.03000000
QQQUSDT,EQUITY,1783987200002,0.00010898,710.78000000
QQQUSDT,EQUITY,1784016000001,0.00002986,714.66000000
QQQUSDT,EQUITY,1784044800001,0.00010974,720.04294744
QQQUSDT,EQUITY,1784073600001,0.00011077,722.48192426
QQQUSDT,EQUITY,1784102400001,0.00000000,724.97168275
QQQUSDT,EQUITY,1784131200001,0.00003051,715.06772466
QQQUSDT,EQUITY,1784160000001,0.00000000,717.63435476
QQQUSDT,EQUITY,1784188800002,0.00004282,714.84000000
QQQUSDT,EQUITY,1784217600001,0.00000000,710.71000000
QQQUSDT,EQUITY,1784246400001,0.00011959,703.51252820
QQQUSDT,EQUITY,1784275200001,0.00018660,694.07000000
QQQUSDT,EQUITY,1784304000001,0.00000000,700.05201578
QQQUSDT,EQUITY,1784332800001,0.00006176,694.42000000
QQQUSDT,EQUITY,1784361600001,0.00000000,695.14295767
QQQUSDT,EQUITY,1784390400001,0.00000000,694.86000000
QQQUSDT,EQUITY,1784419200001,0.00000000,693.97000000
QQQUSDT,EQUITY,1784448000001,0.00000000,695.78519007
QQQUSDT,EQUITY,1784476800001,0.00000000,694.42381108
QQQUSDT,EQUITY,1784505600002,0.00000000,698.27603747
QQQUSDT,EQUITY,1784534400001,0.00001188,699.25000000
QQQUSDT,EQUITY,1784563200001,0.00000000,702.93965071
QQQUSDT,EQUITY,1784592000001,0.00003301,696.17995502
QQQUSDT,EQUITY,1784620800001,0.00013373,704.16939722
QQQUSDT,EQUITY,1784649600000,0.00000000,707.94711443
QQQUSDT,EQUITY,1784678400000,0.00000000,708.97000000
QQQUSDT,EQUITY,1784707200001,0.00000000,703.10000000
SPYUSDT,EQUITY,1779465600001,0.00000000,747.43000000
SPYUSDT,EQUITY,1779494400001,0.00000000,743.51000000
SPYUSDT,EQUITY,1779523200001,0.00000000,741.72000000
SPYUSDT,EQUITY,1779552000001,0.00000000,746.72000000
SPYUSDT,EQUITY,1779580800001,0.00007949,755.52826753
SPYUSDT,EQUITY,1779609600001,0.00000000,754.85695396
SPYUSDT,EQUITY,1779638400001,0.00000000,752.84032599
SPYUSDT,EQUITY,1779667200001,0.00000000,750.65000000
SPYUSDT,EQUITY,1779696000001,0.00000000,753.13605502
SPYUSDT,EQUITY,1779724800001,0.00000000,752.93103570
SPYUSDT,EQUITY,1779753600001,0.00000000,751.78000000
SPYUSDT,EQUITY,1779782400001,0.00000000,749.82128177
SPYUSDT,EQUITY,1779811200001,0.00000000,749.28000000
SPYUSDT,EQUITY,1779840000001,0.00000000,751.09000000
SPYUSDT,EQUITY,1779868800001,0.00000000,751.66021226
SPYUSDT,EQUITY,1779897600001,0.00000000,749.35892463
SPYUSDT,EQUITY,1779926400001,0.00000000,750.25311353
SPYUSDT,EQUITY,1779955200001,0.00000000,749.95740617
SPYUSDT,EQUITY,1779984000001,0.00000000,753.96196852
SPYUSDT,EQUITY,1780012800001,0.00000000,754.94627834
SPYUSDT,EQUITY,1780041600001,-0.00005361,754.91211516
SPYUSDT,EQUITY,1780070400001,0.00000000,756.20000000
SPYUSDT,EQUITY,1780099200001,0.00000000,755.86924209
SPYUSDT,EQUITY,1780128000001,0.00000000,756.64346254
SPYUSDT,EQUITY,1780156800001,0.00000000,756.74000000
SPYUSDT,EQUITY,1780185600001,0.00000000,756.94765693
SPYUSDT,EQUITY,1780214400001,0.00000000,758.86000000
SPYUSDT,EQUITY,1780243200001,0.00000000,758.41000000
SPYUSDT,EQUITY,1780272000001,0.00000000,757.20000000
SPYUSDT,EQUITY,1780300800001,0.00000000,757.83000000
SPYUSDT,EQUITY,1780329600001,0.00000000,756.49224313
SPYUSDT,EQUITY,1780358400001,0.00000000,756.43553805
SPYUSDT,EQUITY,1780387200001,0.00000000,757.21000000
SPYUSDT,EQUITY,1780416000001,0.00000000,759.41000000
SPYUSDT,EQUITY,1780444800001,0.00000000,759.22000000
SPYUSDT,EQUITY,1780473600001,-0.00003434,758.92000000
SPYUSDT,EQUITY,1780502400001,0.00000000,755.12000000
SPYUSDT,EQUITY,1780531200001,0.00000000,750.47000000
SPYUSDT,EQUITY,1780560000001,-0.00004375,752.38625746
SPYUSDT,EQUITY,1780588800001,-0.00005183,754.70000000
SPYUSDT,EQUITY,1780617600001,-0.00015130,754.21755249
SPYUSDT,EQUITY,1780646400001,-0.00012471,752.82000000
SPYUSDT,EQUITY,1780675200001,-0.00019080,746.25000000
SPYUSDT,EQUITY,1780704000001,0.00000000,735.97000000
SPYUSDT,EQUITY,1780732800001,0.00000000,732.15198266
SPYUSDT,EQUITY,1780761600001,0.00000000,737.29000000
SPYUSDT,EQUITY,1780790400002,0.00000000,738.11199451
SPYUSDT,EQUITY,1780819200001,0.00000000,739.33000000
SPYUSDT,EQUITY,1780848000001,0.00000000,737.00000000
SPYUSDT,EQUITY,1780876800001,0.00000000,736.60000000
SPYUSDT,EQUITY,1780905600001,-0.00020279,739.54985465
SPYUSDT,EQUITY,1780934400001,0.00000000,742.18000000
SPYUSDT,EQUITY,1780963200001,0.00000000,738.68434055
SPYUSDT,EQUITY,1780992000001,0.00000000,740.91758694
SPYUSDT,EQUITY,1781020800001,0.00000000,728.89000000
SPYUSDT,EQUITY,1781049600001,0.00000000,735.31000000
SPYUSDT,EQUITY,1781078400001,0.00000000,734.52352656
SPYUSDT,EQUITY,1781107200001,0.00000000,731.45875426
SPYUSDT,EQUITY,1781136000001,0.00000000,722.43171467
SPYUSDT,EQUITY,1781164800001,0.00000000,730.14805081
SPYUSDT,EQUITY,1781193600001,-0.00008540,727.79000000
SPYUSDT,EQUITY,1781222400001,-0.00006276,739.08043576
SPYUSDT,EQUITY,1781251200001,-0.00002800,738.16792244
SPYUSDT,EQUITY,1781280000001,0.00000000,738.54000000
SPYUSDT,EQUITY,1781308800001,0.00000000,742.92131852
SPYUSDT,EQUITY,1781337600001,0.00000000,742.69653728
SPYUSDT,EQUITY,1781366400001,0.00000000,743.98643561
SPYUSDT,EQUITY,1781395200001,0.00000000,742.88000000
SPYUSDT,EQUITY,1781424000001,0.00000000,744.04000000
SPYUSDT,EQUITY,1781452800001,0.00000000,745.28509005
SPYUSDT,EQUITY,1781481600001,0.00000000,748.13157741
SPYUSDT,EQUITY,1781510400002,0.00000000,750.80070194
SPYUSDT,EQUITY,1781539200001,0.00000000,756.14621869
SPYUSDT,EQUITY,1781568000001,0.00000000,754.05326013
SPYUSDT,EQUITY,1781596800001,0.00000000,754.64000000
SPYUSDT,EQUITY,1781625600001,0.00006039,753.23000000
SPYUSDT,EQUITY,1781654400001,0.00008918,751.20000000
SPYUSDT,EQUITY,1781683200001,0.00007879,752.79000000
SPYUSDT,EQUITY,1781712000001,0.00000000,750.76000000
SPYUSDT,EQUITY,1781726400001,0.00000000,741.39606356
SPYUSDT,EQUITY,1781730000001,0.00000000,743.10894874
SPYUSDT,EQUITY,1781733600001,0.00000000,742.47000000
SPYUSDT,EQUITY,1781737200001,0.00000902,744.70000000
SPYUSDT,EQUITY,1781740800001,0.00002292,746.20000000
SPYUSDT,EQUITY,1781740800009,-0.00239112,746.20000000
SPYUSDT,EQUITY,1781744400001,0.00003682,745.67457488
SPYUSDT,EQUITY,1781748000001,0.00000000,745.82790150
SPYUSDT,EQUITY,1781751600001,0.00000000,746.24052310
SPYUSDT,EQUITY,1781755200001,0.00000286,746.18000000
SPYUSDT,EQUITY,1781769600001,0.00019584,746.93000000
SPYUSDT,EQUITY,1781798400001,0.00042916,747.07000000
SPYUSDT,EQUITY,1781827200001,0.00017471,747.42000000
SPYUSDT,EQUITY,1781856000001,0.00000000,746.36443348
SPYUSDT,EQUITY,1781884800001,0.00000000,747.59000000
SPYUSDT,EQUITY,1781913600001,0.00000000,748.35000000
SPYUSDT,EQUITY,1781942400001,0.00000000,748.14000000
SPYUSDT,EQUITY,1781971200001,0.00000000,746.84000000
SPYUSDT,EQUITY,1782000000001,0.00000000,747.37000000
SPYUSDT,EQUITY,1782028800001,0.00000000,746.89000000
SPYUSDT,EQUITY,1782057600001,0.00000000,746.83044754
SPYUSDT,EQUITY,1782086400001,0.00000000,742.77000000
SPYUSDT,EQUITY,1782115200001,0.00015106,746.97000000
SPYUSDT,EQUITY,1782144000001,0.00009171,745.05141203
SPYUSDT,EQUITY,1782172800001,0.00000000,743.87000000
SPYUSDT,EQUITY,1782201600002,0.00000000,734.49000000
SPYUSDT,EQUITY,1782230400001,0.00000000,736.30223470
SPYUSDT,EQUITY,1782259200001,0.00027105,735.40000000
SPYUSDT,EQUITY,1782288000001,0.00000000,735.20477262
SPYUSDT,EQUITY,1782316800001,0.00011577,738.64013572
SPYUSDT,EQUITY,1782345600002,0.00010537,737.92000000
SPYUSDT,EQUITY,1782374400001,0.00014703,739.67846378
SPYUSDT,EQUITY,1782403200001,0.00010199,734.55000000
SPYUSDT,EQUITY,1782432000001,0.00000000,733.16151833
SPYUSDT,EQUITY,1782460800002,0.00000000,732.15000000
SPYUSDT,EQUITY,1782489600001,0.00000000,735.82000000
SPYUSDT,EQUITY,1782518400001,0.00000000,731.87288390
SPYUSDT,EQUITY,1782547200001,0.00000000,731.82000000
SPYUSDT,EQUITY,1782576000001,0.00000000,732.05020992
SPYUSDT,EQUITY,1782604800002,0.00000000,731.51000000
SPYUSDT,EQUITY,1782633600002,0.00000000,731.44614842
SPYUSDT,EQUITY,1782662400001,0.00000000,731.59000000
SPYUSDT,EQUITY,1782691200001,0.00000000,735.95553504
SPYUSDT,EQUITY,1782720000001,0.00004527,736.31086147
SPYUSDT,EQUITY,1782748800001,0.00007125,738.91000000
SPYUSDT,EQUITY,1782777600000,0.00000000,741.09886445
SPYUSDT,EQUITY,1782806400000,0.00005840,742.08446236
SPYUSDT,EQUITY,1782835200001,0.00004103,746.20000000
SPYUSDT,EQUITY,1782864000000,0.00000000,746.52000000
SPYUSDT,EQUITY,1782892800001,0.00000000,744.62000000
SPYUSDT,EQUITY,1782921600001,0.00000000,749.00000000
SPYUSDT,EQUITY,1782950400000,0.00000000,745.16000000
SPYUSDT,EQUITY,1782979200001,0.00000000,745.22000000
SPYUSDT,EQUITY,1783008000001,0.00000000,744.69000000
SPYUSDT,EQUITY,1783036800001,0.00000000,745.81331929
SPYUSDT,EQUITY,1783065600001,0.00000000,747.21895472
SPYUSDT,EQUITY,1783094400001,0.00000000,748.13616643
SPYUSDT,EQUITY,1783123200001,0.00000000,746.08554828
SPYUSDT,EQUITY,1783152000001,0.00000000,745.80969779
SPYUSDT,EQUITY,1783180800001,0.00000000,747.30592551
SPYUSDT,EQUITY,1783209600002,0.00000000,748.00000000
SPYUSDT,EQUITY,1783238400001,0.00000000,747.34000000
SPYUSDT,EQUITY,1783267200001,0.00000000,748.06000000
SPYUSDT,EQUITY,1783296000001,0.00000000,749.09396701
SPYUSDT,EQUITY,1783324800001,0.00000000,748.62000000
SPYUSDT,EQUITY,1783353600001,0.00000000,751.03000000
SPYUSDT,EQUITY,1783382400001,0.00000000,750.94000000
SPYUSDT,EQUITY,1783411200001,0.00000000,749.49739103
SPYUSDT,EQUITY,1783440000001,0.00000000,747.57000000
SPYUSDT,EQUITY,1783468800002,0.00000000,746.37020604
SPYUSDT,EQUITY,1783497600001,0.00000000,746.58000000
SPYUSDT,EQUITY,1783526400001,0.00000000,740.66000000
SPYUSDT,EQUITY,1783555200001,0.00000000,745.44529782
SPYUSDT,EQUITY,1783584000001,0.00000000,748.15254616
SPYUSDT,EQUITY,1783612800001,0.00000000,750.00000000
SPYUSDT,EQUITY,1783641600001,0.00000000,751.54078673
SPYUSDT,EQUITY,1783670400001,0.00000000,750.05606629
SPYUSDT,EQUITY,1783699200001,0.00000000,752.98434006
SPYUSDT,EQUITY,1783728000001,0.00000000,755.71720959
SPYUSDT,EQUITY,1783756800001,0.00000000,756.75000000
SPYUSDT,EQUITY,1783785600001,0.00000000,757.33000000
SPYUSDT,EQUITY,1783814400001,0.00000000,755.70000000
SPYUSDT,EQUITY,1783843200001,0.00000000,754.13010206
SPYUSDT,EQUITY,1783872000001,0.00000000,755.23567980
SPYUSDT,EQUITY,1783900800001,0.00000000,753.22205167
SPYUSDT,EQUITY,1783929600001,0.00000000,752.04000000
SPYUSDT,EQUITY,1783958400001,0.00000000,751.61088870
SPYUSDT,EQUITY,1783987200002,0.00000000,748.37000000
SPYUSDT,EQUITY,1784016000001,0.00000000,749.07000000
SPYUSDT,EQUITY,1784044800001,0.00000000,751.40229553
SPYUSDT,EQUITY,1784073600001,0.00013307,753.54000000
SPYUSDT,EQUITY,1784102400001,0.00000000,753.88000000
SPYUSDT,EQUITY,1784131200001,0.00000000,753.00000000
SPYUSDT,EQUITY,1784160000001,0.00000000,754.98684439
SPYUSDT,EQUITY,1784188800002,0.00000000,753.71000000
SPYUSDT,EQUITY,1784217600001,0.00000000,753.94049933
SPYUSDT,EQUITY,1784246400001,0.00000000,749.37000000
SPYUSDT,EQUITY,1784275200001,0.00000000,744.91306429
SPYUSDT,EQUITY,1784304000001,0.00000000,747.08000000
SPYUSDT,EQUITY,1784332800001,0.00000000,742.70000000
SPYUSDT,EQUITY,1784361600001,0.00000000,743.73000000
SPYUSDT,EQUITY,1784390400001,0.00000000,743.24314704
SPYUSDT,EQUITY,1784419200001,0.00000000,742.83530800
SPYUSDT,EQUITY,1784448000001,0.00000000,743.30487817
SPYUSDT,EQUITY,1784476800001,0.00000000,743.22000000
SPYUSDT,EQUITY,1784505600002,0.00000000,744.30573785
SPYUSDT,EQUITY,1784534400001,0.00017973,745.54000000
SPYUSDT,EQUITY,1784563200001,0.00000000,746.71541307
SPYUSDT,EQUITY,1784592000001,0.00009435,742.52326837
SPYUSDT,EQUITY,1784620800001,0.00000000,745.77507483
SPYUSDT,EQUITY,1784649600000,0.00000000,747.65000000
SPYUSDT,EQUITY,1784678400000,0.00000000,748.41000000
SPYUSDT,EQUITY,1784707200001,0.00000000,745.79000000
AAPLUSDT,EQUITY,1779465600001,0.00000000,309.97337166
AAPLUSDT,EQUITY,1779494400001,0.00001820,308.32866237
AAPLUSDT,EQUITY,1779523200001,0.00000000,307.02218290
AAPLUSDT,EQUITY,1779552000001,0.00000000,309.47588752
AAPLUSDT,EQUITY,1779580800001,0.00000000,311.87806675
AAPLUSDT,EQUITY,1779609600001,0.00000000,312.67000000
AAPLUSDT,EQUITY,1779638400001,0.00000000,311.20000000
AAPLUSDT,EQUITY,1779667200001,0.00000000,310.92000000
AAPLUSDT,EQUITY,1779696000001,0.00000000,312.45000000
AAPLUSDT,EQUITY,1779724800001,0.00000000,312.03373617
AAPLUSDT,EQUITY,1779753600001,0.00000000,311.23524677
AAPLUSDT,EQUITY,1779782400001,0.00000000,309.87000000
AAPLUSDT,EQUITY,1779811200001,0.00000000,310.12594627
AAPLUSDT,EQUITY,1779840000001,0.00000000,308.79000000
AAPLUSDT,EQUITY,1779868800001,0.00000000,308.76201565
AAPLUSDT,EQUITY,1779897600001,0.00000000,311.70056400
AAPLUSDT,EQUITY,1779926400001,0.00000000,310.49000000
AAPLUSDT,EQUITY,1779955200001,0.00000000,310.73000000
AAPLUSDT,EQUITY,1779984000001,0.00000000,310.80573323
AAPLUSDT,EQUITY,1780012800001,0.00000000,311.85357031
AAPLUSDT,EQUITY,1780041600001,0.00000000,311.24409290
AAPLUSDT,EQUITY,1780070400001,0.00000000,310.71707965
AAPLUSDT,EQUITY,1780099200001,0.00000000,311.11000000
AAPLUSDT,EQUITY,1780128000001,0.00000000,311.97688390
AAPLUSDT,EQUITY,1780156800001,0.00000000,312.84000000
AAPLUSDT,EQUITY,1780185600001,0.00000000,312.18406557
AAPLUSDT,EQUITY,1780214400001,0.00000000,312.86584979
AAPLUSDT,EQUITY,1780243200001,0.00000000,311.57451247
AAPLUSDT,EQUITY,1780272000001,0.00000000,311.91377633
AAPLUSDT,EQUITY,1780300800001,0.00000000,309.88000000
AAPLUSDT,EQUITY,1780329600001,0.00000000,306.99000000
AAPLUSDT,EQUITY,1780358400001,0.00000000,305.50078520
AAPLUSDT,EQUITY,1780387200001,0.00000000,307.11000000
AAPLUSDT,EQUITY,1780416000001,0.00000000,312.45012485
AAPLUSDT,EQUITY,1780444800001,0.00000000,315.18130633
AAPLUSDT,EQUITY,1780473600001,0.00000000,314.18139007
AAPLUSDT,EQUITY,1780502400001,0.00000000,311.42370767
AAPLUSDT,EQUITY,1780531200001,0.00000000,313.78000000
AAPLUSDT,EQUITY,1780560000001,0.00000000,312.37761287
AAPLUSDT,EQUITY,1780588800001,0.00000000,310.46000000
AAPLUSDT,EQUITY,1780617600001,0.00000000,310.63769547
AAPLUSDT,EQUITY,1780646400001,0.00000000,310.99608738
AAPLUSDT,EQUITY,1780675200001,0.00000000,313.36422609
AAPLUSDT,EQUITY,1780704000001,0.00000000,307.56670175
AAPLUSDT,EQUITY,1780732800001,0.00000000,304.45637273
AAPLUSDT,EQUITY,1780761600001,0.00000000,306.80000000
AAPLUSDT,EQUITY,1780790400002,0.00000000,307.62000000
AAPLUSDT,EQUITY,1780819200001,0.00000000,309.21000000
AAPLUSDT,EQUITY,1780848000001,0.00000000,307.25837628
AAPLUSDT,EQUITY,1780876800001,0.00000000,307.33000000
AAPLUSDT,EQUITY,1780905600001,0.00000000,308.62000000
AAPLUSDT,EQUITY,1780934400001,0.00000000,313.62000000
AAPLUSDT,EQUITY,1780963200001,0.00000000,300.92000000
AAPLUSDT,EQUITY,1780992000001,0.00009987,301.13000000
AAPLUSDT,EQUITY,1781020800001,0.00000000,291.38000000
AAPLUSDT,EQUITY,1781049600001,0.00014378,291.47792524
AAPLUSDT,EQUITY,1781078400001,0.00000000,290.59000000
AAPLUSDT,EQUITY,1781107200001,0.00004443,291.54421159
AAPLUSDT,EQUITY,1781136000001,0.00000387,290.95511824
AAPLUSDT,EQUITY,1781164800001,0.00000000,293.07101683
AAPLUSDT,EQUITY,1781193600001,0.00017628,293.64000000
AAPLUSDT,EQUITY,1781222400001,0.00020592,296.14000000
AAPLUSDT,EQUITY,1781251200001,0.00013636,296.18000000
AAPLUSDT,EQUITY,1781280000001,0.00005301,291.48016577
AAPLUSDT,EQUITY,1781308800001,0.00000000,291.58000000
AAPLUSDT,EQUITY,1781337600001,0.00000000,291.36000000
AAPLUSDT,EQUITY,1781366400001,0.00000000,291.69000000
AAPLUSDT,EQUITY,1781395200001,0.00000000,290.86168542
AAPLUSDT,EQUITY,1781424000001,0.00000000,291.11604287
AAPLUSDT,EQUITY,1781452800001,0.00000000,291.52000000
AAPLUSDT,EQUITY,1781481600001,0.00000000,292.40000000
AAPLUSDT,EQUITY,1781510400002,0.00030814,294.07000000
AAPLUSDT,EQUITY,1781539200001,0.00017969,297.62000000
AAPLUSDT,EQUITY,1781568000001,0.00015410,296.38000000
AAPLUSDT,EQUITY,1781596800001,0.00000000,295.98000000
AAPLUSDT,EQUITY,1781625600001,0.00004241,298.43086187
AAPLUSDT,EQUITY,1781654400001,0.00000000,298.88000000
AAPLUSDT,EQUITY,1781683200001,0.00000000,299.64000000
AAPLUSDT,EQUITY,1781712000001,0.00000000,298.65192436
AAPLUSDT,EQUITY,1781740800001,0.00006269,297.33551824
AAPLUSDT,EQUITY,1781769600001,0.00000000,298.30000000
AAPLUSDT,EQUITY,1781798400001,0.00000000,297.51345030
AAPLUSDT,EQUITY,1781827200001,0.00000000,297.33244307
AAPLUSDT,EQUITY,1781856000001,0.00000000,297.12167084
AAPLUSDT,EQUITY,1781884800001,0.00000000,297.26000000
AAPLUSDT,EQUITY,1781913600001,0.00000000,296.39000000
AAPLUSDT,EQUITY,1781942400001,0.00000000,296.29600640
AAPLUSDT,EQUITY,1781971200001,0.00000000,295.38000000
AAPLUSDT,EQUITY,1782000000001,0.00000000,295.67000000
AAPLUSDT,EQUITY,1782028800001,0.00000000,295.82542850
AAPLUSDT,EQUITY,1782057600001,0.00000000,295.53558033
AAPLUSDT,EQUITY,1782086400001,0.00000000,293.85000000
AAPLUSDT,EQUITY,1782115200001,0.00000000,297.34000000
AAPLUSDT,EQUITY,1782144000001,0.00000000,300.92000000
AAPLUSDT,EQUITY,1782172800001,0.00000000,295.74000000
AAPLUSDT,EQUITY,1782201600002,0.00000000,295.16179353
AAPLUSDT,EQUITY,1782230400001,0.00000000,298.13970003
AAPLUSDT,EQUITY,1782259200001,0.00000000,294.62845762
AAPLUSDT,EQUITY,1782288000001,0.00000000,294.12536716
AAPLUSDT,EQUITY,1782316800001,0.00000000,299.43549552
AAPLUSDT,EQUITY,1782345600002,0.00000000,291.13314211
AAPLUSDT,EQUITY,1782374400001,0.00020326,292.76328652
AAPLUSDT,EQUITY,1782403200001,0.00000000,278.08000000
AAPLUSDT,EQUITY,1782432000001,0.00038076,276.48000000
AAPLUSDT,EQUITY,1782460800002,0.00000000,275.55380518
AAPLUSDT,EQUITY,1782489600001,0.00000000,277.35000000
AAPLUSDT,EQUITY,1782518400001,0.00000000,282.57870040
AAPLUSDT,EQUITY,1782547200001,0.00000000,282.21342282
AAPLUSDT,EQUITY,1782576000001,0.00000000,281.82727562
AAPLUSDT,EQUITY,1782604800002,0.00000000,280.97000000
AAPLUSDT,EQUITY,1782633600002,0.00000000,281.62088130
AAPLUSDT,EQUITY,1782662400001,0.00000000,281.45409735
AAPLUSDT,EQUITY,1782691200001,0.00008627,283.30000000
AAPLUSDT,EQUITY,1782720000001,0.00000000,284.34000000
AAPLUSDT,EQUITY,1782748800001,0.00000000,281.64000000
AAPLUSDT,EQUITY,1782777600000,0.00000000,281.38617466
AAPLUSDT,EQUITY,1782806400000,0.00000000,281.46644465
AAPLUSDT,EQUITY,1782835200001,0.00000000,288.79011992
AAPLUSDT,EQUITY,1782864000000,0.00000000,289.12565640
AAPLUSDT,EQUITY,1782892800001,0.00000000,289.58000000
AAPLUSDT,EQUITY,1782921600001,0.00000000,295.29649643
AAPLUSDT,EQUITY,1782950400000,0.00000000,294.42890579
AAPLUSDT,EQUITY,1782979200001,0.00000000,296.87000000
AAPLUSDT,EQUITY,1783008000001,0.00000000,305.43236455
AAPLUSDT,EQUITY,1783036800001,0.00000000,308.28807107
AAPLUSDT,EQUITY,1783065600001,0.00000000,307.94000000
AAPLUSDT,EQUITY,1783094400001,0.00000000,307.93000000
AAPLUSDT,EQUITY,1783123200001,0.00000000,308.46963953
AAPLUSDT,EQUITY,1783152000001,0.00000000,308.85459659
AAPLUSDT,EQUITY,1783180800001,0.00000000,308.28000000
AAPLUSDT,EQUITY,1783209600002,0.00000000,307.64499626
AAPLUSDT,EQUITY,1783238400001,0.00000000,307.99352412
AAPLUSDT,EQUITY,1783267200001,0.00000000,308.12765414
AAPLUSDT,EQUITY,1783296000001,0.00000000,308.57000000
AAPLUSDT,EQUITY,1783324800001,0.00000000,306.01430702
AAPLUSDT,EQUITY,1783353600001,0.00000000,313.45000000
AAPLUSDT,EQUITY,1783382400001,0.00000000,312.62217087
AAPLUSDT,EQUITY,1783411200001,-0.00032922,312.71038184
AAPLUSDT,EQUITY,1783440000001,0.00000000,314.24884320
AAPLUSDT,EQUITY,1783468800002,0.00000000,311.56254641
AAPLUSDT,EQUITY,1783497600001,0.00000000,311.38150791
AAPLUSDT,EQUITY,1783526400001,0.00000000,310.11352382
AAPLUSDT,EQUITY,1783555200001,0.00000000,313.24497425
AAPLUSDT,EQUITY,1783584000001,0.00000000,313.05000000
AAPLUSDT,EQUITY,1783612800001,0.00000000,314.71601731
AAPLUSDT,EQUITY,1783641600001,0.00000000,315.39000000
AAPLUSDT,EQUITY,1783670400001,0.00000000,315.32738637
AAPLUSDT,EQUITY,1783699200001,0.00000000,313.25991132
AAPLUSDT,EQUITY,1783728000001,0.00000000,315.18669831
AAPLUSDT,EQUITY,1783756800001,0.00000000,315.67000000
AAPLUSDT,EQUITY,1783785600001,0.00000000,315.50485777
AAPLUSDT,EQUITY,1783814400001,0.00000000,315.27000000
AAPLUSDT,EQUITY,1783843200001,0.00000000,313.65427682
AAPLUSDT,EQUITY,1783872000001,0.00000000,315.07580775
AAPLUSDT,EQUITY,1783900800001,0.00000000,313.76000000
AAPLUSDT,EQUITY,1783929600001,0.00000000,315.64532892
AAPLUSDT,EQUITY,1783958400001,0.00000000,317.18000000
AAPLUSDT,EQUITY,1783987200002,0.00000000,317.94885484
AAPLUSDT,EQUITY,1784016000001,0.00000000,314.79507114
AAPLUSDT,EQUITY,1784044800001,0.00000000,313.29731929
AAPLUSDT,EQUITY,1784073600001,0.00000000,315.43405134
AAPLUSDT,EQUITY,1784102400001,0.00000000,314.94429984
AAPLUSDT,EQUITY,1784131200001,0.00000000,326.10000000
AAPLUSDT,EQUITY,1784160000001,0.00000000,327.59940872
AAPLUSDT,EQUITY,1784188800002,-0.00007537,327.40841408
AAPLUSDT,EQUITY,1784217600001,-0.00026235,331.83000000
AAPLUSDT,EQUITY,1784246400001,0.00000000,334.76000000
AAPLUSDT,EQUITY,1784275200001,-0.00024601,336.06000000
AAPLUSDT,EQUITY,1784304000001,0.00000000,332.31190651
AAPLUSDT,EQUITY,1784332800001,0.00000000,333.66000000
AAPLUSDT,EQUITY,1784361600001,0.00000000,333.21341017
AAPLUSDT,EQUITY,1784390400001,0.00000000,332.60000000
AAPLUSDT,EQUITY,1784419200001,0.00000000,334.10625304
AAPLUSDT,EQUITY,1784448000001,0.00000000,333.50813631
AAPLUSDT,EQUITY,1784476800001,0.00000000,333.87457431
AAPLUSDT,EQUITY,1784505600002,0.00000000,334.69587539
AAPLUSDT,EQUITY,1784534400001,0.00000000,333.25779671
AAPLUSDT,EQUITY,1784563200001,0.00000000,326.25175379
AAPLUSDT,EQUITY,1784592000001,0.00000000,325.99415102
AAPLUSDT,EQUITY,1784620800001,0.00000000,325.87000000
AAPLUSDT,EQUITY,1784649600000,0.00000000,328.80000000
AAPLUSDT,EQUITY,1784678400000,0.00000000,324.85000000
AAPLUSDT,EQUITY,1784707200001,0.00000000,326.91721224
TSMUSDT,EQUITY,1779465600001,0.00023296,406.33682753
TSMUSDT,EQUITY,1779494400001,0.00033876,403.52116738
TSMUSDT,EQUITY,1779523200001,0.00000000,403.15000000
TSMUSDT,EQUITY,1779552000001,0.00010498,406.59000000
TSMUSDT,EQUITY,1779580800001,0.00000000,411.76000000
TSMUSDT,EQUITY,1779609600001,0.00000000,413.23029530
TSMUSDT,EQUITY,1779638400001,0.00000000,414.37831798
TSMUSDT,EQUITY,1779667200001,0.00000000,412.60000000
TSMUSDT,EQUITY,1779696000001,0.00000000,412.25000000
TSMUSDT,EQUITY,1779724800001,0.00000000,416.83000000
TSMUSDT,EQUITY,1779753600001,0.00000000,416.17000000
TSMUSDT,EQUITY,1779782400001,0.00036807,410.13481048
TSMUSDT,EQUITY,1779811200001,0.00028041,412.19267623
TSMUSDT,EQUITY,1779840000001,0.00017065,415.98000000
TSMUSDT,EQUITY,1779868800001,0.00005578,416.71586065
TSMUSDT,EQUITY,1779897600001,0.00055226,417.90000000
TSMUSDT,EQUITY,1779926400001,0.00000000,421.81000000
TSMUSDT,EQUITY,1779955200001,0.00000000,416.51000000
TSMUSDT,EQUITY,1779984000001,0.00005637,426.94781235
TSMUSDT,EQUITY,1780012800001,0.00000000,424.93554727
TSMUSDT,EQUITY,1780041600001,0.00000000,427.24841339
TSMUSDT,EQUITY,1780070400001,0.00000000,418.82250611
TSMUSDT,EQUITY,1780099200001,0.00000609,419.41657408
TSMUSDT,EQUITY,1780128000001,0.00000000,420.22754692
TSMUSDT,EQUITY,1780156800001,0.00000000,420.17000000
TSMUSDT,EQUITY,1780185600001,0.00000000,422.82000000
TSMUSDT,EQUITY,1780214400001,0.00000000,426.01395694
TSMUSDT,EQUITY,1780243200001,0.00000000,428.35346782
TSMUSDT,EQUITY,1780272000001,0.00000000,431.13000000
TSMUSDT,EQUITY,1780300800001,0.00000000,425.03770661
TSMUSDT,EQUITY,1780329600001,0.00000000,440.50000000
TSMUSDT,EQUITY,1780358400001,0.00014608,438.32000000
TSMUSDT,EQUITY,1780387200001,0.00017209,437.37000000
TSMUSDT,EQUITY,1780416000001,0.00016425,448.47619076
TSMUSDT,EQUITY,1780444800001,0.00005042,446.26454279
TSMUSDT,EQUITY,1780473600001,0.00038102,448.75872289
TSMUSDT,EQUITY,1780502400001,0.00031937,439.49991711
TSMUSDT,EQUITY,1780531200001,0.00000000,431.68922607
TSMUSDT,EQUITY,1780560000001,0.00000000,435.11140148
TSMUSDT,EQUITY,1780588800001,0.00019806,445.07037878
TSMUSDT,EQUITY,1780617600001,0.00000000,439.93225618
TSMUSDT,EQUITY,1780646400001,0.00000000,435.34262324
TSMUSDT,EQUITY,1780675200001,0.00002198,425.76000000
TSMUSDT,EQUITY,1780704000001,0.00000000,411.21841840
TSMUSDT,EQUITY,1780732800001,-0.00022192,400.91000000
TSMUSDT,EQUITY,1780761600001,0.00011407,406.64022579
TSMUSDT,EQUITY,1780790400002,0.00000000,404.37115423
TSMUSDT,EQUITY,1780819200001,0.00037841,412.01075616
TSMUSDT,EQUITY,1780848000001,0.00000000,413.06000000
TSMUSDT,EQUITY,1780876800001,-0.00009455,409.09855915
TSMUSDT,EQUITY,1780905600001,0.00000000,422.97000000
TSMUSDT,EQUITY,1780934400001,0.00004489,429.72201252
TSMUSDT,EQUITY,1780963200001,0.00014663,428.42525245
TSMUSDT,EQUITY,1780992000001,0.00039578,429.39110306
TSMUSDT,EQUITY,1781020800001,0.00000000,415.50000000
TSMUSDT,EQUITY,1781049600001,0.00000000,425.17549341
TSMUSDT,EQUITY,1781078400001,0.00033270,422.36000000
TSMUSDT,EQUITY,1781107200001,0.00000000,416.07000000
TSMUSDT,EQUITY,1781121600001,0.00001529,409.08000000
TSMUSDT,EQUITY,1781125200001,0.00001324,409.41521669
TSMUSDT,EQUITY,1781128800001,0.00000000,408.54000000
TSMUSDT,EQUITY,1781132400001,0.00000000,406.60852510
TSMUSDT,EQUITY,1781136000001,0.00000000,407.23000000
TSMUSDT,EQUITY,1781136000012,-0.00233910,407.23000000
TSMUSDT,EQUITY,1781139600001,0.00000000,411.64824003
TSMUSDT,EQUITY,1781143200001,0.00000000,412.79323284
TSMUSDT,EQUITY,1781146800001,0.00007669,412.40000000
TSMUSDT,EQUITY,1781150400001,0.00000000,415.01000000
TSMUSDT,EQUITY,1781164800001,0.00000000,415.75983679
TSMUSDT,EQUITY,1781193600001,0.00000000,413.51000000
TSMUSDT,EQUITY,1781222400001,0.00000000,422.83000000
TSMUSDT,EQUITY,1781251200001,0.00000000,419.76000000
TSMUSDT,EQUITY,1781280000001,0.00000000,423.03581949
TSMUSDT,EQUITY,1781308800001,0.00008182,426.18000000
TSMUSDT,EQUITY,1781337600001,0.00000000,426.46214653
TSMUSDT,EQUITY,1781366400001,0.00000000,425.73554959
TSMUSDT,EQUITY,1781395200001,0.00000000,425.20066486
TSMUSDT,EQUITY,1781424000001,0.00000000,428.56345508
TSMUSDT,EQUITY,1781452800001,0.00000000,429.81000000
TSMUSDT,EQUITY,1781481600001,0.00000000,431.05000000
TSMUSDT,EQUITY,1781510400002,0.00000000,438.37841090
TSMUSDT,EQUITY,1781539200001,0.00000000,439.84534637
TSMUSDT,EQUITY,1781568000001,0.00000000,440.50337944
TSMUSDT,EQUITY,1781596800001,0.00000000,439.70000000
TSMUSDT,EQUITY,1781625600001,0.00000000,430.31000000
TSMUSDT,EQUITY,1781654400001,0.00000000,428.80484678
TSMUSDT,EQUITY,1781683200001,0.00000000,434.57671731
TSMUSDT,EQUITY,1781712000001,0.00000000,438.76270068
TSMUSDT,EQUITY,1781740800001,0.00003565,437.94145627
TSMUSDT,EQUITY,1781769600001,0.00000000,440.97000000
TSMUSDT,EQUITY,1781798400001,0.00013324,453.81000000
TSMUSDT,EQUITY,1781827200001,0.00047629,462.81000000
TSMUSDT,EQUITY,1781856000001,-0.00016082,457.30000000
TSMUSDT,EQUITY,1781884800001,0.00000000,460.81314172
TSMUSDT,EQUITY,1781913600001,0.00000000,458.70783160
TSMUSDT,EQUITY,1781942400001,0.00000000,464.43033135
TSMUSDT,EQUITY,1781971200001,0.00000000,462.66624173
TSMUSDT,EQUITY,1782000000001,0.00000000,462.29000000
TSMUSDT,EQUITY,1782028800001,0.00000000,463.47000000
TSMUSDT,EQUITY,1782057600001,0.00000000,464.53000000
TSMUSDT,EQUITY,1782086400001,-0.00003722,458.90765558
TSMUSDT,EQUITY,1782115200001,0.00036556,468.57703219
TSMUSDT,EQUITY,1782144000001,0.00036653,469.68000000
TSMUSDT,EQUITY,1782172800001,0.00033172,467.68928048
TSMUSDT,EQUITY,1782201600002,0.00000000,447.49645226
TSMUSDT,EQUITY,1782230400001,0.00029620,442.26362329
TSMUSDT,EQUITY,1782259200001,0.00026238,441.06401683
TSMUSDT,EQUITY,1782288000001,0.00036907,441.66000000
TSMUSDT,EQUITY,1782316800001,0.00000805,442.44487415
TSMUSDT,EQUITY,1782345600002,0.00008129,457.21168967
TSMUSDT,EQUITY,1782374400001,0.00000000,453.77108575
TSMUSDT,EQUITY,1782403200001,0.00000000,440.85000000
TSMUSDT,EQUITY,1782432000001,0.00005366,436.16678078
TSMUSDT,EQUITY,1782460800002,0.00006306,433.27000000
TSMUSDT,EQUITY,1782489600001,0.00009388,429.29000000
TSMUSDT,EQUITY,1782518400001,0.00000000,431.36374478
TSMUSDT,EQUITY,1782547200001,0.00000000,435.35000000
TSMUSDT,EQUITY,1782576000001,0.00000000,434.86457596
TSMUSDT,EQUITY,1782604800002,0.00000000,431.97498153
TSMUSDT,EQUITY,1782633600002,0.00000000,433.65462976
TSMUSDT,EQUITY,1782662400001,0.00000000,433.36080732
TSMUSDT,EQUITY,1782691200001,0.00000000,435.59000000
TSMUSDT,EQUITY,1782720000001,0.00020496,437.85000000
TSMUSDT,EQUITY,1782748800001,0.00000000,447.93013918
TSMUSDT,EQUITY,1782777600000,0.00000000,454.49681708
TSMUSDT,EQUITY,1782806400000,0.00000000,453.26000000
TSMUSDT,EQUITY,1782835200001,0.00000000,468.78487876
TSMUSDT,EQUITY,1782864000000,0.00002682,477.02544810
TSMUSDT,EQUITY,1782892800001,0.00000000,474.83231581
TSMUSDT,EQUITY,1782921600001,0.00000000,447.16000000
TSMUSDT,EQUITY,1782950400000,0.00022598,448.69480138
TSMUSDT,EQUITY,1782979200001,0.00003262,441.85123512
TSMUSDT,EQUITY,1783008000001,0.00007321,442.70840398
TSMUSDT,EQUITY,1783036800001,0.00008749,437.95400797
TSMUSDT,EQUITY,1783065600001,0.00000000,443.77094401
TSMUSDT,EQUITY,1783094400001,0.00000000,446.25000000
TSMUSDT,EQUITY,1783123200001,0.00000000,443.09157705
TSMUSDT,EQUITY,1783152000001,0.00000000,446.71179090
TSMUSDT,EQUITY,1783180800001,0.00000000,444.29793882
TSMUSDT,EQUITY,1783209600002,0.00000000,444.36000000
TSMUSDT,EQUITY,1783238400001,0.00000000,446.92000000
TSMUSDT,EQUITY,1783267200001,0.00000000,448.90263853
TSMUSDT,EQUITY,1783296000001,0.00014749,451.17185439
TSMUSDT,EQUITY,1783324800001,0.00008760,447.23000000
TSMUSDT,EQUITY,1783353600001,0.00002401,458.09000000
TSMUSDT,EQUITY,1783382400001,0.00000000,450.80374605
TSMUSDT,EQUITY,1783411200001,0.00000000,443.26287144
TSMUSDT,EQUITY,1783440000001,0.00000063,432.78000000
TSMUSDT,EQUITY,1783468800002,0.00000000,430.85000000
TSMUSDT,EQUITY,1783497600001,0.00000000,436.79000000
TSMUSDT,EQUITY,1783526400001,0.00000000,431.82640285
TSMUSDT,EQUITY,1783555200001,0.00012336,438.76323442
TSMUSDT,EQUITY,1783584000001,0.00028676,442.87149375
TSMUSDT,EQUITY,1783612800001,0.00000232,444.50000000
TSMUSDT,EQUITY,1783641600001,0.00024529,439.70000000
TSMUSDT,EQUITY,1783670400001,0.00028327,437.21089278
TSMUSDT,EQUITY,1783699200001,0.00000000,433.35000000
TSMUSDT,EQUITY,1783728000001,0.00020440,436.26238152
TSMUSDT,EQUITY,1783756800001,0.00000000,437.74791869
TSMUSDT,EQUITY,1783785600001,0.00000000,438.80000000
TSMUSDT,EQUITY,1783814400001,0.00000000,437.78000000
TSMUSDT,EQUITY,1783843200001,0.00000000,437.12167663
TSMUSDT,EQUITY,1783872000001,0.00000000,437.84055257
TSMUSDT,EQUITY,1783900800001,0.00000000,437.09279556
TSMUSDT,EQUITY,1783929600001,0.00003175,431.70740195
TSMUSDT,EQUITY,1783958400001,0.00000000,429.25150867
TSMUSDT,EQUITY,1783987200002,0.00000000,423.93489033
TSMUSDT,EQUITY,1784016000001,0.00015896,428.18990167
TSMUSDT,EQUITY,1784044800001,0.00020862,422.53675818
TSMUSDT,EQUITY,1784073600001,0.00042289,424.33219466
TSMUSDT,EQUITY,1784102400001,0.00012342,429.09784618
TSMUSDT,EQUITY,1784131200001,0.00011151,416.88000000
TSMUSDT,EQUITY,1784160000001,0.00000000,423.64000000
TSMUSDT,EQUITY,1784188800002,0.00010179,410.55480161
TSMUSDT,EQUITY,1784217600001,0.00000000,408.66771431
TSMUSDT,EQUITY,1784246400001,0.00000000,406.48323454
TSMUSDT,EQUITY,1784275200001,0.00000000,395.67000000
TSMUSDT,EQUITY,1784304000001,0.00000000,402.59779589
TSMUSDT,EQUITY,1784332800001,0.00000906,398.15513970
TSMUSDT,EQUITY,1784361600001,0.00000000,400.56099748
TSMUSDT,EQUITY,1784390400001,0.00000000,397.96348456
TSMUSDT,EQUITY,1784419200001,0.00000000,399.32000000
TSMUSDT,EQUITY,1784448000001,0.00000000,400.87721016
TSMUSDT,EQUITY,1784476800001,0.00000000,399.48415451
TSMUSDT,EQUITY,1784505600002,0.00000000,400.83551314
TSMUSDT,EQUITY,1784534400001,0.00000000,402.80000000
TSMUSDT,EQUITY,1784563200001,0.00000000,404.88664104
TSMUSDT,EQUITY,1784592000001,0.00007084,403.95000000
TSMUSDT,EQUITY,1784620800001,0.00000000,413.97987806
TSMUSDT,EQUITY,1784649600000,0.00000000,419.86855450
TSMUSDT,EQUITY,1784678400000,0.00000000,425.39294828
TSMUSDT,EQUITY,1784707200001,0.00000000,415.17000000
MUUSDT,EQUITY,1779465600001,0.00031591,765.92000000
MUUSDT,EQUITY,1779494400001,0.00003172,745.25000000
MUUSDT,EQUITY,1779523200001,0.00000000,740.19000000
MUUSDT,EQUITY,1779552000001,0.00065383,753.84000000
MUUSDT,EQUITY,1779580800001,0.00077504,771.33500025
MUUSDT,EQUITY,1779609600001,0.00000000,773.43619970
MUUSDT,EQUITY,1779638400001,0.00000000,772.79000000
MUUSDT,EQUITY,1779667200001,0.00000000,776.51000000
MUUSDT,EQUITY,1779696000001,0.00167867,785.88693548
MUUSDT,EQUITY,1779724800001,0.00022150,794.51793539
MUUSDT,EQUITY,1779753600001,-0.00001545,790.19000000
MUUSDT,EQUITY,1779782400001,0.00015656,779.69733823
MUUSDT,EQUITY,1779811200001,0.00010268,873.52615052
MUUSDT,EQUITY,1779840000001,0.00028448,914.96132490
MUUSDT,EQUITY,1779868800001,0.00020463,939.35375928
MUUSDT,EQUITY,1779897600001,0.00067458,911.52129268
MUUSDT,EQUITY,1779926400001,0.00000000,905.08000000
MUUSDT,EQUITY,1779955200001,0.00004807,913.26596367
MUUSDT,EQUITY,1779984000001,0.00016737,935.09685590
MUUSDT,EQUITY,1780012800001,0.00000000,935.94000000
MUUSDT,EQUITY,1780041600001,0.00003174,937.28159677
MUUSDT,EQUITY,1780070400001,0.00000000,958.66112294
MUUSDT,EQUITY,1780099200001,0.00000000,964.67300000
MUUSDT,EQUITY,1780128000001,0.00013939,973.12977620
MUUSDT,EQUITY,1780156800001,0.00000000,975.48000000
MUUSDT,EQUITY,1780185600001,0.00000000,977.91470506
MUUSDT,EQUITY,1780214400001,0.00000000,980.85006905
MUUSDT,EQUITY,1780243200001,0.00010559,987.76844181
MUUSDT,EQUITY,1780272000001,0.00000000,989.14000000
MUUSDT,EQUITY,1780300800001,0.00000000,1005.95000000
MUUSDT,EQUITY,1780329600001,0.00023131,1032.03476402
MUUSDT,EQUITY,1780358400001,0.00000000,1040.36000000
MUUSDT,EQUITY,1780387200001,0.00028548,1026.12407000
MUUSDT,EQUITY,1780416000001,0.00032301,1043.33905210
MUUSDT,EQUITY,1780444800001,0.00000000,1056.29681185
MUUSDT,EQUITY,1780473600001,0.00000000,1061.37000000
MUUSDT,EQUITY,1780502400001,0.00038667,1057.29901963
MUUSDT,EQUITY,1780531200001,0.00000000,1051.06987986
MUUSDT,EQUITY,1780560000001,0.00000000,1052.38000000
MUUSDT,EQUITY,1780588800001,0.00047232,1008.23928621
MUUSDT,EQUITY,1780617600001,0.00012877,971.84156709
MUUSDT,EQUITY,1780646400001,0.00010685,950.09000000
MUUSDT,EQUITY,1780675200001,0.00042696,930.39000000
MUUSDT,EQUITY,1780704000001,0.00095368,858.58000000
MUUSDT,EQUITY,1780732800001,0.00000000,853.84000000
MUUSDT,EQUITY,1780761600001,0.00000000,869.11232439
MUUSDT,EQUITY,1780790400002,0.00003884,877.69000000
MUUSDT,EQUITY,1780819200001,0.00007352,881.52000000
MUUSDT,EQUITY,1780848000001,0.00103123,901.29170426
MUUSDT,EQUITY,1780876800001,-0.00005755,888.25000000
MUUSDT,EQUITY,1780905600001,0.00063509,896.62000000
MUUSDT,EQUITY,1780934400001,0.00019123,955.63000000
MUUSDT,EQUITY,1780963200001,0.00000000,954.15106326
MUUSDT,EQUITY,1780992000001,0.00000000,993.77396000
MUUSDT,EQUITY,1781020800001,0.00049764,889.67000000
MUUSDT,EQUITY,1781049600001,0.00000000,919.40000000
MUUSDT,EQUITY,1781078400001,0.00000000,905.37111390
MUUSDT,EQUITY,1781107200001,0.00054963,911.87000000
MUUSDT,EQUITY,1781136000001,0.00087633,877.12000000
MUUSDT,EQUITY,1781164800001,0.00000000,917.70931190
MUUSDT,EQUITY,1781193600001,0.00028355,923.37144585
MUUSDT,EQUITY,1781222400001,0.00000000,998.85943976
MUUSDT,EQUITY,1781251200001,0.00000013,975.96011214
MUUSDT,EQUITY,1781280000001,0.00004625,981.82449682
MUUSDT,EQUITY,1781308800001,0.00040470,989.68676261
MUUSDT,EQUITY,1781337600001,0.00000000,985.04000000
MUUSDT,EQUITY,1781366400001,0.00000000,986.39328588
MUUSDT,EQUITY,1781395200001,0.00000000,990.94416458
MUUSDT,EQUITY,1781424000001,0.00034823,1004.55000000
MUUSDT,EQUITY,1781452800001,0.00000000,1010.12000000
MUUSDT,EQUITY,1781481600001,0.00134706,1033.80000000
MUUSDT,EQUITY,1781510400002,0.00078951,1034.20000000
MUUSDT,EQUITY,1781539200001,0.00002854,1070.48485213
MUUSDT,EQUITY,1781568000001,0.00000000,1083.86431723
MUUSDT,EQUITY,1781596800001,0.00038601,1082.78000000
MUUSDT,EQUITY,1781625600001,0.00011850,1040.75967623
MUUSDT,EQUITY,1781654400001,0.00011299,1033.90889430
MUUSDT,EQUITY,1781683200001,0.00023772,1070.85000000
MUUSDT,EQUITY,1781712000001,0.00015888,1059.10352865
MUUSDT,EQUITY,1781740800001,0.00008484,1078.50000000
MUUSDT,EQUITY,1781769600001,0.00018439,1087.27000000
MUUSDT,EQUITY,1781798400001,0.00003584,1125.15000000
MUUSDT,EQUITY,1781827200001,0.00047520,1152.25042901
MUUSDT,EQUITY,1781856000001,-0.00055595,1121.83859392
MUUSDT,EQUITY,1781884800001,0.00000000,1120.15000000
MUUSDT,EQUITY,1781913600001,0.00033074,1133.41000000
MUUSDT,EQUITY,1781942400001,0.00001370,1142.98000000
MUUSDT,EQUITY,1781971200001,0.00000000,1137.75315779
MUUSDT,EQUITY,1782000000001,0.00000000,1139.27000000
MUUSDT,EQUITY,1782028800001,0.00005405,1148.81544334
MUUSDT,EQUITY,1782057600001,0.00000000,1147.91067525
MUUSDT,EQUITY,1782086400001,-0.00081870,1128.09000000
MUUSDT,EQUITY,1782115200001,0.00038415,1168.32000000
MUUSDT,EQUITY,1782144000001,0.00014146,1179.82293730
MUUSDT,EQUITY,1782172800001,0.00000000,1230.13000000
MUUSDT,EQUITY,1782201600002,0.00000000,1121.34585504
MUUSDT,EQUITY,1782230400001,0.00042219,1083.56000000
MUUSDT,EQUITY,1782259200001,0.00047040,1065.25361233
MUUSDT,EQUITY,1782288000001,0.00073874,1082.51553969
MUUSDT,EQUITY,1782316800001,0.00055176,1043.61031561
MUUSDT,EQUITY,1782345600002,0.00040423,1214.59000000
MUUSDT,EQUITY,1782374400001,0.00000000,1237.69918158
MUUSDT,EQUITY,1782403200001,0.00058968,1194.49000000
MUUSDT,EQUITY,1782432000001,0.00044843,1189.10323275
MUUSDT,EQUITY,1782460800002,0.00062160,1172.19000000
MUUSDT,EQUITY,1782489600001,0.00018340,1165.89246284
MUUSDT,EQUITY,1782518400001,0.00060587,1134.83708097
MUUSDT,EQUITY,1782547200001,0.00000000,1140.27000000
MUUSDT,EQUITY,1782576000001,0.00000000,1140.56790884
MUUSDT,EQUITY,1782604800002,0.00000000,1131.22000000
MUUSDT,EQUITY,1782633600002,0.00000000,1131.85428256
MUUSDT,EQUITY,1782662400001,0.00003865,1144.93000000
MUUSDT,EQUITY,1782691200001,0.00009170,1153.72128672
MUUSDT,EQUITY,1782720000001,0.00038211,1157.66000000
MUUSDT,EQUITY,1782748800001,0.00059682,1093.79246559
MUUSDT,EQUITY,1782777600000,0.00019191,1138.94000000
MUUSDT,EQUITY,1782806400000,0.00038726,1149.98000000
MUUSDT,EQUITY,1782835200001,0.00002462,1147.73366409
MUUSDT,EQUITY,1782864000000,0.00011116,1156.84000000
MUUSDT,EQUITY,1782892800001,0.00000000,1121.79122294
MUUSDT,EQUITY,1782921600001,0.00059782,1051.59961682
MUUSDT,EQUITY,1782950400000,0.00035208,1020.32000000
MUUSDT,EQUITY,1782979200001,0.00053605,1001.80396631
MUUSDT,EQUITY,1783008000001,0.00016174,991.46450331
MUUSDT,EQUITY,1783036800001,0.00030931,978.22000000
MUUSDT,EQUITY,1783065600001,0.00084670,1008.18083861
MUUSDT,EQUITY,1783094400001,0.00014428,1029.47000000
MUUSDT,EQUITY,1783123200001,0.00000000,1027.57668997
MUUSDT,EQUITY,1783152000001,0.00000000,1030.30395909
MUUSDT,EQUITY,1783180800001,0.00000000,1029.61352570
MUUSDT,EQUITY,1783209600002,0.00000000,1033.45827086
MUUSDT,EQUITY,1783238400001,0.00000000,1033.98747588
MUUSDT,EQUITY,1783267200001,0.00000000,1035.32770074
MUUSDT,EQUITY,1783281600001,0.00000000,1037.64652359
MUUSDT,EQUITY,1783285200001,0.00000000,1037.53000000
MUUSDT,EQUITY,1783288800001,0.00000000,1039.14000000
MUUSDT,EQUITY,1783292400001,0.00004849,1036.48360275
MUUSDT,EQUITY,1783296000001,-0.00025959,1025.63000000
MUUSDT,EQUITY,1783296001001,-0.00014625,1025.65000000
MUUSDT,EQUITY,1783324800001,0.00023560,1006.79064854
MUUSDT,EQUITY,1783353600001,0.00009389,1012.78000000
MUUSDT,EQUITY,1783382400001,0.00011434,960.84937717
MUUSDT,EQUITY,1783411200001,0.00034249,939.36325261
MUUSDT,EQUITY,1783440000001,0.00058791,918.40000000
MUUSDT,EQUITY,1783468800002,0.00013716,914.86698839
MUUSDT,EQUITY,1783497600001,0.00028351,911.50313973
MUUSDT,EQUITY,1783526400001,0.00008880,921.52000000
MUUSDT,EQUITY,1783555200001,0.00000000,957.66000000
MUUSDT,EQUITY,1783584000001,0.00000000,985.14455319
MUUSDT,EQUITY,1783612800001,0.00000000,1015.73000000
MUUSDT,EQUITY,1783641600001,0.00008978,1002.43000000
MUUSDT,EQUITY,1783670400001,0.00000000,967.76000000
MUUSDT,EQUITY,1783699200001,0.00000000,970.20000000
MUUSDT,EQUITY,1783728000001,0.00000555,982.87882162
MUUSDT,EQUITY,1783756800001,0.00000000,984.27000000
MUUSDT,EQUITY,1783785600001,0.00000000,982.97000000
MUUSDT,EQUITY,1783814400001,-0.00023278,978.42000000
MUUSDT,EQUITY,1783843200001,0.00000000,975.72000000
MUUSDT,EQUITY,1783872000001,0.00000000,981.84946263
MUUSDT,EQUITY,1783900800001,-0.00045899,967.89755175
MUUSDT,EQUITY,1783929600001,0.00000000,919.57000000
MUUSDT,EQUITY,1783958400001,0.00000000,932.35000000
MUUSDT,EQUITY,1783987200002,0.00000000,920.62527320
MUUSDT,EQUITY,1784016000001,0.00016839,957.29000000
MUUSDT,EQUITY,1784044800001,0.00000000,981.81130231
MUUSDT,EQUITY,1784073600001,0.00004021,990.00000000
MUUSDT,EQUITY,1784102400001,0.00000000,992.55901604
MUUSDT,EQUITY,1784131200001,0.00019894,903.31000000
MUUSDT,EQUITY,1784160000001,0.00020481,896.65995987
MUUSDT,EQUITY,1784188800002,0.00002831,889.30000000
MUUSDT,EQUITY,1784217600001,0.00000000,854.59000000
MUUSDT,EQUITY,1784246400001,0.00023882,833.14707263
MUUSDT,EQUITY,1784275200001,0.00085907,808.11286558
MUUSDT,EQUITY,1784304000001,0.00000000,883.64000000
MUUSDT,EQUITY,1784332800001,0.00000000,844.54000000
MUUSDT,EQUITY,1784361600001,0.00000000,845.70000000
MUUSDT,EQUITY,1784390400001,0.00000000,840.48000000
MUUSDT,EQUITY,1784419200001,0.00000000,839.23000000
MUUSDT,EQUITY,1784448000001,0.00000000,846.40359343
MUUSDT,EQUITY,1784476800001,0.00000000,850.19053533
MUUSDT,EQUITY,1784505600002,0.00053656,861.55226061
MUUSDT,EQUITY,1784534400001,0.00000000,867.67000000
MUUSDT,EQUITY,1784563200001,0.00000000,893.29241815
MUUSDT,EQUITY,1784592000001,0.00000000,873.15596609
MUUSDT,EQUITY,1784620800001,0.00045172,911.28984006
MUUSDT,EQUITY,1784649600000,0.00000000,951.95000000
MUUSDT,EQUITY,1784678400000,-0.00024470,986.77768632
MUUSDT,EQUITY,1784707200001,0.00000000,946.45000000
SNDKUSDT,EQUITY,1779465600001,0.00000000,1504.42501205
SNDKUSDT,EQUITY,1779494400001,0.00032227,1468.77125463
SNDKUSDT,EQUITY,1779523200001,0.00000000,1469.18000000
SNDKUSDT,EQUITY,1779552000001,0.00032120,1490.01000000
SNDKUSDT,EQUITY,1779580800001,0.00034071,1512.67000000
SNDKUSDT,EQUITY,1779609600001,0.00000000,1506.29938897
SNDKUSDT,EQUITY,1779638400001,0.00000000,1516.31000000
SNDKUSDT,EQUITY,1779667200001,0.00000000,1516.26688111
SNDKUSDT,EQUITY,1779696000001,0.00006207,1534.74453394
SNDKUSDT,EQUITY,1779724800001,0.00000000,1543.76000000
SNDKUSDT,EQUITY,1779753600001,0.00000000,1540.45942433
SNDKUSDT,EQUITY,1779782400001,0.00053389,1501.08000000
SNDKUSDT,EQUITY,1779811200001,0.00000000,1581.16718963
SNDKUSDT,EQUITY,1779840000001,0.00000000,1616.59142583
SNDKUSDT,EQUITY,1779868800001,0.00038294,1614.95295565
SNDKUSDT,EQUITY,1779897600001,0.00067598,1550.80000000
SNDKUSDT,EQUITY,1779926400001,0.00000000,1556.34584311
SNDKUSDT,EQUITY,1779955200001,0.00000000,1553.32416667
SNDKUSDT,EQUITY,1779984000001,0.00000000,1682.30000000
SNDKUSDT,EQUITY,1780012800001,0.00021955,1649.72000000
SNDKUSDT,EQUITY,1780041600001,0.00027049,1660.91000000
SNDKUSDT,EQUITY,1780070400001,0.00006901,1667.68854516
SNDKUSDT,EQUITY,1780099200001,0.00000000,1682.74000000
SNDKUSDT,EQUITY,1780128000001,0.00000000,1684.68000000
SNDKUSDT,EQUITY,1780156800001,0.00000000,1690.57643109
SNDKUSDT,EQUITY,1780185600001,0.00000000,1692.14421491
SNDKUSDT,EQUITY,1780214400001,0.00000000,1701.10724246
SNDKUSDT,EQUITY,1780243200001,0.00000000,1710.90949469
SNDKUSDT,EQUITY,1780272000001,0.00000000,1728.59000000
SNDKUSDT,EQUITY,1780300800001,0.00000000,1739.37419161
SNDKUSDT,EQUITY,1780329600001,0.00000000,1753.32742795
SNDKUSDT,EQUITY,1780358400001,0.00000000,1756.27000000
SNDKUSDT,EQUITY,1780387200001,0.00065545,1731.74091758
SNDKUSDT,EQUITY,1780416000001,0.00000000,1747.41955782
SNDKUSDT,EQUITY,1780444800001,0.00036538,1721.06304063
SNDKUSDT,EQUITY,1780473600001,0.00081500,1718.61614723
SNDKUSDT,EQUITY,1780502400001,0.00000000,1788.45000000
SNDKUSDT,EQUITY,1780531200001,0.00033944,1786.37286406
SNDKUSDT,EQUITY,1780560000001,0.00069666,1787.36368084
SNDKUSDT,EQUITY,1780588800001,0.00010218,1804.03815055
SNDKUSDT,EQUITY,1780617600001,0.00010353,1731.33761918
SNDKUSDT,EQUITY,1780646400001,0.00000000,1720.66335856
SNDKUSDT,EQUITY,1780675200001,0.00000000,1640.52000000
SNDKUSDT,EQUITY,1780704000001,0.00072144,1531.47336644
SNDKUSDT,EQUITY,1780732800001,0.00016551,1532.24693938
SNDKUSDT,EQUITY,1780761600001,0.00000000,1538.79000000
SNDKUSDT,EQUITY,1780790400002,0.00010115,1552.85882289
SNDKUSDT,EQUITY,1780819200001,0.00000000,1550.52547888
SNDKUSDT,EQUITY,1780848000001,0.00083670,1576.72907948
SNDKUSDT,EQUITY,1780876800001,0.00000000,1574.43000000
SNDKUSDT,EQUITY,1780905600001,0.00045267,1579.91481732
SNDKUSDT,EQUITY,1780934400001,0.00000000,1662.69000000
SNDKUSDT,EQUITY,1780963200001,0.00000000,1649.70137588
SNDKUSDT,EQUITY,1780992000001,0.00000000,1689.18992000
SNDKUSDT,EQUITY,1781020800001,0.00000000,1639.04000000
SNDKUSDT,EQUITY,1781049600001,-0.00014604,1627.03119061
SNDKUSDT,EQUITY,1781078400001,0.00000000,1614.58860883
SNDKUSDT,EQUITY,1781107200001,0.00006495,1679.96012194
SNDKUSDT,EQUITY,1781136000001,0.00052476,1615.63000000
SNDKUSDT,EQUITY,1781164800001,0.00000000,1707.52617392
SNDKUSDT,EQUITY,1781193600001,0.00004151,1764.41000000
SNDKUSDT,EQUITY,1781222400001,0.00000000,1911.75270960
SNDKUSDT,EQUITY,1781251200001,0.00051505,1877.86686097
SNDKUSDT,EQUITY,1781280000001,0.00000000,1953.15000000
SNDKUSDT,EQUITY,1781308800001,0.00000000,1994.41869501
SNDKUSDT,EQUITY,1781337600001,0.00000000,1992.00368092
SNDKUSDT,EQUITY,1781366400001,0.00000000,1992.21000000
SNDKUSDT,EQUITY,1781395200001,0.00000000,1997.77000000
SNDKUSDT,EQUITY,1781424000001,0.00000000,1999.11000000
SNDKUSDT,EQUITY,1781452800001,0.00000000,2006.15000000
SNDKUSDT,EQUITY,1781481600001,0.00139775,2054.49022811
SNDKUSDT,EQUITY,1781510400002,0.00000000,2086.41872614
SNDKUSDT,EQUITY,1781539200001,0.00000000,2105.99960148
SNDKUSDT,EQUITY,1781568000001,-0.00009692,2103.77000000
SNDKUSDT,EQUITY,1781596800001,0.00000000,2107.00422776
SNDKUSDT,EQUITY,1781625600001,0.00000000,2021.08914094
SNDKUSDT,EQUITY,1781654400001,0.00021289,2020.30000000
SNDKUSDT,EQUITY,1781683200001,0.00000000,2056.37994256
SNDKUSDT,EQUITY,1781712000001,0.00028898,1992.69411293
SNDKUSDT,EQUITY,1781740800001,0.00061187,2011.82676792
SNDKUSDT,EQUITY,1781769600001,0.00000000,2036.95547265
SNDKUSDT,EQUITY,1781798400001,0.00000000,2171.56583333
SNDKUSDT,EQUITY,1781827200001,0.00030521,2211.00000000
SNDKUSDT,EQUITY,1781856000001,0.00000000,2191.74474395
SNDKUSDT,EQUITY,1781884800001,0.00000000,2197.85000000
SNDKUSDT,EQUITY,1781913600001,0.00000000,2213.09639934
SNDKUSDT,EQUITY,1781942400001,0.00009738,2227.80080676
SNDKUSDT,EQUITY,1781971200001,0.00000000,2225.67421947
SNDKUSDT,EQUITY,1782000000001,0.00000000,2229.06948395
SNDKUSDT,EQUITY,1782028800001,0.00000000,2228.40000000
SNDKUSDT,EQUITY,1782057600001,0.00000000,2227.00000000
SNDKUSDT,EQUITY,1782086400001,-0.00020448,2194.11670294
SNDKUSDT,EQUITY,1782115200001,0.00010804,2263.32795470
SNDKUSDT,EQUITY,1782144000001,0.00000000,2299.22000000
SNDKUSDT,EQUITY,1782172800001,0.00052095,2266.93000000
SNDKUSDT,EQUITY,1782201600002,0.00079049,2108.39247488
SNDKUSDT,EQUITY,1782230400001,0.00071094,1989.43000000
SNDKUSDT,EQUITY,1782259200001,0.00037616,1986.84000000
SNDKUSDT,EQUITY,1782288000001,0.00052421,2002.13000000
SNDKUSDT,EQUITY,1782316800001,0.00063816,1926.42123854
SNDKUSDT,EQUITY,1782345600002,0.00036458,2151.23000000
SNDKUSDT,EQUITY,1782374400001,0.00014877,2146.91000000
SNDKUSDT,EQUITY,1782403200001,0.00019577,2217.93000000
SNDKUSDT,EQUITY,1782432000001,-0.00063154,2317.59000000
SNDKUSDT,EQUITY,1782460800002,0.00012194,2251.07024054
SNDKUSDT,EQUITY,1782489600001,0.00007354,2158.77000000
SNDKUSDT,EQUITY,1782518400001,0.00062257,2110.98442821
SNDKUSDT,EQUITY,1782547200001,0.00000000,2106.96000000
SNDKUSDT,EQUITY,1782576000001,0.00000000,2104.02887799
SNDKUSDT,EQUITY,1782604800002,0.00000000,2095.76501276
SNDKUSDT,EQUITY,1782633600002,0.00000000,2092.21000000
SNDKUSDT,EQUITY,1782662400001,0.00000000,2105.81633819
SNDKUSDT,EQUITY,1782691200001,0.00000000,2119.01942620
SNDKUSDT,EQUITY,1782720000001,0.00015538,2121.90631012
SNDKUSDT,EQUITY,1782748800001,0.00045295,1989.62341164
SNDKUSDT,EQUITY,1782777600000,0.00006804,2060.96000000
SNDKUSDT,EQUITY,1782806400000,0.00000000,2085.99700256
SNDKUSDT,EQUITY,1782835200001,0.00000000,2184.12529387
SNDKUSDT,EQUITY,1782864000000,0.00000000,2249.99449466
SNDKUSDT,EQUITY,1782892800001,0.00013332,2190.16000000
SNDKUSDT,EQUITY,1782921600001,0.00027057,2058.24000000
SNDKUSDT,EQUITY,1782950400000,0.00033698,2016.42000000
SNDKUSDT,EQUITY,1782979200001,0.00081594,1962.30112585
SNDKUSDT,EQUITY,1783008000001,0.00044316,1812.35888437
SNDKUSDT,EQUITY,1783036800001,0.00070603,1764.88284143
SNDKUSDT,EQUITY,1783065600001,0.00106263,1823.45000000
SNDKUSDT,EQUITY,1783094400001,-0.00013853,1820.73000000
SNDKUSDT,EQUITY,1783123200001,0.00000000,1815.99000000
SNDKUSDT,EQUITY,1783152000001,0.00000000,1825.51846256
SNDKUSDT,EQUITY,1783180800001,0.00000000,1825.06000000
SNDKUSDT,EQUITY,1783209600002,0.00000000,1830.90000000
SNDKUSDT,EQUITY,1783238400001,0.00000000,1835.96000000
SNDKUSDT,EQUITY,1783267200001,0.00012069,1854.05000000
SNDKUSDT,EQUITY,1783296000001,0.00000000,1842.15609321
SNDKUSDT,EQUITY,1783324800001,0.00000000,1840.73665710
SNDKUSDT,EQUITY,1783353600001,0.00029569,1814.49000000
SNDKUSDT,EQUITY,1783382400001,0.00063790,1690.78000000
SNDKUSDT,EQUITY,1783411200001,0.00045919,1671.31000000
SNDKUSDT,EQUITY,1783440000001,0.00051110,1566.91000000
SNDKUSDT,EQUITY,1783468800002,0.00023026,1580.54229587
SNDKUSDT,EQUITY,1783497600001,0.00055569,1582.90000000
SNDKUSDT,EQUITY,1783526400001,0.00012253,1605.38000000
SNDKUSDT,EQUITY,1783555200001,0.00000000,1743.10551799
SNDKUSDT,EQUITY,1783584000001,0.00000000,1762.35000000
SNDKUSDT,EQUITY,1783612800001,0.00000000,1870.93068285
SNDKUSDT,EQUITY,1783641600001,0.00000000,1887.16000000
SNDKUSDT,EQUITY,1783670400001,0.00000000,1812.79758169
SNDKUSDT,EQUITY,1783699200001,0.00000000,1873.19000000
SNDKUSDT,EQUITY,1783728000001,-0.00027510,1932.15000000
SNDKUSDT,EQUITY,1783756800001,0.00000000,1925.73000000
SNDKUSDT,EQUITY,1783785600001,0.00000000,1943.62866795
SNDKUSDT,EQUITY,1783814400001,0.00000000,1945.14650174
SNDKUSDT,EQUITY,1783843200001,0.00000000,1948.98000000
SNDKUSDT,EQUITY,1783872000001,0.00000000,1954.15000000
SNDKUSDT,EQUITY,1783900800001,-0.00043435,1929.86857512
SNDKUSDT,EQUITY,1783929600001,0.00000000,1781.36869480
SNDKUSDT,EQUITY,1783958400001,0.00000000,1713.18000000
SNDKUSDT,EQUITY,1783987200002,0.00043381,1636.61000000
SNDKUSDT,EQUITY,1784016000001,0.00000000,1729.40000000
SNDKUSDT,EQUITY,1784044800001,0.00057700,1764.63000000
SNDKUSDT,EQUITY,1784073600001,0.00035835,1769.23000000
SNDKUSDT,EQUITY,1784102400001,0.00005667,1775.29000000
SNDKUSDT,EQUITY,1784131200001,0.00026048,1544.29837368
SNDKUSDT,EQUITY,1784160000001,0.00024724,1580.05409604
SNDKUSDT,EQUITY,1784188800002,0.00000000,1549.20000000
SNDKUSDT,EQUITY,1784217600001,0.00006753,1448.88000000
SNDKUSDT,EQUITY,1784246400001,0.00098649,1368.84000000
SNDKUSDT,EQUITY,1784275200001,0.00121740,1320.07000000
SNDKUSDT,EQUITY,1784304000001,0.00000000,1480.92000000
SNDKUSDT,EQUITY,1784332800001,0.00052630,1351.70000000
SNDKUSDT,EQUITY,1784361600001,0.00000000,1353.00000000
SNDKUSDT,EQUITY,1784390400001,0.00000000,1343.04000000
SNDKUSDT,EQUITY,1784419200001,0.00000000,1344.79000000
SNDKUSDT,EQUITY,1784448000001,0.00023162,1365.82190473
SNDKUSDT,EQUITY,1784476800001,0.00000000,1356.42000000
SNDKUSDT,EQUITY,1784505600002,0.00050008,1375.87000000
SNDKUSDT,EQUITY,1784534400001,0.00007318,1374.35000000
SNDKUSDT,EQUITY,1784563200001,0.00000000,1430.97047569
SNDKUSDT,EQUITY,1784592000001,0.00000000,1408.19000000
SNDKUSDT,EQUITY,1784620800001,0.00000000,1488.38583800
SNDKUSDT,EQUITY,1784649600000,0.00000000,1539.09000000
SNDKUSDT,EQUITY,1784678400000,-0.00071925,1632.35338174
SNDKUSDT,EQUITY,1784707200001,0.00000000,1553.85000000
MSFTUSDT,EQUITY,1779465600001,0.00029291,420.12000000
MSFTUSDT,EQUITY,1779494400001,0.00031613,418.25000000
MSFTUSDT,EQUITY,1779523200001,0.00000000,416.81646928
MSFTUSDT,EQUITY,1779552000001,0.00000000,419.18971314
MSFTUSDT,EQUITY,1779580800001,0.00000000,422.34721527
MSFTUSDT,EQUITY,1779609600001,0.00000000,421.71000000
MSFTUSDT,EQUITY,1779638400001,0.00000000,421.54418296
MSFTUSDT,EQUITY,1779667200001,0.00000000,421.35000000
MSFTUSDT,EQUITY,1779696000001,0.00000000,422.66930899
MSFTUSDT,EQUITY,1779724800001,0.00000000,423.05000000
MSFTUSDT,EQUITY,1779753600001,0.00000000,422.30000000
MSFTUSDT,EQUITY,1779782400001,0.00042758,419.21016435
MSFTUSDT,EQUITY,1779811200001,0.00010916,415.48861781
MSFTUSDT,EQUITY,1779840000001,0.00031331,415.63000000
MSFTUSDT,EQUITY,1779868800001,0.00033767,414.75000000
MSFTUSDT,EQUITY,1779897600001,0.00019935,413.21000000
MSFTUSDT,EQUITY,1779926400001,0.00017522,414.62839890
MSFTUSDT,EQUITY,1779955200001,0.00001485,414.44000000
MSFTUSDT,EQUITY,1779984000001,0.00027123,425.40000000
MSFTUSDT,EQUITY,1780012800001,0.00029330,427.87917574
MSFTUSDT,EQUITY,1780041600001,0.00015545,429.00223387
MSFTUSDT,EQUITY,1780070400001,0.00025807,443.13285968
MSFTUSDT,EQUITY,1780099200001,0.00021814,450.48000000
MSFTUSDT,EQUITY,1780128000001,0.00000000,454.18000000
MSFTUSDT,EQUITY,1780156800001,0.00000000,457.61000000
MSFTUSDT,EQUITY,1780185600001,0.00000000,458.37115399
MSFTUSDT,EQUITY,1780214400001,0.00000000,461.71000000
MSFTUSDT,EQUITY,1780243200001,0.00000000,464.30000000
MSFTUSDT,EQUITY,1780272000001,-0.00004683,461.64000000
MSFTUSDT,EQUITY,1780300800001,0.00144191,459.41000000
MSFTUSDT,EQUITY,1780329600001,0.00039388,460.97883697
MSFTUSDT,EQUITY,1780358400001,0.00018237,452.44105163
MSFTUSDT,EQUITY,1780387200001,0.00097170,455.20549758
MSFTUSDT,EQUITY,1780416000001,0.00018535,444.20000000
MSFTUSDT,EQUITY,1780444800001,0.00000000,438.64000000
MSFTUSDT,EQUITY,1780473600001,0.00030983,439.12000000
MSFTUSDT,EQUITY,1780502400001,0.00017841,427.31806142
MSFTUSDT,EQUITY,1780531200001,0.00024760,426.74000000
MSFTUSDT,EQUITY,1780560000001,0.00002096,429.36132048
MSFTUSDT,EQUITY,1780588800001,0.00015857,429.26000000
MSFTUSDT,EQUITY,1780617600001,0.00000000,427.70000000
MSFTUSDT,EQUITY,1780646400001,0.00000000,427.88730065
MSFTUSDT,EQUITY,1780675200001,0.00000000,421.20763476
MSFTUSDT,EQUITY,1780704000001,0.00000000,412.37000000
MSFTUSDT,EQUITY,1780732800001,0.00000000,409.26000000
MSFTUSDT,EQUITY,1780761600001,0.00000000,413.79686297
MSFTUSDT,EQUITY,1780790400002,0.00000000,416.81943001
MSFTUSDT,EQUITY,1780819200001,0.00000000,418.60651892
MSFTUSDT,EQUITY,1780848000001,0.00000000,415.45000000
MSFTUSDT,EQUITY,1780876800001,0.00000000,416.05000000
MSFTUSDT,EQUITY,1780905600001,0.00000000,415.57165160
MSFTUSDT,EQUITY,1780934400001,0.00000000,410.64000000
MSFTUSDT,EQUITY,1780963200001,0.00000000,411.51196821
MSFTUSDT,EQUITY,1780992000001,0.00015877,411.39658903
MSFTUSDT,EQUITY,1781020800001,0.00007143,402.04000000
MSFTUSDT,EQUITY,1781049600001,0.00024682,403.50000000
MSFTUSDT,EQUITY,1781078400001,0.00013258,401.73000000
MSFTUSDT,EQUITY,1781107200001,0.00000000,403.12000000
MSFTUSDT,EQUITY,1781136000001,0.00000000,396.51648841
MSFTUSDT,EQUITY,1781164800001,0.00000253,397.94000000
MSFTUSDT,EQUITY,1781193600001,0.00000000,386.80000000
MSFTUSDT,EQUITY,1781222400001,0.00000000,393.13541424
MSFTUSDT,EQUITY,1781251200001,0.00032656,392.30869186
MSFTUSDT,EQUITY,1781280000001,0.00013005,387.33000000
MSFTUSDT,EQUITY,1781308800001,0.00005252,390.87000000
MSFTUSDT,EQUITY,1781337600001,0.00000000,391.18591455
MSFTUSDT,EQUITY,1781366400001,0.00000000,391.03000000
MSFTUSDT,EQUITY,1781395200001,0.00000000,391.19000000
MSFTUSDT,EQUITY,1781424000001,0.00000000,391.77174332
MSFTUSDT,EQUITY,1781452800001,0.00000000,392.44352264
MSFTUSDT,EQUITY,1781481600001,0.00002561,396.80000000
MSFTUSDT,EQUITY,1781510400002,0.00011638,398.99415200
MSFTUSDT,EQUITY,1781539200001,0.00010812,401.13000000
MSFTUSDT,EQUITY,1781568000001,0.00000000,399.60000000
MSFTUSDT,EQUITY,1781596800001,0.00006768,400.83000000
MSFTUSDT,EQUITY,1781625600001,0.00011417,393.36400200
MSFTUSDT,EQUITY,1781654400001,0.00018012,393.43000000
MSFTUSDT,EQUITY,1781683200001,0.00050137,394.14241959
MSFTUSDT,EQUITY,1781712000001,0.00029750,385.74349918
MSFTUSDT,EQUITY,1781740800001,0.00034328,382.78000000
MSFTUSDT,EQUITY,1781769600001,0.00025918,382.57000000
MSFTUSDT,EQUITY,1781798400001,0.00019358,378.14799851
MSFTUSDT,EQUITY,1781827200001,0.00034112,379.47717105
MSFTUSDT,EQUITY,1781856000001,0.00000689,380.96000000
MSFTUSDT,EQUITY,1781884800001,0.00000000,381.49000000
MSFTUSDT,EQUITY,1781913600001,0.00000000,382.29000000
MSFTUSDT,EQUITY,1781942400001,0.00000000,381.80000000
MSFTUSDT,EQUITY,1781971200001,0.00000000,380.76000000
MSFTUSDT,EQUITY,1782000000001,0.00000000,380.52000000
MSFTUSDT,EQUITY,1782028800001,0.00000000,380.82000000
MSFTUSDT,EQUITY,1782057600001,0.00000000,381.09985913
MSFTUSDT,EQUITY,1782086400001,0.00000000,378.41000000
MSFTUSDT,EQUITY,1782115200001,0.00085347,380.35000000
MSFTUSDT,EQUITY,1782144000001,0.00033320,370.86346715
MSFTUSDT,EQUITY,1782172800001,0.00016519,368.82224556
MSFTUSDT,EQUITY,1782201600002,0.00000000,366.80000000
MSFTUSDT,EQUITY,1782230400001,0.00008890,373.52865365
MSFTUSDT,EQUITY,1782259200001,0.00024914,374.33012319
MSFTUSDT,EQUITY,1782288000001,0.00000000,373.18198823
MSFTUSDT,EQUITY,1782316800001,0.00000000,374.47509404
MSFTUSDT,EQUITY,1782345600002,0.00000000,365.69709606
MSFTUSDT,EQUITY,1782374400001,0.00025911,365.15475926
MSFTUSDT,EQUITY,1782403200001,0.00004175,355.84908801
MSFTUSDT,EQUITY,1782432000001,0.00040351,355.58000000
MSFTUSDT,EQUITY,1782460800002,0.00015922,356.84802920
MSFTUSDT,EQUITY,1782489600001,0.00004994,370.32000000
MSFTUSDT,EQUITY,1782518400001,0.00006853,373.14000000
MSFTUSDT,EQUITY,1782547200001,0.00000000,374.51764595
MSFTUSDT,EQUITY,1782576000001,0.00000000,375.28000000
MSFTUSDT,EQUITY,1782604800002,0.00000000,375.05498406
MSFTUSDT,EQUITY,1782633600002,0.00000000,375.78131919
MSFTUSDT,EQUITY,1782662400001,0.00000000,375.63058922
MSFTUSDT,EQUITY,1782691200001,0.00000000,376.64000000
MSFTUSDT,EQUITY,1782720000001,0.00013173,378.50000000
MSFTUSDT,EQUITY,1782748800001,0.00015337,371.98274707
MSFTUSDT,EQUITY,1782777600000,0.00034496,371.68000000
MSFTUSDT,EQUITY,1782806400000,0.00028487,370.77000000
MSFTUSDT,EQUITY,1782835200001,0.00012715,370.68496567
MSFTUSDT,EQUITY,1782864000000,0.00012180,375.64000000
MSFTUSDT,EQUITY,1782892800001,0.00005977,376.08761698
MSFTUSDT,EQUITY,1782921600001,0.00007016,385.95671890
MSFTUSDT,EQUITY,1782950400000,0.00007957,385.23796492
MSFTUSDT,EQUITY,1782979200001,0.00000000,385.28000000
MSFTUSDT,EQUITY,1783008000001,0.00000000,389.29686627
MSFTUSDT,EQUITY,1783036800001,0.00000000,390.86770645
MSFTUSDT,EQUITY,1783065600001,0.00000000,390.16000000
MSFTUSDT,EQUITY,1783094400001,0.00000000,387.53000000
MSFTUSDT,EQUITY,1783123200001,0.00000000,390.25000000
MSFTUSDT,EQUITY,1783152000001,0.00000000,392.12576968
MSFTUSDT,EQUITY,1783180800001,0.00000000,391.11598081
MSFTUSDT,EQUITY,1783209600002,0.00000000,391.39000000
MSFTUSDT,EQUITY,1783238400001,0.00000000,391.19626827
MSFTUSDT,EQUITY,1783267200001,0.00000000,391.81086875
MSFTUSDT,EQUITY,1783296000001,0.00000000,393.37220654
MSFTUSDT,EQUITY,1783324800001,0.00000622,390.96386984
MSFTUSDT,EQUITY,1783353600001,0.00000000,386.33119050
MSFTUSDT,EQUITY,1783382400001,0.00000871,386.58452573
MSFTUSDT,EQUITY,1783411200001,0.00014879,389.39497358
MSFTUSDT,EQUITY,1783440000001,0.00000000,393.90669560
MSFTUSDT,EQUITY,1783468800002,0.00000000,388.40296921
MSFTUSDT,EQUITY,1783497600001,0.00000000,389.20000000
MSFTUSDT,EQUITY,1783526400001,0.00000000,382.81000000
MSFTUSDT,EQUITY,1783555200001,0.00000000,384.18479183
MSFTUSDT,EQUITY,1783584000001,0.00000000,383.75000000
MSFTUSDT,EQUITY,1783612800001,0.00000000,380.36657852
MSFTUSDT,EQUITY,1783641600001,0.00016550,384.52924665
MSFTUSDT,EQUITY,1783670400001,0.00024480,385.22908596
MSFTUSDT,EQUITY,1783699200001,0.00000000,384.33000000
MSFTUSDT,EQUITY,1783728000001,0.00000000,385.49055189
MSFTUSDT,EQUITY,1783756800001,0.00000000,386.23650913
MSFTUSDT,EQUITY,1783785600001,0.00000000,386.44970029
MSFTUSDT,EQUITY,1783814400001,0.00000000,384.39000000
MSFTUSDT,EQUITY,1783843200001,0.00000000,382.57346650
MSFTUSDT,EQUITY,1783872000001,0.00000000,383.64000000
MSFTUSDT,EQUITY,1783900800001,0.00000000,381.91319823
MSFTUSDT,EQUITY,1783929600001,0.00000000,387.47370886
MSFTUSDT,EQUITY,1783958400001,0.00000000,390.71000000
MSFTUSDT,EQUITY,1783987200002,0.00000498,390.15377711
MSFTUSDT,EQUITY,1784016000001,0.00006545,387.19578030
MSFTUSDT,EQUITY,1784044800001,0.00016870,384.84000000
MSFTUSDT,EQUITY,1784073600001,0.00000000,386.91000000
MSFTUSDT,EQUITY,1784102400001,0.00017607,384.53000000
MSFTUSDT,EQUITY,1784131200001,0.00020071,397.67195580
MSFTUSDT,EQUITY,1784160000001,0.00000000,397.30742701
MSFTUSDT,EQUITY,1784188800002,0.00004949,398.62000000
MSFTUSDT,EQUITY,1784217600001,0.00000000,400.65000000
MSFTUSDT,EQUITY,1784246400001,0.00000000,400.67300966
MSFTUSDT,EQUITY,1784275200001,0.00000000,396.26939688
MSFTUSDT,EQUITY,1784304000001,0.00000000,392.79881390
MSFTUSDT,EQUITY,1784332800001,0.00000000,394.20563132
MSFTUSDT,EQUITY,1784361600001,0.00000000,394.23618913
MSFTUSDT,EQUITY,1784390400001,0.00000000,395.97000000
MSFTUSDT,EQUITY,1784419200001,0.00000000,396.04000000
MSFTUSDT,EQUITY,1784448000001,0.00000000,397.80371140
MSFTUSDT,EQUITY,1784476800001,0.00000000,396.31000000
MSFTUSDT,EQUITY,1784505600002,0.00000000,397.58492032
MSFTUSDT,EQUITY,1784534400001,0.00013370,394.83375566
MSFTUSDT,EQUITY,1784563200001,0.00000000,399.22252700
MSFTUSDT,EQUITY,1784592000001,0.00000000,401.20521879
MSFTUSDT,EQUITY,1784620800001,0.00000000,399.87219855
MSFTUSDT,EQUITY,1784649600000,0.00000000,398.85183896
MSFTUSDT,EQUITY,1784678400000,0.00000000,396.38966390
MSFTUSDT,EQUITY,1784707200001,0.00000000,398.99000000
AVGOUSDT,EQUITY,1779465600001,0.00000000,413.25000000
AVGOUSDT,EQUITY,1779494400001,0.00000000,413.26998250
AVGOUSDT,EQUITY,1779523200001,0.00000000,412.43000000
AVGOUSDT,EQUITY,1779552000001,0.00012031,415.89000000
AVGOUSDT,EQUITY,1779580800001,0.00023786,424.37000000
AVGOUSDT,EQUITY,1779609600001,0.00000000,422.29793153
AVGOUSDT,EQUITY,1779638400001,0.00000000,422.63000000
AVGOUSDT,EQUITY,1779667200001,0.00000000,421.98823586
AVGOUSDT,EQUITY,1779696000001,0.00000000,425.25000000
AVGOUSDT,EQUITY,1779724800001,0.00000000,426.15000000
AVGOUSDT,EQUITY,1779753600001,0.00000000,424.89523304
AVGOUSDT,EQUITY,1779782400001,0.00022156,418.09000000
AVGOUSDT,EQUITY,1779811200001,0.00000000,422.90000000
AVGOUSDT,EQUITY,1779840000001,0.00000000,424.10501298
AVGOUSDT,EQUITY,1779868800001,0.00000000,422.58017290
AVGOUSDT,EQUITY,1779897600001,0.00000000,417.87817248
AVGOUSDT,EQUITY,1779926400001,0.00000000,421.16112545
AVGOUSDT,EQUITY,1779955200001,0.00000000,421.23392050
AVGOUSDT,EQUITY,1779984000001,0.00000000,425.86152377
AVGOUSDT,EQUITY,1780012800001,0.00006812,431.25443877
AVGOUSDT,EQUITY,1780041600001,0.00000000,431.60000000
AVGOUSDT,EQUITY,1780070400001,0.00000000,438.70543221
AVGOUSDT,EQUITY,1780099200001,0.00000000,446.18534118
AVGOUSDT,EQUITY,1780128000001,0.00000000,449.15831584
AVGOUSDT,EQUITY,1780156800001,0.00011383,454.15000000
AVGOUSDT,EQUITY,1780185600001,0.00000000,452.45732547
AVGOUSDT,EQUITY,1780214400001,0.00027104,460.84390882
AVGOUSDT,EQUITY,1780243200001,0.00007087,464.70103085
AVGOUSDT,EQUITY,1780272000001,0.00000000,465.70613657
AVGOUSDT,EQUITY,1780300800001,0.00032224,457.58437516
AVGOUSDT,EQUITY,1780329600001,0.00014659,459.04224973
AVGOUSDT,EQUITY,1780358400001,0.00000000,472.50759466
AVGOUSDT,EQUITY,1780387200001,0.00038806,480.68432258
AVGOUSDT,EQUITY,1780416000001,0.00043829,484.12641260
AVGOUSDT,EQUITY,1780444800001,0.00052007,495.02994942
AVGOUSDT,EQUITY,1780473600001,0.00075596,497.31000000
AVGOUSDT,EQUITY,1780502400001,0.00048375,485.95543574
AVGOUSDT,EQUITY,1780531200001,0.00060294,414.50000000
AVGOUSDT,EQUITY,1780560000001,0.00174032,427.31551392
AVGOUSDT,EQUITY,1780588800001,0.00076554,408.19988577
AVGOUSDT,EQUITY,1780617600001,0.00000000,413.56607273
AVGOUSDT,EQUITY,1780646400001,0.00000000,411.08000000
AVGOUSDT,EQUITY,1780675200001,0.00008531,395.44724301
AVGOUSDT,EQUITY,1780704000001,0.00000000,385.03000000
AVGOUSDT,EQUITY,1780732800001,-0.00045984,372.21000000
AVGOUSDT,EQUITY,1780761600001,0.00000000,374.56000000
AVGOUSDT,EQUITY,1780790400002,0.00000000,378.56146416
AVGOUSDT,EQUITY,1780819200001,0.00036766,384.19000000
AVGOUSDT,EQUITY,1780848000001,0.00008801,384.67000000
AVGOUSDT,EQUITY,1780876800001,0.00000000,383.26000000
AVGOUSDT,EQUITY,1780905600001,0.00000000,391.65242080
AVGOUSDT,EQUITY,1780934400001,0.00000000,397.00000000
AVGOUSDT,EQUITY,1780963200001,0.00000000,396.19270274
AVGOUSDT,EQUITY,1780992000001,0.00000000,399.87000000
AVGOUSDT,EQUITY,1781020800001,0.00000000,378.17591001
AVGOUSDT,EQUITY,1781049600001,0.00000000,388.79781258
AVGOUSDT,EQUITY,1781078400001,0.00000000,386.28270592
AVGOUSDT,EQUITY,1781107200001,0.00009658,376.74606480
AVGOUSDT,EQUITY,1781136000001,0.00010990,368.14000000
AVGOUSDT,EQUITY,1781164800001,0.00013385,377.69000000
AVGOUSDT,EQUITY,1781193600001,0.00007531,377.05000000
AVGOUSDT,EQUITY,1781222400001,0.00012485,385.62000000
AVGOUSDT,EQUITY,1781251200001,0.00000000,383.13918976
AVGOUSDT,EQUITY,1781280000001,0.00000000,378.41002273
AVGOUSDT,EQUITY,1781308800001,0.00000000,382.80833222
AVGOUSDT,EQUITY,1781337600001,0.00000000,382.96090271
AVGOUSDT,EQUITY,1781366400001,0.00000000,383.38880277
AVGOUSDT,EQUITY,1781395200001,0.00000000,382.63646768
AVGOUSDT,EQUITY,1781424000001,0.00000000,384.83089431
AVGOUSDT,EQUITY,1781452800001,0.00000000,386.76844107
AVGOUSDT,EQUITY,1781481600001,0.00024656,390.65000000
AVGOUSDT,EQUITY,1781510400002,0.00014933,395.61842282
AVGOUSDT,EQUITY,1781539200001,0.00018200,393.80000000
AVGOUSDT,EQUITY,1781568000001,0.00000000,394.95000000
AVGOUSDT,EQUITY,1781596800001,0.00000000,393.41000000
AVGOUSDT,EQUITY,1781625600001,0.00002530,379.23251261
AVGOUSDT,EQUITY,1781654400001,0.00000000,377.56552578
AVGOUSDT,EQUITY,1781683200001,0.00000000,383.06830282
AVGOUSDT,EQUITY,1781712000001,0.00000000,398.63773074
AVGOUSDT,EQUITY,1781740800001,0.00027736,398.59961285
AVGOUSDT,EQUITY,1781769600001,0.00018439,405.11546554
AVGOUSDT,EQUITY,1781798400001,0.00000000,408.01235966
AVGOUSDT,EQUITY,1781827200001,0.00000000,411.32000000
AVGOUSDT,EQUITY,1781856000001,-0.00060913,401.08478053
AVGOUSDT,EQUITY,1781884800001,0.00033203,407.99000000
AVGOUSDT,EQUITY,1781913600001,0.00000000,407.40849417
AVGOUSDT,EQUITY,1781942400001,0.00000000,409.18000000
AVGOUSDT,EQUITY,1781971200001,0.00000000,408.07257095
AVGOUSDT,EQUITY,1782000000001,0.00000000,409.25000000
AVGOUSDT,EQUITY,1782028800001,0.00000000,410.94275554
AVGOUSDT,EQUITY,1782057600001,0.00000000,410.99428844
AVGOUSDT,EQUITY,1782072000001,0.00000000,410.33000000
AVGOUSDT,EQUITY,1782075600001,0.00000000,409.66130007
AVGOUSDT,EQUITY,1782079200001,0.00000000,410.31663182
AVGOUSDT,EQUITY,1782082800001,-0.00041384,405.68000000
AVGOUSDT,EQUITY,1782086400001,-0.00024349,402.45000000
AVGOUSDT,EQUITY,1782086400009,-0.00161772,402.45000000
AVGOUSDT,EQUITY,1782090000001,0.00000000,405.90564232
AVGOUSDT,EQUITY,1782093600001,0.00000000,405.87804399
AVGOUSDT,EQUITY,1782097200001,0.00000000,405.56893904
AVGOUSDT,EQUITY,1782100800001,0.00000000,404.41000000
AVGOUSDT,EQUITY,1782115200001,0.00000000,406.73000000
AVGOUSDT,EQUITY,1782144000001,0.00004178,396.94807674
AVGOUSDT,EQUITY,1782172800001,0.00000000,392.92708269
AVGOUSDT,EQUITY,1782201600002,0.00000000,379.47349658
AVGOUSDT,EQUITY,1782230400001,0.00000000,380.97305135
AVGOUSDT,EQUITY,1782259200001,0.00000000,381.56691507
AVGOUSDT,EQUITY,1782288000001,0.00017217,382.05295248
AVGOUSDT,EQUITY,1782316800001,0.00020699,384.60252873
AVGOUSDT,EQUITY,1782345600002,0.00000000,389.77552165
AVGOUSDT,EQUITY,1782374400001,0.00000000,391.17000000
AVGOUSDT,EQUITY,1782403200001,0.00000000,383.03000000
AVGOUSDT,EQUITY,1782432000001,0.00000000,379.58883193
AVGOUSDT,EQUITY,1782460800002,0.00000000,374.82000000
AVGOUSDT,EQUITY,1782489600001,0.00000000,370.91867198
AVGOUSDT,EQUITY,1782518400001,0.00000000,366.68568328
AVGOUSDT,EQUITY,1782547200001,0.00000000,368.40689268
AVGOUSDT,EQUITY,1782576000001,0.00000000,367.66029988
AVGOUSDT,EQUITY,1782604800002,0.00000000,366.90026385
AVGOUSDT,EQUITY,1782633600002,0.00000000,367.17017059
AVGOUSDT,EQUITY,1782662400001,0.00000000,367.16950804
AVGOUSDT,EQUITY,1782691200001,0.00000000,368.44282433
AVGOUSDT,EQUITY,1782720000001,0.00012275,369.27000000
AVGOUSDT,EQUITY,1782748800001,0.00031803,371.55000000
AVGOUSDT,EQUITY,1782777600000,0.00010304,373.62932296
AVGOUSDT,EQUITY,1782806400000,0.00003843,373.60000000
AVGOUSDT,EQUITY,1782835200001,0.00018662,376.70113397
AVGOUSDT,EQUITY,1782864000000,0.00050873,378.78611190
AVGOUSDT,EQUITY,1782892800001,0.00015294,375.92000000
AVGOUSDT,EQUITY,1782921600001,0.00000000,371.04000000
AVGOUSDT,EQUITY,1782950400000,0.00006022,369.18418354
AVGOUSDT,EQUITY,1782979200001,0.00000585,366.75000000
AVGOUSDT,EQUITY,1783008000001,0.00006755,364.75000000
AVGOUSDT,EQUITY,1783036800001,0.00005857,362.12000000
AVGOUSDT,EQUITY,1783065600001,0.00000000,366.09467767
AVGOUSDT,EQUITY,1783094400001,0.00000000,368.49249712
AVGOUSDT,EQUITY,1783123200001,0.00000000,368.05580585
AVGOUSDT,EQUITY,1783152000001,0.00000000,368.74000000
AVGOUSDT,EQUITY,1783180800001,0.00000000,368.64551174
AVGOUSDT,EQUITY,1783209600002,0.00000000,367.37104018
AVGOUSDT,EQUITY,1783238400001,0.00000000,368.64546764
AVGOUSDT,EQUITY,1783267200001,0.00000000,368.99380658
AVGOUSDT,EQUITY,1783296000001,0.00000000,369.25252064
AVGOUSDT,EQUITY,1783324800001,0.00003090,366.12916350
AVGOUSDT,EQUITY,1783353600001,0.00023886,374.51472497
AVGOUSDT,EQUITY,1783382400001,0.00018995,374.25000000
AVGOUSDT,EQUITY,1783411200001,0.00003530,368.88000000
AVGOUSDT,EQUITY,1783440000001,0.00000000,368.15838305
AVGOUSDT,EQUITY,1783468800002,0.00029061,368.12000000
AVGOUSDT,EQUITY,1783497600001,0.00008665,370.32758585
AVGOUSDT,EQUITY,1783526400001,0.00000000,385.56338045
AVGOUSDT,EQUITY,1783555200001,0.00000000,389.99775248
AVGOUSDT,EQUITY,1783584000001,0.00000000,393.91915161
AVGOUSDT,EQUITY,1783612800001,0.00011193,400.79000000
AVGOUSDT,EQUITY,1783641600001,0.00000000,401.05000000
AVGOUSDT,EQUITY,1783670400001,0.00000000,398.49190141
AVGOUSDT,EQUITY,1783699200001,0.00000000,401.11000000
AVGOUSDT,EQUITY,1783728000001,0.00000000,400.54794624
AVGOUSDT,EQUITY,1783756800001,0.00000000,400.80151069
AVGOUSDT,EQUITY,1783785600001,0.00000000,397.97976325
AVGOUSDT,EQUITY,1783814400001,0.00000000,400.08000000
AVGOUSDT,EQUITY,1783843200001,0.00000000,398.16141537
AVGOUSDT,EQUITY,1783872000001,0.00000000,399.83534182
AVGOUSDT,EQUITY,1783900800001,-0.00036011,394.25000000
AVGOUSDT,EQUITY,1783929600001,0.00000000,392.33015085
AVGOUSDT,EQUITY,1783958400001,0.00000000,389.64384613
AVGOUSDT,EQUITY,1783987200002,0.00000000,383.94000000
AVGOUSDT,EQUITY,1784016000001,0.00000000,389.00902239
AVGOUSDT,EQUITY,1784044800001,0.00000000,394.73000000
AVGOUSDT,EQUITY,1784073600001,0.00000000,391.26474615
AVGOUSDT,EQUITY,1784102400001,0.00000000,395.49000000
AVGOUSDT,EQUITY,1784131200001,0.00000000,389.21836601
AVGOUSDT,EQUITY,1784160000001,0.00000000,393.53309385
AVGOUSDT,EQUITY,1784188800002,0.00000000,391.12296888
AVGOUSDT,EQUITY,1784217600001,0.00000000,382.50000000
AVGOUSDT,EQUITY,1784246400001,0.00001479,374.54000000
AVGOUSDT,EQUITY,1784275200001,0.00000000,365.59290630
AVGOUSDT,EQUITY,1784304000001,0.00000000,372.89712556
AVGOUSDT,EQUITY,1784332800001,0.00000000,370.15000000
AVGOUSDT,EQUITY,1784361600001,0.00000000,369.84447620
AVGOUSDT,EQUITY,1784390400001,0.00000000,369.10480767
AVGOUSDT,EQUITY,1784419200001,0.00000000,369.41946879
AVGOUSDT,EQUITY,1784448000001,0.00000000,369.68000000
AVGOUSDT,EQUITY,1784476800001,0.00000000,369.06454634
AVGOUSDT,EQUITY,1784505600002,0.00000000,372.52837159
AVGOUSDT,EQUITY,1784534400001,0.00000000,374.28000000
AVGOUSDT,EQUITY,1784563200001,0.00000000,382.35700027
AVGOUSDT,EQUITY,1784592000001,0.00002933,379.68000000
AVGOUSDT,EQUITY,1784620800001,0.00000000,385.08000000
AVGOUSDT,EQUITY,1784649600000,0.00000000,385.87000000
AVGOUSDT,EQUITY,1784678400000,0.00000000,384.74000000
AVGOUSDT,EQUITY,1784707200001,0.00000000,379.26856289
BABAUSDT,EQUITY,1779465600001,0.00004474,130.09000000
BABAUSDT,EQUITY,1779494400001,0.00000000,129.51289920
BABAUSDT,EQUITY,1779523200001,0.00000000,129.09000000
BABAUSDT,EQUITY,1779552000001,0.00000000,129.98049717
BABAUSDT,EQUITY,1779580800001,0.00000000,131.34000000
BABAUSDT,EQUITY,1779609600001,0.00000000,131.48820199
BABAUSDT,EQUITY,1779638400001,0.00000000,131.38108247
BABAUSDT,EQUITY,1779667200001,0.00000000,131.12969776
BABAUSDT,EQUITY,1779696000001,0.00000000,131.78000000
BABAUSDT,EQUITY,1779724800001,0.00000000,132.23533229
BABAUSDT,EQUITY,1779753600001,0.00000000,132.74495223
BABAUSDT,EQUITY,1779782400001,0.00007395,130.64709677
BABAUSDT,EQUITY,1779811200001,0.00000000,129.82000000
BABAUSDT,EQUITY,1779840000001,0.00000000,129.71161949
BABAUSDT,EQUITY,1779868800001,0.00014173,126.97541548
BABAUSDT,EQUITY,1779897600001,0.00000000,128.11000000
BABAUSDT,EQUITY,1779926400001,0.00004861,127.71000000
BABAUSDT,EQUITY,1779955200001,0.00002590,124.81267567
BABAUSDT,EQUITY,1779984000001,0.00004770,125.18000000
BABAUSDT,EQUITY,1780012800001,0.00000000,126.20967345
BABAUSDT,EQUITY,1780041600001,0.00008320,124.47709129
BABAUSDT,EQUITY,1780070400001,0.00009527,124.60000000
BABAUSDT,EQUITY,1780099200001,0.00000000,124.31459981
BABAUSDT,EQUITY,1780128000001,0.00000000,124.97000000
BABAUSDT,EQUITY,1780156800001,0.00000000,125.13388278
BABAUSDT,EQUITY,1780185600001,0.00000000,125.40436553
BABAUSDT,EQUITY,1780214400001,0.00000000,125.93563214
BABAUSDT,EQUITY,1780243200001,0.00000000,125.34887626
BABAUSDT,EQUITY,1780272000001,0.00000000,125.15270599
BABAUSDT,EQUITY,1780300800001,0.00001625,126.06000000
BABAUSDT,EQUITY,1780329600001,0.00029162,125.83796577
BABAUSDT,EQUITY,1780358400001,0.00008975,125.46000000
BABAUSDT,EQUITY,1780387200001,0.00000000,133.19931871
BABAUSDT,EQUITY,1780416000001,0.00025772,133.42000000
BABAUSDT,EQUITY,1780444800001,0.00000000,131.01000000
BABAUSDT,EQUITY,1780473600001,0.00000000,129.78000000
BABAUSDT,EQUITY,1780502400001,0.00000000,127.63000000
BABAUSDT,EQUITY,1780531200001,0.00000000,126.94424699
BABAUSDT,EQUITY,1780560000001,0.00000000,126.24000000
BABAUSDT,EQUITY,1780588800001,0.00000000,126.57000000
BABAUSDT,EQUITY,1780617600001,0.00000000,126.15493761
BABAUSDT,EQUITY,1780646400001,0.00000000,125.18682250
BABAUSDT,EQUITY,1780675200001,0.00000000,122.46000000
BABAUSDT,EQUITY,1780704000001,0.00000000,120.78000000
BABAUSDT,EQUITY,1780732800001,0.00000000,120.21612613
BABAUSDT,EQUITY,1780761600001,0.00000000,120.70581197
BABAUSDT,EQUITY,1780790400002,0.00000000,121.15599381
BABAUSDT,EQUITY,1780819200001,0.00000000,121.58034060
BABAUSDT,EQUITY,1780848000001,0.00000000,121.60000000
BABAUSDT,EQUITY,1780876800001,0.00000000,121.34000000
BABAUSDT,EQUITY,1780905600001,0.00000000,121.35000000
BABAUSDT,EQUITY,1780934400001,0.00000000,121.21124565
BABAUSDT,EQUITY,1780963200001,0.00000000,120.07000000
BABAUSDT,EQUITY,1780992000001,0.00000000,119.85296000
BABAUSDT,EQUITY,1781020800001,0.00000000,119.15353086
BABAUSDT,EQUITY,1781049600001,0.00000000,119.90851015
BABAUSDT,EQUITY,1781078400001,0.00000000,116.88865902
BABAUSDT,EQUITY,1781107200001,0.00000000,116.48000000
BABAUSDT,EQUITY,1781121600001,0.00000000,115.52193245
BABAUSDT,EQUITY,1781125200001,-0.00002564,115.31000000
BABAUSDT,EQUITY,1781128800001,-0.00003953,115.30496707
BABAUSDT,EQUITY,1781132400001,-0.00013674,114.89064231
BABAUSDT,EQUITY,1781136000001,-0.00018854,114.82000000
BABAUSDT,EQUITY,1781136000012,-0.00922915,114.82000000
BABAUSDT,EQUITY,1781139600001,-0.00007513,114.48658328
BABAUSDT,EQUITY,1781143200001,0.00001132,112.66000000
BABAUSDT,EQUITY,1781146800001,0.00000000,110.35782113
BABAUSDT,EQUITY,1781150400001,0.00000000,110.42000000
BABAUSDT,EQUITY,1781164800001,0.00000000,109.74000000
BABAUSDT,EQUITY,1781193600001,0.00000000,110.33000000
BABAUSDT,EQUITY,1781222400001,0.00000000,113.54636539
BABAUSDT,EQUITY,1781251200001,0.00000000,112.20096505
BABAUSDT,EQUITY,1781280000001,0.00000000,111.43000000
BABAUSDT,EQUITY,1781308800001,0.00040901,113.29000000
BABAUSDT,EQUITY,1781337600001,0.00000000,113.53946955
BABAUSDT,EQUITY,1781366400001,0.00000000,114.03958996
BABAUSDT,EQUITY,1781395200001,0.00000426,115.90033628
BABAUSDT,EQUITY,1781424000001,0.00000000,115.55045748
BABAUSDT,EQUITY,1781452800001,0.00000000,114.64777080
BABAUSDT,EQUITY,1781481600001,0.00000000,115.34717217
BABAUSDT,EQUITY,1781510400002,0.00037415,111.75567959
BABAUSDT,EQUITY,1781539200001,0.00000000,113.04000000
BABAUSDT,EQUITY,1781568000001,0.00000000,113.12692546
BABAUSDT,EQUITY,1781596800001,0.00048915,109.46113442
BABAUSDT,EQUITY,1781625600001,0.00027555,110.14706077
BABAUSDT,EQUITY,1781654400001,0.00000000,111.06226190
BABAUSDT,EQUITY,1781683200001,0.00009306,109.45706983
BABAUSDT,EQUITY,1781712000001,0.00000000,109.62888153
BABAUSDT,EQUITY,1781740800001,0.00010395,108.62664980
BABAUSDT,EQUITY,1781769600001,0.00032732,105.43000000
BABAUSDT,EQUITY,1781798400001,0.00000000,106.12000000
BABAUSDT,EQUITY,1781827200001,0.00039155,107.33770197
BABAUSDT,EQUITY,1781856000001,0.00000000,107.48094519
BABAUSDT,EQUITY,1781884800001,0.00000000,107.85126283
BABAUSDT,EQUITY,1781913600001,0.00000000,107.80725295
BABAUSDT,EQUITY,1781942400001,0.00000000,107.78000000
BABAUSDT,EQUITY,1781971200001,0.00000000,107.79000000
BABAUSDT,EQUITY,1782000000001,0.00000000,107.65436722
BABAUSDT,EQUITY,1782028800001,0.00000000,107.56000000
BABAUSDT,EQUITY,1782057600001,0.00000000,107.63000000
BABAUSDT,EQUITY,1782086400001,0.00000000,107.05000000
BABAUSDT,EQUITY,1782115200001,0.00072842,105.22793179
BABAUSDT,EQUITY,1782144000001,0.00040916,105.85610301
BABAUSDT,EQUITY,1782172800001,0.00000000,105.22125149
BABAUSDT,EQUITY,1782201600002,0.00006308,101.14370668
BABAUSDT,EQUITY,1782230400001,0.00014220,102.48000000
BABAUSDT,EQUITY,1782259200001,0.00000000,102.61835734
BABAUSDT,EQUITY,1782288000001,0.00032987,102.03630089
BABAUSDT,EQUITY,1782316800001,0.00000000,101.24000000
BABAUSDT,EQUITY,1782345600002,0.00000000,100.33967768
BABAUSDT,EQUITY,1782374400001,0.00003505,96.86000000
BABAUSDT,EQUITY,1782403200001,0.00000000,95.74479826
BABAUSDT,EQUITY,1782432000001,0.00009162,95.26199763
BABAUSDT,EQUITY,1782460800002,0.00008854,91.06000000
BABAUSDT,EQUITY,1782489600001,0.00013338,95.53000000
BABAUSDT,EQUITY,1782518400001,0.00000000,95.10566682
BABAUSDT,EQUITY,1782547200001,0.00000000,95.08000000
BABAUSDT,EQUITY,1782576000001,0.00000000,95.02892746
BABAUSDT,EQUITY,1782604800002,0.00000000,95.02647616
BABAUSDT,EQUITY,1782633600002,0.00000000,95.21866398
BABAUSDT,EQUITY,1782662400001,0.00000000,95.22150671
BABAUSDT,EQUITY,1782691200001,0.00000000,95.48000000
BABAUSDT,EQUITY,1782720000001,0.00054892,95.06610288
BABAUSDT,EQUITY,1782748800001,0.00023554,95.10749729
BABAUSDT,EQUITY,1782777600000,0.00069314,95.94701647
BABAUSDT,EQUITY,1782806400000,0.00048495,95.32000000
BABAUSDT,EQUITY,1782835200001,0.00028729,96.26748891
BABAUSDT,EQUITY,1782864000000,0.00000000,96.37735231
BABAUSDT,EQUITY,1782892800001,0.00051105,96.22000000
BABAUSDT,EQUITY,1782921600001,0.00000000,98.91738801
BABAUSDT,EQUITY,1782950400000,0.00069093,98.22000000
BABAUSDT,EQUITY,1782979200001,0.00010364,96.32807003
BABAUSDT,EQUITY,1783008000001,0.00000000,95.88000000
BABAUSDT,EQUITY,1783036800001,0.00045065,96.45368928
BABAUSDT,EQUITY,1783065600001,0.00000000,96.65646434
BABAUSDT,EQUITY,1783094400001,0.00000000,96.53000000
BABAUSDT,EQUITY,1783123200001,0.00000000,96.66000000
BABAUSDT,EQUITY,1783152000001,0.00000000,96.61528916
BABAUSDT,EQUITY,1783180800001,0.00000000,96.97000000
BABAUSDT,EQUITY,1783209600002,0.00000000,96.91245057
BABAUSDT,EQUITY,1783238400001,0.00000000,96.99000000
BABAUSDT,EQUITY,1783267200001,0.00000000,96.72000000
BABAUSDT,EQUITY,1783296000001,0.00000000,96.96987016
BABAUSDT,EQUITY,1783324800001,0.00008641,97.73000000
BABAUSDT,EQUITY,1783353600001,0.00000000,97.81000000
BABAUSDT,EQUITY,1783382400001,0.00054380,98.24000000
BABAUSDT,EQUITY,1783411200001,0.00016488,97.80000000
BABAUSDT,EQUITY,1783440000001,0.00008459,97.63000000
BABAUSDT,EQUITY,1783468800002,0.00012912,98.12680588
BABAUSDT,EQUITY,1783497600001,0.00000000,109.77196310
BABAUSDT,EQUITY,1783526400001,0.00000000,108.78000000
BABAUSDT,EQUITY,1783555200001,0.00000000,110.07000000
BABAUSDT,EQUITY,1783584000001,0.00005505,109.93694873
BABAUSDT,EQUITY,1783612800001,0.00000000,111.80000000
BABAUSDT,EQUITY,1783641600001,0.00000000,111.88293478
BABAUSDT,EQUITY,1783670400001,0.00000000,112.43500000
BABAUSDT,EQUITY,1783699200001,0.00000000,112.68571430
BABAUSDT,EQUITY,1783728000001,0.00013459,112.54917355
BABAUSDT,EQUITY,1783756800001,0.00000000,112.89456167
BABAUSDT,EQUITY,1783785600001,0.00000000,112.75000000
BABAUSDT,EQUITY,1783814400001,0.00000000,113.05000000
BABAUSDT,EQUITY,1783843200001,0.00000000,113.10503048
BABAUSDT,EQUITY,1783872000001,0.00000000,113.12007958
BABAUSDT,EQUITY,1783900800001,0.00000000,112.78000000
BABAUSDT,EQUITY,1783929600001,0.00018730,113.12000000
BABAUSDT,EQUITY,1783958400001,0.00000000,113.17732100
BABAUSDT,EQUITY,1783987200002,0.00000000,112.13196873
BABAUSDT,EQUITY,1784016000001,0.00000000,113.42000000
BABAUSDT,EQUITY,1784044800001,0.00016722,112.85121372
BABAUSDT,EQUITY,1784073600001,0.00044778,112.66037794
BABAUSDT,EQUITY,1784102400001,0.00002707,115.77000000
BABAUSDT,EQUITY,1784131200001,0.00000000,118.76000000
BABAUSDT,EQUITY,1784160000001,0.00000000,118.87373188
BABAUSDT,EQUITY,1784188800002,0.00000000,119.34390126
BABAUSDT,EQUITY,1784217600001,0.00000000,118.63000000
BABAUSDT,EQUITY,1784246400001,0.00000000,117.53011284
BABAUSDT,EQUITY,1784275200001,0.00011659,114.44933923
BABAUSDT,EQUITY,1784304000001,0.00000000,115.51526735
BABAUSDT,EQUITY,1784332800001,0.00076991,115.12000000
BABAUSDT,EQUITY,1784361600001,0.00000000,115.64304341
BABAUSDT,EQUITY,1784390400001,0.00000000,115.83507176
BABAUSDT,EQUITY,1784419200001,0.00000000,115.78773636
BABAUSDT,EQUITY,1784448000001,0.00000000,116.65000000
BABAUSDT,EQUITY,1784476800001,0.00039754,119.29029733
BABAUSDT,EQUITY,1784505600002,-0.00080054,119.49241740
BABAUSDT,EQUITY,1784534400001,0.00027452,119.25323824
BABAUSDT,EQUITY,1784563200001,0.00000000,121.20437942
BABAUSDT,EQUITY,1784592000001,0.00000000,120.94911655
BABAUSDT,EQUITY,1784620800001,0.00007007,119.79356932
BABAUSDT,EQUITY,1784649600000,0.00004395,118.38327141
BABAUSDT,EQUITY,1784678400000,0.00000000,118.58184511
BABAUSDT,EQUITY,1784707200001,0.00001975,116.20000000
AMDUSDT,EQUITY,1779465600001,0.00007583,471.26108302
AMDUSDT,EQUITY,1779494400001,0.00000000,462.74472827
AMDUSDT,EQUITY,1779523200001,0.00000000,459.62000000
AMDUSDT,EQUITY,1779552000001,0.00049987,467.00000000
AMDUSDT,EQUITY,1779580800001,0.00067323,478.84931341
AMDUSDT,EQUITY,1779609600001,0.00000000,478.62000000
AMDUSDT,EQUITY,1779638400001,-0.00021049,474.57000000
AMDUSDT,EQUITY,1779667200001,0.00000000,473.85884172
AMDUSDT,EQUITY,1779696000001,0.00000000,478.34118635
AMDUSDT,EQUITY,1779724800001,0.00000000,478.98000000
AMDUSDT,EQUITY,1779753600001,0.00000000,478.60000000
AMDUSDT,EQUITY,1779782400001,0.00000000,476.12401387
AMDUSDT,EQUITY,1779811200001,0.00000000,488.74448537
AMDUSDT,EQUITY,1779840000001,0.00000000,508.69026450
AMDUSDT,EQUITY,1779868800001,0.00002708,506.10000000
AMDUSDT,EQUITY,1779897600001,0.00006522,492.13000000
AMDUSDT,EQUITY,1779926400001,0.00000000,490.59000000
AMDUSDT,EQUITY,1779955200001,0.00000000,490.65314683
AMDUSDT,EQUITY,1779984000001,0.00015238,518.22000000
AMDUSDT,EQUITY,1780012800001,0.00010506,522.02000000
AMDUSDT,EQUITY,1780041600001,0.00000000,521.35000190
AMDUSDT,EQUITY,1780070400001,0.00000000,511.08141077
AMDUSDT,EQUITY,1780099200001,0.00000000,515.22296503
AMDUSDT,EQUITY,1780128000001,0.00000000,519.25000000
AMDUSDT,EQUITY,1780156800001,0.00000000,519.71000000
AMDUSDT,EQUITY,1780185600001,0.00003833,523.17000000
AMDUSDT,EQUITY,1780214400001,0.00006414,528.38811124
AMDUSDT,EQUITY,1780243200001,0.00000000,523.79039690
AMDUSDT,EQUITY,1780272000001,-0.00019620,517.06228290
AMDUSDT,EQUITY,1780300800001,0.00011074,511.48000000
AMDUSDT,EQUITY,1780329600001,0.00035326,510.61728331
AMDUSDT,EQUITY,1780358400001,0.00016784,507.07408713
AMDUSDT,EQUITY,1780387200001,0.00055097,504.72000000
AMDUSDT,EQUITY,1780416000001,0.00043010,517.59000000
AMDUSDT,EQUITY,1780444800001,0.00000000,519.35000000
AMDUSDT,EQUITY,1780473600001,0.00030240,517.24000000
AMDUSDT,EQUITY,1780502400001,0.00020363,533.15087350
AMDUSDT,EQUITY,1780531200001,0.00014614,526.20000000
AMDUSDT,EQUITY,1780560000001,0.00054710,532.11897558
AMDUSDT,EQUITY,1780588800001,0.00000000,521.96877828
AMDUSDT,EQUITY,1780617600001,0.00000000,514.60000000
AMDUSDT,EQUITY,1780646400001,0.00000000,510.85000000
AMDUSDT,EQUITY,1780675200001,0.00000000,485.38629313
AMDUSDT,EQUITY,1780704000001,0.00000000,458.58372531
AMDUSDT,EQUITY,1780732800001,-0.00111049,440.63358138
AMDUSDT,EQUITY,1780761600001,0.00020091,453.17406977
AMDUSDT,EQUITY,1780790400002,0.00000000,457.03169463
AMDUSDT,EQUITY,1780819200001,0.00000000,460.22887638
AMDUSDT,EQUITY,1780848000001,0.00049481,466.82000000
AMDUSDT,EQUITY,1780876800001,0.00000000,466.38000000
AMDUSDT,EQUITY,1780905600001,0.00000000,476.35000000
AMDUSDT,EQUITY,1780934400001,0.00000000,489.63000000
AMDUSDT,EQUITY,1780963200001,0.00000000,489.81410996
AMDUSDT,EQUITY,1780992000001,0.00000000,495.48512790
AMDUSDT,EQUITY,1781020800001,0.00000000,460.19702319
AMDUSDT,EQUITY,1781049600001,0.00000000,471.37000000
AMDUSDT,EQUITY,1781078400001,0.00000000,466.89416122
AMDUSDT,EQUITY,1781107200001,0.00000000,461.05685043
AMDUSDT,EQUITY,1781136000001,0.00000000,440.70756167
AMDUSDT,EQUITY,1781164800001,0.00005808,460.35000000
AMDUSDT,EQUITY,1781193600001,0.00000000,466.30000000
AMDUSDT,EQUITY,1781222400001,0.00016779,491.69000000
AMDUSDT,EQUITY,1781251200001,0.00000000,484.23601202
AMDUSDT,EQUITY,1781280000001,0.00000000,505.84648684
AMDUSDT,EQUITY,1781308800001,0.00035965,515.79000000
AMDUSDT,EQUITY,1781337600001,0.00000000,514.46000000
AMDUSDT,EQUITY,1781366400001,0.00000000,515.24025172
AMDUSDT,EQUITY,1781395200001,0.00000000,514.18491486
AMDUSDT,EQUITY,1781424000001,0.00000000,518.06216964
AMDUSDT,EQUITY,1781452800001,0.00000000,518.49030217
AMDUSDT,EQUITY,1781481600001,0.00008289,521.55461004
AMDUSDT,EQUITY,1781510400002,0.00031898,536.74000000
AMDUSDT,EQUITY,1781539200001,0.00000000,547.56673479
AMDUSDT,EQUITY,1781568000001,0.00004649,546.45000000
AMDUSDT,EQUITY,1781596800001,0.00029471,545.31323234
AMDUSDT,EQUITY,1781625600001,0.00002831,520.55676354
AMDUSDT,EQUITY,1781654400001,0.00020049,511.32363253
AMDUSDT,EQUITY,1781683200001,0.00034002,524.04493481
AMDUSDT,EQUITY,1781712000001,0.00012632,524.50080699
AMDUSDT,EQUITY,1781740800001,0.00000000,521.53000000
AMDUSDT,EQUITY,1781769600001,0.00000000,528.25000000
AMDUSDT,EQUITY,1781798400001,0.00031441,535.12046603
AMDUSDT,EQUITY,1781827200001,0.00053857,537.27000000
AMDUSDT,EQUITY,1781856000001,0.00000000,535.60221884
AMDUSDT,EQUITY,1781884800001,0.00000000,535.35352578
AMDUSDT,EQUITY,1781913600001,0.00000000,538.70260663
AMDUSDT,EQUITY,1781942400001,0.00006427,544.08956213
AMDUSDT,EQUITY,1781971200001,0.00000000,537.46000000
AMDUSDT,EQUITY,1782000000001,0.00001648,541.53000000
AMDUSDT,EQUITY,1782028800001,0.00000000,543.16000000
AMDUSDT,EQUITY,1782057600001,0.00000000,542.39000000
AMDUSDT,EQUITY,1782086400001,-0.00046992,533.96000000
AMDUSDT,EQUITY,1782115200001,0.00063659,539.56167333
AMDUSDT,EQUITY,1782144000001,0.00055985,538.28000000
AMDUSDT,EQUITY,1782172800001,0.00012389,547.21889631
AMDUSDT,EQUITY,1782201600002,0.00000000,519.44521825
AMDUSDT,EQUITY,1782230400001,0.00000000,522.53000000
AMDUSDT,EQUITY,1782259200001,0.00003097,522.37000000
AMDUSDT,EQUITY,1782288000001,0.00012541,527.33048561
AMDUSDT,EQUITY,1782316800001,0.00000000,520.87673851
AMDUSDT,EQUITY,1782345600002,0.00051311,539.17762671
AMDUSDT,EQUITY,1782374400001,0.00033719,539.50000000
AMDUSDT,EQUITY,1782403200001,0.00024091,519.21000000
AMDUSDT,EQUITY,1782432000001,0.00011342,530.52681223
AMDUSDT,EQUITY,1782460800002,0.00000000,519.45000000
AMDUSDT,EQUITY,1782489600001,0.00000000,519.82000000
AMDUSDT,EQUITY,1782518400001,0.00000000,518.90552851
AMDUSDT,EQUITY,1782547200001,0.00000000,521.23000000
AMDUSDT,EQUITY,1782576000001,0.00000000,521.77000000
AMDUSDT,EQUITY,1782604800002,0.00000000,518.40000000
AMDUSDT,EQUITY,1782633600002,0.00000000,518.52298922
AMDUSDT,EQUITY,1782662400001,0.00000000,519.61000000
AMDUSDT,EQUITY,1782691200001,0.00044044,528.61418464
AMDUSDT,EQUITY,1782720000001,0.00052698,529.22000000
AMDUSDT,EQUITY,1782748800001,0.00000000,524.07000000
AMDUSDT,EQUITY,1782777600000,0.00010720,540.61000000
AMDUSDT,EQUITY,1782806400000,0.00001618,541.23000000
AMDUSDT,EQUITY,1782835200001,0.00005484,578.00000000
AMDUSDT,EQUITY,1782864000000,0.00006390,579.82000000
AMDUSDT,EQUITY,1782892800001,0.00004764,575.78000000
AMDUSDT,EQUITY,1782921600001,0.00007948,550.96431710
AMDUSDT,EQUITY,1782950400000,0.00000000,544.35000000
AMDUSDT,EQUITY,1782979200001,0.00000000,529.79984708
AMDUSDT,EQUITY,1783008000001,0.00000000,519.61000000
AMDUSDT,EQUITY,1783036800001,0.00000000,519.33000000
AMDUSDT,EQUITY,1783065600001,0.00026346,528.08000000
AMDUSDT,EQUITY,1783094400001,0.00000000,527.59000000
AMDUSDT,EQUITY,1783123200001,0.00000000,526.36691446
AMDUSDT,EQUITY,1783152000001,0.00000000,528.96000000
AMDUSDT,EQUITY,1783180800001,0.00000000,531.00154444
AMDUSDT,EQUITY,1783209600002,0.00000000,531.33505913
AMDUSDT,EQUITY,1783238400001,0.00000000,533.45554982
AMDUSDT,EQUITY,1783267200001,0.00000000,537.18299328
AMDUSDT,EQUITY,1783296000001,0.00000000,537.07000000
AMDUSDT,EQUITY,1783324800001,0.00013942,531.49000000
AMDUSDT,EQUITY,1783353600001,0.00000000,565.98976191
AMDUSDT,EQUITY,1783382400001,0.00000000,548.36911415
AMDUSDT,EQUITY,1783411200001,0.00000000,538.30309197
AMDUSDT,EQUITY,1783440000001,0.00000000,515.72000000
AMDUSDT,EQUITY,1783468800002,0.00012115,512.60234081
AMDUSDT,EQUITY,1783497600001,0.00000000,518.73000000
AMDUSDT,EQUITY,1783526400001,0.00000000,502.72000000
AMDUSDT,EQUITY,1783555200001,0.00000000,516.91000000
AMDUSDT,EQUITY,1783584000001,0.00009811,527.35000000
AMDUSDT,EQUITY,1783612800001,0.00000000,555.88084830
AMDUSDT,EQUITY,1783641600001,0.00000000,547.03695384
AMDUSDT,EQUITY,1783670400001,0.00000000,541.58000000
AMDUSDT,EQUITY,1783699200001,0.00000000,550.92000000
AMDUSDT,EQUITY,1783728000001,0.00001333,560.33844335
AMDUSDT,EQUITY,1783756800001,0.00000000,565.00000000
AMDUSDT,EQUITY,1783785600001,0.00000000,564.64000000
AMDUSDT,EQUITY,1783814400001,-0.00022666,562.46000000
AMDUSDT,EQUITY,1783843200001,0.00000000,559.63140745
AMDUSDT,EQUITY,1783872000001,0.00000000,559.87000000
AMDUSDT,EQUITY,1783900800001,-0.00009117,554.95000000
AMDUSDT,EQUITY,1783929600001,0.00000000,538.45000000
AMDUSDT,EQUITY,1783958400001,0.00000000,542.07347425
AMDUSDT,EQUITY,1783987200002,0.00000000,532.90670662
AMDUSDT,EQUITY,1784016000001,0.00000000,544.87073196
AMDUSDT,EQUITY,1784044800001,0.00000000,560.80920401
AMDUSDT,EQUITY,1784073600001,0.00000000,550.13000000
AMDUSDT,EQUITY,1784102400001,0.00016307,557.35000000
AMDUSDT,EQUITY,1784131200001,0.00000000,518.32000000
AMDUSDT,EQUITY,1784160000001,0.00000000,528.34558763
AMDUSDT,EQUITY,1784188800002,0.00000000,519.19876730
AMDUSDT,EQUITY,1784217600001,0.00000000,507.11585121
AMDUSDT,EQUITY,1784246400001,0.00000000,494.61025708
AMDUSDT,EQUITY,1784275200001,0.00000000,477.45254116
AMDUSDT,EQUITY,1784304000001,0.00000000,500.19934687
AMDUSDT,EQUITY,1784332800001,0.00000000,492.26468805
AMDUSDT,EQUITY,1784361600001,0.00000000,493.13750211
AMDUSDT,EQUITY,1784390400001,0.00000000,490.97000000
AMDUSDT,EQUITY,1784419200001,0.00000000,490.52000000
AMDUSDT,EQUITY,1784448000001,0.00000000,490.84232731
AMDUSDT,EQUITY,1784476800001,0.00000000,489.15000000
AMDUSDT,EQUITY,1784505600002,0.00000515,495.14000000
AMDUSDT,EQUITY,1784534400001,0.00000000,501.40000000
AMDUSDT,EQUITY,1784563200001,0.00000000,514.57315166
AMDUSDT,EQUITY,1784592000001,0.00000000,505.23861318
AMDUSDT,EQUITY,1784620800001,0.00003538,522.35062750
AMDUSDT,EQUITY,1784649600000,0.00000000,531.86000000
AMDUSDT,EQUITY,1784678400000,-0.00000033,545.66000000
AMDUSDT,EQUITY,1784707200001,-0.00032739,532.78744732
QCOMUSDT,EQUITY,1779465600001,0.00045079,239.17269852
QCOMUSDT,EQUITY,1779494400001,0.00065211,237.55481768
QCOMUSDT,EQUITY,1779523200001,0.00000000,237.27019427
QCOMUSDT,EQUITY,1779552000001,0.00038010,241.49868883
QCOMUSDT,EQUITY,1779580800001,0.00000000,244.10775150
QCOMUSDT,EQUITY,1779609600001,0.00000000,245.04636274
QCOMUSDT,EQUITY,1779638400001,0.00000000,245.31124874
QCOMUSDT,EQUITY,1779667200001,0.00000000,246.87000000
QCOMUSDT,EQUITY,1779696000001,0.00071435,249.42000000
QCOMUSDT,EQUITY,1779724800001,0.00000000,247.31977914
QCOMUSDT,EQUITY,1779753600001,0.00000000,245.46026629
QCOMUSDT,EQUITY,1779782400001,0.00000000,242.04969210
QCOMUSDT,EQUITY,1779811200001,0.00025551,248.37171126
QCOMUSDT,EQUITY,1779840000001,0.00002844,249.29000000
QCOMUSDT,EQUITY,1779868800001,0.00004592,248.75333548
QCOMUSDT,EQUITY,1779897600001,0.00029827,226.66000000
QCOMUSDT,EQUITY,1779926400001,0.00018668,231.26227459
QCOMUSDT,EQUITY,1779955200001,0.00019998,231.49000000
QCOMUSDT,EQUITY,1779984000001,0.00013474,243.49000000
QCOMUSDT,EQUITY,1780012800001,0.00001922,245.49000000
QCOMUSDT,EQUITY,1780041600001,0.00000000,245.62000000
QCOMUSDT,EQUITY,1780070400001,0.00010775,251.14000000
QCOMUSDT,EQUITY,1780099200001,0.00000000,250.97058917
QCOMUSDT,EQUITY,1780128000001,0.00000000,252.60000000
QCOMUSDT,EQUITY,1780156800001,0.00000000,251.30000000
QCOMUSDT,EQUITY,1780185600001,0.00000000,251.18000000
QCOMUSDT,EQUITY,1780214400001,0.00000000,250.89291028
QCOMUSDT,EQUITY,1780243200001,0.00000000,250.86312821
QCOMUSDT,EQUITY,1780272000001,0.00000000,250.52000000
QCOMUSDT,EQUITY,1780300800001,0.00008550,243.03357290
QCOMUSDT,EQUITY,1780329600001,0.00007129,232.84000000
QCOMUSDT,EQUITY,1780358400001,0.00013032,228.95991263
QCOMUSDT,EQUITY,1780387200001,0.00039739,227.14129032
QCOMUSDT,EQUITY,1780416000001,0.00056115,241.33175559
QCOMUSDT,EQUITY,1780444800001,0.00000000,239.12364938
QCOMUSDT,EQUITY,1780473600001,0.00013117,238.25148212
QCOMUSDT,EQUITY,1780502400001,0.00000000,252.93000000
QCOMUSDT,EQUITY,1780516800001,0.00000000,250.24000000
QCOMUSDT,EQUITY,1780520400001,0.00002820,247.24000000
QCOMUSDT,EQUITY,1780524000001,0.00000000,247.08000000
QCOMUSDT,EQUITY,1780527600001,0.00000000,246.02000000
QCOMUSDT,EQUITY,1780531200001,0.00000000,245.32969500
QCOMUSDT,EQUITY,1780531200007,-0.00376417,245.32969500
QCOMUSDT,EQUITY,1780534800001,0.00000000,244.89446946
QCOMUSDT,EQUITY,1780538400001,0.00000000,244.94000000
QCOMUSDT,EQUITY,1780542000001,0.00000000,244.87324322
QCOMUSDT,EQUITY,1780545600001,0.00000000,245.85208730
QCOMUSDT,EQUITY,1780560000001,0.00000000,246.55837824
QCOMUSDT,EQUITY,1780588800001,0.00005629,239.47801771
QCOMUSDT,EQUITY,1780617600001,0.00046380,239.09677560
QCOMUSDT,EQUITY,1780646400001,0.00000000,234.32000000
QCOMUSDT,EQUITY,1780675200001,0.00000000,224.97000000
QCOMUSDT,EQUITY,1780704000001,-0.00029536,211.13000000
QCOMUSDT,EQUITY,1780732800001,0.00000000,205.66000000
QCOMUSDT,EQUITY,1780761600001,0.00000000,205.39207011
QCOMUSDT,EQUITY,1780790400002,0.00044086,208.64479588
QCOMUSDT,EQUITY,1780819200001,0.00086997,213.05081743
QCOMUSDT,EQUITY,1780848000001,0.00000000,212.38000000
QCOMUSDT,EQUITY,1780876800001,0.00073388,214.31000000
QCOMUSDT,EQUITY,1780905600001,0.00000000,216.46797205
QCOMUSDT,EQUITY,1780934400001,0.00003848,218.82568005
QCOMUSDT,EQUITY,1780963200001,0.00085348,224.38406511
QCOMUSDT,EQUITY,1780992000001,0.00063598,224.04000000
QCOMUSDT,EQUITY,1781020800001,0.00049086,198.47582870
QCOMUSDT,EQUITY,1781049600001,0.00061009,203.86094645
QCOMUSDT,EQUITY,1781078400001,0.00000000,203.76000000
QCOMUSDT,EQUITY,1781107200001,0.00007330,195.01675574
QCOMUSDT,EQUITY,1781136000001,0.00000000,189.45000000
QCOMUSDT,EQUITY,1781164800001,0.00000000,193.87189820
QCOMUSDT,EQUITY,1781193600001,0.00000000,194.90000000
QCOMUSDT,EQUITY,1781222400001,0.00000000,203.96000000
QCOMUSDT,EQUITY,1781251200001,0.00019239,201.80000000
QCOMUSDT,EQUITY,1781280000001,0.00000000,210.65740896
QCOMUSDT,EQUITY,1781308800001,0.00105647,212.69776398
QCOMUSDT,EQUITY,1781337600001,0.00000000,213.21778671
QCOMUSDT,EQUITY,1781366400001,0.00016612,215.65000000
QCOMUSDT,EQUITY,1781395200001,0.00000000,216.23049613
QCOMUSDT,EQUITY,1781424000001,0.00000000,218.96000000
QCOMUSDT,EQUITY,1781452800001,0.00000000,216.59000000
QCOMUSDT,EQUITY,1781481600001,0.00068479,219.90000000
QCOMUSDT,EQUITY,1781510400002,0.00000000,220.54495643
QCOMUSDT,EQUITY,1781539200001,0.00000000,222.33559275
QCOMUSDT,EQUITY,1781568000001,0.00000000,221.37273014
QCOMUSDT,EQUITY,1781596800001,0.00057951,222.48557436
QCOMUSDT,EQUITY,1781625600001,0.00000000,220.63822470
QCOMUSDT,EQUITY,1781654400001,0.00027049,214.98089643
QCOMUSDT,EQUITY,1781683200001,0.00010276,218.21767598
QCOMUSDT,EQUITY,1781712000001,0.00026445,218.04000000
QCOMUSDT,EQUITY,1781740800001,0.00066909,217.20436615
QCOMUSDT,EQUITY,1781769600001,0.00006486,218.01369598
QCOMUSDT,EQUITY,1781798400001,0.00000000,220.43000000
QCOMUSDT,EQUITY,1781827200001,0.00056248,226.57471928
QCOMUSDT,EQUITY,1781856000001,0.00112782,233.19622958
QCOMUSDT,EQUITY,1781884800001,-0.00066748,228.50000000
QCOMUSDT,EQUITY,1781913600001,0.00000000,228.78000000
QCOMUSDT,EQUITY,1781942400001,0.00000000,231.34050974
QCOMUSDT,EQUITY,1781971200001,-0.00037819,228.23000000
QCOMUSDT,EQUITY,1782000000001,0.00000000,227.60000000
QCOMUSDT,EQUITY,1782028800001,0.00000000,228.18544283
QCOMUSDT,EQUITY,1782057600001,0.00000000,233.25000000
QCOMUSDT,EQUITY,1782086400001,-0.00082475,229.52000000
QCOMUSDT,EQUITY,1782115200001,0.00013765,228.62853268
QCOMUSDT,EQUITY,1782144000001,0.00035071,227.98000000
QCOMUSDT,EQUITY,1782172800001,0.00000000,220.90126358
QCOMUSDT,EQUITY,1782201600002,0.00000000,210.14000000
QCOMUSDT,EQUITY,1782230400001,0.00000000,203.29000000
QCOMUSDT,EQUITY,1782259200001,0.00000000,204.15978474
QCOMUSDT,EQUITY,1782288000001,0.00000000,210.56907434
QCOMUSDT,EQUITY,1782316800001,0.00062648,196.81703121
QCOMUSDT,EQUITY,1782345600002,0.00007769,223.10370583
QCOMUSDT,EQUITY,1782374400001,0.00007102,223.64000000
QCOMUSDT,EQUITY,1782403200001,0.00000000,208.69000000
QCOMUSDT,EQUITY,1782432000001,0.00007572,203.83000000
QCOMUSDT,EQUITY,1782460800002,0.00039928,202.47000000
QCOMUSDT,EQUITY,1782489600001,0.00000000,200.42469959
QCOMUSDT,EQUITY,1782518400001,0.00029536,189.01000000
QCOMUSDT,EQUITY,1782547200001,0.00000000,192.23000000
QCOMUSDT,EQUITY,1782576000001,0.00000000,193.64493945
QCOMUSDT,EQUITY,1782604800002,-0.00020037,190.77941317
QCOMUSDT,EQUITY,1782633600002,0.00000000,192.18000000
QCOMUSDT,EQUITY,1782662400001,0.00000000,191.08540890
QCOMUSDT,EQUITY,1782691200001,0.00004715,194.32000000
QCOMUSDT,EQUITY,1782720000001,0.00062728,192.93188392
QCOMUSDT,EQUITY,1782748800001,0.00050931,191.81194858
QCOMUSDT,EQUITY,1782777600000,0.00062107,189.49644636
QCOMUSDT,EQUITY,1782806400000,0.00063973,190.44000000
QCOMUSDT,EQUITY,1782835200001,0.00048491,187.55000000
QCOMUSDT,EQUITY,1782864000000,0.00040138,186.15000000
QCOMUSDT,EQUITY,1782892800001,0.00026170,184.67000000
QCOMUSDT,EQUITY,1782921600001,0.00000000,185.69000000
QCOMUSDT,EQUITY,1782950400000,0.00000000,181.66878703
QCOMUSDT,EQUITY,1782979200001,0.00000000,178.83489669
QCOMUSDT,EQUITY,1783008000001,0.00018002,175.30000000
QCOMUSDT,EQUITY,1783036800001,0.00000000,177.30045802
QCOMUSDT,EQUITY,1783065600001,0.00010396,181.38864627
QCOMUSDT,EQUITY,1783094400001,0.00000000,182.03938044
QCOMUSDT,EQUITY,1783123200001,0.00000000,182.06000000
QCOMUSDT,EQUITY,1783152000001,0.00000000,184.83329068
QCOMUSDT,EQUITY,1783180800001,0.00000000,184.46002770
QCOMUSDT,EQUITY,1783209600002,0.00000000,184.43624855
QCOMUSDT,EQUITY,1783238400001,0.00000000,185.18254477
QCOMUSDT,EQUITY,1783267200001,0.00000000,183.72000000
QCOMUSDT,EQUITY,1783296000001,0.00000000,183.97000000
QCOMUSDT,EQUITY,1783324800001,0.00014067,179.66000000
QCOMUSDT,EQUITY,1783353600001,0.00001835,187.67004550
QCOMUSDT,EQUITY,1783382400001,0.00000000,186.06996534
QCOMUSDT,EQUITY,1783411200001,0.00000000,183.35055873
QCOMUSDT,EQUITY,1783440000001,0.00000000,182.46476346
QCOMUSDT,EQUITY,1783468800002,0.00021997,182.71059831
QCOMUSDT,EQUITY,1783497600001,0.00000000,183.98831131
QCOMUSDT,EQUITY,1783526400001,0.00000000,182.90000000
QCOMUSDT,EQUITY,1783555200001,0.00048469,187.85116424
QCOMUSDT,EQUITY,1783584000001,0.00000000,189.76811286
QCOMUSDT,EQUITY,1783612800001,0.00016689,194.53000000
QCOMUSDT,EQUITY,1783641600001,0.00052686,190.92730402
QCOMUSDT,EQUITY,1783670400001,0.00000000,189.39412558
QCOMUSDT,EQUITY,1783699200001,0.00004975,188.72000000
QCOMUSDT,EQUITY,1783728000001,0.00000000,188.99000000
QCOMUSDT,EQUITY,1783756800001,0.00000000,188.22169520
QCOMUSDT,EQUITY,1783785600001,0.00000000,187.20000000
QCOMUSDT,EQUITY,1783814400001,0.00000000,186.54000000
QCOMUSDT,EQUITY,1783843200001,0.00000000,187.11000000
QCOMUSDT,EQUITY,1783872000001,0.00000000,186.50097527
QCOMUSDT,EQUITY,1783900800001,-0.00013267,184.05847701
QCOMUSDT,EQUITY,1783929600001,0.00000000,184.09000000
QCOMUSDT,EQUITY,1783958400001,0.00000000,185.88806039
QCOMUSDT,EQUITY,1783987200002,0.00000000,183.63456723
QCOMUSDT,EQUITY,1784016000001,0.00000000,186.27000000
QCOMUSDT,EQUITY,1784044800001,0.00011969,180.13090990
QCOMUSDT,EQUITY,1784073600001,0.00000000,178.85814594
QCOMUSDT,EQUITY,1784102400001,0.00001904,180.80000000
QCOMUSDT,EQUITY,1784131200001,0.00018338,176.15534400
QCOMUSDT,EQUITY,1784160000001,0.00000000,178.26000000
QCOMUSDT,EQUITY,1784188800002,0.00000000,175.65433663
QCOMUSDT,EQUITY,1784217600001,0.00000000,172.86000000
QCOMUSDT,EQUITY,1784246400001,0.00000000,169.89546786
QCOMUSDT,EQUITY,1784275200001,0.00000000,164.85191496
QCOMUSDT,EQUITY,1784304000001,0.00000000,169.26095587
QCOMUSDT,EQUITY,1784332800001,0.00000000,171.82000000
QCOMUSDT,EQUITY,1784361600001,0.00000000,170.72648835
QCOMUSDT,EQUITY,1784390400001,0.00000000,171.38249649
QCOMUSDT,EQUITY,1784419200001,0.00000000,171.56000000
QCOMUSDT,EQUITY,1784448000001,0.00000000,172.31267351
QCOMUSDT,EQUITY,1784476800001,0.00000000,170.48531974
QCOMUSDT,EQUITY,1784505600002,0.00000000,171.57000000
QCOMUSDT,EQUITY,1784534400001,0.00000000,172.52346879
QCOMUSDT,EQUITY,1784563200001,0.00000000,173.58451750
QCOMUSDT,EQUITY,1784592000001,0.00003046,171.02000000
QCOMUSDT,EQUITY,1784620800001,0.00000000,173.82000000
QCOMUSDT,EQUITY,1784649600000,0.00004560,173.66340233
QCOMUSDT,EQUITY,1784678400000,0.00000000,172.74951651
QCOMUSDT,EQUITY,1784707200001,0.00000000,170.16000000
USARUSDT,EQUITY,1779465600001,0.00000000,25.60520000
USARUSDT,EQUITY,1779494400001,0.00000000,25.29000000
USARUSDT,EQUITY,1779523200001,0.00000000,25.13000000
USARUSDT,EQUITY,1779552000001,0.00039512,25.68388236
USARUSDT,EQUITY,1779580800001,0.00000000,25.79996779
USARUSDT,EQUITY,1779609600001,0.00000000,25.56937800
USARUSDT,EQUITY,1779638400001,-0.00005948,25.35000000
USARUSDT,EQUITY,1779667200001,0.00000000,25.38934518
USARUSDT,EQUITY,1779696000001,0.00090573,26.35077451
USARUSDT,EQUITY,1779724800001,0.00060656,26.46000000
USARUSDT,EQUITY,1779753600001,0.00333262,26.21000000
USARUSDT,EQUITY,1779782400001,0.00000000,25.76000298
USARUSDT,EQUITY,1779811200001,0.00006228,26.06350000
USARUSDT,EQUITY,1779840000001,0.00000000,27.83000000
USARUSDT,EQUITY,1779868800001,0.00000000,27.71000000
USARUSDT,EQUITY,1779897600001,0.00000000,26.82900000
USARUSDT,EQUITY,1779926400001,-0.00001358,26.41048387
USARUSDT,EQUITY,1779955200001,0.00000000,26.24450000
USARUSDT,EQUITY,1779984000001,0.00000000,27.81237097
USARUSDT,EQUITY,1780012800001,0.00003528,28.07000000
USARUSDT,EQUITY,1780041600001,0.00000000,28.21000003
USARUSDT,EQUITY,1780070400001,0.00099442,27.47858065
USARUSDT,EQUITY,1780099200001,0.00304381,27.67000000
USARUSDT,EQUITY,1780128000001,0.00024785,28.21010257
USARUSDT,EQUITY,1780156800001,0.00000000,28.38000000
USARUSDT,EQUITY,1780185600001,0.00000000,28.23000000
USARUSDT,EQUITY,1780214400001,0.00078706,28.84000000
USARUSDT,EQUITY,1780243200001,0.00000000,28.70015651
USARUSDT,EQUITY,1780272000001,0.00000000,28.51000000
USARUSDT,EQUITY,1780300800001,0.00000000,28.05000000
USARUSDT,EQUITY,1780329600001,0.00034365,29.88140645
USARUSDT,EQUITY,1780358400001,0.00000000,29.43887097
USARUSDT,EQUITY,1780387200001,0.00000000,29.71000000
USARUSDT,EQUITY,1780416000001,0.00000000,30.75000000
USARUSDT,EQUITY,1780444800001,-0.00047454,30.22000000
USARUSDT,EQUITY,1780473600001,0.00000000,30.56000000
USARUSDT,EQUITY,1780502400001,0.00000000,28.12243251
USARUSDT,EQUITY,1780531200001,-0.00010876,26.91000000
USARUSDT,EQUITY,1780560000001,0.00000000,27.71749990
USARUSDT,EQUITY,1780588800001,0.00000000,26.58550769
USARUSDT,EQUITY,1780617600001,0.00076956,27.02000000
USARUSDT,EQUITY,1780646400001,0.00000000,26.75827932
USARUSDT,EQUITY,1780675200001,0.00000000,23.04526660
USARUSDT,EQUITY,1780704000001,0.00000000,22.76776510
USARUSDT,EQUITY,1780732800001,-0.00029736,22.34000000
USARUSDT,EQUITY,1780761600001,0.00075704,23.13015415
USARUSDT,EQUITY,1780790400002,0.00000000,23.11066946
USARUSDT,EQUITY,1780819200001,0.00022602,23.69000000
USARUSDT,EQUITY,1780848000001,0.00000000,23.28344827
USARUSDT,EQUITY,1780876800001,0.00000000,23.31004596
USARUSDT,EQUITY,1780905600001,0.00000000,22.84000000
USARUSDT,EQUITY,1780934400001,0.00000000,22.77000000
USARUSDT,EQUITY,1780963200001,-0.00402942,22.44000000
USARUSDT,EQUITY,1780992000001,0.00033089,22.63451613
USARUSDT,EQUITY,1781020800001,-0.00047490,20.38000000
USARUSDT,EQUITY,1781049600001,0.00000000,20.88000000
USARUSDT,EQUITY,1781078400001,0.00000000,20.97250000
USARUSDT,EQUITY,1781107200001,0.00001540,20.94000000
USARUSDT,EQUITY,1781136000001,0.00000000,20.26000000
USARUSDT,EQUITY,1781164800001,0.00000000,20.95500000
USARUSDT,EQUITY,1781193600001,0.00000000,21.42000000
USARUSDT,EQUITY,1781222400001,0.00037864,23.18679630
USARUSDT,EQUITY,1781251200001,0.00011034,22.75198810
USARUSDT,EQUITY,1781280000001,0.00000000,21.40835264
USARUSDT,EQUITY,1781308800001,0.00050549,22.03109119
USARUSDT,EQUITY,1781337600001,0.00000000,22.11000000
USARUSDT,EQUITY,1781366400001,0.00001119,22.23000000
USARUSDT,EQUITY,1781395200001,0.00000000,22.01000000
USARUSDT,EQUITY,1781424000001,0.00000000,22.06000000
USARUSDT,EQUITY,1781452800001,0.00000000,22.33000000
USARUSDT,EQUITY,1781481600001,0.00012641,22.62000000
USARUSDT,EQUITY,1781510400002,0.00000000,23.15000000
USARUSDT,EQUITY,1781539200001,0.00000000,23.34569835
USARUSDT,EQUITY,1781568000001,0.00000000,23.04000000
USARUSDT,EQUITY,1781596800001,0.00000000,23.07427419
USARUSDT,EQUITY,1781625600001,0.00000000,22.04000000
USARUSDT,EQUITY,1781654400001,0.00024528,21.65347594
USARUSDT,EQUITY,1781683200001,0.00000000,21.79500000
USARUSDT,EQUITY,1781712000001,0.00029336,23.77554119
USARUSDT,EQUITY,1781740800001,0.00000000,23.90000000
USARUSDT,EQUITY,1781769600001,0.00000000,24.11000000
USARUSDT,EQUITY,1781798400001,0.00000000,24.29418844
USARUSDT,EQUITY,1781827200001,0.00029645,24.61000000
USARUSDT,EQUITY,1781856000001,0.00029498,24.96201403
USARUSDT,EQUITY,1781884800001,0.00000000,24.86459686
USARUSDT,EQUITY,1781913600001,0.00000000,24.97000000
USARUSDT,EQUITY,1781942400001,0.00000000,24.80000000
USARUSDT,EQUITY,1781971200001,0.00000000,24.64000000
USARUSDT,EQUITY,1782000000001,0.00000000,24.48497064
USARUSDT,EQUITY,1782028800001,0.00015874,24.83481404
USARUSDT,EQUITY,1782057600001,0.00000000,24.69000000
USARUSDT,EQUITY,1782086400001,0.00007767,24.77118379
USARUSDT,EQUITY,1782115200001,0.00000000,24.93500000
USARUSDT,EQUITY,1782144000001,0.00000000,24.86291497
USARUSDT,EQUITY,1782172800001,0.00000000,24.08000000
USARUSDT,EQUITY,1782201600002,0.00000000,22.98540343
USARUSDT,EQUITY,1782230400001,0.00000000,23.70576137
USARUSDT,EQUITY,1782259200001,0.00000000,23.12746231
USARUSDT,EQUITY,1782288000001,0.00000000,23.15000000
USARUSDT,EQUITY,1782316800001,0.00000000,22.03471972
USARUSDT,EQUITY,1782345600002,0.00000000,22.02000000
USARUSDT,EQUITY,1782374400001,0.00000000,21.93024825
USARUSDT,EQUITY,1782403200001,0.00000000,20.47000000
USARUSDT,EQUITY,1782432000001,0.00036415,20.78580093
USARUSDT,EQUITY,1782460800002,0.00000000,20.66785779
USARUSDT,EQUITY,1782489600001,0.00000000,20.60000000
USARUSDT,EQUITY,1782518400001,0.00000000,20.57000000
USARUSDT,EQUITY,1782547200001,0.00000000,20.70506193
USARUSDT,EQUITY,1782576000001,0.00000000,20.73384979
USARUSDT,EQUITY,1782604800002,0.00000000,20.64566585
USARUSDT,EQUITY,1782633600002,0.00000000,20.57000000
USARUSDT,EQUITY,1782662400001,0.00000000,20.57000000
USARUSDT,EQUITY,1782691200001,0.00025575,20.78906395
USARUSDT,EQUITY,1782720000001,0.00000000,20.88000000
USARUSDT,EQUITY,1782748800001,0.00000000,20.49206477
USARUSDT,EQUITY,1782777600000,0.00033877,21.08514834
USARUSDT,EQUITY,1782806400000,0.00000000,21.23475306
USARUSDT,EQUITY,1782835200001,0.00000000,21.03535465
USARUSDT,EQUITY,1782864000000,0.00018928,21.70000000
USARUSDT,EQUITY,1782892800001,0.00000000,21.60000000
USARUSDT,EQUITY,1782921600001,0.00000000,21.09000000
USARUSDT,EQUITY,1782950400000,0.00000000,20.12248878
USARUSDT,EQUITY,1782979200001,0.00000000,20.11020607
USARUSDT,EQUITY,1783008000001,0.00000000,19.29163297
USARUSDT,EQUITY,1783036800001,0.00000000,19.39226117
USARUSDT,EQUITY,1783065600001,0.00063224,19.90496553
USARUSDT,EQUITY,1783094400001,-0.00015171,19.65538014
USARUSDT,EQUITY,1783123200001,0.00000000,19.57375684
USARUSDT,EQUITY,1783152000001,0.00000000,19.61501157
USARUSDT,EQUITY,1783180800001,0.00000000,19.64512015
USARUSDT,EQUITY,1783209600002,0.00000000,19.61894527
USARUSDT,EQUITY,1783238400001,0.00000000,19.95000000
USARUSDT,EQUITY,1783267200001,0.00000000,19.91550593
USARUSDT,EQUITY,1783296000001,0.00000000,19.94000000
USARUSDT,EQUITY,1783324800001,0.00000000,19.51844477
USARUSDT,EQUITY,1783353600001,0.00000000,19.61000000
USARUSDT,EQUITY,1783382400001,0.00043172,19.35952253
USARUSDT,EQUITY,1783411200001,0.00000000,19.32000000
USARUSDT,EQUITY,1783440000001,0.00000000,17.84020526
USARUSDT,EQUITY,1783468800002,0.00000000,17.70000000
USARUSDT,EQUITY,1783497600001,0.00000000,17.70000000
USARUSDT,EQUITY,1783526400001,0.00000000,17.86000000
USARUSDT,EQUITY,1783555200001,0.00036691,18.59000000
USARUSDT,EQUITY,1783584000001,0.00000000,18.81000000
USARUSDT,EQUITY,1783612800001,0.00000000,19.11764005
USARUSDT,EQUITY,1783641600001,0.00000000,19.10083825
USARUSDT,EQUITY,1783670400001,0.00000000,18.96884857
USARUSDT,EQUITY,1783699200001,0.00000000,18.40000000
USARUSDT,EQUITY,1783728000001,0.00000000,18.59000000
USARUSDT,EQUITY,1783756800001,0.00000000,18.70511020
USARUSDT,EQUITY,1783785600001,0.00000000,18.66818220
USARUSDT,EQUITY,1783814400001,0.00000000,18.54446098
USARUSDT,EQUITY,1783843200001,0.00000000,18.48000000
USARUSDT,EQUITY,1783872000001,0.00000000,18.56495108
USARUSDT,EQUITY,1783900800001,0.00000000,18.47510486
USARUSDT,EQUITY,1783929600001,0.00000000,18.27624413
USARUSDT,EQUITY,1783958400001,0.00000000,17.74000000
USARUSDT,EQUITY,1783987200002,0.00000000,17.17922257
USARUSDT,EQUITY,1784016000001,0.00017574,17.31651314
USARUSDT,EQUITY,1784044800001,0.00000000,18.24000000
USARUSDT,EQUITY,1784073600001,0.00019847,18.29969026
USARUSDT,EQUITY,1784102400001,0.00012325,18.29513789
USARUSDT,EQUITY,1784131200001,0.00000000,17.29132747
USARUSDT,EQUITY,1784160000001,0.00045307,17.35838882
USARUSDT,EQUITY,1784188800002,0.00000000,17.24000000
USARUSDT,EQUITY,1784217600001,0.00000000,16.03907892
USARUSDT,EQUITY,1784246400001,0.00000000,15.94000000
USARUSDT,EQUITY,1784275200001,0.00000000,15.71000000
USARUSDT,EQUITY,1784304000001,0.00000000,15.84287871
USARUSDT,EQUITY,1784332800001,0.00000000,15.74357863
USARUSDT,EQUITY,1784361600001,0.00000000,15.73502500
USARUSDT,EQUITY,1784390400001,0.00000000,15.72000000
USARUSDT,EQUITY,1784419200001,0.00000000,15.74500578
USARUSDT,EQUITY,1784448000001,0.00000000,15.82469264
USARUSDT,EQUITY,1784476800001,0.00000000,15.85094360
USARUSDT,EQUITY,1784505600002,0.00000000,15.91417068
USARUSDT,EQUITY,1784534400001,0.00000000,15.74000000
USARUSDT,EQUITY,1784563200001,0.00000000,15.03613495
USARUSDT,EQUITY,1784592000001,0.00000000,15.28000000
USARUSDT,EQUITY,1784620800001,0.00000000,15.65358393
USARUSDT,EQUITY,1784649600000,0.00000000,15.86916852
USARUSDT,EQUITY,1784678400000,0.00000000,16.02000000
USARUSDT,EQUITY,1784707200001,0.00000000,15.82698810
LITEUSDT,EQUITY,1779465600001,0.00000000,958.48861935
LITEUSDT,EQUITY,1779494400001,-0.00020169,935.04000000
LITEUSDT,EQUITY,1779523200001,0.00000000,932.22077629
LITEUSDT,EQUITY,1779552000001,0.00020465,946.54400210
LITEUSDT,EQUITY,1779580800001,0.00006822,957.21402020
LITEUSDT,EQUITY,1779609600001,0.00000000,962.52504433
LITEUSDT,EQUITY,1779638400001,0.00212424,986.92822555
LITEUSDT,EQUITY,1779667200001,0.01066083,971.00835527
LITEUSDT,EQUITY,1779696000001,0.00106121,1008.92000376
LITEUSDT,EQUITY,1779724800001,0.00000000,1009.21000000
LITEUSDT,EQUITY,1779753600001,0.00000000,1008.16566529
LITEUSDT,EQUITY,1779782400001,0.00103977,961.45000000
LITEUSDT,EQUITY,1779811200001,0.00057669,909.72125161
LITEUSDT,EQUITY,1779840000001,0.00096895,918.26541839
LITEUSDT,EQUITY,1779868800001,0.00097344,905.61000000
LITEUSDT,EQUITY,1779897600001,0.00102319,888.18000000
LITEUSDT,EQUITY,1779926400001,0.00000000,893.74000000
LITEUSDT,EQUITY,1779955200001,0.00029526,885.80150000
LITEUSDT,EQUITY,1779984000001,0.00048935,900.25626452
LITEUSDT,EQUITY,1780012800001,0.00098677,868.96000000
LITEUSDT,EQUITY,1780041600001,0.00038207,873.34000000
LITEUSDT,EQUITY,1780070400001,0.00037842,829.36000000
LITEUSDT,EQUITY,1780099200001,0.00116003,850.16000000
LITEUSDT,EQUITY,1780128000001,0.00000000,856.06000000
LITEUSDT,EQUITY,1780156800001,0.00000000,861.93000000
LITEUSDT,EQUITY,1780185600001,0.00000000,866.70000000
LITEUSDT,EQUITY,1780214400001,0.00000000,867.33467742
LITEUSDT,EQUITY,1780243200001,0.00000000,866.47149852
LITEUSDT,EQUITY,1780272000001,0.00000000,864.92584196
LITEUSDT,EQUITY,1780300800001,0.00077909,850.02000000
LITEUSDT,EQUITY,1780329600001,0.00052013,881.14585616
LITEUSDT,EQUITY,1780358400001,0.00214617,913.05000000
LITEUSDT,EQUITY,1780387200001,0.00064396,923.57000000
LITEUSDT,EQUITY,1780416000001,0.00039270,1016.01068551
LITEUSDT,EQUITY,1780444800001,0.00000000,1027.60000000
LITEUSDT,EQUITY,1780473600001,0.00051181,1048.27894673
LITEUSDT,EQUITY,1780502400001,0.00034916,964.67459664
LITEUSDT,EQUITY,1780531200001,0.00000000,900.16000000
LITEUSDT,EQUITY,1780560000001,0.00000000,911.51330333
LITEUSDT,EQUITY,1780588800001,0.00060102,903.19855015
LITEUSDT,EQUITY,1780617600001,0.00000000,921.58039870
LITEUSDT,EQUITY,1780646400001,0.00000000,905.90887835
LITEUSDT,EQUITY,1780675200001,0.00000000,920.33081629
LITEUSDT,EQUITY,1780704000001,0.00000000,849.13504837
LITEUSDT,EQUITY,1780732800001,0.00000000,838.15126411
LITEUSDT,EQUITY,1780761600001,0.00000000,844.22916196
LITEUSDT,EQUITY,1780790400002,0.00000000,849.81000000
LITEUSDT,EQUITY,1780819200001,0.00000000,852.09457108
LITEUSDT,EQUITY,1780848000001,0.00130065,873.14000000
LITEUSDT,EQUITY,1780876800001,0.00000000,877.56352613
LITEUSDT,EQUITY,1780905600001,0.00000000,870.42000000
LITEUSDT,EQUITY,1780934400001,0.00000000,894.98000000
LITEUSDT,EQUITY,1780963200001,0.00000000,892.94864235
LITEUSDT,EQUITY,1780992000001,0.00000000,907.66770774
LITEUSDT,EQUITY,1781020800001,0.00018626,802.88342402
LITEUSDT,EQUITY,1781049600001,0.00092493,819.01000000
LITEUSDT,EQUITY,1781078400001,0.00000806,815.63521064
LITEUSDT,EQUITY,1781107200001,0.00056026,853.11000000
LITEUSDT,EQUITY,1781136000001,0.00009939,834.61098392
LITEUSDT,EQUITY,1781164800001,0.00056053,867.12932977
LITEUSDT,EQUITY,1781193600001,0.00011867,867.49918635
LITEUSDT,EQUITY,1781222400001,0.00072924,904.69000000
LITEUSDT,EQUITY,1781251200001,0.00000000,886.25417022
LITEUSDT,EQUITY,1781280000001,0.00009875,906.08288651
LITEUSDT,EQUITY,1781308800001,0.00072992,920.06000000
LITEUSDT,EQUITY,1781337600001,0.00000000,920.35290378
LITEUSDT,EQUITY,1781366400001,0.00000000,925.17000000
LITEUSDT,EQUITY,1781395200001,0.00000000,931.91000000
LITEUSDT,EQUITY,1781424000001,0.00000000,935.55309069
LITEUSDT,EQUITY,1781452800001,0.00000000,940.03822464
LITEUSDT,EQUITY,1781481600001,0.00107786,961.81000000
LITEUSDT,EQUITY,1781510400002,0.00020240,967.92000000
LITEUSDT,EQUITY,1781539200001,0.00040384,942.57000000
LITEUSDT,EQUITY,1781568000001,0.00000000,952.46456294
LITEUSDT,EQUITY,1781596800001,0.00000000,959.69000000
LITEUSDT,EQUITY,1781625600001,0.00019302,880.87000000
LITEUSDT,EQUITY,1781654400001,0.00046623,881.67582474
LITEUSDT,EQUITY,1781683200001,0.00015885,894.21000000
LITEUSDT,EQUITY,1781712000001,0.00046213,878.75000000
LITEUSDT,EQUITY,1781740800001,0.00111699,879.47000000
LITEUSDT,EQUITY,1781769600001,0.00019083,891.46000000
LITEUSDT,EQUITY,1781798400001,0.00054665,857.05000000
LITEUSDT,EQUITY,1781827200001,0.00000000,848.54000000
LITEUSDT,EQUITY,1781856000001,0.00000000,851.01000000
LITEUSDT,EQUITY,1781884800001,0.00000000,853.40153004
LITEUSDT,EQUITY,1781913600001,0.00000000,854.00000000
LITEUSDT,EQUITY,1781942400001,-0.00015645,850.67909518
LITEUSDT,EQUITY,1781971200001,-0.00017083,844.49902264
LITEUSDT,EQUITY,1782000000001,0.00000000,845.99403085
LITEUSDT,EQUITY,1782028800001,0.00000000,842.57722329
LITEUSDT,EQUITY,1782057600001,0.00000000,843.28000000
LITEUSDT,EQUITY,1782086400001,0.00000000,835.13000000
LITEUSDT,EQUITY,1782115200001,0.00000000,849.55729512
LITEUSDT,EQUITY,1782144000001,0.00000000,832.82000000
LITEUSDT,EQUITY,1782172800001,0.00021371,890.19068417
LITEUSDT,EQUITY,1782201600002,0.00000000,844.78952161
LITEUSDT,EQUITY,1782230400001,0.00000000,827.31979329
LITEUSDT,EQUITY,1782259200001,0.00069444,830.12000000
LITEUSDT,EQUITY,1782288000001,0.00000000,834.34799622
LITEUSDT,EQUITY,1782316800001,0.00000000,847.59921446
LITEUSDT,EQUITY,1782345600002,0.00000000,869.02140744
LITEUSDT,EQUITY,1782374400001,0.00000000,871.19000000
LITEUSDT,EQUITY,1782403200001,0.00002237,841.49000000
LITEUSDT,EQUITY,1782432000001,0.00000000,855.82000000
LITEUSDT,EQUITY,1782460800002,0.00000000,838.26000000
LITEUSDT,EQUITY,1782489600001,0.00000000,794.55000000
LITEUSDT,EQUITY,1782518400001,0.00000000,812.42410949
LITEUSDT,EQUITY,1782547200001,0.00000000,813.34000000
LITEUSDT,EQUITY,1782576000001,0.00000000,813.11000000
LITEUSDT,EQUITY,1782604800002,0.00000000,810.60189423
LITEUSDT,EQUITY,1782633600002,0.00000000,813.62000000
LITEUSDT,EQUITY,1782662400001,0.00000000,809.54703479
LITEUSDT,EQUITY,1782691200001,0.00000000,813.49793408
LITEUSDT,EQUITY,1782720000001,0.00000489,820.16000000
LITEUSDT,EQUITY,1782748800001,0.00000000,816.98000000
LITEUSDT,EQUITY,1782777600000,0.00076265,847.39000000
LITEUSDT,EQUITY,1782806400000,0.00000000,849.16188508
LITEUSDT,EQUITY,1782835200001,0.00000000,855.85227533
LITEUSDT,EQUITY,1782864000000,0.00021658,857.76000000
LITEUSDT,EQUITY,1782892800001,0.00000000,844.54000000
LITEUSDT,EQUITY,1782921600001,0.00000000,805.42000000
LITEUSDT,EQUITY,1782950400000,0.00018010,798.53564608
LITEUSDT,EQUITY,1782979200001,0.00000000,780.26870864
LITEUSDT,EQUITY,1783008000001,0.00000000,740.75000000
LITEUSDT,EQUITY,1783036800001,0.00006809,726.05680156
LITEUSDT,EQUITY,1783065600001,0.00061060,745.09377001
LITEUSDT,EQUITY,1783094400001,0.00000000,752.89000000
LITEUSDT,EQUITY,1783123200001,0.00000000,752.79000000
LITEUSDT,EQUITY,1783152000001,0.00000000,759.49992569
LITEUSDT,EQUITY,1783180800001,0.00000000,758.82000000
LITEUSDT,EQUITY,1783209600002,0.00000000,760.96547876
LITEUSDT,EQUITY,1783238400001,0.00000000,760.00000000
LITEUSDT,EQUITY,1783267200001,0.00000000,758.81000000
LITEUSDT,EQUITY,1783296000001,0.00000000,756.28000000
LITEUSDT,EQUITY,1783324800001,0.00000000,734.65707750
LITEUSDT,EQUITY,1783353600001,0.00000000,736.05000000
LITEUSDT,EQUITY,1783382400001,0.00000000,725.18131308
LITEUSDT,EQUITY,1783411200001,0.00000000,715.04000000
LITEUSDT,EQUITY,1783440000001,0.00000000,696.05959368
LITEUSDT,EQUITY,1783468800002,0.00000490,689.26558902
LITEUSDT,EQUITY,1783497600001,0.00000000,692.51484348
LITEUSDT,EQUITY,1783526400001,0.00000000,686.47094412
LITEUSDT,EQUITY,1783555200001,0.00000000,709.63000000
LITEUSDT,EQUITY,1783584000001,0.00000000,725.88526726
LITEUSDT,EQUITY,1783612800001,0.00001375,792.00000000
LITEUSDT,EQUITY,1783641600001,0.00000000,793.55683232
LITEUSDT,EQUITY,1783670400001,0.00000000,772.74006763
LITEUSDT,EQUITY,1783699200001,0.00000000,769.79301887
LITEUSDT,EQUITY,1783728000001,0.00034472,804.93393877
LITEUSDT,EQUITY,1783756800001,0.00000000,798.50713361
LITEUSDT,EQUITY,1783785600001,0.00000000,794.18186934
LITEUSDT,EQUITY,1783814400001,0.00000000,794.44000000
LITEUSDT,EQUITY,1783843200001,0.00000000,793.73000000
LITEUSDT,EQUITY,1783872000001,0.00000000,796.01000000
LITEUSDT,EQUITY,1783900800001,0.00000000,789.18000000
LITEUSDT,EQUITY,1783929600001,0.00000000,767.98163973
LITEUSDT,EQUITY,1783958400001,0.00000000,786.89243824
LITEUSDT,EQUITY,1783987200002,0.00000000,764.11681743
LITEUSDT,EQUITY,1784016000001,0.00001271,790.14084346
LITEUSDT,EQUITY,1784044800001,0.00000000,815.49574967
LITEUSDT,EQUITY,1784073600001,0.00053432,818.39505999
LITEUSDT,EQUITY,1784102400001,0.00000000,825.86578242
LITEUSDT,EQUITY,1784131200001,0.00000000,739.96000000
LITEUSDT,EQUITY,1784160000001,0.00000000,748.24773495
LITEUSDT,EQUITY,1784188800002,0.00000000,735.42087075
LITEUSDT,EQUITY,1784217600001,0.00000000,702.71000000
LITEUSDT,EQUITY,1784246400001,0.00000000,695.20706497
LITEUSDT,EQUITY,1784275200001,0.00010623,672.35000000
LITEUSDT,EQUITY,1784304000001,0.00000000,735.77000000
LITEUSDT,EQUITY,1784332800001,0.00000000,727.73000000
LITEUSDT,EQUITY,1784361600001,0.00000000,728.54000000
LITEUSDT,EQUITY,1784390400001,0.00000000,724.82905335
LITEUSDT,EQUITY,1784419200001,-0.00005729,710.43000000
LITEUSDT,EQUITY,1784448000001,0.00000000,717.85579465
LITEUSDT,EQUITY,1784476800001,0.00013944,728.71236817
LITEUSDT,EQUITY,1784505600002,0.00000000,739.71000000
LITEUSDT,EQUITY,1784534400001,0.00000000,750.91000000
LITEUSDT,EQUITY,1784563200001,0.00000000,790.51946484
LITEUSDT,EQUITY,1784592000001,-0.00036486,772.25186879
LITEUSDT,EQUITY,1784620800001,0.00000000,797.41116364
LITEUSDT,EQUITY,1784649600000,0.00000000,825.46180449
LITEUSDT,EQUITY,1784678400000,0.00000000,844.07000000
LITEUSDT,EQUITY,1784707200001,0.00000000,814.61472282
ORCLUSDT,EQUITY,1779465600001,0.00023673,192.95000000
ORCLUSDT,EQUITY,1779494400001,0.00000000,190.93000000
ORCLUSDT,EQUITY,1779523200001,0.00000000,190.37388651
ORCLUSDT,EQUITY,1779552000001,0.00008160,192.55000000
ORCLUSDT,EQUITY,1779580800001,0.00019333,195.76501533
ORCLUSDT,EQUITY,1779609600001,0.00000000,194.57291621
ORCLUSDT,EQUITY,1779638400001,0.00000000,194.51817338
ORCLUSDT,EQUITY,1779667200001,0.00000000,194.28000000
ORCLUSDT,EQUITY,1779696000001,0.00000000,195.46000000
ORCLUSDT,EQUITY,1779724800001,0.00000000,195.63983713
ORCLUSDT,EQUITY,1779753600001,0.00000000,195.15208685
ORCLUSDT,EQUITY,1779782400001,0.00001886,193.43104839
ORCLUSDT,EQUITY,1779811200001,0.00031179,191.95540605
ORCLUSDT,EQUITY,1779840000001,0.00009702,192.50165393
ORCLUSDT,EQUITY,1779868800001,0.00000000,192.57921274
ORCLUSDT,EQUITY,1779897600001,0.00000000,188.71000000
ORCLUSDT,EQUITY,1779926400001,0.00044221,191.78440395
ORCLUSDT,EQUITY,1779955200001,0.00000000,193.19277867
ORCLUSDT,EQUITY,1779984000001,0.00033405,202.64176424
ORCLUSDT,EQUITY,1780012800001,0.00023118,210.99547084
ORCLUSDT,EQUITY,1780041600001,0.00028086,211.42923203
ORCLUSDT,EQUITY,1780070400001,0.00043408,220.63889102
ORCLUSDT,EQUITY,1780099200001,0.00021035,226.31531515
ORCLUSDT,EQUITY,1780128000001,0.00000000,228.67898741
ORCLUSDT,EQUITY,1780156800001,0.00000000,229.60000000
ORCLUSDT,EQUITY,1780185600001,0.00002708,231.25215864
ORCLUSDT,EQUITY,1780214400001,0.00023904,233.07000000
ORCLUSDT,EQUITY,1780243200001,0.00000000,234.69473356
ORCLUSDT,EQUITY,1780272000001,0.00000000,234.18689720
ORCLUSDT,EQUITY,1780300800001,0.00137894,232.59000000
ORCLUSDT,EQUITY,1780329600001,0.00055904,243.08000000
ORCLUSDT,EQUITY,1780358400001,0.00022291,242.28935764
ORCLUSDT,EQUITY,1780387200001,0.00041358,243.68762613
ORCLUSDT,EQUITY,1780416000001,0.00013878,243.56885231
ORCLUSDT,EQUITY,1780444800001,0.00000000,239.70000000
ORCLUSDT,EQUITY,1780473600001,0.00029296,240.27000000
ORCLUSDT,EQUITY,1780502400001,0.00003143,230.93094562
ORCLUSDT,EQUITY,1780531200001,0.00000000,219.89507279
ORCLUSDT,EQUITY,1780560000001,0.00000000,225.75000000
ORCLUSDT,EQUITY,1780588800001,0.00000000,233.45261055
ORCLUSDT,EQUITY,1780617600001,0.00000000,234.27529917
ORCLUSDT,EQUITY,1780646400001,0.00000000,231.57292784
ORCLUSDT,EQUITY,1780675200001,0.00000000,218.16000000
ORCLUSDT,EQUITY,1780704000001,0.00000000,210.08352677
ORCLUSDT,EQUITY,1780732800001,-0.00039742,205.95000000
ORCLUSDT,EQUITY,1780761600001,0.00039627,211.96973093
ORCLUSDT,EQUITY,1780790400002,0.00000000,214.24943655
ORCLUSDT,EQUITY,1780819200001,0.00000000,215.05784653
ORCLUSDT,EQUITY,1780848000001,0.00000000,214.05178797
ORCLUSDT,EQUITY,1780876800001,0.00000000,214.38000000
ORCLUSDT,EQUITY,1780905600001,0.00000000,215.88000000
ORCLUSDT,EQUITY,1780934400001,0.00000000,213.07338037
ORCLUSDT,EQUITY,1780963200001,0.00000000,211.58037663
ORCLUSDT,EQUITY,1780992000001,0.00000000,213.92000000
ORCLUSDT,EQUITY,1781020800001,0.00021961,202.52488683
ORCLUSDT,EQUITY,1781049600001,0.00000000,206.45000000
ORCLUSDT,EQUITY,1781078400001,0.00000000,201.75741489
ORCLUSDT,EQUITY,1781107200001,0.00000000,206.62000000
ORCLUSDT,EQUITY,1781136000001,0.00000000,180.67000000
ORCLUSDT,EQUITY,1781164800001,0.00000000,179.85000000
ORCLUSDT,EQUITY,1781193600001,0.00008608,177.64000000
ORCLUSDT,EQUITY,1781222400001,0.00000000,184.34641495
ORCLUSDT,EQUITY,1781251200001,0.00000000,182.56000000
ORCLUSDT,EQUITY,1781280000001,0.00001539,180.88947996
ORCLUSDT,EQUITY,1781308800001,0.00028100,183.93000000
ORCLUSDT,EQUITY,1781337600001,0.00000000,184.26598085
ORCLUSDT,EQUITY,1781366400001,0.00000000,184.70746437
ORCLUSDT,EQUITY,1781395200001,0.00000000,185.06000000
ORCLUSDT,EQUITY,1781424000001,0.00000000,185.58302080
ORCLUSDT,EQUITY,1781452800001,0.00000000,187.77995815
ORCLUSDT,EQUITY,1781481600001,0.00000000,189.70451645
ORCLUSDT,EQUITY,1781510400002,0.00029174,188.79880205
ORCLUSDT,EQUITY,1781539200001,0.00000000,194.35331880
ORCLUSDT,EQUITY,1781568000001,0.00000000,191.79334722
ORCLUSDT,EQUITY,1781596800001,0.00000000,192.92586865
ORCLUSDT,EQUITY,1781625600001,0.00000000,189.96550178
ORCLUSDT,EQUITY,1781654400001,0.00000000,186.86000000
ORCLUSDT,EQUITY,1781683200001,0.00032649,188.59944907
ORCLUSDT,EQUITY,1781712000001,0.00003193,188.74000000
ORCLUSDT,EQUITY,1781740800001,0.00000000,185.59643440
ORCLUSDT,EQUITY,1781769600001,0.00010900,186.11000000
ORCLUSDT,EQUITY,1781798400001,0.00000000,185.32556838
ORCLUSDT,EQUITY,1781827200001,0.00000000,183.97500532
ORCLUSDT,EQUITY,1781856000001,0.00000000,183.12746802
ORCLUSDT,EQUITY,1781884800001,0.00000000,184.03000000
ORCLUSDT,EQUITY,1781913600001,0.00000000,185.55273964
ORCLUSDT,EQUITY,1781942400001,0.00000000,185.22561101
ORCLUSDT,EQUITY,1781971200001,0.00000000,185.35560437
ORCLUSDT,EQUITY,1782000000001,0.00000000,185.31812935
ORCLUSDT,EQUITY,1782028800001,0.00000000,185.39678517
ORCLUSDT,EQUITY,1782057600001,0.00000000,185.30006061
ORCLUSDT,EQUITY,1782086400001,-0.00027917,183.00000000
ORCLUSDT,EQUITY,1782115200001,0.00034363,182.51000000
ORCLUSDT,EQUITY,1782144000001,0.00022251,177.24239632
ORCLUSDT,EQUITY,1782172800001,0.00016883,175.62548338
ORCLUSDT,EQUITY,1782201600002,0.00002132,170.31774941
ORCLUSDT,EQUITY,1782230400001,0.00000000,169.60000000
ORCLUSDT,EQUITY,1782259200001,0.00005868,165.79221787
ORCLUSDT,EQUITY,1782288000001,0.00004336,165.71000000
ORCLUSDT,EQUITY,1782316800001,0.00000000,159.06000000
ORCLUSDT,EQUITY,1782345600002,0.00032288,159.57000000
ORCLUSDT,EQUITY,1782374400001,0.00030972,160.42924343
ORCLUSDT,EQUITY,1782403200001,0.00014277,152.35000000
ORCLUSDT,EQUITY,1782432000001,0.00001175,151.65000000
ORCLUSDT,EQUITY,1782460800002,0.00000000,150.04000000
ORCLUSDT,EQUITY,1782489600001,0.00000000,151.68000000
ORCLUSDT,EQUITY,1782518400001,0.00000000,149.17427636
ORCLUSDT,EQUITY,1782547200001,0.00000000,150.14503075
ORCLUSDT,EQUITY,1782576000001,0.00000000,150.35530422
ORCLUSDT,EQUITY,1782604800002,0.00000000,150.01602747
ORCLUSDT,EQUITY,1782633600002,0.00000000,149.98460797
ORCLUSDT,EQUITY,1782662400001,0.00000000,150.16899357
ORCLUSDT,EQUITY,1782691200001,0.00000000,150.28714761
ORCLUSDT,EQUITY,1782720000001,0.00029106,151.47728220
ORCLUSDT,EQUITY,1782748800001,0.00022177,149.12000000
ORCLUSDT,EQUITY,1782777600000,0.00056819,148.78939287
ORCLUSDT,EQUITY,1782806400000,0.00032701,149.60000000
ORCLUSDT,EQUITY,1782835200001,0.00028877,145.67000000
ORCLUSDT,EQUITY,1782864000000,0.00042515,147.05000000
ORCLUSDT,EQUITY,1782892800001,0.00011963,147.21000000
ORCLUSDT,EQUITY,1782921600001,0.00033207,145.51000000
ORCLUSDT,EQUITY,1782950400000,0.00021612,143.51000000
ORCLUSDT,EQUITY,1782979200001,0.00023159,143.37498815
ORCLUSDT,EQUITY,1783008000001,0.00015314,141.37000000
ORCLUSDT,EQUITY,1783036800001,0.00044536,141.15286196
ORCLUSDT,EQUITY,1783065600001,0.00000000,141.44306993
ORCLUSDT,EQUITY,1783094400001,0.00000000,141.82014423
ORCLUSDT,EQUITY,1783123200001,0.00000000,142.00258639
ORCLUSDT,EQUITY,1783152000001,0.00000000,142.71000000
ORCLUSDT,EQUITY,1783180800001,0.00000000,143.16000000
ORCLUSDT,EQUITY,1783209600002,0.00000000,143.33598154
ORCLUSDT,EQUITY,1783238400001,0.00000000,143.78000000
ORCLUSDT,EQUITY,1783267200001,0.00000000,144.06553924
ORCLUSDT,EQUITY,1783296000001,0.00000000,144.09947281
ORCLUSDT,EQUITY,1783324800001,0.00030806,143.86469906
ORCLUSDT,EQUITY,1783353600001,0.00017321,142.63000000
ORCLUSDT,EQUITY,1783382400001,0.00000000,143.60000000
ORCLUSDT,EQUITY,1783411200001,0.00021945,143.85547215
ORCLUSDT,EQUITY,1783440000001,0.00015343,140.11393188
ORCLUSDT,EQUITY,1783468800002,0.00032070,140.40000000
ORCLUSDT,EQUITY,1783497600001,0.00020974,141.55000000
ORCLUSDT,EQUITY,1783526400001,0.00000422,138.07498834
ORCLUSDT,EQUITY,1783555200001,0.00039642,141.34000000
ORCLUSDT,EQUITY,1783584000001,0.00036569,142.54258285
ORCLUSDT,EQUITY,1783612800001,0.00019816,146.40259584
ORCLUSDT,EQUITY,1783627200001,0.00002394,144.36000000
ORCLUSDT,EQUITY,1783630800002,0.00001036,144.87000000
ORCLUSDT,EQUITY,1783634400001,0.00000000,144.68000000
ORCLUSDT,EQUITY,1783638000001,0.00005021,145.04515765
ORCLUSDT,EQUITY,1783641600001,0.00009822,144.91000000
ORCLUSDT,EQUITY,1783641601001,-0.00345042,144.91000000
ORCLUSDT,EQUITY,1783670400001,0.00003590,144.60000000
ORCLUSDT,EQUITY,1783699200001,0.00024249,141.38706379
ORCLUSDT,EQUITY,1783728000001,0.00022472,140.91382126
ORCLUSDT,EQUITY,1783756800001,0.00000000,142.11000000
ORCLUSDT,EQUITY,1783785600001,0.00000000,141.12000000
ORCLUSDT,EQUITY,1783814400001,0.00000000,141.91000000
ORCLUSDT,EQUITY,1783843200001,0.00000000,142.23628652
ORCLUSDT,EQUITY,1783872000001,0.00000000,141.71963785
ORCLUSDT,EQUITY,1783900800001,0.00000000,140.69000000
ORCLUSDT,EQUITY,1783929600001,0.00005092,139.58216532
ORCLUSDT,EQUITY,1783958400001,0.00019503,135.43485154
ORCLUSDT,EQUITY,1783987200002,0.00029425,131.46000000
ORCLUSDT,EQUITY,1784016000001,0.00031855,132.89000000
ORCLUSDT,EQUITY,1784044800001,0.00019706,128.82283079
ORCLUSDT,EQUITY,1784073600001,0.00024714,129.10000000
ORCLUSDT,EQUITY,1784102400001,0.00024551,129.10000000
ORCLUSDT,EQUITY,1784131200001,0.00015643,131.97651637
ORCLUSDT,EQUITY,1784160000001,0.00006414,133.10000000
ORCLUSDT,EQUITY,1784188800002,0.00013758,132.47845192
ORCLUSDT,EQUITY,1784217600001,0.00000000,126.61000000
ORCLUSDT,EQUITY,1784246400001,0.00000000,123.78000000
ORCLUSDT,EQUITY,1784275200001,0.00000000,121.86288332
ORCLUSDT,EQUITY,1784304000001,0.00000000,126.99039343
ORCLUSDT,EQUITY,1784332800001,0.00000000,126.57734790
ORCLUSDT,EQUITY,1784361600001,0.00000000,126.37443371
ORCLUSDT,EQUITY,1784390400001,0.00000000,126.53000000
ORCLUSDT,EQUITY,1784419200001,0.00000000,125.99000000
ORCLUSDT,EQUITY,1784448000001,0.00000000,126.51000000
ORCLUSDT,EQUITY,1784476800001,0.00000000,127.05993272
ORCLUSDT,EQUITY,1784505600002,0.00000000,127.15000000
ORCLUSDT,EQUITY,1784534400001,0.00000000,127.66126442
ORCLUSDT,EQUITY,1784563200001,0.00000000,122.00000000
ORCLUSDT,EQUITY,1784592000001,0.00000000,121.82084632
ORCLUSDT,EQUITY,1784620800001,0.00002164,123.05217639
ORCLUSDT,EQUITY,1784649600000,0.00000000,125.19605880
ORCLUSDT,EQUITY,1784678400000,0.00000000,128.04000000
ORCLUSDT,EQUITY,1784707200001,0.00000000,126.69675405
DISUSDT,EQUITY,1779465600001,0.00040730,103.57000000
DISUSDT,EQUITY,1779494400001,0.00220024,102.16177419
DISUSDT,EQUITY,1779523200001,0.00000000,102.36587332
DISUSDT,EQUITY,1779552000001,0.00000000,103.90000000
DISUSDT,EQUITY,1779580800001,0.00000000,103.71000000
DISUSDT,EQUITY,1779609600001,0.00000000,103.78000000
DISUSDT,EQUITY,1779638400001,0.00000000,103.82468187
DISUSDT,EQUITY,1779667200001,0.00000000,104.04158854
DISUSDT,EQUITY,1779696000001,0.00000000,103.59460652
DISUSDT,EQUITY,1779724800001,0.00037877,105.74010932
DISUSDT,EQUITY,1779753600001,0.00000000,105.39069070
DISUSDT,EQUITY,1779782400001,0.00016172,103.74645161
DISUSDT,EQUITY,1779811200001,0.00000000,102.87000000
DISUSDT,EQUITY,1779840000001,0.00000000,103.27000000
DISUSDT,EQUITY,1779868800001,0.00000000,103.51000000
DISUSDT,EQUITY,1779897600001,0.00076273,103.65000000
DISUSDT,EQUITY,1779926400001,0.00462410,103.53596774
DISUSDT,EQUITY,1779955200001,0.00000000,104.13133333
DISUSDT,EQUITY,1779984000001,0.00000000,103.94252927
DISUSDT,EQUITY,1780012800001,0.00000000,103.68000000
DISUSDT,EQUITY,1780041600001,0.00000000,103.64000000
DISUSDT,EQUITY,1780070400001,-0.00092069,102.93039097
DISUSDT,EQUITY,1780099200001,0.00058904,102.02000000
DISUSDT,EQUITY,1780128000001,0.00000000,102.13000000
DISUSDT,EQUITY,1780156800001,0.00000000,102.16488862
DISUSDT,EQUITY,1780185600001,0.00000000,102.83000000
DISUSDT,EQUITY,1780214400001,0.00000000,102.47975812
DISUSDT,EQUITY,1780243200001,0.00000000,102.97164320
DISUSDT,EQUITY,1780272000001,0.00000000,103.24507872
DISUSDT,EQUITY,1780300800001,0.00000000,101.97000000
DISUSDT,EQUITY,1780329600001,0.00000000,101.82000000
DISUSDT,EQUITY,1780358400001,0.00276719,102.10000000
DISUSDT,EQUITY,1780387200001,0.00000000,102.69306452
DISUSDT,EQUITY,1780416000001,0.00048085,101.10971048
DISUSDT,EQUITY,1780444800001,0.00073744,101.33935484
DISUSDT,EQUITY,1780473600001,0.00000000,101.64000000
DISUSDT,EQUITY,1780502400001,0.00000000,99.68000000
DISUSDT,EQUITY,1780531200001,0.00000000,99.65387097
DISUSDT,EQUITY,1780560000001,0.00000000,99.84000000
DISUSDT,EQUITY,1780588800001,0.00000000,100.34000000
DISUSDT,EQUITY,1780617600001,0.00000000,99.32726439
DISUSDT,EQUITY,1780646400001,0.00000000,99.63000000
DISUSDT,EQUITY,1780675200001,0.00000000,99.30991628
DISUSDT,EQUITY,1780704000001,0.00031063,99.77896531
DISUSDT,EQUITY,1780732800001,0.00000000,99.75556136
DISUSDT,EQUITY,1780761600001,0.00000000,99.33000000
DISUSDT,EQUITY,1780790400002,0.00000000,99.24000000
DISUSDT,EQUITY,1780819200001,0.00000000,100.15999302
DISUSDT,EQUITY,1780848000001,0.00000000,99.78000000
DISUSDT,EQUITY,1780876800001,0.00000000,99.48606702
DISUSDT,EQUITY,1780905600001,0.00000000,99.55248576
DISUSDT,EQUITY,1780934400001,0.00000000,99.12959209
DISUSDT,EQUITY,1780963200001,-0.00030286,98.92000000
DISUSDT,EQUITY,1780992000001,0.00000000,99.18806452
DISUSDT,EQUITY,1781020800001,-0.00104539,99.28000000
DISUSDT,EQUITY,1781049600001,-0.00036400,99.34000000
DISUSDT,EQUITY,1781078400001,0.00000000,99.32000000
DISUSDT,EQUITY,1781107200001,0.00000000,99.51215313
DISUSDT,EQUITY,1781136000001,0.00000000,98.63000000
DISUSDT,EQUITY,1781164800001,0.00000000,98.96962722
DISUSDT,EQUITY,1781193600001,0.00000000,98.52215718
DISUSDT,EQUITY,1781222400001,0.00000000,100.19000000
DISUSDT,EQUITY,1781251200001,0.00000000,100.62000000
DISUSDT,EQUITY,1781280000001,0.00008773,100.09382848
DISUSDT,EQUITY,1781308800001,0.00071498,100.06000000
DISUSDT,EQUITY,1781337600001,0.00000000,100.45138423
DISUSDT,EQUITY,1781366400001,0.00000000,100.89061000
DISUSDT,EQUITY,1781395200001,0.00000000,101.62000000
DISUSDT,EQUITY,1781424000001,0.00000000,101.43487962
DISUSDT,EQUITY,1781452800001,0.00000000,101.52581547
DISUSDT,EQUITY,1781481600001,0.00000000,101.28646434
DISUSDT,EQUITY,1781510400002,0.00000000,100.94000000
DISUSDT,EQUITY,1781539200001,0.00000000,102.18961220
DISUSDT,EQUITY,1781568000001,0.00000000,101.75000000
DISUSDT,EQUITY,1781596800001,0.00000000,101.63019231
DISUSDT,EQUITY,1781625600001,0.00000000,101.06913531
DISUSDT,EQUITY,1781654400001,0.00033282,101.21580645
DISUSDT,EQUITY,1781683200001,0.00000000,101.21709677
DISUSDT,EQUITY,1781712000001,0.00000000,101.96121609
DISUSDT,EQUITY,1781740800001,-0.00015648,101.25952469
DISUSDT,EQUITY,1781769600001,0.00000000,101.02722114
DISUSDT,EQUITY,1781798400001,0.00000000,102.82777904
DISUSDT,EQUITY,1781827200001,0.00016532,103.63031853
DISUSDT,EQUITY,1781856000001,0.00000000,103.14517193
DISUSDT,EQUITY,1781884800001,0.00000000,104.16593960
DISUSDT,EQUITY,1781913600001,0.00000000,104.60000000
DISUSDT,EQUITY,1781942400001,0.00000000,104.42490016
DISUSDT,EQUITY,1781971200001,0.00000000,104.28180604
DISUSDT,EQUITY,1782000000001,0.00000000,104.07731230
DISUSDT,EQUITY,1782028800001,0.00000000,103.57569770
DISUSDT,EQUITY,1782057600001,0.00000000,103.26550837
DISUSDT,EQUITY,1782086400001,0.00000000,103.47175246
DISUSDT,EQUITY,1782115200001,0.00000000,103.81000000
DISUSDT,EQUITY,1782144000001,0.00000000,102.81000000
DISUSDT,EQUITY,1782172800001,0.00000000,102.52498786
DISUSDT,EQUITY,1782201600002,0.00000000,101.76541301
DISUSDT,EQUITY,1782230400001,0.00002646,103.39881666
DISUSDT,EQUITY,1782259200001,0.00000000,103.53496979
DISUSDT,EQUITY,1782288000001,0.00000000,103.43000000
DISUSDT,EQUITY,1782316800001,0.00000000,103.45058459
DISUSDT,EQUITY,1782345600002,0.00000000,100.98052315
DISUSDT,EQUITY,1782374400001,0.00000000,101.45329575
DISUSDT,EQUITY,1782403200001,0.00000000,100.37458980
DISUSDT,EQUITY,1782432000001,0.00000000,98.37500047
DISUSDT,EQUITY,1782460800002,0.00000000,98.16902161
DISUSDT,EQUITY,1782489600001,0.00000000,99.05606275
DISUSDT,EQUITY,1782518400001,0.00000000,98.94000270
DISUSDT,EQUITY,1782547200001,0.00000000,98.59000000
DISUSDT,EQUITY,1782576000001,0.00000000,98.13997553
DISUSDT,EQUITY,1782604800002,0.00000000,97.83000000
DISUSDT,EQUITY,1782633600002,0.00000000,97.46000000
DISUSDT,EQUITY,1782662400001,0.00000000,97.95571700
DISUSDT,EQUITY,1782691200001,0.00000000,97.57404557
DISUSDT,EQUITY,1782720000001,0.00000000,99.12034084
DISUSDT,EQUITY,1782748800001,0.00000000,98.89083617
DISUSDT,EQUITY,1782763200001,0.00000000,98.55569385
DISUSDT,EQUITY,1782766800001,0.00000000,98.74980867
DISUSDT,EQUITY,1782770400001,0.00000000,98.93953891
DISUSDT,EQUITY,1782774000000,0.00000000,98.78527623
DISUSDT,EQUITY,1782777600000,0.00000000,98.79556180
DISUSDT,EQUITY,1782777601001,-0.00759047,98.80814604
DISUSDT,EQUITY,1782806400000,0.00000000,98.35470645
DISUSDT,EQUITY,1782835200001,0.00000000,96.85693614
DISUSDT,EQUITY,1782864000000,0.00000000,96.42937199
DISUSDT,EQUITY,1782892800001,0.00000000,96.45000000
DISUSDT,EQUITY,1782921600001,0.00000000,97.01896446
DISUSDT,EQUITY,1782950400000,0.00000000,95.92000569
DISUSDT,EQUITY,1782979200001,0.00000000,96.12902437
DISUSDT,EQUITY,1783008000001,0.00000000,97.38000000
DISUSDT,EQUITY,1783036800001,0.00000000,99.26000000
DISUSDT,EQUITY,1783065600001,0.00000000,98.62745463
DISUSDT,EQUITY,1783094400001,0.00000000,98.13478362
DISUSDT,EQUITY,1783123200001,0.00000000,98.24707077
DISUSDT,EQUITY,1783152000001,0.00000000,98.70484596
DISUSDT,EQUITY,1783180800001,0.00000000,98.31980072
DISUSDT,EQUITY,1783209600002,0.00000000,98.10641879
DISUSDT,EQUITY,1783238400001,0.00000000,98.09516521
DISUSDT,EQUITY,1783267200001,0.00000000,98.15680481
DISUSDT,EQUITY,1783296000001,0.00000000,98.05421898
DISUSDT,EQUITY,1783324800001,0.00000000,99.38000000
DISUSDT,EQUITY,1783353600001,0.00000000,97.64188730
DISUSDT,EQUITY,1783382400001,0.00000000,97.60038927
DISUSDT,EQUITY,1783411200001,0.00000000,97.68525764
DISUSDT,EQUITY,1783440000001,0.00000000,97.87000000
DISUSDT,EQUITY,1783468800002,0.00000000,97.36000000
DISUSDT,EQUITY,1783497600001,0.00000000,97.26000000
DISUSDT,EQUITY,1783526400001,0.00000000,97.04795561
DISUSDT,EQUITY,1783555200001,0.00000000,97.12000000
DISUSDT,EQUITY,1783584000001,0.00000000,96.78974832
DISUSDT,EQUITY,1783612800001,0.00000000,96.13000000
DISUSDT,EQUITY,1783641600001,0.00000000,96.01496079
DISUSDT,EQUITY,1783670400001,0.00000000,96.05178987
DISUSDT,EQUITY,1783699200001,0.00000000,96.00000000
DISUSDT,EQUITY,1783728000001,0.00000000,95.72000000
DISUSDT,EQUITY,1783756800001,0.00000000,95.99491672
DISUSDT,EQUITY,1783785600001,0.00000000,95.24000000
DISUSDT,EQUITY,1783814400001,0.00000000,95.80038329
DISUSDT,EQUITY,1783843200001,0.00000000,94.83000000
DISUSDT,EQUITY,1783872000001,0.00000000,95.02439892
DISUSDT,EQUITY,1783900800001,0.00000000,94.91000000
DISUSDT,EQUITY,1783929600001,0.00000000,95.40960255
DISUSDT,EQUITY,1783958400001,0.00000000,97.21996539
DISUSDT,EQUITY,1783987200002,0.00000000,96.14501428
DISUSDT,EQUITY,1784016000001,0.00000000,95.85042901
DISUSDT,EQUITY,1784044800001,0.00000000,95.96805900
DISUSDT,EQUITY,1784073600001,0.00000000,96.14138363
DISUSDT,EQUITY,1784102400001,0.00000000,95.75000000
DISUSDT,EQUITY,1784131200001,0.00000000,97.38324645
DISUSDT,EQUITY,1784160000001,0.00000000,97.07000000
DISUSDT,EQUITY,1784188800002,0.00000000,97.07784032
DISUSDT,EQUITY,1784217600001,0.00000000,98.64195163
DISUSDT,EQUITY,1784246400001,0.00000000,99.25913736
DISUSDT,EQUITY,1784275200001,0.00000000,99.02000000
DISUSDT,EQUITY,1784304000001,0.00000000,97.99561129
DISUSDT,EQUITY,1784332800001,0.00000000,97.67471074
DISUSDT,EQUITY,1784361600001,0.00000000,97.17927096
DISUSDT,EQUITY,1784390400001,0.00000000,96.05778230
DISUSDT,EQUITY,1784419200001,0.00000000,95.58000000
DISUSDT,EQUITY,1784448000001,0.00000000,95.58006066
DISUSDT,EQUITY,1784476800001,0.00000000,95.52948181
DISUSDT,EQUITY,1784505600002,0.00000000,95.64396095
DISUSDT,EQUITY,1784534400001,0.00000000,97.55000000
DISUSDT,EQUITY,1784563200001,0.00000000,96.73024991
DISUSDT,EQUITY,1784592000001,0.00000000,96.54284143
DISUSDT,EQUITY,1784620800001,0.00000000,96.45801712
DISUSDT,EQUITY,1784649600000,0.00000000,96.52583422
DISUSDT,EQUITY,1784678400000,0.00000000,96.35605835
DISUSDT,EQUITY,1784707200001,0.00000000,96.06188609
UBERUSDT,EQUITY,1779465600001,0.00000000,73.26882998
UBERUSDT,EQUITY,1779494400001,0.00000000,71.89438462
UBERUSDT,EQUITY,1779523200001,0.00000000,71.82000000
UBERUSDT,EQUITY,1779552000001,0.00000000,72.14495894
UBERUSDT,EQUITY,1779580800001,0.00000000,72.88000000
UBERUSDT,EQUITY,1779609600001,0.00000000,72.71000000
UBERUSDT,EQUITY,1779638400001,0.00000000,72.62509478
UBERUSDT,EQUITY,1779667200001,0.00000000,72.78525920
UBERUSDT,EQUITY,1779696000001,0.00000000,72.90519435
UBERUSDT,EQUITY,1779724800001,0.00000000,72.98138262
UBERUSDT,EQUITY,1779753600001,0.00000000,73.01000000
UBERUSDT,EQUITY,1779782400001,0.00000000,72.29016129
UBERUSDT,EQUITY,1779811200001,0.00000000,70.60494169
UBERUSDT,EQUITY,1779840000001,0.00000000,70.23500000
UBERUSDT,EQUITY,1779868800001,0.00000000,70.42000000
UBERUSDT,EQUITY,1779897600001,0.00000000,70.59000000
UBERUSDT,EQUITY,1779926400001,0.00000000,70.89000000
UBERUSDT,EQUITY,1779955200001,0.00000000,70.63766667
UBERUSDT,EQUITY,1779984000001,0.00000000,70.20000000
UBERUSDT,EQUITY,1780012800001,0.00000000,70.92966501
UBERUSDT,EQUITY,1780041600001,0.00000000,70.93596774
UBERUSDT,EQUITY,1780070400001,0.00000000,71.96680069
UBERUSDT,EQUITY,1780099200001,0.00000000,70.64000000
UBERUSDT,EQUITY,1780128000001,0.00000000,70.99499882
UBERUSDT,EQUITY,1780156800001,0.00000000,71.02669155
UBERUSDT,EQUITY,1780185600001,0.00000000,70.84670847
UBERUSDT,EQUITY,1780214400001,0.00000000,71.08000000
UBERUSDT,EQUITY,1780243200001,0.00000000,71.14454048
UBERUSDT,EQUITY,1780272000001,0.00000000,71.24373895
UBERUSDT,EQUITY,1780300800001,0.00000000,71.34370968
UBERUSDT,EQUITY,1780329600001,0.00000000,74.20580402
UBERUSDT,EQUITY,1780358400001,0.00000000,73.71000000
UBERUSDT,EQUITY,1780387200001,0.00000000,73.89000000
UBERUSDT,EQUITY,1780416000001,0.00000000,72.34229913
UBERUSDT,EQUITY,1780444800001,0.00000000,71.60200000
UBERUSDT,EQUITY,1780473600001,0.00000000,71.61727323
UBERUSDT,EQUITY,1780502400001,0.00000000,70.43925012
UBERUSDT,EQUITY,1780531200001,0.00000000,71.38000000
UBERUSDT,EQUITY,1780560000001,0.00000000,71.76658142
UBERUSDT,EQUITY,1780588800001,0.00000000,73.05514428
UBERUSDT,EQUITY,1780617600001,0.00000000,72.24470588
UBERUSDT,EQUITY,1780646400001,0.00000000,72.14000000
UBERUSDT,EQUITY,1780675200001,0.00000000,70.54870905
UBERUSDT,EQUITY,1780704000001,0.00000000,70.49035000
UBERUSDT,EQUITY,1780732800001,0.00000000,70.05516105
UBERUSDT,EQUITY,1780761600001,0.00000000,70.60014790
UBERUSDT,EQUITY,1780790400002,0.00000000,70.73010715
UBERUSDT,EQUITY,1780819200001,0.00000000,71.17490165
UBERUSDT,EQUITY,1780848000001,0.00000000,70.96482626
UBERUSDT,EQUITY,1780876800001,0.00000000,70.79563421
UBERUSDT,EQUITY,1780905600001,0.00000000,70.82110297
UBERUSDT,EQUITY,1780934400001,0.00000000,70.58105602
UBERUSDT,EQUITY,1780963200001,0.00000000,70.24000000
UBERUSDT,EQUITY,1780992000001,0.00000000,70.46419355
UBERUSDT,EQUITY,1781020800001,0.00000000,69.92598010
UBERUSDT,EQUITY,1781049600001,0.00000000,70.31822581
UBERUSDT,EQUITY,1781078400001,0.00000000,70.33850653
UBERUSDT,EQUITY,1781107200001,0.00000000,69.98000000
UBERUSDT,EQUITY,1781136000001,0.00000000,68.72228710
UBERUSDT,EQUITY,1781164800001,0.00000000,69.11000000
UBERUSDT,EQUITY,1781193600001,0.00000000,68.26000000
UBERUSDT,EQUITY,1781222400001,0.00000000,69.64000000
UBERUSDT,EQUITY,1781251200001,0.00000000,69.69437999
UBERUSDT,EQUITY,1781280000001,0.00000000,67.93589297
UBERUSDT,EQUITY,1781308800001,0.00000000,68.80000000
UBERUSDT,EQUITY,1781337600001,0.00000000,68.71000000
UBERUSDT,EQUITY,1781366400001,0.00000000,68.87795685
UBERUSDT,EQUITY,1781395200001,0.00000000,68.84997199
UBERUSDT,EQUITY,1781424000001,0.00000000,68.99005937
UBERUSDT,EQUITY,1781452800001,0.00000000,69.31501808
UBERUSDT,EQUITY,1781481600001,0.00000000,69.58327945
UBERUSDT,EQUITY,1781510400002,0.00000000,69.86564509
UBERUSDT,EQUITY,1781539200001,0.00000000,73.18666982
UBERUSDT,EQUITY,1781568000001,0.00000000,72.97000000
UBERUSDT,EQUITY,1781596800001,0.00000000,73.10510264
UBERUSDT,EQUITY,1781625600001,0.00000000,74.18814166
UBERUSDT,EQUITY,1781654400001,0.00000000,73.25000000
UBERUSDT,EQUITY,1781683200001,0.00000000,73.41000000
UBERUSDT,EQUITY,1781712000001,0.00000000,72.98000000
UBERUSDT,EQUITY,1781740800001,0.00000000,71.47506022
UBERUSDT,EQUITY,1781769600001,0.00000000,71.76392123
UBERUSDT,EQUITY,1781798400001,0.00000000,72.42158869
UBERUSDT,EQUITY,1781827200001,0.00000000,71.60022292
UBERUSDT,EQUITY,1781856000001,0.00000000,70.99070766
UBERUSDT,EQUITY,1781884800001,0.00000000,71.43007454
UBERUSDT,EQUITY,1781913600001,0.00000000,71.55000000
UBERUSDT,EQUITY,1781942400001,0.00000000,71.51436047
UBERUSDT,EQUITY,1781971200001,0.00000000,71.39518544
UBERUSDT,EQUITY,1782000000001,0.00000000,71.50027484
UBERUSDT,EQUITY,1782028800001,0.00000000,71.45430584
UBERUSDT,EQUITY,1782057600001,0.00000000,71.70390783
UBERUSDT,EQUITY,1782086400001,0.00000000,71.29000000
UBERUSDT,EQUITY,1782115200001,0.00000000,71.67530860
UBERUSDT,EQUITY,1782144000001,0.00000000,72.30433092
UBERUSDT,EQUITY,1782172800001,0.00000000,71.44361742
UBERUSDT,EQUITY,1782201600002,0.00000000,71.00721538
UBERUSDT,EQUITY,1782230400001,0.00000000,70.28000000
UBERUSDT,EQUITY,1782259200001,0.00000000,69.74150212
UBERUSDT,EQUITY,1782288000001,0.00000000,69.86000000
UBERUSDT,EQUITY,1782316800001,0.00000000,74.46669256
UBERUSDT,EQUITY,1782345600002,0.00000000,73.89000000
UBERUSDT,EQUITY,1782374400001,0.00000000,74.46962895
UBERUSDT,EQUITY,1782403200001,0.00000000,72.81934068
UBERUSDT,EQUITY,1782432000001,0.00000000,72.46017211
UBERUSDT,EQUITY,1782460800002,0.00013666,72.39000000
UBERUSDT,EQUITY,1782489600001,0.00000000,75.45856090
UBERUSDT,EQUITY,1782518400001,0.00000000,75.95515497
UBERUSDT,EQUITY,1782547200001,0.00000000,76.15171584
UBERUSDT,EQUITY,1782576000001,0.00000000,76.32518019
UBERUSDT,EQUITY,1782604800002,0.00000000,76.28290795
UBERUSDT,EQUITY,1782633600002,0.00000000,76.18000000
UBERUSDT,EQUITY,1782662400001,0.00000000,76.73304815
UBERUSDT,EQUITY,1782691200001,0.00000000,76.13964261
UBERUSDT,EQUITY,1782720000001,0.00000000,75.79000000
UBERUSDT,EQUITY,1782748800001,0.00000000,75.76866109
UBERUSDT,EQUITY,1782777600000,0.00022809,75.22585171
UBERUSDT,EQUITY,1782806400000,0.00000000,75.52000000
UBERUSDT,EQUITY,1782835200001,0.00000000,73.44288771
UBERUSDT,EQUITY,1782864000000,0.00000000,72.29000000
UBERUSDT,EQUITY,1782892800001,0.00000000,71.96444212
UBERUSDT,EQUITY,1782921600001,0.00000000,73.33000000
UBERUSDT,EQUITY,1782950400000,0.00000000,72.76019878
UBERUSDT,EQUITY,1782979200001,0.00000000,72.69779830
UBERUSDT,EQUITY,1783008000001,0.00000000,73.69308866
UBERUSDT,EQUITY,1783036800001,0.00000000,74.32500764
UBERUSDT,EQUITY,1783065600001,0.00000000,74.51000000
UBERUSDT,EQUITY,1783094400001,0.00000000,74.28500692
UBERUSDT,EQUITY,1783123200001,0.00000000,74.21003676
UBERUSDT,EQUITY,1783152000001,0.00000000,74.38556971
UBERUSDT,EQUITY,1783180800001,0.00000000,74.54129485
UBERUSDT,EQUITY,1783209600002,0.00000000,74.55486855
UBERUSDT,EQUITY,1783238400001,0.00000000,74.26501924
UBERUSDT,EQUITY,1783267200001,0.00000000,74.28355282
UBERUSDT,EQUITY,1783296000001,0.00000000,74.37660151
UBERUSDT,EQUITY,1783324800001,0.00000000,74.56670677
UBERUSDT,EQUITY,1783353600001,0.00000000,73.54929728
UBERUSDT,EQUITY,1783382400001,0.00000000,72.60195661
UBERUSDT,EQUITY,1783411200001,0.00000000,72.77109044
UBERUSDT,EQUITY,1783440000001,0.00000000,73.45000000
UBERUSDT,EQUITY,1783468800002,0.00000000,74.07001176
UBERUSDT,EQUITY,1783497600001,0.00000000,74.30000000
UBERUSDT,EQUITY,1783526400001,0.00000000,72.61305809
UBERUSDT,EQUITY,1783555200001,0.00000000,73.50006612
UBERUSDT,EQUITY,1783584000001,0.00000000,73.61316996
UBERUSDT,EQUITY,1783612800001,0.00000000,73.88821436
UBERUSDT,EQUITY,1783641600001,0.00000000,74.38321446
UBERUSDT,EQUITY,1783670400001,0.00000000,74.58000000
UBERUSDT,EQUITY,1783699200001,0.00000000,75.18644109
UBERUSDT,EQUITY,1783728000001,0.00000000,74.81000000
UBERUSDT,EQUITY,1783756800001,0.00000000,74.63000000
UBERUSDT,EQUITY,1783785600001,0.00000000,74.35484645
UBERUSDT,EQUITY,1783814400001,0.00000000,74.40499786
UBERUSDT,EQUITY,1783843200001,0.00000000,74.31936642
UBERUSDT,EQUITY,1783872000001,0.00000000,74.66000000
UBERUSDT,EQUITY,1783900800001,0.00000000,74.58560363
UBERUSDT,EQUITY,1783929600001,0.00000000,74.60185660
UBERUSDT,EQUITY,1783958400001,0.00000000,75.31322394
UBERUSDT,EQUITY,1783987200002,0.00000000,74.13240826
UBERUSDT,EQUITY,1784016000001,0.00000000,74.16000000
UBERUSDT,EQUITY,1784044800001,0.00000000,72.51864983
UBERUSDT,EQUITY,1784073600001,0.00000000,72.25933780
UBERUSDT,EQUITY,1784102400001,0.00000000,72.36844554
UBERUSDT,EQUITY,1784131200001,0.00000000,73.74856247
UBERUSDT,EQUITY,1784160000001,0.00000000,72.78997863
UBERUSDT,EQUITY,1784188800002,0.00000000,72.85498157
UBERUSDT,EQUITY,1784217600001,0.00000000,73.53381722
UBERUSDT,EQUITY,1784246400001,0.00000000,73.86000000
UBERUSDT,EQUITY,1784275200001,0.00000000,73.37749153
UBERUSDT,EQUITY,1784304000001,0.00000000,72.37000000
UBERUSDT,EQUITY,1784332800001,0.00000000,72.49000000
UBERUSDT,EQUITY,1784361600001,0.00000000,72.64000000
UBERUSDT,EQUITY,1784390400001,0.00000000,72.56000000
UBERUSDT,EQUITY,1784419200001,0.00000000,72.59507047
UBERUSDT,EQUITY,1784448000001,0.00000000,72.66000000
UBERUSDT,EQUITY,1784476800001,0.00000000,72.50574211
UBERUSDT,EQUITY,1784505600002,0.00000000,72.65726829
UBERUSDT,EQUITY,1784534400001,0.00000000,72.74289664
UBERUSDT,EQUITY,1784563200001,0.00000000,72.89224113
UBERUSDT,EQUITY,1784592000001,0.00000000,72.28000000
UBERUSDT,EQUITY,1784620800001,0.00000000,72.37000000
UBERUSDT,EQUITY,1784649600000,0.00000000,71.86892452
UBERUSDT,EQUITY,1784678400000,0.00000000,71.70140978
UBERUSDT,EQUITY,1784707200001,0.00000000,71.52000000
CSCOUSDT,EQUITY,1779465600001,0.00000000,120.44000000
CSCOUSDT,EQUITY,1779494400001,0.00000000,120.11901738
CSCOUSDT,EQUITY,1779523200001,0.00000000,120.02000000
CSCOUSDT,EQUITY,1779552000001,0.00000000,120.90716831
CSCOUSDT,EQUITY,1779580800001,0.00000000,122.42326096
CSCOUSDT,EQUITY,1779609600001,0.00000000,122.00017778
CSCOUSDT,EQUITY,1779638400001,0.00000000,121.83674167
CSCOUSDT,EQUITY,1779667200001,0.00000000,121.88649132
CSCOUSDT,EQUITY,1779696000001,0.00000000,122.12000000
CSCOUSDT,EQUITY,1779724800001,0.00000000,122.18631992
CSCOUSDT,EQUITY,1779753600001,0.00000000,121.96000000
CSCOUSDT,EQUITY,1779782400001,0.00000000,121.44034726
CSCOUSDT,EQUITY,1779811200001,0.00000000,117.87000000
CSCOUSDT,EQUITY,1779840000001,0.00000000,118.32000000
CSCOUSDT,EQUITY,1779868800001,0.00000000,118.44474661
CSCOUSDT,EQUITY,1779897600001,0.00000000,119.16000000
CSCOUSDT,EQUITY,1779926400001,0.00054303,119.89000000
CSCOUSDT,EQUITY,1779955200001,0.00000000,120.05433533
CSCOUSDT,EQUITY,1779984000001,0.00000000,119.41000000
CSCOUSDT,EQUITY,1780012800001,0.00000000,118.94000000
CSCOUSDT,EQUITY,1780041600001,0.00000000,118.64000000
CSCOUSDT,EQUITY,1780070400001,0.00000000,119.96258013
CSCOUSDT,EQUITY,1780099200001,0.00000000,120.50000000
CSCOUSDT,EQUITY,1780128000001,0.00000000,121.14027784
CSCOUSDT,EQUITY,1780156800001,0.00000000,120.97000000
CSCOUSDT,EQUITY,1780185600001,0.00000000,120.94813226
CSCOUSDT,EQUITY,1780214400001,0.00000000,121.33061491
CSCOUSDT,EQUITY,1780243200001,0.00016040,122.80000000
CSCOUSDT,EQUITY,1780272000001,0.00000000,121.48145010
CSCOUSDT,EQUITY,1780300800001,0.00000000,120.88326419
CSCOUSDT,EQUITY,1780329600001,0.00000000,120.88743126
CSCOUSDT,EQUITY,1780358400001,0.00000000,121.99999628
CSCOUSDT,EQUITY,1780387200001,0.00000000,121.38000000
CSCOUSDT,EQUITY,1780416000001,0.00002902,127.50611219
CSCOUSDT,EQUITY,1780444800001,0.00000000,128.41913178
CSCOUSDT,EQUITY,1780473600001,0.00000000,128.62558953
CSCOUSDT,EQUITY,1780502400001,0.00000000,128.01559987
CSCOUSDT,EQUITY,1780531200001,0.00018513,129.38871692
CSCOUSDT,EQUITY,1780560000001,0.00000000,129.07000000
CSCOUSDT,EQUITY,1780588800001,0.00000000,128.72000000
CSCOUSDT,EQUITY,1780617600001,0.00023075,130.02095165
CSCOUSDT,EQUITY,1780646400001,0.00000000,129.18907973
CSCOUSDT,EQUITY,1780675200001,0.00000000,124.73000000
CSCOUSDT,EQUITY,1780704000001,0.00000000,121.18000000
CSCOUSDT,EQUITY,1780732800001,-0.00000310,119.70455416
CSCOUSDT,EQUITY,1780761600001,0.00000000,120.56629503
CSCOUSDT,EQUITY,1780790400002,0.00000000,120.90161761
CSCOUSDT,EQUITY,1780819200001,0.00000000,121.55450632
CSCOUSDT,EQUITY,1780848000001,0.00000000,121.37969258
CSCOUSDT,EQUITY,1780876800001,0.00000000,121.13784054
CSCOUSDT,EQUITY,1780905600001,0.00000000,122.16038789
CSCOUSDT,EQUITY,1780934400001,0.00000000,126.10000000
CSCOUSDT,EQUITY,1780963200001,0.00000000,124.07618471
CSCOUSDT,EQUITY,1780992000001,0.00000000,123.99907000
CSCOUSDT,EQUITY,1781020800001,0.00000000,118.73764774
CSCOUSDT,EQUITY,1781049600001,0.00003878,120.34000000
CSCOUSDT,EQUITY,1781078400001,0.00000000,119.64032120
CSCOUSDT,EQUITY,1781107200001,0.00000000,119.82624966
CSCOUSDT,EQUITY,1781136000001,0.00003728,118.70000000
CSCOUSDT,EQUITY,1781164800001,0.00000000,119.57326935
CSCOUSDT,EQUITY,1781193600001,0.00000000,120.19009398
CSCOUSDT,EQUITY,1781222400001,0.00000000,122.32000000
CSCOUSDT,EQUITY,1781251200001,0.00000000,122.35194716
CSCOUSDT,EQUITY,1781280000001,0.00000000,121.10563777
CSCOUSDT,EQUITY,1781308800001,0.00000000,121.18766353
CSCOUSDT,EQUITY,1781337600001,0.00000000,120.84964705
CSCOUSDT,EQUITY,1781366400001,0.00000000,120.94445169
CSCOUSDT,EQUITY,1781395200001,0.00000000,120.93185151
CSCOUSDT,EQUITY,1781424000001,0.00000000,121.51523486
CSCOUSDT,EQUITY,1781452800001,0.00000000,121.67000000
CSCOUSDT,EQUITY,1781481600001,0.00000000,122.32037916
CSCOUSDT,EQUITY,1781510400002,0.00000000,121.90000000
CSCOUSDT,EQUITY,1781539200001,0.00000000,120.07254580
CSCOUSDT,EQUITY,1781568000001,0.00000000,120.03999203
CSCOUSDT,EQUITY,1781596800001,0.00000000,120.00444376
CSCOUSDT,EQUITY,1781625600001,0.00000000,119.82365842
CSCOUSDT,EQUITY,1781654400001,0.00000000,119.43499520
CSCOUSDT,EQUITY,1781683200001,0.00000000,119.57807110
CSCOUSDT,EQUITY,1781712000001,0.00000000,118.66000000
CSCOUSDT,EQUITY,1781740800001,0.00000000,117.85439353
CSCOUSDT,EQUITY,1781769600001,0.00000000,117.84000000
CSCOUSDT,EQUITY,1781798400001,0.00000000,118.42686616
CSCOUSDT,EQUITY,1781827200001,-0.00056996,119.53436951
CSCOUSDT,EQUITY,1781856000001,0.00000000,119.49383133
CSCOUSDT,EQUITY,1781884800001,0.00000000,119.00264348
CSCOUSDT,EQUITY,1781913600001,0.00000000,119.89082133
CSCOUSDT,EQUITY,1781942400001,0.00000000,120.40611168
CSCOUSDT,EQUITY,1781971200001,0.00000000,120.16793317
CSCOUSDT,EQUITY,1782000000001,0.00000000,120.16000000
CSCOUSDT,EQUITY,1782028800001,0.00000000,120.34503857
CSCOUSDT,EQUITY,1782057600001,0.00000000,120.21028657
CSCOUSDT,EQUITY,1782086400001,0.00000000,119.40000000
CSCOUSDT,EQUITY,1782115200001,0.00000000,119.01048913
CSCOUSDT,EQUITY,1782144000001,0.00000000,120.61000000
CSCOUSDT,EQUITY,1782172800001,0.00000000,121.25036208
CSCOUSDT,EQUITY,1782201600002,0.00000000,120.58364941
CSCOUSDT,EQUITY,1782230400001,0.00000000,120.62207239
CSCOUSDT,EQUITY,1782259200001,0.00000000,122.17499971
CSCOUSDT,EQUITY,1782288000001,0.00000000,121.87864696
CSCOUSDT,EQUITY,1782316800001,0.00000000,120.91000000
CSCOUSDT,EQUITY,1782345600002,0.00000000,118.72000000
CSCOUSDT,EQUITY,1782374400001,0.00000000,119.57042516
CSCOUSDT,EQUITY,1782403200001,0.00000000,119.05922794
CSCOUSDT,EQUITY,1782432000001,0.00000000,119.42000000
CSCOUSDT,EQUITY,1782460800002,0.00000000,119.05173154
CSCOUSDT,EQUITY,1782489600001,0.00000000,115.29415022
CSCOUSDT,EQUITY,1782518400001,0.00000000,113.83289562
CSCOUSDT,EQUITY,1782547200001,0.00000000,113.86000000
CSCOUSDT,EQUITY,1782576000001,0.00000000,113.96276576
CSCOUSDT,EQUITY,1782604800002,0.00000000,113.96068008
CSCOUSDT,EQUITY,1782633600002,0.00000000,113.25847191
CSCOUSDT,EQUITY,1782662400001,0.00000000,113.01502085
CSCOUSDT,EQUITY,1782691200001,0.00000000,113.50892203
CSCOUSDT,EQUITY,1782720000001,0.00000000,114.11000000
CSCOUSDT,EQUITY,1782748800001,0.00000000,117.71790788
CSCOUSDT,EQUITY,1782777600000,0.00000000,116.97999588
CSCOUSDT,EQUITY,1782806400000,0.00000000,117.38613229
CSCOUSDT,EQUITY,1782835200001,0.00000000,118.29766772
CSCOUSDT,EQUITY,1782864000000,0.00032163,117.47000000
CSCOUSDT,EQUITY,1782892800001,0.00000000,117.66046360
CSCOUSDT,EQUITY,1782921600001,0.00000000,116.58000000
CSCOUSDT,EQUITY,1782950400000,0.00060443,116.70000000
CSCOUSDT,EQUITY,1782979200001,0.00000000,117.17000000
CSCOUSDT,EQUITY,1783008000001,0.00000000,112.63500085
CSCOUSDT,EQUITY,1783036800001,0.00000000,112.47000000
CSCOUSDT,EQUITY,1783065600001,0.00000000,112.72000000
CSCOUSDT,EQUITY,1783094400001,0.00000000,112.76360743
CSCOUSDT,EQUITY,1783123200001,0.00000000,112.72692022
CSCOUSDT,EQUITY,1783152000001,0.00000000,112.76578654
CSCOUSDT,EQUITY,1783180800001,0.00000000,112.69000000
CSCOUSDT,EQUITY,1783209600002,0.00000000,112.73000000
CSCOUSDT,EQUITY,1783238400001,0.00000000,112.72183776
CSCOUSDT,EQUITY,1783267200001,0.00000000,112.90558363
CSCOUSDT,EQUITY,1783281600001,0.00000000,112.81635923
CSCOUSDT,EQUITY,1783285200001,0.00000000,112.80286055
CSCOUSDT,EQUITY,1783288800001,0.00000000,112.93541346
CSCOUSDT,EQUITY,1783292400001,0.00000000,112.85993157
CSCOUSDT,EQUITY,1783296000001,0.00000000,112.85142353
CSCOUSDT,EQUITY,1783296001001,-0.00372171,112.85142748
CSCOUSDT,EQUITY,1783324800001,0.00000000,112.75325466
CSCOUSDT,EQUITY,1783353600001,0.00000000,114.82133794
CSCOUSDT,EQUITY,1783382400001,0.00000000,113.97240688
CSCOUSDT,EQUITY,1783411200001,0.00000000,114.05292392
CSCOUSDT,EQUITY,1783440000001,0.00000000,112.78773146
CSCOUSDT,EQUITY,1783468800002,0.00000000,111.82789256
CSCOUSDT,EQUITY,1783497600001,0.00000000,112.44000000
CSCOUSDT,EQUITY,1783526400001,0.00000000,112.73000000
CSCOUSDT,EQUITY,1783555200001,0.00000000,113.98256646
CSCOUSDT,EQUITY,1783584000001,0.00000000,113.78464779
CSCOUSDT,EQUITY,1783612800001,0.00000000,118.03791314
CSCOUSDT,EQUITY,1783641600001,0.00004186,118.28000000
CSCOUSDT,EQUITY,1783670400001,0.00000000,118.64348646
CSCOUSDT,EQUITY,1783699200001,0.00000000,120.26731361
CSCOUSDT,EQUITY,1783728000001,0.00000000,121.59000000
CSCOUSDT,EQUITY,1783756800001,0.00000000,121.72475383
CSCOUSDT,EQUITY,1783785600001,0.00000000,121.21000000
CSCOUSDT,EQUITY,1783814400001,0.00000000,121.33000000
CSCOUSDT,EQUITY,1783843200001,0.00000000,120.95690705
CSCOUSDT,EQUITY,1783872000001,0.00000000,121.26000000
CSCOUSDT,EQUITY,1783900800001,0.00000000,121.27000000
CSCOUSDT,EQUITY,1783929600001,0.00000000,120.80057627
CSCOUSDT,EQUITY,1783958400001,0.00000000,119.69703431
CSCOUSDT,EQUITY,1783987200002,0.00000000,119.24506010
CSCOUSDT,EQUITY,1784016000001,0.00000000,119.35531708
CSCOUSDT,EQUITY,1784044800001,0.00000000,118.11322363
CSCOUSDT,EQUITY,1784073600001,0.00000000,117.25002550
CSCOUSDT,EQUITY,1784102400001,0.00000000,117.32647110
CSCOUSDT,EQUITY,1784131200001,0.00000000,110.56048162
CSCOUSDT,EQUITY,1784160000001,0.00010704,112.03197755
CSCOUSDT,EQUITY,1784188800002,0.00000000,111.15823120
CSCOUSDT,EQUITY,1784217600001,0.00000000,108.42123637
CSCOUSDT,EQUITY,1784246400001,0.00000000,110.06460218
CSCOUSDT,EQUITY,1784275200001,0.00000000,109.19000000
CSCOUSDT,EQUITY,1784304000001,0.00000000,112.18885724
CSCOUSDT,EQUITY,1784332800001,0.00000000,111.67500224
CSCOUSDT,EQUITY,1784361600001,0.00000000,111.66000000
CSCOUSDT,EQUITY,1784390400001,0.00000000,111.62000000
CSCOUSDT,EQUITY,1784419200001,0.00000000,111.59000000
CSCOUSDT,EQUITY,1784448000001,0.00000000,111.47116051
CSCOUSDT,EQUITY,1784476800001,0.00000000,111.50000000
CSCOUSDT,EQUITY,1784505600002,0.00000000,111.41002341
CSCOUSDT,EQUITY,1784534400001,0.00000000,112.01754461
CSCOUSDT,EQUITY,1784563200001,0.00000000,112.09000000
CSCOUSDT,EQUITY,1784592000001,0.00000000,110.77000000
CSCOUSDT,EQUITY,1784620800001,0.00000000,111.83185596
CSCOUSDT,EQUITY,1784649600000,0.00000000,111.11490366
CSCOUSDT,EQUITY,1784678400000,0.00000000,111.80184437
CSCOUSDT,EQUITY,1784707200001,0.00000000,111.44000000
HDUSDT,EQUITY,1779465600001,-0.00000240,313.22314434
HDUSDT,EQUITY,1779494400001,-0.00033568,312.04500000
HDUSDT,EQUITY,1779523200001,0.00000000,311.52000000
HDUSDT,EQUITY,1779552000001,0.00000000,315.56145423
HDUSDT,EQUITY,1779580800001,0.00000000,315.92605204
HDUSDT,EQUITY,1779609600001,0.00000000,315.02914030
HDUSDT,EQUITY,1779638400001,0.00000000,314.66000000
HDUSDT,EQUITY,1779667200001,0.00000000,314.35000000
HDUSDT,EQUITY,1779696000001,0.00000000,315.73160995
HDUSDT,EQUITY,1779724800001,0.00000000,316.14269418
HDUSDT,EQUITY,1779753600001,0.00000000,315.04000000
HDUSDT,EQUITY,1779782400001,0.00000000,316.23258065
HDUSDT,EQUITY,1779811200001,0.00000000,310.06926105
HDUSDT,EQUITY,1779840000001,-0.00026656,310.71354839
HDUSDT,EQUITY,1779868800001,0.00000000,311.66774194
HDUSDT,EQUITY,1779897600001,0.00003193,318.55204831
HDUSDT,EQUITY,1779926400001,0.00007955,317.97596774
HDUSDT,EQUITY,1779955200001,0.00000000,318.85633333
HDUSDT,EQUITY,1779984000001,0.00000000,319.78000000
HDUSDT,EQUITY,1780012800001,0.00148994,320.60000000
HDUSDT,EQUITY,1780041600001,0.00000000,321.43501663
HDUSDT,EQUITY,1780070400001,0.00173514,319.68000000
HDUSDT,EQUITY,1780099200001,-0.00118430,317.38500000
HDUSDT,EQUITY,1780128000001,0.00000000,317.43022860
HDUSDT,EQUITY,1780156800001,0.00000000,316.00000000
HDUSDT,EQUITY,1780185600001,0.00000000,315.24542943
HDUSDT,EQUITY,1780214400001,0.00000000,318.44000000
HDUSDT,EQUITY,1780243200001,0.00000000,321.71497117
HDUSDT,EQUITY,1780272000001,0.00000000,320.41941506
HDUSDT,EQUITY,1780300800001,-0.00002028,316.87225806
HDUSDT,EQUITY,1780329600001,0.00000000,309.12419648
HDUSDT,EQUITY,1780358400001,-0.00202829,311.18000000
HDUSDT,EQUITY,1780387200001,0.00000000,310.59370968
HDUSDT,EQUITY,1780416000001,0.00006746,310.17000000
HDUSDT,EQUITY,1780444800001,0.00095758,311.32096774
HDUSDT,EQUITY,1780473600001,0.00000000,311.35000000
HDUSDT,EQUITY,1780502400001,-0.00028417,312.11000000
HDUSDT,EQUITY,1780516800001,0.00000000,313.42876826
HDUSDT,EQUITY,1780520400001,0.00000000,312.50000000
HDUSDT,EQUITY,1780524000001,0.00000000,312.48000000
HDUSDT,EQUITY,1780527600001,0.00000000,312.57129412
HDUSDT,EQUITY,1780531200001,0.00000000,312.81000000
HDUSDT,EQUITY,1780531200007,-0.00750451,312.81000000
HDUSDT,EQUITY,1780534800001,0.00000000,311.04000000
HDUSDT,EQUITY,1780538400001,-0.00014827,311.22725806
HDUSDT,EQUITY,1780542000001,-0.00007366,312.41000000
HDUSDT,EQUITY,1780545600001,0.00000000,311.59000000
HDUSDT,EQUITY,1780560000001,0.00000000,310.97000000
HDUSDT,EQUITY,1780588800001,0.00000000,310.77801235
HDUSDT,EQUITY,1780617600001,0.00024241,309.90000000
HDUSDT,EQUITY,1780646400001,0.00000000,309.91814516
HDUSDT,EQUITY,1780675200001,0.00000000,309.57049886
HDUSDT,EQUITY,1780704000001,0.00000000,309.72000000
HDUSDT,EQUITY,1780732800001,0.00000000,307.70639019
HDUSDT,EQUITY,1780761600001,0.00000000,306.87577765
HDUSDT,EQUITY,1780790400002,0.00000000,308.95202789
HDUSDT,EQUITY,1780819200001,0.00000000,311.37243506
HDUSDT,EQUITY,1780848000001,0.00000000,311.67990986
HDUSDT,EQUITY,1780876800001,0.00000000,312.61000000
HDUSDT,EQUITY,1780905600001,0.00000000,310.07310759
HDUSDT,EQUITY,1780934400001,0.00000000,311.73594590
HDUSDT,EQUITY,1780963200001,-0.00085850,310.16000000
HDUSDT,EQUITY,1780992000001,0.00000000,311.52000000
HDUSDT,EQUITY,1781020800001,0.00000000,319.77916325
HDUSDT,EQUITY,1781049600001,0.00038210,320.21822581
HDUSDT,EQUITY,1781078400001,0.00000000,319.65691771
HDUSDT,EQUITY,1781107200001,0.00000000,321.31891281
HDUSDT,EQUITY,1781136000001,0.00006883,319.17000000
HDUSDT,EQUITY,1781164800001,0.00000000,320.95543403
HDUSDT,EQUITY,1781193600001,0.00000000,320.55231796
HDUSDT,EQUITY,1781222400001,0.00099694,326.18564516
HDUSDT,EQUITY,1781251200001,0.00000000,326.42273041
HDUSDT,EQUITY,1781280000001,0.00040018,327.16898190
HDUSDT,EQUITY,1781308800001,0.00000000,328.36000000
HDUSDT,EQUITY,1781337600001,0.00000000,326.87422096
HDUSDT,EQUITY,1781366400001,0.00000000,325.66481214
HDUSDT,EQUITY,1781395200001,0.00000000,328.84199812
HDUSDT,EQUITY,1781424000001,0.00000000,327.85891955
HDUSDT,EQUITY,1781452800001,0.00000000,328.85563139
HDUSDT,EQUITY,1781481600001,0.00000000,330.59019518
HDUSDT,EQUITY,1781510400002,0.00000000,332.48908912
HDUSDT,EQUITY,1781539200001,0.00000000,334.33776457
HDUSDT,EQUITY,1781568000001,0.00000000,330.11000000
HDUSDT,EQUITY,1781596800001,0.00042288,331.68782258
HDUSDT,EQUITY,1781625600001,0.00000000,336.53315457
HDUSDT,EQUITY,1781654400001,0.00027704,337.37000000
HDUSDT,EQUITY,1781683200001,0.00000000,337.13070984
HDUSDT,EQUITY,1781712000001,0.00000000,338.68273790
HDUSDT,EQUITY,1781740800001,-0.00071048,329.17000000
HDUSDT,EQUITY,1781769600001,0.00000000,329.54749187
HDUSDT,EQUITY,1781798400001,-0.00044082,335.55389004
HDUSDT,EQUITY,1781827200001,0.00000000,334.00000000
HDUSDT,EQUITY,1781856000001,0.00000000,332.93455621
HDUSDT,EQUITY,1781884800001,0.00000000,334.33993870
HDUSDT,EQUITY,1781913600001,0.00000000,334.07522981
HDUSDT,EQUITY,1781942400001,0.00000000,336.82563342
HDUSDT,EQUITY,1781971200001,0.00000000,337.64000000
HDUSDT,EQUITY,1782000000001,0.00000000,337.43978847
HDUSDT,EQUITY,1782028800001,0.00000000,337.13980659
HDUSDT,EQUITY,1782057600001,0.00000000,336.89819248
HDUSDT,EQUITY,1782086400001,0.00002617,339.65000000
HDUSDT,EQUITY,1782115200001,0.00000000,333.31284566
HDUSDT,EQUITY,1782144000001,0.00000000,330.51000000
HDUSDT,EQUITY,1782172800001,-0.00021062,327.03460431
HDUSDT,EQUITY,1782201600002,0.00000000,325.18000000
HDUSDT,EQUITY,1782230400001,0.00000000,325.97218520
HDUSDT,EQUITY,1782259200001,-0.00045702,325.01700405
HDUSDT,EQUITY,1782288000001,-0.00104852,324.26213927
HDUSDT,EQUITY,1782316800001,-0.00098114,340.87000000
HDUSDT,EQUITY,1782345600002,0.00000000,342.13190005
HDUSDT,EQUITY,1782374400001,0.00023075,341.39000000
HDUSDT,EQUITY,1782403200001,0.00000000,345.03000000
HDUSDT,EQUITY,1782432000001,0.00000000,345.04493702
HDUSDT,EQUITY,1782460800002,0.00037022,346.75000000
HDUSDT,EQUITY,1782489600001,0.00046734,349.79478804
HDUSDT,EQUITY,1782518400001,0.00055496,348.41000000
HDUSDT,EQUITY,1782547200001,0.00000000,350.63528218
HDUSDT,EQUITY,1782576000001,0.00000000,350.28003972
HDUSDT,EQUITY,1782604800002,0.00000000,349.45000000
HDUSDT,EQUITY,1782633600002,0.00000000,342.92137445
HDUSDT,EQUITY,1782662400001,0.00000000,341.99667323
HDUSDT,EQUITY,1782691200001,0.00000000,342.17801061
HDUSDT,EQUITY,1782720000001,0.00000000,350.41467565
HDUSDT,EQUITY,1782748800001,0.00000000,347.71000000
HDUSDT,EQUITY,1782777600000,0.00020422,350.38653453
HDUSDT,EQUITY,1782806400000,0.00114384,350.64000000
HDUSDT,EQUITY,1782835200001,0.00000000,351.80765829
HDUSDT,EQUITY,1782864000000,0.00000000,352.14000000
HDUSDT,EQUITY,1782892800001,0.00000000,352.24000000
HDUSDT,EQUITY,1782921600001,0.00000000,356.31526430
HDUSDT,EQUITY,1782950400000,0.00000000,350.47000000
HDUSDT,EQUITY,1782979200001,0.00000000,351.35000000
HDUSDT,EQUITY,1783008000001,0.00000000,356.07000000
HDUSDT,EQUITY,1783036800001,0.00000000,357.15000000
HDUSDT,EQUITY,1783065600001,0.00000000,357.49478178
HDUSDT,EQUITY,1783094400001,0.00000000,355.56965445
HDUSDT,EQUITY,1783123200001,0.00000000,354.54841099
HDUSDT,EQUITY,1783152000001,0.00000000,354.43920572
HDUSDT,EQUITY,1783180800001,0.00000000,354.42467655
HDUSDT,EQUITY,1783209600002,0.00000000,355.20567925
HDUSDT,EQUITY,1783238400001,0.00000000,355.47231739
HDUSDT,EQUITY,1783267200001,0.00000000,354.65077791
HDUSDT,EQUITY,1783296000001,0.00000000,353.99273816
HDUSDT,EQUITY,1783324800001,0.00000000,357.01855000
HDUSDT,EQUITY,1783353600001,0.00000000,349.30501568
HDUSDT,EQUITY,1783382400001,0.00000000,350.61519762
HDUSDT,EQUITY,1783411200001,0.00000000,351.51777528
HDUSDT,EQUITY,1783440000001,0.00000000,346.52000000
HDUSDT,EQUITY,1783468800002,0.00000000,345.44957097
HDUSDT,EQUITY,1783497600001,0.00000000,343.56309825
HDUSDT,EQUITY,1783526400001,0.00000000,334.12299113
HDUSDT,EQUITY,1783555200001,0.00000000,336.06959200
HDUSDT,EQUITY,1783584000001,0.00000000,335.78809889
HDUSDT,EQUITY,1783612800001,0.00000000,340.19797745
HDUSDT,EQUITY,1783641600001,0.00000000,338.32500176
HDUSDT,EQUITY,1783670400001,0.00000000,337.85311540
HDUSDT,EQUITY,1783699200001,0.00000000,343.11791681
HDUSDT,EQUITY,1783728000001,0.00007549,342.14000000
HDUSDT,EQUITY,1783756800001,0.00000000,342.38000000
HDUSDT,EQUITY,1783785600001,0.00000000,342.56954160
HDUSDT,EQUITY,1783814400001,0.00000000,341.83456061
HDUSDT,EQUITY,1783843200001,0.00000000,341.86000000
HDUSDT,EQUITY,1783872000001,0.00000000,342.63000000
HDUSDT,EQUITY,1783900800001,0.00000000,341.43333313
HDUSDT,EQUITY,1783929600001,0.00000000,342.18417181
HDUSDT,EQUITY,1783958400001,0.00000000,338.13031631
HDUSDT,EQUITY,1783987200002,-0.00001212,336.68000000
HDUSDT,EQUITY,1784016000001,0.00013808,336.48457533
HDUSDT,EQUITY,1784044800001,0.00000000,337.75671973
HDUSDT,EQUITY,1784073600001,0.00000000,337.41882778
HDUSDT,EQUITY,1784102400001,0.00000000,336.55941681
HDUSDT,EQUITY,1784131200001,0.00000000,343.59000000
HDUSDT,EQUITY,1784160000001,0.00000000,341.59431157
HDUSDT,EQUITY,1784188800002,0.00000000,341.87708163
HDUSDT,EQUITY,1784217600001,0.00000000,347.60000000
HDUSDT,EQUITY,1784246400001,0.00000000,347.18000457
HDUSDT,EQUITY,1784275200001,0.00000000,348.38000000
HDUSDT,EQUITY,1784304000001,0.00000000,345.25016555
HDUSDT,EQUITY,1784332800001,0.00000000,339.55000000
HDUSDT,EQUITY,1784361600001,0.00000000,338.74391480
HDUSDT,EQUITY,1784390400001,0.00000000,337.65030401
HDUSDT,EQUITY,1784419200001,0.00000000,337.63000000
HDUSDT,EQUITY,1784448000001,0.00000000,336.65000000
HDUSDT,EQUITY,1784476800001,0.00000000,335.20000000
HDUSDT,EQUITY,1784505600002,0.00000000,334.61017507
HDUSDT,EQUITY,1784534400001,0.00000000,341.58042453
HDUSDT,EQUITY,1784563200001,0.00000000,333.63000000
HDUSDT,EQUITY,1784592000001,0.00000000,332.74619076
HDUSDT,EQUITY,1784620800001,0.00000000,333.98176114
HDUSDT,EQUITY,1784649600000,0.00000000,330.66000000
HDUSDT,EQUITY,1784678400000,0.00005471,331.26000000
HDUSDT,EQUITY,1784707200001,0.00000000,330.89436763
SOXLUSDT,EQUITY,1779465600001,0.00000000,191.86000000
SOXLUSDT,EQUITY,1779494400001,0.00000000,188.44000000
SOXLUSDT,EQUITY,1779523200001,0.00000000,188.21000000
SOXLUSDT,EQUITY,1779552000001,0.00000000,189.70242604
SOXLUSDT,EQUITY,1779580800001,0.00460411,195.49156942
SOXLUSDT,EQUITY,1779609600001,0.00244632,198.72103189
SOXLUSDT,EQUITY,1779638400001,0.00317551,197.87000000
SOXLUSDT,EQUITY,1779667200001,0.00241284,198.54290323
SOXLUSDT,EQUITY,1779696000001,0.00138348,201.71000000
SOXLUSDT,EQUITY,1779724800001,0.00259269,207.80000000
SOXLUSDT,EQUITY,1779753600001,0.00068590,206.18618959
SOXLUSDT,EQUITY,1779782400001,0.00000319,202.32000000
SOXLUSDT,EQUITY,1779811200001,0.00000000,215.56551555
SOXLUSDT,EQUITY,1779840000001,-0.00023082,230.56210035
SOXLUSDT,EQUITY,1779868800001,0.00000000,232.91000000
SOXLUSDT,EQUITY,1779897600001,0.00188407,209.79000000
SOXLUSDT,EQUITY,1779926400001,0.00000000,211.80532219
SOXLUSDT,EQUITY,1779955200001,0.00000000,211.94000000
SOXLUSDT,EQUITY,1779984000001,0.00014270,227.27691450
SOXLUSDT,EQUITY,1780012800001,0.00010692,227.60000000
SOXLUSDT,EQUITY,1780041600001,0.00028403,227.35000084
SOXLUSDT,EQUITY,1780070400001,0.00007827,222.41000000
SOXLUSDT,EQUITY,1780099200001,-0.00013639,223.09880498
SOXLUSDT,EQUITY,1780128000001,0.00025753,226.42000000
SOXLUSDT,EQUITY,1780156800001,0.00000000,225.38986648
SOXLUSDT,EQUITY,1780185600001,0.00000000,225.79000000
SOXLUSDT,EQUITY,1780214400001,0.00086473,230.20000000
SOXLUSDT,EQUITY,1780243200001,0.00000000,230.75000000
SOXLUSDT,EQUITY,1780272000001,-0.00075211,229.80000000
SOXLUSDT,EQUITY,1780300800001,0.00016130,229.57000000
SOXLUSDT,EQUITY,1780329600001,0.00000000,225.86000000
SOXLUSDT,EQUITY,1780358400001,0.00018801,225.81712315
SOXLUSDT,EQUITY,1780387200001,0.00000000,231.70000000
SOXLUSDT,EQUITY,1780416000001,0.00000000,261.82708329
SOXLUSDT,EQUITY,1780444800001,0.00020806,271.17000000
SOXLUSDT,EQUITY,1780473600001,0.00000000,275.89000000
SOXLUSDT,EQUITY,1780502400001,0.00000000,276.63000000
SOXLUSDT,EQUITY,1780531200001,0.00000000,261.16809776
SOXLUSDT,EQUITY,1780560000001,0.00000000,267.26479186
SOXLUSDT,EQUITY,1780588800001,0.00062784,255.08810815
SOXLUSDT,EQUITY,1780617600001,0.00000000,248.43979208
SOXLUSDT,EQUITY,1780646400001,0.00000000,242.60000000
SOXLUSDT,EQUITY,1780675200001,0.00015035,214.19221667
SOXLUSDT,EQUITY,1780704000001,0.00132532,177.88083498
SOXLUSDT,EQUITY,1780732800001,-0.00016569,173.24000000
SOXLUSDT,EQUITY,1780761600001,0.00000000,174.34000000
SOXLUSDT,EQUITY,1780790400002,0.00000000,174.99495765
SOXLUSDT,EQUITY,1780819200001,0.00131372,182.55618665
SOXLUSDT,EQUITY,1780848000001,0.00064758,187.82000000
SOXLUSDT,EQUITY,1780876800001,0.00000000,186.88771619
SOXLUSDT,EQUITY,1780905600001,0.00012492,194.78686326
SOXLUSDT,EQUITY,1780934400001,0.00000000,217.67000000
SOXLUSDT,EQUITY,1780963200001,0.00000000,211.57384455
SOXLUSDT,EQUITY,1780992000001,0.00010663,221.42000000
SOXLUSDT,EQUITY,1781020800001,0.00030017,179.30378463
SOXLUSDT,EQUITY,1781049600001,0.00000000,198.19000000
SOXLUSDT,EQUITY,1781078400001,0.00000000,193.96000000
SOXLUSDT,EQUITY,1781107200001,0.00000000,189.95445300
SOXLUSDT,EQUITY,1781136000001,0.00082501,173.18000000
SOXLUSDT,EQUITY,1781164800001,0.00005685,192.10000000
SOXLUSDT,EQUITY,1781193600001,0.00003917,201.50000000
SOXLUSDT,EQUITY,1781222400001,0.00005354,228.94000000
SOXLUSDT,EQUITY,1781251200001,0.00000000,219.30000000
SOXLUSDT,EQUITY,1781280000001,0.00000000,228.84502533
SOXLUSDT,EQUITY,1781308800001,0.00000000,238.95456205
SOXLUSDT,EQUITY,1781337600001,0.00000000,237.73000000
SOXLUSDT,EQUITY,1781366400001,0.00008734,236.46901248
SOXLUSDT,EQUITY,1781395200001,0.00006376,237.23000000
SOXLUSDT,EQUITY,1781424000001,0.00026768,237.84044948
SOXLUSDT,EQUITY,1781452800001,0.00000000,238.60665063
SOXLUSDT,EQUITY,1781481600001,0.00466589,253.39662639
SOXLUSDT,EQUITY,1781510400002,0.00000000,262.24083783
SOXLUSDT,EQUITY,1781539200001,0.00000000,269.03000000
SOXLUSDT,EQUITY,1781568000001,0.00000000,271.20000000
SOXLUSDT,EQUITY,1781596800001,0.00000000,269.01987781
SOXLUSDT,EQUITY,1781625600001,0.00000000,241.71464028
SOXLUSDT,EQUITY,1781654400001,0.00000000,228.18445128
SOXLUSDT,EQUITY,1781683200001,0.00005945,243.86107564
SOXLUSDT,EQUITY,1781712000001,0.00000000,248.99000000
SOXLUSDT,EQUITY,1781740800001,0.00021970,248.94916088
SOXLUSDT,EQUITY,1781769600001,0.00000000,255.69000000
SOXLUSDT,EQUITY,1781798400001,0.00000000,278.21572831
SOXLUSDT,EQUITY,1781827200001,0.00000000,281.16664209
SOXLUSDT,EQUITY,1781856000001,-0.00014102,273.99000000
SOXLUSDT,EQUITY,1781884800001,0.00021746,273.79000000
SOXLUSDT,EQUITY,1781913600001,0.00000000,275.35000000
SOXLUSDT,EQUITY,1781942400001,0.00013381,279.30688355
SOXLUSDT,EQUITY,1781971200001,0.00003600,279.62762161
SOXLUSDT,EQUITY,1782000000001,0.00000000,280.40065435
SOXLUSDT,EQUITY,1782028800001,0.00090282,285.26000000
SOXLUSDT,EQUITY,1782057600001,0.00000000,282.70524769
SOXLUSDT,EQUITY,1782086400001,-0.00197626,273.55000000
SOXLUSDT,EQUITY,1782115200001,0.00000000,285.87000000
SOXLUSDT,EQUITY,1782144000001,0.00000000,289.13000000
SOXLUSDT,EQUITY,1782172800001,0.00000000,297.72805138
SOXLUSDT,EQUITY,1782201600002,0.00000000,257.10115509
SOXLUSDT,EQUITY,1782230400001,0.00045534,234.87000000
SOXLUSDT,EQUITY,1782259200001,0.00043497,233.95222210
SOXLUSDT,EQUITY,1782288000001,0.00016198,237.04507400
SOXLUSDT,EQUITY,1782316800001,0.00022120,230.52880627
SOXLUSDT,EQUITY,1782345600002,0.00000000,264.04000000
SOXLUSDT,EQUITY,1782374400001,0.00026827,264.36000000
SOXLUSDT,EQUITY,1782403200001,0.00041088,246.92537096
SOXLUSDT,EQUITY,1782432000001,0.00031822,249.85000000
SOXLUSDT,EQUITY,1782460800002,0.00053157,238.40000000
SOXLUSDT,EQUITY,1782489600001,0.00029034,221.11490304
SOXLUSDT,EQUITY,1782518400001,0.00073396,212.73712133
SOXLUSDT,EQUITY,1782547200001,0.00000000,214.15000000
SOXLUSDT,EQUITY,1782576000001,0.00000000,213.83000000
SOXLUSDT,EQUITY,1782604800002,0.00000000,213.12000000
SOXLUSDT,EQUITY,1782633600002,0.00000000,212.73275492
SOXLUSDT,EQUITY,1782662400001,0.00000000,213.93000000
SOXLUSDT,EQUITY,1782691200001,0.00124696,219.91000000
SOXLUSDT,EQUITY,1782720000001,0.00017576,223.92000000
SOXLUSDT,EQUITY,1782748800001,0.00014989,226.56000000
SOXLUSDT,EQUITY,1782777600000,0.00065790,237.69000000
SOXLUSDT,EQUITY,1782806400000,0.00021806,239.64000000
SOXLUSDT,EQUITY,1782835200001,0.00012454,262.13866844
SOXLUSDT,EQUITY,1782864000000,0.00010495,269.06000000
SOXLUSDT,EQUITY,1782892800001,0.00000000,259.35000000
SOXLUSDT,EQUITY,1782921600001,0.00017078,226.39387292
SOXLUSDT,EQUITY,1782950400000,0.00027633,219.03638157
SOXLUSDT,EQUITY,1782979200001,0.00047718,206.45153448
SOXLUSDT,EQUITY,1783008000001,0.00042252,189.82902890
SOXLUSDT,EQUITY,1783036800001,0.00082877,183.02000000
SOXLUSDT,EQUITY,1783065600001,0.00127591,187.82000000
SOXLUSDT,EQUITY,1783094400001,0.00000000,190.89000000
SOXLUSDT,EQUITY,1783123200001,0.00040612,192.86000000
SOXLUSDT,EQUITY,1783152000001,0.00057912,196.73000000
SOXLUSDT,EQUITY,1783180800001,0.00000000,195.70000000
SOXLUSDT,EQUITY,1783209600002,0.00025275,196.85000000
SOXLUSDT,EQUITY,1783238400001,0.00015409,199.02000000
SOXLUSDT,EQUITY,1783267200001,0.00013967,201.58000000
SOXLUSDT,EQUITY,1783296000001,-0.00046315,199.56000000
SOXLUSDT,EQUITY,1783324800001,0.00000000,194.61349111
SOXLUSDT,EQUITY,1783353600001,0.00007901,204.85000000
SOXLUSDT,EQUITY,1783382400001,0.00032118,190.34000000
SOXLUSDT,EQUITY,1783411200001,0.00037571,178.18964027
SOXLUSDT,EQUITY,1783440000001,0.00062019,160.57000000
SOXLUSDT,EQUITY,1783468800002,0.00025860,159.53000000
SOXLUSDT,EQUITY,1783497600001,0.00006023,164.06000000
SOXLUSDT,EQUITY,1783526400001,0.00002057,162.93000000
SOXLUSDT,EQUITY,1783555200001,0.00011724,177.96930665
SOXLUSDT,EQUITY,1783584000001,0.00000000,185.58000000
SOXLUSDT,EQUITY,1783612800001,0.00000000,201.00273309
SOXLUSDT,EQUITY,1783641600001,0.00024326,194.13000000
SOXLUSDT,EQUITY,1783670400001,0.00000283,185.06296579
SOXLUSDT,EQUITY,1783699200001,0.00002309,188.83596342
SOXLUSDT,EQUITY,1783728000001,0.00029884,194.35932006
SOXLUSDT,EQUITY,1783756800001,0.00018242,195.85000000
SOXLUSDT,EQUITY,1783785600001,0.00000000,195.82000000
SOXLUSDT,EQUITY,1783814400001,0.00000000,196.67734645
SOXLUSDT,EQUITY,1783843200001,0.00000000,194.91000000
SOXLUSDT,EQUITY,1783872000001,0.00000000,194.61039467
SOXLUSDT,EQUITY,1783900800001,-0.00094165,191.49000000
SOXLUSDT,EQUITY,1783929600001,0.00022889,173.31147628
SOXLUSDT,EQUITY,1783958400001,0.00011813,170.15000000
SOXLUSDT,EQUITY,1783987200002,0.00033053,162.54000000
SOXLUSDT,EQUITY,1784016000001,0.00027946,172.84000000
SOXLUSDT,EQUITY,1784044800001,0.00000000,180.04564720
SOXLUSDT,EQUITY,1784073600001,0.00000000,180.70266124
SOXLUSDT,EQUITY,1784102400001,0.00000000,187.64000000
SOXLUSDT,EQUITY,1784131200001,0.00022686,157.84000000
SOXLUSDT,EQUITY,1784160000001,0.00000000,163.13000000
SOXLUSDT,EQUITY,1784188800002,0.00000000,157.74000000
SOXLUSDT,EQUITY,1784217600001,0.00000000,145.60714897
SOXLUSDT,EQUITY,1784246400001,0.00036066,138.77440842
SOXLUSDT,EQUITY,1784275200001,0.00063872,125.04068404
SOXLUSDT,EQUITY,1784304000001,0.00011110,139.24000000
SOXLUSDT,EQUITY,1784332800001,0.00014757,134.09000000
SOXLUSDT,EQUITY,1784361600001,-0.00011218,133.70000000
SOXLUSDT,EQUITY,1784390400001,0.00000000,132.81000000
SOXLUSDT,EQUITY,1784419200001,0.00080789,133.50000000
SOXLUSDT,EQUITY,1784448000001,0.00000000,134.91000000
SOXLUSDT,EQUITY,1784476800001,-0.00096967,131.18000000
SOXLUSDT,EQUITY,1784505600002,0.00278615,134.98190495
SOXLUSDT,EQUITY,1784534400001,0.00002720,138.51041218
SOXLUSDT,EQUITY,1784563200001,0.00000000,144.52000000
SOXLUSDT,EQUITY,1784592000001,0.00007940,137.01618040
SOXLUSDT,EQUITY,1784620800001,0.00000000,150.73928983
SOXLUSDT,EQUITY,1784649600000,0.00000000,156.14000000
SOXLUSDT,EQUITY,1784678400000,0.00000000,159.62486891
SOXLUSDT,EQUITY,1784707200001,0.00000000,147.54822008
MRVLUSDT,EQUITY,1779465600001,0.00040204,196.01138321
MRVLUSDT,EQUITY,1779494400001,0.00000000,195.21095323
MRVLUSDT,EQUITY,1779523200001,0.00000000,193.78000000
MRVLUSDT,EQUITY,1779552000001,0.00005850,195.79346728
MRVLUSDT,EQUITY,1779580800001,0.00000000,198.46959628
MRVLUSDT,EQUITY,1779609600001,0.00000000,198.16022752
MRVLUSDT,EQUITY,1779638400001,0.00000000,198.55337776
MRVLUSDT,EQUITY,1779667200001,0.00000000,198.29000000
MRVLUSDT,EQUITY,1779696000001,0.00038296,202.66000000
MRVLUSDT,EQUITY,1779724800001,0.00000000,204.71952870
MRVLUSDT,EQUITY,1779753600001,0.00000000,204.56000000
MRVLUSDT,EQUITY,1779782400001,0.00100504,203.69000000
MRVLUSDT,EQUITY,1779811200001,0.00064339,200.97485427
MRVLUSDT,EQUITY,1779840000001,0.00106753,213.96239768
MRVLUSDT,EQUITY,1779868800001,0.00064881,215.26290323
MRVLUSDT,EQUITY,1779897600001,0.00112961,198.28000000
MRVLUSDT,EQUITY,1779926400001,0.00002626,196.01000000
MRVLUSDT,EQUITY,1779955200001,0.00101930,195.36821567
MRVLUSDT,EQUITY,1779984000001,0.00064055,200.30847200
MRVLUSDT,EQUITY,1780012800001,0.00000000,203.32000000
MRVLUSDT,EQUITY,1780041600001,0.00007265,203.98000000
MRVLUSDT,EQUITY,1780070400001,0.00011577,202.80727419
MRVLUSDT,EQUITY,1780099200001,0.00013868,204.08000000
MRVLUSDT,EQUITY,1780128000001,0.00000000,205.74913289
MRVLUSDT,EQUITY,1780156800001,0.00000000,205.32045810
MRVLUSDT,EQUITY,1780185600001,0.00000000,205.30227462
MRVLUSDT,EQUITY,1780214400001,0.00000000,204.87338102
MRVLUSDT,EQUITY,1780243200001,0.00000000,204.28620470
MRVLUSDT,EQUITY,1780272000001,0.00000000,206.45000000
MRVLUSDT,EQUITY,1780300800001,0.00000000,205.72000000
MRVLUSDT,EQUITY,1780329600001,0.00005391,214.75700592
MRVLUSDT,EQUITY,1780358400001,0.00028741,219.99560327
MRVLUSDT,EQUITY,1780387200001,0.00318670,259.04489258
MRVLUSDT,EQUITY,1780416000001,0.00132228,282.98598081
MRVLUSDT,EQUITY,1780444800001,0.00055491,319.09000000
MRVLUSDT,EQUITY,1780473600001,0.00197975,332.97893314
MRVLUSDT,EQUITY,1780502400001,0.00087548,306.18000000
MRVLUSDT,EQUITY,1780531200001,0.00023635,282.36242162
MRVLUSDT,EQUITY,1780560000001,0.00022937,292.63382116
MRVLUSDT,EQUITY,1780588800001,0.00048911,305.92940619
MRVLUSDT,EQUITY,1780617600001,0.00000000,304.84601767
MRVLUSDT,EQUITY,1780646400001,0.00000000,302.55874606
MRVLUSDT,EQUITY,1780675200001,0.00008616,291.55000000
MRVLUSDT,EQUITY,1780704000001,-0.00000866,272.50000000
MRVLUSDT,EQUITY,1780732800001,0.00000000,265.39421661
MRVLUSDT,EQUITY,1780761600001,0.00000000,267.70255477
MRVLUSDT,EQUITY,1780790400002,0.00258501,278.86000000
MRVLUSDT,EQUITY,1780819200001,0.00000000,282.24782242
MRVLUSDT,EQUITY,1780848000001,0.00005684,286.76000000
MRVLUSDT,EQUITY,1780876800001,0.00000000,283.62000000
MRVLUSDT,EQUITY,1780905600001,0.00039059,280.65000000
MRVLUSDT,EQUITY,1780934400001,0.00017440,301.01000000
MRVLUSDT,EQUITY,1780963200001,0.00006108,287.55078845
MRVLUSDT,EQUITY,1780992000001,0.00057583,298.00000000
MRVLUSDT,EQUITY,1781020800001,0.00040206,254.96034345
MRVLUSDT,EQUITY,1781049600001,0.00000000,264.12000000
MRVLUSDT,EQUITY,1781078400001,0.00000000,262.13077779
MRVLUSDT,EQUITY,1781107200001,0.00006208,260.03000000
MRVLUSDT,EQUITY,1781136000001,0.00007768,245.45000000
MRVLUSDT,EQUITY,1781164800001,0.00000000,257.31957310
MRVLUSDT,EQUITY,1781193600001,0.00001417,266.59361121
MRVLUSDT,EQUITY,1781222400001,0.00000000,282.06471872
MRVLUSDT,EQUITY,1781251200001,0.00000000,274.61460649
MRVLUSDT,EQUITY,1781280000001,0.00000000,279.43640709
MRVLUSDT,EQUITY,1781308800001,0.00000000,281.04240440
MRVLUSDT,EQUITY,1781337600001,0.00000000,278.18000000
MRVLUSDT,EQUITY,1781366400001,0.00000694,280.05214212
MRVLUSDT,EQUITY,1781395200001,0.00000000,281.50085663
MRVLUSDT,EQUITY,1781424000001,0.00000000,282.90000000
MRVLUSDT,EQUITY,1781452800001,0.00000000,284.97000000
MRVLUSDT,EQUITY,1781481600001,0.00000000,286.99000000
MRVLUSDT,EQUITY,1781510400002,0.00000000,295.98000000
MRVLUSDT,EQUITY,1781539200001,0.00004837,296.11696241
MRVLUSDT,EQUITY,1781568000001,0.00000000,305.21377954
MRVLUSDT,EQUITY,1781596800001,0.00026763,305.18836991
MRVLUSDT,EQUITY,1781625600001,0.00002826,291.64343091
MRVLUSDT,EQUITY,1781654400001,0.00000000,282.31000000
MRVLUSDT,EQUITY,1781683200001,0.00010842,290.43000000
MRVLUSDT,EQUITY,1781712000001,0.00000000,293.62666595
MRVLUSDT,EQUITY,1781740800001,0.00001319,297.78136704
MRVLUSDT,EQUITY,1781769600001,0.00009290,300.87332035
MRVLUSDT,EQUITY,1781798400001,0.00018128,324.10861553
MRVLUSDT,EQUITY,1781827200001,0.00048058,313.83790654
MRVLUSDT,EQUITY,1781856000001,0.00000000,306.27000000
MRVLUSDT,EQUITY,1781884800001,0.00024957,309.30000000
MRVLUSDT,EQUITY,1781913600001,0.00000000,312.01843422
MRVLUSDT,EQUITY,1781942400001,0.00000000,314.20000000
MRVLUSDT,EQUITY,1781971200001,0.00000000,312.12000000
MRVLUSDT,EQUITY,1782000000001,0.00000000,312.57230861
MRVLUSDT,EQUITY,1782028800001,0.00028779,316.70000000
MRVLUSDT,EQUITY,1782057600001,0.00000000,315.46057067
MRVLUSDT,EQUITY,1782086400001,-0.00078481,310.37031235
MRVLUSDT,EQUITY,1782115200001,0.00053711,317.20000000
MRVLUSDT,EQUITY,1782144000001,0.00046205,299.46818561
MRVLUSDT,EQUITY,1782172800001,0.00000000,303.77000000
MRVLUSDT,EQUITY,1782201600002,0.00000000,284.27000000
MRVLUSDT,EQUITY,1782230400001,0.00014572,279.50000000
MRVLUSDT,EQUITY,1782259200001,0.00013095,280.96000000
MRVLUSDT,EQUITY,1782288000001,0.00000000,284.33719979
MRVLUSDT,EQUITY,1782316800001,0.00016178,271.45001817
MRVLUSDT,EQUITY,1782345600002,0.00000000,291.26000000
MRVLUSDT,EQUITY,1782374400001,0.00000000,289.01971751
MRVLUSDT,EQUITY,1782403200001,0.00000000,274.42719920
MRVLUSDT,EQUITY,1782432000001,0.00000000,277.74479301
MRVLUSDT,EQUITY,1782460800002,0.00000000,273.30633988
MRVLUSDT,EQUITY,1782489600001,0.00000000,269.31000000
MRVLUSDT,EQUITY,1782518400001,0.00010771,265.45000000
MRVLUSDT,EQUITY,1782547200001,0.00000000,267.25000000
MRVLUSDT,EQUITY,1782576000001,0.00000000,268.44571426
MRVLUSDT,EQUITY,1782604800002,0.00000000,267.26326175
MRVLUSDT,EQUITY,1782633600002,0.00000000,269.27000000
MRVLUSDT,EQUITY,1782662400001,0.00000000,270.29010247
MRVLUSDT,EQUITY,1782691200001,0.00000000,270.69000000
MRVLUSDT,EQUITY,1782720000001,0.00027594,270.65352149
MRVLUSDT,EQUITY,1782748800001,0.00028051,268.40143837
MRVLUSDT,EQUITY,1782777600000,0.00022551,276.60652684
MRVLUSDT,EQUITY,1782806400000,0.00023456,279.84000000
MRVLUSDT,EQUITY,1782835200001,0.00018187,296.86000000
MRVLUSDT,EQUITY,1782864000000,0.00008214,298.19000000
MRVLUSDT,EQUITY,1782892800001,0.00000000,291.70296002
MRVLUSDT,EQUITY,1782921600001,0.00022328,276.64898623
MRVLUSDT,EQUITY,1782950400000,0.00040965,270.80000000
MRVLUSDT,EQUITY,1782979200001,0.00000000,263.72677035
MRVLUSDT,EQUITY,1783008000001,0.00030866,252.07061852
MRVLUSDT,EQUITY,1783036800001,0.00051853,246.34000000
MRVLUSDT,EQUITY,1783065600001,0.00066146,253.33000000
MRVLUSDT,EQUITY,1783094400001,0.00000000,256.85817770
MRVLUSDT,EQUITY,1783123200001,0.00000000,256.61647050
MRVLUSDT,EQUITY,1783152000001,0.00000000,256.86260287
MRVLUSDT,EQUITY,1783180800001,0.00000000,257.65000000
MRVLUSDT,EQUITY,1783209600002,0.00000000,256.88000000
MRVLUSDT,EQUITY,1783238400001,0.00000000,257.52000000
MRVLUSDT,EQUITY,1783267200001,0.00000000,256.03027767
MRVLUSDT,EQUITY,1783296000001,0.00000000,255.73000000
MRVLUSDT,EQUITY,1783324800001,0.00015816,251.42219111
MRVLUSDT,EQUITY,1783353600001,0.00003699,256.47000000
MRVLUSDT,EQUITY,1783382400001,0.00001182,246.03000000
MRVLUSDT,EQUITY,1783411200001,0.00009627,240.69137621
MRVLUSDT,EQUITY,1783440000001,0.00032139,228.96302652
MRVLUSDT,EQUITY,1783468800002,0.00002914,226.47351114
MRVLUSDT,EQUITY,1783497600001,0.00003650,229.12957104
MRVLUSDT,EQUITY,1783526400001,0.00009091,226.17000000
MRVLUSDT,EQUITY,1783555200001,0.00044742,234.88000000
MRVLUSDT,EQUITY,1783584000001,0.00020164,241.34000000
MRVLUSDT,EQUITY,1783612800001,0.00001866,247.85000000
MRVLUSDT,EQUITY,1783627200001,0.00000000,243.41789737
MRVLUSDT,EQUITY,1783630800002,0.00001166,244.47000000
MRVLUSDT,EQUITY,1783634400001,0.00001698,244.47905699
MRVLUSDT,EQUITY,1783638000001,0.00001744,244.76718087
MRVLUSDT,EQUITY,1783641600001,0.00000000,244.93000000
MRVLUSDT,EQUITY,1783641601001,-0.00024493,244.96424648
MRVLUSDT,EQUITY,1783670400001,0.00000000,239.98000000
MRVLUSDT,EQUITY,1783699200001,0.00000000,236.59000000
MRVLUSDT,EQUITY,1783728000001,0.00012257,236.83881927
MRVLUSDT,EQUITY,1783756800001,0.00000000,238.38000000
MRVLUSDT,EQUITY,1783785600001,0.00000000,237.89948445
MRVLUSDT,EQUITY,1783814400001,-0.00020326,236.79000000
MRVLUSDT,EQUITY,1783843200001,0.00000000,236.43394864
MRVLUSDT,EQUITY,1783872000001,0.00000000,238.59000000
MRVLUSDT,EQUITY,1783900800001,-0.00026634,236.40663588
MRVLUSDT,EQUITY,1783929600001,0.00001107,227.19000000
MRVLUSDT,EQUITY,1783958400001,0.00006188,221.14000000
MRVLUSDT,EQUITY,1783987200002,0.00009450,214.25000000
MRVLUSDT,EQUITY,1784016000001,0.00016684,221.41541461
MRVLUSDT,EQUITY,1784044800001,0.00022244,223.92677920
MRVLUSDT,EQUITY,1784073600001,0.00017543,223.67541127
MRVLUSDT,EQUITY,1784102400001,0.00001247,227.16000000
MRVLUSDT,EQUITY,1784131200001,0.00008714,207.18000000
MRVLUSDT,EQUITY,1784160000001,0.00005495,204.72016973
MRVLUSDT,EQUITY,1784188800002,0.00001622,202.99366266
MRVLUSDT,EQUITY,1784217600001,0.00000000,190.69000000
MRVLUSDT,EQUITY,1784246400001,0.00000000,185.67000000
MRVLUSDT,EQUITY,1784275200001,0.00000000,178.21000762
MRVLUSDT,EQUITY,1784304000001,0.00000000,189.49000000
MRVLUSDT,EQUITY,1784332800001,0.00000000,186.93000000
MRVLUSDT,EQUITY,1784361600001,0.00000000,185.15000000
MRVLUSDT,EQUITY,1784390400001,0.00000000,184.25977202
MRVLUSDT,EQUITY,1784419200001,0.00000000,184.57000000
MRVLUSDT,EQUITY,1784448000001,0.00022484,188.23264455
MRVLUSDT,EQUITY,1784476800001,0.00000000,187.15000000
MRVLUSDT,EQUITY,1784505600002,0.00085408,189.83016266
MRVLUSDT,EQUITY,1784534400001,0.00000000,190.61000000
MRVLUSDT,EQUITY,1784563200001,0.00000000,200.97600552
MRVLUSDT,EQUITY,1784592000001,0.00000000,194.86450351
MRVLUSDT,EQUITY,1784620800001,0.00014994,206.61293936
MRVLUSDT,EQUITY,1784649600000,0.00000000,208.79000000
MRVLUSDT,EQUITY,1784678400000,0.00000000,211.88000000
MRVLUSDT,EQUITY,1784707200001,0.00000000,203.05188667
CRWVUSDT,EQUITY,1779465600001,0.00029845,107.16000000
CRWVUSDT,EQUITY,1779494400001,0.00010882,104.43074119
CRWVUSDT,EQUITY,1779523200001,0.00000000,103.66749101
CRWVUSDT,EQUITY,1779552000001,0.00093430,105.96543526
CRWVUSDT,EQUITY,1779580800001,0.00041288,108.47000000
CRWVUSDT,EQUITY,1779609600001,0.00000000,107.56271449
CRWVUSDT,EQUITY,1779638400001,0.00000000,108.44000000
CRWVUSDT,EQUITY,1779667200001,0.00000000,107.98287707
CRWVUSDT,EQUITY,1779696000001,0.00000000,109.28657157
CRWVUSDT,EQUITY,1779724800001,0.00000000,109.29000000
CRWVUSDT,EQUITY,1779753600001,0.00000000,108.51373648
CRWVUSDT,EQUITY,1779782400001,0.00012843,107.51000000
CRWVUSDT,EQUITY,1779811200001,0.00030779,107.43365945
CRWVUSDT,EQUITY,1779840000001,0.00000000,106.60589837
CRWVUSDT,EQUITY,1779868800001,0.00000000,105.54000000
CRWVUSDT,EQUITY,1779897600001,0.00003916,100.60652748
CRWVUSDT,EQUITY,1779926400001,0.00010748,105.61976723
CRWVUSDT,EQUITY,1779955200001,0.00000000,103.98698717
CRWVUSDT,EQUITY,1779984000001,0.00056159,107.84350329
CRWVUSDT,EQUITY,1780012800001,0.00059352,107.66000000
CRWVUSDT,EQUITY,1780041600001,0.00000000,107.62000000
CRWVUSDT,EQUITY,1780070400001,0.00058723,104.81898700
CRWVUSDT,EQUITY,1780099200001,0.00077969,108.48128162
CRWVUSDT,EQUITY,1780128000001,0.00092434,112.29000000
CRWVUSDT,EQUITY,1780156800001,0.00000000,112.19582137
CRWVUSDT,EQUITY,1780185600001,0.00000000,113.47741891
CRWVUSDT,EQUITY,1780214400001,0.00035634,116.01000000
CRWVUSDT,EQUITY,1780243200001,-0.00031211,115.17000000
CRWVUSDT,EQUITY,1780272000001,0.00000000,114.75000000
CRWVUSDT,EQUITY,1780300800001,0.00152263,112.54000000
CRWVUSDT,EQUITY,1780329600001,0.00047870,123.31896944
CRWVUSDT,EQUITY,1780358400001,0.00043046,126.31599195
CRWVUSDT,EQUITY,1780387200001,0.00019616,129.26308919
CRWVUSDT,EQUITY,1780416000001,0.00031799,124.05000000
CRWVUSDT,EQUITY,1780444800001,0.00000000,119.34416095
CRWVUSDT,EQUITY,1780473600001,0.00021487,119.61000000
CRWVUSDT,EQUITY,1780502400001,0.00004863,112.56546301
CRWVUSDT,EQUITY,1780531200001,0.00000000,106.47000000
CRWVUSDT,EQUITY,1780560000001,0.00000000,109.27112727
CRWVUSDT,EQUITY,1780588800001,0.00000000,106.99714365
CRWVUSDT,EQUITY,1780617600001,0.00000000,106.81181139
CRWVUSDT,EQUITY,1780646400001,0.00000000,105.74968940
CRWVUSDT,EQUITY,1780675200001,0.00000000,100.78693457
CRWVUSDT,EQUITY,1780704000001,0.00000000,98.19849750
CRWVUSDT,EQUITY,1780732800001,-0.00109507,93.93000000
CRWVUSDT,EQUITY,1780761600001,0.00097650,96.31942088
CRWVUSDT,EQUITY,1780790400002,0.00000000,97.89000000
CRWVUSDT,EQUITY,1780819200001,0.00000000,99.59394944
CRWVUSDT,EQUITY,1780848000001,0.00000000,98.78519062
CRWVUSDT,EQUITY,1780876800001,0.00000000,98.60000000
CRWVUSDT,EQUITY,1780905600001,0.00000000,100.17616847
CRWVUSDT,EQUITY,1780934400001,0.00000000,102.75000000
CRWVUSDT,EQUITY,1780963200001,0.00000000,102.25982512
CRWVUSDT,EQUITY,1780992000001,0.00000000,104.88000000
CRWVUSDT,EQUITY,1781020800001,0.00000000,96.62548020
CRWVUSDT,EQUITY,1781049600001,0.00000000,97.79965423
CRWVUSDT,EQUITY,1781078400001,0.00000000,96.91838710
CRWVUSDT,EQUITY,1781107200001,0.00000000,97.08291516
CRWVUSDT,EQUITY,1781136000001,0.00000000,92.75000000
CRWVUSDT,EQUITY,1781164800001,0.00000000,94.52000000
CRWVUSDT,EQUITY,1781193600001,0.00000000,92.99286558
CRWVUSDT,EQUITY,1781222400001,0.00003751,97.39544333
CRWVUSDT,EQUITY,1781251200001,0.00010508,100.04655115
CRWVUSDT,EQUITY,1781280000001,0.00000269,101.99025565
CRWVUSDT,EQUITY,1781308800001,0.00000000,102.24164843
CRWVUSDT,EQUITY,1781337600001,0.00000000,101.20000000
CRWVUSDT,EQUITY,1781366400001,0.00000000,101.09823170
CRWVUSDT,EQUITY,1781395200001,0.00000000,101.05000000
CRWVUSDT,EQUITY,1781424000001,0.00000000,101.37000000
CRWVUSDT,EQUITY,1781452800001,0.00000000,103.01980601
CRWVUSDT,EQUITY,1781481600001,0.00181732,106.88335575
CRWVUSDT,EQUITY,1781510400002,0.00026038,106.37000000
CRWVUSDT,EQUITY,1781539200001,0.00007806,107.70000000
CRWVUSDT,EQUITY,1781568000001,0.00000000,107.87345184
CRWVUSDT,EQUITY,1781596800001,0.00017899,107.33613137
CRWVUSDT,EQUITY,1781625600001,0.00026108,115.98000000
CRWVUSDT,EQUITY,1781654400001,0.00032936,117.43656986
CRWVUSDT,EQUITY,1781683200001,0.00046710,120.31754314
CRWVUSDT,EQUITY,1781712000001,0.00022450,119.57000000
CRWVUSDT,EQUITY,1781740800001,0.00002991,119.19522973
CRWVUSDT,EQUITY,1781769600001,0.00026336,119.57000000
CRWVUSDT,EQUITY,1781798400001,0.00019194,117.85395873
CRWVUSDT,EQUITY,1781827200001,0.00022884,117.72152872
CRWVUSDT,EQUITY,1781856000001,0.00000000,116.76000000
CRWVUSDT,EQUITY,1781884800001,0.00000000,116.08000000
CRWVUSDT,EQUITY,1781913600001,0.00000000,115.50000000
CRWVUSDT,EQUITY,1781942400001,0.00093662,118.35028319
CRWVUSDT,EQUITY,1781971200001,0.00000000,118.45000000
CRWVUSDT,EQUITY,1782000000001,0.00000000,118.37000000
CRWVUSDT,EQUITY,1782028800001,0.00001141,119.54000316
CRWVUSDT,EQUITY,1782057600001,0.00000000,118.99000000
CRWVUSDT,EQUITY,1782086400001,-0.00034054,116.49000000
CRWVUSDT,EQUITY,1782115200001,0.00011292,117.83467742
CRWVUSDT,EQUITY,1782144000001,0.00000000,108.63000000
CRWVUSDT,EQUITY,1782172800001,-0.00031061,110.21836566
CRWVUSDT,EQUITY,1782201600002,0.00000000,103.85685491
CRWVUSDT,EQUITY,1782230400001,0.00000000,106.38000000
CRWVUSDT,EQUITY,1782259200001,0.00002203,105.86000000
CRWVUSDT,EQUITY,1782288000001,0.00005482,106.80636180
CRWVUSDT,EQUITY,1782316800001,0.00000000,102.61145487
CRWVUSDT,EQUITY,1782345600002,0.00039612,105.25989472
CRWVUSDT,EQUITY,1782374400001,0.00023813,104.84617091
CRWVUSDT,EQUITY,1782403200001,0.00000000,100.47041087
CRWVUSDT,EQUITY,1782432000001,0.00003462,99.14466364
CRWVUSDT,EQUITY,1782460800002,0.00008843,97.47008912
CRWVUSDT,EQUITY,1782489600001,0.00000000,95.56000000
CRWVUSDT,EQUITY,1782518400001,0.00000000,96.29462015
CRWVUSDT,EQUITY,1782547200001,0.00000000,96.36000000
CRWVUSDT,EQUITY,1782576000001,0.00000000,96.75000000
CRWVUSDT,EQUITY,1782604800002,0.00000000,96.49522992
CRWVUSDT,EQUITY,1782633600002,0.00000000,96.91649691
CRWVUSDT,EQUITY,1782662400001,0.00000000,97.13000000
CRWVUSDT,EQUITY,1782691200001,0.00013616,98.25991656
CRWVUSDT,EQUITY,1782720000001,0.00020420,98.74927766
CRWVUSDT,EQUITY,1782748800001,0.00000000,93.84000000
CRWVUSDT,EQUITY,1782777600000,0.00061369,95.78000000
CRWVUSDT,EQUITY,1782806400000,0.00021482,96.21000000
CRWVUSDT,EQUITY,1782835200001,0.00017856,97.37281467
CRWVUSDT,EQUITY,1782864000000,0.00000000,101.47224838
CRWVUSDT,EQUITY,1782892800001,0.00000000,99.12376720
CRWVUSDT,EQUITY,1782921600001,0.00000618,86.94000000
CRWVUSDT,EQUITY,1782950400000,0.00021201,86.56000000
CRWVUSDT,EQUITY,1782979200001,0.00000000,84.15066783
CRWVUSDT,EQUITY,1783008000001,0.00000000,82.69666530
CRWVUSDT,EQUITY,1783036800001,0.00023017,83.02000000
CRWVUSDT,EQUITY,1783065600001,0.00034118,84.51538852
CRWVUSDT,EQUITY,1783094400001,0.00000000,84.14000000
CRWVUSDT,EQUITY,1783123200001,0.00000000,84.12168355
CRWVUSDT,EQUITY,1783152000001,0.00000000,84.14597897
CRWVUSDT,EQUITY,1783180800001,0.00000000,84.74000000
CRWVUSDT,EQUITY,1783209600002,0.00000000,84.31281659
CRWVUSDT,EQUITY,1783238400001,0.00000000,84.90376258
CRWVUSDT,EQUITY,1783267200001,0.00000000,84.87000000
CRWVUSDT,EQUITY,1783296000001,0.00000000,85.63000000
CRWVUSDT,EQUITY,1783324800001,0.00013725,83.95362737
CRWVUSDT,EQUITY,1783353600001,0.00000000,86.93418429
CRWVUSDT,EQUITY,1783382400001,0.00001177,86.05559943
CRWVUSDT,EQUITY,1783411200001,0.00000000,84.87195948
CRWVUSDT,EQUITY,1783440000001,0.00000000,82.63000000
CRWVUSDT,EQUITY,1783468800002,0.00000000,82.08080869
CRWVUSDT,EQUITY,1783497600001,0.00002556,82.73273061
CRWVUSDT,EQUITY,1783526400001,0.00000000,84.82000000
CRWVUSDT,EQUITY,1783555200001,0.00000000,89.40596358
CRWVUSDT,EQUITY,1783584000001,0.00000000,90.60401397
CRWVUSDT,EQUITY,1783612800001,0.00000000,92.83362947
CRWVUSDT,EQUITY,1783641600001,0.00000000,89.92345930
CRWVUSDT,EQUITY,1783670400001,0.00000000,89.08169232
CRWVUSDT,EQUITY,1783699200001,0.00000000,89.30000000
CRWVUSDT,EQUITY,1783728000001,0.00000000,88.79000000
CRWVUSDT,EQUITY,1783756800001,0.00000000,89.16000797
CRWVUSDT,EQUITY,1783785600001,0.00000000,89.26177254
CRWVUSDT,EQUITY,1783814400001,0.00000000,89.91511037
CRWVUSDT,EQUITY,1783843200001,0.00000000,89.42858816
CRWVUSDT,EQUITY,1783872000001,0.00000000,89.47000000
CRWVUSDT,EQUITY,1783900800001,0.00000000,89.00637102
CRWVUSDT,EQUITY,1783929600001,0.00000000,85.92193396
CRWVUSDT,EQUITY,1783958400001,0.00000000,85.98343057
CRWVUSDT,EQUITY,1783987200002,0.00000000,82.44000000
CRWVUSDT,EQUITY,1784016000001,0.00000000,84.09000000
CRWVUSDT,EQUITY,1784044800001,0.00006426,80.57620150
CRWVUSDT,EQUITY,1784073600001,0.00000000,80.58997957
CRWVUSDT,EQUITY,1784102400001,0.00000000,80.79155466
CRWVUSDT,EQUITY,1784131200001,0.00000000,76.62846613
CRWVUSDT,EQUITY,1784160000001,0.00000000,76.86573156
CRWVUSDT,EQUITY,1784188800002,0.00000000,76.20389067
CRWVUSDT,EQUITY,1784217600001,0.00000000,72.88737717
CRWVUSDT,EQUITY,1784246400001,0.00000000,71.62000000
CRWVUSDT,EQUITY,1784275200001,0.00000000,69.92421966
CRWVUSDT,EQUITY,1784304000001,0.00000000,74.30000000
CRWVUSDT,EQUITY,1784332800001,0.00000000,73.32000000
CRWVUSDT,EQUITY,1784361600001,0.00000000,73.38003537
CRWVUSDT,EQUITY,1784390400001,0.00000000,73.51278067
CRWVUSDT,EQUITY,1784419200001,0.00000000,74.17319346
CRWVUSDT,EQUITY,1784448000001,-0.00022607,72.79314446
CRWVUSDT,EQUITY,1784476800001,0.00000000,72.40000000
CRWVUSDT,EQUITY,1784505600002,0.00052569,74.20000000
CRWVUSDT,EQUITY,1784534400001,0.00000000,74.57409309
CRWVUSDT,EQUITY,1784563200001,0.00000000,75.18426590
CRWVUSDT,EQUITY,1784592000001,0.00000000,74.24000000
CRWVUSDT,EQUITY,1784620800001,0.00000000,75.53000000
CRWVUSDT,EQUITY,1784649600000,0.00000000,77.89498169
CRWVUSDT,EQUITY,1784678400000,0.00000000,81.72417639
CRWVUSDT,EQUITY,1784707200001,0.00000000,80.22000000
WMTUSDT,EQUITY,1779465600001,0.00000000,120.20026705
WMTUSDT,EQUITY,1779494400001,-0.00058161,119.69236924
WMTUSDT,EQUITY,1779523200001,0.00000000,119.70000000
WMTUSDT,EQUITY,1779552000001,0.00000000,119.57000000
WMTUSDT,EQUITY,1779580800001,0.00000000,120.28000000
WMTUSDT,EQUITY,1779609600001,0.00000000,120.19973813
WMTUSDT,EQUITY,1779638400001,0.00000000,119.82025060
WMTUSDT,EQUITY,1779667200001,0.00000000,120.09320785
WMTUSDT,EQUITY,1779696000001,0.00000000,120.39522916
WMTUSDT,EQUITY,1779724800001,0.00000000,119.91000000
WMTUSDT,EQUITY,1779753600001,0.00000000,120.07920429
WMTUSDT,EQUITY,1779782400001,0.00000000,120.21500000
WMTUSDT,EQUITY,1779811200001,0.00000000,118.88000000
WMTUSDT,EQUITY,1779840000001,0.00000000,118.65956027
WMTUSDT,EQUITY,1779868800001,0.00000000,118.76983871
WMTUSDT,EQUITY,1779897600001,0.00000000,119.00000000
WMTUSDT,EQUITY,1779926400001,0.00000000,118.89000000
WMTUSDT,EQUITY,1779955200001,0.00000000,118.97933333
WMTUSDT,EQUITY,1779984000001,0.00000000,117.74000000
WMTUSDT,EQUITY,1780012800001,0.00000000,118.60736533
WMTUSDT,EQUITY,1780041600001,0.00000000,118.47217274
WMTUSDT,EQUITY,1780070400001,0.00000000,115.29060481
WMTUSDT,EQUITY,1780099200001,0.00000000,115.89000000
WMTUSDT,EQUITY,1780128000001,0.00000000,115.91896869
WMTUSDT,EQUITY,1780156800001,0.00000000,116.11485650
WMTUSDT,EQUITY,1780185600001,0.00000000,116.23363430
WMTUSDT,EQUITY,1780214400001,0.00000000,116.46755553
WMTUSDT,EQUITY,1780243200001,0.00000000,116.83026009
WMTUSDT,EQUITY,1780272000001,0.00000000,116.48506573
WMTUSDT,EQUITY,1780300800001,0.00010016,115.66579565
WMTUSDT,EQUITY,1780329600001,0.00000000,114.04447352
WMTUSDT,EQUITY,1780358400001,0.00000000,114.54000000
WMTUSDT,EQUITY,1780387200001,0.00000000,114.71000000
WMTUSDT,EQUITY,1780416000001,0.00000000,113.37603432
WMTUSDT,EQUITY,1780444800001,0.00000000,112.96000000
WMTUSDT,EQUITY,1780473600001,0.00000000,113.16000000
WMTUSDT,EQUITY,1780502400001,0.00000000,116.47000000
WMTUSDT,EQUITY,1780531200001,0.00000000,118.34721997
WMTUSDT,EQUITY,1780560000001,0.00000000,118.46392329
WMTUSDT,EQUITY,1780588800001,0.00000000,118.19000000
WMTUSDT,EQUITY,1780617600001,0.00000000,118.17001901
WMTUSDT,EQUITY,1780646400001,0.00000000,117.97290323
WMTUSDT,EQUITY,1780675200001,0.00000000,120.00000000
WMTUSDT,EQUITY,1780704000001,0.00000000,118.65000000
WMTUSDT,EQUITY,1780732800001,-0.00005434,115.97000000
WMTUSDT,EQUITY,1780761600001,0.00000000,116.52509148
WMTUSDT,EQUITY,1780790400002,0.00000000,116.70907329
WMTUSDT,EQUITY,1780819200001,0.00000000,117.32000000
WMTUSDT,EQUITY,1780848000001,0.00000000,117.22467641
WMTUSDT,EQUITY,1780876800001,0.00000000,116.81758035
WMTUSDT,EQUITY,1780905600001,0.00000000,118.67000000
WMTUSDT,EQUITY,1780934400001,0.00000000,119.82000000
WMTUSDT,EQUITY,1780963200001,0.00000000,119.71004304
WMTUSDT,EQUITY,1780992000001,0.00000000,119.45166097
WMTUSDT,EQUITY,1781020800001,0.00000000,120.02148580
WMTUSDT,EQUITY,1781049600001,0.00000000,119.08499217
WMTUSDT,EQUITY,1781078400001,0.00000000,119.53000000
WMTUSDT,EQUITY,1781107200001,0.00000000,119.62319089
WMTUSDT,EQUITY,1781136000001,0.00000000,120.38497469
WMTUSDT,EQUITY,1781164800001,0.00000000,120.26000000
WMTUSDT,EQUITY,1781193600001,0.00000000,121.03000000
WMTUSDT,EQUITY,1781222400001,0.00000000,119.95540367
WMTUSDT,EQUITY,1781251200001,0.00000000,120.71478495
WMTUSDT,EQUITY,1781280000001,0.00000000,119.95479317
WMTUSDT,EQUITY,1781308800001,0.00000000,120.81768509
WMTUSDT,EQUITY,1781337600001,0.00000000,120.45000000
WMTUSDT,EQUITY,1781366400001,0.00000000,120.12000000
WMTUSDT,EQUITY,1781395200001,0.00000000,120.04964225
WMTUSDT,EQUITY,1781424000001,0.00000000,120.41054199
WMTUSDT,EQUITY,1781452800001,0.00000000,120.03168987
WMTUSDT,EQUITY,1781481600001,0.00000000,120.78281028
WMTUSDT,EQUITY,1781510400002,0.00000000,120.36795527
WMTUSDT,EQUITY,1781539200001,0.00000000,120.16836309
WMTUSDT,EQUITY,1781568000001,0.00000000,120.62000000
WMTUSDT,EQUITY,1781596800001,0.00000000,120.72000000
WMTUSDT,EQUITY,1781625600001,0.00000000,121.92756432
WMTUSDT,EQUITY,1781654400001,0.00000000,121.02446333
WMTUSDT,EQUITY,1781683200001,0.00000000,120.81230456
WMTUSDT,EQUITY,1781712000001,0.00000000,119.24129453
WMTUSDT,EQUITY,1781740800001,0.00000000,118.20996858
WMTUSDT,EQUITY,1781769600001,0.00000000,118.14401978
WMTUSDT,EQUITY,1781798400001,0.00000000,117.35835062
WMTUSDT,EQUITY,1781827200001,0.00000000,117.11231944
WMTUSDT,EQUITY,1781856000001,0.00000000,117.10598506
WMTUSDT,EQUITY,1781884800001,0.00000000,116.92541439
WMTUSDT,EQUITY,1781913600001,0.00000000,117.14006771
WMTUSDT,EQUITY,1781942400001,0.00000000,117.10035245
WMTUSDT,EQUITY,1781971200001,0.00000000,117.42000000
WMTUSDT,EQUITY,1782000000001,0.00000000,117.74509147
WMTUSDT,EQUITY,1782028800001,0.00000000,118.04610237
WMTUSDT,EQUITY,1782057600001,0.00000000,118.01595300
WMTUSDT,EQUITY,1782086400001,0.00000000,118.07000000
WMTUSDT,EQUITY,1782115200001,0.00000000,116.94507246
WMTUSDT,EQUITY,1782144000001,0.00000000,117.74378938
WMTUSDT,EQUITY,1782172800001,0.00000000,117.11797156
WMTUSDT,EQUITY,1782201600002,0.00000000,118.06000000
WMTUSDT,EQUITY,1782230400001,0.00000000,119.83229473
WMTUSDT,EQUITY,1782259200001,0.00000000,119.41000000
WMTUSDT,EQUITY,1782288000001,0.00000000,118.95000000
WMTUSDT,EQUITY,1782316800001,0.00000000,119.80359566
WMTUSDT,EQUITY,1782345600002,0.00000000,116.91000000
WMTUSDT,EQUITY,1782374400001,0.00000000,117.82000000
WMTUSDT,EQUITY,1782403200001,0.00000000,116.80000000
WMTUSDT,EQUITY,1782432000001,0.00000000,116.30001400
WMTUSDT,EQUITY,1782460800002,0.00000000,116.59000000
WMTUSDT,EQUITY,1782489600001,0.00000000,116.95073938
WMTUSDT,EQUITY,1782518400001,0.00000000,115.68000196
WMTUSDT,EQUITY,1782547200001,0.00000000,115.97642533
WMTUSDT,EQUITY,1782576000001,0.00000000,116.20000000
WMTUSDT,EQUITY,1782604800002,0.00000000,116.06867773
WMTUSDT,EQUITY,1782633600002,0.00000000,116.09493897
WMTUSDT,EQUITY,1782662400001,0.00000000,115.58458972
WMTUSDT,EQUITY,1782691200001,0.00000000,115.40576248
WMTUSDT,EQUITY,1782720000001,0.00000000,115.53962264
WMTUSDT,EQUITY,1782748800001,0.00000000,114.70684424
WMTUSDT,EQUITY,1782777600000,0.00000000,114.58621342
WMTUSDT,EQUITY,1782806400000,0.00000000,114.55000000
WMTUSDT,EQUITY,1782835200001,0.00000000,113.74184853
WMTUSDT,EQUITY,1782864000000,0.00000000,113.25536625
WMTUSDT,EQUITY,1782892800001,0.00000000,113.80000000
WMTUSDT,EQUITY,1782921600001,0.00000000,107.92171618
WMTUSDT,EQUITY,1782950400000,0.00000000,108.55301396
WMTUSDT,EQUITY,1782979200001,0.00000000,109.31000000
WMTUSDT,EQUITY,1783008000001,0.00000000,111.67994998
WMTUSDT,EQUITY,1783036800001,0.00000000,111.71448599
WMTUSDT,EQUITY,1783065600001,0.00000000,111.52004123
WMTUSDT,EQUITY,1783094400001,0.00000000,111.28002866
WMTUSDT,EQUITY,1783123200001,0.00000000,111.08000000
WMTUSDT,EQUITY,1783152000001,0.00000000,111.25000000
WMTUSDT,EQUITY,1783180800001,0.00000000,111.25050464
WMTUSDT,EQUITY,1783209600002,0.00000000,111.22497882
WMTUSDT,EQUITY,1783238400001,0.00000000,111.09000000
WMTUSDT,EQUITY,1783267200001,0.00000000,111.46000000
WMTUSDT,EQUITY,1783296000001,0.00000000,111.43006576
WMTUSDT,EQUITY,1783324800001,0.00000000,111.80000000
WMTUSDT,EQUITY,1783353600001,0.00000000,109.56932144
WMTUSDT,EQUITY,1783382400001,0.00000000,110.81000000
WMTUSDT,EQUITY,1783411200001,0.00000000,111.29390705
WMTUSDT,EQUITY,1783440000001,0.00000000,111.91058680
WMTUSDT,EQUITY,1783468800002,0.00000000,112.03736915
WMTUSDT,EQUITY,1783497600001,0.00000000,112.08691543
WMTUSDT,EQUITY,1783526400001,0.00000000,113.42450713
WMTUSDT,EQUITY,1783555200001,0.00000000,113.03684863
WMTUSDT,EQUITY,1783584000001,0.00000000,112.80047783
WMTUSDT,EQUITY,1783612800001,0.00000000,112.26673272
WMTUSDT,EQUITY,1783641600001,0.00000000,111.61000000
WMTUSDT,EQUITY,1783670400001,0.00000000,112.19521127
WMTUSDT,EQUITY,1783699200001,0.00000000,113.70000000
WMTUSDT,EQUITY,1783728000001,0.00000000,113.79003368
WMTUSDT,EQUITY,1783756800001,0.00000000,113.96000000
WMTUSDT,EQUITY,1783785600001,0.00000000,114.44557662
WMTUSDT,EQUITY,1783814400001,0.00000000,113.88406669
WMTUSDT,EQUITY,1783843200001,0.00000000,113.70321226
WMTUSDT,EQUITY,1783872000001,0.00000000,113.63000000
WMTUSDT,EQUITY,1783900800001,0.00000000,113.58000000
WMTUSDT,EQUITY,1783929600001,0.00000000,114.57000000
WMTUSDT,EQUITY,1783958400001,0.00000000,114.41416669
WMTUSDT,EQUITY,1783987200002,0.00000000,114.85000000
WMTUSDT,EQUITY,1784016000001,0.00000000,114.46764544
WMTUSDT,EQUITY,1784044800001,0.00000000,114.60062411
WMTUSDT,EQUITY,1784073600001,0.00000000,113.87000000
WMTUSDT,EQUITY,1784102400001,0.00000000,113.70096698
WMTUSDT,EQUITY,1784131200001,0.00000000,114.30561728
WMTUSDT,EQUITY,1784160000001,0.00000000,112.86014160
WMTUSDT,EQUITY,1784188800002,0.00000000,112.79000000
WMTUSDT,EQUITY,1784217600001,0.00000000,114.54522359
WMTUSDT,EQUITY,1784246400001,0.00000000,115.47000000
WMTUSDT,EQUITY,1784275200001,0.00000000,116.41111321
WMTUSDT,EQUITY,1784304000001,0.00000000,115.31830974
WMTUSDT,EQUITY,1784332800001,0.00000000,114.31236405
WMTUSDT,EQUITY,1784361600001,0.00000000,114.11886795
WMTUSDT,EQUITY,1784390400001,0.00000000,114.39345789
WMTUSDT,EQUITY,1784419200001,0.00000000,114.14512306
WMTUSDT,EQUITY,1784448000001,0.00000000,113.85000000
WMTUSDT,EQUITY,1784476800001,0.00000000,113.89499607
WMTUSDT,EQUITY,1784505600002,0.00000000,114.39013481
WMTUSDT,EQUITY,1784534400001,0.00000000,114.28152268
WMTUSDT,EQUITY,1784563200001,0.00000000,113.02934419
WMTUSDT,EQUITY,1784592000001,0.00000000,112.26000000
WMTUSDT,EQUITY,1784620800001,0.00000000,112.03000000
WMTUSDT,EQUITY,1784649600000,0.00000000,110.49170010
WMTUSDT,EQUITY,1784678400000,0.00000000,109.98000000
WMTUSDT,EQUITY,1784707200001,0.00000000,110.77603831
JPMUSDT,EQUITY,1779465600001,0.00000000,305.74480484
JPMUSDT,EQUITY,1779494400001,0.00000000,306.33000000
JPMUSDT,EQUITY,1779523200001,0.00000000,306.56362530
JPMUSDT,EQUITY,1779552000001,0.00000000,312.07929277
JPMUSDT,EQUITY,1779580800001,0.00000000,312.86487348
JPMUSDT,EQUITY,1779609600001,0.00000000,314.13015225
JPMUSDT,EQUITY,1779638400001,0.00000000,314.36392135
JPMUSDT,EQUITY,1779667200001,0.00000000,314.68000000
JPMUSDT,EQUITY,1779696000001,0.00000000,318.20174988
JPMUSDT,EQUITY,1779724800001,0.00000000,317.89000000
JPMUSDT,EQUITY,1779753600001,0.00000000,315.46722665
JPMUSDT,EQUITY,1779782400001,0.00002160,307.64000000
JPMUSDT,EQUITY,1779811200001,0.00000000,306.96220023
JPMUSDT,EQUITY,1779840000001,0.00000000,307.06000000
JPMUSDT,EQUITY,1779868800001,0.00000000,308.11219048
JPMUSDT,EQUITY,1779897600001,0.00000000,297.74000000
JPMUSDT,EQUITY,1779926400001,0.00000000,298.84935294
JPMUSDT,EQUITY,1779955200001,0.00000000,299.67482250
JPMUSDT,EQUITY,1779984000001,0.00000000,297.75356521
JPMUSDT,EQUITY,1780012800001,0.00000000,296.75000000
JPMUSDT,EQUITY,1780041600001,0.00000000,296.96871226
JPMUSDT,EQUITY,1780070400001,0.00000000,297.64000000
JPMUSDT,EQUITY,1780099200001,0.00000000,298.15000000
JPMUSDT,EQUITY,1780128000001,0.00000000,298.98019658
JPMUSDT,EQUITY,1780156800001,0.00000000,299.27000000
JPMUSDT,EQUITY,1780185600001,0.00000000,297.07475359
JPMUSDT,EQUITY,1780214400001,0.00000000,298.98000000
JPMUSDT,EQUITY,1780243200001,0.00000000,302.84501412
JPMUSDT,EQUITY,1780272000001,0.00000000,302.02402186
JPMUSDT,EQUITY,1780300800001,0.00000000,298.67582903
JPMUSDT,EQUITY,1780329600001,0.00000000,296.62791653
JPMUSDT,EQUITY,1780358400001,0.00000000,296.64000000
JPMUSDT,EQUITY,1780387200001,0.00000000,296.60000000
JPMUSDT,EQUITY,1780416000001,0.00000000,299.27105000
JPMUSDT,EQUITY,1780444800001,0.00000000,301.28453308
JPMUSDT,EQUITY,1780473600001,0.00000000,301.08013431
JPMUSDT,EQUITY,1780502400001,0.00000000,297.88631550
JPMUSDT,EQUITY,1780531200001,0.00000000,300.66293309
JPMUSDT,EQUITY,1780560000001,0.00000000,301.08317963
JPMUSDT,EQUITY,1780588800001,0.00000000,310.42366004
JPMUSDT,EQUITY,1780617600001,0.00000000,310.90814390
JPMUSDT,EQUITY,1780646400001,0.00000000,311.63795572
JPMUSDT,EQUITY,1780675200001,0.00000000,311.24152190
JPMUSDT,EQUITY,1780704000001,0.00000000,311.62412340
JPMUSDT,EQUITY,1780732800001,-0.00049882,302.14989903
JPMUSDT,EQUITY,1780761600001,0.00000000,303.03282479
JPMUSDT,EQUITY,1780790400002,0.00000000,303.37467776
JPMUSDT,EQUITY,1780819200001,0.00000000,304.33452767
JPMUSDT,EQUITY,1780848000001,0.00000000,305.57000000
JPMUSDT,EQUITY,1780876800001,0.00000000,308.36516338
JPMUSDT,EQUITY,1780905600001,0.00000000,311.90715121
JPMUSDT,EQUITY,1780934400001,0.00000000,312.62180673
JPMUSDT,EQUITY,1780963200001,0.00000000,311.29000000
JPMUSDT,EQUITY,1780992000001,0.00000000,310.96854839
JPMUSDT,EQUITY,1781020800001,0.00000000,309.80580322
JPMUSDT,EQUITY,1781049600001,0.00000000,311.76000000
JPMUSDT,EQUITY,1781078400001,0.00000000,311.87266667
JPMUSDT,EQUITY,1781107200001,0.00000000,311.18535185
JPMUSDT,EQUITY,1781136000001,0.00000000,309.04502634
JPMUSDT,EQUITY,1781164800001,0.00000000,310.54000000
JPMUSDT,EQUITY,1781193600001,0.00000000,310.33060350
JPMUSDT,EQUITY,1781222400001,0.00000000,313.64363930
JPMUSDT,EQUITY,1781251200001,0.00000000,313.93919265
JPMUSDT,EQUITY,1781280000001,0.00011444,319.88000000
JPMUSDT,EQUITY,1781308800001,0.00017661,320.93517327
JPMUSDT,EQUITY,1781337600001,0.00000000,324.84000000
JPMUSDT,EQUITY,1781366400001,0.00000000,325.06984900
JPMUSDT,EQUITY,1781395200001,0.00000000,325.97867038
JPMUSDT,EQUITY,1781424000001,0.00000000,325.72000000
JPMUSDT,EQUITY,1781452800001,0.00000000,325.47873403
JPMUSDT,EQUITY,1781481600001,0.00000000,326.74000000
JPMUSDT,EQUITY,1781510400002,0.00000000,323.97871250
JPMUSDT,EQUITY,1781539200001,0.00000000,321.62073225
JPMUSDT,EQUITY,1781568000001,0.00004574,319.53000000
JPMUSDT,EQUITY,1781596800001,0.00000000,319.73000000
JPMUSDT,EQUITY,1781625600001,0.00000000,330.09461513
JPMUSDT,EQUITY,1781654400001,0.00000000,330.84467173
JPMUSDT,EQUITY,1781683200001,0.00000000,330.57000000
JPMUSDT,EQUITY,1781712000001,0.00000000,336.48906143
JPMUSDT,EQUITY,1781740800001,0.00000000,334.48498005
JPMUSDT,EQUITY,1781769600001,0.00000000,335.03374263
JPMUSDT,EQUITY,1781798400001,0.00000000,330.97552096
JPMUSDT,EQUITY,1781827200001,0.00000000,326.26000000
JPMUSDT,EQUITY,1781856000001,0.00000000,325.93074431
JPMUSDT,EQUITY,1781884800001,0.00000000,324.34000000
JPMUSDT,EQUITY,1781913600001,0.00000000,324.93846280
JPMUSDT,EQUITY,1781942400001,0.00000000,324.10465092
JPMUSDT,EQUITY,1781971200001,0.00000000,324.65064248
JPMUSDT,EQUITY,1782000000001,0.00000000,324.30000000
JPMUSDT,EQUITY,1782028800001,0.00000000,324.91074362
JPMUSDT,EQUITY,1782057600001,0.00000000,325.04000000
JPMUSDT,EQUITY,1782086400001,0.00000000,323.56222421
JPMUSDT,EQUITY,1782115200001,0.00000000,324.55463008
JPMUSDT,EQUITY,1782144000001,0.00000000,331.27000000
JPMUSDT,EQUITY,1782172800001,0.00000000,331.91502681
JPMUSDT,EQUITY,1782201600002,0.00000000,329.60213845
JPMUSDT,EQUITY,1782230400001,0.00000000,334.29503939
JPMUSDT,EQUITY,1782259200001,0.00000000,334.41982765
JPMUSDT,EQUITY,1782288000001,0.00000000,334.29007881
JPMUSDT,EQUITY,1782316800001,0.00000000,333.50921476
JPMUSDT,EQUITY,1782345600002,0.00000000,335.00546969
JPMUSDT,EQUITY,1782374400001,0.00000000,334.82000000
JPMUSDT,EQUITY,1782403200001,0.00000000,338.96734478
JPMUSDT,EQUITY,1782432000001,0.00000000,337.63000000
JPMUSDT,EQUITY,1782460800002,0.00000000,337.92732392
JPMUSDT,EQUITY,1782489600001,0.00000000,332.87924926
JPMUSDT,EQUITY,1782518400001,0.00000000,329.37001334
JPMUSDT,EQUITY,1782547200001,0.00000000,329.18910030
JPMUSDT,EQUITY,1782576000001,0.00000000,330.69072279
JPMUSDT,EQUITY,1782604800002,0.00000000,329.71059724
JPMUSDT,EQUITY,1782633600002,0.00000000,328.75226329
JPMUSDT,EQUITY,1782662400001,0.00000000,327.87489650
JPMUSDT,EQUITY,1782691200001,0.00000000,328.39969964
JPMUSDT,EQUITY,1782720000001,0.00000000,329.15000000
JPMUSDT,EQUITY,1782748800001,0.00000000,331.77963131
JPMUSDT,EQUITY,1782777600000,0.00000000,329.82499795
JPMUSDT,EQUITY,1782806400000,0.00000000,329.37638577
JPMUSDT,EQUITY,1782835200001,0.00000000,328.17480251
JPMUSDT,EQUITY,1782864000000,0.00000000,327.02000000
JPMUSDT,EQUITY,1782892800001,0.00000000,326.40052719
JPMUSDT,EQUITY,1782921600001,0.00000000,334.56000000
JPMUSDT,EQUITY,1782950400000,0.00001946,333.54000000
JPMUSDT,EQUITY,1782979200001,0.00000000,335.04882100
JPMUSDT,EQUITY,1783008000001,0.00000000,333.52749547
JPMUSDT,EQUITY,1783036800001,0.00000000,335.08000000
JPMUSDT,EQUITY,1783065600001,0.00000000,335.59502815
JPMUSDT,EQUITY,1783094400001,0.00000000,335.59966680
JPMUSDT,EQUITY,1783123200001,0.00000000,333.64000000
JPMUSDT,EQUITY,1783152000001,0.00000000,333.31000000
JPMUSDT,EQUITY,1783180800001,0.00000000,333.72048654
JPMUSDT,EQUITY,1783209600002,0.00000000,333.83517418
JPMUSDT,EQUITY,1783238400001,0.00000000,333.55534545
JPMUSDT,EQUITY,1783267200001,0.00000000,336.38000000
JPMUSDT,EQUITY,1783281600001,0.00000000,336.27976680
JPMUSDT,EQUITY,1783285200001,0.00000000,336.36498361
JPMUSDT,EQUITY,1783288800001,0.00000000,336.76104128
JPMUSDT,EQUITY,1783292400001,0.00000000,337.37584166
JPMUSDT,EQUITY,1783296000001,0.00000000,337.54000000
JPMUSDT,EQUITY,1783296001001,-0.00444392,337.54000000
JPMUSDT,EQUITY,1783324800001,0.00000000,333.19808538
JPMUSDT,EQUITY,1783353600001,0.00000000,335.94851094
JPMUSDT,EQUITY,1783382400001,0.00000000,338.55000000
JPMUSDT,EQUITY,1783411200001,0.00000000,339.06434843
JPMUSDT,EQUITY,1783440000001,0.00000000,338.45674020
JPMUSDT,EQUITY,1783468800002,0.00000000,338.53000000
JPMUSDT,EQUITY,1783497600001,0.00000000,338.82000000
JPMUSDT,EQUITY,1783526400001,0.00000000,332.84394323
JPMUSDT,EQUITY,1783555200001,0.00000000,331.41000000
JPMUSDT,EQUITY,1783584000001,0.00000000,331.64000000
JPMUSDT,EQUITY,1783612800001,0.00000000,335.61372822
JPMUSDT,EQUITY,1783641600001,0.00015974,335.34000000
JPMUSDT,EQUITY,1783670400001,0.00000000,336.20768935
JPMUSDT,EQUITY,1783699200001,0.00000000,336.50000000
JPMUSDT,EQUITY,1783728000001,0.00002211,337.42385462
JPMUSDT,EQUITY,1783756800001,0.00000000,336.48029689
JPMUSDT,EQUITY,1783785600001,0.00000000,336.17276886
JPMUSDT,EQUITY,1783814400001,0.00000000,336.05129812
JPMUSDT,EQUITY,1783843200001,0.00000000,334.42435363
JPMUSDT,EQUITY,1783872000001,0.00000000,334.51521997
JPMUSDT,EQUITY,1783900800001,0.00000000,335.75000000
JPMUSDT,EQUITY,1783929600001,0.00000000,337.65599152
JPMUSDT,EQUITY,1783958400001,0.00000000,333.61487746
JPMUSDT,EQUITY,1783987200002,0.00000000,334.65000191
JPMUSDT,EQUITY,1784016000001,0.00000000,334.81000000
JPMUSDT,EQUITY,1784044800001,0.00000000,341.14684716
JPMUSDT,EQUITY,1784073600001,0.00000000,343.05588744
JPMUSDT,EQUITY,1784102400001,0.00000000,342.25580189
JPMUSDT,EQUITY,1784131200001,0.00000000,349.04439420
JPMUSDT,EQUITY,1784160000001,0.00000000,347.01740233
JPMUSDT,EQUITY,1784188800002,0.00000000,347.72871280
JPMUSDT,EQUITY,1784217600001,0.00000000,345.37212929
JPMUSDT,EQUITY,1784246400001,0.00000000,342.80000000
JPMUSDT,EQUITY,1784275200001,0.00000000,342.00494193
JPMUSDT,EQUITY,1784304000001,0.00000000,345.00000000
JPMUSDT,EQUITY,1784332800001,0.00000000,341.77730276
JPMUSDT,EQUITY,1784361600001,0.00000000,343.63748362
JPMUSDT,EQUITY,1784390400001,0.00000000,344.20000000
JPMUSDT,EQUITY,1784419200001,0.00000000,343.70163909
JPMUSDT,EQUITY,1784448000001,0.00000000,344.49527658
JPMUSDT,EQUITY,1784476800001,0.00000000,345.29000000
JPMUSDT,EQUITY,1784505600002,0.00000000,345.95000000
JPMUSDT,EQUITY,1784534400001,0.00000000,340.95847231
JPMUSDT,EQUITY,1784563200001,0.00000000,340.18327251
JPMUSDT,EQUITY,1784592000001,0.00000000,338.93635914
JPMUSDT,EQUITY,1784620800001,0.00000000,339.50017801
JPMUSDT,EQUITY,1784649600000,0.00000000,343.86000000
JPMUSDT,EQUITY,1784678400000,0.00000000,345.30989436
JPMUSDT,EQUITY,1784707200001,0.00000000,344.54000000
VUSDT,EQUITY,1779465600001,0.00160380,329.66251329
VUSDT,EQUITY,1779494400001,0.00103996,326.54048387
VUSDT,EQUITY,1779523200001,0.00000000,326.47000000
VUSDT,EQUITY,1779552000001,0.00000000,331.58000000
VUSDT,EQUITY,1779580800001,0.00000000,336.18133345
VUSDT,EQUITY,1779609600001,0.00000000,335.46926802
VUSDT,EQUITY,1779638400001,0.00000000,334.79000000
VUSDT,EQUITY,1779667200001,0.00000000,335.52765391
VUSDT,EQUITY,1779696000001,0.00000000,336.04361822
VUSDT,EQUITY,1779724800001,0.00000000,335.18462774
VUSDT,EQUITY,1779753600001,0.00000000,334.44000000
VUSDT,EQUITY,1779782400001,0.00000000,329.37435484
VUSDT,EQUITY,1779811200001,0.00000000,325.81915000
VUSDT,EQUITY,1779840000001,0.00000000,326.17000000
VUSDT,EQUITY,1779868800001,0.00007308,326.00000000
VUSDT,EQUITY,1779897600001,0.00000000,330.03941639
VUSDT,EQUITY,1779926400001,0.00000000,327.24000000
VUSDT,EQUITY,1779955200001,0.00000000,328.78000000
VUSDT,EQUITY,1779984000001,-0.00028492,322.54867024
VUSDT,EQUITY,1780012800001,0.00000000,324.62500000
VUSDT,EQUITY,1780041600001,0.00003449,323.45500000
VUSDT,EQUITY,1780070400001,0.00153025,330.57000000
VUSDT,EQUITY,1780099200001,-0.00204314,328.86000000
VUSDT,EQUITY,1780128000001,0.00000000,329.27979669
VUSDT,EQUITY,1780156800001,0.00000000,329.79254969
VUSDT,EQUITY,1780185600001,0.00000000,328.11207352
VUSDT,EQUITY,1780214400001,0.00000000,328.72000000
VUSDT,EQUITY,1780243200001,0.00000000,329.82523798
VUSDT,EQUITY,1780272000001,0.00000000,327.78663540
VUSDT,EQUITY,1780300800001,0.00000000,325.50000000
VUSDT,EQUITY,1780329600001,-0.00021903,321.11526152
VUSDT,EQUITY,1780358400001,0.00013223,322.64596774
VUSDT,EQUITY,1780387200001,0.00000000,322.93500000
VUSDT,EQUITY,1780416000001,-0.00130577,316.27000000
VUSDT,EQUITY,1780444800001,-0.00155719,319.26000000
VUSDT,EQUITY,1780473600001,0.00000000,319.02000000
VUSDT,EQUITY,1780502400001,0.00000000,310.65000000
VUSDT,EQUITY,1780531200001,0.00000000,314.58000000
VUSDT,EQUITY,1780560000001,0.00000000,314.12341475
VUSDT,EQUITY,1780588800001,0.00012532,322.09404470
VUSDT,EQUITY,1780617600001,-0.00029648,320.48500000
VUSDT,EQUITY,1780646400001,0.00000000,321.51000000
VUSDT,EQUITY,1780675200001,0.00007776,321.77000000
VUSDT,EQUITY,1780704000001,0.00000000,322.73500000
VUSDT,EQUITY,1780732800001,-0.00001858,318.03400209
VUSDT,EQUITY,1780761600001,-0.00016574,311.71000000
VUSDT,EQUITY,1780790400002,0.00000000,314.91000000
VUSDT,EQUITY,1780819200001,0.00000000,319.55000000
VUSDT,EQUITY,1780848000001,0.00000000,319.70470436
VUSDT,EQUITY,1780876800001,0.00000000,319.39000000
VUSDT,EQUITY,1780905600001,0.00000000,321.98027778
VUSDT,EQUITY,1780934400001,0.00000000,320.36197728
VUSDT,EQUITY,1780963200001,-0.00309287,320.54000000
VUSDT,EQUITY,1780992000001,0.00000000,320.27177419
VUSDT,EQUITY,1781020800001,0.00098831,323.21000000
VUSDT,EQUITY,1781049600001,0.00000000,324.51000000
VUSDT,EQUITY,1781078400001,0.00000000,323.23613915
VUSDT,EQUITY,1781107200001,0.00000000,320.99666048
VUSDT,EQUITY,1781136000001,0.00000000,323.05000000
VUSDT,EQUITY,1781164800001,0.00000000,323.56952319
VUSDT,EQUITY,1781193600001,0.00000000,319.71247914
VUSDT,EQUITY,1781222400001,0.00000000,319.83500000
VUSDT,EQUITY,1781251200001,0.00000000,320.72181818
VUSDT,EQUITY,1781280000001,0.00000000,324.71823631
VUSDT,EQUITY,1781308800001,0.00000000,322.38000000
VUSDT,EQUITY,1781337600001,0.00000000,321.42012474
VUSDT,EQUITY,1781366400001,0.00000000,320.53000000
VUSDT,EQUITY,1781395200001,0.00000000,320.84513711
VUSDT,EQUITY,1781424000001,0.00000000,322.67000000
VUSDT,EQUITY,1781452800001,0.00000000,323.83502109
VUSDT,EQUITY,1781481600001,0.00000000,323.11984614
VUSDT,EQUITY,1781510400002,0.00000000,323.71386100
VUSDT,EQUITY,1781539200001,0.00000000,325.92416667
VUSDT,EQUITY,1781568000001,0.00000000,324.00500000
VUSDT,EQUITY,1781596800001,0.00000000,324.49000000
VUSDT,EQUITY,1781625600001,0.00000000,331.74000000
VUSDT,EQUITY,1781654400001,0.00000000,333.62500000
VUSDT,EQUITY,1781683200001,0.00000000,332.44000000
VUSDT,EQUITY,1781712000001,0.00008600,334.08847159
VUSDT,EQUITY,1781740800001,0.00000000,332.16016734
VUSDT,EQUITY,1781769600001,0.00000000,331.39222843
VUSDT,EQUITY,1781798400001,0.00000000,329.66000000
VUSDT,EQUITY,1781827200001,0.00000000,328.20000000
VUSDT,EQUITY,1781856000001,0.00000000,326.77818556
VUSDT,EQUITY,1781884800001,0.00000000,324.97000000
VUSDT,EQUITY,1781913600001,0.00000000,325.01770011
VUSDT,EQUITY,1781942400001,0.00000000,324.51689949
VUSDT,EQUITY,1781971200001,0.00000000,324.66520568
VUSDT,EQUITY,1782000000001,0.00000000,325.58108823
VUSDT,EQUITY,1782028800001,0.00000000,325.80817087
VUSDT,EQUITY,1782057600001,0.00000000,324.84506701
VUSDT,EQUITY,1782086400001,-0.00003081,321.60000000
VUSDT,EQUITY,1782115200001,0.00000000,327.13000000
VUSDT,EQUITY,1782144000001,0.00000000,330.66000000
VUSDT,EQUITY,1782172800001,0.00000000,327.66478415
VUSDT,EQUITY,1782201600002,0.00000000,325.83022591
VUSDT,EQUITY,1782230400001,0.00000000,330.37628609
VUSDT,EQUITY,1782259200001,0.00000000,328.72000000
VUSDT,EQUITY,1782288000001,0.00000000,328.48634631
VUSDT,EQUITY,1782316800001,0.00000000,332.41989583
VUSDT,EQUITY,1782345600002,0.00000000,330.96000000
VUSDT,EQUITY,1782374400001,0.00000000,331.92888019
VUSDT,EQUITY,1782403200001,0.00000000,337.60183875
VUSDT,EQUITY,1782432000001,0.00000000,332.39226398
VUSDT,EQUITY,1782460800002,0.00000000,332.37000000
VUSDT,EQUITY,1782489600001,0.00000000,339.27000000
VUSDT,EQUITY,1782518400001,0.00000000,336.83000000
VUSDT,EQUITY,1782547200001,0.00000000,336.66985531
VUSDT,EQUITY,1782576000001,0.00000000,336.73399313
VUSDT,EQUITY,1782604800002,0.00000000,337.46892464
VUSDT,EQUITY,1782633600002,0.00000000,338.54000000
VUSDT,EQUITY,1782662400001,0.00000000,338.42000000
VUSDT,EQUITY,1782691200001,0.00000000,339.28695863
VUSDT,EQUITY,1782720000001,0.00000000,337.07140972
VUSDT,EQUITY,1782748800001,0.00000000,341.74847569
VUSDT,EQUITY,1782777600000,0.00000000,342.18016077
VUSDT,EQUITY,1782806400000,0.00000000,342.63443518
VUSDT,EQUITY,1782835200001,0.00000000,343.00249906
VUSDT,EQUITY,1782864000000,0.00000000,342.85999450
VUSDT,EQUITY,1782892800001,0.00000000,342.42000000
VUSDT,EQUITY,1782921600001,0.00000000,352.81000000
VUSDT,EQUITY,1782950400000,0.00000000,350.30432151
VUSDT,EQUITY,1782979200001,0.00000000,351.39558157
VUSDT,EQUITY,1783008000001,0.00000000,358.64000000
VUSDT,EQUITY,1783036800001,0.00000000,362.15000000
VUSDT,EQUITY,1783065600001,0.00000000,362.00000000
VUSDT,EQUITY,1783094400001,0.00000000,362.47985544
VUSDT,EQUITY,1783123200001,0.00000000,361.36490586
VUSDT,EQUITY,1783152000001,0.00000000,361.12713582
VUSDT,EQUITY,1783180800001,0.00000000,359.62669849
VUSDT,EQUITY,1783209600002,0.00000000,359.63460353
VUSDT,EQUITY,1783238400001,0.00000000,359.59075904
VUSDT,EQUITY,1783267200001,0.00000000,359.34011413
VUSDT,EQUITY,1783296000001,0.00000000,359.26000000
VUSDT,EQUITY,1783324800001,0.00000000,360.53301499
VUSDT,EQUITY,1783353600001,0.00000000,353.85996636
VUSDT,EQUITY,1783382400001,0.00017086,347.98946236
VUSDT,EQUITY,1783411200001,0.00000000,357.41000000
VUSDT,EQUITY,1783440000001,0.00000000,350.98901144
VUSDT,EQUITY,1783468800002,0.00007269,351.50000000
VUSDT,EQUITY,1783497600001,0.00000000,352.54778981
VUSDT,EQUITY,1783526400001,0.00000000,348.45000000
VUSDT,EQUITY,1783555200001,0.00000000,347.23281731
VUSDT,EQUITY,1783584000001,0.00000000,347.91733336
VUSDT,EQUITY,1783612800001,0.00000000,347.63000000
VUSDT,EQUITY,1783641600001,0.00000000,348.14782384
VUSDT,EQUITY,1783670400001,0.00000000,348.48471272
VUSDT,EQUITY,1783699200001,0.00000000,346.65547456
VUSDT,EQUITY,1783728000001,0.00000000,349.46502893
VUSDT,EQUITY,1783756800001,0.00000000,350.49565069
VUSDT,EQUITY,1783785600001,0.00000000,350.89148922
VUSDT,EQUITY,1783814400001,0.00000000,351.16000000
VUSDT,EQUITY,1783843200001,0.00000000,351.34993474
VUSDT,EQUITY,1783872000001,0.00000000,351.49178365
VUSDT,EQUITY,1783900800001,0.00000000,351.41011709
VUSDT,EQUITY,1783929600001,0.00000000,349.98679836
VUSDT,EQUITY,1783958400001,0.00000000,354.68000000
VUSDT,EQUITY,1783987200002,0.00000000,357.49528144
VUSDT,EQUITY,1784016000001,0.00000000,357.20725348
VUSDT,EQUITY,1784044800001,0.00000000,357.79000000
VUSDT,EQUITY,1784073600001,0.00000000,356.99000000
VUSDT,EQUITY,1784102400001,0.00000000,354.64979720
VUSDT,EQUITY,1784131200001,0.00000000,358.57838762
VUSDT,EQUITY,1784160000001,0.00000000,355.70116871
VUSDT,EQUITY,1784188800002,0.00000000,355.27025760
VUSDT,EQUITY,1784217600001,0.00000000,361.57069719
VUSDT,EQUITY,1784246400001,0.00000000,364.37751505
VUSDT,EQUITY,1784275200001,0.00000000,364.50608074
VUSDT,EQUITY,1784304000001,0.00000000,358.82439399
VUSDT,EQUITY,1784332800001,0.00000000,358.44101706
VUSDT,EQUITY,1784361600001,0.00000000,358.32480947
VUSDT,EQUITY,1784390400001,0.00000000,358.03644433
VUSDT,EQUITY,1784419200001,0.00000000,360.12582384
VUSDT,EQUITY,1784448000001,0.00000000,357.74086188
VUSDT,EQUITY,1784476800001,0.00000000,357.25929532
VUSDT,EQUITY,1784505600002,0.00000000,358.97686210
VUSDT,EQUITY,1784534400001,0.00000000,358.40000000
VUSDT,EQUITY,1784563200001,0.00000000,362.41000000
VUSDT,EQUITY,1784592000001,0.00000000,360.35070412
VUSDT,EQUITY,1784620800001,0.00000000,360.40000000
VUSDT,EQUITY,1784649600000,0.00000000,358.19000000
VUSDT,EQUITY,1784678400000,0.00000000,356.13000000
VUSDT,EQUITY,1784707200001,0.00000000,356.23791713
BRKBUSDT,EQUITY,1779465600001,-0.00025635,485.76000000
BRKBUSDT,EQUITY,1779494400001,0.00000000,485.37006432
BRKBUSDT,EQUITY,1779523200001,0.00000000,487.49501264
BRKBUSDT,EQUITY,1779552000001,0.00000000,486.46022444
BRKBUSDT,EQUITY,1779580800001,0.00000000,487.98028057
BRKBUSDT,EQUITY,1779609600001,0.00000000,488.19486737
BRKBUSDT,EQUITY,1779638400001,0.00000000,487.61496510
BRKBUSDT,EQUITY,1779667200001,0.00000000,488.23662796
BRKBUSDT,EQUITY,1779696000001,0.00000000,488.38510825
BRKBUSDT,EQUITY,1779724800001,0.00000000,488.87000000
BRKBUSDT,EQUITY,1779753600001,0.00000000,488.79000567
BRKBUSDT,EQUITY,1779782400001,0.00026060,486.12317726
BRKBUSDT,EQUITY,1779811200001,0.00028824,483.92433397
BRKBUSDT,EQUITY,1779840000001,0.00000000,483.54741899
BRKBUSDT,EQUITY,1779868800001,0.00000000,484.11000000
BRKBUSDT,EQUITY,1779897600001,0.00000000,482.68799973
BRKBUSDT,EQUITY,1779926400001,0.00000000,480.45020683
BRKBUSDT,EQUITY,1779955200001,0.00000000,480.58000000
BRKBUSDT,EQUITY,1779984000001,0.00041770,479.14623226
BRKBUSDT,EQUITY,1780012800001,0.00000000,477.79060815
BRKBUSDT,EQUITY,1780041600001,0.00000000,477.67657343
BRKBUSDT,EQUITY,1780070400001,-0.00054394,474.23000000
BRKBUSDT,EQUITY,1780099200001,0.00000000,473.97905770
BRKBUSDT,EQUITY,1780128000001,0.00000000,475.76000000
BRKBUSDT,EQUITY,1780156800001,0.00000000,479.06282358
BRKBUSDT,EQUITY,1780185600001,0.00000000,479.94000000
BRKBUSDT,EQUITY,1780214400001,0.00000000,483.37916267
BRKBUSDT,EQUITY,1780243200001,0.00000000,483.66597242
BRKBUSDT,EQUITY,1780272000001,0.00000000,478.92695564
BRKBUSDT,EQUITY,1780300800001,0.00078559,474.50000000
BRKBUSDT,EQUITY,1780329600001,0.00000000,471.18055189
BRKBUSDT,EQUITY,1780358400001,0.00202268,471.77000000
BRKBUSDT,EQUITY,1780387200001,0.00000443,471.73519092
BRKBUSDT,EQUITY,1780416000001,0.00031966,472.21445087
BRKBUSDT,EQUITY,1780444800001,0.00016245,472.27000000
BRKBUSDT,EQUITY,1780473600001,0.00000000,472.05778034
BRKBUSDT,EQUITY,1780502400001,0.00000000,474.34314905
BRKBUSDT,EQUITY,1780531200001,0.00000000,478.04521816
BRKBUSDT,EQUITY,1780560000001,0.00000000,476.82153247
BRKBUSDT,EQUITY,1780588800001,0.00050901,477.55000000
BRKBUSDT,EQUITY,1780617600001,0.00025170,478.45672908
BRKBUSDT,EQUITY,1780646400001,0.00000000,479.25000000
BRKBUSDT,EQUITY,1780675200001,0.00038124,487.79273431
BRKBUSDT,EQUITY,1780704000001,-0.00020782,486.39609341
BRKBUSDT,EQUITY,1780732800001,0.00000000,484.61512826
BRKBUSDT,EQUITY,1780761600001,0.00000000,483.71000000
BRKBUSDT,EQUITY,1780790400002,0.00000000,486.56000000
BRKBUSDT,EQUITY,1780819200001,0.00000000,494.81452473
BRKBUSDT,EQUITY,1780848000001,0.00000000,494.47067421
BRKBUSDT,EQUITY,1780876800001,0.00000000,491.00542383
BRKBUSDT,EQUITY,1780905600001,0.00060993,487.00313320
BRKBUSDT,EQUITY,1780934400001,0.00012314,488.00000000
BRKBUSDT,EQUITY,1780963200001,0.00039422,487.52000000
BRKBUSDT,EQUITY,1780992000001,0.00000000,487.87712715
BRKBUSDT,EQUITY,1781020800001,0.00000000,490.10559560
BRKBUSDT,EQUITY,1781049600001,0.00039725,487.78000000
BRKBUSDT,EQUITY,1781078400001,0.00000000,488.33513181
BRKBUSDT,EQUITY,1781107200001,0.00004577,489.20000000
BRKBUSDT,EQUITY,1781136000001,0.00000000,484.05283225
BRKBUSDT,EQUITY,1781164800001,0.00030561,484.36000000
BRKBUSDT,EQUITY,1781193600001,0.00000000,482.79000000
BRKBUSDT,EQUITY,1781222400001,0.00000000,485.36232998
BRKBUSDT,EQUITY,1781251200001,0.00059975,484.92000000
BRKBUSDT,EQUITY,1781280000001,0.00000000,487.44000000
BRKBUSDT,EQUITY,1781308800001,0.00035734,489.03495216
BRKBUSDT,EQUITY,1781337600001,0.00000000,489.47433015
BRKBUSDT,EQUITY,1781366400001,0.00000000,489.88587583
BRKBUSDT,EQUITY,1781395200001,0.00000000,491.08509151
BRKBUSDT,EQUITY,1781424000001,0.00000000,488.30526108
BRKBUSDT,EQUITY,1781452800001,0.00000000,486.84372366
BRKBUSDT,EQUITY,1781481600001,0.00000000,488.87618227
BRKBUSDT,EQUITY,1781510400002,0.00000000,487.04441363
BRKBUSDT,EQUITY,1781539200001,0.00000000,494.89740330
BRKBUSDT,EQUITY,1781568000001,0.00000316,495.30572921
BRKBUSDT,EQUITY,1781596800001,0.00000000,492.91000000
BRKBUSDT,EQUITY,1781625600001,0.00000000,498.12602696
BRKBUSDT,EQUITY,1781654400001,-0.00092001,495.52090150
BRKBUSDT,EQUITY,1781683200001,0.00000000,495.40201713
BRKBUSDT,EQUITY,1781712000001,0.00000000,490.54000000
BRKBUSDT,EQUITY,1781740800001,0.00034296,491.56000000
BRKBUSDT,EQUITY,1781769600001,0.00000000,491.08092607
BRKBUSDT,EQUITY,1781798400001,0.00000000,489.05023355
BRKBUSDT,EQUITY,1781827200001,0.00022187,489.49455521
BRKBUSDT,EQUITY,1781856000001,0.00000000,488.50140382
BRKBUSDT,EQUITY,1781884800001,0.00000000,488.81000000
BRKBUSDT,EQUITY,1781913600001,0.00000000,490.63000000
BRKBUSDT,EQUITY,1781942400001,0.00000000,491.39000000
BRKBUSDT,EQUITY,1781971200001,0.00000000,491.83546905
BRKBUSDT,EQUITY,1782000000001,0.00000000,491.61000000
BRKBUSDT,EQUITY,1782028800001,0.00000000,493.62134330
BRKBUSDT,EQUITY,1782057600001,0.00000000,492.02863816
BRKBUSDT,EQUITY,1782086400001,0.00000000,490.96752017
BRKBUSDT,EQUITY,1782115200001,0.00000000,488.80000000
BRKBUSDT,EQUITY,1782144000001,0.00013257,489.53744106
BRKBUSDT,EQUITY,1782172800001,0.00018251,489.29566961
BRKBUSDT,EQUITY,1782201600002,0.00000000,487.60000000
BRKBUSDT,EQUITY,1782230400001,0.00020122,493.64382797
BRKBUSDT,EQUITY,1782259200001,0.00012587,492.91210450
BRKBUSDT,EQUITY,1782288000001,0.00000000,491.67000000
BRKBUSDT,EQUITY,1782316800001,0.00000000,496.88245212
BRKBUSDT,EQUITY,1782345600002,0.00006550,493.83354876
BRKBUSDT,EQUITY,1782374400001,0.00057510,493.63224148
BRKBUSDT,EQUITY,1782403200001,0.00000000,492.68000000
BRKBUSDT,EQUITY,1782432000001,0.00000000,489.31000000
BRKBUSDT,EQUITY,1782460800002,0.00112247,490.00000000
BRKBUSDT,EQUITY,1782489600001,0.00010538,496.53899509
BRKBUSDT,EQUITY,1782518400001,0.00073851,496.62000000
BRKBUSDT,EQUITY,1782547200001,0.00000000,494.79727364
BRKBUSDT,EQUITY,1782576000001,0.00000000,495.36000000
BRKBUSDT,EQUITY,1782604800002,0.00000000,495.35066866
BRKBUSDT,EQUITY,1782633600002,0.00000000,496.65446888
BRKBUSDT,EQUITY,1782662400001,0.00004061,505.37000000
BRKBUSDT,EQUITY,1782691200001,0.00000000,500.87000000
BRKBUSDT,EQUITY,1782720000001,0.00096787,496.97111077
BRKBUSDT,EQUITY,1782748800001,0.00000000,497.46909929
BRKBUSDT,EQUITY,1782777600000,0.00082480,495.14000000
BRKBUSDT,EQUITY,1782806400000,0.00000000,495.95753962
BRKBUSDT,EQUITY,1782835200001,0.00000000,496.96955483
BRKBUSDT,EQUITY,1782864000000,0.00051989,500.06071040
BRKBUSDT,EQUITY,1782892800001,0.00027357,500.40000000
BRKBUSDT,EQUITY,1782921600001,0.00022768,503.45000000
BRKBUSDT,EQUITY,1782950400000,0.00044544,499.62000000
BRKBUSDT,EQUITY,1782979200001,0.00000000,501.99892763
BRKBUSDT,EQUITY,1783008000001,0.00049274,505.45000000
BRKBUSDT,EQUITY,1783036800001,0.00000000,506.86457364
BRKBUSDT,EQUITY,1783065600001,0.00000000,507.27838767
BRKBUSDT,EQUITY,1783094400001,0.00000000,503.93014076
BRKBUSDT,EQUITY,1783123200001,0.00000000,505.44798055
BRKBUSDT,EQUITY,1783152000001,0.00000000,507.11964997
BRKBUSDT,EQUITY,1783180800001,0.00000000,506.98764967
BRKBUSDT,EQUITY,1783209600002,0.00000000,508.20137373
BRKBUSDT,EQUITY,1783238400001,0.00000000,510.62972630
BRKBUSDT,EQUITY,1783267200001,0.00000000,511.16283323
BRKBUSDT,EQUITY,1783296000001,0.00000000,509.99337546
BRKBUSDT,EQUITY,1783324800001,0.00000000,508.00000000
BRKBUSDT,EQUITY,1783353600001,0.00030598,505.21731519
BRKBUSDT,EQUITY,1783382400001,0.00000000,506.75000000
BRKBUSDT,EQUITY,1783411200001,0.00027398,508.11000000
BRKBUSDT,EQUITY,1783440000001,0.00000000,507.52783700
BRKBUSDT,EQUITY,1783468800002,0.00000000,504.44728024
BRKBUSDT,EQUITY,1783497600001,0.00000000,505.19884759
BRKBUSDT,EQUITY,1783526400001,0.00000000,505.29000000
BRKBUSDT,EQUITY,1783555200001,0.00000000,497.02000000
BRKBUSDT,EQUITY,1783584000001,0.00023283,496.63000000
BRKBUSDT,EQUITY,1783612800001,0.00000000,496.75999839
BRKBUSDT,EQUITY,1783641600001,0.00000000,495.33000000
BRKBUSDT,EQUITY,1783670400001,0.00015027,497.04000000
BRKBUSDT,EQUITY,1783699200001,0.00000000,492.39000000
BRKBUSDT,EQUITY,1783728000001,0.00016752,495.88000000
BRKBUSDT,EQUITY,1783756800001,0.00000000,493.53457451
BRKBUSDT,EQUITY,1783785600001,0.00000000,493.04880273
BRKBUSDT,EQUITY,1783814400001,0.00000000,494.50751971
BRKBUSDT,EQUITY,1783843200001,0.00000000,492.42806469
BRKBUSDT,EQUITY,1783872000001,0.00000000,492.07313293
BRKBUSDT,EQUITY,1783900800001,0.00000000,492.10897706
BRKBUSDT,EQUITY,1783929600001,0.00000000,494.83736523
BRKBUSDT,EQUITY,1783958400001,0.00000000,495.09000000
BRKBUSDT,EQUITY,1783987200002,0.00055067,497.68000000
BRKBUSDT,EQUITY,1784016000001,0.00000000,496.16000000
BRKBUSDT,EQUITY,1784044800001,0.00006733,495.95986865
BRKBUSDT,EQUITY,1784073600001,0.00025005,493.12453878
BRKBUSDT,EQUITY,1784102400001,0.00000000,492.29648444
BRKBUSDT,EQUITY,1784131200001,0.00000000,490.69400204
BRKBUSDT,EQUITY,1784160000001,0.00000000,489.61089291
BRKBUSDT,EQUITY,1784188800002,0.00117125,489.86000000
BRKBUSDT,EQUITY,1784217600001,0.00000000,488.39000000
BRKBUSDT,EQUITY,1784246400001,0.00000000,493.12596059
BRKBUSDT,EQUITY,1784275200001,0.00000000,494.38000000
BRKBUSDT,EQUITY,1784304000001,0.00000000,495.76000000
BRKBUSDT,EQUITY,1784332800001,0.00060254,492.05000000
BRKBUSDT,EQUITY,1784361600001,0.00000000,493.24982363
BRKBUSDT,EQUITY,1784390400001,0.00000000,492.73000000
BRKBUSDT,EQUITY,1784419200001,0.00000000,491.46436743
BRKBUSDT,EQUITY,1784448000001,0.00000000,491.81713364
BRKBUSDT,EQUITY,1784476800001,0.00000000,491.26000000
BRKBUSDT,EQUITY,1784505600002,0.00000000,491.56000000
BRKBUSDT,EQUITY,1784534400001,0.00048906,492.23000000
BRKBUSDT,EQUITY,1784563200001,0.00028000,491.06000000
BRKBUSDT,EQUITY,1784592000001,0.00000000,491.22499652
BRKBUSDT,EQUITY,1784620800001,0.00000000,491.72468484
BRKBUSDT,EQUITY,1784649600000,0.00000000,489.23015860
BRKBUSDT,EQUITY,1784678400000,0.00087517,492.04841021
BRKBUSDT,EQUITY,1784707200001,-0.00060391,491.06000000
FLNCUSDT,EQUITY,1779465600001,0.00000000,21.20209677
FLNCUSDT,EQUITY,1779494400001,-0.00206060,21.39000000
FLNCUSDT,EQUITY,1779523200001,-0.00037865,21.03000000
FLNCUSDT,EQUITY,1779552000001,0.00020955,21.66541403
FLNCUSDT,EQUITY,1779580800001,0.00022746,22.25466327
FLNCUSDT,EQUITY,1779609600001,0.00000000,22.35000000
FLNCUSDT,EQUITY,1779638400001,0.00000000,22.18442498
FLNCUSDT,EQUITY,1779667200001,0.00370897,22.34000000
FLNCUSDT,EQUITY,1779696000001,0.00007452,22.60011435
FLNCUSDT,EQUITY,1779724800001,0.00036865,22.62944409
FLNCUSDT,EQUITY,1779753600001,0.00000000,22.60000000
FLNCUSDT,EQUITY,1779782400001,0.00000000,22.01580645
FLNCUSDT,EQUITY,1779811200001,-0.00018616,21.29000000
FLNCUSDT,EQUITY,1779840000001,0.00021930,21.38016129
FLNCUSDT,EQUITY,1779868800001,0.00000000,21.44967742
FLNCUSDT,EQUITY,1779897600001,0.00027512,20.99663065
FLNCUSDT,EQUITY,1779926400001,-0.00125683,21.16000000
FLNCUSDT,EQUITY,1779955200001,-0.00081991,20.95750000
FLNCUSDT,EQUITY,1779984000001,-0.00019615,20.98487174
FLNCUSDT,EQUITY,1780012800001,-0.00080876,21.28000000
FLNCUSDT,EQUITY,1780041600001,0.00013450,21.28999940
FLNCUSDT,EQUITY,1780070400001,0.00000000,19.51812516
FLNCUSDT,EQUITY,1780099200001,0.00061733,18.96000000
FLNCUSDT,EQUITY,1780128000001,0.00000000,19.12447383
FLNCUSDT,EQUITY,1780156800001,0.00000000,19.27000000
FLNCUSDT,EQUITY,1780185600001,0.00000000,18.83000000
FLNCUSDT,EQUITY,1780214400001,-0.00002153,18.72000000
FLNCUSDT,EQUITY,1780243200001,0.00000000,19.01523638
FLNCUSDT,EQUITY,1780272000001,0.00048169,19.60000000
FLNCUSDT,EQUITY,1780300800001,0.00000000,19.14193548
FLNCUSDT,EQUITY,1780329600001,0.00000000,26.33150000
FLNCUSDT,EQUITY,1780358400001,0.00000000,28.95285714
FLNCUSDT,EQUITY,1780387200001,0.00000000,28.00661290
FLNCUSDT,EQUITY,1780416000001,0.00000000,28.53000000
FLNCUSDT,EQUITY,1780444800001,-0.00055205,27.16974672
FLNCUSDT,EQUITY,1780473600001,0.00000000,27.32000000
FLNCUSDT,EQUITY,1780502400001,0.00000000,25.87000000
FLNCUSDT,EQUITY,1780531200001,0.00000000,23.71000000
FLNCUSDT,EQUITY,1780560000001,0.00000000,24.58935185
FLNCUSDT,EQUITY,1780588800001,0.00000000,25.15643320
FLNCUSDT,EQUITY,1780617600001,0.00036721,26.75906643
FLNCUSDT,EQUITY,1780646400001,0.00000000,26.20174549
FLNCUSDT,EQUITY,1780675200001,-0.00004674,23.43000000
FLNCUSDT,EQUITY,1780704000001,0.00000000,22.38032244
FLNCUSDT,EQUITY,1780732800001,-0.00248062,21.24000000
FLNCUSDT,EQUITY,1780761600001,-0.00045241,20.79769430
FLNCUSDT,EQUITY,1780790400002,0.00003806,21.31000000
FLNCUSDT,EQUITY,1780819200001,0.00000000,21.46564789
FLNCUSDT,EQUITY,1780848000001,0.00000000,21.63000000
FLNCUSDT,EQUITY,1780876800001,0.00155077,22.69000000
FLNCUSDT,EQUITY,1780905600001,0.00000000,23.19997777
FLNCUSDT,EQUITY,1780934400001,0.00000000,25.18000000
FLNCUSDT,EQUITY,1780963200001,-0.00043432,23.93564684
FLNCUSDT,EQUITY,1780992000001,0.00000000,24.71967742
FLNCUSDT,EQUITY,1781020800001,0.00000000,23.65000000
FLNCUSDT,EQUITY,1781049600001,0.00000000,23.21184595
FLNCUSDT,EQUITY,1781078400001,0.00000000,23.28855213
FLNCUSDT,EQUITY,1781107200001,0.00000000,23.04406350
FLNCUSDT,EQUITY,1781136000001,0.00000000,21.02449188
FLNCUSDT,EQUITY,1781164800001,0.00000000,22.02000000
FLNCUSDT,EQUITY,1781193600001,0.00000000,22.52106316
FLNCUSDT,EQUITY,1781222400001,0.00003614,24.41000000
FLNCUSDT,EQUITY,1781251200001,0.00000000,24.20000000
FLNCUSDT,EQUITY,1781280000001,0.00000000,23.90000000
FLNCUSDT,EQUITY,1781308800001,0.00000000,24.00998675
FLNCUSDT,EQUITY,1781337600001,0.00000000,23.66489850
FLNCUSDT,EQUITY,1781366400001,0.00000000,23.50000000
FLNCUSDT,EQUITY,1781395200001,0.00000000,23.19000000
FLNCUSDT,EQUITY,1781424000001,0.00010272,23.94000000
FLNCUSDT,EQUITY,1781452800001,0.00000000,24.04535304
FLNCUSDT,EQUITY,1781481600001,0.00031537,24.27647054
FLNCUSDT,EQUITY,1781510400002,0.00000000,25.01000000
FLNCUSDT,EQUITY,1781539200001,0.00000000,23.22723169
FLNCUSDT,EQUITY,1781568000001,0.00000000,24.25000000
FLNCUSDT,EQUITY,1781596800001,0.00000000,24.08896003
FLNCUSDT,EQUITY,1781625600001,0.00000000,23.57703728
FLNCUSDT,EQUITY,1781654400001,0.00000878,23.82772950
FLNCUSDT,EQUITY,1781683200001,0.00000000,24.26486388
FLNCUSDT,EQUITY,1781712000001,0.00000000,24.56663003
FLNCUSDT,EQUITY,1781740800001,0.00000000,23.97501145
FLNCUSDT,EQUITY,1781769600001,0.00000000,24.04752702
FLNCUSDT,EQUITY,1781798400001,0.00000000,24.34727451
FLNCUSDT,EQUITY,1781827200001,0.00000000,24.79000000
FLNCUSDT,EQUITY,1781856000001,0.00000000,24.80000000
FLNCUSDT,EQUITY,1781884800001,0.00018451,25.16059016
FLNCUSDT,EQUITY,1781913600001,0.00000000,24.96540006
FLNCUSDT,EQUITY,1781942400001,0.00020475,25.29572499
FLNCUSDT,EQUITY,1781971200001,0.00000000,25.22102321
FLNCUSDT,EQUITY,1782000000001,0.00000000,24.95000000
FLNCUSDT,EQUITY,1782028800001,0.00000000,24.94000000
FLNCUSDT,EQUITY,1782057600001,0.00000000,24.93489218
FLNCUSDT,EQUITY,1782086400001,-0.00078592,24.42000000
FLNCUSDT,EQUITY,1782115200001,0.00000000,24.59000000
FLNCUSDT,EQUITY,1782144000001,0.00000000,25.35066521
FLNCUSDT,EQUITY,1782172800001,0.00000000,25.18000000
FLNCUSDT,EQUITY,1782201600002,0.00000000,23.19637195
FLNCUSDT,EQUITY,1782230400001,0.00000000,22.10520166
FLNCUSDT,EQUITY,1782259200001,0.00000000,21.51000000
FLNCUSDT,EQUITY,1782288000001,0.00000000,21.58000000
FLNCUSDT,EQUITY,1782316800001,0.00000000,20.19326086
FLNCUSDT,EQUITY,1782345600002,0.00083795,20.81000131
FLNCUSDT,EQUITY,1782374400001,0.00016524,20.64061680
FLNCUSDT,EQUITY,1782403200001,0.00000000,19.13645014
FLNCUSDT,EQUITY,1782432000001,0.00000000,19.43034251
FLNCUSDT,EQUITY,1782460800002,0.00000000,19.03975403
FLNCUSDT,EQUITY,1782489600001,0.00000000,19.67317626
FLNCUSDT,EQUITY,1782518400001,0.00000000,19.25000000
FLNCUSDT,EQUITY,1782547200001,0.00000000,19.35050633
FLNCUSDT,EQUITY,1782576000001,0.00000000,19.49539871
FLNCUSDT,EQUITY,1782604800002,0.00000000,19.35019159
FLNCUSDT,EQUITY,1782633600002,0.00000000,19.36505839
FLNCUSDT,EQUITY,1782662400001,0.00000000,19.36000000
FLNCUSDT,EQUITY,1782691200001,0.00030952,19.70000000
FLNCUSDT,EQUITY,1782720000001,0.00000000,19.34000000
FLNCUSDT,EQUITY,1782748800001,0.00000000,18.71000000
FLNCUSDT,EQUITY,1782777600000,0.00000000,19.35000000
FLNCUSDT,EQUITY,1782806400000,0.00006074,19.42225430
FLNCUSDT,EQUITY,1782835200001,0.00000000,20.20000000
FLNCUSDT,EQUITY,1782864000000,0.00023571,20.01000000
FLNCUSDT,EQUITY,1782892800001,0.00000000,19.87000000
FLNCUSDT,EQUITY,1782921600001,0.00000000,19.07453140
FLNCUSDT,EQUITY,1782950400000,0.00000000,18.46995833
FLNCUSDT,EQUITY,1782979200001,-0.00030317,18.13298267
FLNCUSDT,EQUITY,1783008000001,0.00000000,16.75070458
FLNCUSDT,EQUITY,1783036800001,0.00000000,17.18000000
FLNCUSDT,EQUITY,1783065600001,0.00000000,17.35509803
FLNCUSDT,EQUITY,1783094400001,0.00000000,17.44000000
FLNCUSDT,EQUITY,1783123200001,0.00000000,17.30439707
FLNCUSDT,EQUITY,1783152000001,0.00000000,17.56000000
FLNCUSDT,EQUITY,1783180800001,0.00000000,17.36482589
FLNCUSDT,EQUITY,1783209600002,0.00000000,17.53678751
FLNCUSDT,EQUITY,1783238400001,0.00000000,17.53509195
FLNCUSDT,EQUITY,1783267200001,0.00000000,17.42496300
FLNCUSDT,EQUITY,1783296000001,0.00000000,17.45476077
FLNCUSDT,EQUITY,1783324800001,0.00000000,17.47000000
FLNCUSDT,EQUITY,1783353600001,0.00000000,18.24045433
FLNCUSDT,EQUITY,1783382400001,0.00000000,17.93626231
FLNCUSDT,EQUITY,1783411200001,0.00006577,17.63157815
FLNCUSDT,EQUITY,1783440000001,0.00000000,16.24000000
FLNCUSDT,EQUITY,1783468800002,0.00004546,16.26167651
FLNCUSDT,EQUITY,1783497600001,0.00000000,16.10442307
FLNCUSDT,EQUITY,1783526400001,0.00000000,14.51159631
FLNCUSDT,EQUITY,1783555200001,0.00003179,15.37000000
FLNCUSDT,EQUITY,1783584000001,0.00000000,15.77002238
FLNCUSDT,EQUITY,1783612800001,0.00000000,16.89573087
FLNCUSDT,EQUITY,1783641600001,0.00000504,17.12000000
FLNCUSDT,EQUITY,1783670400001,0.00000000,16.79604939
FLNCUSDT,EQUITY,1783699200001,0.00000000,15.82000000
FLNCUSDT,EQUITY,1783728000001,0.00011200,16.23000000
FLNCUSDT,EQUITY,1783756800001,0.00000000,16.33512156
FLNCUSDT,EQUITY,1783785600001,0.00000000,16.49260626
FLNCUSDT,EQUITY,1783814400001,0.00000000,16.62894285
FLNCUSDT,EQUITY,1783843200001,0.00000000,16.67500501
FLNCUSDT,EQUITY,1783872000001,0.00000000,16.42543054
FLNCUSDT,EQUITY,1783900800001,0.00000000,16.34079456
FLNCUSDT,EQUITY,1783929600001,0.00000000,15.90539564
FLNCUSDT,EQUITY,1783958400001,0.00000000,15.33000000
FLNCUSDT,EQUITY,1783987200002,0.00000000,14.88000000
FLNCUSDT,EQUITY,1784016000001,0.00000000,15.30933865
FLNCUSDT,EQUITY,1784044800001,0.00000000,15.79000000
FLNCUSDT,EQUITY,1784073600001,0.00000000,15.65000000
FLNCUSDT,EQUITY,1784102400001,0.00000000,15.74702972
FLNCUSDT,EQUITY,1784131200001,0.00000000,15.14000000
FLNCUSDT,EQUITY,1784160000001,0.00000000,15.31622093
FLNCUSDT,EQUITY,1784188800002,0.00008897,15.29772222
FLNCUSDT,EQUITY,1784217600001,0.00000000,14.47623259
FLNCUSDT,EQUITY,1784246400001,0.00038217,14.31491037
FLNCUSDT,EQUITY,1784275200001,0.00000000,13.94402199
FLNCUSDT,EQUITY,1784304000001,0.00000000,14.25636532
FLNCUSDT,EQUITY,1784332800001,0.00047017,14.11440233
FLNCUSDT,EQUITY,1784361600001,0.00000000,14.19000000
FLNCUSDT,EQUITY,1784390400001,0.00000000,14.15000000
FLNCUSDT,EQUITY,1784419200001,0.00000000,14.19521229
FLNCUSDT,EQUITY,1784448000001,0.00000000,14.27980900
FLNCUSDT,EQUITY,1784476800001,0.00000000,14.28951597
FLNCUSDT,EQUITY,1784505600002,0.00000000,14.49000000
FLNCUSDT,EQUITY,1784534400001,0.00000490,14.10469035
FLNCUSDT,EQUITY,1784563200001,0.00000000,14.17235628
FLNCUSDT,EQUITY,1784592000001,0.00004801,14.30000000
FLNCUSDT,EQUITY,1784620800001,0.00000000,14.70921701
FLNCUSDT,EQUITY,1784649600000,0.00000000,15.04074299
FLNCUSDT,EQUITY,1784678400000,-0.00020794,15.30939580
FLNCUSDT,EQUITY,1784707200001,0.00000000,15.03000000
DRAMUSDT,EQUITY,1779465600001,0.00017048,53.62000000
DRAMUSDT,EQUITY,1779494400001,0.00003001,52.63000000
DRAMUSDT,EQUITY,1779523200001,-0.00042510,51.33000000
DRAMUSDT,EQUITY,1779552000001,0.00081116,52.29000000
DRAMUSDT,EQUITY,1779580800001,0.00170571,54.32924848
DRAMUSDT,EQUITY,1779609600001,0.00000000,55.03000000
DRAMUSDT,EQUITY,1779638400001,0.00101360,54.77348867
DRAMUSDT,EQUITY,1779667200001,0.00000000,55.34290323
DRAMUSDT,EQUITY,1779696000001,0.00058857,55.82386194
DRAMUSDT,EQUITY,1779724800001,0.00000000,56.88695466
DRAMUSDT,EQUITY,1779753600001,-0.00079916,56.56000000
DRAMUSDT,EQUITY,1779782400001,0.00026602,55.43822581
DRAMUSDT,EQUITY,1779811200001,0.00032651,59.62708065
DRAMUSDT,EQUITY,1779840000001,0.00000000,62.22368471
DRAMUSDT,EQUITY,1779868800001,0.00065648,61.33596774
DRAMUSDT,EQUITY,1779897600001,0.00000000,59.92300000
DRAMUSDT,EQUITY,1779926400001,-0.00021327,59.62000000
DRAMUSDT,EQUITY,1779955200001,0.00000000,60.14700000
DRAMUSDT,EQUITY,1779984000001,0.00035388,62.83000000
DRAMUSDT,EQUITY,1780012800001,0.00000000,63.05000000
DRAMUSDT,EQUITY,1780041600001,0.00000000,62.44000000
DRAMUSDT,EQUITY,1780070400001,0.00000000,63.10374327
DRAMUSDT,EQUITY,1780099200001,0.00015776,63.30054529
DRAMUSDT,EQUITY,1780128000001,0.00000000,63.47735062
DRAMUSDT,EQUITY,1780156800001,0.00001927,64.64952340
DRAMUSDT,EQUITY,1780185600001,0.00074790,65.77189585
DRAMUSDT,EQUITY,1780214400001,0.00000000,66.00377475
DRAMUSDT,EQUITY,1780243200001,0.00040970,66.88010198
DRAMUSDT,EQUITY,1780272000001,-0.00047448,66.18360486
DRAMUSDT,EQUITY,1780300800001,0.00067334,66.21900891
DRAMUSDT,EQUITY,1780329600001,0.00010873,67.15831337
DRAMUSDT,EQUITY,1780358400001,0.00000000,68.20000000
DRAMUSDT,EQUITY,1780387200001,0.00057904,67.45494581
DRAMUSDT,EQUITY,1780416000001,0.00016534,68.88000000
DRAMUSDT,EQUITY,1780444800001,0.00001158,69.40041490
DRAMUSDT,EQUITY,1780473600001,0.00115207,68.84812076
DRAMUSDT,EQUITY,1780502400001,0.00005593,68.74289571
DRAMUSDT,EQUITY,1780531200001,0.00000000,66.72830679
DRAMUSDT,EQUITY,1780560000001,0.00000000,66.71407951
DRAMUSDT,EQUITY,1780588800001,0.00037032,65.71474223
DRAMUSDT,EQUITY,1780617600001,0.00000000,63.36000000
DRAMUSDT,EQUITY,1780646400001,0.00042090,61.49000000
DRAMUSDT,EQUITY,1780675200001,0.00045100,59.25817615
DRAMUSDT,EQUITY,1780704000001,0.00000000,55.40206226
DRAMUSDT,EQUITY,1780732800001,0.00000000,54.25000000
DRAMUSDT,EQUITY,1780761600001,0.00000000,54.62795130
DRAMUSDT,EQUITY,1780790400002,0.00018851,55.73000000
DRAMUSDT,EQUITY,1780819200001,0.00096761,57.06000000
DRAMUSDT,EQUITY,1780848000001,0.00106429,58.63000000
DRAMUSDT,EQUITY,1780876800001,-0.00097598,56.44625704
DRAMUSDT,EQUITY,1780905600001,0.00071948,57.84424763
DRAMUSDT,EQUITY,1780934400001,0.00021445,60.93000000
DRAMUSDT,EQUITY,1780963200001,0.00000000,60.89000000
DRAMUSDT,EQUITY,1780992000001,0.00000000,63.18866726
DRAMUSDT,EQUITY,1781020800001,0.00000000,57.81000000
DRAMUSDT,EQUITY,1781049600001,0.00000000,59.73747937
DRAMUSDT,EQUITY,1781078400001,0.00000000,58.58100996
DRAMUSDT,EQUITY,1781107200001,0.00025026,58.74000000
DRAMUSDT,EQUITY,1781136000001,0.00019774,56.40065473
DRAMUSDT,EQUITY,1781164800001,0.00000000,59.64876112
DRAMUSDT,EQUITY,1781193600001,0.00006520,60.92000000
DRAMUSDT,EQUITY,1781222400001,0.00040179,66.01596405
DRAMUSDT,EQUITY,1781251200001,0.00000000,63.17000000
DRAMUSDT,EQUITY,1781280000001,0.00009969,64.36000000
DRAMUSDT,EQUITY,1781308800001,0.00037077,65.64000000
DRAMUSDT,EQUITY,1781337600001,-0.00007555,64.60000000
DRAMUSDT,EQUITY,1781366400001,0.00043597,65.46000000
DRAMUSDT,EQUITY,1781395200001,0.00000000,65.77645332
DRAMUSDT,EQUITY,1781424000001,0.00091460,67.13000000
DRAMUSDT,EQUITY,1781452800001,0.00000000,67.47000000
DRAMUSDT,EQUITY,1781481600001,0.00115845,68.27245944
DRAMUSDT,EQUITY,1781510400002,0.00033817,68.11046357
DRAMUSDT,EQUITY,1781539200001,0.00013415,70.35741287
DRAMUSDT,EQUITY,1781568000001,0.00030808,70.85000000
DRAMUSDT,EQUITY,1781596800001,0.00009513,70.86000000
DRAMUSDT,EQUITY,1781625600001,0.00024776,68.79115502
DRAMUSDT,EQUITY,1781654400001,0.00000000,68.89000000
DRAMUSDT,EQUITY,1781683200001,0.00020124,72.04000000
DRAMUSDT,EQUITY,1781712000001,0.00011404,71.98609487
DRAMUSDT,EQUITY,1781740800001,0.00012116,72.45000000
DRAMUSDT,EQUITY,1781769600001,0.00048647,74.56930020
DRAMUSDT,EQUITY,1781798400001,0.00035457,76.76970755
DRAMUSDT,EQUITY,1781827200001,0.00081953,78.24000000
DRAMUSDT,EQUITY,1781856000001,0.00000000,77.52898817
DRAMUSDT,EQUITY,1781884800001,0.00013555,77.69000000
DRAMUSDT,EQUITY,1781913600001,0.00015076,77.65055033
DRAMUSDT,EQUITY,1781942400001,0.00094123,80.18248152
DRAMUSDT,EQUITY,1781971200001,0.00000000,79.85000000
DRAMUSDT,EQUITY,1782000000001,0.00000000,80.11057696
DRAMUSDT,EQUITY,1782028800001,0.00005441,81.03000000
DRAMUSDT,EQUITY,1782057600001,0.00000000,80.22000000
DRAMUSDT,EQUITY,1782086400001,-0.00203686,77.26776343
DRAMUSDT,EQUITY,1782115200001,0.00127343,79.01000000
DRAMUSDT,EQUITY,1782144000001,0.00001109,79.68829810
DRAMUSDT,EQUITY,1782172800001,0.00049507,80.51427393
DRAMUSDT,EQUITY,1782201600002,0.00045035,71.68000000
DRAMUSDT,EQUITY,1782230400001,0.00051113,70.90000000
DRAMUSDT,EQUITY,1782259200001,0.00018437,70.55000000
DRAMUSDT,EQUITY,1782288000001,0.00073693,71.74000000
DRAMUSDT,EQUITY,1782316800001,0.00022359,69.88810992
DRAMUSDT,EQUITY,1782345600002,0.00058095,80.25757851
DRAMUSDT,EQUITY,1782374400001,0.00055138,78.76605128
DRAMUSDT,EQUITY,1782403200001,0.00028435,76.24000000
DRAMUSDT,EQUITY,1782432000001,0.00072196,76.59416304
DRAMUSDT,EQUITY,1782460800002,0.00036016,74.28000000
DRAMUSDT,EQUITY,1782489600001,0.00029463,73.59000000
DRAMUSDT,EQUITY,1782518400001,0.00033957,72.33303191
DRAMUSDT,EQUITY,1782547200001,0.00000000,72.77000000
DRAMUSDT,EQUITY,1782576000001,0.00000000,72.61000000
DRAMUSDT,EQUITY,1782604800002,0.00000000,72.27307530
DRAMUSDT,EQUITY,1782633600002,0.00020716,72.83373050
DRAMUSDT,EQUITY,1782662400001,0.00007477,73.80257354
DRAMUSDT,EQUITY,1782691200001,-0.00027820,72.71648223
DRAMUSDT,EQUITY,1782720000001,0.00093059,71.84000000
DRAMUSDT,EQUITY,1782748800001,0.00034368,69.78000000
DRAMUSDT,EQUITY,1782777600000,0.00027420,71.78131007
DRAMUSDT,EQUITY,1782806400000,0.00028128,72.37000000
DRAMUSDT,EQUITY,1782835200001,0.00021513,73.11000000
DRAMUSDT,EQUITY,1782864000000,0.00038631,73.51000000
DRAMUSDT,EQUITY,1782892800001,0.00031311,69.72000000
DRAMUSDT,EQUITY,1782921600001,0.00024085,66.97101395
DRAMUSDT,EQUITY,1782950400000,0.00005043,64.83830288
DRAMUSDT,EQUITY,1782979200001,0.00060935,62.65000000
DRAMUSDT,EQUITY,1783008000001,0.00026025,61.50053813
DRAMUSDT,EQUITY,1783036800001,0.00027782,61.19923380
DRAMUSDT,EQUITY,1783065600001,0.00154491,63.52511820
DRAMUSDT,EQUITY,1783094400001,0.00002444,65.18630481
DRAMUSDT,EQUITY,1783123200001,0.00000000,65.34000000
DRAMUSDT,EQUITY,1783152000001,0.00000000,64.98000000
DRAMUSDT,EQUITY,1783180800001,0.00000000,64.97648331
DRAMUSDT,EQUITY,1783209600002,0.00000000,65.22000000
DRAMUSDT,EQUITY,1783238400001,0.00000000,65.57489006
DRAMUSDT,EQUITY,1783267200001,0.00000000,65.38954022
DRAMUSDT,EQUITY,1783296000001,0.00000000,65.44217601
DRAMUSDT,EQUITY,1783324800001,0.00000000,65.18003950
DRAMUSDT,EQUITY,1783353600001,0.00005424,65.56000000
DRAMUSDT,EQUITY,1783382400001,0.00000000,62.29194766
DRAMUSDT,EQUITY,1783411200001,0.00040381,61.32476156
DRAMUSDT,EQUITY,1783440000001,0.00013091,59.83000000
DRAMUSDT,EQUITY,1783468800002,0.00000000,59.17786865
DRAMUSDT,EQUITY,1783497600001,0.00034055,59.05000000
DRAMUSDT,EQUITY,1783526400001,0.00022236,59.20000000
DRAMUSDT,EQUITY,1783555200001,0.00016906,62.85000000
DRAMUSDT,EQUITY,1783584000001,0.00023345,62.72000000
DRAMUSDT,EQUITY,1783612800001,0.00013114,65.12000000
DRAMUSDT,EQUITY,1783641600001,0.00002089,65.22551507
DRAMUSDT,EQUITY,1783670400001,0.00004128,62.17000000
DRAMUSDT,EQUITY,1783699200001,0.00012927,62.69000000
DRAMUSDT,EQUITY,1783728000001,0.00029097,63.07000000
DRAMUSDT,EQUITY,1783756800001,0.00000000,63.21668802
DRAMUSDT,EQUITY,1783785600001,0.00000000,63.23000000
DRAMUSDT,EQUITY,1783814400001,-0.00029412,62.98000000
DRAMUSDT,EQUITY,1783843200001,0.00000000,62.89000000
DRAMUSDT,EQUITY,1783872000001,0.00000000,63.27538797
DRAMUSDT,EQUITY,1783900800001,-0.00101304,61.95372905
DRAMUSDT,EQUITY,1783929600001,0.00030501,56.91000000
DRAMUSDT,EQUITY,1783958400001,0.00011844,57.57000000
DRAMUSDT,EQUITY,1783987200002,0.00000000,55.95000000
DRAMUSDT,EQUITY,1784016000001,0.00029680,58.79000000
DRAMUSDT,EQUITY,1784044800001,0.00028044,60.88328482
DRAMUSDT,EQUITY,1784073600001,0.00028256,62.24622338
DRAMUSDT,EQUITY,1784102400001,0.00009984,61.34000000
DRAMUSDT,EQUITY,1784131200001,0.00003466,56.57000000
DRAMUSDT,EQUITY,1784160000001,0.00000000,56.57000000
DRAMUSDT,EQUITY,1784188800002,0.00022957,55.10000000
DRAMUSDT,EQUITY,1784217600001,0.00000000,53.03000000
DRAMUSDT,EQUITY,1784246400001,0.00000000,51.45718466
DRAMUSDT,EQUITY,1784275200001,0.00043621,49.05000000
DRAMUSDT,EQUITY,1784304000001,0.00000000,54.62000000
DRAMUSDT,EQUITY,1784332800001,0.00000000,52.16527953
DRAMUSDT,EQUITY,1784361600001,0.00000000,52.46000000
DRAMUSDT,EQUITY,1784390400001,0.00000000,51.98000000
DRAMUSDT,EQUITY,1784419200001,0.00000000,51.85000000
DRAMUSDT,EQUITY,1784448000001,0.00021835,52.81599602
DRAMUSDT,EQUITY,1784476800001,0.00000000,52.87463953
DRAMUSDT,EQUITY,1784505600002,0.00000000,52.52396476
DRAMUSDT,EQUITY,1784534400001,0.00020648,52.97672648
DRAMUSDT,EQUITY,1784563200001,0.00000000,54.39577979
DRAMUSDT,EQUITY,1784592000001,0.00000000,53.35016162
DRAMUSDT,EQUITY,1784620800001,0.00000000,55.93000000
DRAMUSDT,EQUITY,1784649600000,0.00000000,58.09000000
DRAMUSDT,EQUITY,1784678400000,-0.00005451,59.95000000
DRAMUSDT,EQUITY,1784707200001,0.00000000,56.82867325
RKLBUSDT,EQUITY,1779465600001,0.00000000,137.73464455
RKLBUSDT,EQUITY,1779494400001,0.00003773,134.24084901
RKLBUSDT,EQUITY,1779523200001,0.00000000,133.94461389
RKLBUSDT,EQUITY,1779552000001,0.00104741,137.13522035
RKLBUSDT,EQUITY,1779580800001,0.00089003,139.92305230
RKLBUSDT,EQUITY,1779609600001,0.00083992,140.64206079
RKLBUSDT,EQUITY,1779638400001,0.00161120,140.50000000
RKLBUSDT,EQUITY,1779667200001,0.00021282,141.58000000
RKLBUSDT,EQUITY,1779696000001,0.00023206,140.56151767
RKLBUSDT,EQUITY,1779724800001,0.00034882,141.73000000
RKLBUSDT,EQUITY,1779753600001,0.00000000,141.87249652
RKLBUSDT,EQUITY,1779782400001,0.00000000,141.69000000
RKLBUSDT,EQUITY,1779811200001,0.00000000,141.93233848
RKLBUSDT,EQUITY,1779840000001,0.00019497,144.18889900
RKLBUSDT,EQUITY,1779868800001,0.00000000,149.87000000
RKLBUSDT,EQUITY,1779897600001,0.00009337,144.54000000
RKLBUSDT,EQUITY,1779926400001,0.00008506,148.86650048
RKLBUSDT,EQUITY,1779955200001,0.00000000,146.38428217
RKLBUSDT,EQUITY,1779984000001,0.00000000,147.86000000
RKLBUSDT,EQUITY,1780012800001,0.00000000,147.15530148
RKLBUSDT,EQUITY,1780041600001,0.00000000,144.24000000
RKLBUSDT,EQUITY,1780070400001,0.00000000,140.36123515
RKLBUSDT,EQUITY,1780099200001,0.00000427,142.24000000
RKLBUSDT,EQUITY,1780128000001,0.00000000,140.66000000
RKLBUSDT,EQUITY,1780156800001,0.00084038,144.54512847
RKLBUSDT,EQUITY,1780185600001,0.00000000,146.32963709
RKLBUSDT,EQUITY,1780214400001,0.00000000,146.96677966
RKLBUSDT,EQUITY,1780243200001,0.00000000,146.39430955
RKLBUSDT,EQUITY,1780272000001,0.00000000,145.77000000
RKLBUSDT,EQUITY,1780300800001,0.00000000,139.76979113
RKLBUSDT,EQUITY,1780329600001,0.00000000,124.74532647
RKLBUSDT,EQUITY,1780358400001,0.00137063,122.90058258
RKLBUSDT,EQUITY,1780387200001,0.00032373,124.67000000
RKLBUSDT,EQUITY,1780416000001,0.00038851,124.62810855
RKLBUSDT,EQUITY,1780444800001,0.00000000,122.74365603
RKLBUSDT,EQUITY,1780473600001,0.00042121,123.27243388
RKLBUSDT,EQUITY,1780502400001,0.00000000,116.47862929
RKLBUSDT,EQUITY,1780531200001,0.00000000,111.83854400
RKLBUSDT,EQUITY,1780560000001,0.00000000,115.06000000
RKLBUSDT,EQUITY,1780588800001,0.00000000,117.76000000
RKLBUSDT,EQUITY,1780617600001,0.00000000,117.75000000
RKLBUSDT,EQUITY,1780646400001,0.00000000,116.94000000
RKLBUSDT,EQUITY,1780675200001,0.00000000,112.77000000
RKLBUSDT,EQUITY,1780704000001,-0.00006793,107.40000000
RKLBUSDT,EQUITY,1780732800001,-0.00053681,101.93861100
RKLBUSDT,EQUITY,1780761600001,0.00005853,102.29933534
RKLBUSDT,EQUITY,1780790400002,0.00060068,105.31000000
RKLBUSDT,EQUITY,1780819200001,0.00000000,106.36247752
RKLBUSDT,EQUITY,1780848000001,0.00000000,107.64000000
RKLBUSDT,EQUITY,1780876800001,-0.00026452,106.94000000
RKLBUSDT,EQUITY,1780905600001,0.00000000,110.61000000
RKLBUSDT,EQUITY,1780934400001,0.00000000,113.86000000
RKLBUSDT,EQUITY,1780963200001,0.00000000,113.81000000
RKLBUSDT,EQUITY,1780992000001,0.00035924,116.75392097
RKLBUSDT,EQUITY,1781020800001,0.00000000,104.79000000
RKLBUSDT,EQUITY,1781049600001,0.00000000,107.10000000
RKLBUSDT,EQUITY,1781078400001,0.00000000,107.14932864
RKLBUSDT,EQUITY,1781107200001,0.00000000,107.93090749
RKLBUSDT,EQUITY,1781136000001,0.00000000,103.27585190
RKLBUSDT,EQUITY,1781164800001,0.00000000,109.74000000
RKLBUSDT,EQUITY,1781193600001,0.00000000,110.14000000
RKLBUSDT,EQUITY,1781222400001,0.00000000,121.51446761
RKLBUSDT,EQUITY,1781251200001,0.00000000,123.04000000
RKLBUSDT,EQUITY,1781280000001,0.00000000,100.15717318
RKLBUSDT,EQUITY,1781308800001,0.00019215,104.53000000
RKLBUSDT,EQUITY,1781337600001,0.00000000,103.60000000
RKLBUSDT,EQUITY,1781366400001,0.00000000,102.93969826
RKLBUSDT,EQUITY,1781395200001,0.00000000,104.27000000
RKLBUSDT,EQUITY,1781424000001,0.00000000,105.90000000
RKLBUSDT,EQUITY,1781452800001,0.00000000,106.78810111
RKLBUSDT,EQUITY,1781481600001,0.00027573,108.39000000
RKLBUSDT,EQUITY,1781510400002,0.00014091,108.65301356
RKLBUSDT,EQUITY,1781539200001,0.00004311,108.48840802
RKLBUSDT,EQUITY,1781568000001,0.00000000,108.70986568
RKLBUSDT,EQUITY,1781596800001,0.00053905,109.13000000
RKLBUSDT,EQUITY,1781625600001,0.00004770,106.24332983
RKLBUSDT,EQUITY,1781654400001,-0.00005518,104.55000000
RKLBUSDT,EQUITY,1781683200001,0.00000000,106.21055911
RKLBUSDT,EQUITY,1781712000001,0.00000000,107.06000000
RKLBUSDT,EQUITY,1781740800001,0.00016259,109.94037468
RKLBUSDT,EQUITY,1781769600001,0.00003233,110.54656402
RKLBUSDT,EQUITY,1781798400001,0.00026311,105.10289839
RKLBUSDT,EQUITY,1781827200001,0.00028954,106.21931833
RKLBUSDT,EQUITY,1781856000001,0.00000000,105.86000000
RKLBUSDT,EQUITY,1781884800001,0.00037249,106.13000000
RKLBUSDT,EQUITY,1781913600001,0.00000000,105.40727913
RKLBUSDT,EQUITY,1781942400001,0.00000000,105.02654317
RKLBUSDT,EQUITY,1781971200001,0.00000000,105.64351152
RKLBUSDT,EQUITY,1782000000001,0.00000000,105.93000000
RKLBUSDT,EQUITY,1782028800001,0.00000000,106.95155181
RKLBUSDT,EQUITY,1782057600001,-0.00007586,106.28831008
RKLBUSDT,EQUITY,1782086400001,0.00000000,105.68000000
RKLBUSDT,EQUITY,1782115200001,0.00068337,104.86186383
RKLBUSDT,EQUITY,1782144000001,0.00032253,99.42414259
RKLBUSDT,EQUITY,1782172800001,0.00000000,99.24822556
RKLBUSDT,EQUITY,1782201600002,0.00000000,93.96000000
RKLBUSDT,EQUITY,1782230400001,0.00000000,98.33236331
RKLBUSDT,EQUITY,1782259200001,0.00000000,94.88652854
RKLBUSDT,EQUITY,1782288000001,0.00000000,95.87831716
RKLBUSDT,EQUITY,1782316800001,0.00000000,87.96731077
RKLBUSDT,EQUITY,1782345600002,0.00034492,86.75247324
RKLBUSDT,EQUITY,1782374400001,0.00000000,87.57000000
RKLBUSDT,EQUITY,1782403200001,0.00000000,80.57000000
RKLBUSDT,EQUITY,1782432000001,0.00000000,82.90540325
RKLBUSDT,EQUITY,1782460800002,0.00000000,82.54724971
RKLBUSDT,EQUITY,1782489600001,0.00000000,85.86000000
RKLBUSDT,EQUITY,1782518400001,0.00000000,84.88000000
RKLBUSDT,EQUITY,1782547200001,0.00000000,85.82641056
RKLBUSDT,EQUITY,1782576000001,0.00000000,85.39009071
RKLBUSDT,EQUITY,1782604800002,0.00000000,85.21000000
RKLBUSDT,EQUITY,1782633600002,0.00000000,84.97717833
RKLBUSDT,EQUITY,1782662400001,0.00000000,85.30000000
RKLBUSDT,EQUITY,1782691200001,0.00056504,86.25000000
RKLBUSDT,EQUITY,1782720000001,0.00000000,87.04531551
RKLBUSDT,EQUITY,1782748800001,0.00000000,94.19000000
RKLBUSDT,EQUITY,1782777600000,0.00017041,101.22000000
RKLBUSDT,EQUITY,1782806400000,0.00000000,101.38494739
RKLBUSDT,EQUITY,1782835200001,0.00005669,98.32721612
RKLBUSDT,EQUITY,1782864000000,0.00042733,101.55694990
RKLBUSDT,EQUITY,1782892800001,0.00000000,99.89000000
RKLBUSDT,EQUITY,1782921600001,0.00000000,105.31000000
RKLBUSDT,EQUITY,1782950400000,0.00000000,100.12000000
RKLBUSDT,EQUITY,1782979200001,0.00000000,99.00021453
RKLBUSDT,EQUITY,1783008000001,0.00000000,100.40425399
RKLBUSDT,EQUITY,1783036800001,0.00000000,100.30000000
RKLBUSDT,EQUITY,1783065600001,0.00006754,101.18272655
RKLBUSDT,EQUITY,1783094400001,0.00000000,101.51000000
RKLBUSDT,EQUITY,1783123200001,0.00000000,102.78961468
RKLBUSDT,EQUITY,1783152000001,0.00000000,103.11000000
RKLBUSDT,EQUITY,1783180800001,0.00000000,101.58000000
RKLBUSDT,EQUITY,1783209600002,0.00000000,101.56970623
RKLBUSDT,EQUITY,1783238400001,0.00000000,101.67000000
RKLBUSDT,EQUITY,1783267200001,0.00000000,101.59436363
RKLBUSDT,EQUITY,1783296000001,0.00000000,101.16000000
RKLBUSDT,EQUITY,1783324800001,0.00008830,101.99859717
RKLBUSDT,EQUITY,1783353600001,0.00002752,96.51533071
RKLBUSDT,EQUITY,1783382400001,0.00013664,91.51000000
RKLBUSDT,EQUITY,1783411200001,0.00010513,91.79000000
RKLBUSDT,EQUITY,1783440000001,0.00007129,83.69849640
RKLBUSDT,EQUITY,1783468800002,0.00000000,83.80000000
RKLBUSDT,EQUITY,1783497600001,0.00004923,84.83948668
RKLBUSDT,EQUITY,1783526400001,0.00002087,81.23845260
RKLBUSDT,EQUITY,1783555200001,0.00027984,84.76067227
RKLBUSDT,EQUITY,1783584000001,0.00031870,86.89000000
RKLBUSDT,EQUITY,1783612800001,0.00000000,84.89000000
RKLBUSDT,EQUITY,1783641600001,0.00004953,83.53000000
RKLBUSDT,EQUITY,1783670400001,0.00025200,83.09626775
RKLBUSDT,EQUITY,1783699200001,0.00000000,80.32000000
RKLBUSDT,EQUITY,1783728000001,0.00000000,81.72865642
RKLBUSDT,EQUITY,1783756800001,0.00000000,82.12981908
RKLBUSDT,EQUITY,1783785600001,0.00000000,81.31561787
RKLBUSDT,EQUITY,1783814400001,0.00000000,81.28681353
RKLBUSDT,EQUITY,1783843200001,0.00000000,81.57928544
RKLBUSDT,EQUITY,1783872000001,0.00000000,81.60000000
RKLBUSDT,EQUITY,1783900800001,-0.00002257,80.97455074
RKLBUSDT,EQUITY,1783929600001,0.00000000,79.00129614
RKLBUSDT,EQUITY,1783958400001,0.00006102,77.63000000
RKLBUSDT,EQUITY,1783987200002,0.00037665,76.00000000
RKLBUSDT,EQUITY,1784016000001,0.00023214,77.90000000
RKLBUSDT,EQUITY,1784044800001,0.00022295,80.29000000
RKLBUSDT,EQUITY,1784073600001,0.00052627,79.57000000
RKLBUSDT,EQUITY,1784102400001,0.00000602,80.70299386
RKLBUSDT,EQUITY,1784131200001,0.00000000,76.87000000
RKLBUSDT,EQUITY,1784160000001,0.00000000,75.50867248
RKLBUSDT,EQUITY,1784188800002,0.00002174,75.14000000
RKLBUSDT,EQUITY,1784217600001,0.00000000,67.40186533
RKLBUSDT,EQUITY,1784246400001,0.00000000,66.22918787
RKLBUSDT,EQUITY,1784275200001,0.00003925,65.31000000
RKLBUSDT,EQUITY,1784304000001,0.00000000,69.48565930
RKLBUSDT,EQUITY,1784332800001,0.00000000,68.27281507
RKLBUSDT,EQUITY,1784361600001,0.00000000,67.90000000
RKLBUSDT,EQUITY,1784390400001,0.00000000,68.29000000
RKLBUSDT,EQUITY,1784419200001,0.00000000,68.43000000
RKLBUSDT,EQUITY,1784448000001,0.00000000,68.74000000
RKLBUSDT,EQUITY,1784476800001,0.00000000,67.94000000
RKLBUSDT,EQUITY,1784505600002,0.00000000,67.95000000
RKLBUSDT,EQUITY,1784534400001,0.00000000,68.72687317
RKLBUSDT,EQUITY,1784563200001,0.00000000,67.04000000
RKLBUSDT,EQUITY,1784592000001,0.00000000,66.10000000
RKLBUSDT,EQUITY,1784620800001,0.00001370,67.67658647
RKLBUSDT,EQUITY,1784649600000,0.00000000,69.04000000
RKLBUSDT,EQUITY,1784678400000,0.00000000,73.97000000
RKLBUSDT,EQUITY,1784707200001,0.00000000,71.83903794
CBRSUSDT,EQUITY,1779465600001,0.00032657,271.37316985
CBRSUSDT,EQUITY,1779494400001,0.00000000,252.92000000
CBRSUSDT,EQUITY,1779523200001,0.00000000,249.60410208
CBRSUSDT,EQUITY,1779552000001,0.00060227,251.64398509
CBRSUSDT,EQUITY,1779580800001,0.00096286,259.39828930
CBRSUSDT,EQUITY,1779609600001,0.00000000,261.51155016
CBRSUSDT,EQUITY,1779638400001,-0.00026316,258.91600330
CBRSUSDT,EQUITY,1779667200001,0.00025873,263.28302554
CBRSUSDT,EQUITY,1779696000001,0.00000000,264.07929217
CBRSUSDT,EQUITY,1779724800001,0.00000000,264.74921689
CBRSUSDT,EQUITY,1779753600001,0.00000000,263.70000000
CBRSUSDT,EQUITY,1779782400001,0.00000000,256.16000000
CBRSUSDT,EQUITY,1779811200001,0.00062536,251.13415992
CBRSUSDT,EQUITY,1779840000001,0.00023461,241.20766603
CBRSUSDT,EQUITY,1779868800001,0.00011272,242.98125839
CBRSUSDT,EQUITY,1779897600001,0.00045484,256.50000000
CBRSUSDT,EQUITY,1779926400001,0.00035303,263.14000000
CBRSUSDT,EQUITY,1779955200001,0.00000000,262.80304283
CBRSUSDT,EQUITY,1779984000001,0.00007742,263.05000000
CBRSUSDT,EQUITY,1780012800001,0.00000000,245.52355066
CBRSUSDT,EQUITY,1780041600001,0.00000000,243.14653919
CBRSUSDT,EQUITY,1780070400001,0.00000000,234.73856150
CBRSUSDT,EQUITY,1780099200001,0.00011384,237.10657575
CBRSUSDT,EQUITY,1780128000001,0.00000000,237.48000000
CBRSUSDT,EQUITY,1780156800001,0.00000000,236.27625488
CBRSUSDT,EQUITY,1780185600001,0.00000000,238.30214025
CBRSUSDT,EQUITY,1780214400001,0.00000000,240.44176560
CBRSUSDT,EQUITY,1780243200001,0.00000000,239.85822329
CBRSUSDT,EQUITY,1780272000001,0.00000000,242.82121885
CBRSUSDT,EQUITY,1780300800001,0.00057704,233.75680403
CBRSUSDT,EQUITY,1780329600001,0.00000000,222.58984194
CBRSUSDT,EQUITY,1780358400001,0.00032327,214.45000000
CBRSUSDT,EQUITY,1780387200001,0.00000000,216.22805774
CBRSUSDT,EQUITY,1780416000001,0.00066413,234.16000000
CBRSUSDT,EQUITY,1780444800001,0.00055216,235.50000000
CBRSUSDT,EQUITY,1780473600001,0.00000000,238.35000968
CBRSUSDT,EQUITY,1780502400001,0.00000000,217.13724577
CBRSUSDT,EQUITY,1780531200001,0.00000000,211.36761761
CBRSUSDT,EQUITY,1780560000001,0.00000000,216.99572171
CBRSUSDT,EQUITY,1780588800001,0.00000000,206.84000000
CBRSUSDT,EQUITY,1780617600001,0.00006588,212.57000000
CBRSUSDT,EQUITY,1780646400001,0.00000000,209.01082216
CBRSUSDT,EQUITY,1780675200001,0.00000000,210.48000000
CBRSUSDT,EQUITY,1780704000001,0.00000000,199.86435297
CBRSUSDT,EQUITY,1780732800001,-0.00133761,190.22957375
CBRSUSDT,EQUITY,1780761600001,0.00000000,192.55426859
CBRSUSDT,EQUITY,1780790400002,0.00028643,197.87000000
CBRSUSDT,EQUITY,1780819200001,0.00032688,201.78000000
CBRSUSDT,EQUITY,1780848000001,0.00049662,205.59227639
CBRSUSDT,EQUITY,1780876800001,-0.00050313,199.45268056
CBRSUSDT,EQUITY,1780905600001,0.00013150,206.05000000
CBRSUSDT,EQUITY,1780934400001,0.00025771,237.31427719
CBRSUSDT,EQUITY,1780963200001,0.00043782,240.11324841
CBRSUSDT,EQUITY,1780992000001,0.00000000,241.40627500
CBRSUSDT,EQUITY,1781020800001,-0.00015174,217.54630893
CBRSUSDT,EQUITY,1781049600001,0.00000000,224.07000000
CBRSUSDT,EQUITY,1781078400001,0.00000000,222.08989677
CBRSUSDT,EQUITY,1781107200001,0.00000000,245.61051102
CBRSUSDT,EQUITY,1781136000001,-0.00036404,231.75318844
CBRSUSDT,EQUITY,1781164800001,0.00000000,242.50379074
CBRSUSDT,EQUITY,1781193600001,0.00000000,227.99051323
CBRSUSDT,EQUITY,1781222400001,0.00000000,229.44000000
CBRSUSDT,EQUITY,1781251200001,0.00000000,225.39047069
CBRSUSDT,EQUITY,1781280000001,0.00000000,209.09881345
CBRSUSDT,EQUITY,1781308800001,0.00000000,216.27342596
CBRSUSDT,EQUITY,1781337600001,0.00000000,216.63000000
CBRSUSDT,EQUITY,1781366400001,0.00000000,215.92779723
CBRSUSDT,EQUITY,1781395200001,0.00000000,218.02000000
CBRSUSDT,EQUITY,1781424000001,0.00000000,218.45680087
CBRSUSDT,EQUITY,1781452800001,-0.00007393,215.97771333
CBRSUSDT,EQUITY,1781481600001,0.00047757,218.60870007
CBRSUSDT,EQUITY,1781510400002,0.00000000,219.24997719
CBRSUSDT,EQUITY,1781539200001,0.00000000,216.71401545
CBRSUSDT,EQUITY,1781568000001,0.00000000,217.83058153
CBRSUSDT,EQUITY,1781596800001,0.00000000,218.26355741
CBRSUSDT,EQUITY,1781625600001,0.00000000,206.26000000
CBRSUSDT,EQUITY,1781654400001,0.00039114,211.31000000
CBRSUSDT,EQUITY,1781683200001,0.00000000,214.15266022
CBRSUSDT,EQUITY,1781712000001,0.00000000,225.05000000
CBRSUSDT,EQUITY,1781740800001,0.00000000,218.49124543
CBRSUSDT,EQUITY,1781769600001,0.00000000,218.19000000
CBRSUSDT,EQUITY,1781798400001,0.00000000,234.37768881
CBRSUSDT,EQUITY,1781827200001,0.00017410,236.41989764
CBRSUSDT,EQUITY,1781856000001,-0.00024765,233.12565072
CBRSUSDT,EQUITY,1781884800001,0.00000000,234.54195545
CBRSUSDT,EQUITY,1781913600001,0.00000000,234.47186071
CBRSUSDT,EQUITY,1781942400001,0.00000000,233.27000000
CBRSUSDT,EQUITY,1781971200001,-0.00009914,230.79000000
CBRSUSDT,EQUITY,1782000000001,0.00009222,232.31545943
CBRSUSDT,EQUITY,1782028800001,0.00000000,234.41825373
CBRSUSDT,EQUITY,1782057600001,0.00000000,235.94173349
CBRSUSDT,EQUITY,1782086400001,-0.00092557,230.94000000
CBRSUSDT,EQUITY,1782115200001,0.00000000,235.68516214
CBRSUSDT,EQUITY,1782144000001,0.00000000,228.41000000
CBRSUSDT,EQUITY,1782172800001,0.00000000,225.34000000
CBRSUSDT,EQUITY,1782201600002,0.00000000,215.40000000
CBRSUSDT,EQUITY,1782230400001,0.00000000,215.87455159
CBRSUSDT,EQUITY,1782259200001,0.00000000,201.29490649
CBRSUSDT,EQUITY,1782288000001,0.00000000,200.52258202
CBRSUSDT,EQUITY,1782316800001,0.00007383,186.70734997
CBRSUSDT,EQUITY,1782345600002,0.00000145,187.98947486
CBRSUSDT,EQUITY,1782374400001,0.00003305,185.86167930
CBRSUSDT,EQUITY,1782403200001,0.00000000,168.45719791
CBRSUSDT,EQUITY,1782432000001,0.00101588,169.07939671
CBRSUSDT,EQUITY,1782460800002,0.00035808,167.61898051
CBRSUSDT,EQUITY,1782489600001,0.00000000,173.30960282
CBRSUSDT,EQUITY,1782518400001,0.00043156,181.45293057
CBRSUSDT,EQUITY,1782547200001,0.00429456,190.89066988
CBRSUSDT,EQUITY,1782576000001,0.00000000,192.46512517
CBRSUSDT,EQUITY,1782604800002,0.00088876,194.86365924
CBRSUSDT,EQUITY,1782633600002,0.00000000,194.84834893
CBRSUSDT,EQUITY,1782662400001,-0.00034059,191.70000000
CBRSUSDT,EQUITY,1782691200001,0.00000000,192.49000000
CBRSUSDT,EQUITY,1782720000001,0.00053525,187.67168900
CBRSUSDT,EQUITY,1782748800001,0.00021983,201.01000000
CBRSUSDT,EQUITY,1782777600000,0.00000000,214.84000000
CBRSUSDT,EQUITY,1782806400000,0.00000000,214.72000000
CBRSUSDT,EQUITY,1782835200001,0.00000000,208.81807292
CBRSUSDT,EQUITY,1782864000000,0.00082999,218.61000000
CBRSUSDT,EQUITY,1782892800001,0.00000000,217.11516586
CBRSUSDT,EQUITY,1782921600001,0.00025927,218.34503398
CBRSUSDT,EQUITY,1782950400000,0.00000000,215.75365287
CBRSUSDT,EQUITY,1782979200001,0.00000000,214.41503728
CBRSUSDT,EQUITY,1783008000001,0.00000000,212.87000000
CBRSUSDT,EQUITY,1783036800001,0.00000000,204.53560143
CBRSUSDT,EQUITY,1783065600001,0.00000000,202.75067562
CBRSUSDT,EQUITY,1783094400001,0.00000000,200.36506393
CBRSUSDT,EQUITY,1783123200001,0.00000000,201.37221854
CBRSUSDT,EQUITY,1783152000001,0.00008572,203.34000000
CBRSUSDT,EQUITY,1783180800001,0.00000000,203.28335787
CBRSUSDT,EQUITY,1783209600002,0.00000000,204.14729235
CBRSUSDT,EQUITY,1783238400001,0.00000000,204.33122648
CBRSUSDT,EQUITY,1783267200001,0.00000000,204.65000000
CBRSUSDT,EQUITY,1783296000001,0.00000000,203.55734488
CBRSUSDT,EQUITY,1783324800001,0.00000071,207.03162696
CBRSUSDT,EQUITY,1783353600001,0.00000000,195.44642010
CBRSUSDT,EQUITY,1783382400001,0.00000000,191.81819445
CBRSUSDT,EQUITY,1783411200001,0.00015329,189.42000000
CBRSUSDT,EQUITY,1783440000001,0.00000000,175.58000000
CBRSUSDT,EQUITY,1783468800002,0.00000000,175.73000000
CBRSUSDT,EQUITY,1783497600001,0.00030753,177.30208349
CBRSUSDT,EQUITY,1783526400001,0.00000000,181.26000000
CBRSUSDT,EQUITY,1783555200001,0.00004411,184.43185865
CBRSUSDT,EQUITY,1783584000001,0.00023515,186.65792838
CBRSUSDT,EQUITY,1783612800001,0.00000000,204.17123344
CBRSUSDT,EQUITY,1783641600001,0.00000000,200.06000000
CBRSUSDT,EQUITY,1783670400001,0.00000000,198.28000000
CBRSUSDT,EQUITY,1783699200001,0.00000000,211.92000000
CBRSUSDT,EQUITY,1783728000001,0.00000000,215.15950913
CBRSUSDT,EQUITY,1783756800001,0.00000000,214.08071700
CBRSUSDT,EQUITY,1783785600001,-0.00026937,211.68000000
CBRSUSDT,EQUITY,1783814400001,0.00000000,210.88303524
CBRSUSDT,EQUITY,1783843200001,0.00000148,212.63000000
CBRSUSDT,EQUITY,1783872000001,0.00000000,213.88000000
CBRSUSDT,EQUITY,1783900800001,0.00000000,211.12000000
CBRSUSDT,EQUITY,1783929600001,-0.00004363,206.06127171
CBRSUSDT,EQUITY,1783958400001,0.00000000,208.74000000
CBRSUSDT,EQUITY,1783987200002,0.00000000,201.88000000
CBRSUSDT,EQUITY,1784016000001,0.00000000,204.06924709
CBRSUSDT,EQUITY,1784044800001,0.00000000,194.03135074
CBRSUSDT,EQUITY,1784073600001,0.00005968,203.76050333
CBRSUSDT,EQUITY,1784102400001,0.00000000,204.23000000
CBRSUSDT,EQUITY,1784131200001,0.00000000,185.43000000
CBRSUSDT,EQUITY,1784160000001,0.00000000,184.60000000
CBRSUSDT,EQUITY,1784188800002,-0.00002180,181.36869641
CBRSUSDT,EQUITY,1784217600001,-0.00019190,177.20600910
CBRSUSDT,EQUITY,1784246400001,-0.00038315,178.32000000
CBRSUSDT,EQUITY,1784275200001,0.00002424,175.59796082
CBRSUSDT,EQUITY,1784304000001,0.00000000,170.59197234
CBRSUSDT,EQUITY,1784332800001,-0.00011499,171.88500830
CBRSUSDT,EQUITY,1784361600001,0.00000000,172.50263789
CBRSUSDT,EQUITY,1784390400001,0.00000000,170.78000000
CBRSUSDT,EQUITY,1784419200001,0.00000000,168.59000000
CBRSUSDT,EQUITY,1784448000001,0.00028996,172.45447731
CBRSUSDT,EQUITY,1784476800001,-0.00076100,169.23000000
CBRSUSDT,EQUITY,1784505600002,0.00009868,171.16820441
CBRSUSDT,EQUITY,1784534400001,0.00038086,175.95817237
CBRSUSDT,EQUITY,1784563200001,0.00000000,174.86538263
CBRSUSDT,EQUITY,1784592000001,0.00000000,177.09000000
CBRSUSDT,EQUITY,1784620800001,0.00000000,179.70484936
CBRSUSDT,EQUITY,1784649600000,0.00000000,197.46911319
CBRSUSDT,EQUITY,1784678400000,-0.00083198,207.84675110
CBRSUSDT,EQUITY,1784707200001,0.00000000,201.54000000
SPCXUSDT,EQUITY,1779465600001,0.00005000,201.17450000
SPCXUSDT,EQUITY,1779494400001,0.00005000,195.98215686
SPCXUSDT,EQUITY,1779523200001,0.00005000,198.15812500
SPCXUSDT,EQUITY,1779552000001,0.00005000,202.20866667
SPCXUSDT,EQUITY,1779580800001,0.00005000,202.48350000
SPCXUSDT,EQUITY,1779609600001,0.00005000,209.91615385
SPCXUSDT,EQUITY,1779638400001,0.00005000,205.32212121
SPCXUSDT,EQUITY,1779667200001,0.00005000,208.04209877
SPCXUSDT,EQUITY,1779696000001,0.00005000,208.65521739
SPCXUSDT,EQUITY,1779724800001,0.00005000,208.14160000
SPCXUSDT,EQUITY,1779753600001,0.00005000,208.00583333
SPCXUSDT,EQUITY,1779782400001,0.00005000,205.96442857
SPCXUSDT,EQUITY,1779811200001,0.00005000,200.90292683
SPCXUSDT,EQUITY,1779840000001,0.00005000,203.16764706
SPCXUSDT,EQUITY,1779868800001,0.00005000,202.46620690
SPCXUSDT,EQUITY,1779897600001,0.00005000,202.39727273
SPCXUSDT,EQUITY,1779926400001,0.00005000,201.15363636
SPCXUSDT,EQUITY,1779955200001,0.00005000,198.05300000
SPCXUSDT,EQUITY,1779984000001,0.00005000,199.05500000
SPCXUSDT,EQUITY,1780012800001,0.00005000,198.62526316
SPCXUSDT,EQUITY,1780041600001,0.00005000,195.41133333
SPCXUSDT,EQUITY,1780070400001,0.00005000,193.77066667
SPCXUSDT,EQUITY,1780099200001,0.00005000,194.48153846
SPCXUSDT,EQUITY,1780128000001,0.00005000,199.37642857
SPCXUSDT,EQUITY,1780156800001,0.00005000,199.15428571
SPCXUSDT,EQUITY,1780185600001,0.00005000,200.69450000
SPCXUSDT,EQUITY,1780214400001,0.00005000,203.06166667
SPCXUSDT,EQUITY,1780243200001,0.00005000,201.87656250
SPCXUSDT,EQUITY,1780272000001,0.00005000,203.42647059
SPCXUSDT,EQUITY,1780300800001,0.00005000,203.35500000
SPCXUSDT,EQUITY,1780329600001,0.00005000,196.79250000
SPCXUSDT,EQUITY,1780358400001,0.00005000,197.53857143
SPCXUSDT,EQUITY,1780387200001,0.00005000,199.35055556
SPCXUSDT,EQUITY,1780416000001,0.00005000,196.11071429
SPCXUSDT,EQUITY,1780444800001,0.00005000,195.70489796
SPCXUSDT,EQUITY,1780473600001,0.00005000,191.80846154
SPCXUSDT,EQUITY,1780502400001,0.00005000,189.00583333
SPCXUSDT,EQUITY,1780531200001,0.00005000,188.26923077
SPCXUSDT,EQUITY,1780560000001,0.00005000,187.10971429
SPCXUSDT,EQUITY,1780588800001,0.00005000,180.29400000
SPCXUSDT,EQUITY,1780617600001,0.00005000,175.78600000
SPCXUSDT,EQUITY,1780646400001,0.00005000,173.71400000
SPCXUSDT,EQUITY,1780675200001,0.00005000,165.26142857
SPCXUSDT,EQUITY,1780704000001,0.00005000,166.62454545
SPCXUSDT,EQUITY,1780732800001,0.00005000,165.10235294
SPCXUSDT,EQUITY,1780761600001,0.00005000,163.66571429
SPCXUSDT,EQUITY,1780790400002,0.00005000,167.00100000
SPCXUSDT,EQUITY,1780819200001,0.00005000,169.54866667
SPCXUSDT,EQUITY,1780848000001,0.00005000,173.16339623
SPCXUSDT,EQUITY,1780876800001,0.00005000,170.64900000
SPCXUSDT,EQUITY,1780905600001,0.00005000,166.85050000
SPCXUSDT,EQUITY,1780934400001,0.00005000,170.78500000
SPCXUSDT,EQUITY,1780963200001,0.00005000,172.76230769
SPCXUSDT,EQUITY,1780992000001,0.00005000,169.11411765
SPCXUSDT,EQUITY,1781020800001,0.00005000,169.81937500
SPCXUSDT,EQUITY,1781049600001,0.00005000,170.25962963
SPCXUSDT,EQUITY,1781078400001,0.00005000,173.45266667
SPCXUSDT,EQUITY,1781107200001,0.00005000,164.04944444
SPCXUSDT,EQUITY,1781136000001,0.00005000,162.39941176
SPCXUSDT,EQUITY,1781164800001,0.00005000,161.44800000
SPCXUSDT,EQUITY,1781193600001,0.00005000,166.39529412
SPCXUSDT,EQUITY,1781222400001,0.00005000,170.80736842
SPCXUSDT,EQUITY,1781251200001,0.00005000,174.93315789
SPCXUSDT,EQUITY,1781280000001,0.00005000,162.64400000
SPCXUSDT,EQUITY,1781308800001,0.00000000,166.79070486
SPCXUSDT,EQUITY,1781337600001,0.00000000,164.75599075
SPCXUSDT,EQUITY,1781366400001,0.00000000,165.58000000
SPCXUSDT,EQUITY,1781395200001,0.00000000,165.04000000
SPCXUSDT,EQUITY,1781424000001,0.00034016,167.44000000
SPCXUSDT,EQUITY,1781452800001,0.00000000,166.59000000
SPCXUSDT,EQUITY,1781481600001,0.00002515,167.87975352
SPCXUSDT,EQUITY,1781510400002,0.00000000,171.05451992
SPCXUSDT,EQUITY,1781539200001,0.00000000,175.81895787
SPCXUSDT,EQUITY,1781568000001,-0.00074041,199.12292978
SPCXUSDT,EQUITY,1781596800001,-0.00041451,213.13173232
SPCXUSDT,EQUITY,1781625600001,0.00000000,211.09744687
SPCXUSDT,EQUITY,1781654400001,-0.00004768,205.89342836
SPCXUSDT,EQUITY,1781683200001,0.00000000,206.84081976
SPCXUSDT,EQUITY,1781712000001,0.00000000,195.81000000
SPCXUSDT,EQUITY,1781740800001,0.00028380,195.23025130
SPCXUSDT,EQUITY,1781769600001,0.00075620,193.42069009
SPCXUSDT,EQUITY,1781798400001,0.00092548,176.29000000
SPCXUSDT,EQUITY,1781827200001,0.00056260,181.78000000
SPCXUSDT,EQUITY,1781856000001,-0.00040210,179.34546095
SPCXUSDT,EQUITY,1781884800001,0.00000000,179.95653060
SPCXUSDT,EQUITY,1781913600001,0.00000000,180.09000000
SPCXUSDT,EQUITY,1781942400001,0.00000000,179.79123689
SPCXUSDT,EQUITY,1781971200001,0.00000000,180.54000000
SPCXUSDT,EQUITY,1782000000001,0.00000000,181.56000000
SPCXUSDT,EQUITY,1782028800001,0.00000000,181.41000000
SPCXUSDT,EQUITY,1782057600001,0.00000000,181.34000000
SPCXUSDT,EQUITY,1782086400001,-0.00107149,176.02407057
SPCXUSDT,EQUITY,1782115200001,0.00017384,179.83949983
SPCXUSDT,EQUITY,1782144000001,0.00095371,166.98000000
SPCXUSDT,EQUITY,1782172800001,0.00030035,156.92379981
SPCXUSDT,EQUITY,1782201600002,0.00048499,150.02000000
SPCXUSDT,EQUITY,1782230400001,0.00050441,161.28841714
SPCXUSDT,EQUITY,1782259200001,0.00036722,157.03000000
SPCXUSDT,EQUITY,1782288000001,0.00044030,156.84472916
SPCXUSDT,EQUITY,1782316800001,0.00035467,158.81182230
SPCXUSDT,EQUITY,1782345600002,0.00074542,154.09018049
SPCXUSDT,EQUITY,1782374400001,0.00061673,155.69000000
SPCXUSDT,EQUITY,1782403200001,0.00077731,152.20000000
SPCXUSDT,EQUITY,1782432000001,0.00011001,152.83740686
SPCXUSDT,EQUITY,1782460800002,0.00060996,151.38601779
SPCXUSDT,EQUITY,1782489600001,0.00038112,156.23000000
SPCXUSDT,EQUITY,1782518400001,0.00000000,152.84727768
SPCXUSDT,EQUITY,1782547200001,0.00000000,154.02777331
SPCXUSDT,EQUITY,1782576000001,0.00000000,154.74559717
SPCXUSDT,EQUITY,1782604800002,0.00000000,153.73000000
SPCXUSDT,EQUITY,1782633600002,0.00000000,154.14247267
SPCXUSDT,EQUITY,1782662400001,0.00000000,154.56428502
SPCXUSDT,EQUITY,1782691200001,0.00045999,156.58000000
SPCXUSDT,EQUITY,1782720000001,0.00053148,155.62000000
SPCXUSDT,EQUITY,1782748800001,0.00035811,156.85000000
SPCXUSDT,EQUITY,1782777600000,0.00081754,163.33000000
SPCXUSDT,EQUITY,1782806400000,0.00000000,163.07421123
SPCXUSDT,EQUITY,1782835200001,0.00000000,169.34421426
SPCXUSDT,EQUITY,1782864000000,0.00000000,172.14000000
SPCXUSDT,EQUITY,1782892800001,0.00000000,171.42108443
SPCXUSDT,EQUITY,1782921600001,0.00007010,158.95000000
SPCXUSDT,EQUITY,1782950400000,0.00001400,157.93699966
SPCXUSDT,EQUITY,1782979200001,0.00068807,156.52000000
SPCXUSDT,EQUITY,1783008000001,0.00016659,159.15006815
SPCXUSDT,EQUITY,1783036800001,0.00005608,160.97326721
SPCXUSDT,EQUITY,1783065600001,0.00000000,160.61211056
SPCXUSDT,EQUITY,1783094400001,-0.00001228,159.31000000
SPCXUSDT,EQUITY,1783123200001,0.00000000,158.89279156
SPCXUSDT,EQUITY,1783152000001,0.00000000,160.04568404
SPCXUSDT,EQUITY,1783180800001,0.00000000,160.10000000
SPCXUSDT,EQUITY,1783209600002,0.00000000,160.05000000
SPCXUSDT,EQUITY,1783238400001,0.00000000,160.79858893
SPCXUSDT,EQUITY,1783267200001,0.00000000,161.32000000
SPCXUSDT,EQUITY,1783296000001,0.00000000,161.45542555
SPCXUSDT,EQUITY,1783324800001,0.00007993,163.40000000
SPCXUSDT,EQUITY,1783353600001,0.00001285,160.90924414
SPCXUSDT,EQUITY,1783382400001,0.00000000,157.71000000
SPCXUSDT,EQUITY,1783411200001,0.00000000,158.28000000
SPCXUSDT,EQUITY,1783440000001,0.00006155,151.04000000
SPCXUSDT,EQUITY,1783468800002,0.00025265,151.14000000
SPCXUSDT,EQUITY,1783497600001,0.00008696,151.25160228
SPCXUSDT,EQUITY,1783526400001,0.00003712,147.60170972
SPCXUSDT,EQUITY,1783555200001,0.00000000,148.99000000
SPCXUSDT,EQUITY,1783584000001,0.00013407,150.34922785
SPCXUSDT,EQUITY,1783612800001,0.00000000,150.90939680
SPCXUSDT,EQUITY,1783641600001,0.00000000,152.14765681
SPCXUSDT,EQUITY,1783670400001,0.00000000,149.98507054
SPCXUSDT,EQUITY,1783699200001,0.00013039,148.89000000
SPCXUSDT,EQUITY,1783728000001,0.00071791,146.10186168
SPCXUSDT,EQUITY,1783756800001,0.00000000,146.11000000
SPCXUSDT,EQUITY,1783785600001,0.00000000,145.80247384
SPCXUSDT,EQUITY,1783814400001,0.00000000,145.74000000
SPCXUSDT,EQUITY,1783843200001,0.00000000,145.81029157
SPCXUSDT,EQUITY,1783872000001,0.00000000,145.87000000
SPCXUSDT,EQUITY,1783900800001,0.00000000,145.70000000
SPCXUSDT,EQUITY,1783929600001,0.00036060,143.15000000
SPCXUSDT,EQUITY,1783958400001,0.00029639,139.76912931
SPCXUSDT,EQUITY,1783987200002,0.00022591,137.99000000
SPCXUSDT,EQUITY,1784016000001,0.00005227,138.46000000
SPCXUSDT,EQUITY,1784044800001,0.00000000,142.47461643
SPCXUSDT,EQUITY,1784073600001,0.00033711,137.20000000
SPCXUSDT,EQUITY,1784102400001,0.00016820,137.85431973
SPCXUSDT,EQUITY,1784131200001,0.00037775,135.85000000
SPCXUSDT,EQUITY,1784160000001,0.00021438,135.89943499
SPCXUSDT,EQUITY,1784188800002,0.00009471,135.80000000
SPCXUSDT,EQUITY,1784217600001,0.00000000,134.44819789
SPCXUSDT,EQUITY,1784246400001,0.00000000,126.86000000
SPCXUSDT,EQUITY,1784275200001,-0.00032210,125.06000000
SPCXUSDT,EQUITY,1784304000001,0.00000000,124.60000000
SPCXUSDT,EQUITY,1784332800001,0.00000000,124.23082247
SPCXUSDT,EQUITY,1784361600001,0.00000000,125.30494852
SPCXUSDT,EQUITY,1784390400001,0.00000000,126.20000000
SPCXUSDT,EQUITY,1784419200001,0.00000000,127.98541619
SPCXUSDT,EQUITY,1784448000001,0.00000000,129.09569401
SPCXUSDT,EQUITY,1784476800001,0.00000000,127.55000000
SPCXUSDT,EQUITY,1784505600002,0.00000000,127.60659079
SPCXUSDT,EQUITY,1784534400001,0.00026802,125.99774673
SPCXUSDT,EQUITY,1784563200001,0.00000000,123.49684957
SPCXUSDT,EQUITY,1784592000001,0.00021396,120.43843924
SPCXUSDT,EQUITY,1784620800001,0.00022632,121.67857508
SPCXUSDT,EQUITY,1784649600000,0.00000000,128.27000000
SPCXUSDT,EQUITY,1784678400000,0.00000000,125.16652049
SPCXUSDT,EQUITY,1784707200001,0.00000000,123.84000000
NBISUSDT,EQUITY,1779811200001,0.00130612,210.82679553
NBISUSDT,EQUITY,1779840000001,0.00198411,209.46000000
NBISUSDT,EQUITY,1779868800001,0.00208840,207.75861597
NBISUSDT,EQUITY,1779897600001,0.00110842,203.83491435
NBISUSDT,EQUITY,1779926400001,0.00000000,234.22000000
NBISUSDT,EQUITY,1779955200001,0.00210348,230.70641483
NBISUSDT,EQUITY,1779984000001,0.00059395,226.85622053
NBISUSDT,EQUITY,1780012800001,0.00105004,229.46771089
NBISUSDT,EQUITY,1780041600001,0.00087889,227.28000000
NBISUSDT,EQUITY,1780070400001,0.00060182,220.24000000
NBISUSDT,EQUITY,1780099200001,0.00000000,228.99000000
NBISUSDT,EQUITY,1780128000001,0.00018008,231.81885344
NBISUSDT,EQUITY,1780156800001,0.00043813,234.23000000
NBISUSDT,EQUITY,1780185600001,0.00000000,233.43898434
NBISUSDT,EQUITY,1780214400001,0.00000000,234.47000000
NBISUSDT,EQUITY,1780243200001,0.00000000,234.69013707
NBISUSDT,EQUITY,1780272000001,0.00000000,235.81000000
NBISUSDT,EQUITY,1780300800001,0.00202658,242.90000000
NBISUSDT,EQUITY,1780329600001,0.00042371,269.97000000
NBISUSDT,EQUITY,1780358400001,0.00071179,268.19000000
NBISUSDT,EQUITY,1780387200001,0.00179344,271.47359677
NBISUSDT,EQUITY,1780416000001,0.00000000,264.88000000
NBISUSDT,EQUITY,1780444800001,0.00000000,259.77443730
NBISUSDT,EQUITY,1780473600001,0.00161770,258.75105101
NBISUSDT,EQUITY,1780502400001,0.00013310,254.88539098
NBISUSDT,EQUITY,1780531200001,0.00000000,240.65000000
NBISUSDT,EQUITY,1780560000001,0.00000000,245.19000000
NBISUSDT,EQUITY,1780588800001,0.00000000,249.27857875
NBISUSDT,EQUITY,1780617600001,0.00000000,254.20000000
NBISUSDT,EQUITY,1780646400001,0.00000000,250.51083561
NBISUSDT,EQUITY,1780675200001,0.00000000,231.90907045
NBISUSDT,EQUITY,1780704000001,0.00015543,221.64386255
NBISUSDT,EQUITY,1780732800001,0.00009949,224.31000000
NBISUSDT,EQUITY,1780761600001,0.00000000,224.14273308
NBISUSDT,EQUITY,1780790400002,0.00000000,225.16000000
NBISUSDT,EQUITY,1780819200001,0.00000000,227.83000000
NBISUSDT,EQUITY,1780848000001,0.00004397,230.04000000
NBISUSDT,EQUITY,1780876800001,-0.00018695,227.26000000
NBISUSDT,EQUITY,1780905600001,0.00057654,231.17439916
NBISUSDT,EQUITY,1780934400001,0.00000000,226.15506374
NBISUSDT,EQUITY,1780963200001,0.00000000,220.41770150
NBISUSDT,EQUITY,1780992000001,0.00044616,226.93837435
NBISUSDT,EQUITY,1781020800001,0.00000000,211.05789736
NBISUSDT,EQUITY,1781049600001,0.00000000,218.12926542
NBISUSDT,EQUITY,1781078400001,0.00000000,216.30888134
NBISUSDT,EQUITY,1781107200001,0.00000000,220.05000000
NBISUSDT,EQUITY,1781136000001,0.00000000,204.37000000
NBISUSDT,EQUITY,1781164800001,0.00000000,214.83178131
NBISUSDT,EQUITY,1781193600001,0.00000000,216.11000000
NBISUSDT,EQUITY,1781222400001,0.00011996,229.56955105
NBISUSDT,EQUITY,1781251200001,0.00000000,233.94846749
NBISUSDT,EQUITY,1781280000001,0.00000000,228.50874439
NBISUSDT,EQUITY,1781308800001,0.00000000,235.99142991
NBISUSDT,EQUITY,1781337600001,-0.00014521,230.95000000
NBISUSDT,EQUITY,1781366400001,0.00000000,230.40038202
NBISUSDT,EQUITY,1781395200001,0.00000000,229.26000000
NBISUSDT,EQUITY,1781424000001,0.00051233,237.95870482
NBISUSDT,EQUITY,1781452800001,0.00000000,239.76000000
NBISUSDT,EQUITY,1781481600001,0.00147755,248.10079112
NBISUSDT,EQUITY,1781510400002,0.00000000,249.81000000
NBISUSDT,EQUITY,1781539200001,0.00000000,257.59000000
NBISUSDT,EQUITY,1781568000001,0.00000000,259.38187519
NBISUSDT,EQUITY,1781596800001,0.00000000,260.81010940
NBISUSDT,EQUITY,1781625600001,0.00000000,267.58960111
NBISUSDT,EQUITY,1781654400001,0.00000000,264.32000000
NBISUSDT,EQUITY,1781683200001,0.00000056,272.06364650
NBISUSDT,EQUITY,1781712000001,0.00000000,282.24227116
NBISUSDT,EQUITY,1781740800001,0.00019665,290.78000000
NBISUSDT,EQUITY,1781769600001,0.00000000,293.20688407
NBISUSDT,EQUITY,1781798400001,0.00016321,289.33329359
NBISUSDT,EQUITY,1781827200001,0.00000000,285.57526908
NBISUSDT,EQUITY,1781856000001,0.00000000,283.76912810
NBISUSDT,EQUITY,1781884800001,0.00000000,280.35000000
NBISUSDT,EQUITY,1781913600001,0.00000000,283.13661844
NBISUSDT,EQUITY,1781942400001,0.00058897,290.55209935
NBISUSDT,EQUITY,1781971200001,-0.00032803,288.79476203
NBISUSDT,EQUITY,1782000000001,0.00000000,285.96196869
NBISUSDT,EQUITY,1782028800001,0.00000000,290.22000000
NBISUSDT,EQUITY,1782057600001,0.00000000,290.80094656
NBISUSDT,EQUITY,1782086400001,0.00000000,285.85904997
NBISUSDT,EQUITY,1782115200001,0.00003720,286.76000000
NBISUSDT,EQUITY,1782144000001,0.00006564,282.17256262
NBISUSDT,EQUITY,1782172800001,0.00000000,281.05000000
NBISUSDT,EQUITY,1782201600002,0.00000000,261.05000000
NBISUSDT,EQUITY,1782230400001,0.00000000,277.92000000
NBISUSDT,EQUITY,1782259200001,0.00054758,278.02775452
NBISUSDT,EQUITY,1782288000001,0.00000198,281.53774120
NBISUSDT,EQUITY,1782316800001,0.00037500,259.67382862
NBISUSDT,EQUITY,1782345600002,0.00039359,275.82827867
NBISUSDT,EQUITY,1782374400001,0.00001547,270.42605658
NBISUSDT,EQUITY,1782403200001,0.00012804,257.02808433
NBISUSDT,EQUITY,1782432000001,0.00038525,256.40000000
NBISUSDT,EQUITY,1782460800002,0.00022071,250.64000000
NBISUSDT,EQUITY,1782489600001,0.00019492,240.80000000
NBISUSDT,EQUITY,1782518400001,0.00024083,239.32644580
NBISUSDT,EQUITY,1782547200001,0.00000000,241.77000000
NBISUSDT,EQUITY,1782576000001,0.00000000,241.69000000
NBISUSDT,EQUITY,1782604800002,0.00000000,241.30592138
NBISUSDT,EQUITY,1782633600002,0.00000000,240.78935465
NBISUSDT,EQUITY,1782662400001,0.00001545,243.40529684
NBISUSDT,EQUITY,1782691200001,0.00041760,247.49000000
NBISUSDT,EQUITY,1782720000001,0.00003962,246.83000000
NBISUSDT,EQUITY,1782748800001,0.00003085,253.55000000
NBISUSDT,EQUITY,1782777600000,0.00054962,263.67000000
NBISUSDT,EQUITY,1782806400000,0.00018468,264.82000000
NBISUSDT,EQUITY,1782835200001,0.00013987,281.67245060
NBISUSDT,EQUITY,1782864000000,0.00097616,279.51000000
NBISUSDT,EQUITY,1782892800001,0.00000000,275.74000000
NBISUSDT,EQUITY,1782921600001,0.00039128,237.57000000
NBISUSDT,EQUITY,1782950400000,0.00057048,230.73348324
NBISUSDT,EQUITY,1782979200001,0.00000600,224.52295902
NBISUSDT,EQUITY,1783008000001,0.00017642,212.61217757
NBISUSDT,EQUITY,1783036800001,0.00000000,216.18671700
NBISUSDT,EQUITY,1783065600001,0.00147963,224.17000000
NBISUSDT,EQUITY,1783094400001,0.00015514,227.09389714
NBISUSDT,EQUITY,1783123200001,-0.00009430,225.14000000
NBISUSDT,EQUITY,1783152000001,0.00000000,226.76259003
NBISUSDT,EQUITY,1783180800001,0.00000000,225.28000000
NBISUSDT,EQUITY,1783209600002,0.00000000,226.14014645
NBISUSDT,EQUITY,1783238400001,0.00000000,227.07100972
NBISUSDT,EQUITY,1783267200001,0.00020815,229.87000000
NBISUSDT,EQUITY,1783296000001,0.00000000,229.70381339
NBISUSDT,EQUITY,1783324800001,0.00011107,223.59821870
NBISUSDT,EQUITY,1783353600001,0.00000000,221.33000000
NBISUSDT,EQUITY,1783382400001,0.00000000,209.34613491
NBISUSDT,EQUITY,1783411200001,0.00000000,207.28813331
NBISUSDT,EQUITY,1783440000001,0.00003433,200.21360774
NBISUSDT,EQUITY,1783468800002,0.00000000,191.44000000
NBISUSDT,EQUITY,1783497600001,0.00011455,193.32822955
NBISUSDT,EQUITY,1783526400001,0.00006932,201.55000000
NBISUSDT,EQUITY,1783555200001,0.00008864,216.81981566
NBISUSDT,EQUITY,1783584000001,0.00000000,221.68840593
NBISUSDT,EQUITY,1783612800001,0.00016671,216.35000000
NBISUSDT,EQUITY,1783641600001,0.00000000,216.30551159
NBISUSDT,EQUITY,1783670400001,0.00000000,213.33660493
NBISUSDT,EQUITY,1783699200001,0.00036754,218.32000000
NBISUSDT,EQUITY,1783728000001,0.00000000,219.83358941
NBISUSDT,EQUITY,1783756800001,0.00003475,221.14000000
NBISUSDT,EQUITY,1783785600001,0.00000000,220.79139513
NBISUSDT,EQUITY,1783814400001,0.00000000,221.29026130
NBISUSDT,EQUITY,1783843200001,0.00000000,220.34185586
NBISUSDT,EQUITY,1783872000001,0.00000000,218.99570639
NBISUSDT,EQUITY,1783900800001,0.00000000,219.70000000
NBISUSDT,EQUITY,1783929600001,0.00000000,208.30508520
NBISUSDT,EQUITY,1783958400001,0.00000000,214.38512458
NBISUSDT,EQUITY,1783987200002,0.00000000,205.82924587
NBISUSDT,EQUITY,1784016000001,0.00000000,213.04076415
NBISUSDT,EQUITY,1784044800001,0.00000000,198.28962755
NBISUSDT,EQUITY,1784073600001,0.00005370,198.33000000
NBISUSDT,EQUITY,1784102400001,0.00003926,199.46616665
NBISUSDT,EQUITY,1784131200001,0.00001996,194.48000000
NBISUSDT,EQUITY,1784160000001,0.00000000,195.90000000
NBISUSDT,EQUITY,1784188800002,0.00000000,195.05000000
NBISUSDT,EQUITY,1784217600001,0.00000000,177.97000000
NBISUSDT,EQUITY,1784246400001,0.00002184,167.39000000
NBISUSDT,EQUITY,1784275200001,0.00000507,162.75000000
NBISUSDT,EQUITY,1784304000001,0.00000000,181.64462084
NBISUSDT,EQUITY,1784332800001,0.00000000,178.06000000
NBISUSDT,EQUITY,1784361600001,-0.00029572,176.33754492
NBISUSDT,EQUITY,1784390400001,-0.00048303,173.59000000
NBISUSDT,EQUITY,1784419200001,0.00000000,171.64965875
NBISUSDT,EQUITY,1784448000001,0.00000000,171.30000000
NBISUSDT,EQUITY,1784476800001,0.00000000,174.86196129
NBISUSDT,EQUITY,1784505600002,0.00049930,180.06000000
NBISUSDT,EQUITY,1784534400001,0.00000000,181.40000000
NBISUSDT,EQUITY,1784563200001,0.00002667,185.54401737
NBISUSDT,EQUITY,1784592000001,0.00000000,189.47803122
NBISUSDT,EQUITY,1784620800001,0.00000000,193.75769177
NBISUSDT,EQUITY,1784649600000,0.00000000,207.47000000
NBISUSDT,EQUITY,1784678400000,0.00000000,219.84367756
NBISUSDT,EQUITY,1784707200001,0.00000000,210.62280649
WDCUSDT,EQUITY,1779811200001,0.00103449,528.81236985
WDCUSDT,EQUITY,1779840000001,0.00500831,529.58131314
WDCUSDT,EQUITY,1779868800001,0.00291456,533.65000000
WDCUSDT,EQUITY,1779897600001,0.00055353,526.43000000
WDCUSDT,EQUITY,1779926400001,0.00155461,528.38599964
WDCUSDT,EQUITY,1779955200001,0.00000000,523.51252826
WDCUSDT,EQUITY,1779984000001,0.00000000,546.01000000
WDCUSDT,EQUITY,1780012800001,0.00000000,534.66000000
WDCUSDT,EQUITY,1780041600001,0.00000000,535.57215355
WDCUSDT,EQUITY,1780070400001,0.00040554,529.54000000
WDCUSDT,EQUITY,1780099200001,0.00005466,528.68000000
WDCUSDT,EQUITY,1780128000001,0.00000000,530.58000000
WDCUSDT,EQUITY,1780156800001,0.00000000,529.02000000
WDCUSDT,EQUITY,1780185600001,0.00000000,530.74441057
WDCUSDT,EQUITY,1780214400001,0.00017885,537.19747880
WDCUSDT,EQUITY,1780243200001,0.00018959,540.40080254
WDCUSDT,EQUITY,1780272000001,0.00000000,536.24827805
WDCUSDT,EQUITY,1780300800001,0.00019572,535.51630645
WDCUSDT,EQUITY,1780329600001,0.00000000,550.18942119
WDCUSDT,EQUITY,1780358400001,0.00000000,549.11000000
WDCUSDT,EQUITY,1780387200001,0.00242213,542.99704774
WDCUSDT,EQUITY,1780416000001,0.00000000,560.99968568
WDCUSDT,EQUITY,1780444800001,-0.00069631,562.30230721
WDCUSDT,EQUITY,1780473600001,0.00216936,564.80000000
WDCUSDT,EQUITY,1780502400001,0.00000000,593.66335735
WDCUSDT,EQUITY,1780531200001,0.00000000,580.77784848
WDCUSDT,EQUITY,1780560000001,0.00000000,587.18624323
WDCUSDT,EQUITY,1780588800001,0.00000000,585.31129144
WDCUSDT,EQUITY,1780603200001,0.00000000,575.88902547
WDCUSDT,EQUITY,1780606800001,-0.00002468,572.85000000
WDCUSDT,EQUITY,1780610400001,0.00000000,572.28362746
WDCUSDT,EQUITY,1780614000002,-0.00007388,570.28000000
WDCUSDT,EQUITY,1780617600001,-0.00009566,565.99000000
WDCUSDT,EQUITY,1780617600010,-0.00026509,565.99000000
WDCUSDT,EQUITY,1780621200001,-0.00015680,562.69666909
WDCUSDT,EQUITY,1780624800001,0.00000000,568.95561817
WDCUSDT,EQUITY,1780628400001,0.00000000,572.22311028
WDCUSDT,EQUITY,1780632000001,0.00000000,568.05000000
WDCUSDT,EQUITY,1780646400001,-0.00016445,563.32493508
WDCUSDT,EQUITY,1780675200001,0.00000000,538.40000000
WDCUSDT,EQUITY,1780704000001,-0.00032936,501.57000000
WDCUSDT,EQUITY,1780732800001,0.00000000,486.66634405
WDCUSDT,EQUITY,1780761600001,0.00000412,492.96000000
WDCUSDT,EQUITY,1780790400002,0.00000000,490.65000000
WDCUSDT,EQUITY,1780819200001,0.00000000,497.46780169
WDCUSDT,EQUITY,1780848000001,0.00000000,498.21762715
WDCUSDT,EQUITY,1780876800001,0.00000000,502.48000000
WDCUSDT,EQUITY,1780905600001,0.00000000,523.38000000
WDCUSDT,EQUITY,1780934400001,0.00000000,528.20000000
WDCUSDT,EQUITY,1780963200001,0.00000000,526.56030588
WDCUSDT,EQUITY,1780992000001,0.00000000,539.94000000
WDCUSDT,EQUITY,1781020800001,0.00000000,504.43379310
WDCUSDT,EQUITY,1781049600001,0.00000000,512.95000000
WDCUSDT,EQUITY,1781078400001,0.00000000,508.19205305
WDCUSDT,EQUITY,1781107200001,0.00000000,493.36928981
WDCUSDT,EQUITY,1781136000001,0.00000000,479.24867688
WDCUSDT,EQUITY,1781164800001,0.00000000,499.94000000
WDCUSDT,EQUITY,1781193600001,0.00000000,505.85918191
WDCUSDT,EQUITY,1781222400001,0.00000000,543.69000000
WDCUSDT,EQUITY,1781251200001,0.00000000,530.07021596
WDCUSDT,EQUITY,1781280000001,0.00000000,552.70000000
WDCUSDT,EQUITY,1781308800001,0.00000000,565.86000000
WDCUSDT,EQUITY,1781337600001,0.00000000,561.92052601
WDCUSDT,EQUITY,1781366400001,0.00000000,558.36000000
WDCUSDT,EQUITY,1781395200001,0.00000000,560.29000000
WDCUSDT,EQUITY,1781424000001,0.00000000,561.79280630
WDCUSDT,EQUITY,1781452800001,0.00000000,564.55124982
WDCUSDT,EQUITY,1781481600001,0.00030720,573.98479903
WDCUSDT,EQUITY,1781510400002,0.00000000,588.71523194
WDCUSDT,EQUITY,1781539200001,0.00000000,638.32000000
WDCUSDT,EQUITY,1781568000001,0.00000000,653.49616277
WDCUSDT,EQUITY,1781596800001,0.00000000,670.67212529
WDCUSDT,EQUITY,1781625600001,0.00000000,676.94147279
WDCUSDT,EQUITY,1781654400001,0.00000000,685.33145239
WDCUSDT,EQUITY,1781683200001,0.00002191,698.61360779
WDCUSDT,EQUITY,1781712000001,0.00000000,727.35000000
WDCUSDT,EQUITY,1781740800001,0.00000000,737.49355099
WDCUSDT,EQUITY,1781769600001,0.00000000,747.17585871
WDCUSDT,EQUITY,1781798400001,0.00000000,764.29732735
WDCUSDT,EQUITY,1781827200001,0.00000000,754.83039354
WDCUSDT,EQUITY,1781856000001,-0.00167727,744.53262042
WDCUSDT,EQUITY,1781884800001,0.00000000,741.08010928
WDCUSDT,EQUITY,1781913600001,0.00000000,752.31000000
WDCUSDT,EQUITY,1781942400001,0.00122257,776.70495437
WDCUSDT,EQUITY,1781971200001,0.00000000,775.90000000
WDCUSDT,EQUITY,1782000000001,0.00000000,771.52000000
WDCUSDT,EQUITY,1782028800001,0.00000000,777.49245438
WDCUSDT,EQUITY,1782057600001,0.00000000,782.00000000
WDCUSDT,EQUITY,1782086400001,-0.00222550,751.44000000
WDCUSDT,EQUITY,1782115200001,0.00000000,774.20575990
WDCUSDT,EQUITY,1782144000001,0.00000000,749.78042135
WDCUSDT,EQUITY,1782172800001,0.00033702,735.28130501
WDCUSDT,EQUITY,1782201600002,0.00013930,687.62178284
WDCUSDT,EQUITY,1782230400001,0.00000000,670.54000000
WDCUSDT,EQUITY,1782259200001,0.00053371,680.76985630
WDCUSDT,EQUITY,1782288000001,0.00000000,683.81000000
WDCUSDT,EQUITY,1782316800001,0.00000000,647.29605568
WDCUSDT,EQUITY,1782345600002,0.00003525,723.55000000
WDCUSDT,EQUITY,1782374400001,0.00000000,719.54000000
WDCUSDT,EQUITY,1782403200001,0.00000000,682.15316201
WDCUSDT,EQUITY,1782432000001,0.00000000,674.06642971
WDCUSDT,EQUITY,1782460800002,0.00000000,658.16101328
WDCUSDT,EQUITY,1782489600001,0.00000000,604.18490125
WDCUSDT,EQUITY,1782518400001,0.00037074,588.21254683
WDCUSDT,EQUITY,1782547200001,0.00000000,588.91967754
WDCUSDT,EQUITY,1782576000001,0.00000000,585.29676171
WDCUSDT,EQUITY,1782604800002,0.00000000,577.92977051
WDCUSDT,EQUITY,1782633600002,0.00000000,586.17000000
WDCUSDT,EQUITY,1782662400001,-0.00018368,580.70260063
WDCUSDT,EQUITY,1782691200001,0.00165986,593.47394490
WDCUSDT,EQUITY,1782720000001,0.00000000,600.81000000
WDCUSDT,EQUITY,1782748800001,0.00000000,635.61000000
WDCUSDT,EQUITY,1782777600000,0.00034952,650.50151143
WDCUSDT,EQUITY,1782806400000,0.00063817,655.74674291
WDCUSDT,EQUITY,1782835200001,0.00000000,639.98665845
WDCUSDT,EQUITY,1782864000000,0.00000000,642.87617535
WDCUSDT,EQUITY,1782892800001,0.00000000,632.53440640
WDCUSDT,EQUITY,1782921600001,0.00000000,603.24000000
WDCUSDT,EQUITY,1782950400000,0.00000000,596.37554025
WDCUSDT,EQUITY,1782979200001,0.00000000,576.87696007
WDCUSDT,EQUITY,1783008000001,0.00000000,556.48000000
WDCUSDT,EQUITY,1783036800001,0.00000000,543.82795383
WDCUSDT,EQUITY,1783065600001,0.00110926,566.33881252
WDCUSDT,EQUITY,1783094400001,0.00000000,572.06000000
WDCUSDT,EQUITY,1783123200001,0.00000000,565.68782222
WDCUSDT,EQUITY,1783152000001,0.00018039,573.74000000
WDCUSDT,EQUITY,1783180800001,0.00000000,571.36000000
WDCUSDT,EQUITY,1783209600002,0.00000000,572.65064835
WDCUSDT,EQUITY,1783238400001,0.00000000,573.28795597
WDCUSDT,EQUITY,1783267200001,0.00000000,577.00132435
WDCUSDT,EQUITY,1783296000001,0.00000000,576.99000000
WDCUSDT,EQUITY,1783324800001,0.00007391,569.86000000
WDCUSDT,EQUITY,1783353600001,0.00000000,577.93000000
WDCUSDT,EQUITY,1783382400001,0.00000000,562.20000000
WDCUSDT,EQUITY,1783411200001,0.00000000,552.10023048
WDCUSDT,EQUITY,1783440000001,0.00000000,525.47611178
WDCUSDT,EQUITY,1783468800002,0.00000000,525.57000000
WDCUSDT,EQUITY,1783497600001,0.00000000,523.43946207
WDCUSDT,EQUITY,1783526400001,0.00000000,529.47000000
WDCUSDT,EQUITY,1783555200001,0.00046885,553.44000000
WDCUSDT,EQUITY,1783584000001,0.00000000,566.55084068
WDCUSDT,EQUITY,1783612800001,0.00000000,588.12987720
WDCUSDT,EQUITY,1783641600001,0.00005170,587.38000000
WDCUSDT,EQUITY,1783670400001,0.00000000,568.75887426
WDCUSDT,EQUITY,1783699200001,0.00000000,572.28747322
WDCUSDT,EQUITY,1783728000001,0.00000000,583.28316820
WDCUSDT,EQUITY,1783756800001,0.00000000,579.35000000
WDCUSDT,EQUITY,1783785600001,0.00000000,579.09340377
WDCUSDT,EQUITY,1783814400001,-0.00008284,577.63865370
WDCUSDT,EQUITY,1783843200001,0.00000000,575.75326998
WDCUSDT,EQUITY,1783872000001,0.00000000,577.72842132
WDCUSDT,EQUITY,1783900800001,-0.00045494,569.58000000
WDCUSDT,EQUITY,1783929600001,0.00000000,550.10043520
WDCUSDT,EQUITY,1783958400001,0.00000000,548.35000000
WDCUSDT,EQUITY,1783987200002,0.00041277,545.35000000
WDCUSDT,EQUITY,1784016000001,0.00000000,566.79362776
WDCUSDT,EQUITY,1784044800001,0.00000000,567.00499861
WDCUSDT,EQUITY,1784073600001,0.00018963,568.54000000
WDCUSDT,EQUITY,1784102400001,0.00000000,573.94926962
WDCUSDT,EQUITY,1784131200001,0.00000000,512.93492002
WDCUSDT,EQUITY,1784160000001,0.00000000,505.03009986
WDCUSDT,EQUITY,1784188800002,0.00000000,494.70000000
WDCUSDT,EQUITY,1784217600001,0.00000000,470.06217152
WDCUSDT,EQUITY,1784246400001,0.00000000,456.43634579
WDCUSDT,EQUITY,1784275200001,0.00000000,436.75647251
WDCUSDT,EQUITY,1784304000001,0.00000000,475.46000000
WDCUSDT,EQUITY,1784332800001,0.00000000,475.64000000
WDCUSDT,EQUITY,1784361600001,0.00000000,476.84082716
WDCUSDT,EQUITY,1784390400001,0.00000000,474.36621995
WDCUSDT,EQUITY,1784419200001,0.00000000,474.35500518
WDCUSDT,EQUITY,1784448000001,0.00000000,477.66688490
WDCUSDT,EQUITY,1784476800001,0.00000000,477.05827577
WDCUSDT,EQUITY,1784505600002,0.00000000,480.95219173
WDCUSDT,EQUITY,1784534400001,0.00000000,483.93102040
WDCUSDT,EQUITY,1784563200001,0.00000000,500.83387333
WDCUSDT,EQUITY,1784592000001,0.00018730,489.98000000
WDCUSDT,EQUITY,1784620800001,0.00000000,511.93000000
WDCUSDT,EQUITY,1784649600000,0.00000000,544.22000000
WDCUSDT,EQUITY,1784678400000,0.00000000,560.00989185
WDCUSDT,EQUITY,1784707200001,0.00000000,528.14000000
ARMUSDT,EQUITY,1779811200001,0.00000696,316.72057348
ARMUSDT,EQUITY,1779840000001,0.00016835,322.32130213
ARMUSDT,EQUITY,1779868800001,0.00000000,319.43000000
ARMUSDT,EQUITY,1779897600001,0.00000000,305.32000000
ARMUSDT,EQUITY,1779926400001,0.00000000,302.47074588
ARMUSDT,EQUITY,1779955200001,-0.00005406,302.03500000
ARMUSDT,EQUITY,1779984000001,0.00000000,341.00675342
ARMUSDT,EQUITY,1780012800001,0.00000000,341.56806532
ARMUSDT,EQUITY,1780041600001,0.00000000,344.43000000
ARMUSDT,EQUITY,1780070400001,0.00000000,346.50000000
ARMUSDT,EQUITY,1780099200001,-0.00304667,354.52000000
ARMUSDT,EQUITY,1780128000001,0.00025941,357.90497005
ARMUSDT,EQUITY,1780156800001,0.00096180,365.77127967
ARMUSDT,EQUITY,1780185600001,0.00000000,371.88537594
ARMUSDT,EQUITY,1780214400001,0.00000000,378.17093835
ARMUSDT,EQUITY,1780243200001,0.00000000,375.28000000
ARMUSDT,EQUITY,1780272000001,0.00000000,370.37694961
ARMUSDT,EQUITY,1780300800001,0.00110050,377.74000000
ARMUSDT,EQUITY,1780329600001,0.00052110,417.36000000
ARMUSDT,EQUITY,1780358400001,0.00045682,414.21400437
ARMUSDT,EQUITY,1780387200001,0.00066942,411.45000000
ARMUSDT,EQUITY,1780416000001,0.00037249,424.84713277
ARMUSDT,EQUITY,1780444800001,-0.00007400,397.59578710
ARMUSDT,EQUITY,1780473600001,0.00032696,401.55385048
ARMUSDT,EQUITY,1780502400001,0.00000876,399.90000000
ARMUSDT,EQUITY,1780531200001,0.00000000,394.14000000
ARMUSDT,EQUITY,1780560000001,0.00000000,396.01921360
ARMUSDT,EQUITY,1780588800001,0.00000000,386.08000000
ARMUSDT,EQUITY,1780617600001,0.00000000,385.15947918
ARMUSDT,EQUITY,1780646400001,0.00000000,376.72771429
ARMUSDT,EQUITY,1780675200001,0.00000000,358.91000000
ARMUSDT,EQUITY,1780704000001,0.00000000,334.93000000
ARMUSDT,EQUITY,1780732800001,0.00000000,328.92300889
ARMUSDT,EQUITY,1780761600001,0.00011681,336.25000000
ARMUSDT,EQUITY,1780790400002,0.00000000,338.91000000
ARMUSDT,EQUITY,1780819200001,0.00042439,346.99573105
ARMUSDT,EQUITY,1780848000001,0.00029280,349.59697123
ARMUSDT,EQUITY,1780876800001,-0.00011423,345.32000000
ARMUSDT,EQUITY,1780905600001,0.00000000,340.49819779
ARMUSDT,EQUITY,1780934400001,0.00000000,357.72186444
ARMUSDT,EQUITY,1780963200001,0.00000000,348.37607249
ARMUSDT,EQUITY,1780992000001,0.00000000,357.10000000
ARMUSDT,EQUITY,1781020800001,0.00000000,314.59461844
ARMUSDT,EQUITY,1781049600001,0.00010795,320.66000000
ARMUSDT,EQUITY,1781078400001,0.00000000,314.49376419
ARMUSDT,EQUITY,1781107200001,0.00000000,313.15134541
ARMUSDT,EQUITY,1781136000001,0.00000000,300.51729380
ARMUSDT,EQUITY,1781164800001,0.00011388,313.56554552
ARMUSDT,EQUITY,1781193600001,0.00019882,327.18426176
ARMUSDT,EQUITY,1781222400001,0.00058756,350.21000000
ARMUSDT,EQUITY,1781251200001,0.00000000,339.88000000
ARMUSDT,EQUITY,1781280000001,0.00000000,368.22748599
ARMUSDT,EQUITY,1781308800001,0.00032878,385.02769278
ARMUSDT,EQUITY,1781337600001,0.00000000,385.49906384
ARMUSDT,EQUITY,1781366400001,0.00000000,384.39724411
ARMUSDT,EQUITY,1781395200001,0.00000000,383.96000000
ARMUSDT,EQUITY,1781424000001,0.00000000,386.49299148
ARMUSDT,EQUITY,1781452800001,0.00000000,390.98298625
ARMUSDT,EQUITY,1781481600001,0.00028428,395.24958652
ARMUSDT,EQUITY,1781510400002,0.00018406,403.23000000
ARMUSDT,EQUITY,1781539200001,0.00014017,394.53963551
ARMUSDT,EQUITY,1781568000001,0.00000000,408.13000000
ARMUSDT,EQUITY,1781596800001,0.00000000,405.64000000
ARMUSDT,EQUITY,1781625600001,0.00000000,400.36320147
ARMUSDT,EQUITY,1781654400001,0.00000000,396.69000000
ARMUSDT,EQUITY,1781683200001,0.00000000,408.64791161
ARMUSDT,EQUITY,1781712000001,0.00000000,423.05522291
ARMUSDT,EQUITY,1781740800001,0.00000000,433.61960253
ARMUSDT,EQUITY,1781769600001,0.00000000,436.84703821
ARMUSDT,EQUITY,1781798400001,0.00000000,444.16000000
ARMUSDT,EQUITY,1781827200001,0.00035118,438.86000000
ARMUSDT,EQUITY,1781856000001,0.00000000,430.49000000
ARMUSDT,EQUITY,1781884800001,0.00036728,436.35260476
ARMUSDT,EQUITY,1781913600001,0.00000000,436.08506103
ARMUSDT,EQUITY,1781942400001,0.00000000,440.92000000
ARMUSDT,EQUITY,1781971200001,0.00000000,433.68000000
ARMUSDT,EQUITY,1782000000001,0.00000000,432.91000000
ARMUSDT,EQUITY,1782028800001,0.00000000,433.21692099
ARMUSDT,EQUITY,1782057600001,0.00000000,431.96000000
ARMUSDT,EQUITY,1782086400001,0.00000000,428.09284130
ARMUSDT,EQUITY,1782115200001,0.00000000,436.50223218
ARMUSDT,EQUITY,1782144000001,0.00000000,407.41241740
ARMUSDT,EQUITY,1782172800001,0.00024548,404.42945041
ARMUSDT,EQUITY,1782201600002,0.00000000,385.80019708
ARMUSDT,EQUITY,1782230400001,0.00000000,369.75000000
ARMUSDT,EQUITY,1782259200001,0.00000000,367.32157466
ARMUSDT,EQUITY,1782288000001,0.00011254,378.33423521
ARMUSDT,EQUITY,1782316800001,0.00000000,356.36742619
ARMUSDT,EQUITY,1782345600002,0.00101460,385.14000000
ARMUSDT,EQUITY,1782374400001,0.00000000,382.25000000
ARMUSDT,EQUITY,1782403200001,0.00025146,354.02000000
ARMUSDT,EQUITY,1782432000001,0.00071862,346.37973980
ARMUSDT,EQUITY,1782460800002,0.00015214,338.73480982
ARMUSDT,EQUITY,1782489600001,0.00000000,335.73000000
ARMUSDT,EQUITY,1782518400001,0.00000000,332.87000000
ARMUSDT,EQUITY,1782547200001,0.00000000,335.18710534
ARMUSDT,EQUITY,1782576000001,0.00000000,333.73000000
ARMUSDT,EQUITY,1782604800002,0.00000000,334.46956400
ARMUSDT,EQUITY,1782633600002,0.00000000,335.07000000
ARMUSDT,EQUITY,1782662400001,0.00000000,335.40334428
ARMUSDT,EQUITY,1782691200001,0.00000000,337.25000000
ARMUSDT,EQUITY,1782720000001,0.00055862,343.21148376
ARMUSDT,EQUITY,1782748800001,0.00021178,334.75000000
ARMUSDT,EQUITY,1782777600000,0.00027840,346.24000000
ARMUSDT,EQUITY,1782806400000,0.00006368,346.33824234
ARMUSDT,EQUITY,1782835200001,0.00035538,356.26000000
ARMUSDT,EQUITY,1782864000000,0.00000000,356.39000000
ARMUSDT,EQUITY,1782892800001,0.00000000,348.59737421
ARMUSDT,EQUITY,1782921600001,0.00000000,341.63903985
ARMUSDT,EQUITY,1782950400000,0.00000000,336.98000000
ARMUSDT,EQUITY,1782979200001,0.00000000,326.58700951
ARMUSDT,EQUITY,1783008000001,0.00011765,323.22000000
ARMUSDT,EQUITY,1783036800001,0.00060563,316.40000000
ARMUSDT,EQUITY,1783065600001,0.00007872,324.20000000
ARMUSDT,EQUITY,1783094400001,0.00000000,324.79000000
ARMUSDT,EQUITY,1783123200001,0.00000000,324.10000000
ARMUSDT,EQUITY,1783152000001,0.00000000,325.51552793
ARMUSDT,EQUITY,1783180800001,0.00000000,325.09680788
ARMUSDT,EQUITY,1783209600002,0.00000000,325.87182499
ARMUSDT,EQUITY,1783238400001,0.00000000,326.11000000
ARMUSDT,EQUITY,1783267200001,0.00000000,325.89773458
ARMUSDT,EQUITY,1783296000001,0.00000000,325.97560979
ARMUSDT,EQUITY,1783324800001,0.00006950,321.33480098
ARMUSDT,EQUITY,1783353600001,0.00007695,326.89000000
ARMUSDT,EQUITY,1783382400001,0.00000000,318.49000000
ARMUSDT,EQUITY,1783411200001,0.00000000,314.13397837
ARMUSDT,EQUITY,1783440000001,0.00000000,302.13644393
ARMUSDT,EQUITY,1783468800002,0.00005092,295.21000000
ARMUSDT,EQUITY,1783497600001,0.00000000,297.69531461
ARMUSDT,EQUITY,1783526400001,0.00013481,291.71000000
ARMUSDT,EQUITY,1783555200001,0.00021837,300.83040862
ARMUSDT,EQUITY,1783584000001,0.00001268,309.99574145
ARMUSDT,EQUITY,1783612800001,0.00027369,333.70955776
ARMUSDT,EQUITY,1783641600001,0.00000000,334.75908621
ARMUSDT,EQUITY,1783670400001,0.00000000,329.52786783
ARMUSDT,EQUITY,1783699200001,0.00000000,324.08000000
ARMUSDT,EQUITY,1783728000001,0.00000000,324.80373139
ARMUSDT,EQUITY,1783756800001,0.00000000,325.95000000
ARMUSDT,EQUITY,1783785600001,0.00000000,325.51866580
ARMUSDT,EQUITY,1783814400001,0.00000000,325.14427247
ARMUSDT,EQUITY,1783843200001,0.00000000,323.49501487
ARMUSDT,EQUITY,1783872000001,0.00000000,327.35000000
ARMUSDT,EQUITY,1783900800001,-0.00004318,323.80054135
ARMUSDT,EQUITY,1783929600001,0.00000000,312.10998842
ARMUSDT,EQUITY,1783958400001,0.00000000,302.21995820
ARMUSDT,EQUITY,1783987200002,0.00000000,297.16000000
ARMUSDT,EQUITY,1784016000001,0.00008159,306.38364505
ARMUSDT,EQUITY,1784044800001,0.00028160,280.80662900
ARMUSDT,EQUITY,1784073600001,0.00000000,282.16000000
ARMUSDT,EQUITY,1784102400001,0.00010961,286.65000000
ARMUSDT,EQUITY,1784131200001,0.00000000,271.47000000
ARMUSDT,EQUITY,1784160000001,0.00002214,273.23000000
ARMUSDT,EQUITY,1784188800002,0.00000000,269.23474177
ARMUSDT,EQUITY,1784217600001,0.00000000,256.88732201
ARMUSDT,EQUITY,1784246400001,0.00050352,257.65000000
ARMUSDT,EQUITY,1784275200001,0.00000000,249.31000000
ARMUSDT,EQUITY,1784304000001,0.00000000,266.06676625
ARMUSDT,EQUITY,1784332800001,0.00037813,265.97220439
ARMUSDT,EQUITY,1784361600001,0.00000000,266.78156487
ARMUSDT,EQUITY,1784390400001,0.00000000,264.88400518
ARMUSDT,EQUITY,1784419200001,0.00000000,265.14000000
ARMUSDT,EQUITY,1784448000001,0.00000000,266.25933293
ARMUSDT,EQUITY,1784476800001,0.00000000,264.63475533
ARMUSDT,EQUITY,1784505600002,0.00032885,267.53405327
ARMUSDT,EQUITY,1784534400001,0.00000000,268.75000000
ARMUSDT,EQUITY,1784563200001,0.00003165,272.75091659
ARMUSDT,EQUITY,1784592000001,0.00019290,269.58921822
ARMUSDT,EQUITY,1784620800001,0.00000000,280.08973717
ARMUSDT,EQUITY,1784649600000,0.00000000,289.59000000
ARMUSDT,EQUITY,1784678400000,0.00000000,292.54000000
ARMUSDT,EQUITY,1784707200001,0.00000000,283.02865888
BEUSDT,EQUITY,1779811200001,0.00085113,302.28000000
BEUSDT,EQUITY,1779840000001,0.00111220,305.29560404
BEUSDT,EQUITY,1779868800001,0.00288267,304.56000000
BEUSDT,EQUITY,1779897600001,0.00053994,297.52000000
BEUSDT,EQUITY,1779926400001,0.00000000,293.41000000
BEUSDT,EQUITY,1779955200001,0.00186561,293.05000000
BEUSDT,EQUITY,1779984000001,0.00026151,296.84282855
BEUSDT,EQUITY,1780012800001,0.00000000,286.08557850
BEUSDT,EQUITY,1780041600001,0.00184670,284.50000000
BEUSDT,EQUITY,1780070400001,0.00018385,276.24000000
BEUSDT,EQUITY,1780099200001,0.00000000,282.20000000
BEUSDT,EQUITY,1780128000001,0.00000000,282.86219214
BEUSDT,EQUITY,1780156800001,0.00000000,283.39000000
BEUSDT,EQUITY,1780185600001,0.00000000,284.12000000
BEUSDT,EQUITY,1780214400001,0.00000000,284.55000000
BEUSDT,EQUITY,1780243200001,0.00000000,285.46932450
BEUSDT,EQUITY,1780272000001,0.00000000,284.05635609
BEUSDT,EQUITY,1780300800001,0.00000000,281.83837210
BEUSDT,EQUITY,1780329600001,0.00000000,274.98660758
BEUSDT,EQUITY,1780358400001,0.00039675,274.24000000
BEUSDT,EQUITY,1780387200001,0.00015269,274.40654378
BEUSDT,EQUITY,1780416000001,0.00000000,298.39000000
BEUSDT,EQUITY,1780444800001,0.00002344,301.80000000
BEUSDT,EQUITY,1780473600001,0.00001502,303.86324059
BEUSDT,EQUITY,1780502400001,0.00000000,290.26186237
BEUSDT,EQUITY,1780531200001,0.00000000,280.36000000
BEUSDT,EQUITY,1780560000001,0.00000000,285.81754982
BEUSDT,EQUITY,1780588800001,0.00000000,287.27446457
BEUSDT,EQUITY,1780617600001,0.00000000,287.27000000
BEUSDT,EQUITY,1780646400001,0.00000000,284.17930414
BEUSDT,EQUITY,1780675200001,0.00000000,269.67706642
BEUSDT,EQUITY,1780704000001,0.00000000,253.08000000
BEUSDT,EQUITY,1780732800001,-0.00023808,247.07000000
BEUSDT,EQUITY,1780761600001,0.00005157,253.02000000
BEUSDT,EQUITY,1780790400002,0.00000000,251.76272031
BEUSDT,EQUITY,1780819200001,0.00079433,259.88000000
BEUSDT,EQUITY,1780848000001,0.00000000,258.45000000
BEUSDT,EQUITY,1780876800001,0.00000000,258.96000000
BEUSDT,EQUITY,1780905600001,0.00115559,259.73000000
BEUSDT,EQUITY,1780934400001,0.00000000,254.05388698
BEUSDT,EQUITY,1780963200001,0.00000000,253.77000000
BEUSDT,EQUITY,1780992000001,0.00059453,260.84000000
BEUSDT,EQUITY,1781020800001,0.00000000,252.87000000
BEUSDT,EQUITY,1781049600001,0.00000000,257.15235037
BEUSDT,EQUITY,1781078400001,0.00000000,255.80000000
BEUSDT,EQUITY,1781107200001,0.00000000,237.58410587
BEUSDT,EQUITY,1781136000001,0.00000000,228.64901455
BEUSDT,EQUITY,1781164800001,0.00000000,240.03293795
BEUSDT,EQUITY,1781193600001,0.00000000,243.59744349
BEUSDT,EQUITY,1781222400001,0.00045539,253.42000000
BEUSDT,EQUITY,1781251200001,0.00000000,249.83963265
BEUSDT,EQUITY,1781280000001,0.00000000,255.76248971
BEUSDT,EQUITY,1781308800001,0.00000000,262.31000000
BEUSDT,EQUITY,1781337600001,0.00000000,263.58023323
BEUSDT,EQUITY,1781366400001,0.00000000,263.22959258
BEUSDT,EQUITY,1781395200001,0.00000000,265.31000000
BEUSDT,EQUITY,1781424000001,0.00000000,266.96618801
BEUSDT,EQUITY,1781452800001,0.00000000,266.72517272
BEUSDT,EQUITY,1781481600001,0.00010695,270.06000000
BEUSDT,EQUITY,1781510400002,0.00000000,274.80000000
BEUSDT,EQUITY,1781539200001,0.00000000,274.42401235
BEUSDT,EQUITY,1781568000001,0.00000000,276.09590344
BEUSDT,EQUITY,1781596800001,0.00000000,275.12524414
BEUSDT,EQUITY,1781625600001,0.00000000,291.15394134
BEUSDT,EQUITY,1781654400001,0.00000000,282.37900582
BEUSDT,EQUITY,1781683200001,0.00000000,288.78817560
BEUSDT,EQUITY,1781712000001,0.00000000,289.36504481
BEUSDT,EQUITY,1781740800001,0.00000000,290.68000000
BEUSDT,EQUITY,1781769600001,0.00000000,295.26070791
BEUSDT,EQUITY,1781798400001,0.00000000,311.26857312
BEUSDT,EQUITY,1781827200001,0.00002498,329.34433811
BEUSDT,EQUITY,1781856000001,0.00000000,331.28148191
BEUSDT,EQUITY,1781884800001,-0.00058249,329.32884697
BEUSDT,EQUITY,1781913600001,0.00000000,332.38595448
BEUSDT,EQUITY,1781942400001,0.00000000,335.47000000
BEUSDT,EQUITY,1781971200001,0.00000000,336.56683036
BEUSDT,EQUITY,1782000000001,0.00000000,338.39000000
BEUSDT,EQUITY,1782028800001,0.00006300,341.88000000
BEUSDT,EQUITY,1782057600001,0.00000000,344.83000000
BEUSDT,EQUITY,1782086400001,-0.00102693,333.76000000
BEUSDT,EQUITY,1782115200001,0.00000000,328.02146021
BEUSDT,EQUITY,1782144000001,0.00000000,338.94963259
BEUSDT,EQUITY,1782172800001,0.00000000,343.84000000
BEUSDT,EQUITY,1782201600002,0.00000000,323.84991253
BEUSDT,EQUITY,1782230400001,0.00000000,322.33816329
BEUSDT,EQUITY,1782259200001,0.00000000,322.51095011
BEUSDT,EQUITY,1782288000001,0.00000000,326.63503160
BEUSDT,EQUITY,1782316800001,0.00000000,336.50827233
BEUSDT,EQUITY,1782345600002,0.00000000,344.48295597
BEUSDT,EQUITY,1782374400001,0.00000000,344.57039000
BEUSDT,EQUITY,1782403200001,0.00000000,305.57021988
BEUSDT,EQUITY,1782432000001,0.00000000,307.67790035
BEUSDT,EQUITY,1782460800002,0.00000000,304.78378430
BEUSDT,EQUITY,1782489600001,0.00000000,271.32000000
BEUSDT,EQUITY,1782518400001,0.00000000,258.04000000
BEUSDT,EQUITY,1782547200001,0.00000000,263.22000000
BEUSDT,EQUITY,1782576000001,0.00003460,264.97000000
BEUSDT,EQUITY,1782604800002,0.00000000,265.47916126
BEUSDT,EQUITY,1782633600002,0.00000000,264.40737319
BEUSDT,EQUITY,1782662400001,0.00000000,260.69000000
BEUSDT,EQUITY,1782691200001,0.00000000,265.16737419
BEUSDT,EQUITY,1782720000001,0.00000000,266.53561096
BEUSDT,EQUITY,1782748800001,0.00000000,273.55165665
BEUSDT,EQUITY,1782777600000,0.00000000,277.02333005
BEUSDT,EQUITY,1782806400000,0.00000000,278.56000000
BEUSDT,EQUITY,1782835200001,0.00000000,293.55032377
BEUSDT,EQUITY,1782864000000,0.00000000,330.93941748
BEUSDT,EQUITY,1782892800001,0.00000000,329.00264141
BEUSDT,EQUITY,1782921600001,0.00000000,308.60000000
BEUSDT,EQUITY,1782950400000,0.00001140,294.55935298
BEUSDT,EQUITY,1782979200001,0.00000000,282.83696728
BEUSDT,EQUITY,1783008000001,0.00000000,270.13000000
BEUSDT,EQUITY,1783036800001,0.00000000,271.83000000
BEUSDT,EQUITY,1783065600001,0.00038145,276.50000000
BEUSDT,EQUITY,1783094400001,0.00000000,279.20000000
BEUSDT,EQUITY,1783123200001,-0.00001287,276.64840521
BEUSDT,EQUITY,1783152000001,0.00000000,278.02106800
BEUSDT,EQUITY,1783180800001,0.00000000,276.51257984
BEUSDT,EQUITY,1783209600002,0.00000000,279.31960184
BEUSDT,EQUITY,1783238400001,-0.00000056,275.96000000
BEUSDT,EQUITY,1783267200001,0.00039703,281.88000000
BEUSDT,EQUITY,1783296000001,0.00010987,286.37000000
BEUSDT,EQUITY,1783324800001,0.00000000,282.49509259
BEUSDT,EQUITY,1783353600001,0.00000000,295.54000000
BEUSDT,EQUITY,1783382400001,0.00000000,292.14053205
BEUSDT,EQUITY,1783411200001,0.00000000,286.93764837
BEUSDT,EQUITY,1783440000001,0.00000000,263.91781347
BEUSDT,EQUITY,1783468800002,0.00024906,264.45000000
BEUSDT,EQUITY,1783497600001,0.00000000,265.22422410
BEUSDT,EQUITY,1783526400001,0.00000000,246.58000000
BEUSDT,EQUITY,1783555200001,0.00000000,253.38267434
BEUSDT,EQUITY,1783584000001,0.00000000,261.34632801
BEUSDT,EQUITY,1783612800001,0.00000000,265.10277982
BEUSDT,EQUITY,1783641600001,0.00000000,256.84472004
BEUSDT,EQUITY,1783670400001,0.00000000,254.30799248
BEUSDT,EQUITY,1783699200001,0.00000000,234.94000000
BEUSDT,EQUITY,1783728000001,0.00000000,239.79000000
BEUSDT,EQUITY,1783756800001,0.00000000,239.94370541
BEUSDT,EQUITY,1783785600001,0.00000000,241.55000000
BEUSDT,EQUITY,1783814400001,-0.00004514,240.91000000
BEUSDT,EQUITY,1783843200001,-0.00018210,237.10604893
BEUSDT,EQUITY,1783872000001,0.00000000,239.75988397
BEUSDT,EQUITY,1783900800001,-0.00007913,237.40725173
BEUSDT,EQUITY,1783929600001,0.00000000,231.70069049
BEUSDT,EQUITY,1783958400001,0.00000000,237.27954594
BEUSDT,EQUITY,1783987200002,0.00000000,230.62985292
BEUSDT,EQUITY,1784016000001,0.00000000,237.94192066
BEUSDT,EQUITY,1784044800001,0.00000000,243.72331872
BEUSDT,EQUITY,1784073600001,0.00002496,245.74000000
BEUSDT,EQUITY,1784102400001,0.00000000,248.78957569
BEUSDT,EQUITY,1784131200001,0.00000000,228.64482064
BEUSDT,EQUITY,1784160000001,0.00000000,236.04071728
BEUSDT,EQUITY,1784188800002,0.00000000,231.49133140
BEUSDT,EQUITY,1784217600001,0.00000000,214.32378776
BEUSDT,EQUITY,1784246400001,0.00000000,205.04000000
BEUSDT,EQUITY,1784275200001,0.00000000,197.50767024
BEUSDT,EQUITY,1784304000001,0.00000000,219.34911293
BEUSDT,EQUITY,1784332800001,0.00000000,215.78637681
BEUSDT,EQUITY,1784361600001,-0.00029170,211.42320909
BEUSDT,EQUITY,1784390400001,0.00000000,213.31000000
BEUSDT,EQUITY,1784419200001,0.00000000,210.05000000
BEUSDT,EQUITY,1784448000001,0.00009233,214.12610196
BEUSDT,EQUITY,1784476800001,0.00007693,215.80541954
BEUSDT,EQUITY,1784505600002,0.00000000,219.47998743
BEUSDT,EQUITY,1784534400001,0.00000000,214.91021150
BEUSDT,EQUITY,1784563200001,0.00000000,204.75091610
BEUSDT,EQUITY,1784592000001,0.00000000,199.49000000
BEUSDT,EQUITY,1784620800001,0.00000000,207.06000000
BEUSDT,EQUITY,1784649600000,0.00000000,223.83811113
BEUSDT,EQUITY,1784678400000,0.00000000,229.13000000
BEUSDT,EQUITY,1784707200001,0.00000000,217.34492903
COHRUSDT,EQUITY,1779811200001,0.00078648,384.23000000
COHRUSDT,EQUITY,1779840000001,0.00110400,384.31000000
COHRUSDT,EQUITY,1779868800001,0.00302644,382.08435484
COHRUSDT,EQUITY,1779897600001,0.00083772,374.99293548
COHRUSDT,EQUITY,1779926400001,0.00004334,377.20000000
COHRUSDT,EQUITY,1779955200001,-0.00010648,375.93216667
COHRUSDT,EQUITY,1779984000001,0.00071029,385.79774839
COHRUSDT,EQUITY,1780012800001,0.00000000,380.05725806
COHRUSDT,EQUITY,1780041600001,0.00167589,379.60000000
COHRUSDT,EQUITY,1780070400001,0.00005735,352.56022581
COHRUSDT,EQUITY,1780099200001,0.00235240,357.78145161
COHRUSDT,EQUITY,1780128000001,0.00000000,359.52837868
COHRUSDT,EQUITY,1780156800001,0.00000000,359.70488072
COHRUSDT,EQUITY,1780185600001,0.00000000,360.04495068
COHRUSDT,EQUITY,1780214400001,0.00000000,360.02572804
COHRUSDT,EQUITY,1780243200001,0.00000000,362.46537125
COHRUSDT,EQUITY,1780272000001,0.00000000,362.42000000
COHRUSDT,EQUITY,1780300800001,0.00102543,360.60338710
COHRUSDT,EQUITY,1780329600001,0.00297547,353.48261259
COHRUSDT,EQUITY,1780358400001,0.00082916,363.33000000
COHRUSDT,EQUITY,1780387200001,0.00273169,368.49435484
COHRUSDT,EQUITY,1780416000001,0.00154169,425.42000000
COHRUSDT,EQUITY,1780444800001,0.00053294,426.87000000
COHRUSDT,EQUITY,1780473600001,0.00220500,445.23000000
COHRUSDT,EQUITY,1780502400001,0.00071360,416.72565003
COHRUSDT,EQUITY,1780531200001,-0.00021687,398.22387097
COHRUSDT,EQUITY,1780560000001,0.00000000,402.64497312
COHRUSDT,EQUITY,1780588800001,0.00000000,402.64604295
COHRUSDT,EQUITY,1780617600001,0.00000000,412.65000000
COHRUSDT,EQUITY,1780646400001,0.00000000,403.90861111
COHRUSDT,EQUITY,1780675200001,0.00000000,405.90000000
COHRUSDT,EQUITY,1780704000001,-0.00091142,370.81000000
COHRUSDT,EQUITY,1780732800001,-0.00052256,357.11000000
COHRUSDT,EQUITY,1780761600001,0.00024184,359.25805076
COHRUSDT,EQUITY,1780790400002,0.00000000,358.26512702
COHRUSDT,EQUITY,1780819200001,0.00149380,373.87392458
COHRUSDT,EQUITY,1780848000001,0.00065890,380.92716282
COHRUSDT,EQUITY,1780876800001,0.00066144,382.89006682
COHRUSDT,EQUITY,1780905600001,0.00000000,382.74000000
COHRUSDT,EQUITY,1780934400001,0.00000000,406.16272557
COHRUSDT,EQUITY,1780963200001,0.00000000,401.19340000
COHRUSDT,EQUITY,1780992000001,0.00000000,409.96421113
COHRUSDT,EQUITY,1781020800001,0.00034552,348.01875268
COHRUSDT,EQUITY,1781049600001,0.00000000,355.50637090
COHRUSDT,EQUITY,1781078400001,0.00027572,354.12973658
COHRUSDT,EQUITY,1781107200001,0.00002159,360.93883761
COHRUSDT,EQUITY,1781136000001,-0.00019375,348.99079226
COHRUSDT,EQUITY,1781164800001,0.00000000,363.03096742
COHRUSDT,EQUITY,1781193600001,0.00000000,355.76000000
COHRUSDT,EQUITY,1781222400001,0.00073158,374.61080240
COHRUSDT,EQUITY,1781251200001,0.00000000,363.91435484
COHRUSDT,EQUITY,1781280000001,0.00001120,384.70252767
COHRUSDT,EQUITY,1781308800001,0.00000000,386.96370828
COHRUSDT,EQUITY,1781337600001,0.00000000,383.43089663
COHRUSDT,EQUITY,1781366400001,0.00000000,382.30279647
COHRUSDT,EQUITY,1781395200001,0.00000000,382.47694078
COHRUSDT,EQUITY,1781424000001,0.00000000,385.01000000
COHRUSDT,EQUITY,1781452800001,0.00000000,387.71315642
COHRUSDT,EQUITY,1781481600001,0.00012186,392.15084455
COHRUSDT,EQUITY,1781510400002,0.00000000,406.16779984
COHRUSDT,EQUITY,1781539200001,0.00008504,403.92288301
COHRUSDT,EQUITY,1781568000001,0.00000000,412.25000000
COHRUSDT,EQUITY,1781596800001,-0.00006030,417.59354125
COHRUSDT,EQUITY,1781625600001,0.00000000,387.60000000
COHRUSDT,EQUITY,1781654400001,0.00000000,385.38446397
COHRUSDT,EQUITY,1781683200001,0.00001307,394.69710784
COHRUSDT,EQUITY,1781712000001,0.00046011,386.39000000
COHRUSDT,EQUITY,1781740800001,0.00042918,385.07786507
COHRUSDT,EQUITY,1781769600001,0.00007661,391.85034199
COHRUSDT,EQUITY,1781798400001,0.00032153,395.85621047
COHRUSDT,EQUITY,1781827200001,0.00062554,393.98445027
COHRUSDT,EQUITY,1781856000001,0.00000000,389.18405086
COHRUSDT,EQUITY,1781884800001,0.00000000,388.66267242
COHRUSDT,EQUITY,1781913600001,0.00000000,389.80000000
COHRUSDT,EQUITY,1781942400001,0.00000000,391.32725834
COHRUSDT,EQUITY,1781971200001,0.00000000,391.79685641
COHRUSDT,EQUITY,1782000000001,0.00000000,391.66629964
COHRUSDT,EQUITY,1782028800001,0.00000000,395.67875388
COHRUSDT,EQUITY,1782057600001,0.00000000,392.93000000
COHRUSDT,EQUITY,1782086400001,-0.00013366,388.37846192
COHRUSDT,EQUITY,1782115200001,0.00000000,394.64323616
COHRUSDT,EQUITY,1782144000001,0.00007052,401.02000000
COHRUSDT,EQUITY,1782172800001,0.00045839,424.97930783
COHRUSDT,EQUITY,1782201600002,0.00000000,397.47580459
COHRUSDT,EQUITY,1782230400001,0.00000000,388.28743434
COHRUSDT,EQUITY,1782259200001,0.00000000,383.52907110
COHRUSDT,EQUITY,1782288000001,0.00000000,387.59361534
COHRUSDT,EQUITY,1782316800001,0.00000000,394.40000000
COHRUSDT,EQUITY,1782345600002,0.00022495,409.28958978
COHRUSDT,EQUITY,1782374400001,0.00009732,410.85420248
COHRUSDT,EQUITY,1782403200001,0.00000000,393.55297655
COHRUSDT,EQUITY,1782432000001,0.00000000,404.20000000
COHRUSDT,EQUITY,1782460800002,0.00002006,395.32000000
COHRUSDT,EQUITY,1782489600001,0.00000000,378.87000000
COHRUSDT,EQUITY,1782518400001,0.00000000,379.03677120
COHRUSDT,EQUITY,1782547200001,0.00000000,378.05000000
COHRUSDT,EQUITY,1782576000001,0.00000000,379.25000000
COHRUSDT,EQUITY,1782604800002,0.00000000,379.28003970
COHRUSDT,EQUITY,1782633600002,0.00000000,380.03000000
COHRUSDT,EQUITY,1782662400001,0.00000000,379.77523950
COHRUSDT,EQUITY,1782691200001,0.00000000,377.70000000
COHRUSDT,EQUITY,1782720000001,0.00000000,383.95818729
COHRUSDT,EQUITY,1782748800001,0.00000000,372.39473981
COHRUSDT,EQUITY,1782777600000,0.00008282,388.87000000
COHRUSDT,EQUITY,1782806400000,0.00014181,391.88126043
COHRUSDT,EQUITY,1782835200001,0.00009872,386.99000000
COHRUSDT,EQUITY,1782864000000,0.00000000,393.46000000
COHRUSDT,EQUITY,1782892800001,0.00000000,388.20000000
COHRUSDT,EQUITY,1782921600001,0.00000000,366.11090711
COHRUSDT,EQUITY,1782950400000,0.00018612,367.18000000
COHRUSDT,EQUITY,1782979200001,0.00000000,357.99449513
COHRUSDT,EQUITY,1783008000001,0.00000000,340.59000000
COHRUSDT,EQUITY,1783036800001,0.00000000,333.68962273
COHRUSDT,EQUITY,1783065600001,0.00149810,346.29302847
COHRUSDT,EQUITY,1783094400001,0.00000000,347.88000000
COHRUSDT,EQUITY,1783123200001,0.00000000,347.85951705
COHRUSDT,EQUITY,1783152000001,0.00000000,347.50871151
COHRUSDT,EQUITY,1783180800001,0.00000000,346.87000000
COHRUSDT,EQUITY,1783209600002,0.00000000,348.20714747
COHRUSDT,EQUITY,1783238400001,0.00000000,348.66000000
COHRUSDT,EQUITY,1783267200001,0.00000000,347.77952306
COHRUSDT,EQUITY,1783296000001,0.00000000,347.87000000
COHRUSDT,EQUITY,1783324800001,0.00000000,340.65714446
COHRUSDT,EQUITY,1783353600001,0.00014239,345.50000000
COHRUSDT,EQUITY,1783382400001,0.00000000,333.49605400
COHRUSDT,EQUITY,1783411200001,0.00000000,329.49000000
COHRUSDT,EQUITY,1783440000001,0.00024770,312.75000000
COHRUSDT,EQUITY,1783468800002,0.00000000,311.09337362
COHRUSDT,EQUITY,1783497600001,0.00000000,313.19000000
COHRUSDT,EQUITY,1783526400001,0.00000000,306.42000000
COHRUSDT,EQUITY,1783555200001,0.00022503,318.75000000
COHRUSDT,EQUITY,1783584000001,0.00000000,327.90045488
COHRUSDT,EQUITY,1783612800001,0.00000000,331.50000000
COHRUSDT,EQUITY,1783641600001,0.00000000,328.68000000
COHRUSDT,EQUITY,1783670400001,0.00000000,321.25507254
COHRUSDT,EQUITY,1783699200001,0.00000000,320.22361816
COHRUSDT,EQUITY,1783728000001,0.00012066,324.79159519
COHRUSDT,EQUITY,1783756800001,0.00000000,322.94000000
COHRUSDT,EQUITY,1783785600001,0.00000000,319.89572608
COHRUSDT,EQUITY,1783814400001,0.00000000,320.24907050
COHRUSDT,EQUITY,1783843200001,0.00000000,319.12000000
COHRUSDT,EQUITY,1783872000001,0.00000000,319.03619750
COHRUSDT,EQUITY,1783900800001,0.00000000,318.80837167
COHRUSDT,EQUITY,1783929600001,0.00000000,310.16880813
COHRUSDT,EQUITY,1783958400001,0.00000000,316.15000000
COHRUSDT,EQUITY,1783987200002,0.00000000,305.50000000
COHRUSDT,EQUITY,1784016000001,0.00000000,315.51990372
COHRUSDT,EQUITY,1784044800001,0.00000000,312.26000000
COHRUSDT,EQUITY,1784073600001,0.00037753,312.85361942
COHRUSDT,EQUITY,1784102400001,0.00000000,316.50370923
COHRUSDT,EQUITY,1784131200001,0.00000000,289.57716696
COHRUSDT,EQUITY,1784160000001,0.00008182,293.76318007
COHRUSDT,EQUITY,1784188800002,0.00000000,289.44637642
COHRUSDT,EQUITY,1784217600001,0.00000000,278.94604287
COHRUSDT,EQUITY,1784246400001,0.00000000,271.96000000
COHRUSDT,EQUITY,1784275200001,0.00000000,261.88168357
COHRUSDT,EQUITY,1784304000001,0.00000000,281.83457506
COHRUSDT,EQUITY,1784332800001,0.00000000,277.11000000
COHRUSDT,EQUITY,1784361600001,0.00000000,276.03297827
COHRUSDT,EQUITY,1784390400001,0.00000000,274.47841098
COHRUSDT,EQUITY,1784419200001,0.00000000,274.62023771
COHRUSDT,EQUITY,1784448000001,0.00000000,275.19021398
COHRUSDT,EQUITY,1784476800001,0.00000000,274.48465699
COHRUSDT,EQUITY,1784505600002,0.00000000,277.49000000
COHRUSDT,EQUITY,1784534400001,0.00000000,281.68000000
COHRUSDT,EQUITY,1784563200001,0.00004900,294.94425189
COHRUSDT,EQUITY,1784592000001,0.00000000,286.71651692
COHRUSDT,EQUITY,1784620800001,0.00000000,298.55750325
COHRUSDT,EQUITY,1784649600000,0.00000000,313.07316637
COHRUSDT,EQUITY,1784678400000,0.00000000,320.46000000
COHRUSDT,EQUITY,1784707200001,0.00000000,306.86148631
QNTXUSDT,EQUITY,1780070400001,0.00005000,94.45700000
QNTXUSDT,EQUITY,1780099200001,0.00005000,96.74980000
QNTXUSDT,EQUITY,1780128000001,0.00005000,94.67890000
QNTXUSDT,EQUITY,1780156800001,0.00005000,98.02181818
QNTXUSDT,EQUITY,1780185600001,0.00005000,96.91700000
QNTXUSDT,EQUITY,1780214400001,0.00005000,101.21916667
QNTXUSDT,EQUITY,1780243200001,0.00005000,100.32910000
QNTXUSDT,EQUITY,1780272000001,0.00005000,100.32026316
QNTXUSDT,EQUITY,1780300800001,0.00005000,97.13458333
QNTXUSDT,EQUITY,1780329600001,0.00005000,96.89485714
QNTXUSDT,EQUITY,1780358400001,0.00005000,93.42916667
QNTXUSDT,EQUITY,1780387200001,0.00005000,93.38850000
QNTXUSDT,EQUITY,1780416000001,0.00005000,93.09488372
QNTXUSDT,EQUITY,1780444800001,0.00005000,93.39769231
QNTXUSDT,EQUITY,1780473600001,0.00005000,97.24590000
QNTXUSDT,EQUITY,1780502400001,0.00005000,99.29318182
QNTXUSDT,EQUITY,1780531200001,0.00005000,95.92130000
QNTXUSDT,EQUITY,1780560000001,0.00005000,97.40000000
QNTXUSDT,EQUITY,1780588800001,0.00005000,78.06239130
QNTXUSDT,EQUITY,1780617600001,0.00028853,59.52804784
QNTXUSDT,EQUITY,1780646400001,0.00000000,57.42000000
QNTXUSDT,EQUITY,1780675200001,0.00000000,56.01000000
QNTXUSDT,EQUITY,1780704000001,-0.00017488,55.47000000
QNTXUSDT,EQUITY,1780732800001,-0.00026019,52.90999851
QNTXUSDT,EQUITY,1780761600001,0.00000000,52.34000000
QNTXUSDT,EQUITY,1780790400002,0.00021374,53.88000000
QNTXUSDT,EQUITY,1780819200001,0.00073642,56.04000000
QNTXUSDT,EQUITY,1780848000001,-0.00052466,54.65000000
QNTXUSDT,EQUITY,1780876800001,0.00007317,55.73540889
QNTXUSDT,EQUITY,1780905600001,-0.00124308,55.59000000
QNTXUSDT,EQUITY,1780934400001,0.00000000,60.22721379
QNTXUSDT,EQUITY,1780963200001,0.00083101,60.26897345
QNTXUSDT,EQUITY,1780992000001,0.00009349,60.48226031
QNTXUSDT,EQUITY,1781020800001,0.00000000,57.93000000
QNTXUSDT,EQUITY,1781049600001,-0.00073640,55.66309425
QNTXUSDT,EQUITY,1781078400001,0.00000000,54.37121285
QNTXUSDT,EQUITY,1781107200001,0.00046792,51.52296979
QNTXUSDT,EQUITY,1781136000001,0.00039605,51.19000000
QNTXUSDT,EQUITY,1781164800001,0.00000000,51.39830989
QNTXUSDT,EQUITY,1781193600001,0.00008215,55.86000000
QNTXUSDT,EQUITY,1781222400001,-0.00026980,56.76211382
QNTXUSDT,EQUITY,1781251200001,-0.00094306,56.13095981
QNTXUSDT,EQUITY,1781280000001,0.00000000,55.13783769
QNTXUSDT,EQUITY,1781308800001,-0.00040142,55.66240515
QNTXUSDT,EQUITY,1781337600001,0.00003287,55.92764893
QNTXUSDT,EQUITY,1781366400001,0.00000000,55.98000000
QNTXUSDT,EQUITY,1781395200001,0.00000000,55.18000000
QNTXUSDT,EQUITY,1781424000001,0.00000000,55.24000000
QNTXUSDT,EQUITY,1781452800001,0.00000000,55.14572473
QNTXUSDT,EQUITY,1781481600001,0.00081565,56.75111542
QNTXUSDT,EQUITY,1781510400002,0.00126157,57.69155284
QNTXUSDT,EQUITY,1781539200001,0.00076909,57.92589099
QNTXUSDT,EQUITY,1781568000001,0.00000000,57.85566649
QNTXUSDT,EQUITY,1781596800001,0.00000000,58.22795751
QNTXUSDT,EQUITY,1781625600001,0.00000000,56.55449743
QNTXUSDT,EQUITY,1781654400001,0.00000000,54.97610718
QNTXUSDT,EQUITY,1781683200001,0.00000000,56.29214996
QNTXUSDT,EQUITY,1781712000001,0.00010132,64.52000000
QNTXUSDT,EQUITY,1781740800001,0.00076915,64.27607030
QNTXUSDT,EQUITY,1781769600001,0.00021885,63.76000000
QNTXUSDT,EQUITY,1781798400001,0.00000000,64.90108305
QNTXUSDT,EQUITY,1781827200001,0.00000000,69.42000000
QNTXUSDT,EQUITY,1781856000001,0.00000000,69.85565427
QNTXUSDT,EQUITY,1781884800001,0.00116801,71.57559835
QNTXUSDT,EQUITY,1781913600001,0.00000000,71.13000000
QNTXUSDT,EQUITY,1781942400001,0.00000000,70.39000000
QNTXUSDT,EQUITY,1781971200001,0.00000000,68.88000000
QNTXUSDT,EQUITY,1782000000001,0.00000000,69.67000000
QNTXUSDT,EQUITY,1782028800001,0.00000000,70.40144494
QNTXUSDT,EQUITY,1782057600001,0.00000000,70.96000000
QNTXUSDT,EQUITY,1782086400001,0.00000000,69.93770004
QNTXUSDT,EQUITY,1782115200001,0.00048539,69.34340412
QNTXUSDT,EQUITY,1782144000001,0.00000000,71.21000000
QNTXUSDT,EQUITY,1782172800001,0.00148227,70.81781829
QNTXUSDT,EQUITY,1782201600002,0.00000000,67.18102375
QNTXUSDT,EQUITY,1782230400001,-0.00034084,76.87832559
QNTXUSDT,EQUITY,1782259200001,0.00087299,78.43755945
QNTXUSDT,EQUITY,1782288000001,0.00171792,79.54886842
QNTXUSDT,EQUITY,1782316800001,-0.00004209,72.06799092
QNTXUSDT,EQUITY,1782345600002,0.00000000,73.10259874
QNTXUSDT,EQUITY,1782374400001,-0.00045748,71.75000000
QNTXUSDT,EQUITY,1782403200001,0.00000000,69.50002243
QNTXUSDT,EQUITY,1782432000001,0.00036922,71.09733010
QNTXUSDT,EQUITY,1782460800002,0.00077234,69.95344822
QNTXUSDT,EQUITY,1782489600001,0.00000000,76.26257052
QNTXUSDT,EQUITY,1782518400001,-0.00061904,75.46169323
QNTXUSDT,EQUITY,1782547200001,0.00000000,75.09543861
QNTXUSDT,EQUITY,1782576000001,0.00000000,74.14971345
QNTXUSDT,EQUITY,1782604800002,0.00000000,74.44442989
QNTXUSDT,EQUITY,1782633600002,0.00000000,74.42948491
QNTXUSDT,EQUITY,1782662400001,0.00000000,75.32157413
QNTXUSDT,EQUITY,1782691200001,0.00016637,75.29000000
QNTXUSDT,EQUITY,1782720000001,0.00000000,77.40000000
QNTXUSDT,EQUITY,1782748800001,0.00027960,73.15000000
QNTXUSDT,EQUITY,1782777600000,0.00000000,73.55000000
QNTXUSDT,EQUITY,1782806400000,0.00093085,73.50000000
QNTXUSDT,EQUITY,1782835200001,0.00000000,75.39423642
QNTXUSDT,EQUITY,1782864000000,0.00000000,82.14490296
QNTXUSDT,EQUITY,1782892800001,0.00036927,81.00000000
QNTXUSDT,EQUITY,1782921600001,0.00038793,78.14000000
QNTXUSDT,EQUITY,1782950400000,0.00007564,78.47672630
QNTXUSDT,EQUITY,1782979200001,-0.00001582,77.22443628
QNTXUSDT,EQUITY,1783008000001,0.00033072,77.72759629
QNTXUSDT,EQUITY,1783036800001,0.00062260,74.42000000
QNTXUSDT,EQUITY,1783065600001,0.00000000,75.96000000
QNTXUSDT,EQUITY,1783094400001,0.00000000,76.46460128
QNTXUSDT,EQUITY,1783123200001,0.00000000,76.45271925
QNTXUSDT,EQUITY,1783152000001,0.00000000,76.37615736
QNTXUSDT,EQUITY,1783180800001,0.00000000,76.82088183
QNTXUSDT,EQUITY,1783209600002,0.00000000,76.69559191
QNTXUSDT,EQUITY,1783238400001,0.00000000,76.54277098
QNTXUSDT,EQUITY,1783267200001,0.00000000,76.36000000
QNTXUSDT,EQUITY,1783296000001,0.00000000,76.48959841
QNTXUSDT,EQUITY,1783324800001,-0.00040121,75.22000000
QNTXUSDT,EQUITY,1783353600001,0.00000000,82.42000000
QNTXUSDT,EQUITY,1783382400001,0.00000000,83.69000000
QNTXUSDT,EQUITY,1783411200001,0.00054854,84.05301686
QNTXUSDT,EQUITY,1783440000001,0.00000000,78.97401045
QNTXUSDT,EQUITY,1783468800002,0.00000000,77.51000000
QNTXUSDT,EQUITY,1783497600001,-0.00050799,77.63675209
QNTXUSDT,EQUITY,1783526400001,0.00000000,76.47259808
QNTXUSDT,EQUITY,1783555200001,0.00000000,76.11844671
QNTXUSDT,EQUITY,1783584000001,0.00049492,77.47800435
QNTXUSDT,EQUITY,1783612800001,0.00067166,75.14506533
QNTXUSDT,EQUITY,1783641600001,0.00045620,73.94000000
QNTXUSDT,EQUITY,1783670400001,0.00000000,74.26000000
QNTXUSDT,EQUITY,1783699200001,0.00094543,71.63483758
QNTXUSDT,EQUITY,1783728000001,0.00000000,71.12963549
QNTXUSDT,EQUITY,1783756800001,0.00000000,71.09676657
QNTXUSDT,EQUITY,1783785600001,0.00000000,70.80000000
QNTXUSDT,EQUITY,1783814400001,0.00000000,70.25503956
QNTXUSDT,EQUITY,1783843200001,0.00000000,69.82976762
QNTXUSDT,EQUITY,1783872000001,0.00000000,70.61073451
QNTXUSDT,EQUITY,1783900800001,0.00000000,69.97986983
QNTXUSDT,EQUITY,1783929600001,-0.00030917,68.92756538
QNTXUSDT,EQUITY,1783958400001,0.00000000,66.11800145
QNTXUSDT,EQUITY,1783987200002,0.00057460,63.93000000
QNTXUSDT,EQUITY,1784016000001,0.00001338,64.91812503
QNTXUSDT,EQUITY,1784044800001,0.00011624,64.62688885
QNTXUSDT,EQUITY,1784073600001,0.00079997,67.10132057
QNTXUSDT,EQUITY,1784102400001,0.00000000,67.19000000
QNTXUSDT,EQUITY,1784131200001,0.00000000,61.62090309
QNTXUSDT,EQUITY,1784160000001,0.00000000,60.61027278
QNTXUSDT,EQUITY,1784188800002,0.00200702,60.41000000
QNTXUSDT,EQUITY,1784217600001,0.00013198,57.30000000
QNTXUSDT,EQUITY,1784246400001,-0.00017121,55.93000000
QNTXUSDT,EQUITY,1784275200001,0.00000000,55.92000000
QNTXUSDT,EQUITY,1784304000001,0.00000000,57.76000000
QNTXUSDT,EQUITY,1784332800001,0.00114277,56.63000000
QNTXUSDT,EQUITY,1784361600001,0.00000000,55.92000000
QNTXUSDT,EQUITY,1784390400001,0.00000000,55.05476809
QNTXUSDT,EQUITY,1784419200001,0.00000000,54.95520538
QNTXUSDT,EQUITY,1784448000001,0.00000000,55.08870598
QNTXUSDT,EQUITY,1784476800001,0.00007410,56.40000000
QNTXUSDT,EQUITY,1784505600002,0.00000000,56.81000000
QNTXUSDT,EQUITY,1784534400001,0.00000000,56.98154198
QNTXUSDT,EQUITY,1784563200001,0.00000000,57.97610859
QNTXUSDT,EQUITY,1784592000001,0.00054002,57.65000000
QNTXUSDT,EQUITY,1784620800001,-0.00253226,59.28912945
QNTXUSDT,EQUITY,1784649600000,0.00000000,58.17131939
QNTXUSDT,EQUITY,1784678400000,0.00330102,60.50000000
QNTXUSDT,EQUITY,1784707200001,-0.00506112,58.75000000
LLYUSDT,EQUITY,1780329600001,0.00000000,1081.15000000
LLYUSDT,EQUITY,1780358400001,0.00048521,1083.12000000
LLYUSDT,EQUITY,1780387200001,0.00067775,1080.53120968
LLYUSDT,EQUITY,1780416000001,0.00000000,1069.67000000
LLYUSDT,EQUITY,1780444800001,0.00000000,1065.22000000
LLYUSDT,EQUITY,1780473600001,-0.00010648,1065.66000000
LLYUSDT,EQUITY,1780502400001,0.00000000,1086.30000000
LLYUSDT,EQUITY,1780531200001,0.00000000,1086.24000000
LLYUSDT,EQUITY,1780560000001,0.00000000,1085.70911127
LLYUSDT,EQUITY,1780588800001,0.00016041,1136.46000000
LLYUSDT,EQUITY,1780617600001,0.00044564,1126.02179891
LLYUSDT,EQUITY,1780646400001,0.00000000,1128.27168412
LLYUSDT,EQUITY,1780675200001,0.00000100,1160.52237622
LLYUSDT,EQUITY,1780704000001,-0.00025708,1124.28000000
LLYUSDT,EQUITY,1780732800001,0.00000000,1108.72568810
LLYUSDT,EQUITY,1780761600001,0.00000000,1105.38452826
LLYUSDT,EQUITY,1780790400002,0.00000000,1115.63000000
LLYUSDT,EQUITY,1780819200001,0.00000000,1118.28000000
LLYUSDT,EQUITY,1780848000001,0.00000000,1112.80000000
LLYUSDT,EQUITY,1780876800001,0.00000000,1143.93000000
LLYUSDT,EQUITY,1780905600001,0.00000000,1183.62750491
LLYUSDT,EQUITY,1780934400001,0.00000000,1163.57260711
LLYUSDT,EQUITY,1780963200001,0.00016337,1155.01000000
LLYUSDT,EQUITY,1780992000001,0.00000000,1156.53250000
LLYUSDT,EQUITY,1781020800001,0.00000000,1152.14142789
LLYUSDT,EQUITY,1781049600001,0.00000000,1143.25098413
LLYUSDT,EQUITY,1781078400001,0.00000000,1145.85000000
LLYUSDT,EQUITY,1781107200001,0.00000000,1146.27864538
LLYUSDT,EQUITY,1781136000001,0.00000000,1134.21000000
LLYUSDT,EQUITY,1781164800001,0.00000000,1138.32666667
LLYUSDT,EQUITY,1781193600001,0.00000000,1163.45181440
LLYUSDT,EQUITY,1781222400001,0.00000000,1157.94000000
LLYUSDT,EQUITY,1781251200001,0.00000000,1162.90695175
LLYUSDT,EQUITY,1781280000001,0.00000000,1147.51526062
LLYUSDT,EQUITY,1781308800001,0.00000000,1135.48968406
LLYUSDT,EQUITY,1781337600001,0.00000000,1135.00712382
LLYUSDT,EQUITY,1781366400001,0.00000000,1137.34000000
LLYUSDT,EQUITY,1781395200001,0.00000000,1138.53000000
LLYUSDT,EQUITY,1781424000001,0.00000000,1138.63086599
LLYUSDT,EQUITY,1781452800001,0.00000000,1138.87316270
LLYUSDT,EQUITY,1781481600001,0.00000000,1143.56575945
LLYUSDT,EQUITY,1781510400002,0.00000000,1132.74000000
LLYUSDT,EQUITY,1781539200001,0.00000000,1130.89114763
LLYUSDT,EQUITY,1781568000001,0.00000000,1131.61000000
LLYUSDT,EQUITY,1781596800001,0.00000000,1131.25677959
LLYUSDT,EQUITY,1781625600001,0.00000000,1130.60505362
LLYUSDT,EQUITY,1781654400001,0.00000000,1123.20827750
LLYUSDT,EQUITY,1781683200001,0.00000000,1122.31000000
LLYUSDT,EQUITY,1781712000001,0.00000000,1114.84916294
LLYUSDT,EQUITY,1781740800001,0.00000000,1112.98998655
LLYUSDT,EQUITY,1781769600001,0.00000000,1114.29532903
LLYUSDT,EQUITY,1781798400001,0.00000000,1094.00886844
LLYUSDT,EQUITY,1781827200001,0.00033766,1100.83000000
LLYUSDT,EQUITY,1781856000001,0.00000000,1096.75873250
LLYUSDT,EQUITY,1781884800001,0.00000000,1100.52486452
LLYUSDT,EQUITY,1781913600001,0.00000000,1094.81080361
LLYUSDT,EQUITY,1781942400001,0.00000000,1096.15835117
LLYUSDT,EQUITY,1781971200001,0.00000000,1093.91966668
LLYUSDT,EQUITY,1782000000001,0.00000000,1097.46607663
LLYUSDT,EQUITY,1782028800001,0.00000000,1102.98363553
LLYUSDT,EQUITY,1782057600001,0.00000000,1101.82350344
LLYUSDT,EQUITY,1782086400001,0.00000000,1099.75000000
LLYUSDT,EQUITY,1782115200001,0.00000000,1100.78456580
LLYUSDT,EQUITY,1782144000001,0.00009915,1109.45454627
LLYUSDT,EQUITY,1782172800001,0.00000000,1103.87174055
LLYUSDT,EQUITY,1782201600002,0.00000000,1101.50610778
LLYUSDT,EQUITY,1782230400001,0.00004142,1094.71527693
LLYUSDT,EQUITY,1782259200001,0.00051615,1107.78525387
LLYUSDT,EQUITY,1782288000001,0.00000000,1108.35553256
LLYUSDT,EQUITY,1782316800001,0.00009660,1108.57598294
LLYUSDT,EQUITY,1782345600002,0.00000000,1113.16000000
LLYUSDT,EQUITY,1782374400001,0.00000000,1117.74200772
LLYUSDT,EQUITY,1782403200001,0.00000000,1141.27237391
LLYUSDT,EQUITY,1782432000001,0.00000000,1134.57583467
LLYUSDT,EQUITY,1782460800002,0.00000000,1129.93439288
LLYUSDT,EQUITY,1782489600001,0.00000000,1204.54873462
LLYUSDT,EQUITY,1782518400001,0.00000000,1212.78451405
LLYUSDT,EQUITY,1782547200001,0.00000000,1212.15717504
LLYUSDT,EQUITY,1782576000001,0.00000000,1212.25504858
LLYUSDT,EQUITY,1782604800002,0.00000000,1212.23194128
LLYUSDT,EQUITY,1782633600002,0.00000000,1211.92833735
LLYUSDT,EQUITY,1782662400001,0.00000000,1214.73170450
LLYUSDT,EQUITY,1782691200001,0.00000000,1226.21722393
LLYUSDT,EQUITY,1782720000001,0.00035316,1228.00000000
LLYUSDT,EQUITY,1782748800001,0.00000000,1210.71000000
LLYUSDT,EQUITY,1782777600000,0.00003646,1232.23216872
LLYUSDT,EQUITY,1782806400000,0.00000000,1227.84562753
LLYUSDT,EQUITY,1782835200001,0.00000000,1208.51000000
LLYUSDT,EQUITY,1782864000000,0.00000000,1201.17000000
LLYUSDT,EQUITY,1782892800001,0.00000000,1203.80529399
LLYUSDT,EQUITY,1782921600001,0.00000000,1192.04000000
LLYUSDT,EQUITY,1782950400000,0.00000000,1190.86238766
LLYUSDT,EQUITY,1782979200001,0.00000000,1191.62007908
LLYUSDT,EQUITY,1783008000001,0.00000000,1211.50000000
LLYUSDT,EQUITY,1783036800001,0.00031715,1214.02960150
LLYUSDT,EQUITY,1783065600001,0.00000000,1214.33776824
LLYUSDT,EQUITY,1783094400001,0.00000000,1203.28305845
LLYUSDT,EQUITY,1783123200001,0.00000000,1195.83362490
LLYUSDT,EQUITY,1783152000001,0.00000000,1197.43476756
LLYUSDT,EQUITY,1783180800001,0.00000000,1197.22000000
LLYUSDT,EQUITY,1783209600002,0.00000000,1199.05454480
LLYUSDT,EQUITY,1783238400001,0.00000000,1201.35719501
LLYUSDT,EQUITY,1783267200001,0.00000000,1204.87564039
LLYUSDT,EQUITY,1783296000001,0.00000000,1208.06514304
LLYUSDT,EQUITY,1783324800001,0.00000000,1217.27386284
LLYUSDT,EQUITY,1783353600001,0.00000000,1195.40544851
LLYUSDT,EQUITY,1783382400001,0.00020834,1204.19000000
LLYUSDT,EQUITY,1783411200001,0.00000000,1206.39000000
LLYUSDT,EQUITY,1783440000001,0.00000000,1232.10000000
LLYUSDT,EQUITY,1783468800002,0.00000000,1237.31638332
LLYUSDT,EQUITY,1783497600001,0.00000000,1236.50381497
LLYUSDT,EQUITY,1783526400001,0.00000000,1228.98185091
LLYUSDT,EQUITY,1783555200001,0.00000000,1221.70781570
LLYUSDT,EQUITY,1783584000001,0.00000000,1216.89927740
LLYUSDT,EQUITY,1783612800001,0.00000000,1203.31000000
LLYUSDT,EQUITY,1783641600001,0.00000000,1217.43958476
LLYUSDT,EQUITY,1783670400001,0.00000000,1221.49052817
LLYUSDT,EQUITY,1783699200001,0.00000000,1185.44922590
LLYUSDT,EQUITY,1783728000001,0.00000000,1189.01000000
LLYUSDT,EQUITY,1783756800001,0.00000000,1193.55200339
LLYUSDT,EQUITY,1783785600001,0.00000000,1193.56292360
LLYUSDT,EQUITY,1783814400001,0.00000000,1193.69231826
LLYUSDT,EQUITY,1783843200001,0.00000000,1188.16000000
LLYUSDT,EQUITY,1783872000001,0.00000000,1191.71880981
LLYUSDT,EQUITY,1783900800001,0.00000000,1192.08619362
LLYUSDT,EQUITY,1783929600001,0.00000000,1192.66000000
LLYUSDT,EQUITY,1783958400001,0.00000000,1190.29000000
LLYUSDT,EQUITY,1783987200002,0.00039386,1182.14000000
LLYUSDT,EQUITY,1784016000001,0.00000000,1180.34000000
LLYUSDT,EQUITY,1784044800001,0.00000000,1157.09159348
LLYUSDT,EQUITY,1784073600001,0.00000000,1156.52344500
LLYUSDT,EQUITY,1784102400001,0.00000000,1153.75130704
LLYUSDT,EQUITY,1784131200001,0.00000000,1149.38447705
LLYUSDT,EQUITY,1784160000001,0.00000000,1157.20142650
LLYUSDT,EQUITY,1784188800002,0.00000000,1157.22237849
LLYUSDT,EQUITY,1784217600001,0.00000000,1181.67505326
LLYUSDT,EQUITY,1784246400001,0.00000000,1171.68000000
LLYUSDT,EQUITY,1784275200001,0.00000000,1171.52446057
LLYUSDT,EQUITY,1784304000001,0.00000000,1180.61000000
LLYUSDT,EQUITY,1784332800001,0.00006247,1174.73000000
LLYUSDT,EQUITY,1784361600001,0.00000000,1176.46575335
LLYUSDT,EQUITY,1784390400001,0.00000000,1178.67793571
LLYUSDT,EQUITY,1784419200001,0.00000000,1179.27525628
LLYUSDT,EQUITY,1784448000001,0.00000000,1177.68800492
LLYUSDT,EQUITY,1784476800001,0.00000000,1177.41000000
LLYUSDT,EQUITY,1784505600002,0.00000000,1176.52346763
LLYUSDT,EQUITY,1784534400001,0.00000000,1182.45468460
LLYUSDT,EQUITY,1784563200001,0.00000000,1166.55488456
LLYUSDT,EQUITY,1784592000001,0.00000000,1148.72498374
LLYUSDT,EQUITY,1784620800001,0.00000000,1148.58000000
LLYUSDT,EQUITY,1784649600000,0.00000000,1162.09767799
LLYUSDT,EQUITY,1784678400000,0.00043992,1172.45081570
LLYUSDT,EQUITY,1784707200001,0.00000000,1173.14553448
NVOUSDT,EQUITY,1780329600001,0.00166591,44.52000000
NVOUSDT,EQUITY,1780358400001,0.00133356,43.80370968
NVOUSDT,EQUITY,1780387200001,0.00370939,43.67629032
NVOUSDT,EQUITY,1780416000001,0.00020297,43.12176392
NVOUSDT,EQUITY,1780444800001,0.00093972,43.16064516
NVOUSDT,EQUITY,1780473600001,0.00023315,43.23886862
NVOUSDT,EQUITY,1780502400001,0.00065336,42.30923204
NVOUSDT,EQUITY,1780531200001,0.00000000,41.90000000
NVOUSDT,EQUITY,1780560000001,0.00000000,42.24000000
NVOUSDT,EQUITY,1780588800001,0.00000000,44.23137494
NVOUSDT,EQUITY,1780617600001,0.00000000,43.76500000
NVOUSDT,EQUITY,1780646400001,0.00000000,43.74000000
NVOUSDT,EQUITY,1780675200001,0.00000000,43.61000000
NVOUSDT,EQUITY,1780704000001,0.00000000,42.80000000
NVOUSDT,EQUITY,1780732800001,0.00000000,43.01530037
NVOUSDT,EQUITY,1780761600001,0.00000000,43.78000000
NVOUSDT,EQUITY,1780790400002,0.00000000,44.38532601
NVOUSDT,EQUITY,1780819200001,0.00000000,44.36291776
NVOUSDT,EQUITY,1780848000001,0.00000000,44.29000000
NVOUSDT,EQUITY,1780876800001,0.00000000,43.88000000
NVOUSDT,EQUITY,1780905600001,0.00000000,42.80686079
NVOUSDT,EQUITY,1780934400001,0.00000000,41.79971183
NVOUSDT,EQUITY,1780963200001,0.00000000,41.09000000
NVOUSDT,EQUITY,1780992000001,0.00000000,41.37370968
NVOUSDT,EQUITY,1781020800001,0.00000000,41.27000000
NVOUSDT,EQUITY,1781049600001,0.00000000,42.12000000
NVOUSDT,EQUITY,1781078400001,0.00000000,41.94216667
NVOUSDT,EQUITY,1781107200001,0.00000000,43.65000000
NVOUSDT,EQUITY,1781136000001,0.00000000,42.75000000
NVOUSDT,EQUITY,1781164800001,0.00000000,43.09000000
NVOUSDT,EQUITY,1781193600001,0.00000000,43.41000000
NVOUSDT,EQUITY,1781222400001,0.00000000,43.90300000
NVOUSDT,EQUITY,1781251200001,0.00000000,44.05334455
NVOUSDT,EQUITY,1781280000001,0.00000000,44.08244575
NVOUSDT,EQUITY,1781308800001,0.00000000,44.05000000
NVOUSDT,EQUITY,1781337600001,0.00000000,43.74003474
NVOUSDT,EQUITY,1781366400001,0.00000000,43.80554165
NVOUSDT,EQUITY,1781395200001,0.00000000,43.84000000
NVOUSDT,EQUITY,1781424000001,0.00000000,43.89687158
NVOUSDT,EQUITY,1781452800001,0.00000000,43.74244770
NVOUSDT,EQUITY,1781481600001,0.00000000,43.79000000
NVOUSDT,EQUITY,1781510400002,0.00000000,44.42000000
NVOUSDT,EQUITY,1781539200001,0.00000000,44.32000000
NVOUSDT,EQUITY,1781568000001,0.00000000,43.92217268
NVOUSDT,EQUITY,1781596800001,0.00000000,44.08000000
NVOUSDT,EQUITY,1781625600001,0.00000000,43.77798788
NVOUSDT,EQUITY,1781654400001,0.00000000,43.60035000
NVOUSDT,EQUITY,1781683200001,0.00000000,44.51245192
NVOUSDT,EQUITY,1781712000001,0.00005814,44.45000000
NVOUSDT,EQUITY,1781740800001,0.00000000,43.65000000
NVOUSDT,EQUITY,1781769600001,0.00000000,43.92499879
NVOUSDT,EQUITY,1781798400001,0.00000000,43.06000000
NVOUSDT,EQUITY,1781827200001,0.00000000,43.10000000
NVOUSDT,EQUITY,1781856000001,0.00000000,43.00000000
NVOUSDT,EQUITY,1781884800001,0.00000000,42.91977345
NVOUSDT,EQUITY,1781913600001,0.00000000,43.10000000
NVOUSDT,EQUITY,1781942400001,0.00000000,43.30030057
NVOUSDT,EQUITY,1781971200001,0.00000000,43.29547058
NVOUSDT,EQUITY,1782000000001,0.00000000,43.20162987
NVOUSDT,EQUITY,1782028800001,-0.00029059,42.09000000
NVOUSDT,EQUITY,1782057600001,0.00000000,43.08919869
NVOUSDT,EQUITY,1782086400001,0.00000000,42.88000000
NVOUSDT,EQUITY,1782115200001,0.00000000,44.50070521
NVOUSDT,EQUITY,1782144000001,0.00000000,46.19926195
NVOUSDT,EQUITY,1782172800001,0.00000000,45.66000000
NVOUSDT,EQUITY,1782201600002,0.00000000,46.46261554
NVOUSDT,EQUITY,1782230400001,0.00000000,46.53556146
NVOUSDT,EQUITY,1782259200001,0.00000000,47.37573417
NVOUSDT,EQUITY,1782288000001,0.00000000,46.71000000
NVOUSDT,EQUITY,1782316800001,0.00000000,47.41075900
NVOUSDT,EQUITY,1782345600002,0.00000000,47.31499412
NVOUSDT,EQUITY,1782374400001,0.00000000,47.70756416
NVOUSDT,EQUITY,1782403200001,0.00000000,47.76956078
NVOUSDT,EQUITY,1782432000001,0.00000000,47.58000000
NVOUSDT,EQUITY,1782460800002,0.00000000,47.17000000
NVOUSDT,EQUITY,1782489600001,0.00000000,48.16803896
NVOUSDT,EQUITY,1782518400001,0.00000000,48.08321899
NVOUSDT,EQUITY,1782547200001,0.00000000,47.91161185
NVOUSDT,EQUITY,1782576000001,0.00000000,48.02628111
NVOUSDT,EQUITY,1782604800002,0.00000000,48.14450049
NVOUSDT,EQUITY,1782633600002,-0.00112478,47.37000000
NVOUSDT,EQUITY,1782662400001,0.00000000,48.45300781
NVOUSDT,EQUITY,1782691200001,0.00000000,47.43049098
NVOUSDT,EQUITY,1782720000001,0.00000000,47.70766993
NVOUSDT,EQUITY,1782748800001,0.00000000,47.93810295
NVOUSDT,EQUITY,1782777600000,0.00000000,48.22000000
NVOUSDT,EQUITY,1782806400000,0.00000000,48.73000000
NVOUSDT,EQUITY,1782835200001,0.00000000,48.05525669
NVOUSDT,EQUITY,1782864000000,0.00000000,47.99999682
NVOUSDT,EQUITY,1782892800001,0.00000000,48.21000000
NVOUSDT,EQUITY,1782921600001,0.00000000,49.21716334
NVOUSDT,EQUITY,1782950400000,0.00000000,48.56883070
NVOUSDT,EQUITY,1782979200001,0.00000000,49.23007514
NVOUSDT,EQUITY,1783008000001,0.00000000,50.60117910
NVOUSDT,EQUITY,1783036800001,0.00000000,50.29979339
NVOUSDT,EQUITY,1783065600001,0.00000000,48.97000000
NVOUSDT,EQUITY,1783094400001,0.00000000,48.97000000
NVOUSDT,EQUITY,1783123200001,0.00000000,49.11000000
NVOUSDT,EQUITY,1783152000001,0.00000000,49.08010894
NVOUSDT,EQUITY,1783180800001,0.00000000,49.46565235
NVOUSDT,EQUITY,1783209600002,0.00000000,49.43000000
NVOUSDT,EQUITY,1783238400001,0.00000000,49.26634428
NVOUSDT,EQUITY,1783267200001,0.00000000,49.47000000
NVOUSDT,EQUITY,1783296000001,0.00000000,49.43952791
NVOUSDT,EQUITY,1783324800001,0.00000000,50.16000000
NVOUSDT,EQUITY,1783353600001,0.00000000,48.97122173
NVOUSDT,EQUITY,1783382400001,0.00000000,49.30331736
NVOUSDT,EQUITY,1783411200001,0.00000000,49.84340665
NVOUSDT,EQUITY,1783440000001,0.00000000,49.76229577
NVOUSDT,EQUITY,1783468800002,0.00000000,49.64501372
NVOUSDT,EQUITY,1783497600001,0.00000000,49.26633893
NVOUSDT,EQUITY,1783526400001,0.00000000,49.10904848
NVOUSDT,EQUITY,1783555200001,0.00000000,48.95999645
NVOUSDT,EQUITY,1783584000001,0.00000000,49.22059296
NVOUSDT,EQUITY,1783612800001,0.00000000,48.94575197
NVOUSDT,EQUITY,1783641600001,0.00000000,48.88000000
NVOUSDT,EQUITY,1783670400001,0.00000000,48.97032324
NVOUSDT,EQUITY,1783699200001,0.00000000,49.36595733
NVOUSDT,EQUITY,1783728000001,0.00000000,49.41628580
NVOUSDT,EQUITY,1783756800001,0.00000000,49.28003617
NVOUSDT,EQUITY,1783785600001,0.00000000,49.16750368
NVOUSDT,EQUITY,1783814400001,0.00000000,49.23000000
NVOUSDT,EQUITY,1783843200001,0.00000000,49.56776044
NVOUSDT,EQUITY,1783872000001,0.00000000,49.38498596
NVOUSDT,EQUITY,1783900800001,0.00000000,49.07000000
NVOUSDT,EQUITY,1783929600001,0.00000000,49.44124911
NVOUSDT,EQUITY,1783958400001,0.00000000,49.44809511
NVOUSDT,EQUITY,1783987200002,0.00000000,49.14000000
NVOUSDT,EQUITY,1784016000001,0.00000000,49.20000000
NVOUSDT,EQUITY,1784044800001,0.00000000,48.90643112
NVOUSDT,EQUITY,1784073600001,0.00000000,49.06000000
NVOUSDT,EQUITY,1784102400001,0.00000000,49.06249387
NVOUSDT,EQUITY,1784131200001,0.00000000,50.76838299
NVOUSDT,EQUITY,1784160000001,0.00000000,50.67760548
NVOUSDT,EQUITY,1784188800002,0.00000000,51.29776108
NVOUSDT,EQUITY,1784217600001,0.00000000,51.55795635
NVOUSDT,EQUITY,1784246400001,0.00000000,51.49000000
NVOUSDT,EQUITY,1784275200001,0.00000000,51.08997699
NVOUSDT,EQUITY,1784304000001,0.00000000,50.57000000
NVOUSDT,EQUITY,1784332800001,0.00000000,50.27707121
NVOUSDT,EQUITY,1784361600001,0.00000000,50.35000000
NVOUSDT,EQUITY,1784390400001,0.00000000,50.06528443
NVOUSDT,EQUITY,1784419200001,0.00000000,50.17000000
NVOUSDT,EQUITY,1784448000001,0.00000000,50.25496514
NVOUSDT,EQUITY,1784476800001,0.00000000,50.21983893
NVOUSDT,EQUITY,1784505600002,0.00000000,50.25000000
NVOUSDT,EQUITY,1784534400001,0.00000000,50.61545185
NVOUSDT,EQUITY,1784563200001,0.00000000,50.07000000
NVOUSDT,EQUITY,1784592000001,0.00000000,49.57160724
NVOUSDT,EQUITY,1784620800001,0.00000000,49.63621698
NVOUSDT,EQUITY,1784649600000,0.00000000,49.42000000
NVOUSDT,EQUITY,1784678400000,0.00000000,49.39065329
NVOUSDT,EQUITY,1784707200001,0.00000000,49.44250737
BBXUSDT,EQUITY,1780329600001,0.00349439,9.66030769
BBXUSDT,EQUITY,1780358400001,0.00255694,10.03000000
BBXUSDT,EQUITY,1780387200001,0.00314710,9.74000000
BBXUSDT,EQUITY,1780416000001,0.00096976,9.87999131
BBXUSDT,EQUITY,1780444800001,0.00331529,11.16000000
BBXUSDT,EQUITY,1780473600001,0.00215092,11.36000000
BBXUSDT,EQUITY,1780502400001,0.00137375,10.17462276
BBXUSDT,EQUITY,1780531200001,0.00000000,9.21000000
BBXUSDT,EQUITY,1780560000001,0.00001560,9.40582624
BBXUSDT,EQUITY,1780588800001,0.00000000,10.47085911
BBXUSDT,EQUITY,1780617600001,0.00000000,10.10408392
BBXUSDT,EQUITY,1780646400001,0.00022688,10.08951613
BBXUSDT,EQUITY,1780675200001,0.00000000,9.56776722
BBXUSDT,EQUITY,1780704000001,0.00000000,9.16000000
BBXUSDT,EQUITY,1780732800001,0.00000000,9.01000000
BBXUSDT,EQUITY,1780761600001,0.00101688,9.30480901
BBXUSDT,EQUITY,1780790400002,0.00121137,9.64527660
BBXUSDT,EQUITY,1780819200001,0.00000000,9.69000000
BBXUSDT,EQUITY,1780848000001,0.00000000,9.49000000
BBXUSDT,EQUITY,1780876800001,0.00132441,9.18096372
BBXUSDT,EQUITY,1780905600001,0.00000000,9.39467742
BBXUSDT,EQUITY,1780934400001,0.00000000,9.51000000
BBXUSDT,EQUITY,1780963200001,0.00000000,9.21499841
BBXUSDT,EQUITY,1780992000001,0.00005473,9.39000000
BBXUSDT,EQUITY,1781020800001,0.00000000,8.41018796
BBXUSDT,EQUITY,1781049600001,0.00000000,8.67000000
BBXUSDT,EQUITY,1781078400001,0.00000000,8.56072925
BBXUSDT,EQUITY,1781107200001,0.00000000,9.01313369
BBXUSDT,EQUITY,1781136000001,0.00000000,8.66250712
BBXUSDT,EQUITY,1781164800001,0.00000000,8.88807290
BBXUSDT,EQUITY,1781193600001,0.00000000,9.07908526
BBXUSDT,EQUITY,1781222400001,0.00000000,9.43499983
BBXUSDT,EQUITY,1781251200001,0.00000000,9.19000000
BBXUSDT,EQUITY,1781280000001,0.00000000,9.06874078
BBXUSDT,EQUITY,1781308800001,-0.00040041,9.21686778
BBXUSDT,EQUITY,1781337600001,0.00000000,9.24000000
BBXUSDT,EQUITY,1781366400001,0.00000000,9.26780761
BBXUSDT,EQUITY,1781395200001,-0.00009307,9.25800830
BBXUSDT,EQUITY,1781424000001,0.00000000,9.40740737
BBXUSDT,EQUITY,1781452800001,0.00000000,9.35000000
BBXUSDT,EQUITY,1781481600001,0.00035501,9.53015933
BBXUSDT,EQUITY,1781510400002,0.00020092,9.53763581
BBXUSDT,EQUITY,1781539200001,0.00000000,9.62000000
BBXUSDT,EQUITY,1781568000001,0.00000000,9.19000000
BBXUSDT,EQUITY,1781596800001,0.00081570,9.22000000
BBXUSDT,EQUITY,1781625600001,0.00000000,9.05713610
BBXUSDT,EQUITY,1781654400001,0.00012066,9.15000000
BBXUSDT,EQUITY,1781683200001,0.00035297,9.22000000
BBXUSDT,EQUITY,1781712000001,0.00024550,9.26000000
BBXUSDT,EQUITY,1781740800001,0.00000000,8.96498730
BBXUSDT,EQUITY,1781769600001,0.00000000,8.92000000
BBXUSDT,EQUITY,1781798400001,0.00000000,8.32658142
BBXUSDT,EQUITY,1781827200001,0.00000000,8.36000000
BBXUSDT,EQUITY,1781856000001,0.00000000,8.32000000
BBXUSDT,EQUITY,1781884800001,0.00000000,8.24948670
BBXUSDT,EQUITY,1781913600001,0.00000000,8.31328696
BBXUSDT,EQUITY,1781942400001,0.00000000,8.37998455
BBXUSDT,EQUITY,1781971200001,0.00000000,8.38367070
BBXUSDT,EQUITY,1782000000001,0.00035327,8.58474137
BBXUSDT,EQUITY,1782028800001,0.00040655,8.71615305
BBXUSDT,EQUITY,1782057600001,0.00000000,8.69000000
BBXUSDT,EQUITY,1782086400001,-0.00044855,8.54000000
BBXUSDT,EQUITY,1782115200001,0.00060363,8.50952527
BBXUSDT,EQUITY,1782144000001,0.00024083,8.95583062
BBXUSDT,EQUITY,1782172800001,0.00037795,8.85000000
BBXUSDT,EQUITY,1782201600002,0.00000000,8.36000000
BBXUSDT,EQUITY,1782230400001,0.00000000,8.86000000
BBXUSDT,EQUITY,1782259200001,0.00147979,8.84000000
BBXUSDT,EQUITY,1782288000001,0.00171379,9.25643749
BBXUSDT,EQUITY,1782316800001,0.00061732,9.13860758
BBXUSDT,EQUITY,1782345600002,0.00138127,9.53000000
BBXUSDT,EQUITY,1782374400001,0.00061169,9.30898484
BBXUSDT,EQUITY,1782403200001,0.00000000,10.37529731
BBXUSDT,EQUITY,1782432000001,0.00000000,10.38107823
BBXUSDT,EQUITY,1782460800002,0.00100742,10.40838710
BBXUSDT,EQUITY,1782489600001,0.00000000,11.26000000
BBXUSDT,EQUITY,1782518400001,0.00000000,11.42735990
BBXUSDT,EQUITY,1782547200001,0.00000000,11.41511687
BBXUSDT,EQUITY,1782576000001,0.00000000,11.39588353
BBXUSDT,EQUITY,1782604800002,0.00000000,11.29505846
BBXUSDT,EQUITY,1782633600002,0.00066270,11.57702578
BBXUSDT,EQUITY,1782662400001,-0.00018504,11.27467173
BBXUSDT,EQUITY,1782691200001,0.00233089,11.79000000
BBXUSDT,EQUITY,1782720000001,0.00117756,11.81000000
BBXUSDT,EQUITY,1782748800001,0.00000000,12.05631916
BBXUSDT,EQUITY,1782777600000,0.00000000,12.55610006
BBXUSDT,EQUITY,1782806400000,0.00020730,12.50822581
BBXUSDT,EQUITY,1782835200001,0.00000000,12.52549200
BBXUSDT,EQUITY,1782864000000,0.00000000,12.60000000
BBXUSDT,EQUITY,1782892800001,-0.00033685,12.40912947
BBXUSDT,EQUITY,1782921600001,0.00000000,13.29850706
BBXUSDT,EQUITY,1782950400000,-0.00037319,12.63110109
BBXUSDT,EQUITY,1782979200001,-0.00018077,12.50662627
BBXUSDT,EQUITY,1783008000001,0.00000000,11.66513545
BBXUSDT,EQUITY,1783036800001,0.00000000,11.35000000
BBXUSDT,EQUITY,1783065600001,0.00223434,11.90000000
BBXUSDT,EQUITY,1783094400001,-0.00013712,11.60502151
BBXUSDT,EQUITY,1783123200001,0.00000000,11.42999926
BBXUSDT,EQUITY,1783152000001,0.00000000,11.48742798
BBXUSDT,EQUITY,1783180800001,0.00000000,11.70944178
BBXUSDT,EQUITY,1783209600002,0.00000000,11.72482383
BBXUSDT,EQUITY,1783238400001,0.00000000,11.83454647
BBXUSDT,EQUITY,1783267200001,0.00000000,11.74480266
BBXUSDT,EQUITY,1783296000001,0.00000000,11.74860604
BBXUSDT,EQUITY,1783324800001,0.00102174,11.53474133
BBXUSDT,EQUITY,1783353600001,0.00000000,11.55464537
BBXUSDT,EQUITY,1783382400001,0.00000000,11.28000000
BBXUSDT,EQUITY,1783411200001,0.00000000,11.14000000
BBXUSDT,EQUITY,1783440000001,0.00008595,11.29000000
BBXUSDT,EQUITY,1783468800002,-0.00068638,10.88000000
BBXUSDT,EQUITY,1783497600001,-0.00024435,10.93935262
BBXUSDT,EQUITY,1783526400001,0.00000000,10.84000000
BBXUSDT,EQUITY,1783555200001,0.00000000,11.14000000
BBXUSDT,EQUITY,1783584000001,0.00000000,11.19000000
BBXUSDT,EQUITY,1783612800001,0.00012282,11.58356058
BBXUSDT,EQUITY,1783641600001,0.00102483,11.41000000
BBXUSDT,EQUITY,1783670400001,0.00045705,11.39000000
BBXUSDT,EQUITY,1783699200001,0.00006549,10.97382453
BBXUSDT,EQUITY,1783728000001,0.00000000,10.93000000
BBXUSDT,EQUITY,1783756800001,0.00000000,10.88000000
BBXUSDT,EQUITY,1783785600001,0.00000000,10.93482079
BBXUSDT,EQUITY,1783814400001,0.00000000,10.95739381
BBXUSDT,EQUITY,1783843200001,0.00000000,10.87000000
BBXUSDT,EQUITY,1783872000001,0.00000000,10.92027093
BBXUSDT,EQUITY,1783900800001,0.00000000,10.95518346
BBXUSDT,EQUITY,1783929600001,0.00138073,10.83304530
BBXUSDT,EQUITY,1783958400001,0.00008985,10.80773348
BBXUSDT,EQUITY,1783987200002,0.00011033,10.59507575
BBXUSDT,EQUITY,1784016000001,0.00067297,10.74000000
BBXUSDT,EQUITY,1784044800001,0.00000000,11.34667662
BBXUSDT,EQUITY,1784073600001,0.00000000,11.14000000
BBXUSDT,EQUITY,1784102400001,0.00007417,11.06000000
BBXUSDT,EQUITY,1784131200001,0.00000000,10.71226325
BBXUSDT,EQUITY,1784160000001,0.00000000,10.63500000
BBXUSDT,EQUITY,1784188800002,0.00109321,10.58000000
BBXUSDT,EQUITY,1784217600001,0.00000000,9.61517633
BBXUSDT,EQUITY,1784246400001,0.00000000,9.09075948
BBXUSDT,EQUITY,1784275200001,0.00001931,8.83578959
BBXUSDT,EQUITY,1784304000001,0.00000000,9.00746625
BBXUSDT,EQUITY,1784332800001,-0.00058741,8.94000000
BBXUSDT,EQUITY,1784361600001,0.00000000,8.91104952
BBXUSDT,EQUITY,1784390400001,0.00000000,8.85950574
BBXUSDT,EQUITY,1784419200001,-0.00079577,8.67000000
BBXUSDT,EQUITY,1784448000001,0.00000000,8.57000000
BBXUSDT,EQUITY,1784476800001,0.00000000,8.67136907
BBXUSDT,EQUITY,1784505600002,0.00012262,8.79000000
BBXUSDT,EQUITY,1784534400001,-0.00012349,8.86201334
BBXUSDT,EQUITY,1784563200001,0.00000000,8.84782407
BBXUSDT,EQUITY,1784592000001,0.00000000,8.78000000
BBXUSDT,EQUITY,1784620800001,0.00064186,9.01000000
BBXUSDT,EQUITY,1784649600000,0.00000000,8.94000000
BBXUSDT,EQUITY,1784678400000,0.00000000,9.18476522
BBXUSDT,EQUITY,1784707200001,0.00023125,8.98275695
NOKUSDT,EQUITY,1780329600001,0.00281112,15.87294045
NOKUSDT,EQUITY,1780358400001,0.00267005,16.30488586
NOKUSDT,EQUITY,1780387200001,0.00300277,16.46000000
NOKUSDT,EQUITY,1780416000001,0.00169142,17.02141650
NOKUSDT,EQUITY,1780444800001,0.00178416,16.74000000
NOKUSDT,EQUITY,1780473600001,0.00197843,16.96415660
NOKUSDT,EQUITY,1780502400001,0.00007147,17.16355562
NOKUSDT,EQUITY,1780531200001,0.00000000,15.99251150
NOKUSDT,EQUITY,1780560000001,0.00050976,15.97431123
NOKUSDT,EQUITY,1780588800001,0.00008880,16.19000000
NOKUSDT,EQUITY,1780617600001,-0.00014659,16.18030828
NOKUSDT,EQUITY,1780646400001,0.00046834,16.11314253
NOKUSDT,EQUITY,1780675200001,0.00009238,15.09000000
NOKUSDT,EQUITY,1780704000001,-0.00151464,14.09275430
NOKUSDT,EQUITY,1780732800001,-0.00076812,13.37000000
NOKUSDT,EQUITY,1780761600001,0.00000000,13.32001270
NOKUSDT,EQUITY,1780790400002,0.00008225,13.71694566
NOKUSDT,EQUITY,1780819200001,0.00000000,13.97431432
NOKUSDT,EQUITY,1780848000001,0.00000000,14.11000000
NOKUSDT,EQUITY,1780876800001,0.00000000,14.01250981
NOKUSDT,EQUITY,1780905600001,0.00000000,14.65000000
NOKUSDT,EQUITY,1780934400001,0.00006309,14.85746675
NOKUSDT,EQUITY,1780963200001,0.00000000,14.64000000
NOKUSDT,EQUITY,1780992000001,0.00000000,14.61500000
NOKUSDT,EQUITY,1781020800001,0.00006352,13.55558795
NOKUSDT,EQUITY,1781049600001,0.00012229,13.75000000
NOKUSDT,EQUITY,1781078400001,0.00000667,13.52490164
NOKUSDT,EQUITY,1781107200001,0.00000000,13.64819267
NOKUSDT,EQUITY,1781136000001,0.00000000,13.07115598
NOKUSDT,EQUITY,1781164800001,0.00000000,13.54000000
NOKUSDT,EQUITY,1781193600001,0.00013420,13.58955060
NOKUSDT,EQUITY,1781222400001,0.00000000,14.42000000
NOKUSDT,EQUITY,1781251200001,0.00000000,14.39696842
NOKUSDT,EQUITY,1781280000001,0.00034544,14.72000000
NOKUSDT,EQUITY,1781308800001,0.00096479,14.93000000
NOKUSDT,EQUITY,1781337600001,0.00000000,14.87506947
NOKUSDT,EQUITY,1781366400001,0.00000000,14.94962729
NOKUSDT,EQUITY,1781395200001,0.00000000,14.94122958
NOKUSDT,EQUITY,1781424000001,0.00039159,15.33988433
NOKUSDT,EQUITY,1781452800001,0.00000000,15.32000000
NOKUSDT,EQUITY,1781481600001,0.00044815,15.42460375
NOKUSDT,EQUITY,1781510400002,0.00034401,15.15000000
NOKUSDT,EQUITY,1781539200001,0.00069782,14.62353622
NOKUSDT,EQUITY,1781568000001,0.00000000,14.74643909
NOKUSDT,EQUITY,1781596800001,0.00056779,14.90502514
NOKUSDT,EQUITY,1781625600001,0.00019957,13.92000000
NOKUSDT,EQUITY,1781654400001,0.00000000,13.99992067
NOKUSDT,EQUITY,1781683200001,0.00028803,14.09555285
NOKUSDT,EQUITY,1781712000001,0.00010735,14.02000000
NOKUSDT,EQUITY,1781740800001,0.00000000,13.94000000
NOKUSDT,EQUITY,1781769600001,0.00021036,14.01702312
NOKUSDT,EQUITY,1781798400001,0.00092253,13.61000000
NOKUSDT,EQUITY,1781827200001,0.00059588,13.57455380
NOKUSDT,EQUITY,1781856000001,0.00000000,13.55536466
NOKUSDT,EQUITY,1781884800001,0.00000000,13.70172246
NOKUSDT,EQUITY,1781913600001,0.00000000,13.78500936
NOKUSDT,EQUITY,1781942400001,0.00000000,13.90506922
NOKUSDT,EQUITY,1781971200001,0.00000000,13.86519496
NOKUSDT,EQUITY,1782000000001,0.00000000,13.89540768
NOKUSDT,EQUITY,1782028800001,0.00000000,13.81890873
NOKUSDT,EQUITY,1782057600001,0.00000000,13.88966117
NOKUSDT,EQUITY,1782086400001,-0.00012875,13.86000000
NOKUSDT,EQUITY,1782115200001,0.00139341,13.33667844
NOKUSDT,EQUITY,1782144000001,0.00052059,14.10440802
NOKUSDT,EQUITY,1782172800001,0.00000000,14.28732628
NOKUSDT,EQUITY,1782201600002,0.00000000,13.60000000
NOKUSDT,EQUITY,1782230400001,0.00002038,13.72845655
NOKUSDT,EQUITY,1782259200001,0.00000000,13.69000000
NOKUSDT,EQUITY,1782288000001,0.00052244,13.85000000
NOKUSDT,EQUITY,1782316800001,0.00000000,13.97066156
NOKUSDT,EQUITY,1782345600002,0.00033001,14.25723794
NOKUSDT,EQUITY,1782374400001,0.00041180,14.18284604
NOKUSDT,EQUITY,1782403200001,0.00023876,13.86000000
NOKUSDT,EQUITY,1782432000001,0.00000000,13.96742102
NOKUSDT,EQUITY,1782460800002,0.00040569,13.54329991
NOKUSDT,EQUITY,1782489600001,0.00004371,12.97000000
NOKUSDT,EQUITY,1782518400001,0.00000000,12.94000000
NOKUSDT,EQUITY,1782547200001,0.00009053,13.07000000
NOKUSDT,EQUITY,1782576000001,0.00000000,12.96481692
NOKUSDT,EQUITY,1782604800002,0.00000000,12.94891975
NOKUSDT,EQUITY,1782633600002,0.00000000,12.93507835
NOKUSDT,EQUITY,1782662400001,0.00000000,12.94485813
NOKUSDT,EQUITY,1782691200001,0.00064988,13.15000000
NOKUSDT,EQUITY,1782720000001,0.00000000,12.96925326
NOKUSDT,EQUITY,1782748800001,0.00000000,12.78572807
NOKUSDT,EQUITY,1782777600000,0.00047808,13.00493596
NOKUSDT,EQUITY,1782806400000,0.00023413,13.29028059
NOKUSDT,EQUITY,1782835200001,0.00000000,13.17703661
NOKUSDT,EQUITY,1782864000000,0.00000000,13.27000000
NOKUSDT,EQUITY,1782892800001,0.00005101,13.37178942
NOKUSDT,EQUITY,1782921600001,0.00000000,12.95000000
NOKUSDT,EQUITY,1782950400000,0.00000000,12.84000000
NOKUSDT,EQUITY,1782979200001,0.00000000,12.54468852
NOKUSDT,EQUITY,1783008000001,0.00000000,12.24000000
NOKUSDT,EQUITY,1783036800001,0.00070035,12.06000000
NOKUSDT,EQUITY,1783065600001,0.00029831,12.33507434
NOKUSDT,EQUITY,1783094400001,0.00000000,12.29000000
NOKUSDT,EQUITY,1783123200001,0.00000000,12.33000000
NOKUSDT,EQUITY,1783152000001,0.00000000,12.33000000
NOKUSDT,EQUITY,1783180800001,0.00000000,12.33138991
NOKUSDT,EQUITY,1783209600002,0.00000000,12.33518136
NOKUSDT,EQUITY,1783238400001,0.00000000,12.33000000
NOKUSDT,EQUITY,1783267200001,0.00000000,12.38824206
NOKUSDT,EQUITY,1783296000001,0.00000000,12.39978230
NOKUSDT,EQUITY,1783324800001,0.00012022,12.46000000
NOKUSDT,EQUITY,1783353600001,0.00000000,12.59487726
NOKUSDT,EQUITY,1783382400001,0.00000000,12.44000000
NOKUSDT,EQUITY,1783411200001,0.00012656,12.35169340
NOKUSDT,EQUITY,1783440000001,0.00000000,11.90529073
NOKUSDT,EQUITY,1783468800002,0.00011194,11.72000000
NOKUSDT,EQUITY,1783497600001,0.00000000,11.81484952
NOKUSDT,EQUITY,1783526400001,0.00000000,11.61572751
NOKUSDT,EQUITY,1783555200001,0.00000000,11.95309920
NOKUSDT,EQUITY,1783584000001,0.00000000,12.18000000
NOKUSDT,EQUITY,1783612800001,0.00000000,12.77552673
NOKUSDT,EQUITY,1783641600001,0.00000000,12.96819853
NOKUSDT,EQUITY,1783670400001,0.00000000,12.69000000
NOKUSDT,EQUITY,1783699200001,0.00011294,12.41807156
NOKUSDT,EQUITY,1783728000001,0.00007476,12.45375647
NOKUSDT,EQUITY,1783756800001,0.00000000,12.41519536
NOKUSDT,EQUITY,1783785600001,0.00000000,12.33000000
NOKUSDT,EQUITY,1783814400001,0.00000000,12.37000000
NOKUSDT,EQUITY,1783843200001,0.00000000,12.35507338
NOKUSDT,EQUITY,1783872000001,0.00000000,12.40504325
NOKUSDT,EQUITY,1783900800001,0.00000000,12.37000000
NOKUSDT,EQUITY,1783929600001,0.00000000,12.27806164
NOKUSDT,EQUITY,1783958400001,0.00020651,11.85000000
NOKUSDT,EQUITY,1783987200002,0.00021071,11.61499909
NOKUSDT,EQUITY,1784016000001,0.00054376,11.82827440
NOKUSDT,EQUITY,1784044800001,0.00004849,11.60561647
NOKUSDT,EQUITY,1784073600001,0.00003627,11.77497381
NOKUSDT,EQUITY,1784102400001,0.00015774,11.90000000
NOKUSDT,EQUITY,1784131200001,0.00022205,11.07387867
NOKUSDT,EQUITY,1784160000001,0.00000000,11.22550413
NOKUSDT,EQUITY,1784188800002,0.00020944,11.00000000
NOKUSDT,EQUITY,1784217600001,0.00000000,10.44794533
NOKUSDT,EQUITY,1784246400001,0.00000000,10.21758508
NOKUSDT,EQUITY,1784275200001,0.00000000,9.94000000
NOKUSDT,EQUITY,1784304000001,0.00000000,10.18145844
NOKUSDT,EQUITY,1784332800001,0.00000000,10.11608788
NOKUSDT,EQUITY,1784361600001,0.00002394,10.30000000
NOKUSDT,EQUITY,1784390400001,0.00000000,10.18483369
NOKUSDT,EQUITY,1784419200001,0.00000000,10.21549630
NOKUSDT,EQUITY,1784448000001,0.00000000,10.32580934
NOKUSDT,EQUITY,1784476800001,-0.00005164,10.19000000
NOKUSDT,EQUITY,1784505600002,0.00000000,10.26000000
NOKUSDT,EQUITY,1784534400001,0.00007076,10.26566261
NOKUSDT,EQUITY,1784563200001,0.00000000,10.16000000
NOKUSDT,EQUITY,1784592000001,0.00011067,10.11000000
NOKUSDT,EQUITY,1784620800001,0.00000000,10.44000000
NOKUSDT,EQUITY,1784649600000,0.00000000,10.66000000
NOKUSDT,EQUITY,1784678400000,0.00000000,11.06414588
NOKUSDT,EQUITY,1784707200001,0.00000000,10.46412854
EWTUSDT,EQUITY,1780329600001,0.00088659,106.96000000
EWTUSDT,EQUITY,1780358400001,0.00235167,108.37000000
EWTUSDT,EQUITY,1780387200001,0.00227798,105.68500863
EWTUSDT,EQUITY,1780416000001,0.00151386,107.15000000
EWTUSDT,EQUITY,1780444800001,0.00020065,107.56500000
EWTUSDT,EQUITY,1780473600001,0.00051548,108.09000000
EWTUSDT,EQUITY,1780502400001,0.00125767,106.65256405
EWTUSDT,EQUITY,1780531200001,0.00032562,105.04000000
EWTUSDT,EQUITY,1780560000001,0.00072108,105.67000000
EWTUSDT,EQUITY,1780588800001,0.00013083,105.09000000
EWTUSDT,EQUITY,1780617600001,0.00000000,105.47000000
EWTUSDT,EQUITY,1780646400001,0.00000000,102.82539610
EWTUSDT,EQUITY,1780675200001,0.00000000,99.91000000
EWTUSDT,EQUITY,1780704000001,0.00000000,97.19300000
EWTUSDT,EQUITY,1780732800001,0.00000000,96.09000000
EWTUSDT,EQUITY,1780761600001,0.00000000,94.04044817
EWTUSDT,EQUITY,1780790400002,0.00000000,94.16455216
EWTUSDT,EQUITY,1780819200001,0.00000000,94.05421561
EWTUSDT,EQUITY,1780848000001,0.00021107,95.94000000
EWTUSDT,EQUITY,1780876800001,0.00000000,96.63000000
EWTUSDT,EQUITY,1780905600001,0.00000000,99.61860858
EWTUSDT,EQUITY,1780934400001,0.00000000,100.70861747
EWTUSDT,EQUITY,1780963200001,-0.00692291,101.52000000
EWTUSDT,EQUITY,1780992000001,0.00075497,103.05419355
EWTUSDT,EQUITY,1781020800001,0.00546317,98.96344292
EWTUSDT,EQUITY,1781049600001,0.00022528,101.01300000
EWTUSDT,EQUITY,1781078400001,0.00007223,99.68885979
EWTUSDT,EQUITY,1781107200001,0.00000000,99.13000000
EWTUSDT,EQUITY,1781136000001,-0.00071684,98.12632704
EWTUSDT,EQUITY,1781164800001,-0.00001898,99.15000000
EWTUSDT,EQUITY,1781193600001,0.00000000,99.94955898
EWTUSDT,EQUITY,1781222400001,0.00000000,103.17464516
EWTUSDT,EQUITY,1781251200001,0.00000000,100.96000000
EWTUSDT,EQUITY,1781280000001,0.00000000,101.82803636
EWTUSDT,EQUITY,1781308800001,0.00000000,103.09000000
EWTUSDT,EQUITY,1781337600001,0.00000000,103.79704357
EWTUSDT,EQUITY,1781366400001,0.00000000,103.51000000
EWTUSDT,EQUITY,1781395200001,0.00000000,102.75000000
EWTUSDT,EQUITY,1781424000001,0.00000000,103.27000000
EWTUSDT,EQUITY,1781452800001,0.00000000,105.08778038
EWTUSDT,EQUITY,1781481600001,0.00009388,105.04679655
EWTUSDT,EQUITY,1781510400002,0.00000000,105.53105456
EWTUSDT,EQUITY,1781539200001,0.00000000,106.42631832
EWTUSDT,EQUITY,1781568000001,0.00000000,106.45000000
EWTUSDT,EQUITY,1781596800001,0.00000000,105.79884615
EWTUSDT,EQUITY,1781625600001,0.00000000,104.49000000
EWTUSDT,EQUITY,1781654400001,0.00003235,103.71000000
EWTUSDT,EQUITY,1781683200001,-0.00032727,106.24212163
EWTUSDT,EQUITY,1781712000001,0.00000000,106.83760420
EWTUSDT,EQUITY,1781740800001,-0.00064103,106.86000000
EWTUSDT,EQUITY,1781769600001,0.00000000,108.52685774
EWTUSDT,EQUITY,1781798400001,0.00000000,109.43024055
EWTUSDT,EQUITY,1781827200001,0.00022730,110.39000000
EWTUSDT,EQUITY,1781856000001,-0.00002446,109.64870679
EWTUSDT,EQUITY,1781884800001,0.00000000,108.64599937
EWTUSDT,EQUITY,1781913600001,0.00000000,109.14708890
EWTUSDT,EQUITY,1781942400001,0.00000000,109.46900875
EWTUSDT,EQUITY,1781971200001,0.00000000,108.69875425
EWTUSDT,EQUITY,1782000000001,0.00000000,108.79026366
EWTUSDT,EQUITY,1782028800001,0.00000000,110.22507022
EWTUSDT,EQUITY,1782057600001,0.00000000,110.44592627
EWTUSDT,EQUITY,1782086400001,0.00000000,109.29301213
EWTUSDT,EQUITY,1782115200001,0.00000000,110.90945384
EWTUSDT,EQUITY,1782144000001,0.00000000,111.81413673
EWTUSDT,EQUITY,1782172800001,0.00005169,111.55203850
EWTUSDT,EQUITY,1782201600002,0.00000000,105.77304446
EWTUSDT,EQUITY,1782230400001,0.00000000,105.94022964
EWTUSDT,EQUITY,1782259200001,0.00000000,106.19606231
EWTUSDT,EQUITY,1782288000001,0.00000000,105.34714198
EWTUSDT,EQUITY,1782316800001,0.00000000,104.99111215
EWTUSDT,EQUITY,1782345600002,0.00132833,108.62000000
EWTUSDT,EQUITY,1782374400001,-0.00007207,107.23130268
EWTUSDT,EQUITY,1782403200001,0.00000000,105.34000000
EWTUSDT,EQUITY,1782432000001,0.00000000,105.17999774
EWTUSDT,EQUITY,1782460800002,0.00000000,102.29000000
EWTUSDT,EQUITY,1782489600001,0.00000000,103.02000000
EWTUSDT,EQUITY,1782518400001,0.00000000,102.90000000
EWTUSDT,EQUITY,1782547200001,0.00000000,102.92866768
EWTUSDT,EQUITY,1782576000001,0.00000000,104.01000000
EWTUSDT,EQUITY,1782604800002,0.00000000,103.65972845
EWTUSDT,EQUITY,1782633600002,0.00000000,104.05588473
EWTUSDT,EQUITY,1782662400001,0.00000000,104.63224697
EWTUSDT,EQUITY,1782691200001,0.00000000,105.51991656
EWTUSDT,EQUITY,1782720000001,0.00016784,104.06809923
EWTUSDT,EQUITY,1782748800001,0.00000000,104.80000000
EWTUSDT,EQUITY,1782777600000,0.00000000,105.89020282
EWTUSDT,EQUITY,1782806400000,0.00000000,106.72000000
EWTUSDT,EQUITY,1782835200001,0.00000000,108.36125979
EWTUSDT,EQUITY,1782864000000,0.00000000,108.78000000
EWTUSDT,EQUITY,1782892800001,0.00008644,107.93659103
EWTUSDT,EQUITY,1782921600001,0.00000000,106.41329828
EWTUSDT,EQUITY,1782950400000,0.00000000,106.74867381
EWTUSDT,EQUITY,1782979200001,0.00000000,105.61000000
EWTUSDT,EQUITY,1783008000001,0.00000000,106.14000000
EWTUSDT,EQUITY,1783036800001,0.00000000,104.48941412
EWTUSDT,EQUITY,1783065600001,0.00000000,106.44014220
EWTUSDT,EQUITY,1783094400001,0.00000000,106.94165436
EWTUSDT,EQUITY,1783123200001,0.00000000,106.82543810
EWTUSDT,EQUITY,1783152000001,0.00000000,106.54490929
EWTUSDT,EQUITY,1783180800001,0.00000000,106.65466302
EWTUSDT,EQUITY,1783209600002,0.00000000,106.68000000
EWTUSDT,EQUITY,1783238400001,0.00000000,107.27830955
EWTUSDT,EQUITY,1783267200001,0.00000000,107.08854612
EWTUSDT,EQUITY,1783296000001,0.00000000,107.43000000
EWTUSDT,EQUITY,1783324800001,0.00000000,106.38193176
EWTUSDT,EQUITY,1783353600001,0.00000000,107.49904698
EWTUSDT,EQUITY,1783382400001,0.00000000,107.17903727
EWTUSDT,EQUITY,1783411200001,0.00000000,103.25000000
EWTUSDT,EQUITY,1783440000001,0.00000000,101.81203097
EWTUSDT,EQUITY,1783468800002,0.00000000,101.64231142
EWTUSDT,EQUITY,1783497600001,0.00000000,103.64076719
EWTUSDT,EQUITY,1783526400001,0.00000000,102.03758306
EWTUSDT,EQUITY,1783555200001,0.00000000,103.60000000
EWTUSDT,EQUITY,1783584000001,0.00000000,104.01450681
EWTUSDT,EQUITY,1783612800001,0.00000000,105.38000000
EWTUSDT,EQUITY,1783641600001,0.00000000,104.64389630
EWTUSDT,EQUITY,1783670400001,0.00000000,105.18544736
EWTUSDT,EQUITY,1783699200001,0.00000000,105.70950010
EWTUSDT,EQUITY,1783728000001,0.00099561,106.15728415
EWTUSDT,EQUITY,1783756800001,0.00000000,105.64147155
EWTUSDT,EQUITY,1783785600001,0.00000000,105.48000000
EWTUSDT,EQUITY,1783814400001,0.00000000,105.88000000
EWTUSDT,EQUITY,1783843200001,0.00000000,106.51470087
EWTUSDT,EQUITY,1783872000001,0.00000000,106.76015365
EWTUSDT,EQUITY,1783900800001,-0.00008928,105.52844301
EWTUSDT,EQUITY,1783929600001,0.00000000,103.78699567
EWTUSDT,EQUITY,1783958400001,0.00000000,102.94000000
EWTUSDT,EQUITY,1783987200002,0.00000000,101.81996221
EWTUSDT,EQUITY,1784016000001,0.00000000,100.51713980
EWTUSDT,EQUITY,1784044800001,0.00000000,101.86110195
EWTUSDT,EQUITY,1784073600001,0.00000000,102.36395411
EWTUSDT,EQUITY,1784102400001,0.00000000,103.79598852
EWTUSDT,EQUITY,1784131200001,0.00000000,101.42000000
EWTUSDT,EQUITY,1784160000001,0.00063188,101.96927016
EWTUSDT,EQUITY,1784188800002,0.00000000,101.42621562
EWTUSDT,EQUITY,1784217600001,0.00000000,100.63368986
EWTUSDT,EQUITY,1784246400001,0.00000000,100.18000000
EWTUSDT,EQUITY,1784275200001,0.00000000,95.36787736
EWTUSDT,EQUITY,1784304000001,0.00000000,97.26000000
EWTUSDT,EQUITY,1784332800001,0.00000000,97.62733485
EWTUSDT,EQUITY,1784361600001,0.00000000,98.69556182
EWTUSDT,EQUITY,1784390400001,-0.00003591,96.30513266
EWTUSDT,EQUITY,1784419200001,0.00000000,96.02006362
EWTUSDT,EQUITY,1784448000001,0.00000000,97.07502247
EWTUSDT,EQUITY,1784476800001,0.00000000,98.28000000
EWTUSDT,EQUITY,1784505600002,-0.00013773,96.64000000
EWTUSDT,EQUITY,1784534400001,0.00000000,95.66000000
EWTUSDT,EQUITY,1784563200001,0.00006231,96.76442998
EWTUSDT,EQUITY,1784592000001,0.00000000,96.24549091
EWTUSDT,EQUITY,1784620800001,0.00000000,99.92400168
EWTUSDT,EQUITY,1784649600000,0.00000000,100.57706587
EWTUSDT,EQUITY,1784678400000,0.00000000,100.96646291
EWTUSDT,EQUITY,1784707200001,0.00000000,100.70832518
ASTSUSDT,EQUITY,1780329600001,0.00120854,103.62290748
ASTSUSDT,EQUITY,1780358400001,0.00306245,105.09000000
ASTSUSDT,EQUITY,1780387200001,0.00328032,108.70000000
ASTSUSDT,EQUITY,1780416000001,0.00132727,113.59208174
ASTSUSDT,EQUITY,1780444800001,0.00016686,116.76618134
ASTSUSDT,EQUITY,1780473600001,0.00172949,116.85000000
ASTSUSDT,EQUITY,1780502400001,0.00008621,108.93000000
ASTSUSDT,EQUITY,1780531200001,0.00000000,104.48000000
ASTSUSDT,EQUITY,1780560000001,0.00000000,108.21000000
ASTSUSDT,EQUITY,1780588800001,0.00000000,106.13894587
ASTSUSDT,EQUITY,1780617600001,0.00000000,106.13000310
ASTSUSDT,EQUITY,1780646400001,0.00000000,104.75094488
ASTSUSDT,EQUITY,1780675200001,0.00000000,96.17000000
ASTSUSDT,EQUITY,1780704000001,-0.00000794,91.34000000
ASTSUSDT,EQUITY,1780732800001,-0.00272960,85.62293402
ASTSUSDT,EQUITY,1780761600001,0.00000000,84.44119039
ASTSUSDT,EQUITY,1780790400002,0.00030040,86.59000000
ASTSUSDT,EQUITY,1780819200001,0.00108749,89.10000000
ASTSUSDT,EQUITY,1780848000001,0.00000000,88.73465904
ASTSUSDT,EQUITY,1780876800001,0.00007792,90.50827774
ASTSUSDT,EQUITY,1780905600001,0.00000000,93.62582781
ASTSUSDT,EQUITY,1780934400001,0.00000000,92.39555371
ASTSUSDT,EQUITY,1780963200001,0.00000000,92.04000000
ASTSUSDT,EQUITY,1780992000001,0.00000000,94.42654226
ASTSUSDT,EQUITY,1781020800001,0.00000000,88.20749434
ASTSUSDT,EQUITY,1781049600001,0.00015585,89.37661886
ASTSUSDT,EQUITY,1781078400001,0.00000000,88.43588638
ASTSUSDT,EQUITY,1781107200001,0.00000000,89.93858988
ASTSUSDT,EQUITY,1781136000001,0.00000000,86.14000000
ASTSUSDT,EQUITY,1781164800001,0.00026986,91.55000000
ASTSUSDT,EQUITY,1781193600001,0.00022447,93.25947618
ASTSUSDT,EQUITY,1781222400001,0.00020205,104.40000000
ASTSUSDT,EQUITY,1781251200001,0.00048593,102.98000000
ASTSUSDT,EQUITY,1781280000001,0.00032285,82.89000000
ASTSUSDT,EQUITY,1781308800001,0.00160551,84.28000000
ASTSUSDT,EQUITY,1781337600001,0.00000000,84.84666713
ASTSUSDT,EQUITY,1781366400001,0.00000000,85.08485503
ASTSUSDT,EQUITY,1781395200001,0.00000000,86.58633608
ASTSUSDT,EQUITY,1781424000001,0.00000000,88.23278651
ASTSUSDT,EQUITY,1781452800001,-0.00034465,87.00000000
ASTSUSDT,EQUITY,1781481600001,0.00030280,88.19691960
ASTSUSDT,EQUITY,1781510400002,0.00000000,87.41000000
ASTSUSDT,EQUITY,1781539200001,0.00000000,86.29653635
ASTSUSDT,EQUITY,1781568000001,0.00000000,87.34000000
ASTSUSDT,EQUITY,1781596800001,0.00000000,89.06183529
ASTSUSDT,EQUITY,1781625600001,0.00000000,83.34000000
ASTSUSDT,EQUITY,1781654400001,0.00000000,84.12688350
ASTSUSDT,EQUITY,1781683200001,0.00000000,87.77205697
ASTSUSDT,EQUITY,1781712000001,0.00000000,84.23000000
ASTSUSDT,EQUITY,1781740800001,0.00000000,86.69000000
ASTSUSDT,EQUITY,1781769600001,0.00000000,86.59091795
ASTSUSDT,EQUITY,1781798400001,0.00000000,79.48000000
ASTSUSDT,EQUITY,1781827200001,0.00000000,80.36255926
ASTSUSDT,EQUITY,1781856000001,0.00000000,79.88000000
ASTSUSDT,EQUITY,1781884800001,0.00000000,79.83000000
ASTSUSDT,EQUITY,1781913600001,0.00000000,79.64575906
ASTSUSDT,EQUITY,1781942400001,0.00000000,80.06000000
ASTSUSDT,EQUITY,1781971200001,0.00000000,79.58991331
ASTSUSDT,EQUITY,1782000000001,0.00000000,79.80529917
ASTSUSDT,EQUITY,1782028800001,0.00000000,79.71035334
ASTSUSDT,EQUITY,1782057600001,0.00000000,79.89530505
ASTSUSDT,EQUITY,1782086400001,-0.00015737,79.19348386
ASTSUSDT,EQUITY,1782115200001,0.00000000,79.40268010
ASTSUSDT,EQUITY,1782144000001,0.00000000,75.19000000
ASTSUSDT,EQUITY,1782172800001,0.00000000,73.40690094
ASTSUSDT,EQUITY,1782201600002,0.00000000,69.92626922
ASTSUSDT,EQUITY,1782230400001,0.00000000,76.66000000
ASTSUSDT,EQUITY,1782259200001,0.00000000,73.53000000
ASTSUSDT,EQUITY,1782288000001,0.00000000,74.55319252
ASTSUSDT,EQUITY,1782316800001,0.00000000,69.50854062
ASTSUSDT,EQUITY,1782345600002,0.00000000,69.51963961
ASTSUSDT,EQUITY,1782374400001,0.00000000,69.51000000
ASTSUSDT,EQUITY,1782403200001,0.00000000,64.58000000
ASTSUSDT,EQUITY,1782432000001,0.00000000,66.23935621
ASTSUSDT,EQUITY,1782460800002,0.00000000,65.07000000
ASTSUSDT,EQUITY,1782489600001,0.00000000,72.01000000
ASTSUSDT,EQUITY,1782518400001,0.00000000,71.57185950
ASTSUSDT,EQUITY,1782547200001,0.00000000,72.02001613
ASTSUSDT,EQUITY,1782576000001,0.00000000,72.44000000
ASTSUSDT,EQUITY,1782604800002,0.00000000,71.94641985
ASTSUSDT,EQUITY,1782633600002,0.00000000,72.64000000
ASTSUSDT,EQUITY,1782662400001,0.00000000,71.60962440
ASTSUSDT,EQUITY,1782691200001,0.00002888,72.02000000
ASTSUSDT,EQUITY,1782720000001,0.00000000,73.51420002
ASTSUSDT,EQUITY,1782748800001,0.00000000,81.74191262
ASTSUSDT,EQUITY,1782777600000,0.00000000,87.29251579
ASTSUSDT,EQUITY,1782806400000,0.00000000,89.60834198
ASTSUSDT,EQUITY,1782835200001,0.00000000,84.56000000
ASTSUSDT,EQUITY,1782864000000,0.00020822,87.86000000
ASTSUSDT,EQUITY,1782892800001,0.00000000,86.76674676
ASTSUSDT,EQUITY,1782921600001,0.00003461,89.59000000
ASTSUSDT,EQUITY,1782950400000,0.00000000,86.72018428
ASTSUSDT,EQUITY,1782979200001,0.00000000,84.87174911
ASTSUSDT,EQUITY,1783008000001,0.00000000,85.10303088
ASTSUSDT,EQUITY,1783036800001,0.00000000,85.53000000
ASTSUSDT,EQUITY,1783065600001,0.00000000,86.00000000
ASTSUSDT,EQUITY,1783094400001,0.00000000,85.48578908
ASTSUSDT,EQUITY,1783123200001,0.00000000,86.09000000
ASTSUSDT,EQUITY,1783152000001,0.00000000,87.13000000
ASTSUSDT,EQUITY,1783180800001,0.00000000,86.86445610
ASTSUSDT,EQUITY,1783209600002,0.00000000,86.98000000
ASTSUSDT,EQUITY,1783238400001,-0.00028849,85.59000000
ASTSUSDT,EQUITY,1783267200001,0.00041622,86.45488934
ASTSUSDT,EQUITY,1783296000001,0.00000000,86.51364224
ASTSUSDT,EQUITY,1783324800001,0.00000000,86.18000000
ASTSUSDT,EQUITY,1783353600001,0.00000000,81.76669117
ASTSUSDT,EQUITY,1783382400001,0.00000000,79.53512102
ASTSUSDT,EQUITY,1783411200001,0.00000000,79.34541978
ASTSUSDT,EQUITY,1783440000001,0.00000000,75.94093464
ASTSUSDT,EQUITY,1783468800002,0.00000000,73.54397029
ASTSUSDT,EQUITY,1783497600001,0.00000000,74.62006708
ASTSUSDT,EQUITY,1783526400001,0.00000000,74.02236663
ASTSUSDT,EQUITY,1783555200001,0.00000000,75.07999850
ASTSUSDT,EQUITY,1783584000001,0.00000000,77.16596362
ASTSUSDT,EQUITY,1783612800001,0.00000000,74.24000000
ASTSUSDT,EQUITY,1783641600001,0.00000000,74.09510950
ASTSUSDT,EQUITY,1783670400001,0.00000000,73.89000000
ASTSUSDT,EQUITY,1783699200001,0.00000000,72.63743775
ASTSUSDT,EQUITY,1783728000001,0.00074067,73.48000000
ASTSUSDT,EQUITY,1783756800001,0.00000000,73.85000000
ASTSUSDT,EQUITY,1783785600001,0.00000000,73.11000000
ASTSUSDT,EQUITY,1783814400001,0.00000000,72.47801587
ASTSUSDT,EQUITY,1783843200001,0.00000000,72.58472677
ASTSUSDT,EQUITY,1783872000001,0.00000000,72.81142098
ASTSUSDT,EQUITY,1783900800001,0.00000000,72.74136421
ASTSUSDT,EQUITY,1783929600001,0.00000000,71.72878290
ASTSUSDT,EQUITY,1783958400001,0.00000000,69.36000000
ASTSUSDT,EQUITY,1783987200002,0.00000000,67.03886411
ASTSUSDT,EQUITY,1784016000001,0.00000000,68.56814194
ASTSUSDT,EQUITY,1784044800001,0.00003033,69.93304874
ASTSUSDT,EQUITY,1784073600001,0.00000000,68.87000000
ASTSUSDT,EQUITY,1784102400001,0.00000000,69.69874913
ASTSUSDT,EQUITY,1784131200001,0.00000000,66.22236603
ASTSUSDT,EQUITY,1784160000001,0.00000000,58.09856944
ASTSUSDT,EQUITY,1784188800002,0.00000000,59.13527214
ASTSUSDT,EQUITY,1784217600001,0.00000000,55.47000000
ASTSUSDT,EQUITY,1784246400001,0.00000000,54.16000000
ASTSUSDT,EQUITY,1784275200001,0.00000000,53.29004543
ASTSUSDT,EQUITY,1784304000001,0.00000000,60.09000000
ASTSUSDT,EQUITY,1784332800001,0.00000000,58.47280472
ASTSUSDT,EQUITY,1784361600001,0.00000000,58.12000000
ASTSUSDT,EQUITY,1784390400001,0.00000000,57.89518806
ASTSUSDT,EQUITY,1784419200001,0.00000000,57.68823299
ASTSUSDT,EQUITY,1784448000001,0.00000000,57.97231694
ASTSUSDT,EQUITY,1784476800001,0.00000000,57.79451011
ASTSUSDT,EQUITY,1784505600002,0.00024290,58.21956874
ASTSUSDT,EQUITY,1784534400001,0.00000000,58.78885061
ASTSUSDT,EQUITY,1784563200001,0.00000000,57.72621872
ASTSUSDT,EQUITY,1784592000001,0.00000000,57.72000000
ASTSUSDT,EQUITY,1784620800001,0.00000000,59.04011701
ASTSUSDT,EQUITY,1784649600000,0.00000000,64.25994187
ASTSUSDT,EQUITY,1784678400000,0.00000000,64.87000000
ASTSUSDT,EQUITY,1784707200001,0.00000000,63.16573187
SKHYNIXUSDT,KR_EQUITY,1780387200001,0.00268255,1545.76179913
SKHYNIXUSDT,KR_EQUITY,1780416000001,0.00137620,1606.00000000
SKHYNIXUSDT,KR_EQUITY,1780444800001,0.00000000,1628.10954590
SKHYNIXUSDT,KR_EQUITY,1780473600001,-0.00005481,1635.92021905
SKHYNIXUSDT,KR_EQUITY,1780502400001,-0.00078658,1622.11558831
SKHYNIXUSDT,KR_EQUITY,1780531200001,-0.00307661,1543.97000000
SKHYNIXUSDT,KR_EQUITY,1780560000001,0.00441883,1488.93198598
SKHYNIXUSDT,KR_EQUITY,1780588800001,0.00181916,1518.56142955
SKHYNIXUSDT,KR_EQUITY,1780617600001,-0.00342019,1447.03180679
SKHYNIXUSDT,KR_EQUITY,1780646400001,0.00319518,1336.52539360
SKHYNIXUSDT,KR_EQUITY,1780675200001,-0.00222193,1318.55373992
SKHYNIXUSDT,KR_EQUITY,1780704000001,-0.00128169,1238.66000000
SKHYNIXUSDT,KR_EQUITY,1780732800001,-0.00026144,1212.60000000
SKHYNIXUSDT,KR_EQUITY,1780761600001,-0.00023551,1203.01000000
SKHYNIXUSDT,KR_EQUITY,1780790400002,0.00015832,1213.70000000
SKHYNIXUSDT,KR_EQUITY,1780819200001,0.00061955,1240.00000000
SKHYNIXUSDT,KR_EQUITY,1780848000001,0.00144544,1289.22971392
SKHYNIXUSDT,KR_EQUITY,1780876800001,-0.00245651,1240.92621323
SKHYNIXUSDT,KR_EQUITY,1780905600001,0.00571031,1275.56967177
SKHYNIXUSDT,KR_EQUITY,1780934400001,0.00161537,1341.94263067
SKHYNIXUSDT,KR_EQUITY,1780963200001,0.00024153,1369.52150108
SKHYNIXUSDT,KR_EQUITY,1780992000001,0.00000000,1452.01908764
SKHYNIXUSDT,KR_EQUITY,1781020800001,-0.00495579,1392.90000000
SKHYNIXUSDT,KR_EQUITY,1781049600001,0.00025339,1385.66686566
SKHYNIXUSDT,KR_EQUITY,1781078400001,0.00463966,1335.70140979
SKHYNIXUSDT,KR_EQUITY,1781107200001,0.00017878,1366.42000000
SKHYNIXUSDT,KR_EQUITY,1781136000001,-0.00220722,1313.33000000
SKHYNIXUSDT,KR_EQUITY,1781164800001,0.00338250,1381.68000000
SKHYNIXUSDT,KR_EQUITY,1781193600001,0.00005254,1410.63000000
SKHYNIXUSDT,KR_EQUITY,1781222400001,0.00216676,1521.00000000
SKHYNIXUSDT,KR_EQUITY,1781251200001,0.00074851,1429.09301385
SKHYNIXUSDT,KR_EQUITY,1781280000001,0.00091069,1448.24000000
SKHYNIXUSDT,KR_EQUITY,1781308800001,0.00000000,1474.76429381
SKHYNIXUSDT,KR_EQUITY,1781337600001,0.00000000,1475.75000000
SKHYNIXUSDT,KR_EQUITY,1781366400001,0.00000000,1483.33000000
SKHYNIXUSDT,KR_EQUITY,1781395200001,0.00000000,1499.36284062
SKHYNIXUSDT,KR_EQUITY,1781424000001,0.00000000,1510.99036190
SKHYNIXUSDT,KR_EQUITY,1781452800001,0.00000000,1516.51000000
SKHYNIXUSDT,KR_EQUITY,1781481600001,0.00029335,1537.29094981
SKHYNIXUSDT,KR_EQUITY,1781510400002,0.00342426,1509.77707763
SKHYNIXUSDT,KR_EQUITY,1781539200001,0.00097246,1575.75000000
SKHYNIXUSDT,KR_EQUITY,1781568000001,-0.00014432,1582.65341427
SKHYNIXUSDT,KR_EQUITY,1781596800001,0.00158824,1588.97000000
SKHYNIXUSDT,KR_EQUITY,1781625600001,-0.00248513,1558.34485500
SKHYNIXUSDT,KR_EQUITY,1781654400001,0.00000000,1551.66707107
SKHYNIXUSDT,KR_EQUITY,1781683200001,0.00159068,1657.78642883
SKHYNIXUSDT,KR_EQUITY,1781712000001,0.00116178,1691.82421526
SKHYNIXUSDT,KR_EQUITY,1781740800001,0.00000000,1686.40000000
SKHYNIXUSDT,KR_EQUITY,1781769600001,0.00072339,1746.62000000
SKHYNIXUSDT,KR_EQUITY,1781798400001,0.00146713,1797.07568284
SKHYNIXUSDT,KR_EQUITY,1781827200001,0.00035242,1851.93223451
SKHYNIXUSDT,KR_EQUITY,1781856000001,0.00213117,1799.48715750
SKHYNIXUSDT,KR_EQUITY,1781884800001,0.00000000,1827.25000000
SKHYNIXUSDT,KR_EQUITY,1781913600001,0.00030862,1836.90603948
SKHYNIXUSDT,KR_EQUITY,1781942400001,0.00111189,1893.52634224
SKHYNIXUSDT,KR_EQUITY,1781971200001,0.00013607,1895.62000000
SKHYNIXUSDT,KR_EQUITY,1782000000001,0.00000000,1916.23593558
SKHYNIXUSDT,KR_EQUITY,1782028800001,0.00006600,1933.13511314
SKHYNIXUSDT,KR_EQUITY,1782057600001,0.00000000,1914.24088095
SKHYNIXUSDT,KR_EQUITY,1782086400001,-0.00295553,1845.38000000
SKHYNIXUSDT,KR_EQUITY,1782115200001,0.00402973,1896.33000000
SKHYNIXUSDT,KR_EQUITY,1782144000001,0.00000000,1926.12416251
SKHYNIXUSDT,KR_EQUITY,1782172800001,0.00000000,1931.95000000
SKHYNIXUSDT,KR_EQUITY,1782201600002,0.00580329,1677.12830759
SKHYNIXUSDT,KR_EQUITY,1782230400001,0.00032709,1720.03410559
SKHYNIXUSDT,KR_EQUITY,1782259200001,0.00000000,1701.71000000
SKHYNIXUSDT,KR_EQUITY,1782288000001,0.00243107,1708.69000000
SKHYNIXUSDT,KR_EQUITY,1782316800001,-0.00112959,1691.58940110
SKHYNIXUSDT,KR_EQUITY,1782345600002,0.00603242,1845.32169281
SKHYNIXUSDT,KR_EQUITY,1782374400001,0.00000000,1901.13690827
SKHYNIXUSDT,KR_EQUITY,1782403200001,-0.00058133,1884.06823277
SKHYNIXUSDT,KR_EQUITY,1782432000001,-0.00036501,1850.79000000
SKHYNIXUSDT,KR_EQUITY,1782460800002,0.00458019,1755.24000000
SKHYNIXUSDT,KR_EQUITY,1782489600001,0.00030982,1770.23000000
SKHYNIXUSDT,KR_EQUITY,1782518400001,0.00000000,1758.46908900
SKHYNIXUSDT,KR_EQUITY,1782547200001,0.00000000,1762.80000000
SKHYNIXUSDT,KR_EQUITY,1782576000001,0.00000000,1768.96000000
SKHYNIXUSDT,KR_EQUITY,1782604800002,0.00000000,1760.73859166
SKHYNIXUSDT,KR_EQUITY,1782633600002,0.00012761,1764.40129379
SKHYNIXUSDT,KR_EQUITY,1782662400001,0.00039503,1806.40200690
SKHYNIXUSDT,KR_EQUITY,1782691200001,-0.00157443,1748.88000000
SKHYNIXUSDT,KR_EQUITY,1782720000001,0.00288018,1695.84000000
SKHYNIXUSDT,KR_EQUITY,1782748800001,-0.00129015,1682.43000000
SKHYNIXUSDT,KR_EQUITY,1782777600000,0.00023107,1714.78807046
SKHYNIXUSDT,KR_EQUITY,1782806400000,0.00073258,1718.92000000
SKHYNIXUSDT,KR_EQUITY,1782835200001,0.00017477,1728.98000000
SKHYNIXUSDT,KR_EQUITY,1782864000000,0.00000000,1741.37724500
SKHYNIXUSDT,KR_EQUITY,1782892800001,0.00238242,1645.15053413
SKHYNIXUSDT,KR_EQUITY,1782921600001,-0.00199192,1595.67424912
SKHYNIXUSDT,KR_EQUITY,1782950400000,-0.00169160,1539.14000000
SKHYNIXUSDT,KR_EQUITY,1782979200001,0.00534933,1438.69178290
SKHYNIXUSDT,KR_EQUITY,1783008000001,-0.00149748,1439.59395493
SKHYNIXUSDT,KR_EQUITY,1783036800001,0.00074962,1435.07564382
SKHYNIXUSDT,KR_EQUITY,1783065600001,0.00024412,1578.06509330
SKHYNIXUSDT,KR_EQUITY,1783094400001,0.00000000,1590.52942576
SKHYNIXUSDT,KR_EQUITY,1783123200001,0.00054917,1622.65000000
SKHYNIXUSDT,KR_EQUITY,1783152000001,0.00000000,1607.70387913
SKHYNIXUSDT,KR_EQUITY,1783180800001,0.00000000,1604.93089107
SKHYNIXUSDT,KR_EQUITY,1783209600002,0.00000000,1606.82074585
SKHYNIXUSDT,KR_EQUITY,1783238400001,0.00000000,1615.75932960
SKHYNIXUSDT,KR_EQUITY,1783267200001,0.00000000,1623.12565787
SKHYNIXUSDT,KR_EQUITY,1783296000001,0.00000000,1605.96256035
SKHYNIXUSDT,KR_EQUITY,1783324800001,0.00247467,1534.78628354
SKHYNIXUSDT,KR_EQUITY,1783353600001,0.00000000,1556.10000000
SKHYNIXUSDT,KR_EQUITY,1783382400001,-0.00187311,1505.27000000
SKHYNIXUSDT,KR_EQUITY,1783411200001,0.00661515,1432.03898135
SKHYNIXUSDT,KR_EQUITY,1783440000001,-0.00087944,1421.82000000
SKHYNIXUSDT,KR_EQUITY,1783468800002,-0.00176129,1400.68000000
SKHYNIXUSDT,KR_EQUITY,1783497600001,0.00386943,1390.75598006
SKHYNIXUSDT,KR_EQUITY,1783526400001,0.00139656,1396.81028529
SKHYNIXUSDT,KR_EQUITY,1783555200001,0.00102242,1483.44000000
SKHYNIXUSDT,KR_EQUITY,1783584000001,0.00473872,1477.50149439
SKHYNIXUSDT,KR_EQUITY,1783612800001,0.00112086,1535.79254508
SKHYNIXUSDT,KR_EQUITY,1783641600001,0.00000000,1548.52911397
SKHYNIXUSDT,KR_EQUITY,1783670400001,0.00317264,1457.97000000
SKHYNIXUSDT,KR_EQUITY,1783699200001,0.00000000,1495.21490403
SKHYNIXUSDT,KR_EQUITY,1783728000001,0.00000000,1480.41606527
SKHYNIXUSDT,KR_EQUITY,1783756800001,0.00000000,1478.54000000
SKHYNIXUSDT,KR_EQUITY,1783785600001,0.00000000,1477.32406999
SKHYNIXUSDT,KR_EQUITY,1783814400001,-0.00002293,1475.02000000
SKHYNIXUSDT,KR_EQUITY,1783843200001,0.00000000,1476.73000000
SKHYNIXUSDT,KR_EQUITY,1783872000001,0.00000000,1482.88452938
SKHYNIXUSDT,KR_EQUITY,1783900800001,-0.00226626,1430.17000000
SKHYNIXUSDT,KR_EQUITY,1783929600001,0.00500000,1244.81996422
SKHYNIXUSDT,KR_EQUITY,1783958400001,0.00000000,1268.41000000
SKHYNIXUSDT,KR_EQUITY,1783987200002,-0.00108201,1238.57022928
SKHYNIXUSDT,KR_EQUITY,1784016000001,0.00500000,1289.73398267
SKHYNIXUSDT,KR_EQUITY,1784044800001,0.00192162,1335.01000000
SKHYNIXUSDT,KR_EQUITY,1784059200001,0.00133532,1388.63000000
SKHYNIXUSDT,KR_EQUITY,1784073600001,0.00171193,1414.78000000
SKHYNIXUSDT,KR_EQUITY,1784088000001,-0.00023997,1448.64488989
SKHYNIXUSDT,KR_EQUITY,1784102400001,-0.00100191,1383.97000000
SKHYNIXUSDT,KR_EQUITY,1784116800002,0.00000000,1372.40222149
SKHYNIXUSDT,KR_EQUITY,1784131200001,-0.00196477,1317.93165728
SKHYNIXUSDT,KR_EQUITY,1784145600001,0.00064739,1318.65421780
SKHYNIXUSDT,KR_EQUITY,1784160000001,-0.00129085,1287.00000000
SKHYNIXUSDT,KR_EQUITY,1784174400001,0.00168949,1254.00000000
SKHYNIXUSDT,KR_EQUITY,1784188800002,0.00034557,1238.44000000
SKHYNIXUSDT,KR_EQUITY,1784203200001,-0.00009577,1231.59980645
SKHYNIXUSDT,KR_EQUITY,1784217600001,-0.00042886,1218.89526120
SKHYNIXUSDT,KR_EQUITY,1784232000001,-0.00097320,1190.84000000
SKHYNIXUSDT,KR_EQUITY,1784246400001,-0.00092102,1188.21000000
SKHYNIXUSDT,KR_EQUITY,1784260800001,0.00006403,1182.44801002
SKHYNIXUSDT,KR_EQUITY,1784275200001,-0.00143406,1146.11000000
SKHYNIXUSDT,KR_EQUITY,1784289600001,0.00041051,1167.56886683
SKHYNIXUSDT,KR_EQUITY,1784304000001,0.00150611,1211.66781351
SKHYNIXUSDT,KR_EQUITY,1784318400001,-0.00094887,1165.11000000
SKHYNIXUSDT,KR_EQUITY,1784332800001,0.00000000,1156.67000000
SKHYNIXUSDT,KR_EQUITY,1784347200002,0.00000000,1164.14000000
SKHYNIXUSDT,KR_EQUITY,1784361600001,0.00000000,1161.58000000
SKHYNIXUSDT,KR_EQUITY,1784376000001,0.00000000,1161.11864637
SKHYNIXUSDT,KR_EQUITY,1784390400001,-0.00004143,1150.80000000
SKHYNIXUSDT,KR_EQUITY,1784404800001,0.00000000,1149.07286943
SKHYNIXUSDT,KR_EQUITY,1784419200001,0.00000000,1154.84000000
SKHYNIXUSDT,KR_EQUITY,1784433600001,0.00000000,1167.19385879
SKHYNIXUSDT,KR_EQUITY,1784448000001,0.00008177,1185.36480444
SKHYNIXUSDT,KR_EQUITY,1784462400001,-0.00014976,1182.19000000
SKHYNIXUSDT,KR_EQUITY,1784476800001,0.00000000,1183.25761432
SKHYNIXUSDT,KR_EQUITY,1784491200001,0.00020692,1193.54169532
SKHYNIXUSDT,KR_EQUITY,1784505600002,-0.00031583,1174.85706611
SKHYNIXUSDT,KR_EQUITY,1784520000001,0.00166537,1209.39000000
SKHYNIXUSDT,KR_EQUITY,1784534400001,0.00052817,1206.43270265
SKHYNIXUSDT,KR_EQUITY,1784548800001,0.00060173,1243.21000000
SKHYNIXUSDT,KR_EQUITY,1784563200001,-0.00016124,1227.44000000
SKHYNIXUSDT,KR_EQUITY,1784577600001,-0.00055024,1196.97000000
SKHYNIXUSDT,KR_EQUITY,1784592000001,0.00015674,1202.73369876
SKHYNIXUSDT,KR_EQUITY,1784606400002,0.00119891,1274.40000000
SKHYNIXUSDT,KR_EQUITY,1784620800001,0.00022498,1261.76025821
SKHYNIXUSDT,KR_EQUITY,1784635200001,0.00000000,1262.86000000
SKHYNIXUSDT,KR_EQUITY,1784649600000,0.00068707,1290.64000000
SKHYNIXUSDT,KR_EQUITY,1784664000001,0.00010694,1323.28000000
SKHYNIXUSDT,KR_EQUITY,1784678400000,0.00000000,1336.81000000
SKHYNIXUSDT,KR_EQUITY,1784692800000,0.00034064,1314.02000000
SKHYNIXUSDT,KR_EQUITY,1784707200001,0.00068087,1250.28121741
SAMSUNGUSDT,KR_EQUITY,1780387200001,0.00364107,237.03200590
SAMSUNGUSDT,KR_EQUITY,1780416000001,0.00206018,250.20000000
SAMSUNGUSDT,KR_EQUITY,1780444800001,0.00000000,252.69788320
SAMSUNGUSDT,KR_EQUITY,1780473600001,0.00072531,254.13000000
SAMSUNGUSDT,KR_EQUITY,1780502400001,-0.00234343,248.03000000
SAMSUNGUSDT,KR_EQUITY,1780531200001,-0.00137169,236.12000000
SAMSUNGUSDT,KR_EQUITY,1780560000001,0.00312882,229.24308757
SAMSUNGUSDT,KR_EQUITY,1780588800001,0.00010497,228.64620018
SAMSUNGUSDT,KR_EQUITY,1780617600001,-0.00179321,222.66071721
SAMSUNGUSDT,KR_EQUITY,1780646400001,0.00232354,212.83000000
SAMSUNGUSDT,KR_EQUITY,1780675200001,-0.00186607,208.43764746
SAMSUNGUSDT,KR_EQUITY,1780704000001,-0.00094572,196.99000000
SAMSUNGUSDT,KR_EQUITY,1780732800001,-0.00025352,190.77000000
SAMSUNGUSDT,KR_EQUITY,1780761600001,0.00000000,191.36499277
SAMSUNGUSDT,KR_EQUITY,1780790400002,0.00000000,192.74500527
SAMSUNGUSDT,KR_EQUITY,1780819200001,0.00000000,194.54395624
SAMSUNGUSDT,KR_EQUITY,1780848000001,0.00000000,195.80843025
SAMSUNGUSDT,KR_EQUITY,1780876800001,-0.00131457,193.59000000
SAMSUNGUSDT,KR_EQUITY,1780905600001,0.00447157,195.90295101
SAMSUNGUSDT,KR_EQUITY,1780934400001,0.00205173,206.62909470
SAMSUNGUSDT,KR_EQUITY,1780963200001,-0.00000630,206.89000000
SAMSUNGUSDT,KR_EQUITY,1780992000001,0.00129881,212.64429822
SAMSUNGUSDT,KR_EQUITY,1781020800001,-0.00424068,202.56000000
SAMSUNGUSDT,KR_EQUITY,1781049600001,0.00000000,203.16000000
SAMSUNGUSDT,KR_EQUITY,1781078400001,0.00000000,198.43254360
SAMSUNGUSDT,KR_EQUITY,1781107200001,0.00046153,198.52000000
SAMSUNGUSDT,KR_EQUITY,1781136000001,-0.00119814,191.19319050
SAMSUNGUSDT,KR_EQUITY,1781164800001,0.00132888,197.05000000
SAMSUNGUSDT,KR_EQUITY,1781193600001,0.00130079,205.48000000
SAMSUNGUSDT,KR_EQUITY,1781222400001,0.00115563,215.99883341
SAMSUNGUSDT,KR_EQUITY,1781251200001,0.00053101,212.89430862
SAMSUNGUSDT,KR_EQUITY,1781280000001,0.00048693,214.28000000
SAMSUNGUSDT,KR_EQUITY,1781308800001,0.00000000,218.28794182
SAMSUNGUSDT,KR_EQUITY,1781337600001,0.00000000,218.44254725
SAMSUNGUSDT,KR_EQUITY,1781366400001,0.00000000,219.04396533
SAMSUNGUSDT,KR_EQUITY,1781395200001,0.00000000,220.20510236
SAMSUNGUSDT,KR_EQUITY,1781424000001,0.00000000,223.02735091
SAMSUNGUSDT,KR_EQUITY,1781452800001,0.00000000,223.71000000
SAMSUNGUSDT,KR_EQUITY,1781481600001,0.00170781,227.53000000
SAMSUNGUSDT,KR_EQUITY,1781510400002,0.00103561,222.76415268
SAMSUNGUSDT,KR_EQUITY,1781539200001,0.00035805,228.69000000
SAMSUNGUSDT,KR_EQUITY,1781568000001,0.00000000,229.46146587
SAMSUNGUSDT,KR_EQUITY,1781596800001,0.00037132,225.97000000
SAMSUNGUSDT,KR_EQUITY,1781625600001,-0.00232820,219.19000000
SAMSUNGUSDT,KR_EQUITY,1781654400001,0.00000000,219.27549647
SAMSUNGUSDT,KR_EQUITY,1781683200001,0.00068105,227.59975545
SAMSUNGUSDT,KR_EQUITY,1781712000001,0.00000000,227.95669366
SAMSUNGUSDT,KR_EQUITY,1781740800001,0.00000000,227.82809914
SAMSUNGUSDT,KR_EQUITY,1781769600001,0.00091967,235.74000000
SAMSUNGUSDT,KR_EQUITY,1781798400001,0.00146038,240.68081777
SAMSUNGUSDT,KR_EQUITY,1781827200001,0.00000000,245.02000000
SAMSUNGUSDT,KR_EQUITY,1781856000001,0.00219782,232.45992793
SAMSUNGUSDT,KR_EQUITY,1781884800001,0.00000000,232.80338037
SAMSUNGUSDT,KR_EQUITY,1781913600001,0.00000256,235.55000000
SAMSUNGUSDT,KR_EQUITY,1781942400001,0.00004029,240.47000000
SAMSUNGUSDT,KR_EQUITY,1781971200001,0.00000000,240.54904882
SAMSUNGUSDT,KR_EQUITY,1782000000001,0.00000000,241.81523360
SAMSUNGUSDT,KR_EQUITY,1782028800001,0.00000000,242.27188963
SAMSUNGUSDT,KR_EQUITY,1782057600001,0.00000000,241.67606978
SAMSUNGUSDT,KR_EQUITY,1782086400001,-0.00344400,228.84000000
SAMSUNGUSDT,KR_EQUITY,1782115200001,0.00445896,229.35562541
SAMSUNGUSDT,KR_EQUITY,1782144000001,0.00000000,234.08111757
SAMSUNGUSDT,KR_EQUITY,1782172800001,-0.00115086,230.56033893
SAMSUNGUSDT,KR_EQUITY,1782201600002,0.00300087,206.09922794
SAMSUNGUSDT,KR_EQUITY,1782230400001,0.00005808,208.07000000
SAMSUNGUSDT,KR_EQUITY,1782259200001,-0.00036983,206.48005900
SAMSUNGUSDT,KR_EQUITY,1782288000001,0.00166306,220.25000000
SAMSUNGUSDT,KR_EQUITY,1782316800001,-0.00027332,217.39000000
SAMSUNGUSDT,KR_EQUITY,1782345600002,0.00453477,234.38000000
SAMSUNGUSDT,KR_EQUITY,1782374400001,0.00024914,232.32653054
SAMSUNGUSDT,KR_EQUITY,1782403200001,-0.00162690,226.35301042
SAMSUNGUSDT,KR_EQUITY,1782432000001,0.00112089,229.76000000
SAMSUNGUSDT,KR_EQUITY,1782460800002,0.00268391,221.29987107
SAMSUNGUSDT,KR_EQUITY,1782489600001,0.00071005,222.80000000
SAMSUNGUSDT,KR_EQUITY,1782518400001,0.00000000,226.57000000
SAMSUNGUSDT,KR_EQUITY,1782547200001,0.00000000,225.67000000
SAMSUNGUSDT,KR_EQUITY,1782576000001,0.00000000,226.78206839
SAMSUNGUSDT,KR_EQUITY,1782604800002,-0.00004311,223.30000000
SAMSUNGUSDT,KR_EQUITY,1782633600002,0.00000000,224.60301863
SAMSUNGUSDT,KR_EQUITY,1782662400001,0.00017491,227.23981989
SAMSUNGUSDT,KR_EQUITY,1782673200002,0.00000000,226.71000000
SAMSUNGUSDT,KR_EQUITY,1782676800001,-0.00000692,225.86064244
SAMSUNGUSDT,KR_EQUITY,1782680400002,0.00006438,227.12000000
SAMSUNGUSDT,KR_EQUITY,1782684000002,-0.00003285,225.44000000
SAMSUNGUSDT,KR_EQUITY,1782687600002,-0.00105110,227.45001644
SAMSUNGUSDT,KR_EQUITY,1782687600003,0.00012848,227.45001644
SAMSUNGUSDT,KR_EQUITY,1782691200001,-0.00177056,220.01353353
SAMSUNGUSDT,KR_EQUITY,1782720000001,0.00242949,209.58370621
SAMSUNGUSDT,KR_EQUITY,1782748800001,-0.00082695,207.96000000
SAMSUNGUSDT,KR_EQUITY,1782777600000,0.00030116,212.32907969
SAMSUNGUSDT,KR_EQUITY,1782806400000,0.00000000,215.62000000
SAMSUNGUSDT,KR_EQUITY,1782835200001,0.00021686,216.78000000
SAMSUNGUSDT,KR_EQUITY,1782864000000,0.00000000,217.04603570
SAMSUNGUSDT,KR_EQUITY,1782892800001,0.00158344,203.10759634
SAMSUNGUSDT,KR_EQUITY,1782921600001,-0.00106825,199.32145970
SAMSUNGUSDT,KR_EQUITY,1782950400000,-0.00203866,190.41000000
SAMSUNGUSDT,KR_EQUITY,1782979200001,0.00324593,185.12000000
SAMSUNGUSDT,KR_EQUITY,1783008000001,-0.00090660,185.70700325
SAMSUNGUSDT,KR_EQUITY,1783036800001,0.00200003,188.08636038
SAMSUNGUSDT,KR_EQUITY,1783065600001,0.00066233,202.70000000
SAMSUNGUSDT,KR_EQUITY,1783094400001,0.00000000,203.95116568
SAMSUNGUSDT,KR_EQUITY,1783123200001,0.00000000,204.33134979
SAMSUNGUSDT,KR_EQUITY,1783152000001,0.00000000,205.28198714
SAMSUNGUSDT,KR_EQUITY,1783180800001,0.00000000,205.19000000
SAMSUNGUSDT,KR_EQUITY,1783209600002,0.00000000,206.60761394
SAMSUNGUSDT,KR_EQUITY,1783238400001,0.00022475,209.56000000
SAMSUNGUSDT,KR_EQUITY,1783267200001,0.00000000,210.77490277
SAMSUNGUSDT,KR_EQUITY,1783296000001,0.00000000,210.51000000
SAMSUNGUSDT,KR_EQUITY,1783324800001,0.00175662,207.71272783
SAMSUNGUSDT,KR_EQUITY,1783353600001,0.00000000,207.80000000
SAMSUNGUSDT,KR_EQUITY,1783382400001,-0.00318031,201.60301202
SAMSUNGUSDT,KR_EQUITY,1783411200001,0.00384144,192.83479517
SAMSUNGUSDT,KR_EQUITY,1783440000001,-0.00085650,191.71000000
SAMSUNGUSDT,KR_EQUITY,1783468800002,-0.00164598,189.62000000
SAMSUNGUSDT,KR_EQUITY,1783497600001,0.00240704,184.04904082
SAMSUNGUSDT,KR_EQUITY,1783526400001,0.00098903,183.82000000
SAMSUNGUSDT,KR_EQUITY,1783555200001,0.00000000,192.99000000
SAMSUNGUSDT,KR_EQUITY,1783584000001,0.00360528,187.58306306
SAMSUNGUSDT,KR_EQUITY,1783612800001,0.00207377,194.86750508
SAMSUNGUSDT,KR_EQUITY,1783641600001,0.00000000,194.68000000
SAMSUNGUSDT,KR_EQUITY,1783670400001,0.00000000,188.84000000
SAMSUNGUSDT,KR_EQUITY,1783699200001,0.00000000,188.46000000
SAMSUNGUSDT,KR_EQUITY,1783728000001,0.00000000,191.42000000
SAMSUNGUSDT,KR_EQUITY,1783756800001,0.00000000,191.60000000
SAMSUNGUSDT,KR_EQUITY,1783785600001,0.00000000,191.42432974
SAMSUNGUSDT,KR_EQUITY,1783814400001,-0.00013620,190.91696012
SAMSUNGUSDT,KR_EQUITY,1783843200001,0.00000000,190.61000000
SAMSUNGUSDT,KR_EQUITY,1783872000001,0.00000000,191.52739130
SAMSUNGUSDT,KR_EQUITY,1783900800001,-0.00066395,189.10000000
SAMSUNGUSDT,KR_EQUITY,1783929600001,0.00635516,171.59691407
SAMSUNGUSDT,KR_EQUITY,1783958400001,0.00075790,175.92000000
SAMSUNGUSDT,KR_EQUITY,1783987200002,-0.00196759,170.50526765
SAMSUNGUSDT,KR_EQUITY,1784016000001,0.00241165,178.03000000
SAMSUNGUSDT,KR_EQUITY,1784044800001,0.00250369,186.23584098
SAMSUNGUSDT,KR_EQUITY,1784059200001,-0.00013087,186.31991377
SAMSUNGUSDT,KR_EQUITY,1784073600001,0.00035383,190.16000000
SAMSUNGUSDT,KR_EQUITY,1784088000001,0.00028232,190.30000000
SAMSUNGUSDT,KR_EQUITY,1784102400001,-0.00051914,185.81141580
SAMSUNGUSDT,KR_EQUITY,1784116800002,-0.00015761,183.53962798
SAMSUNGUSDT,KR_EQUITY,1784131200001,-0.00348468,173.91123426
SAMSUNGUSDT,KR_EQUITY,1784145600001,0.00117910,176.38671516
SAMSUNGUSDT,KR_EQUITY,1784160000001,0.00000000,176.34158148
SAMSUNGUSDT,KR_EQUITY,1784174400001,0.00047475,174.33000000
SAMSUNGUSDT,KR_EQUITY,1784188800002,0.00000000,170.50608660
SAMSUNGUSDT,KR_EQUITY,1784203200001,-0.00050208,169.90409450
SAMSUNGUSDT,KR_EQUITY,1784217600001,-0.00014094,168.52000000
SAMSUNGUSDT,KR_EQUITY,1784232000001,-0.00043109,164.96000000
SAMSUNGUSDT,KR_EQUITY,1784246400001,-0.00034259,164.11000000
SAMSUNGUSDT,KR_EQUITY,1784260800001,-0.00138165,159.59000000
SAMSUNGUSDT,KR_EQUITY,1784275200001,0.00000000,156.48000000
SAMSUNGUSDT,KR_EQUITY,1784289600001,0.00063884,160.79619988
SAMSUNGUSDT,KR_EQUITY,1784304000001,0.00289337,174.14000000
SAMSUNGUSDT,KR_EQUITY,1784318400001,-0.00048083,170.08000000
SAMSUNGUSDT,KR_EQUITY,1784332800001,0.00000000,168.77000000
SAMSUNGUSDT,KR_EQUITY,1784347200002,0.00000000,170.14625080
SAMSUNGUSDT,KR_EQUITY,1784361600001,0.00000000,169.22000000
SAMSUNGUSDT,KR_EQUITY,1784376000001,0.00000000,167.53198489
SAMSUNGUSDT,KR_EQUITY,1784390400001,0.00000000,166.22000000
SAMSUNGUSDT,KR_EQUITY,1784404800001,0.00000000,165.44858804
SAMSUNGUSDT,KR_EQUITY,1784419200001,0.00000000,165.58000000
SAMSUNGUSDT,KR_EQUITY,1784433600001,0.00000000,167.07749811
SAMSUNGUSDT,KR_EQUITY,1784448000001,0.00000000,168.89961164
SAMSUNGUSDT,KR_EQUITY,1784462400001,-0.00003292,167.99835705
SAMSUNGUSDT,KR_EQUITY,1784476800001,0.00000000,167.62129129
SAMSUNGUSDT,KR_EQUITY,1784491200001,0.00000000,168.01155609
SAMSUNGUSDT,KR_EQUITY,1784505600002,-0.00118156,163.36976025
SAMSUNGUSDT,KR_EQUITY,1784520000001,0.00135516,165.08104075
SAMSUNGUSDT,KR_EQUITY,1784534400001,0.00015686,165.88000000
SAMSUNGUSDT,KR_EQUITY,1784548800001,0.00090079,171.31000000
SAMSUNGUSDT,KR_EQUITY,1784563200001,0.00000000,171.06000000
SAMSUNGUSDT,KR_EQUITY,1784577600001,-0.00016793,168.82253408
SAMSUNGUSDT,KR_EQUITY,1784592000001,-0.00008988,168.01000000
SAMSUNGUSDT,KR_EQUITY,1784606400002,0.00083118,177.84000000
SAMSUNGUSDT,KR_EQUITY,1784620800001,0.00011019,176.63000000
SAMSUNGUSDT,KR_EQUITY,1784635200001,0.00009030,179.34000000
SAMSUNGUSDT,KR_EQUITY,1784649600000,0.00071518,183.00000000
SAMSUNGUSDT,KR_EQUITY,1784664000001,0.00000000,183.65570360
SAMSUNGUSDT,KR_EQUITY,1784678400000,0.00000000,185.20689700
SAMSUNGUSDT,KR_EQUITY,1784692800000,0.00023541,183.48000000
SAMSUNGUSDT,KR_EQUITY,1784707200001,0.00021086,176.74595404
HYUNDAIUSDT,KR_EQUITY,1780387200001,-0.00062125,477.30747934
HYUNDAIUSDT,KR_EQUITY,1780416000001,0.00000000,477.94000000
HYUNDAIUSDT,KR_EQUITY,1780444800001,0.00148461,486.38000000
HYUNDAIUSDT,KR_EQUITY,1780473600001,0.00000000,488.50000000
HYUNDAIUSDT,KR_EQUITY,1780502400001,0.00217593,513.56719146
HYUNDAIUSDT,KR_EQUITY,1780531200001,-0.00362158,478.65375127
HYUNDAIUSDT,KR_EQUITY,1780560000001,0.00200466,456.55000000
HYUNDAIUSDT,KR_EQUITY,1780588800001,0.00000000,446.77000000
HYUNDAIUSDT,KR_EQUITY,1780617600001,0.00000000,447.05000000
HYUNDAIUSDT,KR_EQUITY,1780646400001,-0.00071095,442.51000000
HYUNDAIUSDT,KR_EQUITY,1780675200001,-0.00125756,432.44694151
HYUNDAIUSDT,KR_EQUITY,1780704000001,-0.00071790,419.45000000
HYUNDAIUSDT,KR_EQUITY,1780732800001,-0.00072634,415.31943631
HYUNDAIUSDT,KR_EQUITY,1780761600001,-0.00036427,413.43758065
HYUNDAIUSDT,KR_EQUITY,1780790400002,0.00000000,418.32346999
HYUNDAIUSDT,KR_EQUITY,1780819200001,0.00000000,417.81000000
HYUNDAIUSDT,KR_EQUITY,1780848000001,0.00000000,419.45973581
HYUNDAIUSDT,KR_EQUITY,1780876800001,-0.00124877,414.04000000
HYUNDAIUSDT,KR_EQUITY,1780905600001,0.00031224,416.90091801
HYUNDAIUSDT,KR_EQUITY,1780934400001,0.00064873,429.24000000
HYUNDAIUSDT,KR_EQUITY,1780963200001,0.00000000,433.72871116
HYUNDAIUSDT,KR_EQUITY,1780992000001,0.00000000,423.21032559
HYUNDAIUSDT,KR_EQUITY,1781020800001,-0.00092124,410.30000000
HYUNDAIUSDT,KR_EQUITY,1781049600001,0.00057380,417.10838732
HYUNDAIUSDT,KR_EQUITY,1781078400001,0.00032546,392.66000000
HYUNDAIUSDT,KR_EQUITY,1781107200001,0.00023537,394.15061634
HYUNDAIUSDT,KR_EQUITY,1781136000001,-0.00073875,375.21822294
HYUNDAIUSDT,KR_EQUITY,1781164800001,0.00039845,395.30000000
HYUNDAIUSDT,KR_EQUITY,1781193600001,0.00000000,402.54000000
HYUNDAIUSDT,KR_EQUITY,1781222400001,0.00266328,417.37398432
HYUNDAIUSDT,KR_EQUITY,1781251200001,0.00093338,401.70904991
HYUNDAIUSDT,KR_EQUITY,1781280000001,0.00028562,410.13844358
HYUNDAIUSDT,KR_EQUITY,1781308800001,0.00000000,403.74000000
HYUNDAIUSDT,KR_EQUITY,1781337600001,0.00000000,407.90018968
HYUNDAIUSDT,KR_EQUITY,1781366400001,0.00000000,408.65764255
HYUNDAIUSDT,KR_EQUITY,1781395200001,0.00000000,409.60000000
HYUNDAIUSDT,KR_EQUITY,1781424000001,0.00000000,409.61000000
HYUNDAIUSDT,KR_EQUITY,1781452800001,0.00000000,412.04759208
HYUNDAIUSDT,KR_EQUITY,1781481600001,0.00018635,423.16377741
HYUNDAIUSDT,KR_EQUITY,1781510400002,0.00106400,428.98935940
HYUNDAIUSDT,KR_EQUITY,1781539200001,0.00000000,426.93433016
HYUNDAIUSDT,KR_EQUITY,1781568000001,0.00000000,433.13000000
HYUNDAIUSDT,KR_EQUITY,1781596800001,0.00065483,423.89817451
HYUNDAIUSDT,KR_EQUITY,1781625600001,-0.00027496,414.82049433
HYUNDAIUSDT,KR_EQUITY,1781654400001,0.00000000,419.20673020
HYUNDAIUSDT,KR_EQUITY,1781683200001,0.00055536,409.42182511
HYUNDAIUSDT,KR_EQUITY,1781712000001,0.00000000,407.97048165
HYUNDAIUSDT,KR_EQUITY,1781740800001,0.00000000,406.22000000
HYUNDAIUSDT,KR_EQUITY,1781769600001,0.00036624,396.24800150
HYUNDAIUSDT,KR_EQUITY,1781798400001,0.00000000,396.01000000
HYUNDAIUSDT,KR_EQUITY,1781827200001,0.00000000,397.63328268
HYUNDAIUSDT,KR_EQUITY,1781856000001,0.00105883,396.76752640
HYUNDAIUSDT,KR_EQUITY,1781884800001,0.00000000,401.72865392
HYUNDAIUSDT,KR_EQUITY,1781913600001,0.00000000,404.03000000
HYUNDAIUSDT,KR_EQUITY,1781942400001,0.00000000,405.89475113
HYUNDAIUSDT,KR_EQUITY,1781971200001,0.00000000,405.77701425
HYUNDAIUSDT,KR_EQUITY,1782000000001,0.00000000,404.85127268
HYUNDAIUSDT,KR_EQUITY,1782028800001,0.00000000,403.04061150
HYUNDAIUSDT,KR_EQUITY,1782057600001,0.00000000,401.34364128
HYUNDAIUSDT,KR_EQUITY,1782086400001,-0.00071752,391.54000000
HYUNDAIUSDT,KR_EQUITY,1782115200001,0.00040667,378.53000000
HYUNDAIUSDT,KR_EQUITY,1782144000001,0.00000000,383.73214338
HYUNDAIUSDT,KR_EQUITY,1782172800001,0.00000000,380.69000000
HYUNDAIUSDT,KR_EQUITY,1782201600002,0.00163114,332.73015685
HYUNDAIUSDT,KR_EQUITY,1782230400001,0.00001390,337.99270105
HYUNDAIUSDT,KR_EQUITY,1782259200001,0.00000000,337.85000000
HYUNDAIUSDT,KR_EQUITY,1782288000001,0.00242613,330.39217443
HYUNDAIUSDT,KR_EQUITY,1782316800001,0.00000000,327.14000000
HYUNDAIUSDT,KR_EQUITY,1782345600002,0.00180422,341.11876154
HYUNDAIUSDT,KR_EQUITY,1782374400001,0.00130411,326.49451420
HYUNDAIUSDT,KR_EQUITY,1782403200001,-0.00078718,320.12000000
HYUNDAIUSDT,KR_EQUITY,1782432000001,0.00001508,323.51816307
HYUNDAIUSDT,KR_EQUITY,1782460800002,0.00217518,315.58086064
HYUNDAIUSDT,KR_EQUITY,1782489600001,0.00029073,317.43000000
HYUNDAIUSDT,KR_EQUITY,1782518400001,0.00000000,313.87772259
HYUNDAIUSDT,KR_EQUITY,1782547200001,0.00000000,315.22248111
HYUNDAIUSDT,KR_EQUITY,1782576000001,0.00000000,315.16000000
HYUNDAIUSDT,KR_EQUITY,1782604800002,0.00000000,312.36200182
HYUNDAIUSDT,KR_EQUITY,1782633600002,0.00000000,312.38000000
HYUNDAIUSDT,KR_EQUITY,1782662400001,0.00000000,315.31592992
HYUNDAIUSDT,KR_EQUITY,1782691200001,-0.00063273,314.41451772
HYUNDAIUSDT,KR_EQUITY,1782720000001,0.00194383,321.50518699
HYUNDAIUSDT,KR_EQUITY,1782748800001,0.00000000,327.26637160
HYUNDAIUSDT,KR_EQUITY,1782777600000,0.00000000,328.92936234
HYUNDAIUSDT,KR_EQUITY,1782806400000,0.00091120,320.63776129
HYUNDAIUSDT,KR_EQUITY,1782835200001,0.00000000,318.73000000
HYUNDAIUSDT,KR_EQUITY,1782864000000,0.00000000,325.05000000
HYUNDAIUSDT,KR_EQUITY,1782892800001,0.00063085,313.58234020
HYUNDAIUSDT,KR_EQUITY,1782921600001,0.00000000,314.85065682
HYUNDAIUSDT,KR_EQUITY,1782950400000,-0.00149188,308.22262863
HYUNDAIUSDT,KR_EQUITY,1782979200001,0.00205937,310.40852855
HYUNDAIUSDT,KR_EQUITY,1783008000001,0.00000000,309.63814710
HYUNDAIUSDT,KR_EQUITY,1783036800001,0.00000000,310.06497213
HYUNDAIUSDT,KR_EQUITY,1783065600001,0.00041125,322.04057336
HYUNDAIUSDT,KR_EQUITY,1783094400001,0.00000000,319.10478249
HYUNDAIUSDT,KR_EQUITY,1783123200001,0.00000000,319.24558274
HYUNDAIUSDT,KR_EQUITY,1783152000001,0.00000000,318.48554186
HYUNDAIUSDT,KR_EQUITY,1783180800001,0.00000000,318.72365829
HYUNDAIUSDT,KR_EQUITY,1783209600002,0.00000000,319.90073889
HYUNDAIUSDT,KR_EQUITY,1783238400001,0.00000000,320.40585487
HYUNDAIUSDT,KR_EQUITY,1783267200001,0.00000000,318.24000000
HYUNDAIUSDT,KR_EQUITY,1783296000001,0.00000000,324.30178619
HYUNDAIUSDT,KR_EQUITY,1783324800001,0.00019570,326.02756267
HYUNDAIUSDT,KR_EQUITY,1783353600001,0.00000000,331.32354077
HYUNDAIUSDT,KR_EQUITY,1783382400001,-0.00027264,323.86000000
HYUNDAIUSDT,KR_EQUITY,1783411200001,0.00316409,312.28625890
HYUNDAIUSDT,KR_EQUITY,1783440000001,0.00000000,311.13000000
HYUNDAIUSDT,KR_EQUITY,1783468800002,-0.00076179,308.11535439
HYUNDAIUSDT,KR_EQUITY,1783497600001,0.00265619,304.11926698
HYUNDAIUSDT,KR_EQUITY,1783526400001,0.00000000,296.26000000
HYUNDAIUSDT,KR_EQUITY,1783555200001,0.00000000,308.92303441
HYUNDAIUSDT,KR_EQUITY,1783584000001,0.00205599,295.58169662
HYUNDAIUSDT,KR_EQUITY,1783612800001,0.00025615,300.79199589
HYUNDAIUSDT,KR_EQUITY,1783641600001,0.00000000,300.56672653
HYUNDAIUSDT,KR_EQUITY,1783670400001,0.00096412,305.23000000
HYUNDAIUSDT,KR_EQUITY,1783699200001,0.00000000,307.82041447
HYUNDAIUSDT,KR_EQUITY,1783728000001,0.00000000,307.20309278
HYUNDAIUSDT,KR_EQUITY,1783756800001,0.00000000,304.66010455
HYUNDAIUSDT,KR_EQUITY,1783785600001,0.00000000,304.57000000
HYUNDAIUSDT,KR_EQUITY,1783814400001,0.00000000,304.81286283
HYUNDAIUSDT,KR_EQUITY,1783843200001,0.00000000,303.56839172
HYUNDAIUSDT,KR_EQUITY,1783872000001,0.00000000,303.73736286
HYUNDAIUSDT,KR_EQUITY,1783900800001,0.00000000,308.30465383
HYUNDAIUSDT,KR_EQUITY,1783929600001,0.00337161,297.00876693
HYUNDAIUSDT,KR_EQUITY,1783958400001,0.00000000,301.64000000
HYUNDAIUSDT,KR_EQUITY,1783987200002,-0.00242161,292.25672083
HYUNDAIUSDT,KR_EQUITY,1784016000001,0.00167897,285.24268914
HYUNDAIUSDT,KR_EQUITY,1784044800001,0.00067082,291.79000000
HYUNDAIUSDT,KR_EQUITY,1784059200001,0.00000000,292.59161285
HYUNDAIUSDT,KR_EQUITY,1784073600001,0.00000000,294.80163595
HYUNDAIUSDT,KR_EQUITY,1784088000001,0.00104174,294.52000000
HYUNDAIUSDT,KR_EQUITY,1784102400001,0.00000000,290.75533161
HYUNDAIUSDT,KR_EQUITY,1784116800002,0.00000000,289.49000000
HYUNDAIUSDT,KR_EQUITY,1784131200001,-0.00064363,282.48000000
HYUNDAIUSDT,KR_EQUITY,1784145600001,0.00056415,288.08303767
HYUNDAIUSDT,KR_EQUITY,1784160000001,0.00000000,285.70000000
HYUNDAIUSDT,KR_EQUITY,1784174400001,0.00135841,284.19939937
HYUNDAIUSDT,KR_EQUITY,1784188800002,0.00026783,285.35000000
HYUNDAIUSDT,KR_EQUITY,1784203200001,0.00000000,284.42322829
HYUNDAIUSDT,KR_EQUITY,1784217600001,0.00000000,282.09000000
HYUNDAIUSDT,KR_EQUITY,1784232000001,0.00000000,279.83416508
HYUNDAIUSDT,KR_EQUITY,1784246400001,0.00000000,278.06873240
HYUNDAIUSDT,KR_EQUITY,1784260800001,-0.00030776,271.03000000
HYUNDAIUSDT,KR_EQUITY,1784275200001,-0.00036785,264.22154757
HYUNDAIUSDT,KR_EQUITY,1784289600001,0.00010666,270.46280522
HYUNDAIUSDT,KR_EQUITY,1784304000001,0.00013215,277.93104445
HYUNDAIUSDT,KR_EQUITY,1784318400001,0.00000000,272.76000000
HYUNDAIUSDT,KR_EQUITY,1784332800001,0.00000000,272.48884926
HYUNDAIUSDT,KR_EQUITY,1784347200002,0.00000000,271.18862232
HYUNDAIUSDT,KR_EQUITY,1784361600001,0.00000000,271.08000000
HYUNDAIUSDT,KR_EQUITY,1784376000001,0.00000000,271.45506660
HYUNDAIUSDT,KR_EQUITY,1784390400001,0.00000000,271.12772329
HYUNDAIUSDT,KR_EQUITY,1784404800001,0.00000000,271.38000000
HYUNDAIUSDT,KR_EQUITY,1784419200001,0.00000000,271.95386211
HYUNDAIUSDT,KR_EQUITY,1784433600001,0.00000000,272.21465566
HYUNDAIUSDT,KR_EQUITY,1784448000001,0.00000000,273.96258329
HYUNDAIUSDT,KR_EQUITY,1784462400001,0.00000000,276.38000000
HYUNDAIUSDT,KR_EQUITY,1784476800001,0.00000000,281.97300001
HYUNDAIUSDT,KR_EQUITY,1784491200001,0.00000000,279.52831493
HYUNDAIUSDT,KR_EQUITY,1784505600002,-0.00042549,274.04568617
HYUNDAIUSDT,KR_EQUITY,1784520000001,0.00098758,268.85000000
HYUNDAIUSDT,KR_EQUITY,1784534400001,0.00000000,268.84989038
HYUNDAIUSDT,KR_EQUITY,1784548800001,0.00000000,274.37000000
HYUNDAIUSDT,KR_EQUITY,1784563200001,0.00000000,271.68474832
HYUNDAIUSDT,KR_EQUITY,1784577600001,0.00000000,271.95415861
HYUNDAIUSDT,KR_EQUITY,1784592000001,0.00000000,269.19399478
HYUNDAIUSDT,KR_EQUITY,1784606400002,0.00022766,272.14475754
HYUNDAIUSDT,KR_EQUITY,1784620800001,0.00000000,271.69578257
HYUNDAIUSDT,KR_EQUITY,1784635200001,0.00000000,273.18552580
HYUNDAIUSDT,KR_EQUITY,1784649600000,0.00000000,273.60266407
HYUNDAIUSDT,KR_EQUITY,1784664000001,0.00000000,275.13000000
HYUNDAIUSDT,KR_EQUITY,1784678400000,0.00021055,279.28000000
HYUNDAIUSDT,KR_EQUITY,1784692800000,0.00000000,289.32797160
HYUNDAIUSDT,KR_EQUITY,1784707200001,0.00000000,281.68763293
DELLUSDT,EQUITY,1780502400001,0.00106316,415.59048850
DELLUSDT,EQUITY,1780531200001,0.00000000,406.73133298
DELLUSDT,EQUITY,1780560000001,0.00037641,414.20240152
DELLUSDT,EQUITY,1780588800001,0.00000000,414.72337914
DELLUSDT,EQUITY,1780617600001,0.00016764,415.68918251
DELLUSDT,EQUITY,1780646400001,0.00061545,407.60751516
DELLUSDT,EQUITY,1780675200001,0.00000000,404.40000000
DELLUSDT,EQUITY,1780704000001,0.00000000,387.26000000
DELLUSDT,EQUITY,1780732800001,0.00000000,386.67000000
DELLUSDT,EQUITY,1780761600001,0.00000000,386.18000000
DELLUSDT,EQUITY,1780790400002,0.00000839,390.10459218
DELLUSDT,EQUITY,1780819200001,0.00128625,401.11000000
DELLUSDT,EQUITY,1780848000001,0.00000000,399.73143239
DELLUSDT,EQUITY,1780876800001,0.00000000,396.35836781
DELLUSDT,EQUITY,1780905600001,0.00000000,392.61476821
DELLUSDT,EQUITY,1780934400001,0.00000000,404.28000000
DELLUSDT,EQUITY,1780963200001,0.00031536,397.40000000
DELLUSDT,EQUITY,1780992000001,0.00000510,402.32000000
DELLUSDT,EQUITY,1781020800001,0.00000000,372.17131525
DELLUSDT,EQUITY,1781049600001,0.00000000,377.80475061
DELLUSDT,EQUITY,1781078400001,0.00000000,374.35812068
DELLUSDT,EQUITY,1781107200001,0.00000000,387.82216507
DELLUSDT,EQUITY,1781136000001,0.00000000,361.45000000
DELLUSDT,EQUITY,1781164800001,0.00000000,374.81000000
DELLUSDT,EQUITY,1781193600001,0.00000000,379.51721074
DELLUSDT,EQUITY,1781222400001,0.00062349,394.59000000
DELLUSDT,EQUITY,1781251200001,0.00000000,389.80245322
DELLUSDT,EQUITY,1781280000001,0.00000000,397.15659884
DELLUSDT,EQUITY,1781308800001,0.00000000,398.71000000
DELLUSDT,EQUITY,1781337600001,0.00000000,397.90000000
DELLUSDT,EQUITY,1781366400001,0.00000000,395.40661004
DELLUSDT,EQUITY,1781395200001,0.00000000,391.03113986
DELLUSDT,EQUITY,1781424000001,0.00000000,391.49475780
DELLUSDT,EQUITY,1781452800001,0.00000000,393.77498398
DELLUSDT,EQUITY,1781481600001,0.00092177,403.10000000
DELLUSDT,EQUITY,1781510400002,0.00000000,412.73307093
DELLUSDT,EQUITY,1781539200001,0.00000000,410.00000000
DELLUSDT,EQUITY,1781568000001,0.00000000,409.45009122
DELLUSDT,EQUITY,1781596800001,0.00000000,408.57991542
DELLUSDT,EQUITY,1781625600001,0.00000000,407.42831754
DELLUSDT,EQUITY,1781654400001,0.00000000,405.43000000
DELLUSDT,EQUITY,1781683200001,0.00000000,407.71932432
DELLUSDT,EQUITY,1781712000001,0.00000000,418.78909259
DELLUSDT,EQUITY,1781740800001,0.00000000,429.31315042
DELLUSDT,EQUITY,1781769600001,0.00000000,429.17607794
DELLUSDT,EQUITY,1781798400001,0.00000000,423.02000000
DELLUSDT,EQUITY,1781827200001,0.00000000,411.88000000
DELLUSDT,EQUITY,1781856000001,0.00000000,411.30912098
DELLUSDT,EQUITY,1781884800001,0.00000000,409.91000000
DELLUSDT,EQUITY,1781913600001,0.00000000,410.53000000
DELLUSDT,EQUITY,1781942400001,0.00000000,411.97603746
DELLUSDT,EQUITY,1781971200001,0.00000000,409.45523334
DELLUSDT,EQUITY,1782000000001,0.00000000,408.03000000
DELLUSDT,EQUITY,1782028800001,0.00000000,408.79000000
DELLUSDT,EQUITY,1782057600001,0.00000000,406.48881132
DELLUSDT,EQUITY,1782086400001,0.00000000,405.69000000
DELLUSDT,EQUITY,1782115200001,0.00000000,410.11782203
DELLUSDT,EQUITY,1782144000001,0.00000000,421.42000000
DELLUSDT,EQUITY,1782172800001,0.00000000,419.73000000
DELLUSDT,EQUITY,1782201600002,0.00000000,400.13355363
DELLUSDT,EQUITY,1782230400001,0.00000000,425.33937331
DELLUSDT,EQUITY,1782259200001,0.00000000,428.56590393
DELLUSDT,EQUITY,1782288000001,0.00000000,431.08000000
DELLUSDT,EQUITY,1782316800001,0.00000000,434.52000000
DELLUSDT,EQUITY,1782345600002,0.00036081,443.56000000
DELLUSDT,EQUITY,1782374400001,0.00000000,442.30794489
DELLUSDT,EQUITY,1782403200001,0.00000000,406.92725196
DELLUSDT,EQUITY,1782432000001,0.00002916,406.37893939
DELLUSDT,EQUITY,1782460800002,0.00000000,397.53328923
DELLUSDT,EQUITY,1782489600001,0.00000000,386.92517724
DELLUSDT,EQUITY,1782518400001,0.00020404,395.50977467
DELLUSDT,EQUITY,1782547200001,0.00000000,393.84070179
DELLUSDT,EQUITY,1782576000001,0.00000000,396.06851098
DELLUSDT,EQUITY,1782604800002,0.00000000,394.16988452
DELLUSDT,EQUITY,1782633600002,0.00000000,393.10000000
DELLUSDT,EQUITY,1782662400001,0.00000000,392.18567185
DELLUSDT,EQUITY,1782691200001,0.00000000,394.13000000
DELLUSDT,EQUITY,1782720000001,0.00000000,402.07000000
DELLUSDT,EQUITY,1782748800001,0.00000000,395.43523603
DELLUSDT,EQUITY,1782777600000,0.00000000,414.21636189
DELLUSDT,EQUITY,1782806400000,0.00000000,417.60769741
DELLUSDT,EQUITY,1782835200001,0.00000000,421.93677696
DELLUSDT,EQUITY,1782864000000,0.00000000,430.89829037
DELLUSDT,EQUITY,1782892800001,0.00000000,428.68450181
DELLUSDT,EQUITY,1782921600001,0.00000000,431.90000000
DELLUSDT,EQUITY,1782950400000,0.00000000,421.48977708
DELLUSDT,EQUITY,1782979200001,0.00000000,412.30000000
DELLUSDT,EQUITY,1783008000001,0.00000000,396.49480135
DELLUSDT,EQUITY,1783036800001,0.00000000,394.86000000
DELLUSDT,EQUITY,1783065600001,0.00000000,396.22873482
DELLUSDT,EQUITY,1783094400001,0.00000000,396.00853815
DELLUSDT,EQUITY,1783123200001,0.00000000,396.33351378
DELLUSDT,EQUITY,1783152000001,0.00000000,396.02000000
DELLUSDT,EQUITY,1783180800001,0.00000000,395.77356149
DELLUSDT,EQUITY,1783209600002,0.00000000,396.02145490
DELLUSDT,EQUITY,1783238400001,0.00000000,397.57405268
DELLUSDT,EQUITY,1783267200001,0.00000000,399.05000000
DELLUSDT,EQUITY,1783296000001,0.00000000,401.10109459
DELLUSDT,EQUITY,1783324800001,0.00000000,399.52486156
DELLUSDT,EQUITY,1783353600001,0.00000000,415.68069853
DELLUSDT,EQUITY,1783382400001,0.00000000,409.80324088
DELLUSDT,EQUITY,1783411200001,0.00000000,407.89212085
DELLUSDT,EQUITY,1783440000001,0.00000000,413.61891709
DELLUSDT,EQUITY,1783468800002,0.00000000,415.46780833
DELLUSDT,EQUITY,1783497600001,0.00000000,421.61433168
DELLUSDT,EQUITY,1783526400001,0.00000000,422.96319853
DELLUSDT,EQUITY,1783555200001,0.00000000,432.14000000
DELLUSDT,EQUITY,1783584000001,0.00000000,440.40380998
DELLUSDT,EQUITY,1783612800001,0.00000000,450.75188230
DELLUSDT,EQUITY,1783641600001,0.00000000,450.23000000
DELLUSDT,EQUITY,1783670400001,0.00000000,448.51386415
DELLUSDT,EQUITY,1783699200001,0.00000000,444.56216109
DELLUSDT,EQUITY,1783728000001,0.00009760,436.05000000
DELLUSDT,EQUITY,1783756800001,0.00000000,433.82000000
DELLUSDT,EQUITY,1783785600001,0.00000000,435.67000000
DELLUSDT,EQUITY,1783814400001,0.00000000,433.42000000
DELLUSDT,EQUITY,1783843200001,0.00000000,432.24994780
DELLUSDT,EQUITY,1783872000001,0.00000000,432.51844277
DELLUSDT,EQUITY,1783900800001,0.00000000,432.57243397
DELLUSDT,EQUITY,1783929600001,0.00000000,425.42000000
DELLUSDT,EQUITY,1783958400001,0.00000000,430.47152036
DELLUSDT,EQUITY,1783987200002,0.00000000,423.98932690
DELLUSDT,EQUITY,1784016000001,0.00000000,429.33903584
DELLUSDT,EQUITY,1784044800001,0.00000000,459.12468235
DELLUSDT,EQUITY,1784073600001,0.00021844,458.74000000
DELLUSDT,EQUITY,1784102400001,0.00000000,464.31043405
DELLUSDT,EQUITY,1784131200001,0.00000000,404.08000000
DELLUSDT,EQUITY,1784160000001,0.00000000,408.09000000
DELLUSDT,EQUITY,1784188800002,0.00000000,403.94000000
DELLUSDT,EQUITY,1784217600001,0.00000000,400.66000000
DELLUSDT,EQUITY,1784246400001,0.00000000,384.76000000
DELLUSDT,EQUITY,1784275200001,0.00000000,373.74889250
DELLUSDT,EQUITY,1784304000001,0.00000000,396.64968005
DELLUSDT,EQUITY,1784332800001,0.00000000,396.25000000
DELLUSDT,EQUITY,1784361600001,0.00000000,394.53000000
DELLUSDT,EQUITY,1784390400001,0.00000000,393.02000000
DELLUSDT,EQUITY,1784419200001,0.00000000,393.61354833
DELLUSDT,EQUITY,1784448000001,0.00000000,394.49292454
DELLUSDT,EQUITY,1784476800001,0.00000000,392.27000000
DELLUSDT,EQUITY,1784505600002,0.00000000,393.19444685
DELLUSDT,EQUITY,1784534400001,-0.00028165,397.61498326
DELLUSDT,EQUITY,1784563200001,0.00000000,388.02514368
DELLUSDT,EQUITY,1784577600001,0.00000000,381.85000000
DELLUSDT,EQUITY,1784581200002,0.00000000,382.98000000
DELLUSDT,EQUITY,1784584800001,0.00000000,383.67139321
DELLUSDT,EQUITY,1784588400001,0.00000000,383.04000000
DELLUSDT,EQUITY,1784592000001,0.00000000,383.48000000
DELLUSDT,EQUITY,1784592001002,-0.00164354,383.32000000
DELLUSDT,EQUITY,1784620800001,0.00000000,391.25515281
DELLUSDT,EQUITY,1784649600000,0.00000000,403.50178037
DELLUSDT,EQUITY,1784678400000,0.00000000,428.31493975
DELLUSDT,EQUITY,1784707200001,-0.00014027,418.74000000
IBMUSDT,EQUITY,1780502400001,0.00028622,304.28000000
IBMUSDT,EQUITY,1780531200001,0.00000000,294.00000000
IBMUSDT,EQUITY,1780560000001,0.00003403,300.77000000
IBMUSDT,EQUITY,1780588800001,0.00000000,305.34555889
IBMUSDT,EQUITY,1780617600001,0.00000000,299.94000000
IBMUSDT,EQUITY,1780646400001,0.00000000,296.77153934
IBMUSDT,EQUITY,1780675200001,0.00000000,285.33949010
IBMUSDT,EQUITY,1780704000001,-0.00013322,280.82000000
IBMUSDT,EQUITY,1780732800001,0.00000000,276.09474900
IBMUSDT,EQUITY,1780761600001,0.00000000,277.92239140
IBMUSDT,EQUITY,1780790400002,0.00000000,279.03071048
IBMUSDT,EQUITY,1780819200001,0.00000000,281.43031910
IBMUSDT,EQUITY,1780848000001,0.00000000,280.94845840
IBMUSDT,EQUITY,1780876800001,0.00000000,279.31097900
IBMUSDT,EQUITY,1780905600001,0.00000000,281.70000000
IBMUSDT,EQUITY,1780934400001,0.00017818,281.92000000
IBMUSDT,EQUITY,1780963200001,0.00000000,281.02096641
IBMUSDT,EQUITY,1780992000001,0.00059796,280.50500000
IBMUSDT,EQUITY,1781020800001,0.00001871,274.71242345
IBMUSDT,EQUITY,1781049600001,0.00000000,276.05448746
IBMUSDT,EQUITY,1781078400001,0.00000000,275.18000000
IBMUSDT,EQUITY,1781107200001,0.00000000,276.56496808
IBMUSDT,EQUITY,1781136000001,0.00000000,268.56180867
IBMUSDT,EQUITY,1781164800001,0.00000000,272.48240141
IBMUSDT,EQUITY,1781193600001,0.00000000,273.00000000
IBMUSDT,EQUITY,1781222400001,0.00000000,277.57524770
IBMUSDT,EQUITY,1781251200001,0.00000000,275.80163134
IBMUSDT,EQUITY,1781280000001,0.00015902,271.82314152
IBMUSDT,EQUITY,1781308800001,0.00000000,272.90500000
IBMUSDT,EQUITY,1781337600001,0.00000000,272.83536606
IBMUSDT,EQUITY,1781366400001,0.00000000,273.25000000
IBMUSDT,EQUITY,1781395200001,0.00000000,274.36062142
IBMUSDT,EQUITY,1781424000001,0.00000000,275.60289993
IBMUSDT,EQUITY,1781452800001,0.00000000,274.92492994
IBMUSDT,EQUITY,1781481600001,0.00000000,276.67000000
IBMUSDT,EQUITY,1781510400002,0.00008794,277.65000000
IBMUSDT,EQUITY,1781539200001,0.00026207,268.70938971
IBMUSDT,EQUITY,1781568000001,0.00038066,268.09000000
IBMUSDT,EQUITY,1781596800001,0.00015100,270.16000000
IBMUSDT,EQUITY,1781625600001,0.00003973,270.20000000
IBMUSDT,EQUITY,1781654400001,0.00000000,271.04000000
IBMUSDT,EQUITY,1781683200001,0.00000000,271.54940089
IBMUSDT,EQUITY,1781712000001,0.00000000,267.21000000
IBMUSDT,EQUITY,1781740800001,0.00245915,264.36774194
IBMUSDT,EQUITY,1781769600001,0.00187288,265.45000000
IBMUSDT,EQUITY,1781798400001,0.00004418,247.49000000
IBMUSDT,EQUITY,1781827200001,0.00000000,250.00149799
IBMUSDT,EQUITY,1781856000001,-0.00064004,242.36000000
IBMUSDT,EQUITY,1781884800001,0.00024222,245.23000000
IBMUSDT,EQUITY,1781913600001,0.00000000,245.58682954
IBMUSDT,EQUITY,1781942400001,0.00000000,247.05000000
IBMUSDT,EQUITY,1781971200001,0.00000000,246.33631298
IBMUSDT,EQUITY,1782000000001,0.00000000,246.25081583
IBMUSDT,EQUITY,1782028800001,0.00000000,246.56000000
IBMUSDT,EQUITY,1782057600001,0.00000000,246.50000000
IBMUSDT,EQUITY,1782086400001,0.00000000,245.08000000
IBMUSDT,EQUITY,1782115200001,0.00000000,248.82625959
IBMUSDT,EQUITY,1782144000001,0.00000000,245.12000000
IBMUSDT,EQUITY,1782172800001,0.00090791,263.72000000
IBMUSDT,EQUITY,1782201600002,0.00000000,259.91016935
IBMUSDT,EQUITY,1782230400001,0.00014257,264.94000000
IBMUSDT,EQUITY,1782259200001,0.00048379,264.43000000
IBMUSDT,EQUITY,1782288000001,0.00000000,264.42000000
IBMUSDT,EQUITY,1782316800001,0.00000000,262.03755434
IBMUSDT,EQUITY,1782345600002,0.00016106,261.73000000
IBMUSDT,EQUITY,1782374400001,0.00000000,261.02000000
IBMUSDT,EQUITY,1782403200001,0.00000000,260.42000000
IBMUSDT,EQUITY,1782432000001,0.00000000,258.74942411
IBMUSDT,EQUITY,1782460800002,0.00000000,258.78334123
IBMUSDT,EQUITY,1782489600001,0.00000000,271.78339806
IBMUSDT,EQUITY,1782518400001,0.00000368,271.63718300
IBMUSDT,EQUITY,1782547200001,0.00019053,275.58682724
IBMUSDT,EQUITY,1782576000001,0.00000000,273.77980584
IBMUSDT,EQUITY,1782604800002,0.00000000,274.23783142
IBMUSDT,EQUITY,1782633600002,0.00000000,273.93513865
IBMUSDT,EQUITY,1782662400001,0.00000000,273.47000000
IBMUSDT,EQUITY,1782691200001,0.00000000,273.55107879
IBMUSDT,EQUITY,1782720000001,0.00000000,273.91000000
IBMUSDT,EQUITY,1782748800001,0.00000000,274.07000000
IBMUSDT,EQUITY,1782777600000,0.00114229,278.46000000
IBMUSDT,EQUITY,1782806400000,0.00029242,278.46101753
IBMUSDT,EQUITY,1782835200001,0.00039843,279.09955349
IBMUSDT,EQUITY,1782864000000,0.00090734,281.40000000
IBMUSDT,EQUITY,1782892800001,0.00000000,281.20904689
IBMUSDT,EQUITY,1782921600001,0.00032693,293.56459560
IBMUSDT,EQUITY,1782950400000,0.00000000,285.79464374
IBMUSDT,EQUITY,1782979200001,0.00000000,282.80000000
IBMUSDT,EQUITY,1783008000001,0.00000000,286.57000000
IBMUSDT,EQUITY,1783036800001,0.00006116,287.90000000
IBMUSDT,EQUITY,1783065600001,0.00000000,288.60138849
IBMUSDT,EQUITY,1783094400001,0.00000000,290.14173519
IBMUSDT,EQUITY,1783123200001,0.00000000,292.08050954
IBMUSDT,EQUITY,1783152000001,0.00000000,293.60591680
IBMUSDT,EQUITY,1783180800001,0.00000000,292.97731202
IBMUSDT,EQUITY,1783209600002,0.00000000,293.25025402
IBMUSDT,EQUITY,1783238400001,0.00000000,294.45050875
IBMUSDT,EQUITY,1783267200001,0.00000000,293.53462870
IBMUSDT,EQUITY,1783296000001,0.00000000,294.95240399
IBMUSDT,EQUITY,1783324800001,0.00000000,288.11098584
IBMUSDT,EQUITY,1783353600001,0.00000000,299.90064155
IBMUSDT,EQUITY,1783382400001,0.00000000,299.11492553
IBMUSDT,EQUITY,1783411200001,0.00000000,301.79036586
IBMUSDT,EQUITY,1783440000001,0.00032550,310.63599915
IBMUSDT,EQUITY,1783468800002,0.00000000,303.88000000
IBMUSDT,EQUITY,1783497600001,0.00000000,302.88708608
IBMUSDT,EQUITY,1783526400001,0.00000000,300.97000000
IBMUSDT,EQUITY,1783555200001,0.00000000,301.98000000
IBMUSDT,EQUITY,1783584000001,0.00000000,300.78647572
IBMUSDT,EQUITY,1783612800001,0.00000000,296.18000000
IBMUSDT,EQUITY,1783641600001,0.00000000,294.23000000
IBMUSDT,EQUITY,1783670400001,0.00000000,295.07461327
IBMUSDT,EQUITY,1783699200001,0.00000000,290.90241324
IBMUSDT,EQUITY,1783728000001,0.00000000,287.85612810
IBMUSDT,EQUITY,1783756800001,0.00000000,286.83258825
IBMUSDT,EQUITY,1783785600001,0.00000000,286.12195177
IBMUSDT,EQUITY,1783814400001,0.00000000,287.88640093
IBMUSDT,EQUITY,1783843200001,0.00000000,287.13371907
IBMUSDT,EQUITY,1783872000001,0.00000000,287.54038377
IBMUSDT,EQUITY,1783900800001,0.00000000,286.18000000
IBMUSDT,EQUITY,1783929600001,0.00000000,288.65020010
IBMUSDT,EQUITY,1783958400001,0.00000000,293.03000000
IBMUSDT,EQUITY,1783987200002,0.00000000,288.43847599
IBMUSDT,EQUITY,1784016000001,0.00000000,288.46103933
IBMUSDT,EQUITY,1784044800001,0.00043327,216.12928834
IBMUSDT,EQUITY,1784073600001,0.00000000,219.75000000
IBMUSDT,EQUITY,1784102400001,0.00034048,217.22752893
IBMUSDT,EQUITY,1784131200001,0.00028760,215.06000000
IBMUSDT,EQUITY,1784160000001,0.00026045,211.86000000
IBMUSDT,EQUITY,1784188800002,0.00018093,212.12000000
IBMUSDT,EQUITY,1784217600001,0.00000000,213.27000000
IBMUSDT,EQUITY,1784246400001,-0.00042874,216.43094243
IBMUSDT,EQUITY,1784275200001,0.00000000,214.06000000
IBMUSDT,EQUITY,1784304000001,0.00000000,211.77321835
IBMUSDT,EQUITY,1784332800001,0.00000000,212.46000000
IBMUSDT,EQUITY,1784361600001,0.00000000,211.99000000
IBMUSDT,EQUITY,1784390400001,0.00000000,210.55000000
IBMUSDT,EQUITY,1784419200001,0.00000000,210.72101508
IBMUSDT,EQUITY,1784448000001,0.00000000,210.39388712
IBMUSDT,EQUITY,1784476800001,0.00033596,214.60000000
IBMUSDT,EQUITY,1784505600002,0.00000000,215.15000000
IBMUSDT,EQUITY,1784534400001,0.00019719,212.93573268
IBMUSDT,EQUITY,1784563200001,0.00000000,211.60000000
IBMUSDT,EQUITY,1784592000001,0.00000000,213.70000000
IBMUSDT,EQUITY,1784620800001,0.00023548,212.27802195
IBMUSDT,EQUITY,1784649600000,0.00000000,210.85000000
IBMUSDT,EQUITY,1784678400000,0.00007883,211.26540987
IBMUSDT,EQUITY,1784707200001,0.00000000,211.36703747
NOWUSDT,EQUITY,1780502400001,0.00000000,120.48991150
NOWUSDT,EQUITY,1780531200001,0.00000000,114.10000000
NOWUSDT,EQUITY,1780560000001,-0.00089349,117.90841782
NOWUSDT,EQUITY,1780588800001,0.00000000,121.35703357
NOWUSDT,EQUITY,1780617600001,0.00000000,119.37834938
NOWUSDT,EQUITY,1780646400001,0.00023283,119.82942950
NOWUSDT,EQUITY,1780675200001,0.00000000,114.27589532
NOWUSDT,EQUITY,1780704000001,0.00000000,111.07167150
NOWUSDT,EQUITY,1780732800001,-0.00154199,107.87509171
NOWUSDT,EQUITY,1780761600001,0.00031186,109.98000000
NOWUSDT,EQUITY,1780790400002,0.00000000,109.63000000
NOWUSDT,EQUITY,1780819200001,0.00019528,113.38822737
NOWUSDT,EQUITY,1780848000001,0.00000000,111.90000000
NOWUSDT,EQUITY,1780876800001,0.00000000,112.14564040
NOWUSDT,EQUITY,1780905600001,0.00000000,112.32000000
NOWUSDT,EQUITY,1780934400001,0.00000000,114.14962746
NOWUSDT,EQUITY,1780963200001,-0.00001021,113.61820024
NOWUSDT,EQUITY,1780992000001,0.00000000,113.84000000
NOWUSDT,EQUITY,1781020800001,0.00000000,105.25000000
NOWUSDT,EQUITY,1781049600001,0.00000000,106.33772011
NOWUSDT,EQUITY,1781078400001,0.00000000,105.03000000
NOWUSDT,EQUITY,1781107200001,0.00000000,108.92704181
NOWUSDT,EQUITY,1781136000001,0.00000000,103.48000000
NOWUSDT,EQUITY,1781164800001,0.00000000,104.86846455
NOWUSDT,EQUITY,1781193600001,0.00000000,103.37548313
NOWUSDT,EQUITY,1781222400001,0.00000000,103.98061348
NOWUSDT,EQUITY,1781251200001,0.00000000,103.43969900
NOWUSDT,EQUITY,1781280000001,0.00000000,100.49000000
NOWUSDT,EQUITY,1781308800001,0.00000000,102.82986042
NOWUSDT,EQUITY,1781337600001,0.00000000,102.09944433
NOWUSDT,EQUITY,1781366400001,0.00000000,102.14000000
NOWUSDT,EQUITY,1781395200001,0.00007109,103.75445182
NOWUSDT,EQUITY,1781424000001,0.00000000,104.22497892
NOWUSDT,EQUITY,1781452800001,0.00000000,104.49283718
NOWUSDT,EQUITY,1781481600001,0.00000612,105.24049352
NOWUSDT,EQUITY,1781510400002,0.00000000,106.12000000
NOWUSDT,EQUITY,1781539200001,0.00000000,107.12098649
NOWUSDT,EQUITY,1781568000001,0.00000000,104.24920012
NOWUSDT,EQUITY,1781596800001,0.00000000,104.73000000
NOWUSDT,EQUITY,1781625600001,0.00000000,102.02553376
NOWUSDT,EQUITY,1781654400001,0.00000000,101.93709153
NOWUSDT,EQUITY,1781683200001,0.00000000,101.36000000
NOWUSDT,EQUITY,1781712000001,0.00000000,100.66000000
NOWUSDT,EQUITY,1781740800001,0.00000000,97.37000000
NOWUSDT,EQUITY,1781769600001,0.00000000,96.67053762
NOWUSDT,EQUITY,1781798400001,0.00000000,95.15000000
NOWUSDT,EQUITY,1781827200001,0.00000000,95.25762280
NOWUSDT,EQUITY,1781856000001,0.00000000,94.70471085
NOWUSDT,EQUITY,1781884800001,-0.00001550,95.51040249
NOWUSDT,EQUITY,1781913600001,0.00000000,96.24000000
NOWUSDT,EQUITY,1781942400001,0.00000000,96.83995118
NOWUSDT,EQUITY,1781971200001,0.00000000,96.39532492
NOWUSDT,EQUITY,1782000000001,0.00000000,96.24490266
NOWUSDT,EQUITY,1782028800001,0.00000000,96.36175014
NOWUSDT,EQUITY,1782057600001,0.00000000,96.23381477
NOWUSDT,EQUITY,1782086400001,0.00000000,95.76000000
NOWUSDT,EQUITY,1782115200001,0.00000000,94.75000000
NOWUSDT,EQUITY,1782144000001,0.00000000,92.77660482
NOWUSDT,EQUITY,1782172800001,0.00005900,93.28580630
NOWUSDT,EQUITY,1782201600002,0.00000000,92.91584872
NOWUSDT,EQUITY,1782230400001,0.00000000,96.71012485
NOWUSDT,EQUITY,1782259200001,0.00000000,96.70733960
NOWUSDT,EQUITY,1782288000001,0.00000000,96.07741799
NOWUSDT,EQUITY,1782316800001,0.00000000,94.98962239
NOWUSDT,EQUITY,1782345600002,0.00000000,93.50653829
NOWUSDT,EQUITY,1782374400001,0.00000000,92.79529465
NOWUSDT,EQUITY,1782403200001,0.00000000,90.78357435
NOWUSDT,EQUITY,1782432000001,0.00000000,90.04781528
NOWUSDT,EQUITY,1782460800002,0.00000000,90.75047266
NOWUSDT,EQUITY,1782489600001,0.00000000,97.12000000
NOWUSDT,EQUITY,1782518400001,0.00000000,98.72000000
NOWUSDT,EQUITY,1782547200001,0.00000000,99.17596567
NOWUSDT,EQUITY,1782576000001,0.00000000,99.72280283
NOWUSDT,EQUITY,1782604800002,0.00000000,100.39000000
NOWUSDT,EQUITY,1782633600002,0.00000000,100.47298846
NOWUSDT,EQUITY,1782662400001,0.00000000,99.88877654
NOWUSDT,EQUITY,1782691200001,0.00000000,101.11000000
NOWUSDT,EQUITY,1782720000001,0.00000000,99.55462059
NOWUSDT,EQUITY,1782748800001,0.00000000,100.86256693
NOWUSDT,EQUITY,1782777600000,0.00000000,100.47000000
NOWUSDT,EQUITY,1782806400000,0.00000000,100.27000000
NOWUSDT,EQUITY,1782835200001,0.00000000,97.60567402
NOWUSDT,EQUITY,1782864000000,0.00038190,99.54000000
NOWUSDT,EQUITY,1782892800001,0.00000000,100.15000000
NOWUSDT,EQUITY,1782921600001,0.00000000,106.22000000
NOWUSDT,EQUITY,1782950400000,0.00000000,104.75198529
NOWUSDT,EQUITY,1782979200001,0.00000000,106.23582408
NOWUSDT,EQUITY,1783008000001,0.00000000,105.22646816
NOWUSDT,EQUITY,1783036800001,0.00000000,105.84945289
NOWUSDT,EQUITY,1783065600001,0.00000000,104.36994763
NOWUSDT,EQUITY,1783094400001,0.00000000,104.45978126
NOWUSDT,EQUITY,1783123200001,0.00000000,104.65421375
NOWUSDT,EQUITY,1783152000001,0.00000000,104.30000000
NOWUSDT,EQUITY,1783180800001,0.00000000,104.85269910
NOWUSDT,EQUITY,1783209600002,0.00000000,105.03724385
NOWUSDT,EQUITY,1783238400001,0.00000000,105.36842075
NOWUSDT,EQUITY,1783267200001,0.00000000,105.91602947
NOWUSDT,EQUITY,1783296000001,0.00000000,105.83000000
NOWUSDT,EQUITY,1783324800001,0.00000000,106.14588961
NOWUSDT,EQUITY,1783353600001,0.00000000,108.32195485
NOWUSDT,EQUITY,1783382400001,0.00000000,108.31211786
NOWUSDT,EQUITY,1783411200001,0.00000000,108.50287087
NOWUSDT,EQUITY,1783440000001,0.00000000,112.66708528
NOWUSDT,EQUITY,1783468800002,0.00000000,109.36000000
NOWUSDT,EQUITY,1783497600001,0.00000000,109.53000000
NOWUSDT,EQUITY,1783526400001,0.00000000,106.42684322
NOWUSDT,EQUITY,1783555200001,0.00010498,107.71000000
NOWUSDT,EQUITY,1783584000001,0.00000000,107.16591386
NOWUSDT,EQUITY,1783612800001,0.00000000,107.38000000
NOWUSDT,EQUITY,1783641600001,0.00033317,108.90495526
NOWUSDT,EQUITY,1783670400001,0.00000000,109.53000000
NOWUSDT,EQUITY,1783699200001,0.00000000,107.61902467
NOWUSDT,EQUITY,1783728000001,0.00000000,107.33000000
NOWUSDT,EQUITY,1783756800001,0.00000000,106.96474687
NOWUSDT,EQUITY,1783785600001,0.00000000,106.73381488
NOWUSDT,EQUITY,1783814400001,0.00000000,106.72511175
NOWUSDT,EQUITY,1783843200001,0.00000000,106.82000000
NOWUSDT,EQUITY,1783872000001,0.00000000,107.38653627
NOWUSDT,EQUITY,1783900800001,0.00000000,106.30491346
NOWUSDT,EQUITY,1783929600001,0.00000000,109.11436183
NOWUSDT,EQUITY,1783958400001,0.00000000,112.24000000
NOWUSDT,EQUITY,1783987200002,0.00000000,110.28644850
NOWUSDT,EQUITY,1784016000001,0.00000000,109.19432938
NOWUSDT,EQUITY,1784044800001,0.00000000,105.80236281
NOWUSDT,EQUITY,1784073600001,0.00000000,105.40000000
NOWUSDT,EQUITY,1784102400001,0.00000000,104.33974057
NOWUSDT,EQUITY,1784131200001,0.00000000,106.12695180
NOWUSDT,EQUITY,1784160000001,0.00000000,104.99000000
NOWUSDT,EQUITY,1784188800002,0.00000000,105.82201609
NOWUSDT,EQUITY,1784217600001,0.00000000,103.03899961
NOWUSDT,EQUITY,1784246400001,0.00000000,103.03000000
NOWUSDT,EQUITY,1784275200001,0.00000000,102.76000000
NOWUSDT,EQUITY,1784304000001,0.00000000,103.18035870
NOWUSDT,EQUITY,1784332800001,0.00000000,103.23000000
NOWUSDT,EQUITY,1784361600001,0.00000000,104.56000000
NOWUSDT,EQUITY,1784390400001,0.00000000,103.86000000
NOWUSDT,EQUITY,1784419200001,0.00000000,103.87000000
NOWUSDT,EQUITY,1784448000001,0.00000000,103.79536593
NOWUSDT,EQUITY,1784476800001,0.00000000,103.14000000
NOWUSDT,EQUITY,1784505600002,0.00000000,104.31091817
NOWUSDT,EQUITY,1784534400001,0.00000000,103.17487340
NOWUSDT,EQUITY,1784563200001,0.00000000,102.28274550
NOWUSDT,EQUITY,1784592000001,0.00010108,104.55000000
NOWUSDT,EQUITY,1784620800001,0.00000000,102.94829650
NOWUSDT,EQUITY,1784649600000,0.00000000,102.33786417
NOWUSDT,EQUITY,1784678400000,0.00000000,101.67026366
NOWUSDT,EQUITY,1784707200001,0.00000000,102.43796902
CRMUSDT,EQUITY,1780502400001,0.00000000,191.56000000
CRMUSDT,EQUITY,1780531200001,0.00000000,186.83000000
CRMUSDT,EQUITY,1780560000001,-0.00577074,193.54961288
CRMUSDT,EQUITY,1780588800001,0.00000000,189.56852711
CRMUSDT,EQUITY,1780617600001,0.00000000,188.81237273
CRMUSDT,EQUITY,1780646400001,0.00000000,188.78999873
CRMUSDT,EQUITY,1780675200001,0.00000000,185.53735948
CRMUSDT,EQUITY,1780704000001,0.00041095,184.61185694
CRMUSDT,EQUITY,1780732800001,-0.00011836,182.44350246
CRMUSDT,EQUITY,1780761600001,-0.00002304,181.60000000
CRMUSDT,EQUITY,1780790400002,0.00152490,191.67977325
CRMUSDT,EQUITY,1780819200001,0.00000000,192.89273122
CRMUSDT,EQUITY,1780848000001,0.00000000,193.24372709
CRMUSDT,EQUITY,1780876800001,-0.00073027,190.15333790
CRMUSDT,EQUITY,1780905600001,0.00000000,184.80792050
CRMUSDT,EQUITY,1780934400001,0.00000000,182.36133523
CRMUSDT,EQUITY,1780963200001,0.00000000,182.35640712
CRMUSDT,EQUITY,1780992000001,0.00000000,182.08798387
CRMUSDT,EQUITY,1781020800001,0.00000000,173.27958761
CRMUSDT,EQUITY,1781049600001,0.00000000,174.85743608
CRMUSDT,EQUITY,1781078400001,0.00000000,173.02189074
CRMUSDT,EQUITY,1781107200001,0.00000000,174.65000000
CRMUSDT,EQUITY,1781121600001,0.00000000,171.14218519
CRMUSDT,EQUITY,1781125200001,0.00000000,170.62760031
CRMUSDT,EQUITY,1781128800001,0.00000000,170.37703216
CRMUSDT,EQUITY,1781132400001,0.00000000,170.46703704
CRMUSDT,EQUITY,1781136000001,0.00000000,170.15416667
CRMUSDT,EQUITY,1781136000012,-0.00259259,170.15416667
CRMUSDT,EQUITY,1781139600001,0.00000000,170.60000000
CRMUSDT,EQUITY,1781143200001,-0.00020560,171.10000000
CRMUSDT,EQUITY,1781146800001,-0.00035200,170.76000000
CRMUSDT,EQUITY,1781150400001,-0.00011843,170.91000000
CRMUSDT,EQUITY,1781164800001,-0.00047975,169.68725903
CRMUSDT,EQUITY,1781193600001,0.00000000,164.72034223
CRMUSDT,EQUITY,1781222400001,0.00000000,167.20000000
CRMUSDT,EQUITY,1781251200001,0.00000000,166.70779856
CRMUSDT,EQUITY,1781280000001,0.00000000,164.32827560
CRMUSDT,EQUITY,1781308800001,0.00000000,166.08000169
CRMUSDT,EQUITY,1781337600001,0.00000000,166.89608870
CRMUSDT,EQUITY,1781366400001,0.00000000,168.49000000
CRMUSDT,EQUITY,1781395200001,0.00000000,172.43885959
CRMUSDT,EQUITY,1781424000001,0.00000000,170.35054280
CRMUSDT,EQUITY,1781452800001,0.00000000,170.07127077
CRMUSDT,EQUITY,1781481600001,0.00000000,170.90173599
CRMUSDT,EQUITY,1781510400002,0.00000000,169.35524361
CRMUSDT,EQUITY,1781539200001,0.00000000,168.53365210
CRMUSDT,EQUITY,1781568000001,0.00000000,164.99509355
CRMUSDT,EQUITY,1781596800001,0.00000000,165.57080605
CRMUSDT,EQUITY,1781625600001,0.00000000,161.95000000
CRMUSDT,EQUITY,1781654400001,0.00000000,161.83003496
CRMUSDT,EQUITY,1781683200001,0.00000000,162.23961111
CRMUSDT,EQUITY,1781712000001,0.00000000,158.30000000
CRMUSDT,EQUITY,1781740800001,0.00000000,156.51004594
CRMUSDT,EQUITY,1781769600001,0.00000000,156.40079595
CRMUSDT,EQUITY,1781798400001,0.00000000,152.33421765
CRMUSDT,EQUITY,1781827200001,0.00000000,152.30186688
CRMUSDT,EQUITY,1781856000001,0.00000000,151.84086386
CRMUSDT,EQUITY,1781884800001,0.00000000,152.41028950
CRMUSDT,EQUITY,1781913600001,0.00000000,153.29153118
CRMUSDT,EQUITY,1781942400001,0.00000000,154.35635770
CRMUSDT,EQUITY,1781971200001,0.00000000,154.39442269
CRMUSDT,EQUITY,1782000000001,0.00000000,153.63302246
CRMUSDT,EQUITY,1782028800001,0.00000000,154.40764530
CRMUSDT,EQUITY,1782057600001,0.00000000,154.38000000
CRMUSDT,EQUITY,1782086400001,0.00000000,154.07000000
CRMUSDT,EQUITY,1782115200001,0.00000000,152.11818914
CRMUSDT,EQUITY,1782144000001,0.00000000,148.52289206
CRMUSDT,EQUITY,1782172800001,0.00000000,150.43300000
CRMUSDT,EQUITY,1782201600002,0.00000000,150.04000000
CRMUSDT,EQUITY,1782230400001,0.00000000,153.23438363
CRMUSDT,EQUITY,1782259200001,0.00000000,153.66500482
CRMUSDT,EQUITY,1782288000001,0.00000000,153.18581677
CRMUSDT,EQUITY,1782316800001,0.00000000,154.83122736
CRMUSDT,EQUITY,1782345600002,0.00000000,152.31212931
CRMUSDT,EQUITY,1782374400001,0.00000000,151.45021987
CRMUSDT,EQUITY,1782403200001,0.00000000,151.40069971
CRMUSDT,EQUITY,1782432000001,0.00000000,151.01001250
CRMUSDT,EQUITY,1782460800002,0.00000000,151.55000000
CRMUSDT,EQUITY,1782489600001,0.00000000,157.34012875
CRMUSDT,EQUITY,1782518400001,0.00010987,158.34000000
CRMUSDT,EQUITY,1782547200001,0.00000000,157.09061859
CRMUSDT,EQUITY,1782576000001,0.00000000,155.87596802
CRMUSDT,EQUITY,1782604800002,0.00000000,155.47469722
CRMUSDT,EQUITY,1782633600002,0.00000000,157.10000000
CRMUSDT,EQUITY,1782662400001,0.00000000,157.35000000
CRMUSDT,EQUITY,1782691200001,0.00000000,155.89556799
CRMUSDT,EQUITY,1782720000001,0.00000000,157.61349843
CRMUSDT,EQUITY,1782748800001,0.00000000,159.02032033
CRMUSDT,EQUITY,1782777600000,0.00000000,158.43239669
CRMUSDT,EQUITY,1782806400000,0.00000000,158.13260744
CRMUSDT,EQUITY,1782835200001,0.00000000,154.74000000
CRMUSDT,EQUITY,1782864000000,0.00000000,156.93000000
CRMUSDT,EQUITY,1782892800001,0.00000000,157.40025165
CRMUSDT,EQUITY,1782921600001,0.00000000,165.42096814
CRMUSDT,EQUITY,1782950400000,0.00000000,162.47834421
CRMUSDT,EQUITY,1782979200001,0.00000000,163.83321282
CRMUSDT,EQUITY,1783008000001,0.00000000,166.07000000
CRMUSDT,EQUITY,1783036800001,0.00014459,166.20000000
CRMUSDT,EQUITY,1783065600001,0.00000000,166.47928345
CRMUSDT,EQUITY,1783094400001,0.00000000,164.99470227
CRMUSDT,EQUITY,1783123200001,0.00000000,164.50376988
CRMUSDT,EQUITY,1783152000001,0.00000000,164.62168963
CRMUSDT,EQUITY,1783180800001,0.00000000,164.19009981
CRMUSDT,EQUITY,1783209600002,0.00000000,164.22527208
CRMUSDT,EQUITY,1783238400001,0.00000000,164.70000000
CRMUSDT,EQUITY,1783267200001,0.00000000,164.36658170
CRMUSDT,EQUITY,1783296000001,0.00000000,164.26754452
CRMUSDT,EQUITY,1783324800001,0.00000000,166.03445750
CRMUSDT,EQUITY,1783353600001,0.00000000,166.80783346
CRMUSDT,EQUITY,1783382400001,0.00000000,166.73750902
CRMUSDT,EQUITY,1783411200001,0.00000000,167.35023875
CRMUSDT,EQUITY,1783440000001,0.00000000,171.51368611
CRMUSDT,EQUITY,1783468800002,0.00000000,169.56479215
CRMUSDT,EQUITY,1783497600001,0.00000000,169.28360331
CRMUSDT,EQUITY,1783526400001,0.00000000,166.28642371
CRMUSDT,EQUITY,1783555200001,0.00000000,165.73000000
CRMUSDT,EQUITY,1783584000001,0.00000000,164.70250453
CRMUSDT,EQUITY,1783612800001,0.00000000,163.05010595
CRMUSDT,EQUITY,1783641600001,0.00000000,162.07521063
CRMUSDT,EQUITY,1783670400001,0.00000000,163.39666910
CRMUSDT,EQUITY,1783699200001,0.00000000,163.43601323
CRMUSDT,EQUITY,1783728000001,0.00000000,162.88000000
CRMUSDT,EQUITY,1783756800001,0.00000000,162.13262850
CRMUSDT,EQUITY,1783785600001,0.00000000,161.66393043
CRMUSDT,EQUITY,1783814400001,0.00000000,161.70406064
CRMUSDT,EQUITY,1783843200001,0.00000000,160.91011988
CRMUSDT,EQUITY,1783872000001,0.00000000,161.51655254
CRMUSDT,EQUITY,1783900800001,0.00000000,160.57017179
CRMUSDT,EQUITY,1783929600001,0.00000000,164.60128251
CRMUSDT,EQUITY,1783958400001,0.00000000,171.68947712
CRMUSDT,EQUITY,1783987200002,0.00000000,170.41000000
CRMUSDT,EQUITY,1784016000001,0.00000000,169.83498590
CRMUSDT,EQUITY,1784044800001,0.00000000,168.56191418
CRMUSDT,EQUITY,1784073600001,0.00000000,168.40000000
CRMUSDT,EQUITY,1784102400001,0.00000000,166.97326342
CRMUSDT,EQUITY,1784131200001,0.00000000,168.92971562
CRMUSDT,EQUITY,1784160000001,0.00000000,167.54597584
CRMUSDT,EQUITY,1784188800002,0.00000000,168.39383730
CRMUSDT,EQUITY,1784217600001,0.00000000,170.76000000
CRMUSDT,EQUITY,1784246400001,0.00000000,171.74465490
CRMUSDT,EQUITY,1784275200001,0.00000000,171.08000000
CRMUSDT,EQUITY,1784304000001,0.00000000,170.58830121
CRMUSDT,EQUITY,1784332800001,0.00000000,170.82741412
CRMUSDT,EQUITY,1784361600001,0.00000000,170.69000000
CRMUSDT,EQUITY,1784390400001,0.00000000,170.57662529
CRMUSDT,EQUITY,1784419200001,0.00000000,169.95999086
CRMUSDT,EQUITY,1784448000001,0.00000000,170.55053235
CRMUSDT,EQUITY,1784476800001,0.00000000,170.93013264
CRMUSDT,EQUITY,1784505600002,0.00000000,171.10531816
CRMUSDT,EQUITY,1784534400001,0.00000000,171.00053921
CRMUSDT,EQUITY,1784563200001,0.00000000,171.16844609
CRMUSDT,EQUITY,1784592000001,0.00012068,173.66000000
CRMUSDT,EQUITY,1784620800001,0.00000000,169.38420246
CRMUSDT,EQUITY,1784649600000,0.00000000,170.06000000
CRMUSDT,EQUITY,1784678400000,0.00000000,169.77968098
CRMUSDT,EQUITY,1784707200001,0.00000000,170.62650991
IRENUSDT,EQUITY,1780502400001,0.00204364,66.83000000
IRENUSDT,EQUITY,1780531200001,0.00013290,62.27834891
IRENUSDT,EQUITY,1780560000001,-0.00013913,63.40000000
IRENUSDT,EQUITY,1780588800001,0.00029685,61.34000000
IRENUSDT,EQUITY,1780617600001,0.00039381,61.05174860
IRENUSDT,EQUITY,1780646400001,0.00028103,60.38032220
IRENUSDT,EQUITY,1780675200001,0.00000000,54.29641270
IRENUSDT,EQUITY,1780704000001,0.00000000,53.27000000
IRENUSDT,EQUITY,1780732800001,0.00005369,52.62000000
IRENUSDT,EQUITY,1780761600001,0.00000000,52.36000000
IRENUSDT,EQUITY,1780790400002,0.00000000,53.24000000
IRENUSDT,EQUITY,1780819200001,0.00000000,54.34217993
IRENUSDT,EQUITY,1780848000001,-0.00003690,53.47540451
IRENUSDT,EQUITY,1780876800001,0.00031246,54.89000000
IRENUSDT,EQUITY,1780905600001,0.00000000,55.36898188
IRENUSDT,EQUITY,1780934400001,0.00000000,58.04000000
IRENUSDT,EQUITY,1780963200001,0.00000000,58.74575178
IRENUSDT,EQUITY,1780992000001,0.00000000,60.47382371
IRENUSDT,EQUITY,1781020800001,0.00000000,53.43560094
IRENUSDT,EQUITY,1781049600001,0.00000000,53.56000000
IRENUSDT,EQUITY,1781078400001,0.00000000,53.45492085
IRENUSDT,EQUITY,1781107200001,0.00000000,52.98647593
IRENUSDT,EQUITY,1781136000001,0.00000000,50.58364996
IRENUSDT,EQUITY,1781164800001,0.00000000,52.89860544
IRENUSDT,EQUITY,1781193600001,0.00000000,53.98443963
IRENUSDT,EQUITY,1781222400001,0.00008696,57.54255665
IRENUSDT,EQUITY,1781251200001,0.00000000,56.15587364
IRENUSDT,EQUITY,1781280000001,0.00000000,59.07000000
IRENUSDT,EQUITY,1781308800001,0.00000000,60.31000000
IRENUSDT,EQUITY,1781337600001,0.00000000,60.43403596
IRENUSDT,EQUITY,1781366400001,0.00000000,60.54988223
IRENUSDT,EQUITY,1781395200001,0.00000000,60.76866524
IRENUSDT,EQUITY,1781424000001,0.00000000,60.61398171
IRENUSDT,EQUITY,1781452800001,0.00000000,60.47000000
IRENUSDT,EQUITY,1781481600001,0.00082588,62.54619777
IRENUSDT,EQUITY,1781510400002,0.00000000,63.76251515
IRENUSDT,EQUITY,1781539200001,0.00000000,61.48748697
IRENUSDT,EQUITY,1781568000001,0.00000000,60.73267333
IRENUSDT,EQUITY,1781596800001,0.00000000,60.61256431
IRENUSDT,EQUITY,1781625600001,0.00000000,60.45000000
IRENUSDT,EQUITY,1781654400001,0.00000000,58.74004507
IRENUSDT,EQUITY,1781683200001,0.00000000,60.33419501
IRENUSDT,EQUITY,1781712000001,0.00000000,58.35836918
IRENUSDT,EQUITY,1781740800001,0.00000000,59.13048040
IRENUSDT,EQUITY,1781769600001,0.00000000,60.18118527
IRENUSDT,EQUITY,1781798400001,0.00000000,60.53000000
IRENUSDT,EQUITY,1781827200001,0.00000000,59.98057118
IRENUSDT,EQUITY,1781856000001,0.00000000,59.86525352
IRENUSDT,EQUITY,1781884800001,0.00000000,60.70852815
IRENUSDT,EQUITY,1781913600001,0.00000000,60.52207077
IRENUSDT,EQUITY,1781942400001,0.00000000,60.46000000
IRENUSDT,EQUITY,1781971200001,0.00000000,60.52027211
IRENUSDT,EQUITY,1782000000001,0.00000000,60.49000000
IRENUSDT,EQUITY,1782028800001,0.00000000,60.60471183
IRENUSDT,EQUITY,1782057600001,0.00000000,60.47497908
IRENUSDT,EQUITY,1782086400001,0.00000000,59.75311573
IRENUSDT,EQUITY,1782115200001,0.00000000,59.50725352
IRENUSDT,EQUITY,1782144000001,0.00000000,58.22418705
IRENUSDT,EQUITY,1782172800001,0.00000000,56.94936625
IRENUSDT,EQUITY,1782201600002,0.00000000,54.16061318
IRENUSDT,EQUITY,1782230400001,0.00000000,55.01180609
IRENUSDT,EQUITY,1782259200001,0.00000000,54.97499479
IRENUSDT,EQUITY,1782288000001,0.00000000,55.48000000
IRENUSDT,EQUITY,1782316800001,0.00000000,52.13268502
IRENUSDT,EQUITY,1782345600002,0.00000000,52.55956258
IRENUSDT,EQUITY,1782374400001,0.00000000,52.16059889
IRENUSDT,EQUITY,1782403200001,0.00000000,48.45533590
IRENUSDT,EQUITY,1782432000001,0.00000000,47.73888531
IRENUSDT,EQUITY,1782460800002,0.00000000,47.67811361
IRENUSDT,EQUITY,1782489600001,0.00000000,47.72262241
IRENUSDT,EQUITY,1782518400001,0.00000000,46.94855542
IRENUSDT,EQUITY,1782547200001,0.00000000,47.29000000
IRENUSDT,EQUITY,1782576000001,0.00000000,47.61000000
IRENUSDT,EQUITY,1782604800002,0.00000000,47.29723330
IRENUSDT,EQUITY,1782633600002,0.00000000,47.86000000
IRENUSDT,EQUITY,1782662400001,0.00000000,48.21344864
IRENUSDT,EQUITY,1782691200001,0.00000000,47.90472966
IRENUSDT,EQUITY,1782720000001,0.00000000,48.38864090
IRENUSDT,EQUITY,1782748800001,0.00000000,45.56324007
IRENUSDT,EQUITY,1782777600000,0.00000000,46.19694436
IRENUSDT,EQUITY,1782806400000,0.00000000,46.51031099
IRENUSDT,EQUITY,1782835200001,0.00000000,45.30000000
IRENUSDT,EQUITY,1782864000000,0.00000000,46.25885473
IRENUSDT,EQUITY,1782892800001,0.00000000,45.81000000
IRENUSDT,EQUITY,1782921600001,0.00000000,43.41000000
IRENUSDT,EQUITY,1782950400000,0.00000000,43.27190934
IRENUSDT,EQUITY,1782979200001,0.00000000,42.39727094
IRENUSDT,EQUITY,1783008000001,0.00000000,39.16978860
IRENUSDT,EQUITY,1783036800001,0.00000000,39.23000000
IRENUSDT,EQUITY,1783065600001,0.00079921,40.05424952
IRENUSDT,EQUITY,1783094400001,0.00000000,40.83481598
IRENUSDT,EQUITY,1783123200001,0.00000000,40.73544493
IRENUSDT,EQUITY,1783152000001,0.00000000,40.80425432
IRENUSDT,EQUITY,1783180800001,0.00000000,40.58970511
IRENUSDT,EQUITY,1783209600002,0.00000000,40.73585285
IRENUSDT,EQUITY,1783238400001,0.00000000,41.04750826
IRENUSDT,EQUITY,1783267200001,0.00000000,41.16000000
IRENUSDT,EQUITY,1783296000001,0.00000000,41.15000000
IRENUSDT,EQUITY,1783324800001,0.00000000,40.98000000
IRENUSDT,EQUITY,1783353600001,0.00000000,44.45000000
IRENUSDT,EQUITY,1783382400001,0.00000000,43.70608990
IRENUSDT,EQUITY,1783411200001,0.00000000,43.54636646
IRENUSDT,EQUITY,1783440000001,0.00000000,40.68619774
IRENUSDT,EQUITY,1783468800002,0.00000000,39.41000000
IRENUSDT,EQUITY,1783497600001,0.00000000,39.72000000
IRENUSDT,EQUITY,1783526400001,0.00000000,40.92072000
IRENUSDT,EQUITY,1783555200001,0.00000000,43.20213114
IRENUSDT,EQUITY,1783584000001,0.00000000,44.04793198
IRENUSDT,EQUITY,1783612800001,0.00000000,43.29309239
IRENUSDT,EQUITY,1783641600001,0.00000000,42.12679919
IRENUSDT,EQUITY,1783670400001,0.00000000,41.99204225
IRENUSDT,EQUITY,1783699200001,0.00000000,40.73053286
IRENUSDT,EQUITY,1783728000001,0.00000000,40.90201926
IRENUSDT,EQUITY,1783756800001,0.00000000,40.79000000
IRENUSDT,EQUITY,1783785600001,0.00000000,40.97491838
IRENUSDT,EQUITY,1783814400001,0.00000000,40.85000000
IRENUSDT,EQUITY,1783843200001,0.00000000,40.79485534
IRENUSDT,EQUITY,1783872000001,0.00000000,41.24991120
IRENUSDT,EQUITY,1783900800001,0.00000000,41.09000000
IRENUSDT,EQUITY,1783929600001,0.00000000,39.95157229
IRENUSDT,EQUITY,1783958400001,0.00000000,39.66000000
IRENUSDT,EQUITY,1783987200002,0.00000000,38.65000000
IRENUSDT,EQUITY,1784016000001,0.00000000,39.55000000
IRENUSDT,EQUITY,1784044800001,0.00000000,38.34804876
IRENUSDT,EQUITY,1784073600001,0.00012518,39.19839732
IRENUSDT,EQUITY,1784102400001,0.00000000,39.43690862
IRENUSDT,EQUITY,1784131200001,0.00000000,38.77905034
IRENUSDT,EQUITY,1784160000001,0.00000000,38.39000000
IRENUSDT,EQUITY,1784188800002,0.00000000,38.06000000
IRENUSDT,EQUITY,1784217600001,0.00000000,35.26041083
IRENUSDT,EQUITY,1784246400001,0.00000000,34.58000000
IRENUSDT,EQUITY,1784275200001,0.00000000,33.71360332
IRENUSDT,EQUITY,1784304000001,0.00000000,33.97843504
IRENUSDT,EQUITY,1784332800001,0.00000000,33.76718237
IRENUSDT,EQUITY,1784361600001,0.00000000,33.69298324
IRENUSDT,EQUITY,1784390400001,0.00000000,33.44989652
IRENUSDT,EQUITY,1784419200001,0.00000000,33.54000000
IRENUSDT,EQUITY,1784448000001,0.00000000,33.64076148
IRENUSDT,EQUITY,1784476800001,0.00000000,33.40000000
IRENUSDT,EQUITY,1784505600002,0.00000000,33.73000000
IRENUSDT,EQUITY,1784534400001,0.00000000,34.25874770
IRENUSDT,EQUITY,1784563200001,0.00000000,39.83000000
IRENUSDT,EQUITY,1784592000001,0.00000000,41.08000000
IRENUSDT,EQUITY,1784620800001,0.00000000,42.33000000
IRENUSDT,EQUITY,1784649600000,0.00000000,41.78000000
IRENUSDT,EQUITY,1784678400000,0.00024849,41.49933576
IRENUSDT,EQUITY,1784707200001,0.00000000,40.27231432
ONDSUSDT,EQUITY,1780502400001,0.00125748,11.90000000
ONDSUSDT,EQUITY,1780531200001,0.00096305,11.23999989
ONDSUSDT,EQUITY,1780560000001,0.00022691,11.62000000
ONDSUSDT,EQUITY,1780588800001,0.00000000,11.91000000
ONDSUSDT,EQUITY,1780617600001,0.00000000,11.86000000
ONDSUSDT,EQUITY,1780646400001,0.00000000,11.80000000
ONDSUSDT,EQUITY,1780675200001,0.00000000,10.84000000
ONDSUSDT,EQUITY,1780704000001,0.00000000,10.27000000
ONDSUSDT,EQUITY,1780732800001,-0.00010915,10.10012217
ONDSUSDT,EQUITY,1780761600001,0.00000000,10.17524057
ONDSUSDT,EQUITY,1780790400002,0.00006252,10.34000000
ONDSUSDT,EQUITY,1780819200001,0.00000000,10.35498103
ONDSUSDT,EQUITY,1780848000001,0.00000000,10.18997491
ONDSUSDT,EQUITY,1780876800001,0.00000000,10.21770824
ONDSUSDT,EQUITY,1780905600001,0.00000000,10.47882461
ONDSUSDT,EQUITY,1780934400001,0.00000000,10.56000000
ONDSUSDT,EQUITY,1780963200001,0.00000000,10.40000000
ONDSUSDT,EQUITY,1780992000001,0.00016253,10.48422306
ONDSUSDT,EQUITY,1781020800001,0.00000000,9.33324620
ONDSUSDT,EQUITY,1781049600001,0.00007446,9.66016202
ONDSUSDT,EQUITY,1781078400001,0.00067971,9.63412147
ONDSUSDT,EQUITY,1781107200001,0.00000000,9.59101503
ONDSUSDT,EQUITY,1781136000001,0.00000000,9.24000000
ONDSUSDT,EQUITY,1781164800001,0.00000000,9.59396078
ONDSUSDT,EQUITY,1781193600001,0.00000000,9.51095209
ONDSUSDT,EQUITY,1781222400001,0.00000000,10.12544767
ONDSUSDT,EQUITY,1781251200001,0.00047361,9.91841115
ONDSUSDT,EQUITY,1781280000001,0.00000000,9.20688835
ONDSUSDT,EQUITY,1781308800001,0.00000000,9.44068944
ONDSUSDT,EQUITY,1781337600001,0.00000000,9.42089927
ONDSUSDT,EQUITY,1781366400001,0.00000000,9.44496476
ONDSUSDT,EQUITY,1781395200001,0.00000000,9.48501573
ONDSUSDT,EQUITY,1781424000001,0.00000000,9.51000000
ONDSUSDT,EQUITY,1781452800001,0.00000000,9.55001125
ONDSUSDT,EQUITY,1781481600001,0.00000000,9.74502273
ONDSUSDT,EQUITY,1781510400002,0.00000000,9.68983881
ONDSUSDT,EQUITY,1781539200001,0.00000000,9.53641640
ONDSUSDT,EQUITY,1781568000001,0.00000000,9.53498880
ONDSUSDT,EQUITY,1781596800001,0.00000000,9.55690395
ONDSUSDT,EQUITY,1781625600001,0.00000000,9.24536827
ONDSUSDT,EQUITY,1781654400001,0.00000000,9.25862537
ONDSUSDT,EQUITY,1781683200001,0.00000000,9.32000000
ONDSUSDT,EQUITY,1781712000001,0.00000000,9.34332984
ONDSUSDT,EQUITY,1781740800001,0.00000000,9.28000000
ONDSUSDT,EQUITY,1781769600001,0.00000000,9.34000000
ONDSUSDT,EQUITY,1781798400001,0.00000000,9.12000000
ONDSUSDT,EQUITY,1781827200001,0.00000000,9.29902916
ONDSUSDT,EQUITY,1781856000001,0.00000000,9.29506519
ONDSUSDT,EQUITY,1781884800001,0.00053659,9.53569363
ONDSUSDT,EQUITY,1781913600001,-0.00009261,9.39995769
ONDSUSDT,EQUITY,1781942400001,0.00000000,9.48260111
ONDSUSDT,EQUITY,1781971200001,0.00000000,9.45413644
ONDSUSDT,EQUITY,1782000000001,0.00000000,9.40000000
ONDSUSDT,EQUITY,1782028800001,0.00000000,9.30000000
ONDSUSDT,EQUITY,1782057600001,0.00000000,9.32000000
ONDSUSDT,EQUITY,1782086400001,0.00000000,9.26639722
ONDSUSDT,EQUITY,1782115200001,0.00000000,9.26000000
ONDSUSDT,EQUITY,1782144000001,0.00000000,8.92896048
ONDSUSDT,EQUITY,1782172800001,0.00000000,8.95976529
ONDSUSDT,EQUITY,1782201600002,0.00000000,8.63205570
ONDSUSDT,EQUITY,1782230400001,0.00000000,8.78612061
ONDSUSDT,EQUITY,1782259200001,0.00000000,8.57181411
ONDSUSDT,EQUITY,1782288000001,0.00000000,8.61487414
ONDSUSDT,EQUITY,1782316800001,0.00000000,7.96701146
ONDSUSDT,EQUITY,1782345600002,0.00000000,8.05610676
ONDSUSDT,EQUITY,1782374400001,0.00000000,8.00797516
ONDSUSDT,EQUITY,1782403200001,0.00000000,7.61397909
ONDSUSDT,EQUITY,1782432000001,0.00000000,7.75504262
ONDSUSDT,EQUITY,1782460800002,0.00000000,7.66150956
ONDSUSDT,EQUITY,1782489600001,0.00000000,7.84000000
ONDSUSDT,EQUITY,1782518400001,0.00000000,7.84901727
ONDSUSDT,EQUITY,1782547200001,0.00000000,7.87501309
ONDSUSDT,EQUITY,1782576000001,0.00000000,7.85498201
ONDSUSDT,EQUITY,1782604800002,0.00000000,7.79211058
ONDSUSDT,EQUITY,1782633600002,0.00000000,7.80503155
ONDSUSDT,EQUITY,1782662400001,0.00000000,7.79496504
ONDSUSDT,EQUITY,1782691200001,0.00000000,7.83483402
ONDSUSDT,EQUITY,1782720000001,0.00000000,7.95299381
ONDSUSDT,EQUITY,1782748800001,0.00000000,7.86000000
ONDSUSDT,EQUITY,1782777600000,0.00000000,8.18319981
ONDSUSDT,EQUITY,1782806400000,0.00000000,8.19628230
ONDSUSDT,EQUITY,1782835200001,0.00000000,8.06447478
ONDSUSDT,EQUITY,1782864000000,0.00000000,8.28000000
ONDSUSDT,EQUITY,1782892800001,0.00000000,8.22391531
ONDSUSDT,EQUITY,1782921600001,0.00000000,8.28422950
ONDSUSDT,EQUITY,1782950400000,0.00000000,7.93000000
ONDSUSDT,EQUITY,1782979200001,0.00000000,7.89426246
ONDSUSDT,EQUITY,1783008000001,0.00000000,7.68830845
ONDSUSDT,EQUITY,1783036800001,0.00000000,7.48000000
ONDSUSDT,EQUITY,1783065600001,0.00000000,7.56499990
ONDSUSDT,EQUITY,1783094400001,0.00000000,7.67505639
ONDSUSDT,EQUITY,1783123200001,0.00000000,7.65272049
ONDSUSDT,EQUITY,1783152000001,0.00000000,7.66505501
ONDSUSDT,EQUITY,1783180800001,0.00000000,7.64488633
ONDSUSDT,EQUITY,1783209600002,0.00000000,7.65743088
ONDSUSDT,EQUITY,1783238400001,0.00000000,7.61548353
ONDSUSDT,EQUITY,1783267200001,0.00000000,7.68503500
ONDSUSDT,EQUITY,1783296000001,0.00000000,7.69499849
ONDSUSDT,EQUITY,1783324800001,0.00000000,7.56925145
ONDSUSDT,EQUITY,1783353600001,0.00000000,7.78161229
ONDSUSDT,EQUITY,1783382400001,0.00000000,7.90754691
ONDSUSDT,EQUITY,1783411200001,0.00000000,7.86278413
ONDSUSDT,EQUITY,1783440000001,0.00000000,7.43970787
ONDSUSDT,EQUITY,1783468800002,0.00000000,7.31189366
ONDSUSDT,EQUITY,1783497600001,0.00000000,7.33141994
ONDSUSDT,EQUITY,1783526400001,0.00000000,7.34218072
ONDSUSDT,EQUITY,1783555200001,0.00000000,7.55500154
ONDSUSDT,EQUITY,1783584000001,0.00010465,7.62919452
ONDSUSDT,EQUITY,1783612800001,0.00000000,7.77492358
ONDSUSDT,EQUITY,1783641600001,0.00000000,7.67000000
ONDSUSDT,EQUITY,1783670400001,0.00000000,7.67000000
ONDSUSDT,EQUITY,1783699200001,0.00000000,7.29771729
ONDSUSDT,EQUITY,1783728000001,0.00047467,7.28072842
ONDSUSDT,EQUITY,1783756800001,0.00000000,7.29000000
ONDSUSDT,EQUITY,1783785600001,0.00000000,7.30491339
ONDSUSDT,EQUITY,1783814400001,0.00000000,7.33000000
ONDSUSDT,EQUITY,1783843200001,0.00000000,7.37000000
ONDSUSDT,EQUITY,1783872000001,0.00000000,7.33517981
ONDSUSDT,EQUITY,1783900800001,-0.00025098,7.19863861
ONDSUSDT,EQUITY,1783929600001,0.00000000,7.18000000
ONDSUSDT,EQUITY,1783958400001,0.00000000,7.29917805
ONDSUSDT,EQUITY,1783987200002,0.00000000,6.92496613
ONDSUSDT,EQUITY,1784016000001,0.00000000,7.00567097
ONDSUSDT,EQUITY,1784044800001,0.00000000,7.18977063
ONDSUSDT,EQUITY,1784073600001,0.00024906,7.39000000
ONDSUSDT,EQUITY,1784102400001,0.00000000,7.39983461
ONDSUSDT,EQUITY,1784131200001,0.00000000,6.95958045
ONDSUSDT,EQUITY,1784160000001,0.00000000,7.07268238
ONDSUSDT,EQUITY,1784188800002,0.00001902,7.02730635
ONDSUSDT,EQUITY,1784217600001,0.00000000,6.61191825
ONDSUSDT,EQUITY,1784246400001,0.00000000,6.57447539
ONDSUSDT,EQUITY,1784275200001,0.00000000,6.45483645
ONDSUSDT,EQUITY,1784304000001,0.00000000,6.56000000
ONDSUSDT,EQUITY,1784332800001,0.00000000,6.47475925
ONDSUSDT,EQUITY,1784361600001,0.00000000,6.45495876
ONDSUSDT,EQUITY,1784390400001,0.00000000,6.43120637
ONDSUSDT,EQUITY,1784419200001,0.00000000,6.42124603
ONDSUSDT,EQUITY,1784448000001,0.00000000,6.46500470
ONDSUSDT,EQUITY,1784476800001,0.00000000,6.44508900
ONDSUSDT,EQUITY,1784505600002,0.00000000,6.47502404
ONDSUSDT,EQUITY,1784534400001,0.00000000,6.56000000
ONDSUSDT,EQUITY,1784563200001,0.00000000,6.84919608
ONDSUSDT,EQUITY,1784592000001,0.00000000,6.95000000
ONDSUSDT,EQUITY,1784620800001,0.00000000,7.05181130
ONDSUSDT,EQUITY,1784649600000,0.00000000,7.78242806
ONDSUSDT,EQUITY,1784678400000,0.00000000,7.83499484
ONDSUSDT,EQUITY,1784707200001,0.00000000,7.64000000
BXUSDT,EQUITY,1780934400001,0.00050899,115.34022583
BXUSDT,EQUITY,1780963200001,-0.00029217,114.12000000
BXUSDT,EQUITY,1780992000001,-0.00242137,115.33064516
BXUSDT,EQUITY,1781020800001,0.00000000,117.24639321
BXUSDT,EQUITY,1781049600001,0.00024905,119.80000000
BXUSDT,EQUITY,1781078400001,0.00000000,120.28751499
BXUSDT,EQUITY,1781107200001,0.00011757,119.40000000
BXUSDT,EQUITY,1781136000001,0.00000000,118.42499505
BXUSDT,EQUITY,1781164800001,-0.00024957,119.25849978
BXUSDT,EQUITY,1781193600001,0.00000000,116.92471163
BXUSDT,EQUITY,1781222400001,0.00074418,120.32000000
BXUSDT,EQUITY,1781251200001,0.00000000,119.40394275
BXUSDT,EQUITY,1781280000001,0.00000000,123.36000000
BXUSDT,EQUITY,1781308800001,0.00010087,123.12000000
BXUSDT,EQUITY,1781337600001,0.00000000,123.50000000
BXUSDT,EQUITY,1781366400001,0.00002582,125.61827925
BXUSDT,EQUITY,1781395200001,0.00000000,125.13000000
BXUSDT,EQUITY,1781424000001,0.00000000,122.93902732
BXUSDT,EQUITY,1781452800001,0.00000000,123.83070791
BXUSDT,EQUITY,1781481600001,0.00000000,124.48626454
BXUSDT,EQUITY,1781510400002,0.00000000,124.44042816
BXUSDT,EQUITY,1781539200001,0.00000000,127.69452189
BXUSDT,EQUITY,1781568000001,0.00000000,125.00083333
BXUSDT,EQUITY,1781596800001,0.00000000,126.04010273
BXUSDT,EQUITY,1781625600001,0.00000000,127.36342156
BXUSDT,EQUITY,1781654400001,0.00000000,127.82827576
BXUSDT,EQUITY,1781683200001,0.00000000,128.15211849
BXUSDT,EQUITY,1781712000001,0.00000000,129.04105185
BXUSDT,EQUITY,1781740800001,0.00000000,125.69000000
BXUSDT,EQUITY,1781769600001,0.00000000,125.60832631
BXUSDT,EQUITY,1781798400001,0.00000000,124.97375316
BXUSDT,EQUITY,1781827200001,0.00118570,123.97998774
BXUSDT,EQUITY,1781856000001,-0.00123255,119.81729558
BXUSDT,EQUITY,1781884800001,0.00000000,121.63642089
BXUSDT,EQUITY,1781913600001,0.00000000,122.09894220
BXUSDT,EQUITY,1781942400001,0.00000000,122.90000000
BXUSDT,EQUITY,1781971200001,0.00000000,121.42000000
BXUSDT,EQUITY,1782000000001,0.00000000,121.56951478
BXUSDT,EQUITY,1782028800001,0.00000000,122.56038157
BXUSDT,EQUITY,1782057600001,0.00000000,123.64070589
BXUSDT,EQUITY,1782086400001,0.00000000,123.25757167
BXUSDT,EQUITY,1782115200001,0.00000000,123.65003392
BXUSDT,EQUITY,1782144000001,0.00000000,124.41000000
BXUSDT,EQUITY,1782172800001,0.00158308,122.67999602
BXUSDT,EQUITY,1782201600002,0.00000000,122.02739342
BXUSDT,EQUITY,1782230400001,-0.00066718,120.79000000
BXUSDT,EQUITY,1782259200001,0.00000000,119.90499508
BXUSDT,EQUITY,1782288000001,0.00000000,120.10000000
BXUSDT,EQUITY,1782316800001,0.00000000,116.27000000
BXUSDT,EQUITY,1782345600002,0.00000000,113.45595713
BXUSDT,EQUITY,1782374400001,-0.00144983,111.13283443
BXUSDT,EQUITY,1782403200001,-0.00044788,115.50000000
BXUSDT,EQUITY,1782432000001,0.00000000,113.89508500
BXUSDT,EQUITY,1782460800002,-0.00112507,114.72131287
BXUSDT,EQUITY,1782489600001,-0.00051369,115.99604437
BXUSDT,EQUITY,1782518400001,-0.00020981,115.22000000
BXUSDT,EQUITY,1782547200001,0.00000000,113.86988099
BXUSDT,EQUITY,1782576000001,0.00000000,113.98729766
BXUSDT,EQUITY,1782604800002,0.00000000,113.51927816
BXUSDT,EQUITY,1782633600002,0.00000000,113.58028679
BXUSDT,EQUITY,1782662400001,0.00000000,113.25976022
BXUSDT,EQUITY,1782691200001,0.00000000,113.84000000
BXUSDT,EQUITY,1782720000001,-0.00052862,116.15391188
BXUSDT,EQUITY,1782748800001,0.00000000,113.63449468
BXUSDT,EQUITY,1782777600000,0.00000000,114.36128146
BXUSDT,EQUITY,1782806400000,0.00000000,114.76286765
BXUSDT,EQUITY,1782835200001,0.00000000,115.23000000
BXUSDT,EQUITY,1782864000000,-0.00154482,117.21000000
BXUSDT,EQUITY,1782892800001,0.00000000,118.50649332
BXUSDT,EQUITY,1782921600001,0.00000000,120.01000000
BXUSDT,EQUITY,1782950400000,-0.00082414,119.51000000
BXUSDT,EQUITY,1782979200001,0.00000000,119.62608676
BXUSDT,EQUITY,1783008000001,-0.00009981,121.53000000
BXUSDT,EQUITY,1783036800001,-0.00023477,122.29462222
BXUSDT,EQUITY,1783065600001,0.00000000,122.00790331
BXUSDT,EQUITY,1783094400001,0.00000000,120.88338736
BXUSDT,EQUITY,1783123200001,0.00000000,122.17254031
BXUSDT,EQUITY,1783152000001,0.00000000,122.28000000
BXUSDT,EQUITY,1783180800001,0.00000000,122.38007427
BXUSDT,EQUITY,1783209600002,0.00000000,122.60402743
BXUSDT,EQUITY,1783238400001,0.00000000,122.12000000
BXUSDT,EQUITY,1783267200001,0.00000000,122.31990296
BXUSDT,EQUITY,1783296000001,0.00000000,122.11077003
BXUSDT,EQUITY,1783324800001,0.00000000,123.15659630
BXUSDT,EQUITY,1783353600001,0.00000000,123.83000000
BXUSDT,EQUITY,1783382400001,0.00000000,123.52595453
BXUSDT,EQUITY,1783411200001,-0.00044994,123.20000000
BXUSDT,EQUITY,1783440000001,0.00000000,120.27000000
BXUSDT,EQUITY,1783468800002,-0.00081339,120.85487898
BXUSDT,EQUITY,1783497600001,-0.00073150,120.76579429
BXUSDT,EQUITY,1783526400001,-0.00006423,117.29000000
BXUSDT,EQUITY,1783555200001,0.00000000,118.28000000
BXUSDT,EQUITY,1783584000001,-0.00054966,119.75628208
BXUSDT,EQUITY,1783612800001,0.00000000,122.08000000
BXUSDT,EQUITY,1783641600001,0.00000000,122.39000000
BXUSDT,EQUITY,1783670400001,0.00070588,121.53547606
BXUSDT,EQUITY,1783699200001,0.00000000,123.47667170
BXUSDT,EQUITY,1783728000001,0.00000000,123.32916718
BXUSDT,EQUITY,1783756800001,0.00000000,121.83862886
BXUSDT,EQUITY,1783785600001,0.00000000,122.31000000
BXUSDT,EQUITY,1783814400001,0.00000000,123.22895863
BXUSDT,EQUITY,1783843200001,0.00000000,124.45940626
BXUSDT,EQUITY,1783872000001,0.00000000,121.87000000
BXUSDT,EQUITY,1783900800001,0.00000000,122.50989477
BXUSDT,EQUITY,1783929600001,0.00000000,123.02269359
BXUSDT,EQUITY,1783958400001,0.00000000,121.74000000
BXUSDT,EQUITY,1783987200002,0.00000000,121.39969020
BXUSDT,EQUITY,1784016000001,0.00000699,121.68657987
BXUSDT,EQUITY,1784044800001,0.00000000,123.61000000
BXUSDT,EQUITY,1784073600001,0.00000000,124.69126173
BXUSDT,EQUITY,1784102400001,0.00067528,124.05000000
BXUSDT,EQUITY,1784131200001,0.00000000,129.73000000
BXUSDT,EQUITY,1784160000001,-0.00055059,127.25983165
BXUSDT,EQUITY,1784188800002,0.00005641,127.40326483
BXUSDT,EQUITY,1784217600001,-0.00063541,127.67000000
BXUSDT,EQUITY,1784246400001,-0.00064117,128.84234871
BXUSDT,EQUITY,1784275200001,0.00000000,127.88000000
BXUSDT,EQUITY,1784304000001,0.00000000,127.23123184
BXUSDT,EQUITY,1784332800001,-0.00075487,126.98172542
BXUSDT,EQUITY,1784361600001,0.00000000,126.92489397
BXUSDT,EQUITY,1784390400001,0.00000000,125.33000000
BXUSDT,EQUITY,1784419200001,0.00000000,124.06000000
BXUSDT,EQUITY,1784448000001,0.00000000,124.96364179
BXUSDT,EQUITY,1784476800001,-0.00056413,124.06000000
BXUSDT,EQUITY,1784505600002,0.00000000,125.09000000
BXUSDT,EQUITY,1784534400001,-0.00057661,127.20769020
BXUSDT,EQUITY,1784563200001,-0.00004220,124.07466777
BXUSDT,EQUITY,1784592000001,0.00000000,123.27608483
BXUSDT,EQUITY,1784620800001,0.00000000,123.73000000
BXUSDT,EQUITY,1784649600000,0.00000000,124.26783599
BXUSDT,EQUITY,1784678400000,0.00000000,123.94507739
BXUSDT,EQUITY,1784707200001,-0.00050622,123.03000000
HPEUSDT,EQUITY,1780934400001,0.00000000,50.50000000
HPEUSDT,EQUITY,1780963200001,0.00000000,49.69000000
HPEUSDT,EQUITY,1780992000001,0.00000000,50.20274194
HPEUSDT,EQUITY,1781020800001,0.00119968,46.86144954
HPEUSDT,EQUITY,1781049600001,-0.00002209,47.75000000
HPEUSDT,EQUITY,1781078400001,0.00000000,47.60000000
HPEUSDT,EQUITY,1781107200001,0.00000000,46.27055899
HPEUSDT,EQUITY,1781136000001,0.00000000,44.82892157
HPEUSDT,EQUITY,1781164800001,0.00000000,46.05000000
HPEUSDT,EQUITY,1781193600001,0.00000000,45.15174981
HPEUSDT,EQUITY,1781222400001,0.00000000,47.16000000
HPEUSDT,EQUITY,1781251200001,0.00000000,46.74000000
HPEUSDT,EQUITY,1781280000001,-0.00002266,48.72650336
HPEUSDT,EQUITY,1781308800001,0.00000000,48.36000000
HPEUSDT,EQUITY,1781337600001,0.00000000,47.56000000
HPEUSDT,EQUITY,1781366400001,0.00000000,47.72000000
HPEUSDT,EQUITY,1781395200001,0.00000000,47.07288610
HPEUSDT,EQUITY,1781424000001,0.00000000,47.46082538
HPEUSDT,EQUITY,1781452800001,0.00000000,47.95630444
HPEUSDT,EQUITY,1781481600001,0.00261188,50.72030619
HPEUSDT,EQUITY,1781510400002,0.00000000,49.77282142
HPEUSDT,EQUITY,1781539200001,0.00000000,48.28456149
HPEUSDT,EQUITY,1781553600001,0.00000000,48.92309181
HPEUSDT,EQUITY,1781557200002,0.00017536,49.18326148
HPEUSDT,EQUITY,1781560800001,0.00000000,49.13000000
HPEUSDT,EQUITY,1781564400001,0.00004105,49.08000000
HPEUSDT,EQUITY,1781568000001,0.00002881,48.72000000
HPEUSDT,EQUITY,1781568000009,-0.00293346,48.72000000
HPEUSDT,EQUITY,1781571600001,0.00000000,48.76639469
HPEUSDT,EQUITY,1781575200001,0.00000000,48.78396341
HPEUSDT,EQUITY,1781578800001,0.00000000,48.58717742
HPEUSDT,EQUITY,1781582400002,0.00000000,48.90119308
HPEUSDT,EQUITY,1781596800001,0.00000000,48.85427419
HPEUSDT,EQUITY,1781625600001,0.00000000,48.49000000
HPEUSDT,EQUITY,1781654400001,0.00000000,48.48000000
HPEUSDT,EQUITY,1781683200001,0.00000000,48.60005869
HPEUSDT,EQUITY,1781712000001,0.00000000,50.10407573
HPEUSDT,EQUITY,1781740800001,0.00000000,48.67000000
HPEUSDT,EQUITY,1781769600001,0.00000000,49.04944444
HPEUSDT,EQUITY,1781798400001,0.00000000,47.22969012
HPEUSDT,EQUITY,1781827200001,0.00000000,47.51618401
HPEUSDT,EQUITY,1781856000001,-0.00095974,45.74000000
HPEUSDT,EQUITY,1781884800001,0.00068005,47.10315162
HPEUSDT,EQUITY,1781913600001,0.00000000,47.19000000
HPEUSDT,EQUITY,1781942400001,0.00000000,47.04000000
HPEUSDT,EQUITY,1781971200001,-0.00003881,46.38480104
HPEUSDT,EQUITY,1782000000001,0.00000000,46.64000000
HPEUSDT,EQUITY,1782028800001,0.00000000,47.28000000
HPEUSDT,EQUITY,1782057600001,0.00000000,47.18472158
HPEUSDT,EQUITY,1782086400001,0.00000000,46.48898933
HPEUSDT,EQUITY,1782115200001,0.00000000,47.51532258
HPEUSDT,EQUITY,1782144000001,0.00000000,48.33172790
HPEUSDT,EQUITY,1782172800001,0.00000000,48.44000000
HPEUSDT,EQUITY,1782201600002,0.00000000,46.54624025
HPEUSDT,EQUITY,1782230400001,0.00000000,48.42756855
HPEUSDT,EQUITY,1782259200001,0.00000000,49.13000000
HPEUSDT,EQUITY,1782288000001,0.00000000,49.05890046
HPEUSDT,EQUITY,1782316800001,0.00000000,49.54000000
HPEUSDT,EQUITY,1782345600002,0.00000000,49.65834165
HPEUSDT,EQUITY,1782374400001,0.00000000,49.19857307
HPEUSDT,EQUITY,1782403200001,0.00000000,46.94649452
HPEUSDT,EQUITY,1782432000001,0.00000000,46.73137962
HPEUSDT,EQUITY,1782460800002,0.00000000,46.27189936
HPEUSDT,EQUITY,1782489600001,0.00000000,43.45831664
HPEUSDT,EQUITY,1782518400001,0.00000000,43.62000000
HPEUSDT,EQUITY,1782547200001,0.00000000,43.75547776
HPEUSDT,EQUITY,1782576000001,0.00000000,43.64772075
HPEUSDT,EQUITY,1782604800002,0.00000000,43.59246488
HPEUSDT,EQUITY,1782633600002,0.00000000,42.83000000
HPEUSDT,EQUITY,1782662400001,0.00000000,42.78123230
HPEUSDT,EQUITY,1782691200001,0.00004666,43.31126827
HPEUSDT,EQUITY,1782720000001,0.00000000,44.11273592
HPEUSDT,EQUITY,1782748800001,0.00000000,43.62000000
HPEUSDT,EQUITY,1782777600000,0.00000000,44.46000000
HPEUSDT,EQUITY,1782806400000,0.00000000,44.62313451
HPEUSDT,EQUITY,1782835200001,0.00000000,43.82906014
HPEUSDT,EQUITY,1782864000000,0.00034339,45.13000000
HPEUSDT,EQUITY,1782892800001,0.00000000,44.63257808
HPEUSDT,EQUITY,1782921600001,0.00000000,43.87054674
HPEUSDT,EQUITY,1782950400000,0.00000000,43.84498702
HPEUSDT,EQUITY,1782979200001,0.00000000,43.12612977
HPEUSDT,EQUITY,1783008000001,0.00000000,41.68838152
HPEUSDT,EQUITY,1783036800001,0.00056019,41.20000000
HPEUSDT,EQUITY,1783065600001,0.00000000,41.07391737
HPEUSDT,EQUITY,1783094400001,0.00000000,41.10813019
HPEUSDT,EQUITY,1783123200001,0.00000000,41.17441217
HPEUSDT,EQUITY,1783152000001,0.00000000,41.04567110
HPEUSDT,EQUITY,1783180800001,0.00000000,40.88476178
HPEUSDT,EQUITY,1783209600002,0.00000000,40.87254240
HPEUSDT,EQUITY,1783238400001,0.00000000,41.02025084
HPEUSDT,EQUITY,1783267200001,0.00000000,41.03503345
HPEUSDT,EQUITY,1783296000001,0.00000000,41.27023495
HPEUSDT,EQUITY,1783324800001,0.00000000,41.64000000
HPEUSDT,EQUITY,1783353600001,0.00000000,43.36187073
HPEUSDT,EQUITY,1783382400001,0.00000000,43.13000000
HPEUSDT,EQUITY,1783411200001,0.00000000,42.88574863
HPEUSDT,EQUITY,1783440000001,0.00000000,43.85251124
HPEUSDT,EQUITY,1783468800002,0.00000000,43.40867769
HPEUSDT,EQUITY,1783497600001,0.00000000,43.77000000
HPEUSDT,EQUITY,1783526400001,0.00000000,43.87951674
HPEUSDT,EQUITY,1783555200001,0.00000000,45.00764033
HPEUSDT,EQUITY,1783584000001,0.00000000,45.09000000
HPEUSDT,EQUITY,1783612800001,0.00000000,47.62000000
HPEUSDT,EQUITY,1783641600001,0.00000000,49.43000000
HPEUSDT,EQUITY,1783670400001,0.00000000,48.90000000
HPEUSDT,EQUITY,1783699200001,0.00000000,49.38000000
HPEUSDT,EQUITY,1783728000001,0.00000000,48.67997451
HPEUSDT,EQUITY,1783756800001,0.00000000,49.18000000
HPEUSDT,EQUITY,1783785600001,0.00000000,49.20895918
HPEUSDT,EQUITY,1783814400001,0.00000000,48.64165212
HPEUSDT,EQUITY,1783843200001,0.00000000,48.79000000
HPEUSDT,EQUITY,1783872000001,0.00000000,48.36500336
HPEUSDT,EQUITY,1783900800001,0.00000000,48.21971374
HPEUSDT,EQUITY,1783929600001,0.00000000,47.47747966
HPEUSDT,EQUITY,1783958400001,0.00000000,47.73561193
HPEUSDT,EQUITY,1783987200002,0.00000000,47.01667923
HPEUSDT,EQUITY,1784016000001,0.00000000,47.38000000
HPEUSDT,EQUITY,1784044800001,0.00000000,49.57000000
HPEUSDT,EQUITY,1784073600001,0.00000000,49.87207949
HPEUSDT,EQUITY,1784102400001,0.00000000,49.95000000
HPEUSDT,EQUITY,1784131200001,0.00000000,46.47000000
HPEUSDT,EQUITY,1784160000001,0.00008263,47.30737453
HPEUSDT,EQUITY,1784188800002,0.00000000,47.07852495
HPEUSDT,EQUITY,1784217600001,0.00000000,45.63159513
HPEUSDT,EQUITY,1784246400001,0.00000000,45.05931495
HPEUSDT,EQUITY,1784275200001,0.00000000,44.15574503
HPEUSDT,EQUITY,1784304000001,0.00000000,46.03360358
HPEUSDT,EQUITY,1784332800001,0.00000000,45.88169551
HPEUSDT,EQUITY,1784361600001,-0.00043178,45.14625451
HPEUSDT,EQUITY,1784390400001,0.00000000,45.11033087
HPEUSDT,EQUITY,1784419200001,0.00000000,45.01439894
HPEUSDT,EQUITY,1784448000001,0.00000000,45.19000000
HPEUSDT,EQUITY,1784476800001,-0.00000362,44.56404417
HPEUSDT,EQUITY,1784505600002,0.00014674,45.22000000
HPEUSDT,EQUITY,1784534400001,0.00000000,46.22000000
HPEUSDT,EQUITY,1784563200001,0.00000000,45.81306658
HPEUSDT,EQUITY,1784592000001,0.00000000,44.54525442
HPEUSDT,EQUITY,1784620800001,0.00000000,45.31112523
HPEUSDT,EQUITY,1784649600000,0.00000000,46.79951218
HPEUSDT,EQUITY,1784678400000,0.00000000,48.97000000
HPEUSDT,EQUITY,1784707200001,0.00000000,47.79000000
AMATUSDT,EQUITY,1780934400001,0.00000000,493.03000000
AMATUSDT,EQUITY,1780963200001,0.00024880,491.56000000
AMATUSDT,EQUITY,1780992000001,0.00000000,496.60009516
AMATUSDT,EQUITY,1781020800001,0.00000000,483.80172741
AMATUSDT,EQUITY,1781049600001,0.00004501,499.08000000
AMATUSDT,EQUITY,1781078400001,0.00000000,493.11575557
AMATUSDT,EQUITY,1781107200001,0.00000000,505.52000000
AMATUSDT,EQUITY,1781136000001,0.00000000,492.42000000
AMATUSDT,EQUITY,1781164800001,0.00013326,514.22000000
AMATUSDT,EQUITY,1781193600001,0.00000000,531.38968013
AMATUSDT,EQUITY,1781222400001,0.00018743,558.24199278
AMATUSDT,EQUITY,1781251200001,0.00000000,548.00000000
AMATUSDT,EQUITY,1781280000001,0.00000000,558.08690823
AMATUSDT,EQUITY,1781308800001,0.00000000,571.56075442
AMATUSDT,EQUITY,1781337600001,0.00012919,584.50180923
AMATUSDT,EQUITY,1781366400001,-0.00011895,574.81000000
AMATUSDT,EQUITY,1781395200001,0.00000000,574.53593652
AMATUSDT,EQUITY,1781424000001,0.00000000,582.30000000
AMATUSDT,EQUITY,1781452800001,0.00000000,584.66017462
AMATUSDT,EQUITY,1781481600001,0.00000000,585.80341820
AMATUSDT,EQUITY,1781510400002,0.00000000,589.76680314
AMATUSDT,EQUITY,1781539200001,0.00000000,594.91000000
AMATUSDT,EQUITY,1781568000001,0.00000000,588.04049870
AMATUSDT,EQUITY,1781596800001,0.00000000,585.51864033
AMATUSDT,EQUITY,1781625600001,0.00000000,577.74540734
AMATUSDT,EQUITY,1781654400001,0.00000000,570.24219105
AMATUSDT,EQUITY,1781683200001,0.00000000,587.71553874
AMATUSDT,EQUITY,1781712000001,0.00000000,614.86740398
AMATUSDT,EQUITY,1781740800001,0.00000000,609.26591653
AMATUSDT,EQUITY,1781769600001,0.00000000,614.35964646
AMATUSDT,EQUITY,1781798400001,0.00000000,628.14636033
AMATUSDT,EQUITY,1781827200001,0.00000000,619.86123833
AMATUSDT,EQUITY,1781856000001,0.00000000,624.92863696
AMATUSDT,EQUITY,1781884800001,0.00000000,618.72000000
AMATUSDT,EQUITY,1781913600001,0.00000000,621.03000000
AMATUSDT,EQUITY,1781942400001,0.00019836,628.77000000
AMATUSDT,EQUITY,1781971200001,0.00000000,628.63902971
AMATUSDT,EQUITY,1782000000001,0.00000000,631.51741229
AMATUSDT,EQUITY,1782028800001,0.00000000,634.51999634
AMATUSDT,EQUITY,1782057600001,0.00000000,635.52000000
AMATUSDT,EQUITY,1782086400001,0.00000000,626.81000000
AMATUSDT,EQUITY,1782115200001,0.00000000,622.40940956
AMATUSDT,EQUITY,1782144000001,0.00000000,625.90862328
AMATUSDT,EQUITY,1782172800001,0.00013755,635.42000000
AMATUSDT,EQUITY,1782201600002,0.00000000,602.15909135
AMATUSDT,EQUITY,1782230400001,0.00000000,583.08942608
AMATUSDT,EQUITY,1782259200001,0.00000000,589.03000000
AMATUSDT,EQUITY,1782288000001,0.00000000,589.41000000
AMATUSDT,EQUITY,1782316800001,0.00000000,589.72554523
AMATUSDT,EQUITY,1782345600002,0.00000131,630.49000000
AMATUSDT,EQUITY,1782374400001,0.00000000,629.31471734
AMATUSDT,EQUITY,1782403200001,0.00000000,633.05006124
AMATUSDT,EQUITY,1782432000001,0.00000000,668.23280250
AMATUSDT,EQUITY,1782460800002,0.00000000,657.50807288
AMATUSDT,EQUITY,1782489600001,0.00000000,642.85597843
AMATUSDT,EQUITY,1782518400001,0.00000000,627.81769165
AMATUSDT,EQUITY,1782547200001,0.00000000,638.41543076
AMATUSDT,EQUITY,1782576000001,0.00000000,640.24955359
AMATUSDT,EQUITY,1782604800002,0.00000000,640.24886798
AMATUSDT,EQUITY,1782633600002,0.00000000,637.50870941
AMATUSDT,EQUITY,1782662400001,0.00000000,648.58000000
AMATUSDT,EQUITY,1782691200001,0.00000000,645.86117080
AMATUSDT,EQUITY,1782720000001,0.00000000,647.05222169
AMATUSDT,EQUITY,1782748800001,0.00000000,699.39232847
AMATUSDT,EQUITY,1782777600000,0.00025381,704.64000000
AMATUSDT,EQUITY,1782806400000,0.00013075,709.02444896
AMATUSDT,EQUITY,1782835200001,0.00034324,732.04360302
AMATUSDT,EQUITY,1782864000000,0.00000000,727.79000000
AMATUSDT,EQUITY,1782892800001,0.00047336,712.04000000
AMATUSDT,EQUITY,1782921600001,0.00000000,661.48063136
AMATUSDT,EQUITY,1782950400000,0.00040702,657.96000000
AMATUSDT,EQUITY,1782979200001,0.00000000,637.64551902
AMATUSDT,EQUITY,1783008000001,0.00000000,604.45446088
AMATUSDT,EQUITY,1783036800001,0.00051791,608.88000000
AMATUSDT,EQUITY,1783065600001,0.00033950,624.18806994
AMATUSDT,EQUITY,1783094400001,0.00000000,631.68074045
AMATUSDT,EQUITY,1783123200001,0.00000000,633.86244572
AMATUSDT,EQUITY,1783152000001,0.00000000,628.77426413
AMATUSDT,EQUITY,1783180800001,0.00000000,631.47089795
AMATUSDT,EQUITY,1783209600002,0.00000000,632.51515122
AMATUSDT,EQUITY,1783238400001,0.00000000,633.13372449
AMATUSDT,EQUITY,1783267200001,0.00000000,633.63859681
AMATUSDT,EQUITY,1783296000001,0.00000000,636.21000000
AMATUSDT,EQUITY,1783324800001,0.00000000,626.51717709
AMATUSDT,EQUITY,1783353600001,0.00000000,601.12000000
AMATUSDT,EQUITY,1783382400001,0.00000000,589.67000000
AMATUSDT,EQUITY,1783411200001,0.00000000,571.58037736
AMATUSDT,EQUITY,1783440000001,0.00000000,543.51372187
AMATUSDT,EQUITY,1783468800002,0.00095081,545.16933245
AMATUSDT,EQUITY,1783497600001,0.00000000,554.24831068
AMATUSDT,EQUITY,1783526400001,0.00000000,561.92000000
AMATUSDT,EQUITY,1783555200001,0.00072160,577.42201514
AMATUSDT,EQUITY,1783584000001,0.00000000,587.16000000
AMATUSDT,EQUITY,1783612800001,0.00000000,607.44000000
AMATUSDT,EQUITY,1783641600001,0.00000000,597.59000000
AMATUSDT,EQUITY,1783670400001,0.00000000,579.84556549
AMATUSDT,EQUITY,1783699200001,0.00000000,599.54661654
AMATUSDT,EQUITY,1783728000001,0.00000000,606.22683968
AMATUSDT,EQUITY,1783756800001,0.00000000,603.02000000
AMATUSDT,EQUITY,1783785600001,0.00000000,604.40577934
AMATUSDT,EQUITY,1783814400001,0.00000000,603.15635377
AMATUSDT,EQUITY,1783843200001,0.00000000,599.55126522
AMATUSDT,EQUITY,1783872000001,0.00000000,601.01232613
AMATUSDT,EQUITY,1783900800001,0.00000000,598.91929313
AMATUSDT,EQUITY,1783929600001,0.00000000,575.50974711
AMATUSDT,EQUITY,1783958400001,0.00000000,580.33868022
AMATUSDT,EQUITY,1783987200002,0.00000000,574.27000000
AMATUSDT,EQUITY,1784016000001,0.00000000,592.25000000
AMATUSDT,EQUITY,1784044800001,0.00002255,593.92056567
AMATUSDT,EQUITY,1784073600001,0.00000000,606.02000000
AMATUSDT,EQUITY,1784102400001,0.00000000,622.51000000
AMATUSDT,EQUITY,1784131200001,0.00000000,570.67000000
AMATUSDT,EQUITY,1784160000001,0.00045728,580.24736332
AMATUSDT,EQUITY,1784188800002,0.00000000,578.29000000
AMATUSDT,EQUITY,1784217600001,0.00000000,571.17070866
AMATUSDT,EQUITY,1784246400001,0.00022878,557.73255726
AMATUSDT,EQUITY,1784275200001,0.00000000,533.64485460
AMATUSDT,EQUITY,1784304000001,0.00000000,547.00126831
AMATUSDT,EQUITY,1784332800001,0.00000000,522.78433601
AMATUSDT,EQUITY,1784361600001,0.00000000,522.63818579
AMATUSDT,EQUITY,1784390400001,0.00000000,521.38865628
AMATUSDT,EQUITY,1784419200001,0.00000000,518.08338208
AMATUSDT,EQUITY,1784448000001,0.00000000,519.19000000
AMATUSDT,EQUITY,1784476800001,0.00000000,519.50000000
AMATUSDT,EQUITY,1784505600002,0.00000000,523.52608290
AMATUSDT,EQUITY,1784534400001,0.00000000,535.36638772
AMATUSDT,EQUITY,1784563200001,0.00014544,533.95730636
AMATUSDT,EQUITY,1784592000001,0.00000000,524.43000000
AMATUSDT,EQUITY,1784620800001,0.00000000,549.63075596
AMATUSDT,EQUITY,1784649600000,0.00000000,564.06861156
AMATUSDT,EQUITY,1784678400000,0.00000000,566.16853400
AMATUSDT,EQUITY,1784707200001,0.00000000,546.83262233
CRWDUSDT,EQUITY,1780934400001,0.00000000,655.47017922
CRWDUSDT,EQUITY,1780963200001,-0.00025577,657.84668901
CRWDUSDT,EQUITY,1780992000001,0.00175996,660.99000000
CRWDUSDT,EQUITY,1781020800001,0.00061482,629.75051740
CRWDUSDT,EQUITY,1781049600001,0.00062507,642.77005130
CRWDUSDT,EQUITY,1781078400001,0.00193387,640.71554057
CRWDUSDT,EQUITY,1781107200001,0.00000000,656.49496099
CRWDUSDT,EQUITY,1781136000001,0.00066302,640.20000000
CRWDUSDT,EQUITY,1781164800001,0.00066952,653.31280495
CRWDUSDT,EQUITY,1781193600001,0.00019167,684.85592282
CRWDUSDT,EQUITY,1781222400001,0.00000000,693.32954434
CRWDUSDT,EQUITY,1781251200001,0.00000000,689.77916237
CRWDUSDT,EQUITY,1781280000001,0.00000000,682.41161467
CRWDUSDT,EQUITY,1781308800001,-0.00027230,680.95000000
CRWDUSDT,EQUITY,1781337600001,0.00000000,677.88895659
CRWDUSDT,EQUITY,1781366400001,0.00000000,675.62536981
CRWDUSDT,EQUITY,1781395200001,0.00000000,676.13106416
CRWDUSDT,EQUITY,1781424000001,0.00000000,677.17701709
CRWDUSDT,EQUITY,1781452800001,0.00000000,685.38389887
CRWDUSDT,EQUITY,1781481600001,0.00000000,694.55879944
CRWDUSDT,EQUITY,1781510400002,0.00000000,696.21284194
CRWDUSDT,EQUITY,1781539200001,0.00000000,692.14124965
CRWDUSDT,EQUITY,1781568000001,0.00000000,692.82295850
CRWDUSDT,EQUITY,1781596800001,0.00000000,693.30000000
CRWDUSDT,EQUITY,1781625600001,0.00000000,682.94880444
CRWDUSDT,EQUITY,1781654400001,0.00000000,680.42646687
CRWDUSDT,EQUITY,1781683200001,0.00000000,685.85227770
CRWDUSDT,EQUITY,1781712000001,0.00000000,685.26000000
CRWDUSDT,EQUITY,1781740800001,0.00000000,683.69912042
CRWDUSDT,EQUITY,1781769600001,0.00000000,686.87000000
CRWDUSDT,EQUITY,1781798400001,0.00000000,674.02372062
CRWDUSDT,EQUITY,1781827200001,0.00000000,682.43000000
CRWDUSDT,EQUITY,1781856000001,0.00000000,678.19205222
CRWDUSDT,EQUITY,1781884800001,0.00000000,675.66457748
CRWDUSDT,EQUITY,1781913600001,0.00000000,675.94000000
CRWDUSDT,EQUITY,1781942400001,0.00000000,686.71893352
CRWDUSDT,EQUITY,1781971200001,0.00000000,686.16682016
CRWDUSDT,EQUITY,1782000000001,0.00000000,689.85110674
CRWDUSDT,EQUITY,1782028800001,0.00006403,695.55914937
CRWDUSDT,EQUITY,1782057600001,0.00000000,701.51133969
CRWDUSDT,EQUITY,1782086400001,-0.00015733,691.09000000
CRWDUSDT,EQUITY,1782115200001,0.00000000,686.73642104
CRWDUSDT,EQUITY,1782144000001,0.00000000,686.71362028
CRWDUSDT,EQUITY,1782172800001,0.00000000,675.33050604
CRWDUSDT,EQUITY,1782201600002,0.00000000,670.54720101
CRWDUSDT,EQUITY,1782230400001,0.00000000,686.04743530
CRWDUSDT,EQUITY,1782259200001,0.00000000,680.36666869
CRWDUSDT,EQUITY,1782288000001,0.00000000,682.31639452
CRWDUSDT,EQUITY,1782316800001,0.00000000,679.42671500
CRWDUSDT,EQUITY,1782345600002,0.00000000,672.35500998
CRWDUSDT,EQUITY,1782374400001,0.00000000,673.63000000
CRWDUSDT,EQUITY,1782403200001,0.00000000,679.19134658
CRWDUSDT,EQUITY,1782432000001,0.00028183,680.34975168
CRWDUSDT,EQUITY,1782460800002,0.00000000,680.96768811
CRWDUSDT,EQUITY,1782489600001,0.00000000,702.03000000
CRWDUSDT,EQUITY,1782518400001,0.00013816,701.63137827
CRWDUSDT,EQUITY,1782547200001,0.00083750,724.59772043
CRWDUSDT,EQUITY,1782576000001,0.00000000,718.66224826
CRWDUSDT,EQUITY,1782604800002,0.00000000,715.65839342
CRWDUSDT,EQUITY,1782633600002,0.00000000,717.36579726
CRWDUSDT,EQUITY,1782662400001,-0.00003856,701.65000000
CRWDUSDT,EQUITY,1782691200001,0.00043564,721.88000000
CRWDUSDT,EQUITY,1782720000001,0.00000000,698.17042007
CRWDUSDT,EQUITY,1782748800001,0.00000000,746.75000000
CRWDUSDT,EQUITY,1782777600000,0.00003134,745.71000000
CRWDUSDT,EQUITY,1782806400000,0.00000000,747.95410645
CRWDUSDT,EQUITY,1782835200001,0.00000000,757.73000000
CRWDUSDT,EQUITY,1782864000000,0.00019124,763.07000000
CRWDUSDT,EQUITY,1782892800001,0.00000000,762.93504802
CRWDUSDT,EQUITY,1782921600001,0.00000000,785.56382296
CRWDUSDT,EQUITY,1782950400000,0.00000000,773.70642335
CRWDUSDT,EQUITY,1783008000001,0.00003719,196.19397931
CRWDUSDT,EQUITY,1783036800001,0.00118753,195.05522329
CRWDUSDT,EQUITY,1783065600001,0.00000000,188.69196836
CRWDUSDT,EQUITY,1783094400001,0.00000000,188.21797937
CRWDUSDT,EQUITY,1783123200001,0.00000000,187.23873662
CRWDUSDT,EQUITY,1783152000001,0.00000000,187.52000000
CRWDUSDT,EQUITY,1783180800001,0.00000000,188.25000000
CRWDUSDT,EQUITY,1783209600002,0.00095820,192.89037570
CRWDUSDT,EQUITY,1783238400001,0.00000000,192.38683781
CRWDUSDT,EQUITY,1783267200001,0.00000000,190.49336354
CRWDUSDT,EQUITY,1783296000001,0.00000000,192.62046779
CRWDUSDT,EQUITY,1783324800001,-0.00063941,193.84000000
CRWDUSDT,EQUITY,1783353600001,0.00000000,203.41000000
CRWDUSDT,EQUITY,1783382400001,0.00000000,199.62522339
CRWDUSDT,EQUITY,1783411200001,0.00060098,200.50000000
CRWDUSDT,EQUITY,1783440000001,0.00042284,197.34000000
CRWDUSDT,EQUITY,1783468800002,0.00021771,194.16591455
CRWDUSDT,EQUITY,1783497600001,0.00000000,194.42000000
CRWDUSDT,EQUITY,1783526400001,0.00000000,187.44000000
CRWDUSDT,EQUITY,1783555200001,0.00000000,190.95496361
CRWDUSDT,EQUITY,1783584000001,0.00000000,192.24714018
CRWDUSDT,EQUITY,1783612800001,0.00000000,195.74079943
CRWDUSDT,EQUITY,1783641600001,0.00000000,197.83000000
CRWDUSDT,EQUITY,1783670400001,0.00000000,197.74000000
CRWDUSDT,EQUITY,1783699200001,0.00000000,188.81903086
CRWDUSDT,EQUITY,1783728000001,0.00000000,187.21374621
CRWDUSDT,EQUITY,1783756800001,0.00000000,187.26618341
CRWDUSDT,EQUITY,1783785600001,0.00000000,187.40735735
CRWDUSDT,EQUITY,1783814400001,0.00000000,187.73881457
CRWDUSDT,EQUITY,1783843200001,0.00000000,186.72000000
CRWDUSDT,EQUITY,1783872000001,0.00000000,185.48550874
CRWDUSDT,EQUITY,1783900800001,0.00000000,184.51780881
CRWDUSDT,EQUITY,1783929600001,0.00000000,186.71389306
CRWDUSDT,EQUITY,1783958400001,0.00000000,188.05000000
CRWDUSDT,EQUITY,1783987200002,0.00004705,186.47918037
CRWDUSDT,EQUITY,1784016000001,0.00000000,187.26000000
CRWDUSDT,EQUITY,1784044800001,0.00000000,205.38189805
CRWDUSDT,EQUITY,1784073600001,0.00000000,211.64771074
CRWDUSDT,EQUITY,1784102400001,0.00000000,212.11464953
CRWDUSDT,EQUITY,1784131200001,0.00000000,208.50450980
CRWDUSDT,EQUITY,1784160000001,0.00017717,207.56000000
CRWDUSDT,EQUITY,1784188800002,0.00000000,206.79000000
CRWDUSDT,EQUITY,1784217600001,0.00000000,206.17120927
CRWDUSDT,EQUITY,1784246400001,0.00000000,204.28000000
CRWDUSDT,EQUITY,1784275200001,0.00000000,200.09868645
CRWDUSDT,EQUITY,1784304000001,0.00000000,204.80630977
CRWDUSDT,EQUITY,1784332800001,0.00000000,203.01793258
CRWDUSDT,EQUITY,1784361600001,0.00000000,198.39000000
CRWDUSDT,EQUITY,1784390400001,0.00000000,197.07752934
CRWDUSDT,EQUITY,1784419200001,0.00000000,197.60848361
CRWDUSDT,EQUITY,1784448000001,0.00000000,196.77968340
CRWDUSDT,EQUITY,1784476800001,0.00000000,199.97230713
CRWDUSDT,EQUITY,1784505600002,0.00000000,199.14568155
CRWDUSDT,EQUITY,1784534400001,0.00000000,203.47000000
CRWDUSDT,EQUITY,1784563200001,0.00000000,203.77286866
CRWDUSDT,EQUITY,1784592000001,0.00000000,198.79000000
CRWDUSDT,EQUITY,1784620800001,0.00000000,199.66404705
CRWDUSDT,EQUITY,1784649600000,0.00000000,192.92742094
CRWDUSDT,EQUITY,1784678400000,0.00000000,191.87665344
CRWDUSDT,EQUITY,1784707200001,0.00000000,193.64000000
CRDOUSDT,EQUITY,1780934400001,0.00016059,225.84851577
CRDOUSDT,EQUITY,1780963200001,0.00000000,222.65000000
CRDOUSDT,EQUITY,1780992000001,0.00000000,226.28500000
CRDOUSDT,EQUITY,1781020800001,0.00052387,219.98560880
CRDOUSDT,EQUITY,1781049600001,0.00120299,233.86276670
CRDOUSDT,EQUITY,1781078400001,0.00000000,231.21000000
CRDOUSDT,EQUITY,1781107200001,0.00000000,245.58000000
CRDOUSDT,EQUITY,1781136000001,0.00000000,232.69000000
CRDOUSDT,EQUITY,1781164800001,0.00021457,245.70000000
CRDOUSDT,EQUITY,1781193600001,0.00090053,259.65000000
CRDOUSDT,EQUITY,1781222400001,0.00049362,269.05000000
CRDOUSDT,EQUITY,1781251200001,0.00005753,265.08000000
CRDOUSDT,EQUITY,1781280000001,0.00019897,249.24306330
CRDOUSDT,EQUITY,1781308800001,0.00018346,251.90000000
CRDOUSDT,EQUITY,1781337600001,0.00000000,251.69000000
CRDOUSDT,EQUITY,1781366400001,0.00000000,249.18054858
CRDOUSDT,EQUITY,1781395200001,0.00000000,248.22621961
CRDOUSDT,EQUITY,1781424000001,0.00039858,251.24000000
CRDOUSDT,EQUITY,1781452800001,0.00001236,253.51044839
CRDOUSDT,EQUITY,1781481600001,0.00068110,255.64440197
CRDOUSDT,EQUITY,1781510400002,0.00000000,261.45553089
CRDOUSDT,EQUITY,1781539200001,0.00000000,258.50499604
CRDOUSDT,EQUITY,1781568000001,0.00000000,257.17484767
CRDOUSDT,EQUITY,1781596800001,0.00000000,257.24380331
CRDOUSDT,EQUITY,1781625600001,0.00000000,245.56118797
CRDOUSDT,EQUITY,1781654400001,0.00000000,239.60489761
CRDOUSDT,EQUITY,1781683200001,0.00000000,244.81436742
CRDOUSDT,EQUITY,1781712000001,0.00000000,257.94227844
CRDOUSDT,EQUITY,1781740800001,0.00000000,256.40942672
CRDOUSDT,EQUITY,1781769600001,0.00000000,257.90000000
CRDOUSDT,EQUITY,1781798400001,0.00000000,265.47000000
CRDOUSDT,EQUITY,1781827200001,0.00000000,273.31743273
CRDOUSDT,EQUITY,1781856000001,0.00000000,269.60000000
CRDOUSDT,EQUITY,1781884800001,0.00000000,267.82000000
CRDOUSDT,EQUITY,1781913600001,0.00000000,269.12118015
CRDOUSDT,EQUITY,1781942400001,0.00000000,269.99621704
CRDOUSDT,EQUITY,1781971200001,0.00000000,267.59138173
CRDOUSDT,EQUITY,1782000000001,0.00000000,270.09000000
CRDOUSDT,EQUITY,1782028800001,0.00000000,270.58549484
CRDOUSDT,EQUITY,1782057600001,0.00000000,271.00000000
CRDOUSDT,EQUITY,1782086400001,0.00000000,268.30000000
CRDOUSDT,EQUITY,1782115200001,0.00000000,273.48194444
CRDOUSDT,EQUITY,1782144000001,0.00000000,290.89904105
CRDOUSDT,EQUITY,1782172800001,0.00000000,301.88826781
CRDOUSDT,EQUITY,1782201600002,0.00000000,282.51532444
CRDOUSDT,EQUITY,1782230400001,0.00000000,273.51000000
CRDOUSDT,EQUITY,1782259200001,0.00000000,274.60473772
CRDOUSDT,EQUITY,1782288000001,0.00000000,279.53712264
CRDOUSDT,EQUITY,1782316800001,0.00000000,271.16734708
CRDOUSDT,EQUITY,1782345600002,0.00000000,283.15137380
CRDOUSDT,EQUITY,1782374400001,0.00000000,281.86750000
CRDOUSDT,EQUITY,1782403200001,0.00000000,270.39000000
CRDOUSDT,EQUITY,1782432000001,0.00032007,267.06000000
CRDOUSDT,EQUITY,1782460800002,0.00000000,263.28223563
CRDOUSDT,EQUITY,1782489600001,0.00000000,252.99034243
CRDOUSDT,EQUITY,1782518400001,0.00000000,238.05103485
CRDOUSDT,EQUITY,1782547200001,0.00000000,238.00927183
CRDOUSDT,EQUITY,1782576000001,0.00000000,237.10750640
CRDOUSDT,EQUITY,1782604800002,0.00000000,236.59612633
CRDOUSDT,EQUITY,1782633600002,0.00000000,239.36484257
CRDOUSDT,EQUITY,1782662400001,0.00000000,239.70977552
CRDOUSDT,EQUITY,1782691200001,0.00019156,243.95247880
CRDOUSDT,EQUITY,1782720000001,0.00000000,243.30000000
CRDOUSDT,EQUITY,1782748800001,0.00000000,240.37000000
CRDOUSDT,EQUITY,1782777600000,0.00079886,245.25000000
CRDOUSDT,EQUITY,1782806400000,0.00000000,249.28735508
CRDOUSDT,EQUITY,1782835200001,0.00000000,271.73842279
CRDOUSDT,EQUITY,1782864000000,0.00068666,274.90000000
CRDOUSDT,EQUITY,1782892800001,0.00000000,268.35173904
CRDOUSDT,EQUITY,1782921600001,0.00000000,261.39000000
CRDOUSDT,EQUITY,1782950400000,0.00006429,257.88584329
CRDOUSDT,EQUITY,1782979200001,0.00000000,250.49253603
CRDOUSDT,EQUITY,1783008000001,0.00011164,245.24548183
CRDOUSDT,EQUITY,1783036800001,0.00132235,243.82932429
CRDOUSDT,EQUITY,1783065600001,0.00000000,249.93000000
CRDOUSDT,EQUITY,1783094400001,0.00000000,251.79359051
CRDOUSDT,EQUITY,1783123200001,0.00000000,244.98000000
CRDOUSDT,EQUITY,1783152000001,0.00000000,247.33000000
CRDOUSDT,EQUITY,1783180800001,0.00000000,248.12000000
CRDOUSDT,EQUITY,1783209600002,0.00000000,249.02000000
CRDOUSDT,EQUITY,1783238400001,0.00000000,251.19298762
CRDOUSDT,EQUITY,1783267200001,0.00000000,252.99505377
CRDOUSDT,EQUITY,1783296000001,0.00000000,252.73847636
CRDOUSDT,EQUITY,1783324800001,0.00000000,251.91336185
CRDOUSDT,EQUITY,1783353600001,0.00000000,273.79653296
CRDOUSDT,EQUITY,1783382400001,0.00000000,262.89316030
CRDOUSDT,EQUITY,1783411200001,0.00000000,257.32650638
CRDOUSDT,EQUITY,1783440000001,0.00000000,238.91686253
CRDOUSDT,EQUITY,1783468800002,0.00000000,240.68245349
CRDOUSDT,EQUITY,1783497600001,0.00000000,246.32479464
CRDOUSDT,EQUITY,1783526400001,0.00000000,247.77611353
CRDOUSDT,EQUITY,1783555200001,0.00037640,262.97567324
CRDOUSDT,EQUITY,1783584000001,0.00000000,267.00362998
CRDOUSDT,EQUITY,1783612800001,0.00003481,275.70563862
CRDOUSDT,EQUITY,1783641600001,0.00000000,266.66579640
CRDOUSDT,EQUITY,1783670400001,0.00000000,266.00338063
CRDOUSDT,EQUITY,1783699200001,0.00000000,259.39000000
CRDOUSDT,EQUITY,1783728000001,0.00000000,259.04490276
CRDOUSDT,EQUITY,1783756800001,0.00000000,260.64000000
CRDOUSDT,EQUITY,1783785600001,0.00000000,261.38000000
CRDOUSDT,EQUITY,1783814400001,0.00000000,262.21849046
CRDOUSDT,EQUITY,1783843200001,0.00000000,261.78470929
CRDOUSDT,EQUITY,1783872000001,0.00000000,262.13051130
CRDOUSDT,EQUITY,1783900800001,0.00000000,259.09000000
CRDOUSDT,EQUITY,1783929600001,0.00000000,245.92000000
CRDOUSDT,EQUITY,1783958400001,0.00000000,243.74000000
CRDOUSDT,EQUITY,1783987200002,0.00000000,235.75000000
CRDOUSDT,EQUITY,1784016000001,0.00000000,241.76000000
CRDOUSDT,EQUITY,1784044800001,0.00000000,242.19850628
CRDOUSDT,EQUITY,1784073600001,0.00000000,239.02504535
CRDOUSDT,EQUITY,1784102400001,0.00000000,242.59999020
CRDOUSDT,EQUITY,1784131200001,0.00000000,222.52251532
CRDOUSDT,EQUITY,1784160000001,0.00008366,227.21000000
CRDOUSDT,EQUITY,1784188800002,0.00000000,222.45314724
CRDOUSDT,EQUITY,1784217600001,0.00000000,208.46698125
CRDOUSDT,EQUITY,1784246400001,0.00009624,204.15660448
CRDOUSDT,EQUITY,1784275200001,0.00000000,195.96445207
CRDOUSDT,EQUITY,1784304000001,0.00000000,199.54130360
CRDOUSDT,EQUITY,1784332800001,0.00000770,201.25000000
CRDOUSDT,EQUITY,1784361600001,0.00000000,199.53113985
CRDOUSDT,EQUITY,1784390400001,0.00000000,198.35000000
CRDOUSDT,EQUITY,1784419200001,0.00000000,198.25639590
CRDOUSDT,EQUITY,1784448000001,0.00000000,197.86423130
CRDOUSDT,EQUITY,1784476800001,0.00000000,197.18743970
CRDOUSDT,EQUITY,1784505600002,0.00000000,198.07000000
CRDOUSDT,EQUITY,1784534400001,0.00000000,205.48746805
CRDOUSDT,EQUITY,1784563200001,0.00000000,219.52000000
CRDOUSDT,EQUITY,1784592000001,0.00000000,213.04260253
CRDOUSDT,EQUITY,1784620800001,0.00000000,222.25667296
CRDOUSDT,EQUITY,1784649600000,0.00000000,222.65688619
CRDOUSDT,EQUITY,1784678400000,0.00021627,227.87000000
CRDOUSDT,EQUITY,1784707200001,0.00000000,217.91346027
AAOIUSDT,EQUITY,1780934400001,0.00187277,194.74511912
AAOIUSDT,EQUITY,1780963200001,0.00104362,196.79370968
AAOIUSDT,EQUITY,1780992000001,0.00145853,202.09985613
AAOIUSDT,EQUITY,1781020800001,0.00064565,167.27793082
AAOIUSDT,EQUITY,1781049600001,0.00215703,167.72000000
AAOIUSDT,EQUITY,1781078400001,0.00144724,166.54000000
AAOIUSDT,EQUITY,1781107200001,0.00006853,174.20485109
AAOIUSDT,EQUITY,1781136000001,0.00000000,168.96000000
AAOIUSDT,EQUITY,1781164800001,0.00063655,177.59186423
AAOIUSDT,EQUITY,1781193600001,0.00067005,166.67844848
AAOIUSDT,EQUITY,1781222400001,0.00098745,177.28267142
AAOIUSDT,EQUITY,1781251200001,0.00047719,172.66000000
AAOIUSDT,EQUITY,1781280000001,0.00031402,166.28364653
AAOIUSDT,EQUITY,1781308800001,0.00058436,170.61179145
AAOIUSDT,EQUITY,1781337600001,0.00000000,170.41000000
AAOIUSDT,EQUITY,1781366400001,0.00000000,170.16603901
AAOIUSDT,EQUITY,1781395200001,0.00000000,172.74534034
AAOIUSDT,EQUITY,1781424000001,0.00008800,174.13963501
AAOIUSDT,EQUITY,1781452800001,0.00000000,175.15300494
AAOIUSDT,EQUITY,1781481600001,0.00000378,176.11322153
AAOIUSDT,EQUITY,1781510400002,0.00086704,178.61000000
AAOIUSDT,EQUITY,1781539200001,0.00033400,187.90338520
AAOIUSDT,EQUITY,1781568000001,0.00000000,190.51000000
AAOIUSDT,EQUITY,1781596800001,0.00000000,194.50182136
AAOIUSDT,EQUITY,1781625600001,0.00000000,175.87838682
AAOIUSDT,EQUITY,1781654400001,0.00000000,173.15532500
AAOIUSDT,EQUITY,1781683200001,0.00000000,178.16000000
AAOIUSDT,EQUITY,1781712000001,0.00001347,170.48450475
AAOIUSDT,EQUITY,1781740800001,0.00051417,171.21904924
AAOIUSDT,EQUITY,1781769600001,0.00032567,172.48642973
AAOIUSDT,EQUITY,1781798400001,0.00071449,165.07000000
AAOIUSDT,EQUITY,1781827200001,0.00130468,162.50000000
AAOIUSDT,EQUITY,1781856000001,0.00000000,163.98548029
AAOIUSDT,EQUITY,1781884800001,0.00000000,164.61526299
AAOIUSDT,EQUITY,1781913600001,0.00000000,165.29000000
AAOIUSDT,EQUITY,1781942400001,0.00009088,167.55000000
AAOIUSDT,EQUITY,1781971200001,-0.00025007,165.62737402
AAOIUSDT,EQUITY,1782000000001,0.00000000,166.78041870
AAOIUSDT,EQUITY,1782028800001,0.00000000,166.72068736
AAOIUSDT,EQUITY,1782057600001,0.00000000,166.50178044
AAOIUSDT,EQUITY,1782086400001,-0.00085546,162.79000000
AAOIUSDT,EQUITY,1782115200001,0.00086421,165.34501517
AAOIUSDT,EQUITY,1782144000001,0.00076627,158.68000000
AAOIUSDT,EQUITY,1782172800001,0.00000000,169.17000000
AAOIUSDT,EQUITY,1782201600002,0.00000000,161.12561998
AAOIUSDT,EQUITY,1782230400001,0.00000000,152.00525971
AAOIUSDT,EQUITY,1782259200001,0.00000000,149.15412826
AAOIUSDT,EQUITY,1782288000001,0.00029622,151.24755221
AAOIUSDT,EQUITY,1782316800001,0.00057970,145.66632028
AAOIUSDT,EQUITY,1782345600002,0.00022452,154.24909822
AAOIUSDT,EQUITY,1782374400001,0.00005587,154.06000000
AAOIUSDT,EQUITY,1782403200001,0.00000000,135.04000000
AAOIUSDT,EQUITY,1782432000001,0.00000000,137.13000000
AAOIUSDT,EQUITY,1782460800002,0.00000000,132.45000000
AAOIUSDT,EQUITY,1782489600001,0.00000000,132.02000000
AAOIUSDT,EQUITY,1782518400001,0.00048525,134.13056940
AAOIUSDT,EQUITY,1782547200001,0.00000000,133.49587334
AAOIUSDT,EQUITY,1782576000001,0.00000000,134.28791394
AAOIUSDT,EQUITY,1782604800002,0.00000000,133.17000000
AAOIUSDT,EQUITY,1782633600002,0.00000000,134.06000000
AAOIUSDT,EQUITY,1782662400001,0.00000000,133.76000000
AAOIUSDT,EQUITY,1782691200001,0.00014282,134.30000000
AAOIUSDT,EQUITY,1782720000001,0.00006866,137.33410239
AAOIUSDT,EQUITY,1782748800001,0.00026261,142.03000000
AAOIUSDT,EQUITY,1782777600000,0.00052091,149.18000000
AAOIUSDT,EQUITY,1782806400000,0.00000000,148.81841043
AAOIUSDT,EQUITY,1782835200001,0.00010300,147.05000000
AAOIUSDT,EQUITY,1782864000000,0.00000000,147.81167574
AAOIUSDT,EQUITY,1782892800001,0.00000925,146.60000000
AAOIUSDT,EQUITY,1782921600001,0.00000000,140.11199860
AAOIUSDT,EQUITY,1782950400000,0.00051001,139.22000000
AAOIUSDT,EQUITY,1782979200001,0.00000000,133.52025614
AAOIUSDT,EQUITY,1783008000001,0.00000000,118.78000000
AAOIUSDT,EQUITY,1783036800001,0.00016930,121.29000000
AAOIUSDT,EQUITY,1783065600001,0.00045018,125.50567860
AAOIUSDT,EQUITY,1783094400001,0.00072982,128.77000000
AAOIUSDT,EQUITY,1783123200001,0.00000000,128.71529683
AAOIUSDT,EQUITY,1783152000001,0.00000000,128.98836686
AAOIUSDT,EQUITY,1783180800001,-0.00018197,127.90000000
AAOIUSDT,EQUITY,1783209600002,0.00000000,127.94000000
AAOIUSDT,EQUITY,1783238400001,0.00000000,127.84256182
AAOIUSDT,EQUITY,1783267200001,-0.00058714,125.67000000
AAOIUSDT,EQUITY,1783296000001,0.00000000,125.56000000
AAOIUSDT,EQUITY,1783324800001,0.00000000,122.83372262
AAOIUSDT,EQUITY,1783353600001,0.00000000,127.98800696
AAOIUSDT,EQUITY,1783382400001,0.00000000,121.80439788
AAOIUSDT,EQUITY,1783411200001,0.00000000,119.93303303
AAOIUSDT,EQUITY,1783440000001,0.00000000,115.53775717
AAOIUSDT,EQUITY,1783468800002,0.00008685,112.66223777
AAOIUSDT,EQUITY,1783497600001,0.00000000,113.76202305
AAOIUSDT,EQUITY,1783526400001,0.00000000,111.87000000
AAOIUSDT,EQUITY,1783555200001,0.00000000,115.43058750
AAOIUSDT,EQUITY,1783584000001,0.00000000,119.08000000
AAOIUSDT,EQUITY,1783612800001,0.00000000,122.44000000
AAOIUSDT,EQUITY,1783641600001,0.00000000,123.42908935
AAOIUSDT,EQUITY,1783670400001,0.00000000,119.81506929
AAOIUSDT,EQUITY,1783699200001,0.00000000,116.04783408
AAOIUSDT,EQUITY,1783728000001,0.00072576,119.69155618
AAOIUSDT,EQUITY,1783756800001,0.00031319,122.56251609
AAOIUSDT,EQUITY,1783785600001,-0.00010216,122.15004646
AAOIUSDT,EQUITY,1783814400001,-0.00057868,120.44646449
AAOIUSDT,EQUITY,1783843200001,0.00000000,121.91365749
AAOIUSDT,EQUITY,1783872000001,0.00000000,120.60469479
AAOIUSDT,EQUITY,1783900800001,-0.00053075,119.14000000
AAOIUSDT,EQUITY,1783929600001,0.00000000,114.68955174
AAOIUSDT,EQUITY,1783958400001,0.00000000,112.51877841
AAOIUSDT,EQUITY,1783987200002,0.00000000,109.83507968
AAOIUSDT,EQUITY,1784016000001,0.00031891,114.13487783
AAOIUSDT,EQUITY,1784044800001,0.00025748,123.66000000
AAOIUSDT,EQUITY,1784073600001,0.00034083,127.11000000
AAOIUSDT,EQUITY,1784102400001,0.00000000,128.17882547
AAOIUSDT,EQUITY,1784131200001,0.00000000,110.42000000
AAOIUSDT,EQUITY,1784160000001,0.00000000,108.51909575
AAOIUSDT,EQUITY,1784188800002,0.00000000,107.49000000
AAOIUSDT,EQUITY,1784217600001,0.00000000,101.09890345
AAOIUSDT,EQUITY,1784246400001,0.00004988,98.35953512
AAOIUSDT,EQUITY,1784275200001,0.00000000,94.20863166
AAOIUSDT,EQUITY,1784304000001,0.00000000,103.67000000
AAOIUSDT,EQUITY,1784332800001,0.00000000,102.01591360
AAOIUSDT,EQUITY,1784361600001,-0.00067738,101.05000000
AAOIUSDT,EQUITY,1784390400001,-0.00018300,98.66208891
AAOIUSDT,EQUITY,1784419200001,0.00000000,98.92000000
AAOIUSDT,EQUITY,1784448000001,0.00000000,101.54018820
AAOIUSDT,EQUITY,1784476800001,0.00000000,101.05000000
AAOIUSDT,EQUITY,1784505600002,0.00062621,103.58612739
AAOIUSDT,EQUITY,1784534400001,0.00000000,103.47880657
AAOIUSDT,EQUITY,1784563200001,0.00006810,104.74551313
AAOIUSDT,EQUITY,1784592000001,0.00043584,103.24118110
AAOIUSDT,EQUITY,1784620800001,0.00000000,108.08199696
AAOIUSDT,EQUITY,1784649600000,0.00000000,115.14000000
AAOIUSDT,EQUITY,1784678400000,0.00000000,123.45243888
AAOIUSDT,EQUITY,1784707200001,0.00000000,116.29724636
IWMUSDT,EQUITY,1780934400001,0.00000000,285.70147573
IWMUSDT,EQUITY,1780963200001,0.00000000,283.66000000
IWMUSDT,EQUITY,1780992000001,0.00000000,285.17000000
IWMUSDT,EQUITY,1781020800001,0.00000000,281.21333512
IWMUSDT,EQUITY,1781049600001,0.00000000,284.22468127
IWMUSDT,EQUITY,1781078400001,0.00000000,284.07639999
IWMUSDT,EQUITY,1781107200001,0.00000000,285.34000000
IWMUSDT,EQUITY,1781136000001,0.00000000,280.33881659
IWMUSDT,EQUITY,1781164800001,0.00000000,285.07616712
IWMUSDT,EQUITY,1781193600001,0.00000000,285.97013111
IWMUSDT,EQUITY,1781222400001,0.00000000,291.23959906
IWMUSDT,EQUITY,1781251200001,0.00000000,291.16000000
IWMUSDT,EQUITY,1781280000001,0.00000000,292.77694602
IWMUSDT,EQUITY,1781308800001,0.00000000,293.73000000
IWMUSDT,EQUITY,1781337600001,0.00000000,292.78825558
IWMUSDT,EQUITY,1781366400001,0.00000000,292.45542445
IWMUSDT,EQUITY,1781395200001,0.00007315,296.58000000
IWMUSDT,EQUITY,1781424000001,0.00000000,294.04000000
IWMUSDT,EQUITY,1781452800001,0.00000000,294.88907698
IWMUSDT,EQUITY,1781481600001,0.00006654,298.47217454
IWMUSDT,EQUITY,1781510400002,0.00000000,297.01000000
IWMUSDT,EQUITY,1781539200001,0.00000000,295.94803338
IWMUSDT,EQUITY,1781568000001,0.00000000,294.36063351
IWMUSDT,EQUITY,1781596800001,0.00000000,295.29655670
IWMUSDT,EQUITY,1781625600001,0.00000000,293.55958721
IWMUSDT,EQUITY,1781654400001,0.00000000,292.22000000
IWMUSDT,EQUITY,1781683200001,0.00000000,292.41746787
IWMUSDT,EQUITY,1781712000001,0.00000000,295.50036453
IWMUSDT,EQUITY,1781740800001,0.00000000,292.44276634
IWMUSDT,EQUITY,1781769600001,0.00000000,293.51825105
IWMUSDT,EQUITY,1781798400001,0.00000000,293.89574022
IWMUSDT,EQUITY,1781827200001,0.00000000,295.14001474
IWMUSDT,EQUITY,1781856000001,0.00000000,299.25170996
IWMUSDT,EQUITY,1781884800001,0.00000000,296.40009656
IWMUSDT,EQUITY,1781913600001,0.00000000,295.49552665
IWMUSDT,EQUITY,1781942400001,0.00000000,297.34714321
IWMUSDT,EQUITY,1781971200001,0.00000000,297.71000000
IWMUSDT,EQUITY,1782000000001,0.00000000,294.29919773
IWMUSDT,EQUITY,1782028800001,0.00000000,294.34565232
IWMUSDT,EQUITY,1782057600001,0.00000000,293.90042699
IWMUSDT,EQUITY,1782086400001,0.00000000,293.53536314
IWMUSDT,EQUITY,1782115200001,0.00000000,294.84834652
IWMUSDT,EQUITY,1782144000001,0.00000000,297.88000000
IWMUSDT,EQUITY,1782172800001,0.00000000,298.00000000
IWMUSDT,EQUITY,1782201600002,0.00000000,293.43000000
IWMUSDT,EQUITY,1782230400001,0.00000000,296.60000000
IWMUSDT,EQUITY,1782259200001,0.00000000,295.69012708
IWMUSDT,EQUITY,1782288000001,0.00000000,295.49283909
IWMUSDT,EQUITY,1782316800001,0.00000000,299.14000000
IWMUSDT,EQUITY,1782345600002,0.00000000,298.13894960
IWMUSDT,EQUITY,1782374400001,0.00000000,297.87146898
IWMUSDT,EQUITY,1782403200001,0.00000000,298.36319581
IWMUSDT,EQUITY,1782432000001,0.00000000,298.50963335
IWMUSDT,EQUITY,1782460800002,0.00000000,298.87660780
IWMUSDT,EQUITY,1782489600001,0.00000000,299.57000000
IWMUSDT,EQUITY,1782518400001,0.00000000,299.18019002
IWMUSDT,EQUITY,1782547200001,0.00000000,298.25000000
IWMUSDT,EQUITY,1782576000001,0.00000000,299.07201088
IWMUSDT,EQUITY,1782604800002,0.00000000,297.65903371
IWMUSDT,EQUITY,1782633600002,0.00000000,295.88000000
IWMUSDT,EQUITY,1782662400001,0.00000000,296.18455809
IWMUSDT,EQUITY,1782691200001,0.00000000,298.29000000
IWMUSDT,EQUITY,1782720000001,0.00000000,298.88390431
IWMUSDT,EQUITY,1782748800001,0.00000000,296.42714592
IWMUSDT,EQUITY,1782777600000,0.00000000,298.54121335
IWMUSDT,EQUITY,1782806400000,0.00000000,299.01604529
IWMUSDT,EQUITY,1782835200001,0.00000000,299.39000000
IWMUSDT,EQUITY,1782864000000,0.00000000,299.92019191
IWMUSDT,EQUITY,1782892800001,0.00000000,299.20164614
IWMUSDT,EQUITY,1782921600001,0.00000000,302.01712031
IWMUSDT,EQUITY,1782950400000,0.00000000,298.83321844
IWMUSDT,EQUITY,1782979200001,0.00000000,299.09097500
IWMUSDT,EQUITY,1783008000001,0.00000000,297.64000000
IWMUSDT,EQUITY,1783036800001,0.00000000,297.48457450
IWMUSDT,EQUITY,1783065600001,0.00000000,301.51763569
IWMUSDT,EQUITY,1783094400001,0.00000000,301.40510054
IWMUSDT,EQUITY,1783123200001,0.00000000,300.60450363
IWMUSDT,EQUITY,1783152000001,0.00000000,301.18845745
IWMUSDT,EQUITY,1783180800001,0.00000000,301.15926183
IWMUSDT,EQUITY,1783209600002,0.00000000,299.22457063
IWMUSDT,EQUITY,1783238400001,0.00000000,299.09032567
IWMUSDT,EQUITY,1783267200001,0.00000000,298.68000000
IWMUSDT,EQUITY,1783296000001,0.00000000,299.96352944
IWMUSDT,EQUITY,1783324800001,0.00000000,298.20210167
IWMUSDT,EQUITY,1783353600001,0.00000000,300.22668301
IWMUSDT,EQUITY,1783382400001,0.00000000,299.10564104
IWMUSDT,EQUITY,1783411200001,0.00000000,298.68307744
IWMUSDT,EQUITY,1783440000001,0.00000000,296.64424257
IWMUSDT,EQUITY,1783468800002,0.00000000,295.64980439
IWMUSDT,EQUITY,1783497600001,0.00000000,295.18292101
IWMUSDT,EQUITY,1783526400001,0.00000000,290.92397411
IWMUSDT,EQUITY,1783555200001,0.00000000,293.21080008
IWMUSDT,EQUITY,1783584000001,0.00000000,294.73391203
IWMUSDT,EQUITY,1783612800001,0.00000000,296.91999968
IWMUSDT,EQUITY,1783641600001,0.00000000,296.87853159
IWMUSDT,EQUITY,1783670400001,0.00000000,296.76940141
IWMUSDT,EQUITY,1783699200001,0.00000000,295.24000000
IWMUSDT,EQUITY,1783728000001,0.00000000,296.03503648
IWMUSDT,EQUITY,1783756800001,0.00000000,296.05185876
IWMUSDT,EQUITY,1783785600001,0.00000000,295.80965880
IWMUSDT,EQUITY,1783814400001,0.00000000,295.77126918
IWMUSDT,EQUITY,1783843200001,0.00000000,296.52390549
IWMUSDT,EQUITY,1783872000001,0.00000000,297.60502529
IWMUSDT,EQUITY,1783900800001,0.00000000,293.53000000
IWMUSDT,EQUITY,1783929600001,0.00000000,295.26121974
IWMUSDT,EQUITY,1783958400001,0.00000000,294.00000000
IWMUSDT,EQUITY,1783987200002,0.00000000,292.82000000
IWMUSDT,EQUITY,1784016000001,0.00000000,292.91599748
IWMUSDT,EQUITY,1784044800001,0.00000000,294.72379514
IWMUSDT,EQUITY,1784073600001,0.00000000,294.70125053
IWMUSDT,EQUITY,1784102400001,0.00000000,294.47359301
IWMUSDT,EQUITY,1784131200001,0.00000000,295.73290021
IWMUSDT,EQUITY,1784160000001,0.00000000,295.99000000
IWMUSDT,EQUITY,1784188800002,0.00000000,294.82000000
IWMUSDT,EQUITY,1784217600001,0.00000000,296.51378153
IWMUSDT,EQUITY,1784246400001,0.00000000,295.45000000
IWMUSDT,EQUITY,1784275200001,0.00000000,293.66000000
IWMUSDT,EQUITY,1784304000001,0.00000000,294.27285512
IWMUSDT,EQUITY,1784332800001,0.00000000,293.58822642
IWMUSDT,EQUITY,1784361600001,0.00000000,295.08471405
IWMUSDT,EQUITY,1784390400001,0.00000000,295.91000000
IWMUSDT,EQUITY,1784419200001,0.00000000,296.00569672
IWMUSDT,EQUITY,1784448000001,0.00000000,296.91117170
IWMUSDT,EQUITY,1784476800001,0.00000000,294.73622603
IWMUSDT,EQUITY,1784505600002,0.00000000,290.61410853
IWMUSDT,EQUITY,1784534400001,0.00000000,294.85551992
IWMUSDT,EQUITY,1784563200001,0.00000000,293.82319681
IWMUSDT,EQUITY,1784592000001,0.00000000,292.53612933
IWMUSDT,EQUITY,1784620800001,0.00000000,294.42000000
IWMUSDT,EQUITY,1784649600000,0.00000000,295.32000000
IWMUSDT,EQUITY,1784678400000,0.00000000,296.72789633
IWMUSDT,EQUITY,1784707200001,0.00000000,295.01000000
AXTIUSDT,EQUITY,1780934400001,0.00233284,93.56000000
AXTIUSDT,EQUITY,1780963200001,0.00255895,91.54000000
AXTIUSDT,EQUITY,1780992000001,0.00211083,93.73000000
AXTIUSDT,EQUITY,1781020800001,0.00202836,79.76000000
AXTIUSDT,EQUITY,1781049600001,0.00149070,79.23000000
AXTIUSDT,EQUITY,1781078400001,0.00178474,78.41556664
AXTIUSDT,EQUITY,1781107200001,0.00121016,88.01836994
AXTIUSDT,EQUITY,1781136000001,0.00092724,83.12000000
AXTIUSDT,EQUITY,1781164800001,0.00080122,88.74000000
AXTIUSDT,EQUITY,1781193600001,0.00086498,84.24000000
AXTIUSDT,EQUITY,1781222400001,0.00110827,91.81350291
AXTIUSDT,EQUITY,1781251200001,0.00028394,89.62641745
AXTIUSDT,EQUITY,1781280000001,0.00000000,94.77921558
AXTIUSDT,EQUITY,1781308800001,0.00011928,98.29046590
AXTIUSDT,EQUITY,1781337600001,0.00178555,101.96000000
AXTIUSDT,EQUITY,1781366400001,0.00041827,103.21000000
AXTIUSDT,EQUITY,1781395200001,0.00000000,101.14000000
AXTIUSDT,EQUITY,1781424000001,0.00000000,101.44504654
AXTIUSDT,EQUITY,1781452800001,0.00027938,103.91368110
AXTIUSDT,EQUITY,1781481600001,0.00000000,103.91000000
AXTIUSDT,EQUITY,1781510400002,0.00033883,111.97000000
AXTIUSDT,EQUITY,1781539200001,0.00066563,110.80730918
AXTIUSDT,EQUITY,1781568000001,0.00000000,111.01000000
AXTIUSDT,EQUITY,1781596800001,0.00000000,113.06519540
AXTIUSDT,EQUITY,1781625600001,0.00000000,98.00000000
AXTIUSDT,EQUITY,1781654400001,0.00000000,94.62000000
AXTIUSDT,EQUITY,1781683200001,0.00000000,97.65000000
AXTIUSDT,EQUITY,1781712000001,0.00000000,95.24155515
AXTIUSDT,EQUITY,1781740800001,0.00000000,94.04997858
AXTIUSDT,EQUITY,1781769600001,0.00012757,96.16000000
AXTIUSDT,EQUITY,1781798400001,0.00000000,83.50849481
AXTIUSDT,EQUITY,1781827200001,0.00088356,84.74213162
AXTIUSDT,EQUITY,1781856000001,0.00178832,87.74196358
AXTIUSDT,EQUITY,1781884800001,-0.00084421,86.39000000
AXTIUSDT,EQUITY,1781913600001,0.00000000,86.56173923
AXTIUSDT,EQUITY,1781942400001,0.00047567,87.13000000
AXTIUSDT,EQUITY,1781971200001,0.00000000,89.31826422
AXTIUSDT,EQUITY,1782000000001,0.00000000,89.35666239
AXTIUSDT,EQUITY,1782028800001,0.00139915,91.06411579
AXTIUSDT,EQUITY,1782057600001,0.00000000,91.10343972
AXTIUSDT,EQUITY,1782086400001,-0.00188117,87.42407912
AXTIUSDT,EQUITY,1782115200001,0.00000000,87.93494873
AXTIUSDT,EQUITY,1782144000001,0.00014095,88.13414743
AXTIUSDT,EQUITY,1782172800001,0.00000000,91.74000000
AXTIUSDT,EQUITY,1782201600002,0.00000000,84.94844086
AXTIUSDT,EQUITY,1782230400001,0.00000000,80.05781709
AXTIUSDT,EQUITY,1782259200001,0.00000203,78.40309422
AXTIUSDT,EQUITY,1782288000001,0.00000000,79.59635871
AXTIUSDT,EQUITY,1782316800001,0.00057105,70.77000000
AXTIUSDT,EQUITY,1782345600002,0.00011617,75.13500980
AXTIUSDT,EQUITY,1782374400001,0.00000000,75.51000000
AXTIUSDT,EQUITY,1782403200001,0.00000000,66.86179865
AXTIUSDT,EQUITY,1782432000001,0.00000000,68.77225814
AXTIUSDT,EQUITY,1782460800002,0.00000000,68.04000000
AXTIUSDT,EQUITY,1782489600001,0.00000000,67.20879808
AXTIUSDT,EQUITY,1782518400001,0.00000000,69.64000000
AXTIUSDT,EQUITY,1782547200001,0.00162801,71.57000000
AXTIUSDT,EQUITY,1782576000001,0.00000000,71.33000000
AXTIUSDT,EQUITY,1782604800002,0.00000000,71.35000000
AXTIUSDT,EQUITY,1782633600002,0.00000000,71.67119247
AXTIUSDT,EQUITY,1782662400001,-0.00075629,69.88000000
AXTIUSDT,EQUITY,1782691200001,0.00000000,70.38000000
AXTIUSDT,EQUITY,1782720000001,0.00000000,70.83486623
AXTIUSDT,EQUITY,1782748800001,0.00000000,68.53000000
AXTIUSDT,EQUITY,1782777600000,0.00000000,71.13669467
AXTIUSDT,EQUITY,1782806400000,0.00000000,71.77000000
AXTIUSDT,EQUITY,1782835200001,0.00000000,70.29000000
AXTIUSDT,EQUITY,1782864000000,0.00000000,71.77357575
AXTIUSDT,EQUITY,1782892800001,0.00000000,70.76918898
AXTIUSDT,EQUITY,1782921600001,0.00000000,65.85988719
AXTIUSDT,EQUITY,1782950400000,0.00000000,64.48069398
AXTIUSDT,EQUITY,1782979200001,0.00000000,62.45339296
AXTIUSDT,EQUITY,1783008000001,0.00000000,57.52768452
AXTIUSDT,EQUITY,1783036800001,0.00000000,59.64053302
AXTIUSDT,EQUITY,1783065600001,0.00000000,59.04000000
AXTIUSDT,EQUITY,1783094400001,0.00000000,60.00034912
AXTIUSDT,EQUITY,1783123200001,0.00000000,60.21344400
AXTIUSDT,EQUITY,1783152000001,0.00000000,59.96668683
AXTIUSDT,EQUITY,1783180800001,0.00000000,60.22000000
AXTIUSDT,EQUITY,1783209600002,0.00000000,60.25000000
AXTIUSDT,EQUITY,1783238400001,0.00000000,60.82599989
AXTIUSDT,EQUITY,1783267200001,0.00000000,60.98000000
AXTIUSDT,EQUITY,1783296000001,0.00000000,61.58000000
AXTIUSDT,EQUITY,1783324800001,0.00000000,59.21930530
AXTIUSDT,EQUITY,1783353600001,0.00000000,67.72135853
AXTIUSDT,EQUITY,1783382400001,0.00000000,62.19673910
AXTIUSDT,EQUITY,1783411200001,0.00000000,62.03000000
AXTIUSDT,EQUITY,1783440000001,0.00000000,61.15090811
AXTIUSDT,EQUITY,1783468800002,0.00000000,57.26000000
AXTIUSDT,EQUITY,1783497600001,0.00000000,58.66200917
AXTIUSDT,EQUITY,1783526400001,0.00000000,57.13141935
AXTIUSDT,EQUITY,1783555200001,0.00000000,61.09158620
AXTIUSDT,EQUITY,1783584000001,0.00000000,63.31312980
AXTIUSDT,EQUITY,1783612800001,0.00000000,62.29072398
AXTIUSDT,EQUITY,1783641600001,0.00037375,63.75000000
AXTIUSDT,EQUITY,1783670400001,0.00000000,62.05840729
AXTIUSDT,EQUITY,1783699200001,0.00000000,56.67000000
AXTIUSDT,EQUITY,1783728000001,0.00001382,57.39529284
AXTIUSDT,EQUITY,1783756800001,0.00000000,57.72000000
AXTIUSDT,EQUITY,1783785600001,0.00000000,57.31997602
AXTIUSDT,EQUITY,1783814400001,0.00000000,56.87400920
AXTIUSDT,EQUITY,1783843200001,0.00000000,57.29000280
AXTIUSDT,EQUITY,1783872000001,0.00000000,56.93221743
AXTIUSDT,EQUITY,1783900800001,0.00000000,56.55000000
AXTIUSDT,EQUITY,1783929600001,0.00000000,54.74825838
AXTIUSDT,EQUITY,1783958400001,0.00000000,49.10038072
AXTIUSDT,EQUITY,1783987200002,0.00000000,49.68413285
AXTIUSDT,EQUITY,1784016000001,0.00000000,51.70322584
AXTIUSDT,EQUITY,1784044800001,0.00000000,57.51000000
AXTIUSDT,EQUITY,1784073600001,0.00000000,57.80000000
AXTIUSDT,EQUITY,1784102400001,0.00000000,58.43000000
AXTIUSDT,EQUITY,1784131200001,0.00000000,53.31655939
AXTIUSDT,EQUITY,1784160000001,0.00000000,53.04866020
AXTIUSDT,EQUITY,1784188800002,0.00000000,52.76843291
AXTIUSDT,EQUITY,1784217600001,0.00000000,46.70000000
AXTIUSDT,EQUITY,1784246400001,0.00002289,45.29791678
AXTIUSDT,EQUITY,1784275200001,0.00000000,43.70694216
AXTIUSDT,EQUITY,1784304000001,0.00000000,47.16761911
AXTIUSDT,EQUITY,1784332800001,0.00000000,45.51869108
AXTIUSDT,EQUITY,1784361600001,0.00000000,45.67000000
AXTIUSDT,EQUITY,1784390400001,0.00000000,44.95946611
AXTIUSDT,EQUITY,1784419200001,0.00000000,44.74495687
AXTIUSDT,EQUITY,1784448000001,0.00000000,45.00818952
AXTIUSDT,EQUITY,1784476800001,0.00000000,44.38817964
AXTIUSDT,EQUITY,1784505600002,0.00122722,45.49676616
AXTIUSDT,EQUITY,1784534400001,0.00000000,46.16274954
AXTIUSDT,EQUITY,1784563200001,0.00000000,49.31541245
AXTIUSDT,EQUITY,1784592000001,0.00055176,48.82000000
AXTIUSDT,EQUITY,1784620800001,0.00000000,51.35000000
AXTIUSDT,EQUITY,1784649600000,0.00000000,55.26770911
AXTIUSDT,EQUITY,1784678400000,0.00000000,57.72524786
AXTIUSDT,EQUITY,1784707200001,0.00000000,54.88897117
NFLXUSDT,EQUITY,1781020800001,0.00000000,81.98873744
NFLXUSDT,EQUITY,1781049600001,0.00000000,81.91000000
NFLXUSDT,EQUITY,1781078400001,0.00000000,81.82000000
NFLXUSDT,EQUITY,1781107200001,0.00000000,82.63000000
NFLXUSDT,EQUITY,1781136000001,0.00000000,81.70000000
NFLXUSDT,EQUITY,1781164800001,0.00000000,82.05354292
NFLXUSDT,EQUITY,1781193600001,0.00000000,80.86459549
NFLXUSDT,EQUITY,1781222400001,0.00000000,81.57438350
NFLXUSDT,EQUITY,1781251200001,0.00000000,81.59643515
NFLXUSDT,EQUITY,1781280000001,0.00000000,80.35698862
NFLXUSDT,EQUITY,1781308800001,0.00000000,80.37000000
NFLXUSDT,EQUITY,1781337600001,0.00000000,80.31996162
NFLXUSDT,EQUITY,1781366400001,0.00000000,80.38488857
NFLXUSDT,EQUITY,1781395200001,0.00000000,80.25506344
NFLXUSDT,EQUITY,1781424000001,0.00000000,80.32438404
NFLXUSDT,EQUITY,1781452800001,0.00000000,80.62803208
NFLXUSDT,EQUITY,1781481600001,0.00000000,80.76528508
NFLXUSDT,EQUITY,1781510400002,0.00000000,80.77810372
NFLXUSDT,EQUITY,1781539200001,0.00000000,81.52669329
NFLXUSDT,EQUITY,1781568000001,0.00000000,81.67549969
NFLXUSDT,EQUITY,1781596800001,0.00000000,81.77000000
NFLXUSDT,EQUITY,1781625600001,0.00000000,79.20381541
NFLXUSDT,EQUITY,1781654400001,0.00000000,78.66397733
NFLXUSDT,EQUITY,1781683200001,0.00000000,78.88735945
NFLXUSDT,EQUITY,1781712000001,0.00000000,77.91912699
NFLXUSDT,EQUITY,1781740800001,0.00000000,77.29611825
NFLXUSDT,EQUITY,1781769600001,0.00000000,77.41990645
NFLXUSDT,EQUITY,1781798400001,0.00000000,77.45471920
NFLXUSDT,EQUITY,1781827200001,0.00000000,77.41499500
NFLXUSDT,EQUITY,1781856000001,0.00000000,77.72000000
NFLXUSDT,EQUITY,1781884800001,0.00000000,77.79021939
NFLXUSDT,EQUITY,1781913600001,0.00000000,77.58017599
NFLXUSDT,EQUITY,1781942400001,0.00000000,77.77990507
NFLXUSDT,EQUITY,1781971200001,0.00000000,77.53955866
NFLXUSDT,EQUITY,1782000000001,0.00000000,77.64475804
NFLXUSDT,EQUITY,1782028800001,0.00000000,77.78000000
NFLXUSDT,EQUITY,1782057600001,0.00000000,77.61000000
NFLXUSDT,EQUITY,1782086400001,0.00000000,77.10000000
NFLXUSDT,EQUITY,1782115200001,0.00000000,77.31000000
NFLXUSDT,EQUITY,1782144000001,0.00000000,73.38515403
NFLXUSDT,EQUITY,1782172800001,0.00000000,73.02269154
NFLXUSDT,EQUITY,1782201600002,0.00000000,73.18651989
NFLXUSDT,EQUITY,1782230400001,0.00000000,73.12746667
NFLXUSDT,EQUITY,1782259200001,0.00000000,73.05000000
NFLXUSDT,EQUITY,1782288000001,0.00014922,72.91000000
NFLXUSDT,EQUITY,1782316800001,0.00000000,72.22000000
NFLXUSDT,EQUITY,1782345600002,0.00000000,71.65824608
NFLXUSDT,EQUITY,1782374400001,0.00000000,71.59500000
NFLXUSDT,EQUITY,1782403200001,0.00000000,72.20309457
NFLXUSDT,EQUITY,1782432000001,0.00000000,71.43609113
NFLXUSDT,EQUITY,1782460800002,0.00000000,71.45000000
NFLXUSDT,EQUITY,1782489600001,0.00000000,75.01913475
NFLXUSDT,EQUITY,1782518400001,0.00000000,73.87852320
NFLXUSDT,EQUITY,1782547200001,0.00000000,73.83629678
NFLXUSDT,EQUITY,1782576000001,0.00000000,73.76000000
NFLXUSDT,EQUITY,1782604800002,0.00000000,73.71783624
NFLXUSDT,EQUITY,1782633600002,0.00000000,73.75901728
NFLXUSDT,EQUITY,1782662400001,0.00000000,73.68326425
NFLXUSDT,EQUITY,1782691200001,0.00000000,74.04132910
NFLXUSDT,EQUITY,1782720000001,0.00000000,74.22212674
NFLXUSDT,EQUITY,1782748800001,0.00000000,74.96032271
NFLXUSDT,EQUITY,1782777600000,0.00000000,74.09678229
NFLXUSDT,EQUITY,1782806400000,0.00000000,74.07000000
NFLXUSDT,EQUITY,1782835200001,0.00000000,72.77000000
NFLXUSDT,EQUITY,1782864000000,0.00000000,71.82133584
NFLXUSDT,EQUITY,1782892800001,0.00000000,71.80000000
NFLXUSDT,EQUITY,1782921600001,0.00000000,73.47114734
NFLXUSDT,EQUITY,1782950400000,0.00000000,74.41000000
NFLXUSDT,EQUITY,1782979200001,0.00000000,74.95640428
NFLXUSDT,EQUITY,1783008000001,0.00000000,77.07840469
NFLXUSDT,EQUITY,1783036800001,0.00000000,77.66154118
NFLXUSDT,EQUITY,1783065600001,0.00000000,77.78000000
NFLXUSDT,EQUITY,1783094400001,0.00000000,77.79000000
NFLXUSDT,EQUITY,1783123200001,0.00000000,77.77127312
NFLXUSDT,EQUITY,1783152000001,0.00000000,77.77853362
NFLXUSDT,EQUITY,1783180800001,0.00000000,77.73000000
NFLXUSDT,EQUITY,1783209600002,0.00000000,77.84008464
NFLXUSDT,EQUITY,1783238400001,0.00000000,78.07509087
NFLXUSDT,EQUITY,1783267200001,0.00000000,77.99000000
NFLXUSDT,EQUITY,1783296000001,0.00000000,77.88719659
NFLXUSDT,EQUITY,1783324800001,0.00000000,77.75246266
NFLXUSDT,EQUITY,1783353600001,0.00000000,76.42950871
NFLXUSDT,EQUITY,1783382400001,0.00000000,76.20472287
NFLXUSDT,EQUITY,1783411200001,0.00000000,76.44120111
NFLXUSDT,EQUITY,1783440000001,0.00000000,76.91769795
NFLXUSDT,EQUITY,1783468800002,0.00000000,76.73012826
NFLXUSDT,EQUITY,1783497600001,0.00000000,76.61122599
NFLXUSDT,EQUITY,1783526400001,0.00000000,75.90000000
NFLXUSDT,EQUITY,1783555200001,0.00000000,75.65000000
NFLXUSDT,EQUITY,1783584000001,0.00000000,75.60253171
NFLXUSDT,EQUITY,1783612800001,0.00000000,74.48000000
NFLXUSDT,EQUITY,1783641600001,0.00000000,74.63000000
NFLXUSDT,EQUITY,1783670400001,0.00000000,75.10000000
NFLXUSDT,EQUITY,1783699200001,0.00000000,73.11000000
NFLXUSDT,EQUITY,1783728000001,0.00000000,73.48220859
NFLXUSDT,EQUITY,1783756800001,0.00000000,73.64450945
NFLXUSDT,EQUITY,1783785600001,0.00000000,73.72762599
NFLXUSDT,EQUITY,1783814400001,0.00000000,73.46069766
NFLXUSDT,EQUITY,1783843200001,0.00000000,73.17606408
NFLXUSDT,EQUITY,1783872000001,0.00000000,73.27527520
NFLXUSDT,EQUITY,1783900800001,0.00000000,73.11507924
NFLXUSDT,EQUITY,1783929600001,0.00000000,73.88000000
NFLXUSDT,EQUITY,1783958400001,0.00000000,74.64000000
NFLXUSDT,EQUITY,1783987200002,0.00000000,74.19189283
NFLXUSDT,EQUITY,1784016000001,0.00000000,73.61457064
NFLXUSDT,EQUITY,1784044800001,0.00000000,73.57000000
NFLXUSDT,EQUITY,1784073600001,0.00000000,74.00000709
NFLXUSDT,EQUITY,1784102400001,0.00000000,73.45266371
NFLXUSDT,EQUITY,1784131200001,0.00000000,74.37000000
NFLXUSDT,EQUITY,1784160000001,0.00000000,74.07000000
NFLXUSDT,EQUITY,1784188800002,0.00000000,73.93618683
NFLXUSDT,EQUITY,1784217600001,0.00000000,73.76000000
NFLXUSDT,EQUITY,1784246400001,0.00000000,67.71000000
NFLXUSDT,EQUITY,1784275200001,0.00000000,67.89545254
NFLXUSDT,EQUITY,1784304000001,0.00000000,68.91000000
NFLXUSDT,EQUITY,1784332800001,0.00000000,69.20326050
NFLXUSDT,EQUITY,1784361600001,0.00000000,68.98502116
NFLXUSDT,EQUITY,1784390400001,0.00000000,69.17000000
NFLXUSDT,EQUITY,1784419200001,0.00000000,69.17000000
NFLXUSDT,EQUITY,1784448000001,0.00000000,69.20097561
NFLXUSDT,EQUITY,1784476800001,0.00000000,69.15000000
NFLXUSDT,EQUITY,1784505600002,0.00000000,69.30000000
NFLXUSDT,EQUITY,1784534400001,0.00000000,68.94000000
NFLXUSDT,EQUITY,1784563200001,0.00000000,67.73192646
NFLXUSDT,EQUITY,1784592000001,0.00000000,67.61342729
NFLXUSDT,EQUITY,1784620800001,0.00000000,67.47942298
NFLXUSDT,EQUITY,1784649600000,0.00000000,67.42764476
NFLXUSDT,EQUITY,1784678400000,0.00000000,68.25056973
NFLXUSDT,EQUITY,1784707200001,0.00000000,68.99191920
COSTUSDT,EQUITY,1781020800001,0.00000000,977.37624383
COSTUSDT,EQUITY,1781049600001,0.00000000,970.42242377
COSTUSDT,EQUITY,1781078400001,0.00000000,973.12241935
COSTUSDT,EQUITY,1781107200001,0.00000000,978.79000000
COSTUSDT,EQUITY,1781136000001,0.00000000,982.26706013
COSTUSDT,EQUITY,1781164800001,0.00000000,982.20175860
COSTUSDT,EQUITY,1781193600001,0.00000000,979.93000000
COSTUSDT,EQUITY,1781222400001,0.00000000,977.22489566
COSTUSDT,EQUITY,1781251200001,0.00000000,978.54709677
COSTUSDT,EQUITY,1781280000001,0.00000000,975.41191034
COSTUSDT,EQUITY,1781308800001,0.00000000,982.27991128
COSTUSDT,EQUITY,1781337600001,0.00000000,982.26256436
COSTUSDT,EQUITY,1781366400001,0.00000000,982.82117362
COSTUSDT,EQUITY,1781395200001,0.00000000,982.34540662
COSTUSDT,EQUITY,1781424000001,0.00000000,983.56000000
COSTUSDT,EQUITY,1781452800001,0.00000000,985.81788501
COSTUSDT,EQUITY,1781481600001,0.00000000,986.20114725
COSTUSDT,EQUITY,1781510400002,0.00000000,979.19240159
COSTUSDT,EQUITY,1781539200001,0.00000000,979.52007407
COSTUSDT,EQUITY,1781568000001,0.00000000,980.32000000
COSTUSDT,EQUITY,1781596800001,0.00000000,979.60000000
COSTUSDT,EQUITY,1781625600001,0.00000000,991.00230025
COSTUSDT,EQUITY,1781654400001,0.00000000,986.13000000
COSTUSDT,EQUITY,1781683200001,0.00000000,985.53209677
COSTUSDT,EQUITY,1781712000001,0.00000000,977.10259866
COSTUSDT,EQUITY,1781740800001,0.00000000,966.94478590
COSTUSDT,EQUITY,1781769600001,0.00000000,966.03090956
COSTUSDT,EQUITY,1781798400001,0.00000000,954.02991667
COSTUSDT,EQUITY,1781827200001,0.00000000,952.98201389
COSTUSDT,EQUITY,1781856000001,0.00000000,951.87863925
COSTUSDT,EQUITY,1781884800001,0.00000000,952.14782479
COSTUSDT,EQUITY,1781913600001,0.00000000,952.41000000
COSTUSDT,EQUITY,1781942400001,0.00000000,952.45358217
COSTUSDT,EQUITY,1781971200001,0.00000000,951.64551575
COSTUSDT,EQUITY,1782000000001,0.00000000,951.39250743
COSTUSDT,EQUITY,1782028800001,0.00000000,952.65329257
COSTUSDT,EQUITY,1782057600001,0.00000000,953.99658570
COSTUSDT,EQUITY,1782086400001,0.00000000,952.72836960
COSTUSDT,EQUITY,1782115200001,0.00000000,952.41000000
COSTUSDT,EQUITY,1782144000001,0.00000000,951.56039712
COSTUSDT,EQUITY,1782172800001,0.00000000,951.33000000
COSTUSDT,EQUITY,1782201600002,0.00000000,957.49000000
COSTUSDT,EQUITY,1782230400001,0.00000000,966.15332407
COSTUSDT,EQUITY,1782259200001,0.00000000,957.54000000
COSTUSDT,EQUITY,1782288000001,0.00025504,956.95000000
COSTUSDT,EQUITY,1782316800001,0.00000000,960.80000000
COSTUSDT,EQUITY,1782345600002,0.00000000,956.56534627
COSTUSDT,EQUITY,1782374400001,0.00000000,957.18500000
COSTUSDT,EQUITY,1782403200001,0.00000000,948.27836270
COSTUSDT,EQUITY,1782432000001,0.00000000,944.99000000
COSTUSDT,EQUITY,1782460800002,0.00000000,949.24931299
COSTUSDT,EQUITY,1782489600001,0.00000000,959.05000000
COSTUSDT,EQUITY,1782518400001,0.00000000,951.46585537
COSTUSDT,EQUITY,1782547200001,0.00000000,951.86343562
COSTUSDT,EQUITY,1782576000001,0.00000000,952.73610000
COSTUSDT,EQUITY,1782604800002,0.00000000,952.18000000
COSTUSDT,EQUITY,1782633600002,0.00000000,952.50000000
COSTUSDT,EQUITY,1782662400001,0.00000000,952.18025740
COSTUSDT,EQUITY,1782691200001,0.00000000,950.62364153
COSTUSDT,EQUITY,1782720000001,0.00000000,951.83168138
COSTUSDT,EQUITY,1782748800001,0.00000000,953.65499800
COSTUSDT,EQUITY,1782777600000,0.00000000,947.49000000
COSTUSDT,EQUITY,1782806400000,0.00000000,946.87000000
COSTUSDT,EQUITY,1782835200001,0.00000000,937.48063649
COSTUSDT,EQUITY,1782864000000,0.00000000,937.37000000
COSTUSDT,EQUITY,1782892800001,0.00000000,939.05000000
COSTUSDT,EQUITY,1782921600001,0.00000000,926.86435728
COSTUSDT,EQUITY,1782950400000,0.00000000,925.22000000
COSTUSDT,EQUITY,1782979200001,0.00000000,930.94000000
COSTUSDT,EQUITY,1783008000001,0.00000000,943.00457580
COSTUSDT,EQUITY,1783036800001,0.00000000,948.71889183
COSTUSDT,EQUITY,1783065600001,0.00000000,948.79361892
COSTUSDT,EQUITY,1783094400001,0.00000000,950.37901140
COSTUSDT,EQUITY,1783123200001,0.00000000,949.24000000
COSTUSDT,EQUITY,1783152000001,0.00000000,949.56045354
COSTUSDT,EQUITY,1783180800001,0.00000000,949.40745877
COSTUSDT,EQUITY,1783209600002,0.00000000,947.87196217
COSTUSDT,EQUITY,1783238400001,0.00000000,947.20511381
COSTUSDT,EQUITY,1783267200001,0.00000000,948.00464814
COSTUSDT,EQUITY,1783296000001,0.00000000,948.54444016
COSTUSDT,EQUITY,1783324800001,0.00000000,950.37396019
COSTUSDT,EQUITY,1783353600001,0.00000000,943.05939452
COSTUSDT,EQUITY,1783382400001,0.00000000,949.40000000
COSTUSDT,EQUITY,1783411200001,0.00000000,952.61827815
COSTUSDT,EQUITY,1783440000001,0.00000000,950.89473455
COSTUSDT,EQUITY,1783468800002,0.00000000,948.81000000
COSTUSDT,EQUITY,1783497600001,0.00000000,950.57000000
COSTUSDT,EQUITY,1783526400001,0.00005351,962.09018050
COSTUSDT,EQUITY,1783555200001,0.00000000,943.00947500
COSTUSDT,EQUITY,1783584000001,0.00000000,943.82213907
COSTUSDT,EQUITY,1783612800001,0.00000000,910.65295468
COSTUSDT,EQUITY,1783641600001,0.00000000,914.51498978
COSTUSDT,EQUITY,1783670400001,0.00000000,915.64585295
COSTUSDT,EQUITY,1783699200001,0.00000000,911.99000000
COSTUSDT,EQUITY,1783728000001,0.00000000,917.82646102
COSTUSDT,EQUITY,1783756800001,0.00000000,915.04872274
COSTUSDT,EQUITY,1783785600001,0.00000000,913.25313489
COSTUSDT,EQUITY,1783814400001,0.00000000,916.57000000
COSTUSDT,EQUITY,1783843200001,0.00000000,914.89058553
COSTUSDT,EQUITY,1783872000001,0.00000000,915.93007277
COSTUSDT,EQUITY,1783900800001,0.00000000,918.21514235
COSTUSDT,EQUITY,1783929600001,0.00000000,919.60260755
COSTUSDT,EQUITY,1783958400001,0.00000000,925.70303350
COSTUSDT,EQUITY,1783987200002,0.00000000,926.18000000
COSTUSDT,EQUITY,1784016000001,0.00000000,924.42970081
COSTUSDT,EQUITY,1784044800001,0.00000000,925.08881817
COSTUSDT,EQUITY,1784073600001,0.00000000,922.38518182
COSTUSDT,EQUITY,1784102400001,0.00000000,919.88000000
COSTUSDT,EQUITY,1784131200001,0.00000000,924.91000000
COSTUSDT,EQUITY,1784160000001,0.00000000,917.33371901
COSTUSDT,EQUITY,1784188800002,0.00000000,918.23000000
COSTUSDT,EQUITY,1784217600001,0.00000000,935.80000000
COSTUSDT,EQUITY,1784246400001,0.00000000,943.34499636
COSTUSDT,EQUITY,1784275200001,0.00000000,952.06255521
COSTUSDT,EQUITY,1784304000001,0.00000000,941.64000000
COSTUSDT,EQUITY,1784332800001,0.00000000,940.00000000
COSTUSDT,EQUITY,1784361600001,0.00000000,942.48000000
COSTUSDT,EQUITY,1784390400001,0.00000000,942.95809292
COSTUSDT,EQUITY,1784419200001,0.00000000,942.49374718
COSTUSDT,EQUITY,1784448000001,0.00000000,936.55000000
COSTUSDT,EQUITY,1784476800001,0.00000000,936.25964577
COSTUSDT,EQUITY,1784505600002,0.00000000,934.11450203
COSTUSDT,EQUITY,1784534400001,0.00000000,940.40000000
COSTUSDT,EQUITY,1784563200001,0.00000000,938.88605968
COSTUSDT,EQUITY,1784592000001,0.00000000,935.74000000
COSTUSDT,EQUITY,1784620800001,0.00000000,932.97201325
COSTUSDT,EQUITY,1784649600000,0.00000000,929.53000000
COSTUSDT,EQUITY,1784678400000,0.00000000,929.27000000
COSTUSDT,EQUITY,1784707200001,0.00000000,932.11406742
URNMUSDT,EQUITY,1781020800001,0.00188565,52.89504734
URNMUSDT,EQUITY,1781049600001,-0.00016432,54.63000000
URNMUSDT,EQUITY,1781078400001,0.00156805,53.46000000
URNMUSDT,EQUITY,1781107200001,0.00000000,52.51000000
URNMUSDT,EQUITY,1781136000001,-0.00099820,50.88000000
URNMUSDT,EQUITY,1781164800001,0.00000000,52.34000000
URNMUSDT,EQUITY,1781193600001,0.00000000,53.04939634
URNMUSDT,EQUITY,1781222400001,-0.00035943,54.57787814
URNMUSDT,EQUITY,1781251200001,0.00000000,54.28410233
URNMUSDT,EQUITY,1781280000001,0.00009554,54.21702911
URNMUSDT,EQUITY,1781308800001,0.00000000,54.67456631
URNMUSDT,EQUITY,1781337600001,0.00000000,54.23000000
URNMUSDT,EQUITY,1781366400001,0.00000000,54.44361717
URNMUSDT,EQUITY,1781395200001,0.00000000,54.51501600
URNMUSDT,EQUITY,1781424000001,0.00000000,54.50498531
URNMUSDT,EQUITY,1781452800001,0.00000000,54.48000000
URNMUSDT,EQUITY,1781481600001,0.00000000,54.85646425
URNMUSDT,EQUITY,1781510400002,0.00000000,56.95951613
URNMUSDT,EQUITY,1781539200001,0.00001141,58.21285354
URNMUSDT,EQUITY,1781568000001,0.00022975,58.05488710
URNMUSDT,EQUITY,1781596800001,0.00000000,58.00764741
URNMUSDT,EQUITY,1781625600001,0.00000000,57.91198510
URNMUSDT,EQUITY,1781654400001,0.00070137,57.71935484
URNMUSDT,EQUITY,1781683200001,0.00000000,57.98589885
URNMUSDT,EQUITY,1781712000001,-0.00031216,58.81000000
URNMUSDT,EQUITY,1781740800001,-0.00131440,57.67986050
URNMUSDT,EQUITY,1781769600001,0.00000000,57.75532258
URNMUSDT,EQUITY,1781798400001,0.00000000,57.20549152
URNMUSDT,EQUITY,1781827200001,-0.00107018,57.59000000
URNMUSDT,EQUITY,1781856000001,0.00000000,57.87037223
URNMUSDT,EQUITY,1781884800001,0.00000000,58.06000000
URNMUSDT,EQUITY,1781913600001,0.00000000,58.48000000
URNMUSDT,EQUITY,1781942400001,0.00000000,59.08592954
URNMUSDT,EQUITY,1781971200001,0.00000000,59.25242054
URNMUSDT,EQUITY,1782000000001,0.00000000,58.95969162
URNMUSDT,EQUITY,1782028800001,0.00000000,59.15000000
URNMUSDT,EQUITY,1782057600001,0.00000000,59.03352279
URNMUSDT,EQUITY,1782086400001,-0.00036466,57.99000000
URNMUSDT,EQUITY,1782115200001,0.00000000,57.24000000
URNMUSDT,EQUITY,1782144000001,0.00000000,56.56000000
URNMUSDT,EQUITY,1782172800001,0.00000000,56.15000000
URNMUSDT,EQUITY,1782201600002,0.00000000,55.12307527
URNMUSDT,EQUITY,1782230400001,0.00000000,56.29659176
URNMUSDT,EQUITY,1782259200001,0.00010835,56.86619002
URNMUSDT,EQUITY,1782288000001,0.00035101,56.05000000
URNMUSDT,EQUITY,1782316800001,0.00000000,54.69139276
URNMUSDT,EQUITY,1782345600002,0.00182930,54.79000000
URNMUSDT,EQUITY,1782374400001,0.00000000,55.00000000
URNMUSDT,EQUITY,1782403200001,-0.00079200,53.39000000
URNMUSDT,EQUITY,1782432000001,-0.00111605,53.51000000
URNMUSDT,EQUITY,1782460800002,0.00022933,52.93000000
URNMUSDT,EQUITY,1782489600001,0.00000000,53.86000000
URNMUSDT,EQUITY,1782518400001,0.00000000,53.27000000
URNMUSDT,EQUITY,1782547200001,0.00000000,53.01000000
URNMUSDT,EQUITY,1782576000001,0.00000000,53.30968215
URNMUSDT,EQUITY,1782604800002,0.00000000,52.93000000
URNMUSDT,EQUITY,1782633600002,0.00000000,52.67005943
URNMUSDT,EQUITY,1782662400001,0.00000000,52.55991612
URNMUSDT,EQUITY,1782691200001,0.00000000,52.67482601
URNMUSDT,EQUITY,1782720000001,-0.00033781,53.08643192
URNMUSDT,EQUITY,1782748800001,0.00000000,52.55602422
URNMUSDT,EQUITY,1782777600000,0.00000000,53.07000000
URNMUSDT,EQUITY,1782806400000,0.00000000,53.13285325
URNMUSDT,EQUITY,1782835200001,0.00000000,52.23774740
URNMUSDT,EQUITY,1782864000000,0.00016852,52.44563695
URNMUSDT,EQUITY,1782892800001,0.00042317,53.16190297
URNMUSDT,EQUITY,1782921600001,0.00016338,53.68101012
URNMUSDT,EQUITY,1782950400000,-0.00232026,53.17170382
URNMUSDT,EQUITY,1782979200001,0.00000000,52.36000000
URNMUSDT,EQUITY,1783008000001,0.00000000,53.35946187
URNMUSDT,EQUITY,1783036800001,-0.00127326,53.20670604
URNMUSDT,EQUITY,1783065600001,0.00000000,52.94816502
URNMUSDT,EQUITY,1783094400001,0.00000000,53.10000000
URNMUSDT,EQUITY,1783123200001,0.00000000,53.43486205
URNMUSDT,EQUITY,1783152000001,0.00000000,53.14294649
URNMUSDT,EQUITY,1783180800001,0.00000000,53.23000000
URNMUSDT,EQUITY,1783209600002,0.00000000,53.46154911
URNMUSDT,EQUITY,1783238400001,0.00000000,53.56959101
URNMUSDT,EQUITY,1783267200001,0.00000000,53.58459364
URNMUSDT,EQUITY,1783296000001,0.00000000,53.50979636
URNMUSDT,EQUITY,1783324800001,0.00086673,53.93500000
URNMUSDT,EQUITY,1783353600001,0.00000000,53.99566229
URNMUSDT,EQUITY,1783382400001,-0.00228996,53.79117751
URNMUSDT,EQUITY,1783411200001,0.00000000,52.83410378
URNMUSDT,EQUITY,1783440000001,0.00000000,50.49438978
URNMUSDT,EQUITY,1783468800002,-0.00020462,50.86000000
URNMUSDT,EQUITY,1783497600001,0.00000000,50.74000000
URNMUSDT,EQUITY,1783526400001,0.00000000,50.19484449
URNMUSDT,EQUITY,1783555200001,0.00000000,51.12213241
URNMUSDT,EQUITY,1783584000001,0.00000000,51.49000000
URNMUSDT,EQUITY,1783612800001,0.00000000,52.45904879
URNMUSDT,EQUITY,1783641600001,0.00000000,52.58374781
URNMUSDT,EQUITY,1783670400001,0.00000000,52.47000000
URNMUSDT,EQUITY,1783699200001,0.00000000,52.77246581
URNMUSDT,EQUITY,1783728000001,-0.00021157,53.71885630
URNMUSDT,EQUITY,1783756800001,0.00000000,53.63444818
URNMUSDT,EQUITY,1783785600001,0.00000000,53.56000000
URNMUSDT,EQUITY,1783814400001,0.00000000,53.22494979
URNMUSDT,EQUITY,1783843200001,0.00000000,53.52569004
URNMUSDT,EQUITY,1783872000001,0.00000000,53.64998628
URNMUSDT,EQUITY,1783900800001,0.00000000,53.34491902
URNMUSDT,EQUITY,1783929600001,0.00163263,52.31039309
URNMUSDT,EQUITY,1783958400001,0.00000000,51.13770759
URNMUSDT,EQUITY,1783987200002,-0.00160565,50.68258993
URNMUSDT,EQUITY,1784016000001,0.00166421,50.48000000
URNMUSDT,EQUITY,1784044800001,0.00026748,51.63360323
URNMUSDT,EQUITY,1784073600001,0.00000000,51.88000000
URNMUSDT,EQUITY,1784102400001,0.00000000,51.74078638
URNMUSDT,EQUITY,1784131200001,0.00000000,50.59671061
URNMUSDT,EQUITY,1784160000001,0.00000000,50.86382473
URNMUSDT,EQUITY,1784188800002,0.00081170,50.75500000
URNMUSDT,EQUITY,1784217600001,0.00042665,49.31838224
URNMUSDT,EQUITY,1784246400001,0.00000000,49.01000000
URNMUSDT,EQUITY,1784275200001,0.00141005,47.98000000
URNMUSDT,EQUITY,1784304000001,0.00000000,48.46140557
URNMUSDT,EQUITY,1784332800001,-0.00145242,48.84460707
URNMUSDT,EQUITY,1784361600001,0.00000000,48.38000000
URNMUSDT,EQUITY,1784390400001,0.00000000,48.61000000
URNMUSDT,EQUITY,1784419200001,0.00000000,48.58000000
URNMUSDT,EQUITY,1784448000001,0.00000000,48.41903226
URNMUSDT,EQUITY,1784476800001,0.00000000,48.35000000
URNMUSDT,EQUITY,1784505600002,0.00000000,48.19000235
URNMUSDT,EQUITY,1784534400001,-0.00022413,48.55000000
URNMUSDT,EQUITY,1784563200001,0.00000000,48.32934771
URNMUSDT,EQUITY,1784592000001,0.00000000,48.12597810
URNMUSDT,EQUITY,1784620800001,0.00022902,48.89614721
URNMUSDT,EQUITY,1784649600000,0.00000000,49.89347485
URNMUSDT,EQUITY,1784678400000,0.00000000,50.54190360
URNMUSDT,EQUITY,1784707200001,0.00000000,50.33669876
HIMSUSDT,EQUITY,1781020800001,0.00000000,26.47944026
HIMSUSDT,EQUITY,1781049600001,0.00000000,28.47071126
HIMSUSDT,EQUITY,1781078400001,0.00000000,28.49000000
HIMSUSDT,EQUITY,1781107200001,0.00000000,28.78445190
HIMSUSDT,EQUITY,1781136000001,0.00000000,27.13000000
HIMSUSDT,EQUITY,1781164800001,0.00000000,28.05924731
HIMSUSDT,EQUITY,1781193600001,0.00000000,27.95970782
HIMSUSDT,EQUITY,1781222400001,0.00000000,28.79227320
HIMSUSDT,EQUITY,1781251200001,0.00000000,28.57673246
HIMSUSDT,EQUITY,1781280000001,0.00000000,26.68749786
HIMSUSDT,EQUITY,1781308800001,0.00000000,26.91000000
HIMSUSDT,EQUITY,1781337600001,0.00000000,26.78000000
HIMSUSDT,EQUITY,1781366400001,0.00000000,26.90505417
HIMSUSDT,EQUITY,1781395200001,0.00000000,26.78219089
HIMSUSDT,EQUITY,1781424000001,0.00000000,27.45000000
HIMSUSDT,EQUITY,1781452800001,0.00000000,27.15017818
HIMSUSDT,EQUITY,1781481600001,0.00013650,27.81532680
HIMSUSDT,EQUITY,1781510400002,0.00000000,27.67075771
HIMSUSDT,EQUITY,1781539200001,0.00000000,29.92896732
HIMSUSDT,EQUITY,1781568000001,0.00000000,29.96386717
HIMSUSDT,EQUITY,1781596800001,0.00000000,30.03145686
HIMSUSDT,EQUITY,1781625600001,0.00000000,31.59000000
HIMSUSDT,EQUITY,1781654400001,0.00000000,31.40580886
HIMSUSDT,EQUITY,1781683200001,0.00000000,31.51043967
HIMSUSDT,EQUITY,1781712000001,0.00000000,32.26401884
HIMSUSDT,EQUITY,1781740800001,0.00000000,32.18000000
HIMSUSDT,EQUITY,1781769600001,0.00000000,32.31688817
HIMSUSDT,EQUITY,1781798400001,0.00000000,34.42135361
HIMSUSDT,EQUITY,1781827200001,0.00000000,35.26364625
HIMSUSDT,EQUITY,1781856000001,0.00000000,34.90000000
HIMSUSDT,EQUITY,1781884800001,0.00000000,35.39223566
HIMSUSDT,EQUITY,1781913600001,0.00087097,36.08000000
HIMSUSDT,EQUITY,1781942400001,0.00000000,36.00000000
HIMSUSDT,EQUITY,1781971200001,0.00000000,35.57000000
HIMSUSDT,EQUITY,1782000000001,0.00000000,35.23997101
HIMSUSDT,EQUITY,1782028800001,0.00065886,36.78059068
HIMSUSDT,EQUITY,1782057600001,0.00000000,36.68998837
HIMSUSDT,EQUITY,1782086400001,-0.00086887,35.47002924
HIMSUSDT,EQUITY,1782115200001,0.00000000,35.11387097
HIMSUSDT,EQUITY,1782144000001,0.00000000,33.95618669
HIMSUSDT,EQUITY,1782172800001,0.00000000,33.30220869
HIMSUSDT,EQUITY,1782201600002,0.00000000,32.01764970
HIMSUSDT,EQUITY,1782230400001,0.00000000,34.19361520
HIMSUSDT,EQUITY,1782259200001,0.00000000,33.10111570
HIMSUSDT,EQUITY,1782288000001,0.00000000,33.12000000
HIMSUSDT,EQUITY,1782316800001,0.00000000,33.32000000
HIMSUSDT,EQUITY,1782345600002,0.00000000,33.00512855
HIMSUSDT,EQUITY,1782374400001,0.00000000,33.03700000
HIMSUSDT,EQUITY,1782403200001,0.00000000,31.03000000
HIMSUSDT,EQUITY,1782432000001,0.00000000,32.43288303
HIMSUSDT,EQUITY,1782460800002,0.00000000,32.13315027
HIMSUSDT,EQUITY,1782489600001,0.00000000,34.75353627
HIMSUSDT,EQUITY,1782518400001,0.00000000,33.97778067
HIMSUSDT,EQUITY,1782547200001,0.00000000,34.30751931
HIMSUSDT,EQUITY,1782576000001,0.00000000,34.23133268
HIMSUSDT,EQUITY,1782604800002,0.00000000,34.21681731
HIMSUSDT,EQUITY,1782633600002,0.00000000,33.99504694
HIMSUSDT,EQUITY,1782662400001,0.00000000,34.10990806
HIMSUSDT,EQUITY,1782691200001,0.00000000,33.61203193
HIMSUSDT,EQUITY,1782720000001,0.00000000,34.25700413
HIMSUSDT,EQUITY,1782748800001,0.00000000,33.22023529
HIMSUSDT,EQUITY,1782777600000,0.00000000,33.10546423
HIMSUSDT,EQUITY,1782806400000,0.00000000,33.14234670
HIMSUSDT,EQUITY,1782835200001,0.00000000,33.60999583
HIMSUSDT,EQUITY,1782864000000,0.00000000,34.69599834
HIMSUSDT,EQUITY,1782892800001,0.00000000,34.61760347
HIMSUSDT,EQUITY,1782921600001,0.00000000,37.85000000
HIMSUSDT,EQUITY,1782950400000,0.00000000,37.34000056
HIMSUSDT,EQUITY,1782979200001,0.00000000,37.01000000
HIMSUSDT,EQUITY,1783008000001,0.00000000,37.34518373
HIMSUSDT,EQUITY,1783036800001,0.00000000,37.02139118
HIMSUSDT,EQUITY,1783065600001,0.00000000,37.48331311
HIMSUSDT,EQUITY,1783094400001,-0.00089984,36.26000000
HIMSUSDT,EQUITY,1783123200001,0.00000000,36.65007576
HIMSUSDT,EQUITY,1783152000001,0.00000000,36.89738386
HIMSUSDT,EQUITY,1783180800001,0.00000000,36.94000000
HIMSUSDT,EQUITY,1783209600002,0.00000000,36.98162692
HIMSUSDT,EQUITY,1783238400001,0.00000000,36.76125125
HIMSUSDT,EQUITY,1783267200001,0.00000000,37.05364697
HIMSUSDT,EQUITY,1783296000001,0.00000000,37.07872092
HIMSUSDT,EQUITY,1783324800001,0.00000000,37.02683745
HIMSUSDT,EQUITY,1783353600001,0.00000000,38.98764845
HIMSUSDT,EQUITY,1783382400001,0.00000000,38.13291480
HIMSUSDT,EQUITY,1783411200001,0.00000000,38.07388430
HIMSUSDT,EQUITY,1783440000001,0.00000000,37.20242132
HIMSUSDT,EQUITY,1783468800002,0.00000000,35.56582083
HIMSUSDT,EQUITY,1783497600001,0.00000000,35.51000000
HIMSUSDT,EQUITY,1783526400001,0.00000000,34.37907100
HIMSUSDT,EQUITY,1783555200001,0.00000000,35.99000000
HIMSUSDT,EQUITY,1783584000001,0.00000000,36.20000000
HIMSUSDT,EQUITY,1783612800001,0.00000000,35.97919526
HIMSUSDT,EQUITY,1783641600001,0.00000000,35.48998824
HIMSUSDT,EQUITY,1783670400001,0.00000000,35.37825080
HIMSUSDT,EQUITY,1783699200001,0.00000000,33.70622396
HIMSUSDT,EQUITY,1783728000001,0.00000000,34.23685950
HIMSUSDT,EQUITY,1783756800001,0.00000000,33.95556084
HIMSUSDT,EQUITY,1783785600001,0.00000000,33.91000000
HIMSUSDT,EQUITY,1783814400001,0.00000000,34.36408303
HIMSUSDT,EQUITY,1783843200001,0.00000000,33.96000000
HIMSUSDT,EQUITY,1783872000001,0.00000000,33.89689588
HIMSUSDT,EQUITY,1783900800001,0.00000000,34.04017900
HIMSUSDT,EQUITY,1783929600001,0.00000000,34.12000000
HIMSUSDT,EQUITY,1783958400001,0.00000000,34.63000000
HIMSUSDT,EQUITY,1783987200002,0.00000000,34.14313196
HIMSUSDT,EQUITY,1784016000001,0.00000000,34.20000000
HIMSUSDT,EQUITY,1784044800001,0.00000000,34.95153170
HIMSUSDT,EQUITY,1784073600001,0.00000000,35.31000000
HIMSUSDT,EQUITY,1784102400001,0.00000000,35.33580281
HIMSUSDT,EQUITY,1784131200001,0.00000000,36.96821377
HIMSUSDT,EQUITY,1784160000001,0.00000000,37.07350699
HIMSUSDT,EQUITY,1784188800002,0.00000000,37.00571321
HIMSUSDT,EQUITY,1784217600001,0.00000000,34.60438275
HIMSUSDT,EQUITY,1784246400001,0.00000000,33.35429752
HIMSUSDT,EQUITY,1784275200001,0.00000000,33.05628010
HIMSUSDT,EQUITY,1784304000001,0.00000000,32.65413441
HIMSUSDT,EQUITY,1784332800001,0.00000000,32.78140978
HIMSUSDT,EQUITY,1784361600001,0.00000000,32.89527657
HIMSUSDT,EQUITY,1784390400001,-0.00014709,32.39000000
HIMSUSDT,EQUITY,1784419200001,0.00000000,32.34022643
HIMSUSDT,EQUITY,1784448000001,0.00000000,32.29527174
HIMSUSDT,EQUITY,1784476800001,0.00000000,32.35000000
HIMSUSDT,EQUITY,1784505600002,0.00000000,32.45514205
HIMSUSDT,EQUITY,1784534400001,0.00000000,32.79336474
HIMSUSDT,EQUITY,1784563200001,0.00000000,33.22833920
HIMSUSDT,EQUITY,1784592000001,0.00000000,32.65066838
HIMSUSDT,EQUITY,1784620800001,0.00000000,33.12453895
HIMSUSDT,EQUITY,1784649600000,0.00000000,32.98000000
HIMSUSDT,EQUITY,1784678400000,0.00000000,32.75906067
HIMSUSDT,EQUITY,1784707200001,0.00000000,32.49000660
EBAYUSDT,EQUITY,1781020800001,0.00000000,106.23000000
EBAYUSDT,EQUITY,1781049600001,0.00000000,108.46000000
EBAYUSDT,EQUITY,1781078400001,0.00000000,107.58000000
EBAYUSDT,EQUITY,1781107200001,0.00000000,108.61337457
EBAYUSDT,EQUITY,1781136000001,0.00000000,106.98410619
EBAYUSDT,EQUITY,1781164800001,-0.00181084,107.66000000
EBAYUSDT,EQUITY,1781193600001,0.00000000,108.98509549
EBAYUSDT,EQUITY,1781222400001,0.00000000,109.60495808
EBAYUSDT,EQUITY,1781251200001,0.00101389,110.04100036
EBAYUSDT,EQUITY,1781280000001,0.00000000,107.86601119
EBAYUSDT,EQUITY,1781308800001,0.00000000,108.50098952
EBAYUSDT,EQUITY,1781337600001,0.00000000,108.33007562
EBAYUSDT,EQUITY,1781366400001,0.00000000,108.01482606
EBAYUSDT,EQUITY,1781395200001,0.00000000,107.77434383
EBAYUSDT,EQUITY,1781424000001,0.00000000,108.51000000
EBAYUSDT,EQUITY,1781452800001,0.00000000,108.46000000
EBAYUSDT,EQUITY,1781481600001,0.00000000,109.11514924
EBAYUSDT,EQUITY,1781510400002,-0.00011234,110.02222101
EBAYUSDT,EQUITY,1781539200001,0.00000000,110.50499455
EBAYUSDT,EQUITY,1781568000001,0.00089903,109.95585281
EBAYUSDT,EQUITY,1781596800001,-0.00020400,108.94741842
EBAYUSDT,EQUITY,1781625600001,0.00000000,111.05656468
EBAYUSDT,EQUITY,1781654400001,0.00002878,110.05992681
EBAYUSDT,EQUITY,1781683200001,0.00000000,110.64422571
EBAYUSDT,EQUITY,1781712000001,0.00000000,109.08697531
EBAYUSDT,EQUITY,1781740800001,-0.00125850,108.50000000
EBAYUSDT,EQUITY,1781769600001,0.00000000,108.80435336
EBAYUSDT,EQUITY,1781798400001,0.00003309,108.93081893
EBAYUSDT,EQUITY,1781827200001,0.00151255,108.31513762
EBAYUSDT,EQUITY,1781856000001,-0.00057178,105.59000000
EBAYUSDT,EQUITY,1781884800001,0.00000000,107.49033684
EBAYUSDT,EQUITY,1781913600001,0.00000000,107.59000000
EBAYUSDT,EQUITY,1781942400001,0.00000000,107.31397576
EBAYUSDT,EQUITY,1781971200001,0.00000000,107.40000000
EBAYUSDT,EQUITY,1782000000001,0.00000000,106.99912756
EBAYUSDT,EQUITY,1782028800001,0.00000000,106.72016094
EBAYUSDT,EQUITY,1782057600001,0.00000000,107.00000000
EBAYUSDT,EQUITY,1782086400001,0.00000000,105.98158910
EBAYUSDT,EQUITY,1782115200001,0.00000000,107.25102642
EBAYUSDT,EQUITY,1782144000001,0.00000000,105.95015162
EBAYUSDT,EQUITY,1782172800001,0.00000000,104.45035706
EBAYUSDT,EQUITY,1782201600002,0.00000000,100.62780000
EBAYUSDT,EQUITY,1782230400001,0.00000000,108.47000000
EBAYUSDT,EQUITY,1782259200001,0.00000000,109.35000000
EBAYUSDT,EQUITY,1782288000001,0.00022023,109.37000000
EBAYUSDT,EQUITY,1782316800001,0.00000000,111.11000000
EBAYUSDT,EQUITY,1782345600002,-0.00057654,109.14000000
EBAYUSDT,EQUITY,1782374400001,-0.00651337,110.30598523
EBAYUSDT,EQUITY,1782403200001,-0.00037455,107.88000000
EBAYUSDT,EQUITY,1782432000001,0.00000000,108.77000000
EBAYUSDT,EQUITY,1782460800002,0.00233701,107.80830975
EBAYUSDT,EQUITY,1782489600001,0.00000000,108.93526432
EBAYUSDT,EQUITY,1782518400001,0.00061436,108.64111157
EBAYUSDT,EQUITY,1782547200001,0.00000000,110.20997964
EBAYUSDT,EQUITY,1782576000001,0.00000000,110.35000000
EBAYUSDT,EQUITY,1782604800002,0.00000000,109.95363459
EBAYUSDT,EQUITY,1782633600002,0.00000000,109.93763654
EBAYUSDT,EQUITY,1782662400001,0.00000000,109.84343383
EBAYUSDT,EQUITY,1782691200001,0.00000000,110.01485424
EBAYUSDT,EQUITY,1782720000001,0.00000000,108.60780678
EBAYUSDT,EQUITY,1782748800001,0.00000328,110.62000000
EBAYUSDT,EQUITY,1782777600000,0.00075369,110.73000000
EBAYUSDT,EQUITY,1782806400000,-0.00180617,111.19496004
EBAYUSDT,EQUITY,1782835200001,0.00000000,110.77666646
EBAYUSDT,EQUITY,1782864000000,0.00326282,111.38605230
EBAYUSDT,EQUITY,1782892800001,-0.00308478,111.56563149
EBAYUSDT,EQUITY,1782921600001,0.00016946,113.39000000
EBAYUSDT,EQUITY,1782950400000,0.00000000,111.44765473
EBAYUSDT,EQUITY,1782979200001,0.00501182,110.58232664
EBAYUSDT,EQUITY,1783008000001,0.00000000,114.05058051
EBAYUSDT,EQUITY,1783036800001,-0.00039924,115.49385650
EBAYUSDT,EQUITY,1783065600001,0.00000000,115.20367978
EBAYUSDT,EQUITY,1783094400001,0.00000000,114.90554520
EBAYUSDT,EQUITY,1783123200001,0.00000000,114.74769282
EBAYUSDT,EQUITY,1783152000001,0.00000000,114.89999368
EBAYUSDT,EQUITY,1783180800001,0.00000000,114.90011845
EBAYUSDT,EQUITY,1783209600002,0.00000000,114.38000000
EBAYUSDT,EQUITY,1783238400001,0.00000000,114.49000000
EBAYUSDT,EQUITY,1783267200001,0.00000000,114.82000000
EBAYUSDT,EQUITY,1783296000001,0.00000000,114.36521923
EBAYUSDT,EQUITY,1783324800001,-0.00020265,115.18000000
EBAYUSDT,EQUITY,1783353600001,0.00000000,113.21903523
EBAYUSDT,EQUITY,1783382400001,0.00000000,113.80000000
EBAYUSDT,EQUITY,1783411200001,-0.00167148,114.39664121
EBAYUSDT,EQUITY,1783440000001,0.00000000,114.21388316
EBAYUSDT,EQUITY,1783468800002,0.00000000,114.83000000
EBAYUSDT,EQUITY,1783497600001,0.00000000,115.18513167
EBAYUSDT,EQUITY,1783526400001,0.00000000,113.49000000
EBAYUSDT,EQUITY,1783555200001,0.00067742,114.84644666
EBAYUSDT,EQUITY,1783584000001,0.00000000,115.77534188
EBAYUSDT,EQUITY,1783612800001,0.00000000,117.05727072
EBAYUSDT,EQUITY,1783641600001,0.00000000,117.13591855
EBAYUSDT,EQUITY,1783670400001,0.00049137,116.56392301
EBAYUSDT,EQUITY,1783699200001,0.00000000,117.17800811
EBAYUSDT,EQUITY,1783728000001,0.00000000,117.33998661
EBAYUSDT,EQUITY,1783756800001,0.00000000,117.26504549
EBAYUSDT,EQUITY,1783785600001,0.00000000,117.13422714
EBAYUSDT,EQUITY,1783814400001,0.00000000,116.72192871
EBAYUSDT,EQUITY,1783843200001,0.00000000,116.34484441
EBAYUSDT,EQUITY,1783872000001,0.00000000,116.72980908
EBAYUSDT,EQUITY,1783900800001,0.00000000,117.63966588
EBAYUSDT,EQUITY,1783929600001,0.00083596,117.22673577
EBAYUSDT,EQUITY,1783958400001,0.00000000,116.20431659
EBAYUSDT,EQUITY,1783987200002,0.00000000,114.92000000
EBAYUSDT,EQUITY,1784016000001,-0.00130361,115.50000000
EBAYUSDT,EQUITY,1784044800001,0.00000000,112.17579693
EBAYUSDT,EQUITY,1784073600001,0.00000000,112.71317849
EBAYUSDT,EQUITY,1784102400001,0.00000000,112.60553790
EBAYUSDT,EQUITY,1784131200001,0.00000000,113.00000000
EBAYUSDT,EQUITY,1784160000001,0.00000000,113.01000000
EBAYUSDT,EQUITY,1784188800002,-0.00211722,112.45002408
EBAYUSDT,EQUITY,1784217600001,0.00000000,111.66000000
EBAYUSDT,EQUITY,1784246400001,0.00213925,110.28000000
EBAYUSDT,EQUITY,1784275200001,0.00153349,109.93540958
EBAYUSDT,EQUITY,1784304000001,0.00000000,110.34930003
EBAYUSDT,EQUITY,1784332800001,0.00000000,112.30322680
EBAYUSDT,EQUITY,1784361600001,0.00000000,112.54893540
EBAYUSDT,EQUITY,1784390400001,0.00000000,112.72684077
EBAYUSDT,EQUITY,1784419200001,0.00000000,112.64827690
EBAYUSDT,EQUITY,1784448000001,0.00000000,112.59512266
EBAYUSDT,EQUITY,1784476800001,0.00000000,112.68512508
EBAYUSDT,EQUITY,1784505600002,0.00000000,112.83000000
EBAYUSDT,EQUITY,1784534400001,0.00004453,112.58884814
EBAYUSDT,EQUITY,1784563200001,0.00000000,114.06000000
EBAYUSDT,EQUITY,1784592000001,0.00000000,114.07029075
EBAYUSDT,EQUITY,1784620800001,0.00000000,115.24013343
EBAYUSDT,EQUITY,1784649600000,0.00000000,112.59702134
EBAYUSDT,EQUITY,1784678400000,0.00000000,112.88000000
EBAYUSDT,EQUITY,1784707200001,-0.00173473,112.72292539
ZMUSDT,EQUITY,1781107200001,-0.00035498,95.25924657
ZMUSDT,EQUITY,1781136000001,0.00000000,93.79721658
ZMUSDT,EQUITY,1781164800001,0.00061043,94.62000000
ZMUSDT,EQUITY,1781193600001,0.00000000,92.18084376
ZMUSDT,EQUITY,1781222400001,0.00000000,92.45198077
ZMUSDT,EQUITY,1781251200001,0.00000000,92.18000000
ZMUSDT,EQUITY,1781280000001,0.00000000,93.04926002
ZMUSDT,EQUITY,1781308800001,0.00000000,93.88000000
ZMUSDT,EQUITY,1781337600001,0.00000000,96.55000000
ZMUSDT,EQUITY,1781366400001,0.00000000,95.71000000
ZMUSDT,EQUITY,1781395200001,0.00000000,93.26751682
ZMUSDT,EQUITY,1781424000001,0.00000000,93.33557849
ZMUSDT,EQUITY,1781452800001,0.00000000,94.45093422
ZMUSDT,EQUITY,1781481600001,0.00000000,95.18618583
ZMUSDT,EQUITY,1781510400002,0.00078338,96.13326081
ZMUSDT,EQUITY,1781539200001,0.00000000,95.50786680
ZMUSDT,EQUITY,1781568000001,0.00000000,94.98042609
ZMUSDT,EQUITY,1781596800001,0.00000000,95.31000000
ZMUSDT,EQUITY,1781625600001,0.00000000,91.50000000
ZMUSDT,EQUITY,1781654400001,0.00000000,91.91005965
ZMUSDT,EQUITY,1781683200001,0.00000000,92.64000000
ZMUSDT,EQUITY,1781712000001,0.00000299,89.60000000
ZMUSDT,EQUITY,1781740800001,0.00000000,88.17576763
ZMUSDT,EQUITY,1781769600001,-0.00008375,87.99341521
ZMUSDT,EQUITY,1781798400001,0.00000000,85.52567421
ZMUSDT,EQUITY,1781827200001,0.00000000,86.55079859
ZMUSDT,EQUITY,1781856000001,0.00000000,86.77815701
ZMUSDT,EQUITY,1781884800001,0.00000000,86.00000000
ZMUSDT,EQUITY,1781913600001,0.00000000,86.13000000
ZMUSDT,EQUITY,1781942400001,0.00000000,86.37568545
ZMUSDT,EQUITY,1781971200001,0.00000000,86.91691150
ZMUSDT,EQUITY,1782000000001,0.00000000,86.61520918
ZMUSDT,EQUITY,1782028800001,0.00000000,86.65554629
ZMUSDT,EQUITY,1782057600001,0.00000000,86.54956519
ZMUSDT,EQUITY,1782086400001,0.00000000,85.99108872
ZMUSDT,EQUITY,1782115200001,0.00000000,85.79250688
ZMUSDT,EQUITY,1782144000001,0.00000000,83.53983575
ZMUSDT,EQUITY,1782172800001,0.00000000,84.22502810
ZMUSDT,EQUITY,1782201600002,0.00000000,83.13900035
ZMUSDT,EQUITY,1782230400001,-0.00016111,85.57426287
ZMUSDT,EQUITY,1782259200001,-0.00015760,86.46085943
ZMUSDT,EQUITY,1782288000001,0.00067699,86.28976483
ZMUSDT,EQUITY,1782316800001,0.00000000,86.37015546
ZMUSDT,EQUITY,1782345600002,0.00000000,85.58000000
ZMUSDT,EQUITY,1782374400001,-0.00003249,86.28794458
ZMUSDT,EQUITY,1782403200001,0.00000000,83.29243153
ZMUSDT,EQUITY,1782432000001,0.00000000,82.72092817
ZMUSDT,EQUITY,1782460800002,-0.00320011,84.62703795
ZMUSDT,EQUITY,1782489600001,0.00000000,85.41512780
ZMUSDT,EQUITY,1782518400001,0.00048213,86.29987310
ZMUSDT,EQUITY,1782547200001,0.00000000,87.30000000
ZMUSDT,EQUITY,1782576000001,0.00000000,86.88997984
ZMUSDT,EQUITY,1782604800002,0.00000000,86.38439119
ZMUSDT,EQUITY,1782633600002,0.00000000,85.50557594
ZMUSDT,EQUITY,1782662400001,0.00000000,85.19427346
ZMUSDT,EQUITY,1782691200001,0.00000000,86.12087477
ZMUSDT,EQUITY,1782720000001,0.00037756,86.34936280
ZMUSDT,EQUITY,1782748800001,0.00000000,86.99794951
ZMUSDT,EQUITY,1782777600000,-0.00116921,86.69046686
ZMUSDT,EQUITY,1782806400000,0.00000000,86.25690225
ZMUSDT,EQUITY,1782835200001,0.00000000,85.71000000
ZMUSDT,EQUITY,1782864000000,-0.00049275,87.24963264
ZMUSDT,EQUITY,1782892800001,0.00154930,86.00549397
ZMUSDT,EQUITY,1782921600001,0.00000000,90.55460408
ZMUSDT,EQUITY,1782950400000,0.00000000,89.92750407
ZMUSDT,EQUITY,1782979200001,-0.00012578,90.09462922
ZMUSDT,EQUITY,1783008000001,0.00000000,88.18349430
ZMUSDT,EQUITY,1783036800001,-0.00011157,87.33000000
ZMUSDT,EQUITY,1783065600001,0.00000000,86.69798418
ZMUSDT,EQUITY,1783094400001,0.00000000,87.15599361
ZMUSDT,EQUITY,1783123200001,0.00000000,87.72000000
ZMUSDT,EQUITY,1783152000001,0.00000000,87.91144009
ZMUSDT,EQUITY,1783180800001,0.00000000,88.82000000
ZMUSDT,EQUITY,1783209600002,0.00000000,89.20554568
ZMUSDT,EQUITY,1783238400001,0.00000000,89.76587079
ZMUSDT,EQUITY,1783267200001,0.00000000,89.07992692
ZMUSDT,EQUITY,1783296000001,0.00000000,88.69352361
ZMUSDT,EQUITY,1783324800001,0.00000000,87.43330376
ZMUSDT,EQUITY,1783353600001,0.00000000,85.88000000
ZMUSDT,EQUITY,1783382400001,0.00000000,85.02936407
ZMUSDT,EQUITY,1783411200001,0.00000000,85.76965279
ZMUSDT,EQUITY,1783440000001,0.00000000,86.95000000
ZMUSDT,EQUITY,1783468800002,0.00000000,86.15000000
ZMUSDT,EQUITY,1783497600001,-0.00003846,86.30626486
ZMUSDT,EQUITY,1783526400001,0.00000000,86.57000834
ZMUSDT,EQUITY,1783555200001,0.00099560,87.35685084
ZMUSDT,EQUITY,1783584000001,0.00000000,87.82071083
ZMUSDT,EQUITY,1783612800001,0.00000000,89.20000000
ZMUSDT,EQUITY,1783641600001,0.00074339,89.97503477
ZMUSDT,EQUITY,1783670400001,-0.00181810,90.57112553
ZMUSDT,EQUITY,1783699200001,0.00003674,90.31899083
ZMUSDT,EQUITY,1783728000001,0.00000000,89.76000000
ZMUSDT,EQUITY,1783756800001,0.00000000,89.75890528
ZMUSDT,EQUITY,1783785600001,0.00000000,89.91968718
ZMUSDT,EQUITY,1783814400001,0.00000000,89.38319804
ZMUSDT,EQUITY,1783843200001,0.00000000,89.14028982
ZMUSDT,EQUITY,1783872000001,0.00000000,89.47658953
ZMUSDT,EQUITY,1783900800001,0.00000000,89.54387088
ZMUSDT,EQUITY,1783929600001,0.00005947,89.63784861
ZMUSDT,EQUITY,1783958400001,0.00000000,92.43000000
ZMUSDT,EQUITY,1783987200002,0.00027533,91.18326431
ZMUSDT,EQUITY,1784016000001,0.00000000,91.30395165
ZMUSDT,EQUITY,1784044800001,0.00000000,90.86290902
ZMUSDT,EQUITY,1784073600001,0.00000000,91.47501890
ZMUSDT,EQUITY,1784102400001,0.00000000,90.88339614
ZMUSDT,EQUITY,1784131200001,0.00000000,92.42000000
ZMUSDT,EQUITY,1784160000001,0.00000000,92.90000000
ZMUSDT,EQUITY,1784188800002,0.00157910,92.54354024
ZMUSDT,EQUITY,1784217600001,0.00000000,93.11000000
ZMUSDT,EQUITY,1784246400001,0.00000000,92.66679395
ZMUSDT,EQUITY,1784275200001,0.00076219,92.27528302
ZMUSDT,EQUITY,1784304000001,0.00000000,90.09739749
ZMUSDT,EQUITY,1784332800001,0.00000000,90.44664135
ZMUSDT,EQUITY,1784361600001,0.00000000,91.63270050
ZMUSDT,EQUITY,1784390400001,0.00000000,90.99000000
ZMUSDT,EQUITY,1784419200001,0.00000000,90.19090635
ZMUSDT,EQUITY,1784448000001,0.00000000,91.02489526
ZMUSDT,EQUITY,1784476800001,0.00000000,91.44000000
ZMUSDT,EQUITY,1784505600002,0.00000000,92.57000000
ZMUSDT,EQUITY,1784534400001,0.00000000,91.65297418
ZMUSDT,EQUITY,1784563200001,0.00000000,90.89557680
ZMUSDT,EQUITY,1784592000001,0.00000000,90.86440985
ZMUSDT,EQUITY,1784620800001,0.00000000,90.71295836
ZMUSDT,EQUITY,1784649600000,0.00000000,89.81059616
ZMUSDT,EQUITY,1784678400000,0.00000000,89.61694176
ZMUSDT,EQUITY,1784707200001,-0.00013084,90.13000000
DKNGUSDT,EQUITY,1781107200001,0.00081136,29.29452976
DKNGUSDT,EQUITY,1781136000001,0.00000000,28.93938962
DKNGUSDT,EQUITY,1781164800001,0.00000000,29.41790323
DKNGUSDT,EQUITY,1781193600001,0.00092989,29.59629358
DKNGUSDT,EQUITY,1781222400001,0.00000000,30.03000000
DKNGUSDT,EQUITY,1781251200001,-0.00027794,30.18000000
DKNGUSDT,EQUITY,1781280000001,0.00018951,29.06000000
DKNGUSDT,EQUITY,1781308800001,0.00000000,29.03128315
DKNGUSDT,EQUITY,1781337600001,0.00000000,28.68000000
DKNGUSDT,EQUITY,1781366400001,0.00006802,28.94000000
DKNGUSDT,EQUITY,1781395200001,0.00000000,28.76465312
DKNGUSDT,EQUITY,1781424000001,0.00000000,28.56530223
DKNGUSDT,EQUITY,1781452800001,0.00000000,28.86507195
DKNGUSDT,EQUITY,1781481600001,0.00000000,29.02872534
DKNGUSDT,EQUITY,1781510400002,-0.00011481,29.36500000
DKNGUSDT,EQUITY,1781539200001,0.00004919,28.82948442
DKNGUSDT,EQUITY,1781568000001,0.00000000,28.80000000
DKNGUSDT,EQUITY,1781596800001,0.00112598,28.74093667
DKNGUSDT,EQUITY,1781625600001,0.00000000,28.65624040
DKNGUSDT,EQUITY,1781654400001,-0.00021207,28.57000000
DKNGUSDT,EQUITY,1781683200001,-0.00030448,28.62000000
DKNGUSDT,EQUITY,1781712000001,0.00000000,27.59116053
DKNGUSDT,EQUITY,1781740800001,0.00000000,26.49000000
DKNGUSDT,EQUITY,1781769600001,0.00000333,26.49050352
DKNGUSDT,EQUITY,1781798400001,0.00000000,26.27048138
DKNGUSDT,EQUITY,1781827200001,0.00030123,26.47000000
DKNGUSDT,EQUITY,1781856000001,0.00000000,26.43496681
DKNGUSDT,EQUITY,1781884800001,0.00000000,26.42984546
DKNGUSDT,EQUITY,1781913600001,0.00000000,26.31000000
DKNGUSDT,EQUITY,1781942400001,0.00000000,26.44965396
DKNGUSDT,EQUITY,1781971200001,0.00000000,26.58000000
DKNGUSDT,EQUITY,1782000000001,0.00000000,26.80006976
DKNGUSDT,EQUITY,1782028800001,0.00000000,26.68997956
DKNGUSDT,EQUITY,1782057600001,0.00000000,26.81310984
DKNGUSDT,EQUITY,1782086400001,0.00000000,26.68984527
DKNGUSDT,EQUITY,1782115200001,0.00000000,26.16464300
DKNGUSDT,EQUITY,1782144000001,0.00000000,25.98069753
DKNGUSDT,EQUITY,1782172800001,0.00000000,25.59000000
DKNGUSDT,EQUITY,1782201600002,0.00000000,25.43000000
DKNGUSDT,EQUITY,1782230400001,0.00000000,25.64000000
DKNGUSDT,EQUITY,1782259200001,0.00000000,25.13647594
DKNGUSDT,EQUITY,1782288000001,0.00000000,25.09244711
DKNGUSDT,EQUITY,1782316800001,0.00000000,25.04945028
DKNGUSDT,EQUITY,1782345600002,0.00000000,24.53000000
DKNGUSDT,EQUITY,1782374400001,0.00000000,24.46198742
DKNGUSDT,EQUITY,1782403200001,0.00000000,23.87854620
DKNGUSDT,EQUITY,1782432000001,0.00000000,23.17000000
DKNGUSDT,EQUITY,1782460800002,0.00000000,23.23500000
DKNGUSDT,EQUITY,1782489600001,0.00000000,24.52000000
DKNGUSDT,EQUITY,1782518400001,0.00000000,25.53874509
DKNGUSDT,EQUITY,1782547200001,0.00000000,25.32984525
DKNGUSDT,EQUITY,1782576000001,0.00000000,25.47714919
DKNGUSDT,EQUITY,1782604800002,0.00000000,25.39231454
DKNGUSDT,EQUITY,1782633600002,0.00000000,25.44961242
DKNGUSDT,EQUITY,1782662400001,0.00000000,25.53439068
DKNGUSDT,EQUITY,1782691200001,0.00000000,25.58741886
DKNGUSDT,EQUITY,1782720000001,0.00000000,25.76292453
DKNGUSDT,EQUITY,1782748800001,0.00000000,25.43000000
DKNGUSDT,EQUITY,1782777600000,0.00000000,25.82518264
DKNGUSDT,EQUITY,1782806400000,0.00000000,25.76000000
DKNGUSDT,EQUITY,1782835200001,0.00000000,25.07000000
DKNGUSDT,EQUITY,1782864000000,0.00000000,25.07000000
DKNGUSDT,EQUITY,1782892800001,0.00000000,25.10000000
DKNGUSDT,EQUITY,1782921600001,0.00000000,25.96132353
DKNGUSDT,EQUITY,1782950400000,0.00000000,25.80990708
DKNGUSDT,EQUITY,1782979200001,0.00000000,25.84181292
DKNGUSDT,EQUITY,1783008000001,0.00000000,25.44000000
DKNGUSDT,EQUITY,1783036800001,0.00022615,25.92000000
DKNGUSDT,EQUITY,1783065600001,0.00000000,26.05991385
DKNGUSDT,EQUITY,1783094400001,0.00000000,26.09000000
DKNGUSDT,EQUITY,1783123200001,0.00000000,25.84989511
DKNGUSDT,EQUITY,1783152000001,0.00000000,25.87991906
DKNGUSDT,EQUITY,1783180800001,0.00000000,26.00000000
DKNGUSDT,EQUITY,1783209600002,0.00000000,25.97053574
DKNGUSDT,EQUITY,1783238400001,0.00000000,25.90992204
DKNGUSDT,EQUITY,1783267200001,0.00000000,25.86631755
DKNGUSDT,EQUITY,1783296000001,0.00000000,25.80001927
DKNGUSDT,EQUITY,1783324800001,0.00000000,25.98818167
DKNGUSDT,EQUITY,1783353600001,0.00000000,25.64631713
DKNGUSDT,EQUITY,1783382400001,0.00000000,26.09022886
DKNGUSDT,EQUITY,1783411200001,0.00000000,26.18731893
DKNGUSDT,EQUITY,1783440000001,0.00000000,26.42624485
DKNGUSDT,EQUITY,1783468800002,0.00000000,26.93906824
DKNGUSDT,EQUITY,1783497600001,0.00000000,26.74847557
DKNGUSDT,EQUITY,1783526400001,0.00000000,26.07637322
DKNGUSDT,EQUITY,1783555200001,0.00003556,27.68000000
DKNGUSDT,EQUITY,1783584000001,0.00000000,27.54979970
DKNGUSDT,EQUITY,1783612800001,0.00000000,26.32141044
DKNGUSDT,EQUITY,1783641600001,0.00000000,26.35000000
DKNGUSDT,EQUITY,1783670400001,0.00000000,26.42000000
DKNGUSDT,EQUITY,1783699200001,0.00000000,26.58935487
DKNGUSDT,EQUITY,1783728000001,0.00000000,26.53000000
DKNGUSDT,EQUITY,1783756800001,0.00000000,26.45125415
DKNGUSDT,EQUITY,1783785600001,0.00000000,26.50502195
DKNGUSDT,EQUITY,1783814400001,0.00000000,26.60497410
DKNGUSDT,EQUITY,1783843200001,0.00000000,26.52855657
DKNGUSDT,EQUITY,1783872000001,0.00000000,26.39781687
DKNGUSDT,EQUITY,1783900800001,0.00000000,26.38746768
DKNGUSDT,EQUITY,1783929600001,0.00000000,26.42000000
DKNGUSDT,EQUITY,1783958400001,0.00000000,27.16125953
DKNGUSDT,EQUITY,1783987200002,0.00000000,26.41710621
DKNGUSDT,EQUITY,1784016000001,0.00000000,26.38290779
DKNGUSDT,EQUITY,1784044800001,0.00000000,25.38000000
DKNGUSDT,EQUITY,1784073600001,0.00000000,25.26920382
DKNGUSDT,EQUITY,1784102400001,0.00000000,25.25389151
DKNGUSDT,EQUITY,1784131200001,0.00000000,26.05254162
DKNGUSDT,EQUITY,1784160000001,0.00000000,25.29274733
DKNGUSDT,EQUITY,1784188800002,0.00000000,25.29913688
DKNGUSDT,EQUITY,1784217600001,0.00000000,24.82542964
DKNGUSDT,EQUITY,1784246400001,0.00000000,24.85000000
DKNGUSDT,EQUITY,1784275200001,0.00000000,24.70000000
DKNGUSDT,EQUITY,1784304000001,0.00000000,24.38624505
DKNGUSDT,EQUITY,1784332800001,0.00003433,24.92000000
DKNGUSDT,EQUITY,1784361600001,0.00000000,24.73000000
DKNGUSDT,EQUITY,1784390400001,0.00000000,24.78177671
DKNGUSDT,EQUITY,1784419200001,0.00000000,24.47000000
DKNGUSDT,EQUITY,1784448000001,0.00000000,24.56999422
DKNGUSDT,EQUITY,1784476800001,0.00000000,24.35009196
DKNGUSDT,EQUITY,1784505600002,0.00000000,24.43525553
DKNGUSDT,EQUITY,1784534400001,0.00000000,24.90000000
DKNGUSDT,EQUITY,1784563200001,0.00000000,24.86579198
DKNGUSDT,EQUITY,1784592000001,0.00000000,24.30348837
DKNGUSDT,EQUITY,1784620800001,0.00000000,24.34066038
DKNGUSDT,EQUITY,1784649600000,0.00000000,24.13000000
DKNGUSDT,EQUITY,1784678400000,0.00000000,23.88990751
DKNGUSDT,EQUITY,1784707200001,0.00000000,23.82000000
RIVNUSDT,EQUITY,1781107200001,0.00000000,15.44039848
RIVNUSDT,EQUITY,1781136000001,0.00000000,14.84010773
RIVNUSDT,EQUITY,1781164800001,0.00000000,14.99000000
RIVNUSDT,EQUITY,1781193600001,0.00000000,15.25858149
RIVNUSDT,EQUITY,1781222400001,0.00000000,15.57499501
RIVNUSDT,EQUITY,1781251200001,0.00000000,15.51862151
RIVNUSDT,EQUITY,1781280000001,0.00000000,15.47801210
RIVNUSDT,EQUITY,1781308800001,0.00000000,16.74200938
RIVNUSDT,EQUITY,1781337600001,0.00000000,16.86048720
RIVNUSDT,EQUITY,1781366400001,0.00000000,16.68440385
RIVNUSDT,EQUITY,1781395200001,0.00000000,16.66000000
RIVNUSDT,EQUITY,1781424000001,0.00000000,16.82994455
RIVNUSDT,EQUITY,1781452800001,0.00000000,16.96000000
RIVNUSDT,EQUITY,1781481600001,0.00000000,17.06735567
RIVNUSDT,EQUITY,1781510400002,0.00000000,17.08419832
RIVNUSDT,EQUITY,1781539200001,0.00000000,16.82000000
RIVNUSDT,EQUITY,1781568000001,0.00000000,16.60487424
RIVNUSDT,EQUITY,1781596800001,0.00000000,16.66225806
RIVNUSDT,EQUITY,1781625600001,0.00000000,15.93000000
RIVNUSDT,EQUITY,1781654400001,0.00000000,15.94857732
RIVNUSDT,EQUITY,1781683200001,0.00000000,15.97558659
RIVNUSDT,EQUITY,1781712000001,0.00000000,16.67044355
RIVNUSDT,EQUITY,1781740800001,0.00000000,16.41778108
RIVNUSDT,EQUITY,1781769600001,0.00000000,16.51091398
RIVNUSDT,EQUITY,1781798400001,0.00000000,16.28079426
RIVNUSDT,EQUITY,1781827200001,0.00028483,16.47000000
RIVNUSDT,EQUITY,1781856000001,0.00000000,16.72656205
RIVNUSDT,EQUITY,1781884800001,0.00000000,16.82002003
RIVNUSDT,EQUITY,1781913600001,0.00000000,16.77499614
RIVNUSDT,EQUITY,1781942400001,0.00000000,16.71994206
RIVNUSDT,EQUITY,1781971200001,0.00000000,16.66275004
RIVNUSDT,EQUITY,1782000000001,0.00000000,16.70495062
RIVNUSDT,EQUITY,1782028800001,0.00000000,16.76501211
RIVNUSDT,EQUITY,1782057600001,0.00000000,16.75000000
RIVNUSDT,EQUITY,1782086400001,0.00000000,16.73126617
RIVNUSDT,EQUITY,1782115200001,0.00000000,16.39968231
RIVNUSDT,EQUITY,1782144000001,0.00000000,15.50969823
RIVNUSDT,EQUITY,1782172800001,0.00000000,15.13450583
RIVNUSDT,EQUITY,1782201600002,0.00000000,14.89070968
RIVNUSDT,EQUITY,1782230400001,0.00000000,14.98000000
RIVNUSDT,EQUITY,1782259200001,0.00000000,14.97000000
RIVNUSDT,EQUITY,1782288000001,0.00000000,14.98000000
RIVNUSDT,EQUITY,1782316800001,0.00000000,15.10494580
RIVNUSDT,EQUITY,1782345600002,0.00000000,14.89000000
RIVNUSDT,EQUITY,1782374400001,0.00000000,14.81215760
RIVNUSDT,EQUITY,1782403200001,0.00000000,14.46895553
RIVNUSDT,EQUITY,1782432000001,0.00000000,14.82959130
RIVNUSDT,EQUITY,1782460800002,0.00000000,14.84661290
RIVNUSDT,EQUITY,1782489600001,0.00000000,15.41159178
RIVNUSDT,EQUITY,1782518400001,0.00000000,15.65000000
RIVNUSDT,EQUITY,1782547200001,0.00000000,15.56688078
RIVNUSDT,EQUITY,1782576000001,0.00000000,15.63849348
RIVNUSDT,EQUITY,1782604800002,0.00000000,15.73621290
RIVNUSDT,EQUITY,1782633600002,0.00000000,15.52000000
RIVNUSDT,EQUITY,1782662400001,0.00000000,15.61495294
RIVNUSDT,EQUITY,1782691200001,0.00000000,15.51875692
RIVNUSDT,EQUITY,1782720000001,0.00000000,15.62000000
RIVNUSDT,EQUITY,1782748800001,0.00000000,16.46389049
RIVNUSDT,EQUITY,1782777600000,0.00000000,16.78000000
RIVNUSDT,EQUITY,1782806400000,0.00000000,16.80000000
RIVNUSDT,EQUITY,1782835200001,0.00000000,17.00153614
RIVNUSDT,EQUITY,1782864000000,0.00000000,17.36483846
RIVNUSDT,EQUITY,1782892800001,0.00000000,17.40000000
RIVNUSDT,EQUITY,1782921600001,0.00000000,17.66463038
RIVNUSDT,EQUITY,1782950400000,0.00000000,17.06000000
RIVNUSDT,EQUITY,1782979200001,0.00000000,17.05844340
RIVNUSDT,EQUITY,1783008000001,0.00000000,18.99000000
RIVNUSDT,EQUITY,1783036800001,0.00000000,18.58487502
RIVNUSDT,EQUITY,1783065600001,0.00000000,18.76987279
RIVNUSDT,EQUITY,1783094400001,0.00000000,18.47157824
RIVNUSDT,EQUITY,1783123200001,0.00000000,18.54006720
RIVNUSDT,EQUITY,1783152000001,0.00000000,18.84209764
RIVNUSDT,EQUITY,1783180800001,0.00000000,18.82497393
RIVNUSDT,EQUITY,1783209600002,0.00000000,18.67975718
RIVNUSDT,EQUITY,1783238400001,0.00000000,18.65510071
RIVNUSDT,EQUITY,1783267200001,0.00000000,18.85016125
RIVNUSDT,EQUITY,1783296000001,0.00000000,18.90028937
RIVNUSDT,EQUITY,1783324800001,0.00000000,18.68980855
RIVNUSDT,EQUITY,1783353600001,0.00000000,19.69030957
RIVNUSDT,EQUITY,1783382400001,0.00000000,18.28979146
RIVNUSDT,EQUITY,1783411200001,0.00000000,18.32206288
RIVNUSDT,EQUITY,1783440000001,0.00000000,17.08000000
RIVNUSDT,EQUITY,1783468800002,0.00000000,16.31206998
RIVNUSDT,EQUITY,1783497600001,0.00000000,16.26629693
RIVNUSDT,EQUITY,1783526400001,0.00000000,16.37000000
RIVNUSDT,EQUITY,1783555200001,0.00000000,16.63999170
RIVNUSDT,EQUITY,1783584000001,0.00000000,16.70358491
RIVNUSDT,EQUITY,1783612800001,0.00000000,17.83263656
RIVNUSDT,EQUITY,1783641600001,0.00000000,18.17000000
RIVNUSDT,EQUITY,1783670400001,0.00000000,18.17000000
RIVNUSDT,EQUITY,1783699200001,0.00000000,18.26085136
RIVNUSDT,EQUITY,1783728000001,0.00000000,17.51000000
RIVNUSDT,EQUITY,1783756800001,0.00000000,17.62000000
RIVNUSDT,EQUITY,1783785600001,0.00000000,17.63000000
RIVNUSDT,EQUITY,1783814400001,-0.00029711,17.17199081
RIVNUSDT,EQUITY,1783843200001,0.00000000,17.12881157
RIVNUSDT,EQUITY,1783872000001,0.00000000,17.22250188
RIVNUSDT,EQUITY,1783900800001,0.00000000,17.19760141
RIVNUSDT,EQUITY,1783929600001,0.00000000,17.39096216
RIVNUSDT,EQUITY,1783958400001,0.00000000,17.32182562
RIVNUSDT,EQUITY,1783987200002,0.00000000,17.12490860
RIVNUSDT,EQUITY,1784016000001,0.00000000,17.33000000
RIVNUSDT,EQUITY,1784044800001,0.00000000,17.43486323
RIVNUSDT,EQUITY,1784073600001,0.00000000,17.47813660
RIVNUSDT,EQUITY,1784102400001,0.00000000,17.59503145
RIVNUSDT,EQUITY,1784131200001,0.00000000,18.10000000
RIVNUSDT,EQUITY,1784160000001,0.00000000,17.77833398
RIVNUSDT,EQUITY,1784188800002,0.00000000,17.94155877
RIVNUSDT,EQUITY,1784217600001,0.00000000,17.05547593
RIVNUSDT,EQUITY,1784246400001,0.00000000,17.00000000
RIVNUSDT,EQUITY,1784275200001,0.00000000,16.82889543
RIVNUSDT,EQUITY,1784304000001,0.00000000,17.04021480
RIVNUSDT,EQUITY,1784332800001,0.00000000,17.42000000
RIVNUSDT,EQUITY,1784361600001,0.00000000,17.44379943
RIVNUSDT,EQUITY,1784390400001,0.00000000,17.60684024
RIVNUSDT,EQUITY,1784419200001,0.00000000,17.45682657
RIVNUSDT,EQUITY,1784448000001,0.00000000,17.52000000
RIVNUSDT,EQUITY,1784476800001,0.00000000,17.52481876
RIVNUSDT,EQUITY,1784505600002,0.00000000,17.27486527
RIVNUSDT,EQUITY,1784534400001,0.00000000,17.36127429
RIVNUSDT,EQUITY,1784563200001,0.00000000,17.52000000
RIVNUSDT,EQUITY,1784592000001,0.00000000,17.25000000
RIVNUSDT,EQUITY,1784620800001,0.00000000,17.28752367
RIVNUSDT,EQUITY,1784649600000,0.00000000,17.65567678
RIVNUSDT,EQUITY,1784678400000,0.00000000,17.79488512
RIVNUSDT,EQUITY,1784707200001,0.00000000,17.72000000
GMEUSDT,EQUITY,1781107200001,0.00000000,22.32903182
GMEUSDT,EQUITY,1781136000001,0.00000000,22.36000000
GMEUSDT,EQUITY,1781164800001,0.00000000,22.41862688
GMEUSDT,EQUITY,1781193600001,0.00000000,22.07976127
GMEUSDT,EQUITY,1781222400001,0.00000000,22.08548968
GMEUSDT,EQUITY,1781251200001,0.00000000,22.11000000
GMEUSDT,EQUITY,1781280000001,0.00000000,21.53375204
GMEUSDT,EQUITY,1781308800001,0.00000000,21.76000000
GMEUSDT,EQUITY,1781337600001,0.00000000,21.92000000
GMEUSDT,EQUITY,1781366400001,0.00000000,22.17000000
GMEUSDT,EQUITY,1781395200001,0.00000000,22.42000000
GMEUSDT,EQUITY,1781424000001,0.00000000,22.38133913
GMEUSDT,EQUITY,1781452800001,0.00000000,22.29416187
GMEUSDT,EQUITY,1781481600001,0.00020487,22.62938424
GMEUSDT,EQUITY,1781510400002,0.00000000,21.92610323
GMEUSDT,EQUITY,1781539200001,0.00000000,21.92128773
GMEUSDT,EQUITY,1781568000001,0.00000000,21.77000612
GMEUSDT,EQUITY,1781596800001,0.00000000,21.76225613
GMEUSDT,EQUITY,1781625600001,0.00000000,21.40000000
GMEUSDT,EQUITY,1781654400001,0.00000000,21.50000510
GMEUSDT,EQUITY,1781683200001,0.00000000,21.53735807
GMEUSDT,EQUITY,1781712000001,0.00000000,21.67215158
GMEUSDT,EQUITY,1781740800001,0.00000000,21.52000000
GMEUSDT,EQUITY,1781769600001,0.00000000,21.57075269
GMEUSDT,EQUITY,1781798400001,0.00000000,21.65785063
GMEUSDT,EQUITY,1781827200001,0.00000000,21.47998448
GMEUSDT,EQUITY,1781856000001,-0.00166134,20.56000000
GMEUSDT,EQUITY,1781884800001,0.00012522,21.19514308
GMEUSDT,EQUITY,1781913600001,0.00000000,21.21004397
GMEUSDT,EQUITY,1781942400001,0.00000000,21.56016680
GMEUSDT,EQUITY,1781971200001,0.00000000,21.40000000
GMEUSDT,EQUITY,1782000000001,0.00000000,21.82688801
GMEUSDT,EQUITY,1782028800001,0.00000000,21.86015666
GMEUSDT,EQUITY,1782057600001,0.00000000,21.79567804
GMEUSDT,EQUITY,1782086400001,0.00000000,21.54488930
GMEUSDT,EQUITY,1782115200001,0.00000000,21.46032473
GMEUSDT,EQUITY,1782144000001,0.00000000,21.44000000
GMEUSDT,EQUITY,1782172800001,0.00000000,21.17635417
GMEUSDT,EQUITY,1782201600002,0.00000000,20.83913834
GMEUSDT,EQUITY,1782230400001,0.00000000,21.24053557
GMEUSDT,EQUITY,1782259200001,0.00000000,21.19999981
GMEUSDT,EQUITY,1782288000001,0.00000000,21.30781541
GMEUSDT,EQUITY,1782316800001,0.00000000,21.53731184
GMEUSDT,EQUITY,1782345600002,0.00000000,21.35667039
GMEUSDT,EQUITY,1782374400001,0.00000000,21.41449587
GMEUSDT,EQUITY,1782403200001,0.00000000,21.01554480
GMEUSDT,EQUITY,1782432000001,0.00000000,21.03254380
GMEUSDT,EQUITY,1782460800002,0.00000000,21.05993737
GMEUSDT,EQUITY,1782489600001,0.00000000,21.55000000
GMEUSDT,EQUITY,1782518400001,0.00000000,22.17818555
GMEUSDT,EQUITY,1782547200001,0.00000000,22.29507607
GMEUSDT,EQUITY,1782576000001,0.00000000,22.22523875
GMEUSDT,EQUITY,1782604800002,0.00000000,22.18832266
GMEUSDT,EQUITY,1782633600002,0.00000000,22.17073802
GMEUSDT,EQUITY,1782662400001,0.00000000,22.19502277
GMEUSDT,EQUITY,1782691200001,0.00000000,22.12005440
GMEUSDT,EQUITY,1782720000001,0.00000000,22.13000000
GMEUSDT,EQUITY,1782748800001,0.00000000,21.96271636
GMEUSDT,EQUITY,1782777600000,0.00000000,21.99000000
GMEUSDT,EQUITY,1782806400000,0.00000000,21.99000000
GMEUSDT,EQUITY,1782835200001,0.00000000,21.84886519
GMEUSDT,EQUITY,1782864000000,0.00000000,22.04499865
GMEUSDT,EQUITY,1782892800001,0.00000000,22.00339577
GMEUSDT,EQUITY,1782921600001,0.00000000,22.25383366
GMEUSDT,EQUITY,1782950400000,0.00000000,22.58296769
GMEUSDT,EQUITY,1782979200001,0.00000000,22.46000000
GMEUSDT,EQUITY,1783008000001,0.00000000,22.77825490
GMEUSDT,EQUITY,1783036800001,0.00000000,22.82162141
GMEUSDT,EQUITY,1783065600001,0.00000000,23.22419185
GMEUSDT,EQUITY,1783094400001,0.00000000,22.86000000
GMEUSDT,EQUITY,1783123200001,0.00000000,23.05198747
GMEUSDT,EQUITY,1783152000001,0.00000000,22.98498737
GMEUSDT,EQUITY,1783180800001,0.00000000,22.85178430
GMEUSDT,EQUITY,1783209600002,0.00000000,22.80507694
GMEUSDT,EQUITY,1783238400001,0.00000000,22.77201194
GMEUSDT,EQUITY,1783267200001,0.00000000,22.76001233
GMEUSDT,EQUITY,1783296000001,0.00000000,22.73273861
GMEUSDT,EQUITY,1783324800001,0.00000000,22.79000000
GMEUSDT,EQUITY,1783353600001,0.00000000,22.63604890
GMEUSDT,EQUITY,1783382400001,0.00000000,22.66937182
GMEUSDT,EQUITY,1783411200001,0.00000000,22.65489764
GMEUSDT,EQUITY,1783440000001,0.00000000,22.19000000
GMEUSDT,EQUITY,1783468800002,0.00000000,22.20308528
GMEUSDT,EQUITY,1783497600001,0.00000000,22.07961885
GMEUSDT,EQUITY,1783526400001,0.00000000,21.82917194
GMEUSDT,EQUITY,1783555200001,0.00000000,21.76925873
GMEUSDT,EQUITY,1783584000001,0.00000000,21.73813242
GMEUSDT,EQUITY,1783612800001,0.00000000,21.75000000
GMEUSDT,EQUITY,1783641600001,0.00000000,21.90720289
GMEUSDT,EQUITY,1783670400001,0.00000000,21.95000000
GMEUSDT,EQUITY,1783699200001,0.00000000,21.85378211
GMEUSDT,EQUITY,1783728000001,0.00000000,21.71643900
GMEUSDT,EQUITY,1783756800001,0.00000000,21.54000000
GMEUSDT,EQUITY,1783785600001,0.00000000,21.58000000
GMEUSDT,EQUITY,1783814400001,0.00000000,21.64000000
GMEUSDT,EQUITY,1783843200001,0.00000000,21.76829786
GMEUSDT,EQUITY,1783872000001,0.00000000,21.83994191
GMEUSDT,EQUITY,1783900800001,0.00000000,21.82010683
GMEUSDT,EQUITY,1783929600001,0.00000000,21.60765236
GMEUSDT,EQUITY,1783958400001,0.00000000,22.28000000
GMEUSDT,EQUITY,1783987200002,0.00000000,21.98000000
GMEUSDT,EQUITY,1784016000001,0.00000000,21.91000000
GMEUSDT,EQUITY,1784044800001,0.00000000,22.38666156
GMEUSDT,EQUITY,1784073600001,0.00000000,22.43353504
GMEUSDT,EQUITY,1784102400001,0.00000000,22.40656732
GMEUSDT,EQUITY,1784131200001,0.00000000,22.36000000
GMEUSDT,EQUITY,1784160000001,0.00000000,22.25338528
GMEUSDT,EQUITY,1784188800002,0.00000000,22.32981989
GMEUSDT,EQUITY,1784217600001,0.00000000,22.45386496
GMEUSDT,EQUITY,1784246400001,0.00000000,21.95474072
GMEUSDT,EQUITY,1784275200001,0.00000000,21.81106952
GMEUSDT,EQUITY,1784304000001,0.00000000,21.91745153
GMEUSDT,EQUITY,1784332800001,0.00000000,21.93499925
GMEUSDT,EQUITY,1784361600001,0.00000000,22.05000000
GMEUSDT,EQUITY,1784390400001,0.00000000,22.09001801
GMEUSDT,EQUITY,1784419200001,0.00000000,22.07504421
GMEUSDT,EQUITY,1784448000001,0.00000000,22.08487341
GMEUSDT,EQUITY,1784476800001,0.00000000,22.01496492
GMEUSDT,EQUITY,1784505600002,0.00000000,22.02995712
GMEUSDT,EQUITY,1784534400001,0.00000000,21.91000000
GMEUSDT,EQUITY,1784563200001,0.00000000,21.83000000
GMEUSDT,EQUITY,1784592000001,0.00000000,21.73535019
GMEUSDT,EQUITY,1784620800001,0.00000000,21.80321771
GMEUSDT,EQUITY,1784649600000,0.00000000,21.69770467
GMEUSDT,EQUITY,1784678400000,0.00000000,21.76968429
GMEUSDT,EQUITY,1784707200001,0.00000000,21.78839528
XLEUSDT,EQUITY,1781107200001,0.00000000,58.78000000
XLEUSDT,EQUITY,1781136000001,0.00000000,58.81070231
XLEUSDT,EQUITY,1781164800001,-0.00014864,58.47400731
XLEUSDT,EQUITY,1781193600001,0.00000000,58.41644619
XLEUSDT,EQUITY,1781222400001,0.00000000,57.18000000
XLEUSDT,EQUITY,1781251200001,0.00000000,57.20967529
XLEUSDT,EQUITY,1781280000001,0.00000000,58.02248375
XLEUSDT,EQUITY,1781308800001,0.00000000,57.30000000
XLEUSDT,EQUITY,1781337600001,0.00003041,58.33000000
XLEUSDT,EQUITY,1781366400001,0.00000000,57.79011268
XLEUSDT,EQUITY,1781395200001,0.00000000,58.40786370
XLEUSDT,EQUITY,1781424000001,0.00000000,57.72347888
XLEUSDT,EQUITY,1781452800001,0.00000000,57.61000000
XLEUSDT,EQUITY,1781481600001,0.00000000,57.00000000
XLEUSDT,EQUITY,1781510400002,0.00000000,56.40082098
XLEUSDT,EQUITY,1781539200001,0.00000000,55.82154774
XLEUSDT,EQUITY,1781568000001,0.00000000,55.82000000
XLEUSDT,EQUITY,1781596800001,0.00000000,55.49285006
XLEUSDT,EQUITY,1781625600001,0.00000000,55.21373843
XLEUSDT,EQUITY,1781654400001,0.00000000,55.16000000
XLEUSDT,EQUITY,1781683200001,0.00000000,54.80384299
XLEUSDT,EQUITY,1781712000001,0.00000000,55.00672814
XLEUSDT,EQUITY,1781740800001,0.00000000,54.68000000
XLEUSDT,EQUITY,1781769600001,0.00000000,54.40000000
XLEUSDT,EQUITY,1781798400001,0.00000000,53.59359633
XLEUSDT,EQUITY,1781827200001,0.00000000,53.92000000
XLEUSDT,EQUITY,1781856000001,0.00000000,53.45776946
XLEUSDT,EQUITY,1781884800001,0.00000000,53.60083162
XLEUSDT,EQUITY,1781913600001,0.00000000,53.49566502
XLEUSDT,EQUITY,1781942400001,0.00000000,53.69147663
XLEUSDT,EQUITY,1781971200001,0.00000000,54.23000000
XLEUSDT,EQUITY,1782000000001,0.00000000,54.24000000
XLEUSDT,EQUITY,1782028800001,0.00000000,54.18474232
XLEUSDT,EQUITY,1782057600001,0.00000000,54.07680433
XLEUSDT,EQUITY,1782072000001,0.00000000,53.91386158
XLEUSDT,EQUITY,1782075600001,0.00000000,53.91303601
XLEUSDT,EQUITY,1782079200001,0.00000000,54.07000000
XLEUSDT,EQUITY,1782082800001,0.00000000,53.95000000
XLEUSDT,EQUITY,1782086400001,0.00000000,53.55000000
XLEUSDT,EQUITY,1782086400009,-0.00723926,53.55000000
XLEUSDT,EQUITY,1782090000001,0.00000000,53.94000000
XLEUSDT,EQUITY,1782093600001,0.00000000,53.69809050
XLEUSDT,EQUITY,1782097200001,0.00000000,53.45504996
XLEUSDT,EQUITY,1782100800001,0.00000000,53.39080645
XLEUSDT,EQUITY,1782115200001,0.00000000,53.35000000
XLEUSDT,EQUITY,1782144000001,0.00000000,53.60955520
XLEUSDT,EQUITY,1782172800001,0.00000000,54.05626558
XLEUSDT,EQUITY,1782201600002,0.00000000,53.69000000
XLEUSDT,EQUITY,1782230400001,0.00000000,54.31310746
XLEUSDT,EQUITY,1782259200001,0.00000000,54.46000000
XLEUSDT,EQUITY,1782288000001,0.00000000,54.11000000
XLEUSDT,EQUITY,1782316800001,0.00000000,53.21000000
XLEUSDT,EQUITY,1782345600002,0.00000000,53.45000000
XLEUSDT,EQUITY,1782374400001,0.00000000,53.25000000
XLEUSDT,EQUITY,1782403200001,0.00000000,53.93662660
XLEUSDT,EQUITY,1782432000001,0.00030364,54.18999076
XLEUSDT,EQUITY,1782460800002,0.00000000,53.83785357
XLEUSDT,EQUITY,1782489600001,0.00000000,54.06406276
XLEUSDT,EQUITY,1782518400001,0.00000000,54.28000000
XLEUSDT,EQUITY,1782547200001,0.00000000,53.87521941
XLEUSDT,EQUITY,1782576000001,0.00000000,53.88105492
XLEUSDT,EQUITY,1782604800002,0.00000000,53.80654247
XLEUSDT,EQUITY,1782633600002,0.00000000,54.27988914
XLEUSDT,EQUITY,1782662400001,0.00000000,53.95842538
XLEUSDT,EQUITY,1782691200001,0.00000000,53.37000000
XLEUSDT,EQUITY,1782720000001,0.00000000,53.81011107
XLEUSDT,EQUITY,1782748800001,0.00000000,53.81395067
XLEUSDT,EQUITY,1782777600000,0.00000000,53.58990214
XLEUSDT,EQUITY,1782806400000,0.00000000,53.49433373
XLEUSDT,EQUITY,1782835200001,0.00000000,53.66700032
XLEUSDT,EQUITY,1782864000000,0.00020258,53.25000925
XLEUSDT,EQUITY,1782892800001,0.00000000,52.99221808
XLEUSDT,EQUITY,1782921600001,0.00000000,53.05760986
XLEUSDT,EQUITY,1782950400000,0.00000000,52.81000000
XLEUSDT,EQUITY,1782979200001,0.00000000,52.90248063
XLEUSDT,EQUITY,1783008000001,0.00000000,53.07000000
XLEUSDT,EQUITY,1783036800001,0.00000000,53.12000000
XLEUSDT,EQUITY,1783065600001,0.00000000,53.34210073
XLEUSDT,EQUITY,1783094400001,0.00000000,53.02981974
XLEUSDT,EQUITY,1783123200001,0.00000000,53.03175386
XLEUSDT,EQUITY,1783152000001,0.00000000,53.10989046
XLEUSDT,EQUITY,1783180800001,0.00000000,53.24514377
XLEUSDT,EQUITY,1783209600002,0.00000000,53.17000000
XLEUSDT,EQUITY,1783238400001,0.00000000,53.14767877
XLEUSDT,EQUITY,1783267200001,0.00000000,53.05630608
XLEUSDT,EQUITY,1783296000001,0.00000000,53.31987414
XLEUSDT,EQUITY,1783324800001,0.00000000,53.14000000
XLEUSDT,EQUITY,1783353600001,0.00000000,53.23837473
XLEUSDT,EQUITY,1783382400001,0.00000000,53.22000000
XLEUSDT,EQUITY,1783411200001,0.00000000,53.63000000
XLEUSDT,EQUITY,1783440000001,0.00000000,54.05809119
XLEUSDT,EQUITY,1783468800002,0.00039144,54.90250002
XLEUSDT,EQUITY,1783497600001,0.00000000,55.02770457
XLEUSDT,EQUITY,1783526400001,0.00000000,55.97100377
XLEUSDT,EQUITY,1783555200001,0.00046325,55.78000000
XLEUSDT,EQUITY,1783584000001,0.00000000,55.43501459
XLEUSDT,EQUITY,1783612800001,0.00000000,55.01000000
XLEUSDT,EQUITY,1783641600001,0.00000000,54.89000000
XLEUSDT,EQUITY,1783670400001,0.00000000,54.79171513
XLEUSDT,EQUITY,1783699200001,0.00000000,54.62943499
XLEUSDT,EQUITY,1783728000001,0.00000000,54.90143410
XLEUSDT,EQUITY,1783756800001,0.00000000,55.14027001
XLEUSDT,EQUITY,1783785600001,0.00000000,54.94962499
XLEUSDT,EQUITY,1783814400001,0.00021978,55.99000000
XLEUSDT,EQUITY,1783843200001,0.00000000,55.81258376
XLEUSDT,EQUITY,1783872000001,0.00000000,55.78000000
XLEUSDT,EQUITY,1783900800001,0.00000000,56.42015317
XLEUSDT,EQUITY,1783929600001,0.00000000,56.04221158
XLEUSDT,EQUITY,1783958400001,0.00000000,56.45000000
XLEUSDT,EQUITY,1783987200002,0.00028037,57.05000000
XLEUSDT,EQUITY,1784016000001,0.00000000,57.22000000
XLEUSDT,EQUITY,1784044800001,0.00000000,56.76208613
XLEUSDT,EQUITY,1784073600001,0.00002681,56.95758839
XLEUSDT,EQUITY,1784102400001,0.00000000,56.97839534
XLEUSDT,EQUITY,1784131200001,0.00010779,56.08000000
XLEUSDT,EQUITY,1784160000001,0.00043822,56.52000000
XLEUSDT,EQUITY,1784188800002,0.00000000,56.43127715
XLEUSDT,EQUITY,1784217600001,0.00000000,57.09158597
XLEUSDT,EQUITY,1784246400001,0.00053206,57.05966531
XLEUSDT,EQUITY,1784275200001,0.00000000,57.13420003
XLEUSDT,EQUITY,1784304000001,0.00000000,57.41593491
XLEUSDT,EQUITY,1784332800001,0.00000000,57.92000000
XLEUSDT,EQUITY,1784361600001,0.00000000,58.22000000
XLEUSDT,EQUITY,1784390400001,0.00000000,58.06437136
XLEUSDT,EQUITY,1784419200001,0.00000000,58.19165052
XLEUSDT,EQUITY,1784448000001,0.00000000,58.26295295
XLEUSDT,EQUITY,1784476800001,0.00000000,58.27000000
XLEUSDT,EQUITY,1784505600002,0.00000000,58.02000000
XLEUSDT,EQUITY,1784534400001,0.00000000,58.10886970
XLEUSDT,EQUITY,1784563200001,0.00000000,58.23675774
XLEUSDT,EQUITY,1784592000001,0.00036941,58.11854420
XLEUSDT,EQUITY,1784620800001,0.00000000,57.73829586
XLEUSDT,EQUITY,1784649600000,0.00000000,58.35357736
XLEUSDT,EQUITY,1784678400000,0.00000000,58.51024531
XLEUSDT,EQUITY,1784707200001,0.00000000,59.27151361
EWZUSDT,EQUITY,1781107200001,0.00000000,33.85000000
EWZUSDT,EQUITY,1781136000001,0.00000000,33.60203875
EWZUSDT,EQUITY,1781164800001,0.00000000,34.07000000
EWZUSDT,EQUITY,1781193600001,0.00000000,34.06380812
EWZUSDT,EQUITY,1781222400001,0.00000000,34.84000000
EWZUSDT,EQUITY,1781251200001,-0.00089452,34.79785381
EWZUSDT,EQUITY,1781280000001,0.00000000,35.04000000
EWZUSDT,EQUITY,1781308800001,0.00000000,35.18006161
EWZUSDT,EQUITY,1781337600001,0.00000000,34.74000000
EWZUSDT,EQUITY,1781366400001,0.00000000,35.03000000
EWZUSDT,EQUITY,1781395200001,0.00000000,35.38000000
EWZUSDT,EQUITY,1781424000001,0.00000000,35.14000000
EWZUSDT,EQUITY,1781452800001,0.00000000,35.09627601
EWZUSDT,EQUITY,1781481600001,0.00000000,35.29000000
EWZUSDT,EQUITY,1781510400002,0.00000000,35.23723899
EWZUSDT,EQUITY,1781539200001,0.00000000,35.06731901
EWZUSDT,EQUITY,1781568000001,0.00004246,34.70300375
EWZUSDT,EQUITY,1781596800001,0.00000000,34.71000000
EWZUSDT,EQUITY,1781625600001,0.00000000,34.54331498
EWZUSDT,EQUITY,1781654400001,0.00000000,34.50229458
EWZUSDT,EQUITY,1781683200001,0.00000000,34.43252500
EWZUSDT,EQUITY,1781712000001,0.00000000,35.04946801
EWZUSDT,EQUITY,1781740800001,0.00000000,34.24003713
EWZUSDT,EQUITY,1781769600001,0.00000000,34.43000000
EWZUSDT,EQUITY,1781798400001,0.00000000,33.78729187
EWZUSDT,EQUITY,1781827200001,0.00000000,33.87000000
EWZUSDT,EQUITY,1781856000001,0.00000000,34.01000000
EWZUSDT,EQUITY,1781884800001,0.00000000,33.75648617
EWZUSDT,EQUITY,1781913600001,0.00000000,33.59000000
EWZUSDT,EQUITY,1781942400001,0.00000000,33.55970649
EWZUSDT,EQUITY,1781971200001,0.00000000,33.57000000
EWZUSDT,EQUITY,1782000000001,0.00000000,33.85760243
EWZUSDT,EQUITY,1782028800001,0.00000000,34.00000000
EWZUSDT,EQUITY,1782057600001,0.00000000,34.02000000
EWZUSDT,EQUITY,1782086400001,0.00000000,33.80734244
EWZUSDT,EQUITY,1782115200001,0.00000000,33.65165554
EWZUSDT,EQUITY,1782144000001,0.00000000,34.30000000
EWZUSDT,EQUITY,1782172800001,0.00000000,34.31425158
EWZUSDT,EQUITY,1782201600002,0.00000000,33.74313887
EWZUSDT,EQUITY,1782230400001,0.00000000,34.08000000
EWZUSDT,EQUITY,1782259200001,0.00000000,34.12573569
EWZUSDT,EQUITY,1782288000001,0.00000000,34.18446815
EWZUSDT,EQUITY,1782316800001,0.00000000,33.76487404
EWZUSDT,EQUITY,1782345600002,0.00000000,33.97000000
EWZUSDT,EQUITY,1782374400001,0.00000000,33.90000000
EWZUSDT,EQUITY,1782403200001,0.00000000,34.38788799
EWZUSDT,EQUITY,1782432000001,0.00000000,34.35299487
EWZUSDT,EQUITY,1782460800002,0.00000000,33.98000000
EWZUSDT,EQUITY,1782489600001,0.00000000,34.78000000
EWZUSDT,EQUITY,1782518400001,0.00000000,34.64000413
EWZUSDT,EQUITY,1782547200001,0.00000000,34.79494457
EWZUSDT,EQUITY,1782576000001,0.00000000,34.66104446
EWZUSDT,EQUITY,1782604800002,0.00000000,34.46496873
EWZUSDT,EQUITY,1782633600002,0.00000000,34.48963509
EWZUSDT,EQUITY,1782662400001,0.00000000,34.48000000
EWZUSDT,EQUITY,1782691200001,0.00000000,34.57000000
EWZUSDT,EQUITY,1782720000001,0.00000000,34.90598709
EWZUSDT,EQUITY,1782748800001,0.00000000,34.42000000
EWZUSDT,EQUITY,1782777600000,0.00000000,34.62000000
EWZUSDT,EQUITY,1782806400000,-0.00142414,34.46000000
EWZUSDT,EQUITY,1782835200001,0.00000000,34.42835623
EWZUSDT,EQUITY,1782864000000,0.00000000,34.63566314
EWZUSDT,EQUITY,1782892800001,0.00000000,34.47356176
EWZUSDT,EQUITY,1782921600001,0.00000000,34.32945882
EWZUSDT,EQUITY,1782950400000,0.00000000,34.21000000
EWZUSDT,EQUITY,1782979200001,-0.00020568,34.24201509
EWZUSDT,EQUITY,1783008000001,0.00000000,34.41492018
EWZUSDT,EQUITY,1783036800001,0.00000000,34.50182339
EWZUSDT,EQUITY,1783065600001,0.00000000,34.79506281
EWZUSDT,EQUITY,1783094400001,0.00009355,35.29528595
EWZUSDT,EQUITY,1783123200001,0.00000000,35.31000000
EWZUSDT,EQUITY,1783152000001,0.00000000,35.35520072
EWZUSDT,EQUITY,1783180800001,0.00000000,35.46000000
EWZUSDT,EQUITY,1783209600002,0.00000000,35.28000000
EWZUSDT,EQUITY,1783238400001,0.00000000,35.25004272
EWZUSDT,EQUITY,1783267200001,0.00000000,34.99000000
EWZUSDT,EQUITY,1783296000001,0.00000000,34.99068869
EWZUSDT,EQUITY,1783324800001,0.00000000,34.83343762
EWZUSDT,EQUITY,1783353600001,0.00000000,34.66000000
EWZUSDT,EQUITY,1783382400001,0.00000000,35.08944959
EWZUSDT,EQUITY,1783411200001,0.00028233,34.96000000
EWZUSDT,EQUITY,1783440000001,0.00000000,34.62000000
EWZUSDT,EQUITY,1783468800002,0.00000000,34.55999751
EWZUSDT,EQUITY,1783497600001,0.00000000,34.73000000
EWZUSDT,EQUITY,1783526400001,0.00000000,34.26875388
EWZUSDT,EQUITY,1783555200001,0.00000000,34.41195139
EWZUSDT,EQUITY,1783584000001,0.00000000,34.32434491
EWZUSDT,EQUITY,1783612800001,0.00000000,34.91991227
EWZUSDT,EQUITY,1783641600001,0.00000000,35.08038826
EWZUSDT,EQUITY,1783670400001,0.00037959,34.99674123
EWZUSDT,EQUITY,1783699200001,0.00000000,35.76000000
EWZUSDT,EQUITY,1783728000001,0.00000000,36.01000000
EWZUSDT,EQUITY,1783756800001,0.00006353,36.56387554
EWZUSDT,EQUITY,1783785600001,0.00000000,36.45975591
EWZUSDT,EQUITY,1783814400001,0.00000000,36.86010131
EWZUSDT,EQUITY,1783843200001,0.00000000,36.95999846
EWZUSDT,EQUITY,1783872000001,0.00000000,36.77339660
EWZUSDT,EQUITY,1783900800001,0.00000000,36.42527441
EWZUSDT,EQUITY,1783929600001,0.00000000,35.53000000
EWZUSDT,EQUITY,1783958400001,0.00000000,35.65906497
EWZUSDT,EQUITY,1783987200002,0.00000000,35.55862221
EWZUSDT,EQUITY,1784016000001,0.00000000,35.20605970
EWZUSDT,EQUITY,1784044800001,0.00000000,35.97978021
EWZUSDT,EQUITY,1784073600001,0.00000000,36.02503735
EWZUSDT,EQUITY,1784102400001,0.00000000,36.09367047
EWZUSDT,EQUITY,1784131200001,0.00000000,35.91000000
EWZUSDT,EQUITY,1784160000001,0.00000000,35.90884738
EWZUSDT,EQUITY,1784188800002,0.00000000,35.67390815
EWZUSDT,EQUITY,1784217600001,0.00000000,35.63000000
EWZUSDT,EQUITY,1784246400001,0.00000000,35.29000000
EWZUSDT,EQUITY,1784275200001,-0.00030945,35.18000000
EWZUSDT,EQUITY,1784304000001,0.00000000,35.40388918
EWZUSDT,EQUITY,1784332800001,0.00000000,35.35899503
EWZUSDT,EQUITY,1784361600001,0.00000000,35.33000000
EWZUSDT,EQUITY,1784390400001,0.00000000,35.24987652
EWZUSDT,EQUITY,1784419200001,0.00115675,36.09210389
EWZUSDT,EQUITY,1784448000001,0.00000000,36.07000000
EWZUSDT,EQUITY,1784476800001,0.00000000,35.83686466
EWZUSDT,EQUITY,1784505600002,0.00000000,35.72000000
EWZUSDT,EQUITY,1784534400001,0.00000000,35.17000000
EWZUSDT,EQUITY,1784563200001,0.00000000,35.65936363
EWZUSDT,EQUITY,1784592000001,0.00000000,35.61000000
EWZUSDT,EQUITY,1784620800001,0.00002634,35.61000000
EWZUSDT,EQUITY,1784649600000,0.00000000,35.45297886
EWZUSDT,EQUITY,1784678400000,0.00000000,35.62995314
EWZUSDT,EQUITY,1784707200001,-0.00007152,35.75051464
BMNRUSDT,EQUITY,1781193600001,0.00019998,15.63000000
BMNRUSDT,EQUITY,1781222400001,0.00000000,16.46000000
BMNRUSDT,EQUITY,1781251200001,0.00000000,16.26951490
BMNRUSDT,EQUITY,1781280000001,0.00000000,16.10369297
BMNRUSDT,EQUITY,1781308800001,0.00000000,16.22269440
BMNRUSDT,EQUITY,1781337600001,0.00000000,16.33000000
BMNRUSDT,EQUITY,1781366400001,0.00000000,16.40077623
BMNRUSDT,EQUITY,1781395200001,0.00000000,16.30202869
BMNRUSDT,EQUITY,1781424000001,0.00000000,16.29003577
BMNRUSDT,EQUITY,1781452800001,0.00000000,16.17495928
BMNRUSDT,EQUITY,1781481600001,0.00111182,16.72000000
BMNRUSDT,EQUITY,1781510400002,0.00061417,16.92495637
BMNRUSDT,EQUITY,1781539200001,0.00007795,17.65000000
BMNRUSDT,EQUITY,1781568000001,0.00000000,16.99544326
BMNRUSDT,EQUITY,1781596800001,0.00000000,16.92000000
BMNRUSDT,EQUITY,1781625600001,0.00110457,16.41000000
BMNRUSDT,EQUITY,1781654400001,0.00118304,16.39000000
BMNRUSDT,EQUITY,1781683200001,0.00023152,16.34000000
BMNRUSDT,EQUITY,1781712000001,0.00004453,16.52751184
BMNRUSDT,EQUITY,1781740800001,0.00175765,15.98000000
BMNRUSDT,EQUITY,1781769600001,0.00128650,16.07000000
BMNRUSDT,EQUITY,1781798400001,0.00075044,15.58277339
BMNRUSDT,EQUITY,1781827200001,0.00060316,16.05000000
BMNRUSDT,EQUITY,1781856000001,0.00000000,15.91498967
BMNRUSDT,EQUITY,1781884800001,0.00000000,16.01026037
BMNRUSDT,EQUITY,1781913600001,0.00000000,16.06000000
BMNRUSDT,EQUITY,1781942400001,0.00000000,16.15988448
BMNRUSDT,EQUITY,1781971200001,0.00026929,16.37000000
BMNRUSDT,EQUITY,1782000000001,0.00000000,16.40480144
BMNRUSDT,EQUITY,1782028800001,0.00000000,16.38991782
BMNRUSDT,EQUITY,1782057600001,0.00000000,16.46000000
BMNRUSDT,EQUITY,1782086400001,0.00000000,16.14000000
BMNRUSDT,EQUITY,1782115200001,0.00277821,16.36865591
BMNRUSDT,EQUITY,1782144000001,0.00125462,16.08310373
BMNRUSDT,EQUITY,1782172800001,0.00032498,15.93184424
BMNRUSDT,EQUITY,1782201600002,0.00168454,15.44693592
BMNRUSDT,EQUITY,1782230400001,0.00069271,15.22969288
BMNRUSDT,EQUITY,1782259200001,0.00118731,15.22859897
BMNRUSDT,EQUITY,1782288000001,0.00113511,15.26000000
BMNRUSDT,EQUITY,1782316800001,0.00050102,14.51134246
BMNRUSDT,EQUITY,1782345600002,0.00095191,14.32558182
BMNRUSDT,EQUITY,1782374400001,0.00135574,14.60500000
BMNRUSDT,EQUITY,1782403200001,0.00048302,13.49000000
BMNRUSDT,EQUITY,1782432000001,0.00000000,13.38000000
BMNRUSDT,EQUITY,1782460800002,0.00098405,13.53000000
BMNRUSDT,EQUITY,1782489600001,0.00021217,13.71554055
BMNRUSDT,EQUITY,1782518400001,0.00000000,13.57000000
BMNRUSDT,EQUITY,1782547200001,0.00000000,13.61493828
BMNRUSDT,EQUITY,1782576000001,0.00077506,13.88008467
BMNRUSDT,EQUITY,1782604800002,-0.00029754,13.59000000
BMNRUSDT,EQUITY,1782633600002,0.00000000,13.67000000
BMNRUSDT,EQUITY,1782662400001,0.00000000,13.70000000
BMNRUSDT,EQUITY,1782691200001,0.00000000,13.63000000
BMNRUSDT,EQUITY,1782720000001,0.00027200,13.61063755
BMNRUSDT,EQUITY,1782748800001,0.00000000,13.38747811
BMNRUSDT,EQUITY,1782777600000,0.00032959,13.77000000
BMNRUSDT,EQUITY,1782806400000,0.00048739,13.66897369
BMNRUSDT,EQUITY,1782835200001,0.00000000,12.99092782
BMNRUSDT,EQUITY,1782864000000,0.00009250,13.28000000
BMNRUSDT,EQUITY,1782892800001,0.00038957,13.29433463
BMNRUSDT,EQUITY,1782921600001,0.00000000,14.50775244
BMNRUSDT,EQUITY,1782950400000,0.00032917,14.21000000
BMNRUSDT,EQUITY,1782979200001,0.00051865,14.22244645
BMNRUSDT,EQUITY,1783008000001,0.00015590,14.52130527
BMNRUSDT,EQUITY,1783036800001,0.00003193,14.47214248
BMNRUSDT,EQUITY,1783065600001,0.00044242,14.80000000
BMNRUSDT,EQUITY,1783094400001,0.00000000,14.98848292
BMNRUSDT,EQUITY,1783123200001,0.00000000,15.00000000
BMNRUSDT,EQUITY,1783152000001,0.00000000,15.20000000
BMNRUSDT,EQUITY,1783180800001,0.00006811,15.32012495
BMNRUSDT,EQUITY,1783209600002,0.00000000,15.38475536
BMNRUSDT,EQUITY,1783238400001,0.00000000,15.32045712
BMNRUSDT,EQUITY,1783267200001,0.00000000,15.20992276
BMNRUSDT,EQUITY,1783296000001,0.00047498,15.49216574
BMNRUSDT,EQUITY,1783324800001,0.00102398,15.14823646
BMNRUSDT,EQUITY,1783353600001,0.00007967,15.69497706
BMNRUSDT,EQUITY,1783382400001,0.00073901,15.78087472
BMNRUSDT,EQUITY,1783411200001,0.00028108,15.49000000
BMNRUSDT,EQUITY,1783440000001,0.00000000,15.37138709
BMNRUSDT,EQUITY,1783468800002,0.00000000,14.73000000
BMNRUSDT,EQUITY,1783497600001,0.00049174,14.68632192
BMNRUSDT,EQUITY,1783526400001,0.00000000,14.30755181
BMNRUSDT,EQUITY,1783555200001,0.00000000,14.88356058
BMNRUSDT,EQUITY,1783584000001,0.00000000,15.04000000
BMNRUSDT,EQUITY,1783612800001,0.00000000,14.78000000
BMNRUSDT,EQUITY,1783641600001,0.00002030,14.75999749
BMNRUSDT,EQUITY,1783670400001,0.00000000,14.93737619
BMNRUSDT,EQUITY,1783699200001,0.00000000,15.10000000
BMNRUSDT,EQUITY,1783728000001,0.00000000,15.08568809
BMNRUSDT,EQUITY,1783756800001,0.00000000,15.11090635
BMNRUSDT,EQUITY,1783785600001,0.00000000,15.19000000
BMNRUSDT,EQUITY,1783814400001,-0.00004694,15.10000000
BMNRUSDT,EQUITY,1783843200001,-0.00021502,14.99499482
BMNRUSDT,EQUITY,1783872000001,0.00000000,15.33043595
BMNRUSDT,EQUITY,1783900800001,0.00000000,15.21004939
BMNRUSDT,EQUITY,1783929600001,0.00000000,15.00602979
BMNRUSDT,EQUITY,1783958400001,0.00006967,14.60000000
BMNRUSDT,EQUITY,1783987200002,0.00006069,14.56000000
BMNRUSDT,EQUITY,1784016000001,0.00077647,14.66000000
BMNRUSDT,EQUITY,1784044800001,0.00021684,16.06309211
BMNRUSDT,EQUITY,1784073600001,0.00006714,16.47000000
BMNRUSDT,EQUITY,1784102400001,0.00000000,16.27054340
BMNRUSDT,EQUITY,1784131200001,0.00006060,16.06000000
BMNRUSDT,EQUITY,1784160000001,0.00043751,15.78633149
BMNRUSDT,EQUITY,1784188800002,0.00000000,15.63000000
BMNRUSDT,EQUITY,1784217600001,0.00000000,15.66129353
BMNRUSDT,EQUITY,1784246400001,0.00000000,15.31909166
BMNRUSDT,EQUITY,1784275200001,0.00000000,14.96358264
BMNRUSDT,EQUITY,1784304000001,0.00000000,15.12339020
BMNRUSDT,EQUITY,1784332800001,0.00000000,15.68000000
BMNRUSDT,EQUITY,1784361600001,0.00000000,15.65832144
BMNRUSDT,EQUITY,1784390400001,0.00000000,15.69500568
BMNRUSDT,EQUITY,1784419200001,0.00000000,15.89327269
BMNRUSDT,EQUITY,1784448000001,0.00000000,15.84449290
BMNRUSDT,EQUITY,1784476800001,0.00000000,15.99529088
BMNRUSDT,EQUITY,1784505600002,0.00000000,15.90521270
BMNRUSDT,EQUITY,1784534400001,0.00000000,15.79925441
BMNRUSDT,EQUITY,1784563200001,0.00000000,16.71911165
BMNRUSDT,EQUITY,1784592000001,0.00015169,16.66000000
BMNRUSDT,EQUITY,1784620800001,0.00000000,16.99298459
BMNRUSDT,EQUITY,1784649600000,0.00000000,17.02872033
BMNRUSDT,EQUITY,1784678400000,0.00000000,17.23078467
BMNRUSDT,EQUITY,1784707200001,0.00000000,17.00514823
UVXYUSDT,EQUITY,1781193600001,0.00000000,33.46862134
UVXYUSDT,EQUITY,1781222400001,-0.00004255,30.59000000
UVXYUSDT,EQUITY,1781251200001,0.00000000,30.59000000
UVXYUSDT,EQUITY,1781280000001,0.00000000,30.47631750
UVXYUSDT,EQUITY,1781308800001,0.00000000,28.84000000
UVXYUSDT,EQUITY,1781337600001,-0.00044705,28.44000000
UVXYUSDT,EQUITY,1781366400001,0.00044574,29.02000000
UVXYUSDT,EQUITY,1781395200001,0.00000000,28.82528362
UVXYUSDT,EQUITY,1781424000001,-0.00038092,28.06000000
UVXYUSDT,EQUITY,1781452800001,0.00000000,28.51001544
UVXYUSDT,EQUITY,1781481600001,-0.00072572,28.08000000
UVXYUSDT,EQUITY,1781510400002,0.00033640,27.24000000
UVXYUSDT,EQUITY,1781539200001,0.00000000,26.52000000
UVXYUSDT,EQUITY,1781568000001,-0.00093887,26.03000000
UVXYUSDT,EQUITY,1781596800001,0.00018976,25.97999915
UVXYUSDT,EQUITY,1781625600001,0.00000000,25.65000000
UVXYUSDT,EQUITY,1781654400001,-0.00273030,25.85500000
UVXYUSDT,EQUITY,1781683200001,0.00020447,25.56709677
UVXYUSDT,EQUITY,1781712000001,0.00000000,26.05293781
UVXYUSDT,EQUITY,1781740800001,-0.00042069,26.67000000
UVXYUSDT,EQUITY,1781769600001,0.00137079,26.26958790
UVXYUSDT,EQUITY,1781798400001,0.00000000,26.44000000
UVXYUSDT,EQUITY,1781827200001,0.00000000,25.99579954
UVXYUSDT,EQUITY,1781856000001,0.00041707,26.18006859
UVXYUSDT,EQUITY,1781884800001,0.00000000,25.74000000
UVXYUSDT,EQUITY,1781913600001,0.00000000,25.64000000
UVXYUSDT,EQUITY,1781942400001,0.00000000,25.99995353
UVXYUSDT,EQUITY,1781971200001,0.00000000,25.82499660
UVXYUSDT,EQUITY,1782000000001,0.00000000,25.81517521
UVXYUSDT,EQUITY,1782028800001,0.00000000,26.00519310
UVXYUSDT,EQUITY,1782057600001,0.00000000,25.95016956
UVXYUSDT,EQUITY,1782086400001,0.00000000,26.25571829
UVXYUSDT,EQUITY,1782115200001,0.00099937,25.88338159
UVXYUSDT,EQUITY,1782144000001,0.00033264,25.75000000
UVXYUSDT,EQUITY,1782172800001,0.00076227,26.19533427
UVXYUSDT,EQUITY,1782201600002,-0.00131090,27.38490903
UVXYUSDT,EQUITY,1782230400001,0.00000000,27.65347648
UVXYUSDT,EQUITY,1782259200001,-0.00038051,27.64544337
UVXYUSDT,EQUITY,1782288000001,-0.00064242,27.51381259
UVXYUSDT,EQUITY,1782316800001,0.00000000,27.09000000
UVXYUSDT,EQUITY,1782345600002,0.00000000,26.58000000
UVXYUSDT,EQUITY,1782374400001,0.00000000,26.09000000
UVXYUSDT,EQUITY,1782403200001,-0.00049209,27.12136017
UVXYUSDT,EQUITY,1782432000001,-0.00048380,27.06139910
UVXYUSDT,EQUITY,1782460800002,0.00000000,27.80000000
UVXYUSDT,EQUITY,1782489600001,0.00000000,27.16000000
UVXYUSDT,EQUITY,1782518400001,0.00000000,27.22985256
UVXYUSDT,EQUITY,1782547200001,0.00000000,26.82018172
UVXYUSDT,EQUITY,1782576000001,0.00000000,27.01524193
UVXYUSDT,EQUITY,1782604800002,0.00000000,27.03588407
UVXYUSDT,EQUITY,1782633600002,0.00000000,26.98000000
UVXYUSDT,EQUITY,1782662400001,0.00000000,26.88000000
UVXYUSDT,EQUITY,1782691200001,0.00000000,26.72013037
UVXYUSDT,EQUITY,1782720000001,0.00000000,26.56028521
UVXYUSDT,EQUITY,1782748800001,0.00000000,25.86183168
UVXYUSDT,EQUITY,1782777600000,0.00000000,25.80934859
UVXYUSDT,EQUITY,1782806400000,0.00000000,25.75000000
UVXYUSDT,EQUITY,1782835200001,0.00000000,25.29867530
UVXYUSDT,EQUITY,1782864000000,0.00001890,24.88200890
UVXYUSDT,EQUITY,1782892800001,0.00000000,25.20000000
UVXYUSDT,EQUITY,1782921600001,0.00000000,24.87000000
UVXYUSDT,EQUITY,1782950400000,0.00000000,25.32547371
UVXYUSDT,EQUITY,1782979200001,0.00000000,25.33000000
UVXYUSDT,EQUITY,1783008000001,0.00000000,25.17678408
UVXYUSDT,EQUITY,1783036800001,0.00000000,24.88000761
UVXYUSDT,EQUITY,1783065600001,0.00000000,24.89002686
UVXYUSDT,EQUITY,1783094400001,0.00000000,24.87492483
UVXYUSDT,EQUITY,1783123200001,0.00000000,25.04000000
UVXYUSDT,EQUITY,1783152000001,0.00000000,24.90000000
UVXYUSDT,EQUITY,1783180800001,0.00000000,25.00000000
UVXYUSDT,EQUITY,1783209600002,0.00000000,24.98482282
UVXYUSDT,EQUITY,1783238400001,0.00000000,24.87384047
UVXYUSDT,EQUITY,1783267200001,0.00000000,24.90728796
UVXYUSDT,EQUITY,1783296000001,0.00000000,24.97545688
UVXYUSDT,EQUITY,1783324800001,0.00000000,24.14853498
UVXYUSDT,EQUITY,1783353600001,0.00000000,23.99662122
UVXYUSDT,EQUITY,1783382400001,0.00000000,23.80047480
UVXYUSDT,EQUITY,1783411200001,0.00000313,23.79000000
UVXYUSDT,EQUITY,1783440000001,0.00000000,24.16885099
UVXYUSDT,EQUITY,1783468800002,0.00000000,24.32131695
UVXYUSDT,EQUITY,1783497600001,0.00000000,24.45000000
UVXYUSDT,EQUITY,1783526400001,0.00000000,25.81000000
UVXYUSDT,EQUITY,1783555200001,0.00000000,24.89000000
UVXYUSDT,EQUITY,1783584000001,0.00000000,24.31870493
UVXYUSDT,EQUITY,1783612800001,0.00000000,24.20449189
UVXYUSDT,EQUITY,1783641600001,0.00000000,24.14000000
UVXYUSDT,EQUITY,1783670400001,0.00000000,24.04787388
UVXYUSDT,EQUITY,1783699200001,0.00000000,23.56000000
UVXYUSDT,EQUITY,1783728000001,0.00036208,23.27947802
UVXYUSDT,EQUITY,1783756800001,0.00000000,23.06928510
UVXYUSDT,EQUITY,1783785600001,0.00000000,22.91000000
UVXYUSDT,EQUITY,1783814400001,0.00000000,22.95018461
UVXYUSDT,EQUITY,1783843200001,0.00000000,23.31504229
UVXYUSDT,EQUITY,1783872000001,0.00000000,23.16497046
UVXYUSDT,EQUITY,1783900800001,0.00000000,23.57547782
UVXYUSDT,EQUITY,1783929600001,0.00000000,23.81194955
UVXYUSDT,EQUITY,1783958400001,0.00000000,23.65505707
UVXYUSDT,EQUITY,1783987200002,0.00000000,24.44691131
UVXYUSDT,EQUITY,1784016000001,0.00000000,24.39774623
UVXYUSDT,EQUITY,1784044800001,0.00000000,23.85000000
UVXYUSDT,EQUITY,1784073600001,0.00000000,23.66502599
UVXYUSDT,EQUITY,1784102400001,0.00000000,23.45236704
UVXYUSDT,EQUITY,1784131200001,0.00000000,23.46000000
UVXYUSDT,EQUITY,1784160000001,0.00000000,22.85979542
UVXYUSDT,EQUITY,1784188800002,0.00000000,23.07851452
UVXYUSDT,EQUITY,1784217600001,0.00000000,23.16461649
UVXYUSDT,EQUITY,1784246400001,0.00000000,24.08000000
UVXYUSDT,EQUITY,1784275200001,0.00000000,24.89000000
UVXYUSDT,EQUITY,1784304000001,0.00000000,24.79000000
UVXYUSDT,EQUITY,1784332800001,0.00000000,25.38474262
UVXYUSDT,EQUITY,1784361600001,0.00000000,25.21000000
UVXYUSDT,EQUITY,1784390400001,0.00000000,25.42082239
UVXYUSDT,EQUITY,1784419200001,0.00000000,25.59504908
UVXYUSDT,EQUITY,1784448000001,0.00000000,25.38000000
UVXYUSDT,EQUITY,1784476800001,0.00000000,25.54001190
UVXYUSDT,EQUITY,1784505600002,0.00000000,25.38545624
UVXYUSDT,EQUITY,1784534400001,0.00000000,24.49617642
UVXYUSDT,EQUITY,1784563200001,0.00000000,23.98000000
UVXYUSDT,EQUITY,1784592000001,0.00000000,24.86345753
UVXYUSDT,EQUITY,1784620800001,0.00000000,24.00649530
UVXYUSDT,EQUITY,1784649600000,0.00000000,23.55216718
UVXYUSDT,EQUITY,1784678400000,0.00000000,23.62937865
UVXYUSDT,EQUITY,1784707200001,0.00000000,23.97893133
ADBEUSDT,EQUITY,1781193600001,0.00000000,221.55000000
ADBEUSDT,EQUITY,1781222400001,0.00000000,206.76176288
ADBEUSDT,EQUITY,1781251200001,0.00140704,207.35318833
ADBEUSDT,EQUITY,1781280000001,0.00000000,203.40000000
ADBEUSDT,EQUITY,1781308800001,0.00000000,204.74176892
ADBEUSDT,EQUITY,1781337600001,0.00000000,204.35813133
ADBEUSDT,EQUITY,1781366400001,0.00000000,204.43443980
ADBEUSDT,EQUITY,1781395200001,0.00000000,204.83689317
ADBEUSDT,EQUITY,1781424000001,0.00000000,206.46928992
ADBEUSDT,EQUITY,1781452800001,0.00000000,206.34781953
ADBEUSDT,EQUITY,1781481600001,0.00000000,208.15788395
ADBEUSDT,EQUITY,1781510400002,0.00069766,208.86446502
ADBEUSDT,EQUITY,1781539200001,0.00000000,210.60591997
ADBEUSDT,EQUITY,1781568000001,0.00021148,206.89244099
ADBEUSDT,EQUITY,1781596800001,0.00000000,207.04367274
ADBEUSDT,EQUITY,1781625600001,0.00000000,209.94574443
ADBEUSDT,EQUITY,1781654400001,0.00000000,207.48000000
ADBEUSDT,EQUITY,1781683200001,0.00000000,207.52000000
ADBEUSDT,EQUITY,1781712000001,0.00000000,202.64000000
ADBEUSDT,EQUITY,1781740800001,0.00000000,198.02000000
ADBEUSDT,EQUITY,1781769600001,0.00026725,197.54000000
ADBEUSDT,EQUITY,1781798400001,0.00003586,194.36000000
ADBEUSDT,EQUITY,1781827200001,0.00000000,195.41000000
ADBEUSDT,EQUITY,1781856000001,0.00000000,195.92653875
ADBEUSDT,EQUITY,1781884800001,0.00000000,195.81000000
ADBEUSDT,EQUITY,1781913600001,0.00000000,196.48958428
ADBEUSDT,EQUITY,1781942400001,0.00000000,196.77351570
ADBEUSDT,EQUITY,1781971200001,0.00000000,197.19808753
ADBEUSDT,EQUITY,1782000000001,0.00000000,197.16151103
ADBEUSDT,EQUITY,1782028800001,0.00000000,196.24501208
ADBEUSDT,EQUITY,1782057600001,0.00000000,196.87000000
ADBEUSDT,EQUITY,1782086400001,0.00000000,196.14375181
ADBEUSDT,EQUITY,1782115200001,0.00000000,196.15000000
ADBEUSDT,EQUITY,1782144000001,0.00000000,192.58380837
ADBEUSDT,EQUITY,1782172800001,0.00000000,194.49507914
ADBEUSDT,EQUITY,1782201600002,0.00000000,194.76241440
ADBEUSDT,EQUITY,1782230400001,0.00000031,197.83000000
ADBEUSDT,EQUITY,1782259200001,0.00000000,197.93684049
ADBEUSDT,EQUITY,1782288000001,0.00000000,197.51000000
ADBEUSDT,EQUITY,1782316800001,0.00000000,199.33000000
ADBEUSDT,EQUITY,1782345600002,0.00000000,195.61877019
ADBEUSDT,EQUITY,1782374400001,0.00000000,195.21000000
ADBEUSDT,EQUITY,1782403200001,0.00000000,195.83626750
ADBEUSDT,EQUITY,1782432000001,0.00000000,194.52000000
ADBEUSDT,EQUITY,1782460800002,0.00000000,194.83000000
ADBEUSDT,EQUITY,1782489600001,0.00000000,201.04005398
ADBEUSDT,EQUITY,1782518400001,0.00000000,202.79541322
ADBEUSDT,EQUITY,1782547200001,0.00000000,203.47283133
ADBEUSDT,EQUITY,1782576000001,0.00000000,203.10000000
ADBEUSDT,EQUITY,1782604800002,0.00000000,204.29000000
ADBEUSDT,EQUITY,1782633600002,0.00000000,204.25481639
ADBEUSDT,EQUITY,1782662400001,0.00000000,203.08000000
ADBEUSDT,EQUITY,1782691200001,0.00000000,204.35000000
ADBEUSDT,EQUITY,1782720000001,0.00000000,202.41000000
ADBEUSDT,EQUITY,1782748800001,0.00000000,205.98715891
ADBEUSDT,EQUITY,1782777600000,0.00000000,206.82000000
ADBEUSDT,EQUITY,1782806400000,0.00000000,206.91695558
ADBEUSDT,EQUITY,1782835200001,0.00000000,201.82459042
ADBEUSDT,EQUITY,1782864000000,0.00000000,204.76040734
ADBEUSDT,EQUITY,1782892800001,0.00000000,205.65000000
ADBEUSDT,EQUITY,1782921600001,0.00000000,212.89379415
ADBEUSDT,EQUITY,1782950400000,0.00000000,210.40933083
ADBEUSDT,EQUITY,1782979200001,0.00000000,214.56763607
ADBEUSDT,EQUITY,1783008000001,0.00000000,218.80466708
ADBEUSDT,EQUITY,1783036800001,0.00000000,219.68764402
ADBEUSDT,EQUITY,1783065600001,0.00046370,222.18772968
ADBEUSDT,EQUITY,1783094400001,0.00000000,220.22000000
ADBEUSDT,EQUITY,1783123200001,0.00000000,220.98000000
ADBEUSDT,EQUITY,1783152000001,0.00000000,221.12968983
ADBEUSDT,EQUITY,1783180800001,0.00000000,222.21707415
ADBEUSDT,EQUITY,1783209600002,0.00000000,221.65848607
ADBEUSDT,EQUITY,1783238400001,0.00000000,223.39485158
ADBEUSDT,EQUITY,1783267200001,0.00000000,223.09971863
ADBEUSDT,EQUITY,1783296000001,0.00000000,223.91197918
ADBEUSDT,EQUITY,1783324800001,0.00000000,219.87000000
ADBEUSDT,EQUITY,1783353600001,0.00000000,218.55000000
ADBEUSDT,EQUITY,1783382400001,0.00000000,218.16553967
ADBEUSDT,EQUITY,1783411200001,0.00000000,219.71000000
ADBEUSDT,EQUITY,1783440000001,0.00000000,230.36000000
ADBEUSDT,EQUITY,1783468800002,0.00000000,221.78000000
ADBEUSDT,EQUITY,1783497600001,0.00000000,221.78911562
ADBEUSDT,EQUITY,1783526400001,0.00000000,219.85385937
ADBEUSDT,EQUITY,1783555200001,0.00036010,220.27000000
ADBEUSDT,EQUITY,1783584000001,0.00000000,220.59927596
ADBEUSDT,EQUITY,1783612800001,0.00000000,220.98000000
ADBEUSDT,EQUITY,1783641600001,0.00000000,221.94992489
ADBEUSDT,EQUITY,1783670400001,0.00000000,223.24716599
ADBEUSDT,EQUITY,1783699200001,0.00000000,224.73360256
ADBEUSDT,EQUITY,1783728000001,0.00000000,223.87000000
ADBEUSDT,EQUITY,1783756800001,0.00000000,224.67243953
ADBEUSDT,EQUITY,1783785600001,0.00000000,225.24444171
ADBEUSDT,EQUITY,1783814400001,0.00000000,224.15060461
ADBEUSDT,EQUITY,1783843200001,0.00000000,223.37471146
ADBEUSDT,EQUITY,1783872000001,0.00000000,224.18484113
ADBEUSDT,EQUITY,1783900800001,0.00000000,223.57285622
ADBEUSDT,EQUITY,1783929600001,0.00000000,225.62000000
ADBEUSDT,EQUITY,1783958400001,0.00000000,231.19909154
ADBEUSDT,EQUITY,1783987200002,0.00000000,230.18000000
ADBEUSDT,EQUITY,1784016000001,0.00000000,227.20406382
ADBEUSDT,EQUITY,1784044800001,0.00000000,221.49033056
ADBEUSDT,EQUITY,1784073600001,0.00000000,221.54239039
ADBEUSDT,EQUITY,1784102400001,0.00000000,219.72036553
ADBEUSDT,EQUITY,1784131200001,0.00000000,225.98478219
ADBEUSDT,EQUITY,1784160000001,0.00000000,224.65144199
ADBEUSDT,EQUITY,1784188800002,0.00000000,225.97000000
ADBEUSDT,EQUITY,1784217600001,0.00000000,227.83000000
ADBEUSDT,EQUITY,1784246400001,0.00000000,233.42998619
ADBEUSDT,EQUITY,1784275200001,0.00000000,233.34270542
ADBEUSDT,EQUITY,1784304000001,0.00000000,234.17403928
ADBEUSDT,EQUITY,1784332800001,0.00000000,236.94000000
ADBEUSDT,EQUITY,1784361600001,0.00000000,238.20452634
ADBEUSDT,EQUITY,1784390400001,0.00000000,237.42000000
ADBEUSDT,EQUITY,1784419200001,0.00000000,237.24498593
ADBEUSDT,EQUITY,1784448000001,0.00000000,237.06239511
ADBEUSDT,EQUITY,1784476800001,0.00000000,236.60205921
ADBEUSDT,EQUITY,1784505600002,0.00000000,236.40000000
ADBEUSDT,EQUITY,1784534400001,0.00000000,238.31676506
ADBEUSDT,EQUITY,1784563200001,0.00000000,231.61000000
ADBEUSDT,EQUITY,1784592000001,0.00000000,234.03809339
ADBEUSDT,EQUITY,1784620800001,0.00000000,227.75561869
ADBEUSDT,EQUITY,1784649600000,0.00000000,228.06825657
ADBEUSDT,EQUITY,1784678400000,0.00000000,227.10447413
ADBEUSDT,EQUITY,1784707200001,0.00000000,228.38120584
GLWUSDT,EQUITY,1781193600001,0.00041903,171.29582407
GLWUSDT,EQUITY,1781222400001,0.00119487,180.55429317
GLWUSDT,EQUITY,1781251200001,0.00126452,175.93000000
GLWUSDT,EQUITY,1781280000001,0.00000000,176.75000000
GLWUSDT,EQUITY,1781308800001,0.00000000,179.86000000
GLWUSDT,EQUITY,1781337600001,0.00000000,181.24965083
GLWUSDT,EQUITY,1781366400001,0.00000000,179.50482962
GLWUSDT,EQUITY,1781395200001,0.00000000,180.06967966
GLWUSDT,EQUITY,1781424000001,0.00000000,181.52176438
GLWUSDT,EQUITY,1781452800001,0.00000000,181.33118296
GLWUSDT,EQUITY,1781481600001,0.00040819,184.04000000
GLWUSDT,EQUITY,1781510400002,0.00214601,186.43405832
GLWUSDT,EQUITY,1781539200001,0.00069611,187.05000000
GLWUSDT,EQUITY,1781568000001,0.00000000,187.84598861
GLWUSDT,EQUITY,1781596800001,0.00020260,189.48000000
GLWUSDT,EQUITY,1781625600001,0.00104543,177.82000000
GLWUSDT,EQUITY,1781654400001,0.00000000,177.79979200
GLWUSDT,EQUITY,1781683200001,0.00000000,181.23583459
GLWUSDT,EQUITY,1781712000001,0.00000000,177.00000000
GLWUSDT,EQUITY,1781740800001,0.00000412,178.24000000
GLWUSDT,EQUITY,1781769600001,0.00000000,178.90028607
GLWUSDT,EQUITY,1781798400001,0.00094445,188.49493731
GLWUSDT,EQUITY,1781827200001,0.00073639,195.92125364
GLWUSDT,EQUITY,1781856000001,0.00058213,200.81641145
GLWUSDT,EQUITY,1781884800001,0.00000000,202.28991175
GLWUSDT,EQUITY,1781913600001,0.00000000,199.42696601
GLWUSDT,EQUITY,1781942400001,0.00000000,204.82324525
GLWUSDT,EQUITY,1781971200001,0.00000000,203.90372931
GLWUSDT,EQUITY,1782000000001,0.00000000,203.03000000
GLWUSDT,EQUITY,1782028800001,0.00000000,204.83387857
GLWUSDT,EQUITY,1782057600001,0.00000000,205.11776142
GLWUSDT,EQUITY,1782086400001,-0.00093360,198.90000000
GLWUSDT,EQUITY,1782115200001,0.00281442,199.93378937
GLWUSDT,EQUITY,1782144000001,0.00152436,196.33000000
GLWUSDT,EQUITY,1782172800001,0.00000000,209.49000000
GLWUSDT,EQUITY,1782201600002,0.00000000,197.82337799
GLWUSDT,EQUITY,1782230400001,0.00044963,188.95447670
GLWUSDT,EQUITY,1782259200001,0.00064390,195.27000000
GLWUSDT,EQUITY,1782288000001,0.00020388,197.12000000
GLWUSDT,EQUITY,1782316800001,0.00103136,215.06961313
GLWUSDT,EQUITY,1782345600002,0.00161373,215.28000000
GLWUSDT,EQUITY,1782374400001,0.00220736,224.64000000
GLWUSDT,EQUITY,1782403200001,0.00140912,222.33346278
GLWUSDT,EQUITY,1782432000001,0.00073684,230.26683208
GLWUSDT,EQUITY,1782460800002,0.00130303,222.29630719
GLWUSDT,EQUITY,1782489600001,0.00086866,213.60950167
GLWUSDT,EQUITY,1782518400001,0.00000000,220.30346027
GLWUSDT,EQUITY,1782547200001,0.00000000,221.86076958
GLWUSDT,EQUITY,1782576000001,0.00000000,224.97000000
GLWUSDT,EQUITY,1782604800002,0.00000000,228.51000000
GLWUSDT,EQUITY,1782633600002,0.00024353,235.21205949
GLWUSDT,EQUITY,1782662400001,0.00000000,233.89569994
GLWUSDT,EQUITY,1782691200001,0.00000000,230.84528994
GLWUSDT,EQUITY,1782720000001,0.00016463,228.02202103
GLWUSDT,EQUITY,1782748800001,0.00056118,246.52000000
GLWUSDT,EQUITY,1782777600000,0.00016817,256.59490753
GLWUSDT,EQUITY,1782806400000,0.00084759,258.79000000
GLWUSDT,EQUITY,1782835200001,0.00048237,257.77248916
GLWUSDT,EQUITY,1782864000000,0.00058809,253.93000000
GLWUSDT,EQUITY,1782892800001,0.00000000,249.85000000
GLWUSDT,EQUITY,1782921600001,0.00027811,221.46000000
GLWUSDT,EQUITY,1782950400000,0.00014451,220.15804960
GLWUSDT,EQUITY,1782979200001,0.00037758,211.19836942
GLWUSDT,EQUITY,1783008000001,0.00013936,202.73000000
GLWUSDT,EQUITY,1783036800001,0.00028598,198.24183277
GLWUSDT,EQUITY,1783065600001,0.00000000,205.93000000
GLWUSDT,EQUITY,1783094400001,0.00000000,204.42290261
GLWUSDT,EQUITY,1783123200001,0.00005079,206.90000000
GLWUSDT,EQUITY,1783152000001,0.00010115,209.15000000
GLWUSDT,EQUITY,1783180800001,0.00000000,207.90996073
GLWUSDT,EQUITY,1783209600002,0.00000000,208.75892134
GLWUSDT,EQUITY,1783238400001,0.00000000,210.52512586
GLWUSDT,EQUITY,1783267200001,0.00000000,209.43453301
GLWUSDT,EQUITY,1783296000001,0.00000000,208.87089340
GLWUSDT,EQUITY,1783324800001,0.00020087,200.07469458
GLWUSDT,EQUITY,1783353600001,0.00000000,200.07000000
GLWUSDT,EQUITY,1783382400001,0.00000000,192.65597227
GLWUSDT,EQUITY,1783411200001,0.00015165,189.73000000
GLWUSDT,EQUITY,1783440000001,0.00000000,183.67000000
GLWUSDT,EQUITY,1783468800002,0.00049183,182.35566935
GLWUSDT,EQUITY,1783497600001,0.00001512,183.23299009
GLWUSDT,EQUITY,1783526400001,0.00012310,181.68000000
GLWUSDT,EQUITY,1783555200001,0.00018808,187.37769826
GLWUSDT,EQUITY,1783584000001,0.00000000,193.46000000
GLWUSDT,EQUITY,1783612800001,0.00000000,198.05000000
GLWUSDT,EQUITY,1783641600001,0.00046043,195.58000000
GLWUSDT,EQUITY,1783670400001,0.00000000,190.21504811
GLWUSDT,EQUITY,1783699200001,0.00000000,189.21000000
GLWUSDT,EQUITY,1783728000001,0.00003529,191.27759633
GLWUSDT,EQUITY,1783756800001,0.00000000,191.35003232
GLWUSDT,EQUITY,1783785600001,-0.00008620,190.09000000
GLWUSDT,EQUITY,1783814400001,0.00000000,190.44635130
GLWUSDT,EQUITY,1783843200001,0.00000000,188.45000000
GLWUSDT,EQUITY,1783872000001,0.00000000,188.96000000
GLWUSDT,EQUITY,1783900800001,0.00000000,186.79454626
GLWUSDT,EQUITY,1783929600001,0.00000000,182.58963281
GLWUSDT,EQUITY,1783958400001,0.00000000,186.73000000
GLWUSDT,EQUITY,1783987200002,0.00000000,180.32000000
GLWUSDT,EQUITY,1784016000001,0.00006243,187.27000000
GLWUSDT,EQUITY,1784044800001,0.00008723,188.40725625
GLWUSDT,EQUITY,1784073600001,0.00016953,188.67000000
GLWUSDT,EQUITY,1784102400001,0.00000000,190.06000000
GLWUSDT,EQUITY,1784131200001,0.00000000,171.97000000
GLWUSDT,EQUITY,1784160000001,0.00046611,173.39426657
GLWUSDT,EQUITY,1784188800002,0.00000000,169.42809534
GLWUSDT,EQUITY,1784217600001,0.00000000,157.95518761
GLWUSDT,EQUITY,1784246400001,0.00000000,155.74549070
GLWUSDT,EQUITY,1784275200001,0.00000000,149.43448906
GLWUSDT,EQUITY,1784304000001,0.00000000,157.22000000
GLWUSDT,EQUITY,1784332800001,0.00000000,153.90983030
GLWUSDT,EQUITY,1784361600001,-0.00013921,152.05000000
GLWUSDT,EQUITY,1784390400001,0.00000000,150.94890734
GLWUSDT,EQUITY,1784419200001,0.00000000,150.51709530
GLWUSDT,EQUITY,1784448000001,0.00041980,158.30755906
GLWUSDT,EQUITY,1784476800001,0.00000000,159.53162919
GLWUSDT,EQUITY,1784505600002,0.00000000,158.05362713
GLWUSDT,EQUITY,1784534400001,0.00010773,156.78000000
GLWUSDT,EQUITY,1784563200001,0.00000000,155.63000000
GLWUSDT,EQUITY,1784592000001,0.00000000,153.70000000
GLWUSDT,EQUITY,1784620800001,0.00019018,159.44000000
GLWUSDT,EQUITY,1784649600000,0.00013507,161.49000000
GLWUSDT,EQUITY,1784678400000,0.00000000,164.15330796
GLWUSDT,EQUITY,1784707200001,0.00000000,158.20000000
STXXUSDT,EQUITY,1781193600001,0.00000000,846.21206200
STXXUSDT,EQUITY,1781222400001,0.00000000,876.15000000
STXXUSDT,EQUITY,1781251200001,0.00000000,865.97690652
STXXUSDT,EQUITY,1781280000001,0.00000000,914.67762527
STXXUSDT,EQUITY,1781308800001,0.00000000,935.27000000
STXXUSDT,EQUITY,1781337600001,0.00000000,934.44789916
STXXUSDT,EQUITY,1781366400001,0.00000000,927.00028236
STXXUSDT,EQUITY,1781395200001,0.00000000,934.99293253
STXXUSDT,EQUITY,1781424000001,0.00000000,929.20996163
STXXUSDT,EQUITY,1781452800001,0.00000000,932.06000000
STXXUSDT,EQUITY,1781481600001,0.00000000,935.78000000
STXXUSDT,EQUITY,1781510400002,0.00000000,971.80305007
STXXUSDT,EQUITY,1781539200001,-0.00129844,1000.37880098
STXXUSDT,EQUITY,1781568000001,-0.00179552,1014.00000000
STXXUSDT,EQUITY,1781596800001,0.00097917,1037.03620063
STXXUSDT,EQUITY,1781625600001,0.00197177,1034.15771085
STXXUSDT,EQUITY,1781654400001,0.00005788,1040.54000000
STXXUSDT,EQUITY,1781683200001,0.00178028,1052.92530999
STXXUSDT,EQUITY,1781712000001,0.00116460,1084.29759133
STXXUSDT,EQUITY,1781740800001,0.00065693,1094.49810588
STXXUSDT,EQUITY,1781769600001,0.00296930,1105.20661008
STXXUSDT,EQUITY,1781798400001,0.00092297,1071.37000000
STXXUSDT,EQUITY,1781827200001,0.00121239,1078.65000000
STXXUSDT,EQUITY,1781856000001,0.00002244,1086.47699159
STXXUSDT,EQUITY,1781884800001,0.00021083,1100.74000000
STXXUSDT,EQUITY,1781913600001,0.00000000,1103.03008058
STXXUSDT,EQUITY,1781942400001,0.00009884,1123.64010890
STXXUSDT,EQUITY,1781971200001,0.00000000,1123.19927503
STXXUSDT,EQUITY,1782000000001,0.00000000,1117.12818240
STXXUSDT,EQUITY,1782028800001,0.00000000,1124.35000000
STXXUSDT,EQUITY,1782057600001,0.00000000,1131.00000000
STXXUSDT,EQUITY,1782086400001,-0.00185450,1096.82000000
STXXUSDT,EQUITY,1782115200001,0.00239649,1086.36359671
STXXUSDT,EQUITY,1782144000001,0.00094885,1087.81409533
STXXUSDT,EQUITY,1782172800001,0.00134393,1092.76000000
STXXUSDT,EQUITY,1782201600002,-0.00298840,1039.73402901
STXXUSDT,EQUITY,1782230400001,0.00052644,1022.15000000
STXXUSDT,EQUITY,1782244800001,0.00000000,1042.14000000
STXXUSDT,EQUITY,1782248400001,0.00000000,1051.71883391
STXXUSDT,EQUITY,1782252000001,0.00017477,1054.70000000
STXXUSDT,EQUITY,1782255600001,0.00003756,1046.15915789
STXXUSDT,EQUITY,1782259200001,0.00011567,1045.34000000
STXXUSDT,EQUITY,1782259200012,-0.00070841,1045.34000000
STXXUSDT,EQUITY,1782288000001,0.00207534,1050.37206774
STXXUSDT,EQUITY,1782316800001,0.00060539,1005.03000000
STXXUSDT,EQUITY,1782345600002,0.00000000,1092.92000000
STXXUSDT,EQUITY,1782374400001,0.00039533,1079.61481501
STXXUSDT,EQUITY,1782403200001,0.00046843,1020.52534885
STXXUSDT,EQUITY,1782432000001,0.00000000,1024.06354147
STXXUSDT,EQUITY,1782460800002,0.00009541,1006.52615429
STXXUSDT,EQUITY,1782489600001,0.00000000,947.76602852
STXXUSDT,EQUITY,1782518400001,0.00000000,900.41783044
STXXUSDT,EQUITY,1782547200001,0.00000000,910.16388132
STXXUSDT,EQUITY,1782576000001,0.00000000,907.09988346
STXXUSDT,EQUITY,1782604800002,0.00000000,908.72446393
STXXUSDT,EQUITY,1782633600002,0.00000000,913.64000000
STXXUSDT,EQUITY,1782662400001,0.00000000,904.42806747
STXXUSDT,EQUITY,1782691200001,0.00000000,914.31581263
STXXUSDT,EQUITY,1782720000001,-0.00052965,908.54000000
STXXUSDT,EQUITY,1782748800001,0.00000000,936.78269600
STXXUSDT,EQUITY,1782777600000,-0.00030416,967.42033858
STXXUSDT,EQUITY,1782806400000,0.00115775,972.98885141
STXXUSDT,EQUITY,1782835200001,0.00000000,955.25087118
STXXUSDT,EQUITY,1782864000000,0.00000000,964.18000000
STXXUSDT,EQUITY,1782892800001,0.00007334,954.91747398
STXXUSDT,EQUITY,1782921600001,0.00015985,920.94000000
STXXUSDT,EQUITY,1782950400000,0.00000000,910.15000000
STXXUSDT,EQUITY,1782979200001,0.00076468,892.14381247
STXXUSDT,EQUITY,1783008000001,0.00000000,855.16000000
STXXUSDT,EQUITY,1783036800001,0.00000000,826.87000000
STXXUSDT,EQUITY,1783065600001,0.00000000,842.76477642
STXXUSDT,EQUITY,1783094400001,0.00000000,848.60042949
STXXUSDT,EQUITY,1783123200001,0.00000000,848.25136818
STXXUSDT,EQUITY,1783152000001,0.00000000,851.57289583
STXXUSDT,EQUITY,1783180800001,0.00000000,847.62000000
STXXUSDT,EQUITY,1783209600002,0.00000000,852.03120238
STXXUSDT,EQUITY,1783238400001,0.00000000,854.44963832
STXXUSDT,EQUITY,1783267200001,0.00000000,853.74142317
STXXUSDT,EQUITY,1783296000001,0.00000000,853.25847463
STXXUSDT,EQUITY,1783324800001,0.00028153,860.00000000
STXXUSDT,EQUITY,1783353600001,0.00000000,864.70514923
STXXUSDT,EQUITY,1783382400001,0.00000000,850.86893038
STXXUSDT,EQUITY,1783411200001,0.00101802,843.46934435
STXXUSDT,EQUITY,1783440000001,0.00000000,813.60184511
STXXUSDT,EQUITY,1783468800002,0.00000000,816.52000000
STXXUSDT,EQUITY,1783497600001,0.00063574,827.84000000
STXXUSDT,EQUITY,1783526400001,0.00000000,820.88000000
STXXUSDT,EQUITY,1783555200001,-0.00033526,866.86000000
STXXUSDT,EQUITY,1783584000001,0.00000000,882.06000000
STXXUSDT,EQUITY,1783612800001,-0.00036339,911.72000000
STXXUSDT,EQUITY,1783641600001,0.00000000,898.34000000
STXXUSDT,EQUITY,1783670400001,-0.00198806,880.45566370
STXXUSDT,EQUITY,1783699200001,-0.00111612,902.77000000
STXXUSDT,EQUITY,1783728000001,-0.00261794,909.39553071
STXXUSDT,EQUITY,1783756800001,0.00000000,903.29632731
STXXUSDT,EQUITY,1783785600001,0.00000000,901.68908372
STXXUSDT,EQUITY,1783814400001,0.00000000,905.78744114
STXXUSDT,EQUITY,1783843200001,0.00000000,902.67000000
STXXUSDT,EQUITY,1783872000001,0.00000000,901.53228892
STXXUSDT,EQUITY,1783900800001,0.00000000,902.35920987
STXXUSDT,EQUITY,1783929600001,-0.00069685,869.77000000
STXXUSDT,EQUITY,1783958400001,-0.00035262,862.91268133
STXXUSDT,EQUITY,1783987200002,-0.00100282,853.42886116
STXXUSDT,EQUITY,1784016000001,0.00000000,884.85000000
STXXUSDT,EQUITY,1784044800001,0.00000000,879.21000000
STXXUSDT,EQUITY,1784073600001,0.00000000,879.96000000
STXXUSDT,EQUITY,1784102400001,-0.00226242,898.26008791
STXXUSDT,EQUITY,1784131200001,0.00000000,801.49790711
STXXUSDT,EQUITY,1784160000001,0.00000000,809.50688705
STXXUSDT,EQUITY,1784188800002,-0.00129088,805.20733560
STXXUSDT,EQUITY,1784217600001,-0.00100906,759.75000000
STXXUSDT,EQUITY,1784246400001,-0.00012696,729.63978348
STXXUSDT,EQUITY,1784275200001,-0.00037263,703.00000000
STXXUSDT,EQUITY,1784304000001,-0.00047443,768.03000000
STXXUSDT,EQUITY,1784332800001,0.00000000,785.33000000
STXXUSDT,EQUITY,1784361600001,0.00000000,779.85820719
STXXUSDT,EQUITY,1784390400001,0.00000000,775.78000000
STXXUSDT,EQUITY,1784419200001,0.00000000,775.89000000
STXXUSDT,EQUITY,1784448000001,0.00000000,774.35220049
STXXUSDT,EQUITY,1784476800001,0.00000000,775.47000000
STXXUSDT,EQUITY,1784505600002,0.00000000,782.62007554
STXXUSDT,EQUITY,1784534400001,-0.00055525,799.18186196
STXXUSDT,EQUITY,1784563200001,-0.00034641,813.17155275
STXXUSDT,EQUITY,1784592000001,0.00000000,804.24000000
STXXUSDT,EQUITY,1784620800001,-0.00267149,839.94095160
STXXUSDT,EQUITY,1784649600000,-0.00107912,884.74506017
STXXUSDT,EQUITY,1784678400000,-0.00168235,905.51000000
STXXUSDT,EQUITY,1784707200001,-0.00247905,858.04000000
ASMLUSDT,EQUITY,1781193600001,0.00000000,1821.11800469
ASMLUSDT,EQUITY,1781222400001,0.00028599,1922.91000000
ASMLUSDT,EQUITY,1781251200001,0.00000000,1860.82000000
ASMLUSDT,EQUITY,1781280000001,0.00000000,1862.01572971
ASMLUSDT,EQUITY,1781308800001,0.00000000,1865.32526391
ASMLUSDT,EQUITY,1781337600001,0.00000000,1857.13941531
ASMLUSDT,EQUITY,1781366400001,0.00000000,1870.18043147
ASMLUSDT,EQUITY,1781395200001,0.00000000,1872.96118947
ASMLUSDT,EQUITY,1781424000001,0.00000000,1873.23352481
ASMLUSDT,EQUITY,1781452800001,0.00000000,1874.93251172
ASMLUSDT,EQUITY,1781481600001,0.00000000,1896.69966485
ASMLUSDT,EQUITY,1781510400002,0.00175994,1911.33000000
ASMLUSDT,EQUITY,1781539200001,0.00047292,1898.80754616
ASMLUSDT,EQUITY,1781568000001,0.00091322,1897.02493256
ASMLUSDT,EQUITY,1781596800001,0.00093872,1884.83000000
ASMLUSDT,EQUITY,1781625600001,0.00081461,1825.93000000
ASMLUSDT,EQUITY,1781654400001,0.00079703,1818.48000000
ASMLUSDT,EQUITY,1781683200001,0.00063802,1888.32764229
ASMLUSDT,EQUITY,1781712000001,0.00026194,1927.99880711
ASMLUSDT,EQUITY,1781740800001,0.00002268,1912.86734953
ASMLUSDT,EQUITY,1781769600001,0.00038236,1933.74000000
ASMLUSDT,EQUITY,1781798400001,0.00022154,1927.57000000
ASMLUSDT,EQUITY,1781827200001,0.00053449,1929.61860001
ASMLUSDT,EQUITY,1781856000001,0.00000000,1909.55000000
ASMLUSDT,EQUITY,1781884800001,0.00000000,1930.36000000
ASMLUSDT,EQUITY,1781913600001,0.00000000,1925.16109704
ASMLUSDT,EQUITY,1781942400001,0.00000000,1938.56017768
ASMLUSDT,EQUITY,1781971200001,0.00000000,1930.44790192
ASMLUSDT,EQUITY,1782000000001,0.00000000,1934.32458796
ASMLUSDT,EQUITY,1782028800001,0.00000000,1949.17066524
ASMLUSDT,EQUITY,1782057600001,0.00000000,1971.00824456
ASMLUSDT,EQUITY,1782086400001,-0.00001268,1945.60000000
ASMLUSDT,EQUITY,1782115200001,0.00093049,1921.91000000
ASMLUSDT,EQUITY,1782144000001,0.00067904,1902.55422904
ASMLUSDT,EQUITY,1782172800001,0.00055626,1924.68000000
ASMLUSDT,EQUITY,1782201600002,-0.00020980,1799.71000000
ASMLUSDT,EQUITY,1782230400001,0.00000000,1782.27000000
ASMLUSDT,EQUITY,1782259200001,0.00027415,1788.59010682
ASMLUSDT,EQUITY,1782288000001,0.00014057,1791.56976799
ASMLUSDT,EQUITY,1782316800001,0.00110194,1773.20000000
ASMLUSDT,EQUITY,1782345600002,0.00063507,1864.99570696
ASMLUSDT,EQUITY,1782374400001,0.00050301,1852.25000000
ASMLUSDT,EQUITY,1782403200001,0.00032742,1822.68000000
ASMLUSDT,EQUITY,1782432000001,0.00029795,1838.71892163
ASMLUSDT,EQUITY,1782460800002,0.00007101,1812.28872326
ASMLUSDT,EQUITY,1782489600001,0.00000000,1795.60886695
ASMLUSDT,EQUITY,1782518400001,0.00006928,1792.41000000
ASMLUSDT,EQUITY,1782547200001,0.00000000,1798.24000000
ASMLUSDT,EQUITY,1782576000001,0.00000000,1798.63000000
ASMLUSDT,EQUITY,1782604800002,0.00000000,1793.62542563
ASMLUSDT,EQUITY,1782633600002,0.00000000,1793.25309374
ASMLUSDT,EQUITY,1782662400001,0.00000000,1798.38288146
ASMLUSDT,EQUITY,1782691200001,0.00000000,1795.93139309
ASMLUSDT,EQUITY,1782720000001,0.00000000,1819.39308689
ASMLUSDT,EQUITY,1782748800001,0.00000000,1854.43251146
ASMLUSDT,EQUITY,1782777600000,0.00000000,1883.42785124
ASMLUSDT,EQUITY,1782806400000,0.00004771,1896.18469271
ASMLUSDT,EQUITY,1782835200001,0.00022253,1962.40726108
ASMLUSDT,EQUITY,1782864000000,0.00039390,1988.42703789
ASMLUSDT,EQUITY,1782892800001,0.00000000,1961.71020095
ASMLUSDT,EQUITY,1782921600001,0.00000342,1866.17678267
ASMLUSDT,EQUITY,1782950400000,0.00000000,1855.12111096
ASMLUSDT,EQUITY,1782979200001,0.00000000,1820.22000000
ASMLUSDT,EQUITY,1783008000001,0.00000000,1805.27447892
ASMLUSDT,EQUITY,1783036800001,0.00119177,1779.26370764
ASMLUSDT,EQUITY,1783065600001,0.00000000,1805.41532718
ASMLUSDT,EQUITY,1783094400001,0.00001683,1853.59157357
ASMLUSDT,EQUITY,1783123200001,0.00000000,1856.04000000
ASMLUSDT,EQUITY,1783152000001,0.00000000,1852.85832010
ASMLUSDT,EQUITY,1783180800001,0.00000000,1850.00171201
ASMLUSDT,EQUITY,1783209600002,0.00000000,1850.13222660
ASMLUSDT,EQUITY,1783238400001,0.00000000,1851.03322772
ASMLUSDT,EQUITY,1783267200001,0.00000000,1853.49595132
ASMLUSDT,EQUITY,1783296000001,0.00000000,1857.02337239
ASMLUSDT,EQUITY,1783324800001,0.00000000,1840.32078056
ASMLUSDT,EQUITY,1783353600001,0.00047193,1858.90444902
ASMLUSDT,EQUITY,1783382400001,0.00000000,1818.57638765
ASMLUSDT,EQUITY,1783411200001,0.00000000,1787.95000000
ASMLUSDT,EQUITY,1783440000001,0.00000000,1739.02000000
ASMLUSDT,EQUITY,1783468800002,0.00019116,1738.24000000
ASMLUSDT,EQUITY,1783497600001,0.00000000,1750.57000000
ASMLUSDT,EQUITY,1783526400001,0.00000000,1743.68854366
ASMLUSDT,EQUITY,1783555200001,0.00000000,1776.15000000
ASMLUSDT,EQUITY,1783584000001,0.00000000,1789.85000000
ASMLUSDT,EQUITY,1783612800001,0.00000000,1833.73217871
ASMLUSDT,EQUITY,1783641600001,0.00000000,1818.61536971
ASMLUSDT,EQUITY,1783670400001,0.00000000,1786.55000000
ASMLUSDT,EQUITY,1783699200001,0.00000000,1793.04156258
ASMLUSDT,EQUITY,1783728000001,0.00000000,1801.13421408
ASMLUSDT,EQUITY,1783756800001,0.00000000,1796.00105579
ASMLUSDT,EQUITY,1783785600001,0.00000000,1805.84000000
ASMLUSDT,EQUITY,1783814400001,0.00000000,1795.01000000
ASMLUSDT,EQUITY,1783843200001,0.00000000,1790.06362197
ASMLUSDT,EQUITY,1783872000001,0.00000000,1796.07078479
ASMLUSDT,EQUITY,1783900800001,0.00000000,1792.25000000
ASMLUSDT,EQUITY,1783929600001,0.00000000,1761.08000000
ASMLUSDT,EQUITY,1783958400001,0.00000000,1752.01393142
ASMLUSDT,EQUITY,1783987200002,0.00006606,1727.66588703
ASMLUSDT,EQUITY,1784016000001,0.00000000,1753.29968907
ASMLUSDT,EQUITY,1784044800001,0.00000000,1779.76764021
ASMLUSDT,EQUITY,1784073600001,0.00000000,1807.13000000
ASMLUSDT,EQUITY,1784102400001,0.00000000,1876.08000000
ASMLUSDT,EQUITY,1784131200001,0.00000000,1760.89105396
ASMLUSDT,EQUITY,1784160000001,0.00034808,1812.08000000
ASMLUSDT,EQUITY,1784188800002,0.00000000,1801.56000000
ASMLUSDT,EQUITY,1784217600001,0.00000000,1820.05531793
ASMLUSDT,EQUITY,1784246400001,0.00004457,1767.57620131
ASMLUSDT,EQUITY,1784275200001,0.00000000,1749.08224134
ASMLUSDT,EQUITY,1784304000001,0.00000000,1779.88000000
ASMLUSDT,EQUITY,1784332800001,0.00000000,1743.63000000
ASMLUSDT,EQUITY,1784361600001,0.00000000,1735.18530428
ASMLUSDT,EQUITY,1784390400001,0.00000000,1734.48681142
ASMLUSDT,EQUITY,1784419200001,0.00000000,1734.49000000
ASMLUSDT,EQUITY,1784448000001,0.00000000,1737.10156564
ASMLUSDT,EQUITY,1784476800001,0.00000000,1733.66093780
ASMLUSDT,EQUITY,1784505600002,0.00000000,1741.72000000
ASMLUSDT,EQUITY,1784534400001,0.00000000,1777.11000000
ASMLUSDT,EQUITY,1784563200001,0.00000000,1741.63815541
ASMLUSDT,EQUITY,1784592000001,0.00000000,1739.39300666
ASMLUSDT,EQUITY,1784620800001,0.00000000,1788.01256428
ASMLUSDT,EQUITY,1784649600000,0.00009807,1812.15850400
ASMLUSDT,EQUITY,1784678400000,0.00000000,1804.10128086
ASMLUSDT,EQUITY,1784707200001,0.00000000,1783.62000000
LRCXUSDT,EQUITY,1782144000001,0.00047416,395.90000000
LRCXUSDT,EQUITY,1782172800001,0.00022673,409.50893708
LRCXUSDT,EQUITY,1782201600002,0.00000000,390.07000000
LRCXUSDT,EQUITY,1782230400001,0.00057887,369.56656980
LRCXUSDT,EQUITY,1782259200001,0.00000000,374.63285337
LRCXUSDT,EQUITY,1782288000001,0.00028609,377.18000000
LRCXUSDT,EQUITY,1782316800001,0.00012539,369.61527234
LRCXUSDT,EQUITY,1782345600002,0.00000000,400.13000000
LRCXUSDT,EQUITY,1782374400001,0.00091702,399.97149926
LRCXUSDT,EQUITY,1782403200001,0.00013589,383.85938420
LRCXUSDT,EQUITY,1782432000001,0.00000000,399.19000000
LRCXUSDT,EQUITY,1782460800002,0.00101410,392.91534756
LRCXUSDT,EQUITY,1782489600001,0.00000000,381.47000000
LRCXUSDT,EQUITY,1782518400001,0.00024526,379.68780977
LRCXUSDT,EQUITY,1782547200001,0.00000000,378.30298779
LRCXUSDT,EQUITY,1782576000001,0.00000000,380.44014691
LRCXUSDT,EQUITY,1782604800002,0.00000000,381.06230513
LRCXUSDT,EQUITY,1782633600002,0.00000000,378.97909573
LRCXUSDT,EQUITY,1782662400001,0.00004887,390.32000000
LRCXUSDT,EQUITY,1782691200001,0.00000000,389.15000000
LRCXUSDT,EQUITY,1782720000001,0.00262612,393.37192587
LRCXUSDT,EQUITY,1782748800001,0.00048493,411.38000000
LRCXUSDT,EQUITY,1782777600000,0.00091362,412.66466999
LRCXUSDT,EQUITY,1782806400000,0.00008124,415.98618161
LRCXUSDT,EQUITY,1782835200001,0.00029450,427.24000000
LRCXUSDT,EQUITY,1782864000000,0.00092270,433.44403629
LRCXUSDT,EQUITY,1782892800001,0.00000000,424.97532090
LRCXUSDT,EQUITY,1782921600001,0.00000000,394.90000000
LRCXUSDT,EQUITY,1782950400000,0.00000000,395.20000000
LRCXUSDT,EQUITY,1782979200001,0.00000000,385.60000000
LRCXUSDT,EQUITY,1783008000001,0.00000000,362.98715812
LRCXUSDT,EQUITY,1783036800001,0.00000000,355.27000000
LRCXUSDT,EQUITY,1783065600001,0.00049762,363.21697503
LRCXUSDT,EQUITY,1783094400001,0.00000000,370.87326561
LRCXUSDT,EQUITY,1783123200001,-0.00000211,362.32000000
LRCXUSDT,EQUITY,1783152000001,0.00000000,365.62120131
LRCXUSDT,EQUITY,1783180800001,0.00000000,366.56095814
LRCXUSDT,EQUITY,1783209600002,0.00000000,371.67000000
LRCXUSDT,EQUITY,1783238400001,0.00000000,371.93638335
LRCXUSDT,EQUITY,1783267200001,0.00000000,372.31278488
LRCXUSDT,EQUITY,1783296000001,0.00000000,371.77788970
LRCXUSDT,EQUITY,1783324800001,0.00000000,364.07263957
LRCXUSDT,EQUITY,1783353600001,0.00000000,359.10000000
LRCXUSDT,EQUITY,1783382400001,0.00000000,347.70000000
LRCXUSDT,EQUITY,1783411200001,0.00000000,337.07122507
LRCXUSDT,EQUITY,1783440000001,0.00000000,324.41000000
LRCXUSDT,EQUITY,1783468800002,0.00010395,323.30195496
LRCXUSDT,EQUITY,1783497600001,0.00000000,324.08493913
LRCXUSDT,EQUITY,1783526400001,0.00000000,326.72692704
LRCXUSDT,EQUITY,1783555200001,0.00068750,334.21080885
LRCXUSDT,EQUITY,1783584000001,0.00000000,341.82089391
LRCXUSDT,EQUITY,1783612800001,0.00000000,354.32978128
LRCXUSDT,EQUITY,1783641600001,0.00000000,356.44000000
LRCXUSDT,EQUITY,1783670400001,0.00000000,349.06000000
LRCXUSDT,EQUITY,1783699200001,0.00000000,349.26422782
LRCXUSDT,EQUITY,1783728000001,0.00000000,351.74000000
LRCXUSDT,EQUITY,1783756800001,0.00000000,350.92000000
LRCXUSDT,EQUITY,1783785600001,0.00000000,351.00104337
LRCXUSDT,EQUITY,1783814400001,0.00000000,351.86550705
LRCXUSDT,EQUITY,1783843200001,0.00000000,350.01638444
LRCXUSDT,EQUITY,1783872000001,0.00000000,353.20000000
LRCXUSDT,EQUITY,1783900800001,0.00000000,351.16000000
LRCXUSDT,EQUITY,1783929600001,0.00000000,333.67938959
LRCXUSDT,EQUITY,1783958400001,0.00000000,332.26021857
LRCXUSDT,EQUITY,1783987200002,0.00000000,328.82661623
LRCXUSDT,EQUITY,1784016000001,0.00000000,339.60000000
LRCXUSDT,EQUITY,1784044800001,0.00000000,346.14658611
LRCXUSDT,EQUITY,1784073600001,0.00000000,350.49172469
LRCXUSDT,EQUITY,1784102400001,0.00000000,361.57603479
LRCXUSDT,EQUITY,1784131200001,0.00000000,329.15080604
LRCXUSDT,EQUITY,1784160000001,0.00030686,335.58991289
LRCXUSDT,EQUITY,1784188800002,0.00000000,334.80765604
LRCXUSDT,EQUITY,1784217600001,0.00000000,323.58391508
LRCXUSDT,EQUITY,1784246400001,0.00005756,319.97923824
LRCXUSDT,EQUITY,1784275200001,0.00000000,306.84551573
LRCXUSDT,EQUITY,1784304000001,0.00000000,319.81000000
LRCXUSDT,EQUITY,1784332800001,0.00000000,311.44000000
LRCXUSDT,EQUITY,1784361600001,0.00000000,311.03825608
LRCXUSDT,EQUITY,1784390400001,0.00000000,309.99039211
LRCXUSDT,EQUITY,1784419200001,0.00000000,310.89993729
LRCXUSDT,EQUITY,1784448000001,0.00000000,311.47000000
LRCXUSDT,EQUITY,1784476800001,0.00000000,309.52028769
LRCXUSDT,EQUITY,1784505600002,0.00000000,312.07830185
LRCXUSDT,EQUITY,1784534400001,0.00000000,316.66988500
LRCXUSDT,EQUITY,1784563200001,0.00003827,311.29530662
LRCXUSDT,EQUITY,1784592000001,0.00000000,305.54000000
LRCXUSDT,EQUITY,1784620800001,0.00000000,320.41000000
LRCXUSDT,EQUITY,1784649600000,0.00009418,320.43101425
LRCXUSDT,EQUITY,1784678400000,0.00000000,321.41660044
LRCXUSDT,EQUITY,1784707200001,0.00000000,312.27779773
KLACUSDT,EQUITY,1782144000001,0.00064328,266.14000000
KLACUSDT,EQUITY,1782172800001,0.00080877,268.89799945
KLACUSDT,EQUITY,1782201600002,0.00070801,258.49754113
KLACUSDT,EQUITY,1782230400001,0.00000000,242.69000000
KLACUSDT,EQUITY,1782259200001,0.00000000,245.75000000
KLACUSDT,EQUITY,1782288000001,0.00000000,246.00000000
KLACUSDT,EQUITY,1782316800001,0.00000000,240.33000000
KLACUSDT,EQUITY,1782345600002,0.00021391,255.26000000
KLACUSDT,EQUITY,1782374400001,0.00000000,252.91402847
KLACUSDT,EQUITY,1782403200001,0.00000000,253.12827771
KLACUSDT,EQUITY,1782432000001,0.00000000,258.01586997
KLACUSDT,EQUITY,1782460800002,0.00005547,253.35000000
KLACUSDT,EQUITY,1782489600001,0.00008277,246.53537800
KLACUSDT,EQUITY,1782518400001,0.00054626,248.31000000
KLACUSDT,EQUITY,1782547200001,0.00000000,252.44000000
KLACUSDT,EQUITY,1782576000001,-0.00098988,247.51373010
KLACUSDT,EQUITY,1782604800002,0.00000000,249.95623293
KLACUSDT,EQUITY,1782633600002,0.00000000,249.75645604
KLACUSDT,EQUITY,1782662400001,0.00020126,257.26000000
KLACUSDT,EQUITY,1782691200001,0.00000000,255.51249056
KLACUSDT,EQUITY,1782720000001,0.00061863,256.05000000
KLACUSDT,EQUITY,1782748800001,0.00000000,271.31113061
KLACUSDT,EQUITY,1782777600000,0.00030884,279.97485641
KLACUSDT,EQUITY,1782806400000,0.00021294,281.10680044
KLACUSDT,EQUITY,1782835200001,0.00061497,295.06423018
KLACUSDT,EQUITY,1782864000000,0.00028775,305.73000000
KLACUSDT,EQUITY,1782892800001,0.00000000,298.83000000
KLACUSDT,EQUITY,1782921600001,0.00000000,270.99756762
KLACUSDT,EQUITY,1782950400000,0.00000000,267.92753958
KLACUSDT,EQUITY,1782979200001,0.00000000,261.21145978
KLACUSDT,EQUITY,1783008000001,0.00015650,241.22000000
KLACUSDT,EQUITY,1783036800001,0.00000000,237.60002867
KLACUSDT,EQUITY,1783065600001,0.00176540,246.24000000
KLACUSDT,EQUITY,1783094400001,0.00027857,252.74200001
KLACUSDT,EQUITY,1783123200001,0.00000000,253.63180051
KLACUSDT,EQUITY,1783152000001,0.00000000,252.22000000
KLACUSDT,EQUITY,1783180800001,0.00000000,252.26041040
KLACUSDT,EQUITY,1783209600002,0.00000000,253.14131914
KLACUSDT,EQUITY,1783238400001,0.00000000,253.70784724
KLACUSDT,EQUITY,1783267200001,0.00000000,252.22000000
KLACUSDT,EQUITY,1783296000001,0.00000000,249.76000000
KLACUSDT,EQUITY,1783324800001,0.00000000,245.30489892
KLACUSDT,EQUITY,1783353600001,0.00000000,237.12811457
KLACUSDT,EQUITY,1783382400001,0.00000000,230.48606501
KLACUSDT,EQUITY,1783411200001,0.00000000,224.85191105
KLACUSDT,EQUITY,1783440000001,0.00000000,217.83000000
KLACUSDT,EQUITY,1783468800002,0.00000000,214.75000000
KLACUSDT,EQUITY,1783497600001,0.00000000,216.72452365
KLACUSDT,EQUITY,1783526400001,0.00000000,216.26000000
KLACUSDT,EQUITY,1783555200001,0.00000000,222.64022781
KLACUSDT,EQUITY,1783584000001,0.00000000,226.59676162
KLACUSDT,EQUITY,1783612800001,0.00000000,235.65000000
KLACUSDT,EQUITY,1783641600001,0.00000000,230.98563017
KLACUSDT,EQUITY,1783670400001,0.00000000,226.29959337
KLACUSDT,EQUITY,1783699200001,0.00000000,227.97304650
KLACUSDT,EQUITY,1783728000001,-0.00024668,231.38950092
KLACUSDT,EQUITY,1783756800001,0.00000000,231.79288985
KLACUSDT,EQUITY,1783785600001,0.00000000,233.03542180
KLACUSDT,EQUITY,1783814400001,0.00000000,232.67503519
KLACUSDT,EQUITY,1783843200001,0.00013368,235.42463038
KLACUSDT,EQUITY,1783872000001,0.00000000,235.40000000
KLACUSDT,EQUITY,1783900800001,0.00000000,233.30645447
KLACUSDT,EQUITY,1783929600001,0.00000000,221.28000000
KLACUSDT,EQUITY,1783958400001,0.00000000,221.74519580
KLACUSDT,EQUITY,1783987200002,0.00000000,221.06000000
KLACUSDT,EQUITY,1784016000001,0.00000000,228.39000000
KLACUSDT,EQUITY,1784044800001,0.00000000,231.00975760
KLACUSDT,EQUITY,1784073600001,0.00000000,232.77322625
KLACUSDT,EQUITY,1784102400001,0.00000000,239.84000000
KLACUSDT,EQUITY,1784131200001,0.00000000,219.71541745
KLACUSDT,EQUITY,1784160000001,0.00000000,224.62000000
KLACUSDT,EQUITY,1784188800002,0.00000000,223.73980232
KLACUSDT,EQUITY,1784217600001,0.00000000,220.92899365
KLACUSDT,EQUITY,1784246400001,0.00000000,217.97146455
KLACUSDT,EQUITY,1784275200001,0.00000000,209.95590357
KLACUSDT,EQUITY,1784304000001,-0.00007205,215.84353717
KLACUSDT,EQUITY,1784332800001,0.00000000,211.89499139
KLACUSDT,EQUITY,1784361600001,0.00000000,211.72000000
KLACUSDT,EQUITY,1784390400001,0.00000000,210.72254508
KLACUSDT,EQUITY,1784419200001,0.00000000,210.84016747
KLACUSDT,EQUITY,1784448000001,0.00000000,212.56640839
KLACUSDT,EQUITY,1784476800001,0.00000000,210.69937010
KLACUSDT,EQUITY,1784505600002,0.00000000,212.38103296
KLACUSDT,EQUITY,1784534400001,0.00000000,214.59000000
KLACUSDT,EQUITY,1784563200001,0.00000000,211.28000000
KLACUSDT,EQUITY,1784592000001,0.00000000,206.39066488
KLACUSDT,EQUITY,1784620800001,0.00000000,216.33395244
KLACUSDT,EQUITY,1784649600000,0.00000000,216.46549974
KLACUSDT,EQUITY,1784678400000,0.00000000,217.09000000
KLACUSDT,EQUITY,1784707200001,0.00000000,210.36000000
ALABUSDT,EQUITY,1782144000001,0.00048112,418.62000000
ALABUSDT,EQUITY,1782172800001,0.00025535,439.15000000
ALABUSDT,EQUITY,1782201600002,-0.00018883,413.08119866
ALABUSDT,EQUITY,1782230400001,0.00000000,403.24000000
ALABUSDT,EQUITY,1782259200001,0.00150812,401.39000000
ALABUSDT,EQUITY,1782288000001,0.00162710,407.72000000
ALABUSDT,EQUITY,1782316800001,0.00027762,404.44255718
ALABUSDT,EQUITY,1782345600002,0.00000000,420.00504332
ALABUSDT,EQUITY,1782374400001,0.00041900,421.42000000
ALABUSDT,EQUITY,1782403200001,0.00036938,408.15000000
ALABUSDT,EQUITY,1782432000001,0.00135360,394.63744947
ALABUSDT,EQUITY,1782460800002,0.00000000,388.93471590
ALABUSDT,EQUITY,1782489600001,0.00000000,380.16765663
ALABUSDT,EQUITY,1782518400001,0.00000000,391.05284887
ALABUSDT,EQUITY,1782547200001,0.00000000,389.32316038
ALABUSDT,EQUITY,1782576000001,0.00000000,389.77000000
ALABUSDT,EQUITY,1782604800002,0.00000000,390.73000000
ALABUSDT,EQUITY,1782633600002,0.00000000,390.50885115
ALABUSDT,EQUITY,1782662400001,0.00000000,386.56216818
ALABUSDT,EQUITY,1782691200001,0.00000000,388.98408926
ALABUSDT,EQUITY,1782720000001,0.00000000,400.35708958
ALABUSDT,EQUITY,1782748800001,0.00000953,433.81000000
ALABUSDT,EQUITY,1782777600000,0.00000000,453.72000015
ALABUSDT,EQUITY,1782806400000,0.00000000,456.83000000
ALABUSDT,EQUITY,1782835200001,0.00000000,494.02292103
ALABUSDT,EQUITY,1782864000000,0.00000000,487.38000000
ALABUSDT,EQUITY,1782892800001,0.00000000,477.30484303
ALABUSDT,EQUITY,1782921600001,0.00000000,446.36235650
ALABUSDT,EQUITY,1782950400000,0.00016564,434.09522668
ALABUSDT,EQUITY,1782979200001,0.00000000,424.20169461
ALABUSDT,EQUITY,1783008000001,0.00000000,412.99778684
ALABUSDT,EQUITY,1783036800001,0.00040041,409.61000000
ALABUSDT,EQUITY,1783065600001,0.00000000,415.68604486
ALABUSDT,EQUITY,1783094400001,0.00000000,413.92184017
ALABUSDT,EQUITY,1783123200001,0.00000000,417.92482341
ALABUSDT,EQUITY,1783152000001,0.00000000,421.23000000
ALABUSDT,EQUITY,1783180800001,0.00000000,420.40000000
ALABUSDT,EQUITY,1783209600002,0.00000000,421.39628686
ALABUSDT,EQUITY,1783238400001,0.00000000,421.95000000
ALABUSDT,EQUITY,1783267200001,0.00000000,422.93081147
ALABUSDT,EQUITY,1783296000001,0.00000000,422.63071998
ALABUSDT,EQUITY,1783324800001,0.00000000,423.00103199
ALABUSDT,EQUITY,1783353600001,0.00000000,443.70000000
ALABUSDT,EQUITY,1783382400001,0.00000000,430.27000453
ALABUSDT,EQUITY,1783411200001,0.00000000,420.18523585
ALABUSDT,EQUITY,1783440000001,0.00000000,380.78000000
ALABUSDT,EQUITY,1783468800002,0.00000000,377.02000000
ALABUSDT,EQUITY,1783497600001,0.00000000,382.43347561
ALABUSDT,EQUITY,1783526400001,0.00000000,379.28000000
ALABUSDT,EQUITY,1783555200001,0.00000000,396.50836062
ALABUSDT,EQUITY,1783584000001,0.00000000,407.01579723
ALABUSDT,EQUITY,1783612800001,0.00000000,428.25553860
ALABUSDT,EQUITY,1783641600001,0.00050233,417.12995820
ALABUSDT,EQUITY,1783670400001,0.00000000,415.72039669
ALABUSDT,EQUITY,1783699200001,0.00000000,415.71381518
ALABUSDT,EQUITY,1783728000001,0.00000038,412.81130349
ALABUSDT,EQUITY,1783756800001,0.00000000,415.92136014
ALABUSDT,EQUITY,1783785600001,0.00000000,417.02000000
ALABUSDT,EQUITY,1783814400001,0.00000000,414.29000000
ALABUSDT,EQUITY,1783843200001,0.00000000,413.41574180
ALABUSDT,EQUITY,1783872000001,0.00000000,415.56982972
ALABUSDT,EQUITY,1783900800001,0.00000000,413.90473936
ALABUSDT,EQUITY,1783929600001,0.00000000,395.75000000
ALABUSDT,EQUITY,1783958400001,0.00000000,371.52011513
ALABUSDT,EQUITY,1783987200002,0.00000000,357.50183196
ALABUSDT,EQUITY,1784016000001,0.00000000,368.18136388
ALABUSDT,EQUITY,1784044800001,0.00000000,371.63503863
ALABUSDT,EQUITY,1784073600001,0.00000000,366.02045871
ALABUSDT,EQUITY,1784102400001,0.00000000,372.83337578
ALABUSDT,EQUITY,1784131200001,0.00000000,343.23000000
ALABUSDT,EQUITY,1784160000001,0.00000000,347.29626827
ALABUSDT,EQUITY,1784188800002,0.00000000,341.96758215
ALABUSDT,EQUITY,1784217600001,0.00000000,320.92472160
ALABUSDT,EQUITY,1784246400001,0.00000000,315.40228875
ALABUSDT,EQUITY,1784275200001,0.00000000,301.52000000
ALABUSDT,EQUITY,1784304000001,0.00000000,305.97106547
ALABUSDT,EQUITY,1784332800001,0.00000000,303.57157645
ALABUSDT,EQUITY,1784361600001,0.00000000,305.61089271
ALABUSDT,EQUITY,1784390400001,0.00000000,305.47000000
ALABUSDT,EQUITY,1784419200001,0.00000000,305.73819648
ALABUSDT,EQUITY,1784448000001,0.00000000,307.92973793
ALABUSDT,EQUITY,1784476800001,0.00000000,302.42254710
ALABUSDT,EQUITY,1784505600002,0.00000000,303.92282614
ALABUSDT,EQUITY,1784534400001,0.00000000,306.84455297
ALABUSDT,EQUITY,1784563200001,0.00000000,317.60359559
ALABUSDT,EQUITY,1784592000001,0.00000000,310.06390217
ALABUSDT,EQUITY,1784620800001,0.00000000,322.65040222
ALABUSDT,EQUITY,1784649600000,0.00000000,327.54556980
ALABUSDT,EQUITY,1784678400000,0.00000000,323.27000000
ALABUSDT,EQUITY,1784707200001,0.00000000,309.02294349
SMCIUSDT,EQUITY,1782144000001,0.00107729,35.23000000
SMCIUSDT,EQUITY,1782172800001,0.00110708,36.43145326
SMCIUSDT,EQUITY,1782201600002,0.00356163,33.26350468
SMCIUSDT,EQUITY,1782230400001,0.00008744,33.89000000
SMCIUSDT,EQUITY,1782259200001,0.00107892,33.60000000
SMCIUSDT,EQUITY,1782288000001,0.00000000,33.82212734
SMCIUSDT,EQUITY,1782316800001,0.00021988,33.05000000
SMCIUSDT,EQUITY,1782345600002,0.00073618,33.78000000
SMCIUSDT,EQUITY,1782374400001,0.00044023,33.60601900
SMCIUSDT,EQUITY,1782403200001,0.00000000,31.96000000
SMCIUSDT,EQUITY,1782432000001,0.00007472,31.54342508
SMCIUSDT,EQUITY,1782460800002,0.00000000,30.95000000
SMCIUSDT,EQUITY,1782489600001,0.00000000,31.02000000
SMCIUSDT,EQUITY,1782518400001,0.00000000,30.64748056
SMCIUSDT,EQUITY,1782547200001,0.00000000,30.76000000
SMCIUSDT,EQUITY,1782576000001,0.00000000,30.78465238
SMCIUSDT,EQUITY,1782604800002,0.00000000,30.79000000
SMCIUSDT,EQUITY,1782633600002,0.00000000,30.66957339
SMCIUSDT,EQUITY,1782662400001,0.00000000,30.28625341
SMCIUSDT,EQUITY,1782691200001,0.00000000,30.63000000
SMCIUSDT,EQUITY,1782720000001,0.00000000,31.26000000
SMCIUSDT,EQUITY,1782748800001,0.00000000,30.27990774
SMCIUSDT,EQUITY,1782777600000,0.00000000,28.59097718
SMCIUSDT,EQUITY,1782806400000,0.00000000,28.66444752
SMCIUSDT,EQUITY,1782835200001,0.00000000,29.48000000
SMCIUSDT,EQUITY,1782864000000,0.00000000,29.42491841
SMCIUSDT,EQUITY,1782892800001,0.00000000,29.14187021
SMCIUSDT,EQUITY,1782921600001,0.00000000,28.07973208
SMCIUSDT,EQUITY,1782950400000,0.00000000,27.94790323
SMCIUSDT,EQUITY,1782979200001,0.00000000,27.53000000
SMCIUSDT,EQUITY,1783008000001,0.00000000,27.55000000
SMCIUSDT,EQUITY,1783036800001,0.00000000,27.33123178
SMCIUSDT,EQUITY,1783065600001,0.00000000,27.65012566
SMCIUSDT,EQUITY,1783094400001,0.00000000,27.84000000
SMCIUSDT,EQUITY,1783123200001,0.00000000,27.87307668
SMCIUSDT,EQUITY,1783152000001,0.00000000,27.95000000
SMCIUSDT,EQUITY,1783180800001,0.00000000,28.03000000
SMCIUSDT,EQUITY,1783209600002,0.00000000,27.99512082
SMCIUSDT,EQUITY,1783238400001,0.00000000,28.06263867
SMCIUSDT,EQUITY,1783267200001,0.00000000,28.02000000
SMCIUSDT,EQUITY,1783296000001,0.00000000,27.92000000
SMCIUSDT,EQUITY,1783324800001,0.00000000,27.69000000
SMCIUSDT,EQUITY,1783353600001,0.00000000,27.46400084
SMCIUSDT,EQUITY,1783382400001,0.00000000,27.15440771
SMCIUSDT,EQUITY,1783411200001,0.00000000,26.81273076
SMCIUSDT,EQUITY,1783440000001,0.00000000,26.04138836
SMCIUSDT,EQUITY,1783468800002,0.00000000,25.95104862
SMCIUSDT,EQUITY,1783497600001,0.00000000,26.41553256
SMCIUSDT,EQUITY,1783526400001,0.00000000,26.54075122
SMCIUSDT,EQUITY,1783555200001,0.00000000,28.02677686
SMCIUSDT,EQUITY,1783584000001,0.00000000,28.46000000
SMCIUSDT,EQUITY,1783612800001,0.00000000,28.77093025
SMCIUSDT,EQUITY,1783641600001,0.00000000,28.36855197
SMCIUSDT,EQUITY,1783670400001,0.00000000,28.22692535
SMCIUSDT,EQUITY,1783699200001,0.00000000,28.64264413
SMCIUSDT,EQUITY,1783728000001,0.00000000,28.45488599
SMCIUSDT,EQUITY,1783756800001,0.00000000,28.28495560
SMCIUSDT,EQUITY,1783785600001,0.00000000,28.17000000
SMCIUSDT,EQUITY,1783814400001,0.00000000,28.17000000
SMCIUSDT,EQUITY,1783843200001,0.00000000,28.18609509
SMCIUSDT,EQUITY,1783872000001,0.00000000,28.13455831
SMCIUSDT,EQUITY,1783900800001,0.00000000,28.01000000
SMCIUSDT,EQUITY,1783929600001,0.00000000,27.75658352
SMCIUSDT,EQUITY,1783958400001,0.00000000,27.76471023
SMCIUSDT,EQUITY,1783987200002,0.00000000,27.51786854
SMCIUSDT,EQUITY,1784016000001,0.00000000,27.90969834
SMCIUSDT,EQUITY,1784044800001,0.00000000,27.82000000
SMCIUSDT,EQUITY,1784073600001,0.00000000,27.80788150
SMCIUSDT,EQUITY,1784102400001,0.00000000,27.98492245
SMCIUSDT,EQUITY,1784131200001,0.00000000,26.83922445
SMCIUSDT,EQUITY,1784160000001,0.00000000,26.84428580
SMCIUSDT,EQUITY,1784188800002,0.00000000,26.67004803
SMCIUSDT,EQUITY,1784217600001,0.00000000,25.25292297
SMCIUSDT,EQUITY,1784246400001,0.00000000,24.66000000
SMCIUSDT,EQUITY,1784275200001,0.00000000,23.96439087
SMCIUSDT,EQUITY,1784304000001,0.00000000,24.41698214
SMCIUSDT,EQUITY,1784332800001,0.00000000,24.22742360
SMCIUSDT,EQUITY,1784361600001,0.00000000,24.08253971
SMCIUSDT,EQUITY,1784390400001,0.00000000,24.10000000
SMCIUSDT,EQUITY,1784419200001,0.00000000,24.16000000
SMCIUSDT,EQUITY,1784448000001,0.00000000,24.13000000
SMCIUSDT,EQUITY,1784476800001,0.00000000,24.01000000
SMCIUSDT,EQUITY,1784505600002,0.00000000,23.92782839
SMCIUSDT,EQUITY,1784534400001,0.00000000,24.35000000
SMCIUSDT,EQUITY,1784563200001,0.00000000,24.26667256
SMCIUSDT,EQUITY,1784592000001,0.00000000,23.93000000
SMCIUSDT,EQUITY,1784620800001,0.00000000,24.42791058
SMCIUSDT,EQUITY,1784649600000,0.00000000,25.16000000
SMCIUSDT,EQUITY,1784678400000,0.00000000,30.73000000
SMCIUSDT,EQUITY,1784707200001,0.00000000,29.71000000
CIENUSDT,EQUITY,1782144000001,0.00003711,439.98233251
CIENUSDT,EQUITY,1782172800001,0.00239158,457.70500000
CIENUSDT,EQUITY,1782201600002,0.00275882,438.47000000
CIENUSDT,EQUITY,1782230400001,0.00000000,454.67253666
CIENUSDT,EQUITY,1782259200001,0.00000000,461.14001732
CIENUSDT,EQUITY,1782288000001,0.00000000,460.82000000
CIENUSDT,EQUITY,1782316800001,0.00000000,473.79500000
CIENUSDT,EQUITY,1782345600002,0.00130867,483.06000000
CIENUSDT,EQUITY,1782374400001,-0.00022530,479.69635826
CIENUSDT,EQUITY,1782403200001,0.00000000,475.70263929
CIENUSDT,EQUITY,1782432000001,0.00110243,485.21000000
CIENUSDT,EQUITY,1782460800002,0.00113636,476.63997252
CIENUSDT,EQUITY,1782489600001,0.00000000,474.69617613
CIENUSDT,EQUITY,1782518400001,0.00065295,478.92000000
CIENUSDT,EQUITY,1782547200001,0.00000000,481.73454461
CIENUSDT,EQUITY,1782576000001,0.00000000,482.68000000
CIENUSDT,EQUITY,1782604800002,0.00000000,483.54000000
CIENUSDT,EQUITY,1782633600002,0.00000000,484.48278525
CIENUSDT,EQUITY,1782662400001,0.00000000,484.77900567
CIENUSDT,EQUITY,1782691200001,0.00000000,487.13141310
CIENUSDT,EQUITY,1782720000001,-0.00157927,485.48924173
CIENUSDT,EQUITY,1782748800001,0.00000000,474.48041113
CIENUSDT,EQUITY,1782777600000,0.00000000,476.79608198
CIENUSDT,EQUITY,1782806400000,0.00000000,480.75420725
CIENUSDT,EQUITY,1782835200001,0.00018756,480.39096171
CIENUSDT,EQUITY,1782864000000,0.00000000,491.99000000
CIENUSDT,EQUITY,1782892800001,0.00000047,488.80000000
CIENUSDT,EQUITY,1782921600001,0.00000000,470.80000000
CIENUSDT,EQUITY,1782950400000,0.00000000,463.22000000
CIENUSDT,EQUITY,1782979200001,0.00000000,455.52488642
CIENUSDT,EQUITY,1783008000001,0.00000000,430.97004250
CIENUSDT,EQUITY,1783036800001,0.00000000,423.46776818
CIENUSDT,EQUITY,1783065600001,0.00000000,426.44294363
CIENUSDT,EQUITY,1783094400001,0.00000000,429.07482041
CIENUSDT,EQUITY,1783123200001,0.00000000,429.64928946
CIENUSDT,EQUITY,1783152000001,0.00000000,430.60044733
CIENUSDT,EQUITY,1783180800001,0.00000000,430.09000000
CIENUSDT,EQUITY,1783209600002,0.00000000,430.89721512
CIENUSDT,EQUITY,1783238400001,0.00000000,431.59000000
CIENUSDT,EQUITY,1783267200001,0.00000000,430.12000000
CIENUSDT,EQUITY,1783296000001,0.00000000,431.12656476
CIENUSDT,EQUITY,1783324800001,0.00000000,429.75720012
CIENUSDT,EQUITY,1783353600001,0.00000000,441.50491013
CIENUSDT,EQUITY,1783382400001,0.00032711,432.95000000
CIENUSDT,EQUITY,1783411200001,0.00000000,428.25718744
CIENUSDT,EQUITY,1783440000001,0.00000000,419.49811481
CIENUSDT,EQUITY,1783468800002,0.00000000,417.52718066
CIENUSDT,EQUITY,1783497600001,0.00000000,414.37503267
CIENUSDT,EQUITY,1783526400001,0.00000000,423.84000000
CIENUSDT,EQUITY,1783555200001,0.00000000,441.79000000
CIENUSDT,EQUITY,1783584000001,0.00000000,448.21696401
CIENUSDT,EQUITY,1783612800001,0.00000000,471.57554394
CIENUSDT,EQUITY,1783641600001,0.00000000,464.96000000
CIENUSDT,EQUITY,1783670400001,0.00000000,457.38384612
CIENUSDT,EQUITY,1783699200001,0.00000000,461.80256898
CIENUSDT,EQUITY,1783728000001,0.00000000,462.42015399
CIENUSDT,EQUITY,1783756800001,0.00000000,463.70025403
CIENUSDT,EQUITY,1783785600001,0.00000000,463.87060842
CIENUSDT,EQUITY,1783814400001,0.00000000,460.82367354
CIENUSDT,EQUITY,1783843200001,0.00000000,458.49896998
CIENUSDT,EQUITY,1783872000001,0.00000000,458.76429391
CIENUSDT,EQUITY,1783900800001,0.00000000,457.98532020
CIENUSDT,EQUITY,1783929600001,0.00000000,446.72816262
CIENUSDT,EQUITY,1783958400001,0.00000000,452.42760772
CIENUSDT,EQUITY,1783987200002,0.00000000,442.79018764
CIENUSDT,EQUITY,1784016000001,0.00000000,451.34813517
CIENUSDT,EQUITY,1784044800001,0.00000000,454.20240549
CIENUSDT,EQUITY,1784073600001,0.00000000,448.06000000
CIENUSDT,EQUITY,1784102400001,0.00000000,455.39056779
CIENUSDT,EQUITY,1784131200001,0.00000000,412.24964312
CIENUSDT,EQUITY,1784160000001,0.00000000,417.96000000
CIENUSDT,EQUITY,1784188800002,0.00000000,414.73811321
CIENUSDT,EQUITY,1784217600001,0.00000000,395.33000000
CIENUSDT,EQUITY,1784246400001,0.00000000,382.52521317
CIENUSDT,EQUITY,1784275200001,0.00000000,373.48074444
CIENUSDT,EQUITY,1784304000001,0.00000000,385.47870598
CIENUSDT,EQUITY,1784332800001,0.00000000,372.00000000
CIENUSDT,EQUITY,1784361600001,0.00000000,371.81731075
CIENUSDT,EQUITY,1784390400001,0.00000000,371.17000000
CIENUSDT,EQUITY,1784419200001,0.00000000,371.20104133
CIENUSDT,EQUITY,1784448000001,0.00000000,372.55512111
CIENUSDT,EQUITY,1784476800001,0.00000000,370.86243076
CIENUSDT,EQUITY,1784505600002,0.00000000,370.34000000
CIENUSDT,EQUITY,1784534400001,0.00000000,378.42543706
CIENUSDT,EQUITY,1784563200001,0.00000000,387.01762894
CIENUSDT,EQUITY,1784592000001,0.00000000,378.63565518
CIENUSDT,EQUITY,1784620800001,0.00000000,394.35660377
CIENUSDT,EQUITY,1784649600000,0.00000000,408.02816552
CIENUSDT,EQUITY,1784678400000,0.00004140,409.36000000
CIENUSDT,EQUITY,1784707200001,0.00000000,400.27591426
KORUUSDT,EQUITY,1782144000001,-0.00040333,1058.37024868
KORUUSDT,EQUITY,1782172800001,0.00000000,1060.00000000
KORUUSDT,EQUITY,1782201600002,-0.00919166,810.34000000
KORUUSDT,EQUITY,1782230400001,0.00375622,758.29252597
KORUUSDT,EQUITY,1782259200001,0.00804598,734.80050493
KORUUSDT,EQUITY,1782288000001,0.00202183,756.88633715
KORUUSDT,EQUITY,1782316800001,0.00000000,737.37000000
KORUUSDT,EQUITY,1782345600002,0.00000000,907.31080218
KORUUSDT,EQUITY,1782374400001,0.00000000,863.58581739
KORUUSDT,EQUITY,1782403200001,0.00013714,810.53920786
KORUUSDT,EQUITY,1782432000001,0.00000000,816.68924296
KORUUSDT,EQUITY,1782460800002,0.00017076,749.30445941
KORUUSDT,EQUITY,1782489600001,-0.00003405,769.91755430
KORUUSDT,EQUITY,1782518400001,0.00000000,735.04000000
KORUUSDT,EQUITY,1782547200001,0.00005719,746.90567625
KORUUSDT,EQUITY,1782576000001,0.00000000,749.48658693
KORUUSDT,EQUITY,1782604800002,-0.00058029,738.63885694
KORUUSDT,EQUITY,1782633600002,0.00016184,744.94367696
KORUUSDT,EQUITY,1782662400001,0.00144100,766.71322471
KORUUSDT,EQUITY,1782691200001,0.00024885,766.37732887
KORUUSDT,EQUITY,1782720000001,0.00040185,735.91020685
KORUUSDT,EQUITY,1782748800001,0.00009307,691.24000000
KORUUSDT,EQUITY,1782777600000,0.00076722,738.17000000
KORUUSDT,EQUITY,1782806400000,-0.00243301,734.52034014
KORUUSDT,EQUITY,1782835200001,0.00000000,767.09713670
KORUUSDT,EQUITY,1782864000000,-0.00021580,772.80000000
KORUUSDT,EQUITY,1782892800001,0.00020616,684.88988049
KORUUSDT,EQUITY,1782921600001,0.00040991,628.61907251
KORUUSDT,EQUITY,1782950400000,0.00000000,591.53438405
KORUUSDT,EQUITY,1782979200001,0.00023088,552.43000000
KORUUSDT,EQUITY,1783008000001,0.00000000,547.88186050
KORUUSDT,EQUITY,1783036800001,0.00114400,542.84000000
KORUUSDT,EQUITY,1783065600001,0.00339514,577.70010417
KORUUSDT,EQUITY,1783094400001,0.00051538,602.49000000
KORUUSDT,EQUITY,1783123200001,0.00006519,612.63000000
KORUUSDT,EQUITY,1783152000001,0.00000000,613.31446478
KORUUSDT,EQUITY,1783180800001,0.00000000,618.42401634
KORUUSDT,EQUITY,1783209600002,0.00000000,617.86000000
KORUUSDT,EQUITY,1783238400001,0.00038904,624.27000000
KORUUSDT,EQUITY,1783267200001,0.00189915,622.69427563
KORUUSDT,EQUITY,1783296000001,0.00575183,624.34000000
KORUUSDT,EQUITY,1783324800001,-0.00045797,632.97462632
KORUUSDT,EQUITY,1783353600001,0.00000000,639.70000000
KORUUSDT,EQUITY,1783382400001,0.00085778,597.19000000
KORUUSDT,EQUITY,1783411200001,0.00027599,556.99246590
KORUUSDT,EQUITY,1783440000001,0.00086340,529.92632536
KORUUSDT,EQUITY,1783468800002,0.00000000,520.09000000
KORUUSDT,EQUITY,1783497600001,0.00041366,496.68000000
KORUUSDT,EQUITY,1783526400001,0.00018633,491.22000000
KORUUSDT,EQUITY,1783555200001,0.00000000,557.92421606
KORUUSDT,EQUITY,1783584000001,0.00059583,512.08369718
KORUUSDT,EQUITY,1783612800001,0.00020361,563.42290261
KORUUSDT,EQUITY,1783641600001,0.00000000,575.89181174
KORUUSDT,EQUITY,1783670400001,-0.00008825,544.31541667
KORUUSDT,EQUITY,1783699200001,0.00015367,553.45000000
KORUUSDT,EQUITY,1783728000001,0.00000000,552.98408403
KORUUSDT,EQUITY,1783756800001,0.00000000,548.07000000
KORUUSDT,EQUITY,1783785600001,0.00000000,548.93000000
KORUUSDT,EQUITY,1783814400001,-0.00041064,542.74166118
KORUUSDT,EQUITY,1783843200001,0.00000000,547.06000000
KORUUSDT,EQUITY,1783872000001,-0.00000725,545.49411058
KORUUSDT,EQUITY,1783900800001,-0.00105203,537.62217214
KORUUSDT,EQUITY,1783929600001,-0.00269217,422.13000000
KORUUSDT,EQUITY,1783958400001,0.00049961,433.60000000
KORUUSDT,EQUITY,1783987200002,0.00081510,411.71527434
KORUUSDT,EQUITY,1784016000001,0.00292772,420.55776523
KORUUSDT,EQUITY,1784044800001,0.00059580,468.75000000
KORUUSDT,EQUITY,1784073600001,0.00086319,497.53954065
KORUUSDT,EQUITY,1784131200001,0.00034570,20.98000000
KORUUSDT,EQUITY,1784160000001,0.00000000,21.36000000
KORUUSDT,EQUITY,1784188800002,0.00049808,20.39013424
KORUUSDT,EQUITY,1784217600001,0.00004167,19.71000000
KORUUSDT,EQUITY,1784246400001,0.00037603,18.27383086
KORUUSDT,EQUITY,1784275200001,0.00043958,16.51803355
KORUUSDT,EQUITY,1784304000001,0.00000000,19.93403366
KORUUSDT,EQUITY,1784332800001,-0.00023035,17.89000000
KORUUSDT,EQUITY,1784361600001,0.00000000,18.57172675
KORUUSDT,EQUITY,1784390400001,-0.00030955,18.20000000
KORUUSDT,EQUITY,1784419200001,0.00007446,18.15428177
KORUUSDT,EQUITY,1784448000001,0.00023636,18.57000000
KORUUSDT,EQUITY,1784476800001,-0.00060636,18.45000000
KORUUSDT,EQUITY,1784505600002,0.00126519,18.67796561
KORUUSDT,EQUITY,1784534400001,0.00000000,18.20000000
KORUUSDT,EQUITY,1784563200001,0.00000000,19.30175310
KORUUSDT,EQUITY,1784592000001,0.00000000,18.41335617
KORUUSDT,EQUITY,1784620800001,0.00000000,20.28246877
KORUUSDT,EQUITY,1784649600000,0.00000000,21.43000000
KORUUSDT,EQUITY,1784678400000,0.00000000,22.44298575
KORUUSDT,EQUITY,1784707200001,0.00000000,20.00681812
SONYUSDT,EQUITY,1782144000001,0.00071840,19.76000000
SONYUSDT,EQUITY,1782172800001,-0.00320924,19.81951613
SONYUSDT,EQUITY,1782201600002,0.00027234,19.55000000
SONYUSDT,EQUITY,1782230400001,0.00000000,19.57500000
SONYUSDT,EQUITY,1782259200001,0.00000000,19.68000000
SONYUSDT,EQUITY,1782288000001,0.00013339,20.08000000
SONYUSDT,EQUITY,1782316800001,0.00000000,20.17537110
SONYUSDT,EQUITY,1782345600002,0.00281418,20.03287697
SONYUSDT,EQUITY,1782374400001,0.00067606,20.03000000
SONYUSDT,EQUITY,1782403200001,0.00000000,19.46000000
SONYUSDT,EQUITY,1782432000001,0.00051800,19.64000000
SONYUSDT,EQUITY,1782460800002,0.00119670,19.54929071
SONYUSDT,EQUITY,1782489600001,0.00018387,19.83998366
SONYUSDT,EQUITY,1782518400001,0.00000000,19.82000000
SONYUSDT,EQUITY,1782547200001,0.00000000,19.85507652
SONYUSDT,EQUITY,1782576000001,0.00000000,19.59995711
SONYUSDT,EQUITY,1782604800002,0.00000000,19.70509803
SONYUSDT,EQUITY,1782633600002,0.00000000,19.89000000
SONYUSDT,EQUITY,1782662400001,0.00000000,19.81000000
SONYUSDT,EQUITY,1782691200001,0.00000000,20.09000000
SONYUSDT,EQUITY,1782720000001,0.00090857,20.14500000
SONYUSDT,EQUITY,1782748800001,0.00001541,20.39941830
SONYUSDT,EQUITY,1782777600000,0.00107381,20.51000000
SONYUSDT,EQUITY,1782806400000,0.00000000,20.24265566
SONYUSDT,EQUITY,1782835200001,0.00000000,20.12000000
SONYUSDT,EQUITY,1782864000000,0.00000825,20.08581502
SONYUSDT,EQUITY,1782892800001,0.00012762,19.95286943
SONYUSDT,EQUITY,1782921600001,0.00000000,20.15020159
SONYUSDT,EQUITY,1782950400000,0.00000000,20.28499256
SONYUSDT,EQUITY,1782979200001,0.00118477,20.42351443
SONYUSDT,EQUITY,1783008000001,0.00023295,20.69018672
SONYUSDT,EQUITY,1783036800001,0.00000000,20.76000000
SONYUSDT,EQUITY,1783065600001,0.00000000,20.66015609
SONYUSDT,EQUITY,1783094400001,0.00000000,20.70000000
SONYUSDT,EQUITY,1783123200001,0.00000000,20.74651470
SONYUSDT,EQUITY,1783152000001,0.00000000,20.75051533
SONYUSDT,EQUITY,1783180800001,0.00000000,20.72976415
SONYUSDT,EQUITY,1783209600002,0.00000000,20.74000000
SONYUSDT,EQUITY,1783238400001,0.00000000,20.74484949
SONYUSDT,EQUITY,1783267200001,0.00000000,20.74254838
SONYUSDT,EQUITY,1783296000001,0.00000000,20.76908910
SONYUSDT,EQUITY,1783324800001,0.00146853,21.08000000
SONYUSDT,EQUITY,1783353600001,0.00000000,21.11985556
SONYUSDT,EQUITY,1783382400001,0.00102437,21.16000000
SONYUSDT,EQUITY,1783411200001,0.00189859,21.43500000
SONYUSDT,EQUITY,1783440000001,0.00000000,21.42000000
SONYUSDT,EQUITY,1783468800002,0.00000000,21.47000000
SONYUSDT,EQUITY,1783497600001,0.00213619,21.40000000
SONYUSDT,EQUITY,1783526400001,0.00000000,21.09000000
SONYUSDT,EQUITY,1783555200001,0.00072651,21.21000000
SONYUSDT,EQUITY,1783584000001,0.00057748,20.96902967
SONYUSDT,EQUITY,1783612800001,0.00000000,20.98456246
SONYUSDT,EQUITY,1783641600001,0.00000000,20.67000000
SONYUSDT,EQUITY,1783670400001,-0.00120419,20.72707806
SONYUSDT,EQUITY,1783699200001,0.00000000,20.84231545
SONYUSDT,EQUITY,1783728000001,0.00000000,20.85999737
SONYUSDT,EQUITY,1783756800001,0.00000000,20.87495726
SONYUSDT,EQUITY,1783785600001,0.00000000,20.95000000
SONYUSDT,EQUITY,1783814400001,0.00000000,21.03000000
SONYUSDT,EQUITY,1783843200001,0.00000000,20.86972994
SONYUSDT,EQUITY,1783872000001,0.00000000,20.89499249
SONYUSDT,EQUITY,1783900800001,0.00000000,20.93000000
SONYUSDT,EQUITY,1783929600001,0.00000000,20.53000000
SONYUSDT,EQUITY,1783958400001,0.00000000,20.83000000
SONYUSDT,EQUITY,1783987200002,0.00000000,20.68999589
SONYUSDT,EQUITY,1784016000001,-0.00022602,20.83344399
SONYUSDT,EQUITY,1784044800001,0.00000000,20.90000000
SONYUSDT,EQUITY,1784073600001,0.00027632,20.94000000
SONYUSDT,EQUITY,1784102400001,0.00000000,20.75000000
SONYUSDT,EQUITY,1784131200001,0.00000000,20.78996268
SONYUSDT,EQUITY,1784160000001,0.00040988,20.66743330
SONYUSDT,EQUITY,1784188800002,0.00000000,20.97000000
SONYUSDT,EQUITY,1784217600001,0.00000000,21.25000000
SONYUSDT,EQUITY,1784246400001,0.00069907,21.26887722
SONYUSDT,EQUITY,1784275200001,0.00162695,21.41000000
SONYUSDT,EQUITY,1784304000001,0.00000000,21.35000000
SONYUSDT,EQUITY,1784332800001,0.00000000,21.07501297
SONYUSDT,EQUITY,1784361600001,0.00000000,20.93260814
SONYUSDT,EQUITY,1784390400001,0.00000000,20.91997926
SONYUSDT,EQUITY,1784419200001,0.00000000,20.87000915
SONYUSDT,EQUITY,1784448000001,0.00000000,20.84005776
SONYUSDT,EQUITY,1784476800001,0.00000000,20.82499798
SONYUSDT,EQUITY,1784505600002,0.00000000,20.77000000
SONYUSDT,EQUITY,1784534400001,-0.00038003,20.99000000
SONYUSDT,EQUITY,1784563200001,0.00000000,21.16299204
SONYUSDT,EQUITY,1784592000001,-0.00048402,21.17000000
SONYUSDT,EQUITY,1784620800001,0.00000000,21.19000000
SONYUSDT,EQUITY,1784649600000,-0.00036600,21.11000000
SONYUSDT,EQUITY,1784678400000,0.00000000,21.05441552
SONYUSDT,EQUITY,1784707200001,-0.00095672,21.00000000
MVLLUSDT,EQUITY,1782748800001,0.00000000,46.90000000
MVLLUSDT,EQUITY,1782777600000,0.00002113,49.53145266
MVLLUSDT,EQUITY,1782806400000,-0.00017986,50.91717383
MVLLUSDT,EQUITY,1782835200001,0.00000000,57.01591511
MVLLUSDT,EQUITY,1782864000000,0.00000000,57.25322528
MVLLUSDT,EQUITY,1782892800001,0.00000000,55.15814349
MVLLUSDT,EQUITY,1782921600001,0.00000000,49.14729964
MVLLUSDT,EQUITY,1782950400000,0.00000000,47.06858409
MVLLUSDT,EQUITY,1782979200001,0.00008946,44.58294552
MVLLUSDT,EQUITY,1783008000001,0.00000000,40.29000000
MVLLUSDT,EQUITY,1783036800001,0.00000000,38.24000000
MVLLUSDT,EQUITY,1783065600001,0.00123223,40.02000000
MVLLUSDT,EQUITY,1783094400001,0.00110541,41.35000000
MVLLUSDT,EQUITY,1783123200001,0.00355175,41.16533704
MVLLUSDT,EQUITY,1783152000001,0.00470344,41.21356188
MVLLUSDT,EQUITY,1783180800001,0.00282125,41.41000000
MVLLUSDT,EQUITY,1783209600002,0.00246896,41.42177419
MVLLUSDT,EQUITY,1783238400001,0.00338196,41.19000000
MVLLUSDT,EQUITY,1783267200001,0.00050590,41.31000000
MVLLUSDT,EQUITY,1783296000001,0.00158647,41.32657365
MVLLUSDT,EQUITY,1783324800001,0.00000000,39.76880219
MVLLUSDT,EQUITY,1783353600001,0.00000000,41.33000000
MVLLUSDT,EQUITY,1783382400001,0.00000000,38.09017026
MVLLUSDT,EQUITY,1783411200001,0.00000000,36.46416869
MVLLUSDT,EQUITY,1783440000001,0.00000000,32.75000000
MVLLUSDT,EQUITY,1783468800002,0.00000000,32.10000000
MVLLUSDT,EQUITY,1783497600001,0.00000000,32.85307275
MVLLUSDT,EQUITY,1783526400001,0.00000000,31.94000000
MVLLUSDT,EQUITY,1783555200001,0.00000000,34.39000000
MVLLUSDT,EQUITY,1783584000001,0.00000000,36.33476600
MVLLUSDT,EQUITY,1783612800001,0.00000000,38.21614954
MVLLUSDT,EQUITY,1783641600001,0.00000000,37.35000000
MVLLUSDT,EQUITY,1783670400001,0.00000000,35.78238991
MVLLUSDT,EQUITY,1783699200001,0.00000000,34.81544822
MVLLUSDT,EQUITY,1783728000001,0.00012569,34.93000000
MVLLUSDT,EQUITY,1783756800001,0.00000000,35.23415685
MVLLUSDT,EQUITY,1783785600001,0.00000000,35.02055598
MVLLUSDT,EQUITY,1783814400001,-0.00006935,34.81000000
MVLLUSDT,EQUITY,1783843200001,0.00000000,34.76777586
MVLLUSDT,EQUITY,1783872000001,0.00000000,35.01986562
MVLLUSDT,EQUITY,1783900800001,-0.00055618,34.70000000
MVLLUSDT,EQUITY,1783929600001,0.00000000,31.99716041
MVLLUSDT,EQUITY,1783958400001,0.00000000,30.23807442
MVLLUSDT,EQUITY,1783987200002,0.00000000,28.40000000
MVLLUSDT,EQUITY,1784016000001,0.00000000,30.22000000
MVLLUSDT,EQUITY,1784044800001,0.00000000,30.91967707
MVLLUSDT,EQUITY,1784073600001,0.00000000,30.77994686
MVLLUSDT,EQUITY,1784102400001,0.00000000,31.70000000
MVLLUSDT,EQUITY,1784131200001,0.00000000,26.34125694
MVLLUSDT,EQUITY,1784160000001,0.00000000,25.69085373
MVLLUSDT,EQUITY,1784188800002,0.00000000,25.21000000
MVLLUSDT,EQUITY,1784217600001,0.00046474,22.10680164
MVLLUSDT,EQUITY,1784246400001,0.00009618,20.89000000
MVLLUSDT,EQUITY,1784275200001,0.00020386,19.19424962
MVLLUSDT,EQUITY,1784304000001,0.00000000,21.70636230
MVLLUSDT,EQUITY,1784332800001,0.00000000,21.15384846
MVLLUSDT,EQUITY,1784361600001,0.00000000,20.81570930
MVLLUSDT,EQUITY,1784390400001,0.00000000,20.59973347
MVLLUSDT,EQUITY,1784419200001,0.00000330,20.79000000
MVLLUSDT,EQUITY,1784448000001,0.00022608,21.49637112
MVLLUSDT,EQUITY,1784476800001,-0.00008929,21.28391452
MVLLUSDT,EQUITY,1784505600002,0.00188870,21.85135735
MVLLUSDT,EQUITY,1784534400001,0.00000000,21.96000000
MVLLUSDT,EQUITY,1784563200001,-0.00000568,24.24773522
MVLLUSDT,EQUITY,1784592000001,0.00000000,22.91292699
MVLLUSDT,EQUITY,1784620800001,0.00000000,25.73000000
MVLLUSDT,EQUITY,1784649600000,0.00000000,26.17582953
MVLLUSDT,EQUITY,1784678400000,-0.00051370,26.95860660
MVLLUSDT,EQUITY,1784707200001,-0.00022923,24.74246342
TQQQUSDT,EQUITY,1782748800001,0.00000000,75.82000000
TQQQUSDT,EQUITY,1782777600000,0.00000000,77.25000000
TQQQUSDT,EQUITY,1782806400000,0.00000000,77.57000000
TQQQUSDT,EQUITY,1782835200001,0.00000000,80.51026589
TQQQUSDT,EQUITY,1782864000000,0.00000000,81.13051773
TQQQUSDT,EQUITY,1782892800001,0.00000000,79.92116646
TQQQUSDT,EQUITY,1782921600001,0.00000000,78.92131380
TQQQUSDT,EQUITY,1782950400000,0.00000000,77.17509630
TQQQUSDT,EQUITY,1782979200001,0.00000000,76.06000000
TQQQUSDT,EQUITY,1783008000001,0.00000000,74.47305415
TQQQUSDT,EQUITY,1783036800001,0.00000000,73.85618523
TQQQUSDT,EQUITY,1783065600001,0.00014462,75.09572149
TQQQUSDT,EQUITY,1783094400001,0.00000000,75.07000000
TQQQUSDT,EQUITY,1783123200001,0.00000000,74.94002301
TQQQUSDT,EQUITY,1783152000001,0.00000000,75.67429614
TQQQUSDT,EQUITY,1783180800001,0.00000000,75.55000000
TQQQUSDT,EQUITY,1783209600002,0.00000000,75.50000000
TQQQUSDT,EQUITY,1783238400001,0.00000000,75.55000000
TQQQUSDT,EQUITY,1783267200001,0.00000000,75.61581253
TQQQUSDT,EQUITY,1783296000001,0.00000000,76.05044023
TQQQUSDT,EQUITY,1783324800001,0.00000000,75.79529602
TQQQUSDT,EQUITY,1783353600001,0.00000000,77.35915579
TQQQUSDT,EQUITY,1783382400001,0.00000000,75.63691646
TQQQUSDT,EQUITY,1783411200001,0.00000000,74.19355510
TQQQUSDT,EQUITY,1783440000001,0.00007626,72.20000000
TQQQUSDT,EQUITY,1783468800002,0.00004387,71.59000000
TQQQUSDT,EQUITY,1783497600001,0.00011191,72.14000000
TQQQUSDT,EQUITY,1783526400001,0.00000000,70.09000000
TQQQUSDT,EQUITY,1783555200001,0.00000000,73.00000000
TQQQUSDT,EQUITY,1783584000001,0.00000000,74.41000000
TQQQUSDT,EQUITY,1783612800001,0.00000000,75.91000000
TQQQUSDT,EQUITY,1783641600001,0.00000000,76.33208613
TQQQUSDT,EQUITY,1783670400001,0.00000000,75.08000000
TQQQUSDT,EQUITY,1783699200001,0.00000000,76.24951927
TQQQUSDT,EQUITY,1783728000001,0.00000000,77.15000000
TQQQUSDT,EQUITY,1783756800001,0.00000000,77.29994419
TQQQUSDT,EQUITY,1783785600001,0.00000000,77.39000000
TQQQUSDT,EQUITY,1783814400001,0.00000000,76.56000000
TQQQUSDT,EQUITY,1783843200001,0.00000000,76.19000000
TQQQUSDT,EQUITY,1783872000001,0.00000000,76.42000000
TQQQUSDT,EQUITY,1783900800001,0.00000000,76.14000000
TQQQUSDT,EQUITY,1783929600001,0.00000000,74.07658026
TQQQUSDT,EQUITY,1783958400001,0.00000000,73.85000000
TQQQUSDT,EQUITY,1783987200002,0.00069881,72.41000000
TQQQUSDT,EQUITY,1784016000001,0.00008891,73.51000000
TQQQUSDT,EQUITY,1784044800001,0.00000000,75.03775046
TQQQUSDT,EQUITY,1784073600001,0.00000000,75.76000000
TQQQUSDT,EQUITY,1784102400001,-0.00006277,76.51193426
TQQQUSDT,EQUITY,1784131200001,0.00000000,73.54000000
TQQQUSDT,EQUITY,1784160000001,0.00000000,74.29962771
TQQQUSDT,EQUITY,1784188800002,0.00000000,73.34000000
TQQQUSDT,EQUITY,1784217600001,0.00000000,72.13876731
TQQQUSDT,EQUITY,1784246400001,0.00006273,69.94000000
TQQQUSDT,EQUITY,1784275200001,0.00029368,67.02806936
TQQQUSDT,EQUITY,1784304000001,0.00021088,68.76409218
TQQQUSDT,EQUITY,1784332800001,0.00003753,67.15000000
TQQQUSDT,EQUITY,1784361600001,0.00000000,67.41000000
TQQQUSDT,EQUITY,1784390400001,0.00000000,67.03525512
TQQQUSDT,EQUITY,1784419200001,0.00000000,66.84364544
TQQQUSDT,EQUITY,1784448000001,0.00000000,67.35000000
TQQQUSDT,EQUITY,1784476800001,0.00000000,67.01470823
TQQQUSDT,EQUITY,1784505600002,0.00079077,68.24747779
TQQQUSDT,EQUITY,1784534400001,0.00016478,68.58346490
TQQQUSDT,EQUITY,1784563200001,0.00000000,69.58000000
TQQQUSDT,EQUITY,1784592000001,0.00019258,67.68000000
TQQQUSDT,EQUITY,1784620800001,0.00000000,69.99891523
TQQQUSDT,EQUITY,1784649600000,0.00000000,70.99000000
TQQQUSDT,EQUITY,1784678400000,-0.00018388,71.25000000
TQQQUSDT,EQUITY,1784707200001,0.00000000,69.57318416
SQQQUSDT,EQUITY,1782748800001,0.00000000,39.17151620
SQQQUSDT,EQUITY,1782777600000,0.00000000,38.21810211
SQQQUSDT,EQUITY,1782806400000,0.00000000,37.88086712
SQQQUSDT,EQUITY,1782835200001,0.00000000,36.60000000
SQQQUSDT,EQUITY,1782864000000,0.00000000,36.27753657
SQQQUSDT,EQUITY,1782892800001,0.00000000,36.84000000
SQQQUSDT,EQUITY,1782921600001,0.00000000,37.25988036
SQQQUSDT,EQUITY,1782950400000,0.00000000,38.03000000
SQQQUSDT,EQUITY,1782979200001,0.00000000,38.60417833
SQQQUSDT,EQUITY,1783008000001,0.00000000,39.42257793
SQQQUSDT,EQUITY,1783036800001,0.00000000,39.70139789
SQQQUSDT,EQUITY,1783065600001,-0.00039472,38.83078814
SQQQUSDT,EQUITY,1783094400001,0.00000000,38.70505187
SQQQUSDT,EQUITY,1783123200001,0.00000000,38.51989886
SQQQUSDT,EQUITY,1783152000001,0.00000000,38.44001310
SQQQUSDT,EQUITY,1783180800001,0.00000000,38.46520261
SQQQUSDT,EQUITY,1783209600002,0.00000000,38.62677208
SQQQUSDT,EQUITY,1783238400001,0.00000000,38.65000000
SQQQUSDT,EQUITY,1783267200001,0.00000000,38.50878457
SQQQUSDT,EQUITY,1783296000001,0.00000000,38.63503001
SQQQUSDT,EQUITY,1783324800001,0.00000000,38.67515816
SQQQUSDT,EQUITY,1783353600001,0.00000000,37.82000000
SQQQUSDT,EQUITY,1783382400001,0.00000000,38.69151279
SQQQUSDT,EQUITY,1783411200001,0.00000000,39.42000000
SQQQUSDT,EQUITY,1783440000001,0.00000000,40.44040840
SQQQUSDT,EQUITY,1783468800002,0.00000000,40.79000000
SQQQUSDT,EQUITY,1783497600001,0.00000000,40.47000000
SQQQUSDT,EQUITY,1783526400001,0.00000000,41.60000000
SQQQUSDT,EQUITY,1783555200001,0.00000000,39.94156060
SQQQUSDT,EQUITY,1783584000001,0.00000000,39.21439859
SQQQUSDT,EQUITY,1783612800001,0.00000000,38.36191663
SQQQUSDT,EQUITY,1783641600001,0.00000000,38.15000000
SQQQUSDT,EQUITY,1783670400001,0.00000000,38.78613944
SQQQUSDT,EQUITY,1783699200001,0.00000000,38.16000000
SQQQUSDT,EQUITY,1783728000001,0.00000000,37.69000000
SQQQUSDT,EQUITY,1783756800001,0.00000000,37.27509088
SQQQUSDT,EQUITY,1783785600001,0.00000000,37.29550153
SQQQUSDT,EQUITY,1783814400001,0.00000000,37.56530586
SQQQUSDT,EQUITY,1783843200001,0.00000000,37.57000000
SQQQUSDT,EQUITY,1783872000001,0.00000000,37.79004347
SQQQUSDT,EQUITY,1783900800001,0.00000000,37.90000000
SQQQUSDT,EQUITY,1783929600001,0.00000000,39.25000000
SQQQUSDT,EQUITY,1783958400001,0.00000000,39.38668367
SQQQUSDT,EQUITY,1783987200002,0.00000000,40.11312229
SQQQUSDT,EQUITY,1784016000001,0.00000000,39.47167116
SQQQUSDT,EQUITY,1784044800001,0.00000000,38.64580488
SQQQUSDT,EQUITY,1784073600001,0.00000000,38.25240758
SQQQUSDT,EQUITY,1784102400001,0.00000000,37.85928953
SQQQUSDT,EQUITY,1784131200001,0.00000000,39.46743018
SQQQUSDT,EQUITY,1784160000001,0.00000000,39.03774328
SQQQUSDT,EQUITY,1784188800002,0.00000000,39.57000000
SQQQUSDT,EQUITY,1784217600001,0.00007960,40.22000000
SQQQUSDT,EQUITY,1784246400001,0.00000000,41.42000000
SQQQUSDT,EQUITY,1784275200001,0.00000000,43.11183124
SQQQUSDT,EQUITY,1784304000001,0.00000000,42.09000000
SQQQUSDT,EQUITY,1784332800001,0.00000000,43.01538912
SQQQUSDT,EQUITY,1784361600001,0.00000000,43.02000000
SQQQUSDT,EQUITY,1784390400001,0.00000000,43.11000000
SQQQUSDT,EQUITY,1784419200001,0.00000000,43.40197462
SQQQUSDT,EQUITY,1784448000001,0.00000000,43.03987026
SQQQUSDT,EQUITY,1784476800001,0.00000000,43.17000000
SQQQUSDT,EQUITY,1784505600002,-0.00050862,42.44933725
SQQQUSDT,EQUITY,1784534400001,0.00000000,42.18098924
SQQQUSDT,EQUITY,1784563200001,0.00000000,41.53763368
SQQQUSDT,EQUITY,1784592000001,0.00000000,42.71000000
SQQQUSDT,EQUITY,1784620800001,0.00000000,41.25868679
SQQQUSDT,EQUITY,1784649600000,0.00000000,40.61000000
SQQQUSDT,EQUITY,1784678400000,0.00000000,40.42000000
SQQQUSDT,EQUITY,1784707200001,0.00000000,41.39000000
STRCUSDT,EQUITY,1783008000001,0.00000000,87.51011601
STRCUSDT,EQUITY,1783036800001,0.00000000,87.83000000
STRCUSDT,EQUITY,1783065600001,0.00000000,86.92000000
STRCUSDT,EQUITY,1783094400001,0.00000000,87.54005280
STRCUSDT,EQUITY,1783123200001,0.00000000,88.90428299
STRCUSDT,EQUITY,1783152000001,0.00000000,88.59513877
STRCUSDT,EQUITY,1783180800001,0.00000000,88.79706768
STRCUSDT,EQUITY,1783209600002,0.00000000,88.69358697
STRCUSDT,EQUITY,1783238400001,0.00000000,88.90000000
STRCUSDT,EQUITY,1783267200001,0.00000000,88.77995939
STRCUSDT,EQUITY,1783296000001,0.00000000,88.78629177
STRCUSDT,EQUITY,1783324800001,0.00000000,89.07000000
STRCUSDT,EQUITY,1783353600001,0.00031858,90.36902467
STRCUSDT,EQUITY,1783382400001,0.00000000,89.07077958
STRCUSDT,EQUITY,1783411200001,-0.00031856,90.16629260
STRCUSDT,EQUITY,1783440000001,0.00000000,88.26000000
STRCUSDT,EQUITY,1783468800002,0.00000000,86.26637516
STRCUSDT,EQUITY,1783497600001,0.00000000,86.03000000
STRCUSDT,EQUITY,1783526400001,0.00000000,85.79446293
STRCUSDT,EQUITY,1783555200001,0.00088473,86.41485347
STRCUSDT,EQUITY,1783584000001,0.00000000,86.68065467
STRCUSDT,EQUITY,1783612800001,0.00000000,85.49433889
STRCUSDT,EQUITY,1783641600001,0.00000000,86.06147177
STRCUSDT,EQUITY,1783670400001,0.00044996,86.59869624
STRCUSDT,EQUITY,1783699200001,0.00038962,86.57000000
STRCUSDT,EQUITY,1783728000001,0.00081478,87.80000000
STRCUSDT,EQUITY,1783756800001,0.00000000,87.67998112
STRCUSDT,EQUITY,1783785600001,0.00000000,87.67933019
STRCUSDT,EQUITY,1783814400001,0.00000000,87.63170904
STRCUSDT,EQUITY,1783843200001,0.00000000,87.66493142
STRCUSDT,EQUITY,1783872000001,0.00000000,88.36151993
STRCUSDT,EQUITY,1783900800001,0.00000000,88.35000000
STRCUSDT,EQUITY,1783929600001,0.00000000,88.08000000
STRCUSDT,EQUITY,1783958400001,0.00049786,87.18000000
STRCUSDT,EQUITY,1783987200002,0.00089971,87.46000000
STRCUSDT,EQUITY,1784016000001,0.00026650,87.53000000
STRCUSDT,EQUITY,1784044800001,0.00000000,88.61178391
STRCUSDT,EQUITY,1784059200001,0.00000000,88.23070730
STRCUSDT,EQUITY,1784062800001,0.00000000,88.33914606
STRCUSDT,EQUITY,1784066400001,0.00000000,88.38000000
STRCUSDT,EQUITY,1784070000001,0.00000000,88.48000000
STRCUSDT,EQUITY,1784073600001,0.00000000,88.70797957
STRCUSDT,EQUITY,1784073601001,-0.00563426,88.74282645
STRCUSDT,EQUITY,1784102400001,0.00000000,87.55616667
STRCUSDT,EQUITY,1784131200001,0.00008439,88.78000000
STRCUSDT,EQUITY,1784160000001,0.00042538,87.81209403
STRCUSDT,EQUITY,1784188800002,0.00000000,87.82035211
STRCUSDT,EQUITY,1784217600001,0.00000000,86.63000000
STRCUSDT,EQUITY,1784246400001,0.00015460,85.78000000
STRCUSDT,EQUITY,1784275200001,0.00041587,85.78140800
STRCUSDT,EQUITY,1784304000001,0.00029986,85.78000000
STRCUSDT,EQUITY,1784332800001,0.00000000,85.53865375
STRCUSDT,EQUITY,1784361600001,0.00000000,85.54495446
STRCUSDT,EQUITY,1784390400001,0.00000000,85.45000000
STRCUSDT,EQUITY,1784419200001,0.00000000,85.34000000
STRCUSDT,EQUITY,1784448000001,0.00000000,85.38167850
STRCUSDT,EQUITY,1784476800001,0.00000000,85.50000000
STRCUSDT,EQUITY,1784505600002,0.00000000,85.25000000
STRCUSDT,EQUITY,1784534400001,0.00000000,85.76312131
STRCUSDT,EQUITY,1784563200001,0.00000000,88.01000000
STRCUSDT,EQUITY,1784592000001,0.00000000,87.71000000
STRCUSDT,EQUITY,1784620800001,0.00000000,87.90000000
STRCUSDT,EQUITY,1784649600000,0.00000000,88.11684914
STRCUSDT,EQUITY,1784678400000,0.00008255,88.12000000
STRCUSDT,EQUITY,1784707200001,0.00000000,87.80994440
CATUSDT,EQUITY,1783008000001,0.00000000,972.44000000
CATUSDT,EQUITY,1783036800001,0.00000000,962.67154953
CATUSDT,EQUITY,1783065600001,0.00000000,955.11408581
CATUSDT,EQUITY,1783094400001,0.00000000,943.16733469
CATUSDT,EQUITY,1783123200001,0.00000000,959.81161986
CATUSDT,EQUITY,1783152000001,0.00000000,955.89376209
CATUSDT,EQUITY,1783180800001,0.00000000,958.49001678
CATUSDT,EQUITY,1783209600002,0.00000000,960.17000000
CATUSDT,EQUITY,1783238400001,0.00000000,955.39151579
CATUSDT,EQUITY,1783267200001,0.00000000,962.55499277
CATUSDT,EQUITY,1783296000001,0.00000000,964.48000000
CATUSDT,EQUITY,1783324800001,-0.00245723,971.31000000
CATUSDT,EQUITY,1783353600001,-0.00088463,974.95560960
CATUSDT,EQUITY,1783382400001,-0.00104002,966.02323706
CATUSDT,EQUITY,1783411200001,0.00000000,961.86000000
CATUSDT,EQUITY,1783440000001,0.00000000,911.29714526
CATUSDT,EQUITY,1783468800002,-0.00246397,934.85000000
CATUSDT,EQUITY,1783497600001,-0.00117137,930.51724608
CATUSDT,EQUITY,1783526400001,-0.00118840,925.68000000
CATUSDT,EQUITY,1783555200001,0.00000000,943.59664057
CATUSDT,EQUITY,1783584000001,-0.00035103,954.51000000
CATUSDT,EQUITY,1783612800001,0.00000000,957.39291848
CATUSDT,EQUITY,1783641600001,-0.00102019,937.52692216
CATUSDT,EQUITY,1783670400001,-0.00319499,943.03030466
CATUSDT,EQUITY,1783699200001,-0.00065691,949.63257464
CATUSDT,EQUITY,1783728000001,0.00000000,951.14042453
CATUSDT,EQUITY,1783756800001,0.00000000,954.82570014
CATUSDT,EQUITY,1783785600001,0.00000000,954.94610818
CATUSDT,EQUITY,1783814400001,0.00000000,952.71981407
CATUSDT,EQUITY,1783843200001,0.00000000,951.92071118
CATUSDT,EQUITY,1783872000001,0.00000000,947.47617430
CATUSDT,EQUITY,1783900800001,0.00033293,958.33000000
CATUSDT,EQUITY,1783929600001,0.00000000,939.10000000
CATUSDT,EQUITY,1783958400001,0.00000000,933.29514267
CATUSDT,EQUITY,1783987200002,0.00000000,928.80110465
CATUSDT,EQUITY,1784016000001,-0.00003710,935.02511784
CATUSDT,EQUITY,1784044800001,0.00000000,929.81000000
CATUSDT,EQUITY,1784073600001,0.00000000,932.57641632
CATUSDT,EQUITY,1784102400001,0.00000000,938.30613563
CATUSDT,EQUITY,1784131200001,0.00000000,901.24366413
CATUSDT,EQUITY,1784160000001,0.00000000,912.73000000
CATUSDT,EQUITY,1784188800002,0.00000000,909.29746479
CATUSDT,EQUITY,1784217600001,-0.00006315,888.26892828
CATUSDT,EQUITY,1784246400001,0.00000000,876.84000000
CATUSDT,EQUITY,1784275200001,-0.00490540,856.73000000
CATUSDT,EQUITY,1784304000001,-0.00206163,885.71000000
CATUSDT,EQUITY,1784332800001,-0.00089623,876.25928073
CATUSDT,EQUITY,1784361600001,0.00000000,869.88260750
CATUSDT,EQUITY,1784390400001,0.00000000,869.61858198
CATUSDT,EQUITY,1784419200001,0.00000000,866.70560109
CATUSDT,EQUITY,1784448000001,0.00000000,866.98577858
CATUSDT,EQUITY,1784476800001,0.00000000,865.52000000
CATUSDT,EQUITY,1784491200001,0.00000000,868.37694388
CATUSDT,EQUITY,1784494800001,0.00000000,868.77525630
CATUSDT,EQUITY,1784498400001,0.00000000,867.74300003
CATUSDT,EQUITY,1784502000001,0.00000000,867.72886338
CATUSDT,EQUITY,1784505600002,0.00000000,866.47702099
CATUSDT,EQUITY,1784505601002,-0.00188118,866.47713444
CATUSDT,EQUITY,1784509200001,-0.00158349,871.05096774
CATUSDT,EQUITY,1784512800001,-0.00108740,869.17000000
CATUSDT,EQUITY,1784516400001,-0.00099301,873.23165870
CATUSDT,EQUITY,1784520000001,-0.00092328,874.20000000
CATUSDT,EQUITY,1784523600001,-0.00056125,878.61822581
CATUSDT,EQUITY,1784527200002,-0.00001724,879.27435484
CATUSDT,EQUITY,1784530800001,-0.00005835,876.07000000
CATUSDT,EQUITY,1784534400001,-0.00042387,877.96000000
CATUSDT,EQUITY,1784538000001,-0.00051159,879.65033014
CATUSDT,EQUITY,1784541600001,-0.00056197,886.47015309
CATUSDT,EQUITY,1784545200002,0.00000000,887.34000000
CATUSDT,EQUITY,1784548800001,-0.00001643,891.72000000
CATUSDT,EQUITY,1784552400001,-0.00028002,888.49000000
CATUSDT,EQUITY,1784556000001,-0.00020798,880.31557571
CATUSDT,EQUITY,1784559600001,-0.00007655,869.74000000
CATUSDT,EQUITY,1784563200001,-0.00003958,867.60000000
CATUSDT,EQUITY,1784566800001,-0.00006273,866.80000000
CATUSDT,EQUITY,1784570400001,-0.00018207,865.06529952
CATUSDT,EQUITY,1784574000001,-0.00013889,861.10000000
CATUSDT,EQUITY,1784577600001,-0.00002566,864.10835294
CATUSDT,EQUITY,1784581200002,0.00000000,862.58557236
CATUSDT,EQUITY,1784584800001,0.00000000,863.02434091
CATUSDT,EQUITY,1784588400001,0.00000000,861.62000000
CATUSDT,EQUITY,1784592000001,0.00000000,862.66000000
CATUSDT,EQUITY,1784595600001,0.00000000,863.22000000
CATUSDT,EQUITY,1784599200001,-0.00003142,864.65000000
CATUSDT,EQUITY,1784602800001,-0.00004039,865.42000000
CATUSDT,EQUITY,1784606400002,-0.00060759,870.28000000
CATUSDT,EQUITY,1784610000002,-0.00031670,870.70129032
CATUSDT,EQUITY,1784613600002,0.00000000,871.60000000
CATUSDT,EQUITY,1784617200001,-0.00019810,876.44000000
CATUSDT,EQUITY,1784620800001,-0.00004329,878.81540847
CATUSDT,EQUITY,1784624400001,0.00000000,880.16000000
CATUSDT,EQUITY,1784628000002,0.00000000,879.07000000
CATUSDT,EQUITY,1784631600002,-0.00004898,880.98000000
CATUSDT,EQUITY,1784635200001,-0.00007458,878.08000000
CATUSDT,EQUITY,1784638800001,-0.00013795,881.76000125
CATUSDT,EQUITY,1784642400002,0.00000000,877.55000000
CATUSDT,EQUITY,1784649600000,-0.00005551,886.62000000
CATUSDT,EQUITY,1784653200000,-0.00004921,894.07268381
CATUSDT,EQUITY,1784660400000,-0.00001059,889.30000000
CATUSDT,EQUITY,1784664000001,-0.00009915,886.85189934
CATUSDT,EQUITY,1784671200000,0.00000000,886.19166308
CATUSDT,EQUITY,1784674800000,0.00000000,886.21000000
CATUSDT,EQUITY,1784678400000,0.00000000,885.93073513
CATUSDT,EQUITY,1784685600000,-0.00044823,890.13000000
CATUSDT,EQUITY,1784689200000,0.00000000,890.00000000
CATUSDT,EQUITY,1784692800000,0.00000000,886.99000000
CATUSDT,EQUITY,1784696400000,0.00000000,887.24000000
CATUSDT,EQUITY,1784700000001,-0.00019053,883.21000000
CATUSDT,EQUITY,1784703600000,-0.00023663,877.66000000
CATUSDT,EQUITY,1784707200001,-0.00048673,880.42493175
TXNUSDT,EQUITY,1783008000001,-0.00002537,294.67000000
TXNUSDT,EQUITY,1783036800001,0.00000000,295.07806052
TXNUSDT,EQUITY,1783065600001,0.00000000,298.55000000
TXNUSDT,EQUITY,1783094400001,0.00000000,300.99000000
TXNUSDT,EQUITY,1783123200001,0.00000000,301.41090123
TXNUSDT,EQUITY,1783152000001,0.00000000,301.16000000
TXNUSDT,EQUITY,1783180800001,0.00000000,299.31117056
TXNUSDT,EQUITY,1783209600002,0.00000000,295.75637447
TXNUSDT,EQUITY,1783238400001,0.00000000,299.06272319
TXNUSDT,EQUITY,1783267200001,0.00000000,301.59000000
TXNUSDT,EQUITY,1783296000001,0.00014175,305.61745272
TXNUSDT,EQUITY,1783324800001,0.00123102,296.73428510
TXNUSDT,EQUITY,1783353600001,0.00000000,303.64809502
TXNUSDT,EQUITY,1783382400001,0.00000000,302.45210306
TXNUSDT,EQUITY,1783411200001,0.00000000,297.69052897
TXNUSDT,EQUITY,1783440000001,0.00000000,291.06602941
TXNUSDT,EQUITY,1783468800002,0.00000000,292.49194589
TXNUSDT,EQUITY,1783497600001,0.00000000,294.31728750
TXNUSDT,EQUITY,1783526400001,0.00000000,300.18847876
TXNUSDT,EQUITY,1783555200001,0.00000000,304.42000000
TXNUSDT,EQUITY,1783584000001,0.00000000,303.45839691
TXNUSDT,EQUITY,1783612800001,0.00000000,313.55148915
TXNUSDT,EQUITY,1783641600001,0.00000000,308.66000000
TXNUSDT,EQUITY,1783670400001,0.00000000,306.58373239
TXNUSDT,EQUITY,1783699200001,0.00000000,311.22855477
TXNUSDT,EQUITY,1783728000001,0.00054777,312.64096774
TXNUSDT,EQUITY,1783756800001,0.00000000,313.67929854
TXNUSDT,EQUITY,1783785600001,0.00000000,312.52530088
TXNUSDT,EQUITY,1783814400001,0.00000000,311.90779137
TXNUSDT,EQUITY,1783843200001,0.00000000,310.64910521
TXNUSDT,EQUITY,1783872000001,0.00000000,310.65383150
TXNUSDT,EQUITY,1783900800001,0.00000000,309.87947407
TXNUSDT,EQUITY,1783929600001,0.00000000,304.67159319
TXNUSDT,EQUITY,1783958400001,0.00000000,302.13000000
TXNUSDT,EQUITY,1783987200002,0.00000000,298.97086066
TXNUSDT,EQUITY,1784016000001,0.00000000,303.82340474
TXNUSDT,EQUITY,1784044800001,0.00080612,307.70000000
TXNUSDT,EQUITY,1784073600001,0.00000000,306.96368197
TXNUSDT,EQUITY,1784102400001,0.00000000,309.02388004
TXNUSDT,EQUITY,1784131200001,0.00000000,299.02000000
TXNUSDT,EQUITY,1784160000001,0.00000000,300.77982558
TXNUSDT,EQUITY,1784188800002,0.00000000,298.20700271
TXNUSDT,EQUITY,1784217600001,0.00000000,290.99214128
TXNUSDT,EQUITY,1784246400001,0.00000000,290.15997274
TXNUSDT,EQUITY,1784275200001,0.00000000,284.65514841
TXNUSDT,EQUITY,1784304000001,0.00000000,286.38678716
TXNUSDT,EQUITY,1784332800001,0.00000000,283.92500000
TXNUSDT,EQUITY,1784361600001,0.00000000,282.81444876
TXNUSDT,EQUITY,1784390400001,0.00000000,281.80827301
TXNUSDT,EQUITY,1784419200001,0.00000000,279.56005847
TXNUSDT,EQUITY,1784448000001,0.00000000,280.21521761
TXNUSDT,EQUITY,1784476800001,0.00000000,281.08898057
TXNUSDT,EQUITY,1784505600002,0.00000000,283.01667559
TXNUSDT,EQUITY,1784534400001,0.00000000,285.88853354
TXNUSDT,EQUITY,1784563200001,0.00000000,290.34109795
TXNUSDT,EQUITY,1784592000001,0.00000000,284.60340013
TXNUSDT,EQUITY,1784620800001,0.00000000,290.93250413
TXNUSDT,EQUITY,1784649600000,0.00000000,293.34248759
TXNUSDT,EQUITY,1784678400000,0.00000000,292.00140974
TXNUSDT,EQUITY,1784707200001,0.00000000,286.19169081
FLEXUSDT,EQUITY,1783008000001,0.00000000,141.48000000
FLEXUSDT,EQUITY,1783036800001,0.00000000,137.56000000
FLEXUSDT,EQUITY,1783065600001,0.00000000,138.59000000
FLEXUSDT,EQUITY,1783094400001,0.00000000,136.78437233
FLEXUSDT,EQUITY,1783123200001,0.00000000,139.15000000
FLEXUSDT,EQUITY,1783152000001,0.00000000,136.54000000
FLEXUSDT,EQUITY,1783180800001,0.00000000,135.32058287
FLEXUSDT,EQUITY,1783209600002,0.00016849,137.17143343
FLEXUSDT,EQUITY,1783238400001,0.00000000,136.67619292
FLEXUSDT,EQUITY,1783267200001,0.00000000,136.47344469
FLEXUSDT,EQUITY,1783296000001,0.00000000,138.00983595
FLEXUSDT,EQUITY,1783324800001,0.00182531,139.66000000
FLEXUSDT,EQUITY,1783353600001,0.00000000,141.46043991
FLEXUSDT,EQUITY,1783382400001,0.00000000,138.73000000
FLEXUSDT,EQUITY,1783411200001,-0.00168755,137.05399413
FLEXUSDT,EQUITY,1783440000001,0.00000000,130.12529766
FLEXUSDT,EQUITY,1783468800002,0.00000000,131.18000000
FLEXUSDT,EQUITY,1783497600001,0.00000000,132.38579341
FLEXUSDT,EQUITY,1783526400001,0.00000000,128.69044260
FLEXUSDT,EQUITY,1783555200001,-0.00321811,133.61996152
FLEXUSDT,EQUITY,1783584000001,0.00068014,134.31086432
FLEXUSDT,EQUITY,1783612800001,0.00000000,145.07295073
FLEXUSDT,EQUITY,1783641600001,0.00000000,140.80869370
FLEXUSDT,EQUITY,1783670400001,0.00000000,139.80458542
FLEXUSDT,EQUITY,1783699200001,0.00000000,136.95528263
FLEXUSDT,EQUITY,1783728000001,0.00000000,135.95060823
FLEXUSDT,EQUITY,1783756800001,0.00000000,135.57501452
FLEXUSDT,EQUITY,1783785600001,0.00000000,135.62644597
FLEXUSDT,EQUITY,1783814400001,0.00000000,135.81691172
FLEXUSDT,EQUITY,1783843200001,0.00000000,136.39752790
FLEXUSDT,EQUITY,1783872000001,0.00000000,137.13445450
FLEXUSDT,EQUITY,1783900800001,0.00000000,136.61451429
FLEXUSDT,EQUITY,1783929600001,0.00005009,132.24391304
FLEXUSDT,EQUITY,1783958400001,0.00000000,131.12000000
FLEXUSDT,EQUITY,1783987200002,0.00000000,128.70178218
FLEXUSDT,EQUITY,1784016000001,0.00006888,129.32851615
FLEXUSDT,EQUITY,1784044800001,0.00000000,130.34644903
FLEXUSDT,EQUITY,1784073600001,0.00000000,131.68964422
FLEXUSDT,EQUITY,1784102400001,-0.00001789,133.46000000
FLEXUSDT,EQUITY,1784131200001,0.00000000,126.75371048
FLEXUSDT,EQUITY,1784160000001,0.00000000,129.05798573
FLEXUSDT,EQUITY,1784188800002,0.00000000,128.60000000
FLEXUSDT,EQUITY,1784217600001,0.00000000,122.22981890
FLEXUSDT,EQUITY,1784246400001,0.00000000,120.58000000
FLEXUSDT,EQUITY,1784275200001,0.00076318,117.19502794
FLEXUSDT,EQUITY,1784304000001,0.00000000,119.71810999
FLEXUSDT,EQUITY,1784332800001,0.00000000,118.84284448
FLEXUSDT,EQUITY,1784361600001,0.00000000,118.96957918
FLEXUSDT,EQUITY,1784390400001,0.00000000,118.91000000
FLEXUSDT,EQUITY,1784419200001,0.00000000,119.23998056
FLEXUSDT,EQUITY,1784448000001,0.00000000,119.67291460
FLEXUSDT,EQUITY,1784476800001,0.00000000,118.09000000
FLEXUSDT,EQUITY,1784505600002,0.00000000,118.44521237
FLEXUSDT,EQUITY,1784534400001,0.00046669,119.24000000
FLEXUSDT,EQUITY,1784563200001,0.00000000,120.91115682
FLEXUSDT,EQUITY,1784592000001,0.00341289,119.90000000
FLEXUSDT,EQUITY,1784620800001,0.00023553,122.91092194
FLEXUSDT,EQUITY,1784649600000,0.00000000,126.12651744
FLEXUSDT,EQUITY,1784678400000,0.00021824,127.52000000
FLEXUSDT,EQUITY,1784707200001,-0.00070834,126.27609431
TERUSDT,EQUITY,1783008000001,0.00000000,383.66926374
TERUSDT,EQUITY,1783036800001,0.00018437,373.89000000
TERUSDT,EQUITY,1783065600001,-0.00002220,379.72586853
TERUSDT,EQUITY,1783094400001,0.00000000,383.40000000
TERUSDT,EQUITY,1783123200001,0.00000000,386.65652009
TERUSDT,EQUITY,1783152000001,0.00000000,382.30562900
TERUSDT,EQUITY,1783180800001,0.00000000,383.14096219
TERUSDT,EQUITY,1783209600002,0.00000000,384.95201929
TERUSDT,EQUITY,1783238400001,0.00000000,383.00805709
TERUSDT,EQUITY,1783267200001,0.00000000,387.81593528
TERUSDT,EQUITY,1783296000001,0.00000000,386.12244503
TERUSDT,EQUITY,1783324800001,0.00057765,381.97825185
TERUSDT,EQUITY,1783353600001,0.00000000,392.83876224
TERUSDT,EQUITY,1783382400001,0.00000000,376.77713660
TERUSDT,EQUITY,1783411200001,0.00000000,367.07013640
TERUSDT,EQUITY,1783440000001,0.00000000,338.11000000
TERUSDT,EQUITY,1783468800002,0.00007156,341.77990593
TERUSDT,EQUITY,1783497600001,0.00000000,344.69103031
TERUSDT,EQUITY,1783526400001,0.00000000,338.02000000
TERUSDT,EQUITY,1783555200001,0.00032686,352.77524868
TERUSDT,EQUITY,1783584000001,0.00000000,361.41652410
TERUSDT,EQUITY,1783612800001,0.00000000,373.66196964
TERUSDT,EQUITY,1783641600001,0.00000000,367.52707363
TERUSDT,EQUITY,1783670400001,0.00000000,359.73958333
TERUSDT,EQUITY,1783699200001,0.00000000,356.66000000
TERUSDT,EQUITY,1783728000001,0.00000000,362.40078319
TERUSDT,EQUITY,1783756800001,0.00000000,360.62294354
TERUSDT,EQUITY,1783785600001,0.00000000,363.28002235
TERUSDT,EQUITY,1783814400001,0.00000000,360.01000000
TERUSDT,EQUITY,1783843200001,0.00000000,357.80076302
TERUSDT,EQUITY,1783872000001,0.00000000,359.04612330
TERUSDT,EQUITY,1783900800001,0.00000000,358.82612981
TERUSDT,EQUITY,1783929600001,0.00000000,345.44016703
TERUSDT,EQUITY,1783958400001,0.00000000,344.06000000
TERUSDT,EQUITY,1783987200002,0.00000000,338.15117204
TERUSDT,EQUITY,1784016000001,0.00000000,349.32440688
TERUSDT,EQUITY,1784044800001,0.00000000,356.35710084
TERUSDT,EQUITY,1784073600001,0.00000000,357.06000000
TERUSDT,EQUITY,1784102400001,0.00000000,364.97466355
TERUSDT,EQUITY,1784131200001,0.00000000,335.75822159
TERUSDT,EQUITY,1784160000001,0.00000000,341.88509019
TERUSDT,EQUITY,1784188800002,0.00000000,339.27711990
TERUSDT,EQUITY,1784217600001,0.00000000,326.81000000
TERUSDT,EQUITY,1784246400001,0.00000000,321.09000000
TERUSDT,EQUITY,1784275200001,0.00000000,307.81399106
TERUSDT,EQUITY,1784304000001,0.00000000,321.84246438
TERUSDT,EQUITY,1784332800001,0.00000000,321.11000000
TERUSDT,EQUITY,1784361600001,0.00000000,322.20663709
TERUSDT,EQUITY,1784390400001,0.00000000,322.37779390
TERUSDT,EQUITY,1784419200001,0.00000000,322.87000000
TERUSDT,EQUITY,1784448000001,0.00000000,324.11172284
TERUSDT,EQUITY,1784476800001,0.00000000,321.22000000
TERUSDT,EQUITY,1784505600002,0.00000000,323.32000000
TERUSDT,EQUITY,1784534400001,0.00000000,325.04021031
TERUSDT,EQUITY,1784563200001,0.00000000,341.15382359
TERUSDT,EQUITY,1784592000001,0.00000000,334.12000000
TERUSDT,EQUITY,1784620800001,0.00000000,348.41000000
TERUSDT,EQUITY,1784649600000,0.00000000,373.03343195
TERUSDT,EQUITY,1784678400000,0.00000000,374.23871307
TERUSDT,EQUITY,1784707200001,0.00000000,363.35638848
TTWOUSDT,EQUITY,1783008000001,0.00000000,252.80000000
TTWOUSDT,EQUITY,1783036800001,0.00051322,255.73000000
TTWOUSDT,EQUITY,1783065600001,0.00000000,254.60000000
TTWOUSDT,EQUITY,1783094400001,0.00000000,255.42005834
TTWOUSDT,EQUITY,1783123200001,0.00000000,255.55000000
TTWOUSDT,EQUITY,1783152000001,0.00000000,257.92750461
TTWOUSDT,EQUITY,1783180800001,0.00000000,253.63863865
TTWOUSDT,EQUITY,1783209600002,0.00000000,255.08448320
TTWOUSDT,EQUITY,1783238400001,0.00000000,253.24196528
TTWOUSDT,EQUITY,1783267200001,0.00000000,253.51993395
TTWOUSDT,EQUITY,1783296000001,0.00000000,254.51000000
TTWOUSDT,EQUITY,1783324800001,0.00000000,255.76188223
TTWOUSDT,EQUITY,1783353600001,0.00000000,257.86623843
TTWOUSDT,EQUITY,1783382400001,0.00000000,257.79000000
TTWOUSDT,EQUITY,1783411200001,-0.00216070,258.23824821
TTWOUSDT,EQUITY,1783440000001,-0.00020787,259.67649044
TTWOUSDT,EQUITY,1783468800002,0.00026146,257.82390484
TTWOUSDT,EQUITY,1783497600001,0.00000000,258.28507919
TTWOUSDT,EQUITY,1783526400001,0.00000000,251.74532836
TTWOUSDT,EQUITY,1783555200001,0.00000000,251.85125841
TTWOUSDT,EQUITY,1783584000001,0.00000000,252.43394366
TTWOUSDT,EQUITY,1783612800001,0.00000000,252.56322357
TTWOUSDT,EQUITY,1783641600001,0.00000000,246.74000000
TTWOUSDT,EQUITY,1783670400001,0.00000000,244.09933958
TTWOUSDT,EQUITY,1783699200001,0.00000000,243.80176471
TTWOUSDT,EQUITY,1783728000001,0.00012658,244.44495006
TTWOUSDT,EQUITY,1783756800001,0.00000000,243.38000000
TTWOUSDT,EQUITY,1783785600001,0.00000000,241.98808287
TTWOUSDT,EQUITY,1783814400001,0.00000000,243.07000000
TTWOUSDT,EQUITY,1783843200001,0.00000000,241.36226153
TTWOUSDT,EQUITY,1783872000001,0.00000000,241.53032539
TTWOUSDT,EQUITY,1783900800001,0.00000000,240.59882088
TTWOUSDT,EQUITY,1783929600001,0.00031489,244.64000000
TTWOUSDT,EQUITY,1783958400001,0.00000000,246.51000000
TTWOUSDT,EQUITY,1783987200002,0.00000000,244.11000000
TTWOUSDT,EQUITY,1784016000001,0.00000000,245.15302817
TTWOUSDT,EQUITY,1784044800001,0.00000000,239.80361536
TTWOUSDT,EQUITY,1784073600001,0.00000000,237.91000000
TTWOUSDT,EQUITY,1784102400001,0.00000000,237.72333568
TTWOUSDT,EQUITY,1784131200001,0.00000000,244.78000000
TTWOUSDT,EQUITY,1784160000001,0.00000000,244.03000000
TTWOUSDT,EQUITY,1784188800002,0.00053973,244.46000000
TTWOUSDT,EQUITY,1784217600001,0.00000000,242.61686262
TTWOUSDT,EQUITY,1784246400001,0.00000000,240.53000000
TTWOUSDT,EQUITY,1784275200001,0.00000000,239.58998122
TTWOUSDT,EQUITY,1784304000001,0.00000000,237.88858284
TTWOUSDT,EQUITY,1784332800001,0.00000000,237.00000000
TTWOUSDT,EQUITY,1784361600001,0.00000000,236.47958364
TTWOUSDT,EQUITY,1784390400001,0.00000000,236.38199175
TTWOUSDT,EQUITY,1784419200001,0.00000000,236.50000000
TTWOUSDT,EQUITY,1784448000001,0.00000000,236.37045845
TTWOUSDT,EQUITY,1784476800001,0.00000000,236.52047472
TTWOUSDT,EQUITY,1784505600002,0.00000000,236.95507835
TTWOUSDT,EQUITY,1784534400001,0.00000000,237.38000000
TTWOUSDT,EQUITY,1784563200001,0.00000000,241.71078384
TTWOUSDT,EQUITY,1784592000001,0.00000000,239.55000000
TTWOUSDT,EQUITY,1784620800001,0.00000000,240.05696824
TTWOUSDT,EQUITY,1784649600000,0.00000000,236.45000000
TTWOUSDT,EQUITY,1784678400000,-0.00027321,235.89000000
TTWOUSDT,EQUITY,1784707200001,0.00000000,236.11465135
KSTRUSDT,EQUITY,1783008000001,-0.00148947,28.53000000
KSTRUSDT,EQUITY,1783036800001,0.00000000,28.61500000
KSTRUSDT,EQUITY,1783065600001,0.00003104,29.65000000
KSTRUSDT,EQUITY,1783094400001,0.00000000,29.48541430
KSTRUSDT,EQUITY,1783123200001,0.00000000,29.57498394
KSTRUSDT,EQUITY,1783152000001,0.00000000,29.24090295
KSTRUSDT,EQUITY,1783180800001,0.00000000,29.17031812
KSTRUSDT,EQUITY,1783209600002,0.00000000,29.26022277
KSTRUSDT,EQUITY,1783238400001,0.00000000,28.72000000
KSTRUSDT,EQUITY,1783267200001,0.00000000,28.92981732
KSTRUSDT,EQUITY,1783296000001,0.00000000,29.06964173
KSTRUSDT,EQUITY,1783324800001,0.00000158,28.90500000
KSTRUSDT,EQUITY,1783353600001,0.00000000,28.75000000
KSTRUSDT,EQUITY,1783382400001,0.00097142,28.69732283
KSTRUSDT,EQUITY,1783411200001,-0.00091906,28.74371458
KSTRUSDT,EQUITY,1783440000001,0.00000000,28.40995101
KSTRUSDT,EQUITY,1783468800002,0.00001774,28.53375000
KSTRUSDT,EQUITY,1783497600001,-0.00550291,29.56743704
KSTRUSDT,EQUITY,1783526400001,-0.00124900,28.63000000
KSTRUSDT,EQUITY,1783555200001,-0.00430007,28.93597266
KSTRUSDT,EQUITY,1783584000001,-0.00133428,31.59505452
KSTRUSDT,EQUITY,1783612800001,0.00000000,31.55497785
KSTRUSDT,EQUITY,1783641600001,-0.00072919,31.66640726
KSTRUSDT,EQUITY,1783670400001,-0.00125541,30.09500000
KSTRUSDT,EQUITY,1783699200001,0.00085127,29.94797086
KSTRUSDT,EQUITY,1783728000001,0.00000000,30.22000000
KSTRUSDT,EQUITY,1783756800001,0.00000000,30.27151813
KSTRUSDT,EQUITY,1783785600001,0.00000000,30.15314240
KSTRUSDT,EQUITY,1783814400001,0.00000000,30.15110373
KSTRUSDT,EQUITY,1783843200001,0.00000000,30.05496512
KSTRUSDT,EQUITY,1783872000001,0.00000000,30.03496220
KSTRUSDT,EQUITY,1783900800001,0.00000000,29.95972928
KSTRUSDT,EQUITY,1783929600001,-0.00296990,29.49000000
KSTRUSDT,EQUITY,1783958400001,-0.00081020,28.66498838
KSTRUSDT,EQUITY,1783987200002,0.00000000,28.39580757
KSTRUSDT,EQUITY,1784016000001,-0.00046840,28.75000000
KSTRUSDT,EQUITY,1784044800001,-0.00055866,28.95000000
KSTRUSDT,EQUITY,1784073600001,-0.00121933,29.62241034
KSTRUSDT,EQUITY,1784102400001,-0.00035886,27.20000000
KSTRUSDT,EQUITY,1784131200001,0.00000000,27.33000000
KSTRUSDT,EQUITY,1784160000001,-0.00126684,27.44000000
KSTRUSDT,EQUITY,1784188800002,0.00000000,26.40967742
KSTRUSDT,EQUITY,1784217600001,0.00034377,26.17444153
KSTRUSDT,EQUITY,1784246400001,-0.00000184,26.39679030
KSTRUSDT,EQUITY,1784275200001,0.00000000,24.49000000
KSTRUSDT,EQUITY,1784304000001,0.00000000,24.84225207
KSTRUSDT,EQUITY,1784332800001,0.00000000,24.79000000
KSTRUSDT,EQUITY,1784361600001,0.00000000,24.86000000
KSTRUSDT,EQUITY,1784390400001,0.00000000,24.88501916
KSTRUSDT,EQUITY,1784419200001,0.00027426,25.08000000
KSTRUSDT,EQUITY,1784448000001,0.00000000,25.09000000
KSTRUSDT,EQUITY,1784476800001,0.00109135,25.97513060
KSTRUSDT,EQUITY,1784505600002,0.00000000,25.67992242
KSTRUSDT,EQUITY,1784534400001,0.00005480,24.62000000
KSTRUSDT,EQUITY,1784563200001,0.00035408,24.76418734
KSTRUSDT,EQUITY,1784592000001,0.00000000,24.63000000
KSTRUSDT,EQUITY,1784620800001,0.00074559,26.81000000
KSTRUSDT,EQUITY,1784649600000,0.00000000,27.20000000
KSTRUSDT,EQUITY,1784678400000,0.00098796,27.34000000
KSTRUSDT,EQUITY,1784707200001,0.00000000,26.42000000
BSPUSDT,EQUITY,1783008000001,0.00000000,36.39000000
BSPUSDT,EQUITY,1783036800001,0.00000000,35.18354839
BSPUSDT,EQUITY,1783065600001,0.00000000,35.90000000
BSPUSDT,EQUITY,1783094400001,0.00000000,35.80077325
BSPUSDT,EQUITY,1783123200001,0.00000000,35.24961736
BSPUSDT,EQUITY,1783152000001,0.00000000,35.19000000
BSPUSDT,EQUITY,1783180800001,0.00000000,35.52817611
BSPUSDT,EQUITY,1783209600002,0.00000000,35.35738907
BSPUSDT,EQUITY,1783238400001,0.00000000,35.45000000
BSPUSDT,EQUITY,1783267200001,0.00000000,35.96000000
BSPUSDT,EQUITY,1783296000001,0.00000000,35.59965920
BSPUSDT,EQUITY,1783324800001,-0.00175249,34.92000000
BSPUSDT,EQUITY,1783353600001,-0.00045490,33.26557653
BSPUSDT,EQUITY,1783382400001,0.00000000,36.08000000
BSPUSDT,EQUITY,1783411200001,-0.00375141,34.75178570
BSPUSDT,EQUITY,1783440000001,0.00000000,36.91332022
BSPUSDT,EQUITY,1783468800002,0.00195908,36.29342850
BSPUSDT,EQUITY,1783497600001,0.00031628,37.29403463
BSPUSDT,EQUITY,1783526400001,0.00000000,35.00311066
BSPUSDT,EQUITY,1783555200001,0.00000000,34.06221814
BSPUSDT,EQUITY,1783584000001,0.00000000,34.58877934
BSPUSDT,EQUITY,1783612800001,0.00003593,33.79952218
BSPUSDT,EQUITY,1783641600001,-0.00063894,34.13000000
BSPUSDT,EQUITY,1783670400001,0.00000000,34.05684133
BSPUSDT,EQUITY,1783699200001,0.00000000,33.25112475
BSPUSDT,EQUITY,1783728000001,0.00081976,33.11000000
BSPUSDT,EQUITY,1783756800001,0.00000000,32.47093194
BSPUSDT,EQUITY,1783785600001,0.00000000,32.29000000
BSPUSDT,EQUITY,1783814400001,0.00000000,32.30375441
BSPUSDT,EQUITY,1783843200001,0.00000000,32.44096191
BSPUSDT,EQUITY,1783872000001,0.00000000,32.27000000
BSPUSDT,EQUITY,1783900800001,0.00000000,32.31952758
BSPUSDT,EQUITY,1783929600001,0.00000000,32.32227154
BSPUSDT,EQUITY,1783958400001,0.00000000,31.93300214
BSPUSDT,EQUITY,1783987200002,-0.00087392,32.02000000
BSPUSDT,EQUITY,1784016000001,0.00000000,31.59526106
BSPUSDT,EQUITY,1784044800001,0.00000000,32.76113971
BSPUSDT,EQUITY,1784073600001,0.00143542,33.04000000
BSPUSDT,EQUITY,1784102400001,0.00000000,32.99027857
BSPUSDT,EQUITY,1784131200001,0.00000000,33.10549926
BSPUSDT,EQUITY,1784160000001,0.00000000,33.39063109
BSPUSDT,EQUITY,1784188800002,0.00000000,32.96000000
BSPUSDT,EQUITY,1784217600001,0.00000000,33.38167246
BSPUSDT,EQUITY,1784246400001,0.00000000,32.44550389
BSPUSDT,EQUITY,1784275200001,0.00000000,31.40000000
BSPUSDT,EQUITY,1784304000001,-0.00006159,32.54787829
BSPUSDT,EQUITY,1784332800001,0.00000000,32.31000000
BSPUSDT,EQUITY,1784361600001,0.00000000,32.34963734
BSPUSDT,EQUITY,1784390400001,0.00000000,32.05961925
BSPUSDT,EQUITY,1784419200001,0.00000000,32.13831744
BSPUSDT,EQUITY,1784448000001,0.00000000,32.23000000
BSPUSDT,EQUITY,1784476800001,0.00000000,32.42122937
BSPUSDT,EQUITY,1784505600002,0.00000000,32.54027194
BSPUSDT,EQUITY,1784534400001,0.00023250,32.59000000
BSPUSDT,EQUITY,1784563200001,0.00000000,33.14915281
BSPUSDT,EQUITY,1784592000001,0.00000000,33.50241811
BSPUSDT,EQUITY,1784620800001,0.00000000,33.57342721
BSPUSDT,EQUITY,1784649600000,0.00083456,34.65987397
BSPUSDT,EQUITY,1784678400000,0.00000000,34.09529201
BSPUSDT,EQUITY,1784707200001,0.00000000,33.95410776
BOTUSDT,EQUITY,1783612800001,0.00008277,32.75055071
BOTUSDT,EQUITY,1783641600001,0.00013793,33.62750393
BOTUSDT,EQUITY,1783670400001,0.00052998,33.37617151
BOTUSDT,EQUITY,1783699200001,0.00000000,32.98000257
BOTUSDT,EQUITY,1783728000001,-0.00016556,33.32449954
BOTUSDT,EQUITY,1783756800001,0.00000000,33.23000000
BOTUSDT,EQUITY,1783785600001,0.00000000,32.91612435
BOTUSDT,EQUITY,1783814400001,0.00000000,32.98000159
BOTUSDT,EQUITY,1783843200001,0.00000000,33.01326071
BOTUSDT,EQUITY,1783872000001,0.00000000,32.88000000
BOTUSDT,EQUITY,1783900800001,0.00000000,32.79000000
BOTUSDT,EQUITY,1783929600001,0.00274473,32.38000000
BOTUSDT,EQUITY,1783958400001,0.00000000,33.47831459
BOTUSDT,EQUITY,1783987200002,-0.00120320,32.68000000
BOTUSDT,EQUITY,1784016000001,0.00497562,31.66920862
BOTUSDT,EQUITY,1784044800001,-0.00033214,36.00164273
BOTUSDT,EQUITY,1784073600001,-0.00063918,36.61000000
BOTUSDT,EQUITY,1784102400001,-0.00045917,35.54085555
BOTUSDT,EQUITY,1784131200001,-0.00143856,32.34862580
BOTUSDT,EQUITY,1784160000001,-0.00245436,32.91000000
BOTUSDT,EQUITY,1784188800002,-0.00250720,32.49000000
BOTUSDT,EQUITY,1784217600001,-0.00042140,29.80445201
BOTUSDT,EQUITY,1784246400001,-0.00102250,29.51000000
BOTUSDT,EQUITY,1784275200001,0.00548459,29.49258920
BOTUSDT,EQUITY,1784304000001,0.00000000,27.99403854
BOTUSDT,EQUITY,1784332800001,0.00001903,28.93000000
BOTUSDT,EQUITY,1784361600001,0.00040101,29.51469935
BOTUSDT,EQUITY,1784390400001,0.00000000,29.19313478
BOTUSDT,EQUITY,1784419200001,0.00000000,29.84388044
BOTUSDT,EQUITY,1784448000001,0.00000000,29.78028484
BOTUSDT,EQUITY,1784476800001,0.00000000,29.59990246
BOTUSDT,EQUITY,1784505600002,-0.00040891,28.88572756
BOTUSDT,EQUITY,1784534400001,0.00543214,29.52000000
BOTUSDT,EQUITY,1784563200001,0.00065581,27.35000000
BOTUSDT,EQUITY,1784592000001,0.00030859,27.24000000
BOTUSDT,EQUITY,1784620800001,0.00248493,27.70000000
BOTUSDT,EQUITY,1784649600000,0.00025848,28.09843200
BOTUSDT,EQUITY,1784678400000,0.00250283,28.94625294
BOTUSDT,EQUITY,1784707200001,-0.00232133,27.92204517
WENUSDT,EQUITY,1783612800001,0.00000000,7.44462554
WENUSDT,EQUITY,1783641600001,0.00000000,7.55896732
WENUSDT,EQUITY,1783670400001,0.00000000,7.64000000
WENUSDT,EQUITY,1783699200001,0.00000000,7.64000000
WENUSDT,EQUITY,1783728000001,0.00000000,7.56000000
WENUSDT,EQUITY,1783756800001,0.00000000,7.56305732
WENUSDT,EQUITY,1783785600001,0.00000000,7.52498714
WENUSDT,EQUITY,1783814400001,0.00000000,7.54496762
WENUSDT,EQUITY,1783843200001,0.00000000,7.49000000
WENUSDT,EQUITY,1783872000001,0.00000000,7.55008421
WENUSDT,EQUITY,1783900800001,0.00000000,7.55503013
WENUSDT,EQUITY,1783929600001,-0.00077017,7.47988040
WENUSDT,EQUITY,1783958400001,0.00000000,7.51698232
WENUSDT,EQUITY,1783987200002,0.00000000,7.50428472
WENUSDT,EQUITY,1784016000001,0.00125159,7.52000000
WENUSDT,EQUITY,1784044800001,0.00104231,7.46000000
WENUSDT,EQUITY,1784073600001,0.00024175,7.47000000
WENUSDT,EQUITY,1784102400001,0.00297831,7.45000000
WENUSDT,EQUITY,1784131200001,0.00043455,7.46186115
WENUSDT,EQUITY,1784160000001,0.00046491,7.44000000
WENUSDT,EQUITY,1784188800002,0.00000000,7.44000000
WENUSDT,EQUITY,1784217600001,0.00000000,7.60000000
WENUSDT,EQUITY,1784246400001,0.00000000,7.77000000
WENUSDT,EQUITY,1784275200001,-0.00099471,7.79000000
WENUSDT,EQUITY,1784304000001,0.00000000,7.93000000
WENUSDT,EQUITY,1784332800001,0.00000000,7.76056901
WENUSDT,EQUITY,1784361600001,0.00000000,7.70933536
WENUSDT,EQUITY,1784390400001,0.00000000,7.65789824
WENUSDT,EQUITY,1784419200001,0.00000000,7.65168489
WENUSDT,EQUITY,1784448000001,0.00000000,7.69265239
WENUSDT,EQUITY,1784476800001,0.00000000,7.73308015
WENUSDT,EQUITY,1784505600002,0.00000000,7.69001665
WENUSDT,EQUITY,1784534400001,-0.00329313,7.78000000
WENUSDT,EQUITY,1784563200001,0.00000000,7.77026951
WENUSDT,EQUITY,1784592000001,0.00000000,7.84000000
WENUSDT,EQUITY,1784620800001,-0.00033059,7.81000000
WENUSDT,EQUITY,1784649600000,0.00042158,7.79000000
WENUSDT,EQUITY,1784678400000,0.00000000,7.64867448
WENUSDT,EQUITY,1784707200001,-0.00243347,7.57006644
INTWUSDT,EQUITY,1783612800001,0.00000000,32.50584620
INTWUSDT,EQUITY,1783641600001,0.00000000,32.20000000
INTWUSDT,EQUITY,1783670400001,0.00000000,30.42000000
INTWUSDT,EQUITY,1783699200001,0.00007695,30.18000000
INTWUSDT,EQUITY,1783728000001,0.00000000,30.29896374
INTWUSDT,EQUITY,1783756800001,0.00165579,31.56000000
INTWUSDT,EQUITY,1783785600001,0.00000000,31.20000000
INTWUSDT,EQUITY,1783814400001,0.00000000,31.34485981
INTWUSDT,EQUITY,1783843200001,0.00000000,30.97354752
INTWUSDT,EQUITY,1783872000001,-0.00047467,30.39000000
INTWUSDT,EQUITY,1783900800001,0.00000000,30.10000000
INTWUSDT,EQUITY,1783929600001,0.00000000,28.03882285
INTWUSDT,EQUITY,1783958400001,0.00000000,27.34000000
INTWUSDT,EQUITY,1783987200002,0.00000000,26.32905479
INTWUSDT,EQUITY,1784016000001,0.00000000,27.78000000
INTWUSDT,EQUITY,1784044800001,0.00000000,28.45346957
INTWUSDT,EQUITY,1784073600001,-0.00021325,29.47000000
INTWUSDT,EQUITY,1784102400001,-0.00178256,31.52028631
INTWUSDT,EQUITY,1784131200001,0.00000000,25.38000000
INTWUSDT,EQUITY,1784160000001,0.00000000,26.66088854
INTWUSDT,EQUITY,1784188800002,0.00007041,25.83628790
INTWUSDT,EQUITY,1784217600001,0.00000000,24.00820631
INTWUSDT,EQUITY,1784246400001,-0.00110197,22.43698119
INTWUSDT,EQUITY,1784275200001,0.00043552,21.17000000
INTWUSDT,EQUITY,1784304000001,0.00000000,22.59000000
INTWUSDT,EQUITY,1784332800001,0.00000000,21.95926022
INTWUSDT,EQUITY,1784361600001,0.00000000,21.87849735
INTWUSDT,EQUITY,1784390400001,0.00000000,21.84435786
INTWUSDT,EQUITY,1784419200001,0.00000000,21.75000000
INTWUSDT,EQUITY,1784448000001,0.00000000,21.87571415
INTWUSDT,EQUITY,1784476800001,0.00000000,22.11444286
INTWUSDT,EQUITY,1784505600002,0.00053530,22.45000000
INTWUSDT,EQUITY,1784534400001,0.00000000,22.88000000
INTWUSDT,EQUITY,1784563200001,-0.00038153,23.94034559
INTWUSDT,EQUITY,1784592000001,-0.00271212,23.57928046
INTWUSDT,EQUITY,1784620800001,-0.00100057,25.32189657
INTWUSDT,EQUITY,1784649600000,-0.00080993,26.44454808
INTWUSDT,EQUITY,1784678400000,-0.00109065,27.58000000
INTWUSDT,EQUITY,1784707200001,-0.00021180,25.67000000
SNXXUSDT,EQUITY,1783612800001,0.00000000,26.78443655
SNXXUSDT,EQUITY,1783641600001,0.00000000,27.30000000
SNXXUSDT,EQUITY,1783670400001,0.00055419,25.37000000
SNXXUSDT,EQUITY,1783699200001,0.00000000,26.89086426
SNXXUSDT,EQUITY,1783728000001,0.00000000,28.57044893
SNXXUSDT,EQUITY,1783756800001,0.00000000,28.46732037
SNXXUSDT,EQUITY,1783785600001,0.00000000,28.93456149
SNXXUSDT,EQUITY,1783814400001,0.00000000,28.88678731
SNXXUSDT,EQUITY,1783843200001,0.00000000,28.98490653
SNXXUSDT,EQUITY,1783872000001,-0.00026807,28.54435053
SNXXUSDT,EQUITY,1783900800001,-0.00029477,28.37000000
SNXXUSDT,EQUITY,1783929600001,0.00000000,24.16000000
SNXXUSDT,EQUITY,1783958400001,0.00000000,22.10131124
SNXXUSDT,EQUITY,1783987200002,0.00000000,19.99551702
SNXXUSDT,EQUITY,1784016000001,0.00035620,22.37736223
SNXXUSDT,EQUITY,1784044800001,0.00000000,23.21595783
SNXXUSDT,EQUITY,1784073600001,0.00000000,23.36000000
SNXXUSDT,EQUITY,1784102400001,0.00000000,23.47000000
SNXXUSDT,EQUITY,1784131200001,0.00024389,17.48883694
SNXXUSDT,EQUITY,1784160000001,0.00019215,18.42296960
SNXXUSDT,EQUITY,1784188800002,0.00000000,17.69489971
SNXXUSDT,EQUITY,1784217600001,0.00011367,15.27000000
SNXXUSDT,EQUITY,1784246400001,0.00113109,13.52000000
SNXXUSDT,EQUITY,1784275200001,0.00159294,12.57000000
SNXXUSDT,EQUITY,1784304000001,0.00000000,15.87780277
SNXXUSDT,EQUITY,1784332800001,0.00035788,12.86000000
SNXXUSDT,EQUITY,1784361600001,-0.00166627,12.59696128
SNXXUSDT,EQUITY,1784390400001,0.00000000,12.60000000
SNXXUSDT,EQUITY,1784419200001,0.00024018,12.81000000
SNXXUSDT,EQUITY,1784448000001,0.00014323,13.07048037
SNXXUSDT,EQUITY,1784476800001,0.00000000,13.04515546
SNXXUSDT,EQUITY,1784505600002,0.00100747,13.26565419
SNXXUSDT,EQUITY,1784534400001,0.00000000,13.58905018
SNXXUSDT,EQUITY,1784563200001,0.00000000,14.69588069
SNXXUSDT,EQUITY,1784592000001,0.00001928,14.24000000
SNXXUSDT,EQUITY,1784620800001,0.00000000,15.86000000
SNXXUSDT,EQUITY,1784649600000,0.00000000,16.86000000
SNXXUSDT,EQUITY,1784678400000,0.00000000,18.84903605
SNXXUSDT,EQUITY,1784707200001,-0.00022077,17.01000000
XBIUSDT,EQUITY,1783612800001,0.00000000,164.04627857
XBIUSDT,EQUITY,1783641600001,0.00017002,164.30836944
XBIUSDT,EQUITY,1783670400001,-0.00115909,164.20000000
XBIUSDT,EQUITY,1783699200001,0.00005951,157.49000000
XBIUSDT,EQUITY,1783728000001,0.00040360,159.31000000
XBIUSDT,EQUITY,1783756800001,0.00015203,160.74427461
XBIUSDT,EQUITY,1783785600001,0.00000000,160.51071360
XBIUSDT,EQUITY,1783814400001,0.00000000,160.41024272
XBIUSDT,EQUITY,1783843200001,0.00000000,160.49000000
XBIUSDT,EQUITY,1783872000001,0.00000000,161.02937013
XBIUSDT,EQUITY,1783900800001,0.00000000,161.57413308
XBIUSDT,EQUITY,1783929600001,0.00000000,158.96000000
XBIUSDT,EQUITY,1783958400001,0.00010755,155.48846448
XBIUSDT,EQUITY,1783987200002,0.00105472,155.16501507
XBIUSDT,EQUITY,1784016000001,0.00220390,155.59000000
XBIUSDT,EQUITY,1784044800001,0.00021175,155.64925653
XBIUSDT,EQUITY,1784073600001,0.00000000,156.05000000
XBIUSDT,EQUITY,1784102400001,0.00274148,156.05806161
XBIUSDT,EQUITY,1784131200001,0.00000842,155.60000000
XBIUSDT,EQUITY,1784160000001,0.00042639,156.80000000
XBIUSDT,EQUITY,1784188800002,0.00050148,156.47000000
XBIUSDT,EQUITY,1784217600001,0.00000000,153.55000000
XBIUSDT,EQUITY,1784246400001,0.00000000,151.96531896
XBIUSDT,EQUITY,1784275200001,0.00013532,149.96232394
XBIUSDT,EQUITY,1784304000001,0.00104159,154.36992467
XBIUSDT,EQUITY,1784332800001,0.00000000,154.21089675
XBIUSDT,EQUITY,1784361600001,0.00000000,157.16178342
XBIUSDT,EQUITY,1784390400001,0.00000000,155.99899270
XBIUSDT,EQUITY,1784419200001,0.00000000,155.64538807
XBIUSDT,EQUITY,1784448000001,0.00000000,154.42955299
XBIUSDT,EQUITY,1784476800001,0.00000000,154.01000000
XBIUSDT,EQUITY,1784505600002,0.00000000,154.21527230
XBIUSDT,EQUITY,1784534400001,0.00019555,153.89729986
XBIUSDT,EQUITY,1784563200001,0.00000000,152.95062388
XBIUSDT,EQUITY,1784592000001,0.00001307,151.37000000
XBIUSDT,EQUITY,1784620800001,0.00015142,152.01620668
XBIUSDT,EQUITY,1784649600000,0.00000000,153.66759466
XBIUSDT,EQUITY,1784678400000,0.00025750,154.69000000
XBIUSDT,EQUITY,1784707200001,0.00000000,153.43163072
BNCUSDT,EQUITY,1783612800001,0.00052197,2.78100000
BNCUSDT,EQUITY,1783641600001,0.00156781,2.81500000
BNCUSDT,EQUITY,1783670400001,-0.00086611,3.29400000
BNCUSDT,EQUITY,1783699200001,0.00229578,2.94900000
BNCUSDT,EQUITY,1783728000001,0.00319537,2.94000000
BNCUSDT,EQUITY,1783756800001,0.00000000,3.00037473
BNCUSDT,EQUITY,1783785600001,-0.00005213,2.92155367
BNCUSDT,EQUITY,1783814400001,0.00000000,2.90800000
BNCUSDT,EQUITY,1783843200001,0.00000000,2.94000000
BNCUSDT,EQUITY,1783872000001,0.00000000,2.92200000
BNCUSDT,EQUITY,1783900800001,0.00000000,2.94600000
BNCUSDT,EQUITY,1783929600001,0.00044297,2.85555278
BNCUSDT,EQUITY,1783958400001,0.00146803,2.74900000
BNCUSDT,EQUITY,1783987200002,0.00037395,2.83563896
BNCUSDT,EQUITY,1784016000001,0.00141614,2.82173441
BNCUSDT,EQUITY,1784044800001,0.00130480,2.83790058
BNCUSDT,EQUITY,1784073600001,0.00000000,2.89000000
BNCUSDT,EQUITY,1784102400001,0.00267446,2.83667594
BNCUSDT,EQUITY,1784131200001,0.00000000,2.93800000
BNCUSDT,EQUITY,1784160000001,0.00000000,2.98100251
BNCUSDT,EQUITY,1784188800002,0.00000000,2.93203609
BNCUSDT,EQUITY,1784217600001,0.00000000,2.92300000
BNCUSDT,EQUITY,1784246400001,0.00000000,2.93298152
BNCUSDT,EQUITY,1784275200001,0.00137012,2.90500000
BNCUSDT,EQUITY,1784304000001,-0.00193720,2.94766002
BNCUSDT,EQUITY,1784332800001,0.00113846,2.91797208
BNCUSDT,EQUITY,1784361600001,0.00000000,2.90334432
BNCUSDT,EQUITY,1784390400001,-0.00015171,2.84997207
BNCUSDT,EQUITY,1784419200001,0.00000000,2.84600000
BNCUSDT,EQUITY,1784448000001,0.00000000,2.86690132
BNCUSDT,EQUITY,1784476800001,0.00000000,2.87513505
BNCUSDT,EQUITY,1784505600002,0.00000000,2.85400347
BNCUSDT,EQUITY,1784534400001,-0.00265354,2.92400000
BNCUSDT,EQUITY,1784563200001,0.00000000,2.89091193
BNCUSDT,EQUITY,1784592000001,0.00414426,2.87500000
BNCUSDT,EQUITY,1784620800001,-0.00036819,2.92193724
BNCUSDT,EQUITY,1784649600000,-0.00146745,3.10500000
BNCUSDT,EQUITY,1784678400000,0.00229670,3.06652365
BNCUSDT,EQUITY,1784707200001,-0.00276261,2.98900000
FWDIUSDT,EQUITY,1783612800001,0.00000000,4.08438233
FWDIUSDT,EQUITY,1783641600001,0.00000000,4.07400000
FWDIUSDT,EQUITY,1783670400001,-0.00225072,4.20000000
FWDIUSDT,EQUITY,1783699200001,0.00000000,4.27000000
FWDIUSDT,EQUITY,1783728000001,0.00081452,4.23218693
FWDIUSDT,EQUITY,1783756800001,0.00000000,4.11030708
FWDIUSDT,EQUITY,1783785600001,-0.00011846,4.08701435
FWDIUSDT,EQUITY,1783814400001,0.00000000,4.10253227
FWDIUSDT,EQUITY,1783843200001,0.00000000,4.07938507
FWDIUSDT,EQUITY,1783872000001,0.00000000,4.12700000
FWDIUSDT,EQUITY,1783900800001,0.00041710,4.29588305
FWDIUSDT,EQUITY,1783929600001,0.00207703,4.18410533
FWDIUSDT,EQUITY,1783958400001,0.00000000,4.09900000
FWDIUSDT,EQUITY,1783987200002,0.00000000,4.08548540
FWDIUSDT,EQUITY,1784016000001,0.00311844,4.09991853
FWDIUSDT,EQUITY,1784044800001,0.00000000,4.54100000
FWDIUSDT,EQUITY,1784073600001,0.00027078,4.50700000
FWDIUSDT,EQUITY,1784102400001,-0.00257133,4.56393801
FWDIUSDT,EQUITY,1784131200001,0.00000000,4.34100000
FWDIUSDT,EQUITY,1784160000001,0.00018265,4.29744788
FWDIUSDT,EQUITY,1784188800002,0.00236750,4.28427120
FWDIUSDT,EQUITY,1784217600001,0.00000000,4.19523990
FWDIUSDT,EQUITY,1784246400001,0.00000000,4.21000000
FWDIUSDT,EQUITY,1784275200001,-0.00079361,4.19500000
FWDIUSDT,EQUITY,1784304000001,0.00034526,4.05517325
FWDIUSDT,EQUITY,1784332800001,0.00211333,4.06600000
FWDIUSDT,EQUITY,1784361600001,0.00960023,4.47900000
FWDIUSDT,EQUITY,1784390400001,0.01755081,4.23971603
FWDIUSDT,EQUITY,1784419200001,0.00085105,4.22218051
FWDIUSDT,EQUITY,1784448000001,-0.00021008,4.09189799
FWDIUSDT,EQUITY,1784476800001,0.00004361,4.09400000
FWDIUSDT,EQUITY,1784505600002,0.00000000,4.17500000
FWDIUSDT,EQUITY,1784534400001,0.00246571,4.16465289
FWDIUSDT,EQUITY,1784563200001,0.00154874,4.18505335
FWDIUSDT,EQUITY,1784592000001,0.00000000,4.15700000
FWDIUSDT,EQUITY,1784620800001,0.00000000,4.21115189
FWDIUSDT,EQUITY,1784649600000,-0.00110862,4.40800000
FWDIUSDT,EQUITY,1784678400000,0.00519892,4.55400000
FWDIUSDT,EQUITY,1784707200001,-0.00214342,3.99669693
GEVUSDT,EQUITY,1783699200001,0.00000000,1082.48000000
GEVUSDT,EQUITY,1783728000001,0.00000000,1092.71000000
GEVUSDT,EQUITY,1783756800001,0.00000000,1086.62203909
GEVUSDT,EQUITY,1783785600001,0.00000000,1083.24550651
GEVUSDT,EQUITY,1783814400001,0.00000000,1082.95000000
GEVUSDT,EQUITY,1783843200001,0.00000000,1082.96840357
GEVUSDT,EQUITY,1783872000001,0.00000000,1094.06399365
GEVUSDT,EQUITY,1783900800001,0.00000000,1085.32158338
GEVUSDT,EQUITY,1783929600001,0.00198036,1070.85998601
GEVUSDT,EQUITY,1783958400001,0.00048402,1066.01225567
GEVUSDT,EQUITY,1783987200002,0.00000000,1041.81009215
GEVUSDT,EQUITY,1784016000001,0.00000000,1046.09023486
GEVUSDT,EQUITY,1784044800001,0.00000000,1065.50923615
GEVUSDT,EQUITY,1784073600001,0.00000000,1070.54000000
GEVUSDT,EQUITY,1784102400001,-0.00198667,1077.57000000
GEVUSDT,EQUITY,1784131200001,0.00000000,1020.00000000
GEVUSDT,EQUITY,1784160000001,0.00000000,1054.53105012
GEVUSDT,EQUITY,1784188800002,0.00059408,1049.70794869
GEVUSDT,EQUITY,1784217600001,0.00000000,1033.07859410
GEVUSDT,EQUITY,1784246400001,0.00077480,1028.44999792
GEVUSDT,EQUITY,1784275200001,0.00094633,1012.60000000
GEVUSDT,EQUITY,1784304000001,0.00000000,1060.37074944
GEVUSDT,EQUITY,1784332800001,-0.00135419,1054.00000000
GEVUSDT,EQUITY,1784361600001,0.00000000,1052.81018487
GEVUSDT,EQUITY,1784390400001,0.00000000,1046.54104374
GEVUSDT,EQUITY,1784419200001,0.00000000,1056.39009514
GEVUSDT,EQUITY,1784448000001,0.00000000,1058.54230126
GEVUSDT,EQUITY,1784476800001,0.00000000,1057.80207069
GEVUSDT,EQUITY,1784505600002,0.00000000,1060.31098855
GEVUSDT,EQUITY,1784534400001,0.00000000,1064.90000000
GEVUSDT,EQUITY,1784563200001,0.00000000,1059.84000000
GEVUSDT,EQUITY,1784592000001,0.00000000,1079.14000000
GEVUSDT,EQUITY,1784620800001,0.00024536,1104.65000000
GEVUSDT,EQUITY,1784649600000,0.00000000,1086.64000000
GEVUSDT,EQUITY,1784678400000,0.00000000,1092.93000000
GEVUSDT,EQUITY,1784707200001,0.00329224,1060.02684502
VRTUSDT,EQUITY,1783699200001,0.00000000,321.02608898
VRTUSDT,EQUITY,1783728000001,0.00000000,320.06643382
VRTUSDT,EQUITY,1783756800001,0.00000000,316.19069971
VRTUSDT,EQUITY,1783785600001,0.00000000,315.65000000
VRTUSDT,EQUITY,1783814400001,0.00000000,318.12000000
VRTUSDT,EQUITY,1783843200001,0.00000000,320.62000000
VRTUSDT,EQUITY,1783872000001,0.00000000,318.38961720
VRTUSDT,EQUITY,1783900800001,0.00000000,314.85688716
VRTUSDT,EQUITY,1783929600001,0.00000000,309.61270059
VRTUSDT,EQUITY,1783958400001,0.00000000,309.99754496
VRTUSDT,EQUITY,1783987200002,0.00000000,305.32340887
VRTUSDT,EQUITY,1784016000001,0.00000000,308.12228695
VRTUSDT,EQUITY,1784044800001,0.00000000,303.80604316
VRTUSDT,EQUITY,1784073600001,0.00019575,305.99790937
VRTUSDT,EQUITY,1784102400001,0.00000000,307.07000000
VRTUSDT,EQUITY,1784131200001,0.00000000,296.75000000
VRTUSDT,EQUITY,1784160000001,0.00005869,304.30000000
VRTUSDT,EQUITY,1784188800002,0.00000000,302.31548919
VRTUSDT,EQUITY,1784217600001,0.00000000,293.67650728
VRTUSDT,EQUITY,1784246400001,0.00000000,291.48564476
VRTUSDT,EQUITY,1784275200001,0.00009460,284.06291739
VRTUSDT,EQUITY,1784304000001,0.00000000,294.78912185
VRTUSDT,EQUITY,1784332800001,0.00000000,288.21000000
VRTUSDT,EQUITY,1784361600001,0.00000000,287.62316019
VRTUSDT,EQUITY,1784390400001,0.00000000,287.66000000
VRTUSDT,EQUITY,1784419200001,0.00000000,287.81963956
VRTUSDT,EQUITY,1784448000001,0.00000000,288.15313167
VRTUSDT,EQUITY,1784476800001,0.00000000,285.44948456
VRTUSDT,EQUITY,1784505600002,0.00000000,285.54589775
VRTUSDT,EQUITY,1784534400001,-0.00026167,290.80000000
VRTUSDT,EQUITY,1784563200001,0.00000000,294.99595376
VRTUSDT,EQUITY,1784592000001,-0.00037715,292.44797046
VRTUSDT,EQUITY,1784620800001,0.00000000,298.51000000
VRTUSDT,EQUITY,1784649600000,0.00000000,303.56446730
VRTUSDT,EQUITY,1784678400000,0.00000000,305.46315105
VRTUSDT,EQUITY,1784707200001,0.00000000,300.49000000
SNOWUSDT,EQUITY,1783699200001,0.00000000,261.88569529
SNOWUSDT,EQUITY,1783728000001,0.00000000,261.87000000
SNOWUSDT,EQUITY,1783756800001,0.00015735,264.83000000
SNOWUSDT,EQUITY,1783785600001,0.00000000,263.44482515
SNOWUSDT,EQUITY,1783814400001,0.00000000,266.98538986
SNOWUSDT,EQUITY,1783843200001,0.00000000,263.25000000
SNOWUSDT,EQUITY,1783872000001,0.00000000,262.16633109
SNOWUSDT,EQUITY,1783900800001,0.00000000,262.32253458
SNOWUSDT,EQUITY,1783929600001,0.00000000,260.72000000
SNOWUSDT,EQUITY,1783958400001,0.00000000,271.06000000
SNOWUSDT,EQUITY,1783987200002,0.00000000,267.00997677
SNOWUSDT,EQUITY,1784016000001,-0.00018822,267.75430068
SNOWUSDT,EQUITY,1784044800001,0.00000000,275.66814874
SNOWUSDT,EQUITY,1784073600001,0.00000000,276.13000000
SNOWUSDT,EQUITY,1784102400001,0.00000000,275.36958219
SNOWUSDT,EQUITY,1784131200001,0.00000000,269.33000000
SNOWUSDT,EQUITY,1784160000001,0.00056387,270.68928719
SNOWUSDT,EQUITY,1784188800002,-0.00026785,271.49000000
SNOWUSDT,EQUITY,1784217600001,0.00000000,274.30000000
SNOWUSDT,EQUITY,1784246400001,0.00000000,267.47000000
SNOWUSDT,EQUITY,1784275200001,0.00106183,265.59783333
SNOWUSDT,EQUITY,1784304000001,0.00000000,265.79437775
SNOWUSDT,EQUITY,1784332800001,-0.00005914,268.37000000
SNOWUSDT,EQUITY,1784361600001,0.00000000,266.63816528
SNOWUSDT,EQUITY,1784390400001,0.00000000,268.22570973
SNOWUSDT,EQUITY,1784419200001,0.00000000,266.06953657
SNOWUSDT,EQUITY,1784448000001,0.00000000,269.80961253
SNOWUSDT,EQUITY,1784476800001,0.00000000,268.51464126
SNOWUSDT,EQUITY,1784505600002,0.00000000,269.98000000
SNOWUSDT,EQUITY,1784534400001,0.00000000,268.76000000
SNOWUSDT,EQUITY,1784563200001,0.00000000,274.46324387
SNOWUSDT,EQUITY,1784592000001,0.00000000,273.44000000
SNOWUSDT,EQUITY,1784620800001,-0.00002018,274.67000000
SNOWUSDT,EQUITY,1784649600000,0.00000000,272.18053939
SNOWUSDT,EQUITY,1784678400000,0.00000000,272.52287518
SNOWUSDT,EQUITY,1784707200001,0.00000000,270.88000000
APPUSDT,EQUITY,1783699200001,0.00000000,517.06000000
APPUSDT,EQUITY,1783728000001,0.00000000,509.17412219
APPUSDT,EQUITY,1783756800001,0.00000000,504.42715482
APPUSDT,EQUITY,1783785600001,0.00000000,503.95000000
APPUSDT,EQUITY,1783814400001,0.00000000,501.17000000
APPUSDT,EQUITY,1783843200001,0.00000000,499.12714184
APPUSDT,EQUITY,1783872000001,0.00000000,498.06091009
APPUSDT,EQUITY,1783900800001,0.00000000,498.60445915
APPUSDT,EQUITY,1783929600001,-0.00131348,507.36000000
APPUSDT,EQUITY,1783958400001,0.00000000,451.01000000
APPUSDT,EQUITY,1783987200002,0.00024914,445.48000000
APPUSDT,EQUITY,1784016000001,0.00000000,443.40971938
APPUSDT,EQUITY,1784044800001,0.00011220,447.87000000
APPUSDT,EQUITY,1784073600001,0.00000000,449.83491285
APPUSDT,EQUITY,1784102400001,0.00000000,449.11935150
APPUSDT,EQUITY,1784131200001,0.00000000,456.41252684
APPUSDT,EQUITY,1784160000001,0.00000000,453.43000000
APPUSDT,EQUITY,1784188800002,0.00000000,453.76000000
APPUSDT,EQUITY,1784217600001,0.00000000,443.11059868
APPUSDT,EQUITY,1784246400001,0.00000000,434.54000000
APPUSDT,EQUITY,1784275200001,-0.00002492,429.56063928
APPUSDT,EQUITY,1784304000001,0.00000000,420.05000000
APPUSDT,EQUITY,1784332800001,0.00000000,424.25000000
APPUSDT,EQUITY,1784361600001,0.00000000,425.94015948
APPUSDT,EQUITY,1784390400001,0.00000000,425.14179691
APPUSDT,EQUITY,1784419200001,0.00000000,427.29080708
APPUSDT,EQUITY,1784448000001,0.00000000,424.80000000
APPUSDT,EQUITY,1784476800001,0.00000000,418.02000000
APPUSDT,EQUITY,1784505600002,0.00000000,427.21000000
APPUSDT,EQUITY,1784534400001,-0.00026424,425.62135932
APPUSDT,EQUITY,1784563200001,0.00000000,428.91791259
APPUSDT,EQUITY,1784592000001,0.00000000,423.86000000
APPUSDT,EQUITY,1784620800001,0.00000000,426.50205253
APPUSDT,EQUITY,1784649600000,0.00000000,428.07000000
APPUSDT,EQUITY,1784678400000,-0.00028961,427.86000000
APPUSDT,EQUITY,1784707200001,-0.00038164,428.75957949
SKHYUSDT,EQUITY,1783699200001,-0.00194030,172.07684078
SKHYUSDT,EQUITY,1783728000001,0.00000000,171.51769047
SKHYUSDT,EQUITY,1783756800001,0.00000000,170.56000000
SKHYUSDT,EQUITY,1783785600001,0.00000000,169.79614348
SKHYUSDT,EQUITY,1783814400001,0.00000000,170.67437098
SKHYUSDT,EQUITY,1783843200001,0.00000000,171.64000000
SKHYUSDT,EQUITY,1783872000001,0.00000000,170.79000000
SKHYUSDT,EQUITY,1783900800001,-0.00094746,166.81000000
SKHYUSDT,EQUITY,1783929600001,-0.00267159,153.92000000
SKHYUSDT,EQUITY,1783958400001,0.00010081,153.22565215
SKHYUSDT,EQUITY,1783987200002,0.00000000,152.84791318
SKHYUSDT,EQUITY,1784016000001,-0.00066134,162.50882264
SKHYUSDT,EQUITY,1784044800001,0.00000000,178.11000000
SKHYUSDT,EQUITY,1784073600001,-0.00076018,186.15965428
SKHYUSDT,EQUITY,1784102400001,0.00000000,184.92000000
SKHYUSDT,EQUITY,1784131200001,0.00000000,171.24501510
SKHYUSDT,EQUITY,1784160000001,-0.00060896,170.00983839
SKHYUSDT,EQUITY,1784188800002,0.00004290,166.47559819
SKHYUSDT,EQUITY,1784217600001,0.00000000,161.62000000
SKHYUSDT,EQUITY,1784246400001,0.00000000,153.13000000
SKHYUSDT,EQUITY,1784275200001,0.00038219,148.44000000
SKHYUSDT,EQUITY,1784304000001,0.00000000,164.11315588
SKHYUSDT,EQUITY,1784332800001,0.00000000,153.75000000
SKHYUSDT,EQUITY,1784361600001,0.00000000,153.81684223
SKHYUSDT,EQUITY,1784390400001,-0.00020799,152.16248314
SKHYUSDT,EQUITY,1784419200001,0.00000000,152.57000000
SKHYUSDT,EQUITY,1784448000001,0.00023694,155.15291250
SKHYUSDT,EQUITY,1784476800001,-0.00002473,154.09000000
SKHYUSDT,EQUITY,1784505600002,0.00000000,153.43770246
SKHYUSDT,EQUITY,1784534400001,0.00000000,158.20000000
SKHYUSDT,EQUITY,1784563200001,0.00000000,158.27718140
SKHYUSDT,EQUITY,1784592000001,0.00011055,153.79000000
SKHYUSDT,EQUITY,1784620800001,0.00004696,160.16913627
SKHYUSDT,EQUITY,1784649600000,0.00000000,164.85200772
SKHYUSDT,EQUITY,1784678400000,-0.00060861,173.09000000
SKHYUSDT,EQUITY,1784707200001,0.00000000,162.62000000
MUUUSDT,EQUITY,1784217600001,0.00000430,27.65163047
MUUUSDT,EQUITY,1784246400001,0.00000000,26.23241483
MUUUSDT,EQUITY,1784275200001,0.00048324,24.70060545
MUUUSDT,EQUITY,1784304000001,0.00000000,29.52000000
MUUUSDT,EQUITY,1784332800001,0.00000000,26.91706698
MUUUSDT,EQUITY,1784361600001,0.00000000,27.03000000
MUUUSDT,EQUITY,1784390400001,0.00000000,26.74158482
MUUUSDT,EQUITY,1784419200001,0.00000000,26.68000000
MUUUSDT,EQUITY,1784448000001,0.00000000,27.08000000
MUUUSDT,EQUITY,1784476800001,0.00000000,27.29000000
MUUUSDT,EQUITY,1784505600002,0.00127397,28.04071238
MUUUSDT,EQUITY,1784534400001,0.00000000,28.50285275
MUUUSDT,EQUITY,1784563200001,0.00000000,30.03990323
MUUUSDT,EQUITY,1784592000001,0.00000000,28.80000000
MUUUSDT,EQUITY,1784620800001,0.00000000,31.28000000
MUUUSDT,EQUITY,1784649600000,0.00000000,33.92000000
MUUUSDT,EQUITY,1784678400000,0.00000000,36.35000000
MUUUSDT,EQUITY,1784707200001,0.00000000,33.37507833
SOXSUSDT,EQUITY,1784217600001,-0.00038356,51.01925041
SOXSUSDT,EQUITY,1784246400001,-0.00219965,53.24393810
SOXSUSDT,EQUITY,1784275200001,-0.00302891,58.48000000
SOXSUSDT,EQUITY,1784304000001,0.00000000,53.30454608
SOXSUSDT,EQUITY,1784332800001,0.00000000,54.88000000
SOXSUSDT,EQUITY,1784361600001,0.00000000,54.77000000
SOXSUSDT,EQUITY,1784390400001,0.00000000,55.28168697
SOXSUSDT,EQUITY,1784419200001,0.00000000,55.08888267
SOXSUSDT,EQUITY,1784448000001,0.00000000,54.68046941
SOXSUSDT,EQUITY,1784476800001,0.00000000,55.73724729
SOXSUSDT,EQUITY,1784505600002,-0.00255778,54.43000000
SOXSUSDT,EQUITY,1784534400001,0.00000000,53.31041640
SOXSUSDT,EQUITY,1784563200001,0.00000000,50.92621080
SOXSUSDT,EQUITY,1784592000001,0.00000000,53.90806813
SOXSUSDT,EQUITY,1784620800001,0.00000000,48.54000000
SOXSUSDT,EQUITY,1784649600000,0.00000000,46.21890542
SOXSUSDT,EQUITY,1784678400000,0.00000000,44.90558168
SOXSUSDT,EQUITY,1784707200001,0.00000000,48.46622442
TZAUSDT,EQUITY,1784217600001,0.00000000,39.61944237
TZAUSDT,EQUITY,1784246400001,-0.00007964,40.10542957
TZAUSDT,EQUITY,1784275200001,0.00014353,40.77000000
TZAUSDT,EQUITY,1784304000001,0.00000000,40.52824369
TZAUSDT,EQUITY,1784332800001,0.00000000,40.67999991
TZAUSDT,EQUITY,1784361600001,0.00000000,40.46457122
TZAUSDT,EQUITY,1784390400001,0.00000000,39.66000000
TZAUSDT,EQUITY,1784419200001,0.00000000,39.82515865
TZAUSDT,EQUITY,1784448000001,0.00000000,39.58852930
TZAUSDT,EQUITY,1784476800001,0.00000000,40.23000000
TZAUSDT,EQUITY,1784505600002,0.00042945,41.62368084
TZAUSDT,EQUITY,1784534400001,0.00000000,40.36341916
TZAUSDT,EQUITY,1784563200001,0.00000000,40.79000000
TZAUSDT,EQUITY,1784592000001,0.00000000,41.30793865
TZAUSDT,EQUITY,1784620800001,0.00000000,40.41702690
TZAUSDT,EQUITY,1784649600000,0.00000000,40.08577740
TZAUSDT,EQUITY,1784678400000,0.00000000,39.57000000
TZAUSDT,EQUITY,1784707200001,0.00000000,40.21588092
MINIMAXUSDT,HK_EQUITY,1784275200001,0.00231243,27.48000000
MINIMAXUSDT,HK_EQUITY,1784304000001,0.00041133,28.19000000
MINIMAXUSDT,HK_EQUITY,1784332800001,0.00000000,28.15859424
MINIMAXUSDT,HK_EQUITY,1784361600001,0.00000000,28.33000000
MINIMAXUSDT,HK_EQUITY,1784390400001,0.00000000,28.30000000
MINIMAXUSDT,HK_EQUITY,1784419200001,0.00000000,28.53000000
MINIMAXUSDT,HK_EQUITY,1784448000001,0.00000000,28.34389178
MINIMAXUSDT,HK_EQUITY,1784476800001,0.00000000,28.28000000
MINIMAXUSDT,HK_EQUITY,1784505600002,0.00021852,29.24022388
MINIMAXUSDT,HK_EQUITY,1784534400001,0.00407930,24.80000000
MINIMAXUSDT,HK_EQUITY,1784563200001,0.00116099,25.86000000
MINIMAXUSDT,HK_EQUITY,1784592000001,0.00000000,25.89000000
MINIMAXUSDT,HK_EQUITY,1784620800001,0.00000000,28.34343885
MINIMAXUSDT,HK_EQUITY,1784649600000,0.00000000,28.02000000
MINIMAXUSDT,HK_EQUITY,1784678400000,0.00046454,29.16000000
MINIMAXUSDT,HK_EQUITY,1784707200001,0.00053814,24.84686073
ZHIPUUSDT,HK_EQUITY,1784275200001,0.00292364,140.74634426
ZHIPUUSDT,HK_EQUITY,1784304000001,0.00089283,146.59000000
ZHIPUUSDT,HK_EQUITY,1784332800001,0.00000000,147.46000000
ZHIPUUSDT,HK_EQUITY,1784361600001,0.00000000,146.75848468
ZHIPUUSDT,HK_EQUITY,1784390400001,0.00000000,145.33185619
ZHIPUUSDT,HK_EQUITY,1784419200001,0.00000000,145.25000000
ZHIPUUSDT,HK_EQUITY,1784448000001,0.00000000,145.91907043
ZHIPUUSDT,HK_EQUITY,1784476800001,0.00000000,143.68403792
ZHIPUUSDT,HK_EQUITY,1784505600002,0.00000000,145.23577700
ZHIPUUSDT,HK_EQUITY,1784534400001,0.00442078,113.24507186
ZHIPUUSDT,HK_EQUITY,1784563200001,0.00000000,114.40000000
ZHIPUUSDT,HK_EQUITY,1784592000001,0.00000000,115.65000000
ZHIPUUSDT,HK_EQUITY,1784620800001,-0.00310411,154.95612038
ZHIPUUSDT,HK_EQUITY,1784649600000,-0.00040816,150.51677352
ZHIPUUSDT,HK_EQUITY,1784678400000,0.00068168,157.50000000
ZHIPUUSDT,HK_EQUITY,1784707200001,-0.00054082,149.60283426
HK0700USDT,HK_EQUITY,1784707200001,0.00285204,441.28122761
HK1810USDT,HK_EQUITY,1784707200001,0.00176491,26.58927635
TENCENTUSDT,HK_EQUITY,1784707200001,0.00169152,56.26091487
SPCXUSD1,EQUITY,1784563200001,0.00000000,123.54067662
SPCXUSD1,EQUITY,1784592000001,0.00019750,120.44814749
SPCXUSD1,EQUITY,1784620800001,0.00034283,121.71000000
SPCXUSD1,EQUITY,1784649600000,0.00000000,128.32000000
SPCXUSD1,EQUITY,1784678400000,0.00000000,125.19896617
SPCXUSD1,EQUITY,1784707200001,0.00000000,123.86000000
SHAZUSDT,EQUITY,1784649600000,0.00000000,69.46388623
SHAZUSDT,EQUITY,1784678400000,0.00000000,69.91338450
SHAZUSDT,EQUITY,1784707200001,-0.00087031,69.72785163
SOFIUSDT,EQUITY,1784649600000,0.00000000,17.45000000
SOFIUSDT,EQUITY,1784678400000,0.00116832,17.75000000
SOFIUSDT,EQUITY,1784707200001,0.00038694,17.55000000
PANWUSDT,EQUITY,1784649600000,0.00000000,343.07497578
PANWUSDT,EQUITY,1784678400000,0.00000000,341.80319562
PANWUSDT,EQUITY,1784707200001,0.00000000,344.57000000
PENGUSDT,EQUITY,1784649600000,0.00000000,57.24000000
PENGUSDT,EQUITY,1784678400000,0.00014187,59.58000000
PENGUSDT,EQUITY,1784707200001,0.00069250,57.09966055
