coin,market,time,fundingRate,premium,ts,date,seg,wknd
para:CRDO,US,1784293200060,3.64942e-05,0.0007865895,2026-07-17 13:00:00+00:00,2026-07-17,off,False
para:CRDO,US,1784296800111,2.83957e-05,0.0006786097,2026-07-17 14:00:00+00:00,2026-07-17,session,False
para:CRDO,US,1784300400050,7.5e-06,3.45766e-05,2026-07-17 15:00:00+00:00,2026-07-17,session,False
para:CRDO,US,1784304000048,7.5e-06,0.0001009893,2026-07-17 16:00:00+00:00,2026-07-17,session,False
para:CRDO,US,1784307600062,7.5e-06,-0.0001923307,2026-07-17 17:00:00+00:00,2026-07-17,session,False
para:CRDO,US,1784311200022,5.2721e-06,-0.0002297048,2026-07-17 18:00:00+00:00,2026-07-17,session,False
para:CRDO,US,1784314800025,7.5e-06,-0.0001612128,2026-07-17 19:00:00+00:00,2026-07-17,session,False
para:CRDO,US,1784318400039,0.0003913305,0.0055177404,2026-07-17 20:00:00+00:00,2026-07-17,session,False
para:CRDO,US,1784322000065,5.21963e-05,0.0009959506,2026-07-17 21:00:00+00:00,2026-07-17,off,False
para:CRDO,US,1784325600069,7.5e-06,0.0002819575,2026-07-17 22:00:00+00:00,2026-07-17,off,False
para:CRDO,US,1784329200041,-4.8671e-06,-0.0003648953,2026-07-17 23:00:00+00:00,2026-07-17,off,False
para:CRDO,US,1784332800082,7.5e-06,-0.0001200602,2026-07-18 00:00:00+00:00,2026-07-18,off,False
para:CRDO,US,1784336400081,0.0001067674,0.0017235652,2026-07-18 01:00:00+00:00,2026-07-18,off,True
para:CRDO,US,1784340000013,6.3195e-05,0.0011425998,2026-07-18 02:00:00+00:00,2026-07-18,off,True
para:CRDO,US,1784343600008,0.0009035063,0.0123467505,2026-07-18 03:00:00+00:00,2026-07-18,off,True
para:CRDO,US,1784347200021,0.003287451,0.0441326804,2026-07-18 04:00:00+00:00,2026-07-18,off,True
para:CRDO,US,1784350800016,0.0022999185,0.0309655805,2026-07-18 05:00:00+00:00,2026-07-18,off,True
para:CRDO,US,1784354400028,0.0019096154,0.0257615387,2026-07-18 06:00:00+00:00,2026-07-18,off,True
para:CRDO,US,1784358000025,-0.0002718311,-0.0039244144,2026-07-18 07:00:00+00:00,2026-07-18,off,True
para:CRDO,US,1784361600019,-0.0006977243,-0.0096029912,2026-07-18 08:00:00+00:00,2026-07-18,off,True
para:CRDO,US,1784365200040,-0.0004080856,-0.0057411412,2026-07-18 09:00:00+00:00,2026-07-18,off,True
para:CRDO,US,1784368800020,-0.0002024555,-0.0029994065,2026-07-18 10:00:00+00:00,2026-07-18,off,True
para:CRDO,US,1784372400039,7.11792e-05,0.0012490559,2026-07-18 11:00:00+00:00,2026-07-18,off,True
para:CRDO,US,1784376000044,0.0002470696,0.0035942612,2026-07-18 12:00:00+00:00,2026-07-18,off,True
para:CRDO,US,1784379600006,0.0001522372,0.002329829,2026-07-18 13:00:00+00:00,2026-07-18,off,True
para:CRDO,US,1784383200061,0.0001454596,0.0022394612,2026-07-18 14:00:00+00:00,2026-07-18,off,True
para:CRDO,US,1784386800024,-0.0002561188,-0.0037149178,2026-07-18 15:00:00+00:00,2026-07-18,off,True
para:CRDO,US,1784390400043,-0.0005396611,-0.0074954815,2026-07-18 16:00:00+00:00,2026-07-18,off,True
para:CRDO,US,1784394000035,-0.0004478424,-0.0062712325,2026-07-18 17:00:00+00:00,2026-07-18,off,True
para:CRDO,US,1784397600031,0.0005280974,0.0073412993,2026-07-18 18:00:00+00:00,2026-07-18,off,True
para:CRDO,US,1784401200033,0.0006833731,0.009411642,2026-07-18 19:00:00+00:00,2026-07-18,off,True
para:CRDO,US,1784404800016,0.0003001107,0.0043014754,2026-07-18 20:00:00+00:00,2026-07-18,off,True
para:CRDO,US,1784408400006,-3.52048e-05,-0.0007693976,2026-07-18 21:00:00+00:00,2026-07-18,off,True
para:CRDO,US,1784412000011,-0.0002734302,-0.0039457362,2026-07-18 22:00:00+00:00,2026-07-18,off,True
para:CRDO,US,1784415600009,0.0001947774,0.0028970326,2026-07-18 23:00:00+00:00,2026-07-18,off,True
para:CRDO,US,1784419200030,0.0002403973,0.003505297,2026-07-19 00:00:00+00:00,2026-07-19,off,True
para:CRDO,US,1784422800044,-3.3044e-06,-0.0003440586,2026-07-19 01:00:00+00:00,2026-07-19,off,True
para:CRDO,US,1784426400055,0.0001686136,0.0025481808,2026-07-19 02:00:00+00:00,2026-07-19,off,True
para:CRDO,US,1784430000022,0.0003621249,0.0051283314,2026-07-19 03:00:00+00:00,2026-07-19,off,True
para:CRDO,US,1784433600031,9.51818e-05,0.0015690901,2026-07-19 04:00:00+00:00,2026-07-19,off,True
para:CRDO,US,1784437200043,0.0002538007,0.0036840088,2026-07-19 05:00:00+00:00,2026-07-19,off,True
para:CRDO,US,1784440800032,0.0003588095,0.0050841272,2026-07-19 06:00:00+00:00,2026-07-19,off,True
para:CRDO,US,1784444400047,0.0003650289,0.005167052,2026-07-19 07:00:00+00:00,2026-07-19,off,True
para:CRDO,US,1784448000093,0.000275859,0.0039781197,2026-07-19 08:00:00+00:00,2026-07-19,off,True
para:CRDO,US,1784451600026,0.0002871544,0.0041287259,2026-07-19 09:00:00+00:00,2026-07-19,off,True
para:CRDO,US,1784455200030,0.0001607397,0.0024431955,2026-07-19 10:00:00+00:00,2026-07-19,off,True
para:CRDO,US,1784458800033,0.0002683335,0.0038777806,2026-07-19 11:00:00+00:00,2026-07-19,off,True
para:CRDO,US,1784462400037,0.0002398947,0.003498596,2026-07-19 12:00:00+00:00,2026-07-19,off,True
para:CRDO,US,1784466000014,7.5e-06,0.0003779844,2026-07-19 13:00:00+00:00,2026-07-19,off,True
para:CRDO,US,1784469600135,-0.0001727899,-0.0026038653,2026-07-19 14:00:00+00:00,2026-07-19,off,True
para:CRDO,US,1784473200019,-0.0001632263,-0.0024763505,2026-07-19 15:00:00+00:00,2026-07-19,off,True
para:CRDO,US,1784476800007,-0.0002807875,-0.0040438333,2026-07-19 16:00:00+00:00,2026-07-19,off,True
para:CRDO,US,1784480400043,7.5e-06,0.0003791483,2026-07-19 17:00:00+00:00,2026-07-19,off,True
para:CRDO,US,1784484000049,0.0001641569,0.0024887587,2026-07-19 18:00:00+00:00,2026-07-19,off,True
para:CRDO,US,1784487600049,-0.0003398998,-0.0048319971,2026-07-19 19:00:00+00:00,2026-07-19,off,True
para:CRDO,US,1784491200010,-0.0001784281,-0.0026790412,2026-07-19 20:00:00+00:00,2026-07-19,off,True
para:CRDO,US,1784494800026,-3.15791e-05,-0.0007210549,2026-07-19 21:00:00+00:00,2026-07-19,off,True
para:CRDO,US,1784498400049,7.5e-06,8.91164e-05,2026-07-19 22:00:00+00:00,2026-07-19,off,True
para:CRDO,US,1784502000014,0.0002386798,0.0034823974,2026-07-19 23:00:00+00:00,2026-07-19,off,True
para:CRDO,US,1784505600034,8.60857e-05,0.0014478088,2026-07-20 00:00:00+00:00,2026-07-20,off,True
para:CRDO,US,1784509200063,4.3563e-06,-0.0002419161,2026-07-20 01:00:00+00:00,2026-07-20,off,False
para:CRDO,US,1784512800052,4.45259e-05,0.0008936783,2026-07-20 02:00:00+00:00,2026-07-20,off,False
para:CRDO,US,1784516400046,8.98082e-05,0.0014974429,2026-07-20 03:00:00+00:00,2026-07-20,off,False
para:CRDO,US,1784520000011,6.63942e-05,0.0011852556,2026-07-20 04:00:00+00:00,2026-07-20,off,False
para:CRDO,US,1784523600027,7.46926e-05,0.0012959015,2026-07-20 05:00:00+00:00,2026-07-20,off,False
para:CRDO,US,1784527200047,2.8552e-05,0.0006806928,2026-07-20 06:00:00+00:00,2026-07-20,off,False
para:CRDO,US,1784530800008,7.5e-06,5.69444e-05,2026-07-20 07:00:00+00:00,2026-07-20,off,False
para:CRDO,US,1784534400058,1.67957e-05,0.0005239422,2026-07-20 08:00:00+00:00,2026-07-20,off,False
para:CRDO,US,1784538000029,7.5e-06,0.00025405,2026-07-20 09:00:00+00:00,2026-07-20,off,False
para:CRDO,US,1784541600029,8.9233e-06,0.000418978,2026-07-20 10:00:00+00:00,2026-07-20,off,False
para:CRDO,US,1784545200000,7.5e-06,0.0002574502,2026-07-20 11:00:00+00:00,2026-07-20,off,False
para:CRDO,US,1784548800000,7.5e-06,0.0002728399,2026-07-20 12:00:00+00:00,2026-07-20,off,False
para:CRDO,US,1784552400047,7.5e-06,6.18139e-05,2026-07-20 13:00:00+00:00,2026-07-20,off,False
para:CRDO,US,1784556000049,7.5e-06,-5.37704e-05,2026-07-20 14:00:00+00:00,2026-07-20,session,False
para:CRDO,US,1784559600053,2.4558e-06,-0.0002672564,2026-07-20 15:00:00+00:00,2026-07-20,session,False
para:CRDO,US,1784563200104,7.5e-06,-0.0001658426,2026-07-20 16:00:00+00:00,2026-07-20,session,False
para:CRDO,US,1784566800046,7.5e-06,0.0001314696,2026-07-20 17:00:00+00:00,2026-07-20,session,False
para:CRDO,US,1784570400027,7.5e-06,0.0001046955,2026-07-20 18:00:00+00:00,2026-07-20,session,False
para:CRDO,US,1784574000035,7.5e-06,0.0001015518,2026-07-20 19:00:00+00:00,2026-07-20,session,False
para:CRDO,US,1784577600008,-1.41915e-05,-0.0004892197,2026-07-20 20:00:00+00:00,2026-07-20,session,False
para:CRDO,US,1784581200006,7.5e-06,0.0001356816,2026-07-20 21:00:00+00:00,2026-07-20,off,False
para:CRDO,US,1784584800003,7.5e-06,0.0002369313,2026-07-20 22:00:00+00:00,2026-07-20,off,False
para:CRDO,US,1784588400048,1.56203e-05,0.0005082709,2026-07-20 23:00:00+00:00,2026-07-20,off,False
para:CRDO,US,1784592000040,7.5e-06,4.93013e-05,2026-07-21 00:00:00+00:00,2026-07-21,off,False
para:CRDO,US,1784595600005,7.5e-06,-0.00016038,2026-07-21 01:00:00+00:00,2026-07-21,off,False
para:CRDO,US,1784599200036,-0.0005746216,-0.007961621,2026-07-21 02:00:00+00:00,2026-07-21,off,False
para:CRDO,US,1784602800030,7.5574e-06,0.0004007647,2026-07-21 03:00:00+00:00,2026-07-21,off,False
para:CRDO,US,1784606400001,7.5e-06,0.0003541178,2026-07-21 04:00:00+00:00,2026-07-21,off,False
para:CRDO,US,1784610000004,1.40771e-05,0.0004876947,2026-07-21 05:00:00+00:00,2026-07-21,off,False
para:CRDO,US,1784613600043,1.39706e-05,0.0004862748,2026-07-21 06:00:00+00:00,2026-07-21,off,False
para:CRDO,US,1784617200034,1.81592e-05,0.0005421226,2026-07-21 07:00:00+00:00,2026-07-21,off,False
para:CRDO,US,1784620800035,1.12817e-05,0.0004504226,2026-07-21 08:00:00+00:00,2026-07-21,off,False
para:CRDO,US,1784624400044,9.6054e-06,0.0004280724,2026-07-21 09:00:00+00:00,2026-07-21,off,False
para:CRDO,US,1784628000032,1.78991e-05,0.0005386551,2026-07-21 10:00:00+00:00,2026-07-21,off,False
para:CRDO,US,1784631600043,1.81294e-05,0.0005417256,2026-07-21 11:00:00+00:00,2026-07-21,off,False
para:CRDO,US,1784635200029,7.5e-06,0.0003162323,2026-07-21 12:00:00+00:00,2026-07-21,off,False
para:CRDO,US,1784638800025,7.5e-06,0.0003842782,2026-07-21 13:00:00+00:00,2026-07-21,off,False
para:CRDO,US,1784642400062,7.5e-06,-3.29599e-05,2026-07-21 14:00:00+00:00,2026-07-21,session,False
para:CRDO,US,1784646000021,7.5e-06,0.0001147109,2026-07-21 15:00:00+00:00,2026-07-21,session,False
para:CRDO,US,1784649600022,7.5e-06,0.0002771992,2026-07-21 16:00:00+00:00,2026-07-21,session,False
para:CRDO,US,1784653200028,7.5e-06,4.27244e-05,2026-07-21 17:00:00+00:00,2026-07-21,session,False
para:CRDO,US,1784656800028,7.5e-06,0.0001662062,2026-07-21 18:00:00+00:00,2026-07-21,session,False
para:CRDO,US,1784660400068,7.5e-06,0.0001936857,2026-07-21 19:00:00+00:00,2026-07-21,session,False
para:CRDO,US,1784664000059,7.5e-06,0.0001415326,2026-07-21 20:00:00+00:00,2026-07-21,session,False
para:CRDO,US,1784667600047,1.45761e-05,0.0004943486,2026-07-21 21:00:00+00:00,2026-07-21,off,False
para:CRDO,US,1784671200051,8.9684e-06,0.0004195787,2026-07-21 22:00:00+00:00,2026-07-21,off,False
para:CRDO,US,1784674800023,7.7448e-06,0.0004032635,2026-07-21 23:00:00+00:00,2026-07-21,off,False
para:CRDO,US,1784678400025,1.80743e-05,0.00054099,2026-07-22 00:00:00+00:00,2026-07-22,off,False
para:CRDO,US,1784682000013,3.9773e-05,0.0008303066,2026-07-22 01:00:00+00:00,2026-07-22,off,False
para:CRDO,US,1784685600091,4.05645e-05,0.0008408599,2026-07-22 02:00:00+00:00,2026-07-22,off,False
para:CRDO,US,1784689200043,2.95758e-05,0.0006943443,2026-07-22 03:00:00+00:00,2026-07-22,off,False
para:CRDO,US,1784692800052,7.5e-06,8.31985e-05,2026-07-22 04:00:00+00:00,2026-07-22,off,False
para:CRDO,US,1784696400087,5.65439e-05,0.0010539182,2026-07-22 05:00:00+00:00,2026-07-22,off,False
para:CRDO,US,1784700000048,2.6467e-05,0.000652893,2026-07-22 06:00:00+00:00,2026-07-22,off,False
para:CRDO,US,1784703600019,3.12756e-05,0.0007170086,2026-07-22 07:00:00+00:00,2026-07-22,off,False
para:CRDO,US,1784707200039,7.5e-06,3.14506e-05,2026-07-22 08:00:00+00:00,2026-07-22,off,False
para:CRDO,US,1784710800028,-1.07198e-05,-0.0004429307,2026-07-22 09:00:00+00:00,2026-07-22,off,False
para:CRDO,US,1784714400025,1.36925e-05,0.0004825669,2026-07-22 10:00:00+00:00,2026-07-22,off,False
para:CRDO,US,1784718000047,-5.75877e-05,-0.0010678359,2026-07-22 11:00:00+00:00,2026-07-22,off,False
para:CRDO,US,1784721600037,4.4807e-06,-0.0002402578,2026-07-22 12:00:00+00:00,2026-07-22,off,False
para:CRDO,US,1784725200052,-7.72525e-05,-0.0013300339,2026-07-22 13:00:00+00:00,2026-07-22,off,False
para:CRDO,US,1784728800038,7.5e-06,5.24566e-05,2026-07-22 14:00:00+00:00,2026-07-22,session,False
para:CRDO,US,1784732400018,7.5e-06,7.72607e-05,2026-07-22 15:00:00+00:00,2026-07-22,session,False
para:CRDO,US,1784736000004,7.5e-06,9.28082e-05,2026-07-22 16:00:00+00:00,2026-07-22,session,False
para:CRDO,US,1784739600047,7.5e-06,0.0002119883,2026-07-22 17:00:00+00:00,2026-07-22,session,False
para:CRDO,US,1784743200015,7.5e-06,0.0003230096,2026-07-22 18:00:00+00:00,2026-07-22,session,False
para:CRDO,US,1784746800007,7.5e-06,0.0002143477,2026-07-22 19:00:00+00:00,2026-07-22,session,False
para:CRDO,US,1784750400054,7.5e-06,0.0001495425,2026-07-22 20:00:00+00:00,2026-07-22,session,False
xyz:HYUNDAI,KR,1784149200027,-0.0001095354,-0.0020525669,2026-07-15 21:00:00+00:00,2026-07-15,off,False
xyz:HYUNDAI,KR,1784152800016,-9.72569e-05,-0.0018561101,2026-07-15 22:00:00+00:00,2026-07-15,off,False
xyz:HYUNDAI,KR,1784156400034,-0.0001732208,-0.0030715323,2026-07-15 23:00:00+00:00,2026-07-15,off,False
xyz:HYUNDAI,KR,1784160000034,0.0002572257,0.0044156112,2026-07-16 00:00:00+00:00,2026-07-16,off,False
xyz:HYUNDAI,KR,1784163600054,0.000219824,0.0038171843,2026-07-16 01:00:00+00:00,2026-07-16,session,False
xyz:HYUNDAI,KR,1784167200027,0.0002631819,0.0045109108,2026-07-16 02:00:00+00:00,2026-07-16,session,False
xyz:HYUNDAI,KR,1784170800033,0.000274292,0.0046886717,2026-07-16 03:00:00+00:00,2026-07-16,session,False
xyz:HYUNDAI,KR,1784174400056,0.000221791,0.003848656,2026-07-16 04:00:00+00:00,2026-07-16,session,False
xyz:HYUNDAI,KR,1784178000122,0.000275576,0.0047092153,2026-07-16 05:00:00+00:00,2026-07-16,session,False
xyz:HYUNDAI,KR,1784181600066,0.0001840155,0.0032442473,2026-07-16 06:00:00+00:00,2026-07-16,session,False
xyz:HYUNDAI,KR,1784185200042,0.0001798223,0.0031771562,2026-07-16 07:00:00+00:00,2026-07-16,session,False
xyz:HYUNDAI,KR,1784188800015,0.0002130988,0.0037095807,2026-07-16 08:00:00+00:00,2026-07-16,off,False
xyz:HYUNDAI,KR,1784192400017,0.000234967,0.0040594724,2026-07-16 09:00:00+00:00,2026-07-16,off,False
xyz:HYUNDAI,KR,1784196000008,0.0002254111,0.0039065771,2026-07-16 10:00:00+00:00,2026-07-16,off,False
xyz:HYUNDAI,KR,1784199600020,0.000224737,0.0038957921,2026-07-16 11:00:00+00:00,2026-07-16,off,False
xyz:HYUNDAI,KR,1784203200028,-5.5684e-06,-0.0003890938,2026-07-16 12:00:00+00:00,2026-07-16,off,False
xyz:HYUNDAI,KR,1784206800050,-0.0001525437,-0.0027406993,2026-07-16 13:00:00+00:00,2026-07-16,off,False
xyz:HYUNDAI,KR,1784210400054,-9.91404e-05,-0.0018862465,2026-07-16 14:00:00+00:00,2026-07-16,off,False
xyz:HYUNDAI,KR,1784214000016,6.25e-06,0.0002744845,2026-07-16 15:00:00+00:00,2026-07-16,off,False
xyz:HYUNDAI,KR,1784217600041,-0.0001348659,-0.0024578545,2026-07-16 16:00:00+00:00,2026-07-16,off,False
xyz:HYUNDAI,KR,1784221200000,-0.0001525585,-0.0027409355,2026-07-16 17:00:00+00:00,2026-07-16,off,False
xyz:HYUNDAI,KR,1784224800011,-0.0001534441,-0.002755106,2026-07-16 18:00:00+00:00,2026-07-16,off,False
xyz:HYUNDAI,KR,1784228400031,-8.54906e-05,-0.0016678493,2026-07-16 19:00:00+00:00,2026-07-16,off,False
xyz:HYUNDAI,KR,1784232000030,-8.66766e-05,-0.0016868258,2026-07-16 20:00:00+00:00,2026-07-16,off,False
xyz:HYUNDAI,KR,1784235600011,2.83599e-05,0.000753759,2026-07-16 21:00:00+00:00,2026-07-16,off,False
xyz:HYUNDAI,KR,1784239200008,4.807e-05,0.0010691201,2026-07-16 22:00:00+00:00,2026-07-16,off,False
xyz:HYUNDAI,KR,1784242800017,-5.55319e-05,-0.0011885107,2026-07-16 23:00:00+00:00,2026-07-16,off,False
xyz:HYUNDAI,KR,1784246400018,-0.0001497175,-0.0026954796,2026-07-17 00:00:00+00:00,2026-07-17,off,False
xyz:HYUNDAI,KR,1784250000021,-0.0002629071,-0.0045065135,2026-07-17 01:00:00+00:00,2026-07-17,session,False
xyz:HYUNDAI,KR,1784253600001,-0.0001815369,-0.0032045899,2026-07-17 02:00:00+00:00,2026-07-17,session,False
xyz:HYUNDAI,KR,1784257200017,-0.0002299504,-0.003979207,2026-07-17 03:00:00+00:00,2026-07-17,session,False
xyz:HYUNDAI,KR,1784260800041,-0.0001044037,-0.001970459,2026-07-17 04:00:00+00:00,2026-07-17,session,False
xyz:HYUNDAI,KR,1784264400052,-0.0002533996,-0.0043543934,2026-07-17 05:00:00+00:00,2026-07-17,session,False
xyz:HYUNDAI,KR,1784268000032,-0.0001871758,-0.0032948124,2026-07-17 06:00:00+00:00,2026-07-17,session,False
xyz:HYUNDAI,KR,1784271600072,-0.0002748213,-0.0046971405,2026-07-17 07:00:00+00:00,2026-07-17,session,False
xyz:HYUNDAI,KR,1784275200065,-0.0001767616,-0.0031281862,2026-07-17 08:00:00+00:00,2026-07-17,off,False
xyz:HYUNDAI,KR,1784278800031,-0.0002237222,-0.0038795548,2026-07-17 09:00:00+00:00,2026-07-17,off,False
xyz:HYUNDAI,KR,1784282400070,9.05694e-05,0.0017491103,2026-07-17 10:00:00+00:00,2026-07-17,off,False
xyz:HYUNDAI,KR,1784286000020,0.0004686981,0.0077991702,2026-07-17 11:00:00+00:00,2026-07-17,off,False
xyz:HYUNDAI,KR,1784289600011,0.0001483486,0.0026735779,2026-07-17 12:00:00+00:00,2026-07-17,off,False
xyz:HYUNDAI,KR,1784293200060,0.0001630009,0.0029080151,2026-07-17 13:00:00+00:00,2026-07-17,off,False
xyz:HYUNDAI,KR,1784296800111,5.77557e-05,0.0012240907,2026-07-17 14:00:00+00:00,2026-07-17,off,False
xyz:HYUNDAI,KR,1784300400050,0.0004111019,0.0068776301,2026-07-17 15:00:00+00:00,2026-07-17,off,False
xyz:HYUNDAI,KR,1784304000048,0.0001745106,0.0030921703,2026-07-17 16:00:00+00:00,2026-07-17,off,False
xyz:HYUNDAI,KR,1784307600062,0.0001726352,0.0030621637,2026-07-17 17:00:00+00:00,2026-07-17,off,False
xyz:HYUNDAI,KR,1784311200022,-2.99784e-05,-0.0007796541,2026-07-17 18:00:00+00:00,2026-07-17,off,False
xyz:HYUNDAI,KR,1784314800025,-0.0002313184,-0.0040010943,2026-07-17 19:00:00+00:00,2026-07-17,off,False
xyz:HYUNDAI,KR,1784318400039,-0.0001889404,-0.0033230469,2026-07-17 20:00:00+00:00,2026-07-17,off,False
xyz:HYUNDAI,KR,1784322000065,-8.90751e-05,-0.0017252023,2026-07-17 21:00:00+00:00,2026-07-17,off,False
xyz:HYUNDAI,KR,1784325600069,5.4701e-06,-0.0002124792,2026-07-17 22:00:00+00:00,2026-07-17,off,False
xyz:HYUNDAI,KR,1784329200041,2.14494e-05,0.0006431904,2026-07-17 23:00:00+00:00,2026-07-17,off,False
xyz:HYUNDAI,KR,1784332800082,6.25e-06,-6.60452e-05,2026-07-18 00:00:00+00:00,2026-07-18,off,False
xyz:HYUNDAI,KR,1784336400081,6.24508e-05,0.0012992128,2026-07-18 01:00:00+00:00,2026-07-18,off,True
xyz:HYUNDAI,KR,1784340000013,-6.3215e-05,-0.0013114402,2026-07-18 02:00:00+00:00,2026-07-18,off,True
xyz:HYUNDAI,KR,1784343600008,-4.824e-05,-0.0010718396,2026-07-18 03:00:00+00:00,2026-07-18,off,True
xyz:HYUNDAI,KR,1784347200021,-0.0001069722,-0.0020115554,2026-07-18 04:00:00+00:00,2026-07-18,off,True
xyz:HYUNDAI,KR,1784350800016,-6.28649e-05,-0.0013058388,2026-07-18 05:00:00+00:00,2026-07-18,off,True
xyz:HYUNDAI,KR,1784354400028,-2.41894e-05,-0.00068703,2026-07-18 06:00:00+00:00,2026-07-18,off,True
xyz:HYUNDAI,KR,1784358000025,-3.71714e-05,-0.0008947425,2026-07-18 07:00:00+00:00,2026-07-18,off,True
xyz:HYUNDAI,KR,1784361600019,-6.9077e-06,-0.000410523,2026-07-18 08:00:00+00:00,2026-07-18,off,True
xyz:HYUNDAI,KR,1784365200040,-1.86415e-05,-0.0005982635,2026-07-18 09:00:00+00:00,2026-07-18,off,True
xyz:HYUNDAI,KR,1784368800020,-2.70104e-05,-0.0007321672,2026-07-18 10:00:00+00:00,2026-07-18,off,True
xyz:HYUNDAI,KR,1784372400039,-1.01674e-05,-0.0004626789,2026-07-18 11:00:00+00:00,2026-07-18,off,True
xyz:HYUNDAI,KR,1784376000044,2.5876e-05,0.0007140159,2026-07-18 12:00:00+00:00,2026-07-18,off,True
xyz:HYUNDAI,KR,1784379600006,2.6169e-06,-0.0002581304,2026-07-18 13:00:00+00:00,2026-07-18,off,True
xyz:HYUNDAI,KR,1784383200061,6.25e-06,-2.45482e-05,2026-07-18 14:00:00+00:00,2026-07-18,off,True
xyz:HYUNDAI,KR,1784386800024,2.63533e-05,0.0007216524,2026-07-18 15:00:00+00:00,2026-07-18,off,True
xyz:HYUNDAI,KR,1784390400043,6.25e-06,-0.0001617085,2026-07-18 16:00:00+00:00,2026-07-18,off,True
xyz:HYUNDAI,KR,1784394000035,-3.32113e-05,-0.0008313813,2026-07-18 17:00:00+00:00,2026-07-18,off,True
xyz:HYUNDAI,KR,1784397600031,-2.90345e-05,-0.000764552,2026-07-18 18:00:00+00:00,2026-07-18,off,True
xyz:HYUNDAI,KR,1784401200033,6.25e-06,-0.0001548562,2026-07-18 19:00:00+00:00,2026-07-18,off,True
xyz:HYUNDAI,KR,1784404800016,6.25e-06,0.0002678893,2026-07-18 20:00:00+00:00,2026-07-18,off,True
xyz:HYUNDAI,KR,1784408400006,6.25e-06,0.0003711291,2026-07-18 21:00:00+00:00,2026-07-18,off,True
xyz:HYUNDAI,KR,1784412000011,-3.9332e-06,-0.0003629311,2026-07-18 22:00:00+00:00,2026-07-18,off,True
xyz:HYUNDAI,KR,1784415600009,6.25e-06,5.5873e-06,2026-07-18 23:00:00+00:00,2026-07-18,off,True
xyz:HYUNDAI,KR,1784419200030,6.28728e-05,0.0013059643,2026-07-19 00:00:00+00:00,2026-07-19,off,True
xyz:HYUNDAI,KR,1784422800044,7.73399e-05,0.0015374376,2026-07-19 01:00:00+00:00,2026-07-19,off,True
xyz:HYUNDAI,KR,1784426400055,8.74865e-05,0.0016997838,2026-07-19 02:00:00+00:00,2026-07-19,off,True
xyz:HYUNDAI,KR,1784430000022,4.54439e-05,0.0010271017,2026-07-19 03:00:00+00:00,2026-07-19,off,True
xyz:HYUNDAI,KR,1784433600031,-2.6651e-05,-0.0007264163,2026-07-19 04:00:00+00:00,2026-07-19,off,True
xyz:HYUNDAI,KR,1784437200043,6.25e-06,-0.0001131604,2026-07-19 05:00:00+00:00,2026-07-19,off,True
xyz:HYUNDAI,KR,1784440800032,5.66032e-05,0.0012056504,2026-07-19 06:00:00+00:00,2026-07-19,off,True
xyz:HYUNDAI,KR,1784444400047,8.12038e-05,0.0015992606,2026-07-19 07:00:00+00:00,2026-07-19,off,True
xyz:HYUNDAI,KR,1784448000093,9.74031e-05,0.0018584502,2026-07-19 08:00:00+00:00,2026-07-19,off,True
xyz:HYUNDAI,KR,1784451600026,9.79677e-05,0.0018674839,2026-07-19 09:00:00+00:00,2026-07-19,off,True
xyz:HYUNDAI,KR,1784455200030,9.3106e-05,0.0017896956,2026-07-19 10:00:00+00:00,2026-07-19,off,True
xyz:HYUNDAI,KR,1784458800033,9.5955e-05,0.0018352804,2026-07-19 11:00:00+00:00,2026-07-19,off,True
xyz:HYUNDAI,KR,1784462400037,0.000130768,0.002392288,2026-07-19 12:00:00+00:00,2026-07-19,off,True
xyz:HYUNDAI,KR,1784466000014,0.0002887297,0.0049196754,2026-07-19 13:00:00+00:00,2026-07-19,off,True
xyz:HYUNDAI,KR,1784469600135,0.0003246428,0.0054942847,2026-07-19 14:00:00+00:00,2026-07-19,off,True
xyz:HYUNDAI,KR,1784473200019,0.0002388001,0.0041208014,2026-07-19 15:00:00+00:00,2026-07-19,off,True
xyz:HYUNDAI,KR,1784476800007,6.25e-06,-8.67968e-05,2026-07-19 16:00:00+00:00,2026-07-19,off,True
xyz:HYUNDAI,KR,1784480400043,-0.0001950904,-0.0034214466,2026-07-19 17:00:00+00:00,2026-07-19,off,True
xyz:HYUNDAI,KR,1784484000049,-3.1655e-05,-0.0008064806,2026-07-19 18:00:00+00:00,2026-07-19,off,True
xyz:HYUNDAI,KR,1784487600049,-4.02441e-05,-0.0009439059,2026-07-19 19:00:00+00:00,2026-07-19,off,True
xyz:HYUNDAI,KR,1784491200010,-6.9824e-05,-0.0014171836,2026-07-19 20:00:00+00:00,2026-07-19,off,True
xyz:HYUNDAI,KR,1784494800026,-0.000176232,-0.0031197123,2026-07-19 21:00:00+00:00,2026-07-19,off,True
xyz:HYUNDAI,KR,1784498400049,-0.0001478706,-0.0026659299,2026-07-19 22:00:00+00:00,2026-07-19,off,True
xyz:HYUNDAI,KR,1784502000014,-6.11882e-05,-0.0012790117,2026-07-19 23:00:00+00:00,2026-07-19,off,True
xyz:HYUNDAI,KR,1784505600034,0.0002135054,0.0037160866,2026-07-20 00:00:00+00:00,2026-07-20,off,True
xyz:HYUNDAI,KR,1784509200063,0.0002653113,0.0045449808,2026-07-20 01:00:00+00:00,2026-07-20,session,False
xyz:HYUNDAI,KR,1784512800052,0.0003344453,0.0056511243,2026-07-20 02:00:00+00:00,2026-07-20,session,False
xyz:HYUNDAI,KR,1784516400046,0.0002137427,0.0037198826,2026-07-20 03:00:00+00:00,2026-07-20,session,False
xyz:HYUNDAI,KR,1784520000011,0.000191556,0.0033648953,2026-07-20 04:00:00+00:00,2026-07-20,session,False
xyz:HYUNDAI,KR,1784523600027,0.0001034864,0.0019557816,2026-07-20 05:00:00+00:00,2026-07-20,session,False
xyz:HYUNDAI,KR,1784527200047,8.29153e-05,0.0016266454,2026-07-20 06:00:00+00:00,2026-07-20,session,False
xyz:HYUNDAI,KR,1784530800008,0.0002183579,0.0037937258,2026-07-20 07:00:00+00:00,2026-07-20,session,False
xyz:HYUNDAI,KR,1784534400058,0.0002206736,0.0038307772,2026-07-20 08:00:00+00:00,2026-07-20,off,False
xyz:HYUNDAI,KR,1784538000029,3.30033e-05,0.0008280527,2026-07-20 09:00:00+00:00,2026-07-20,off,False
xyz:HYUNDAI,KR,1784541600029,-5.03813e-05,-0.0011061007,2026-07-20 10:00:00+00:00,2026-07-20,off,False
xyz:HYUNDAI,KR,1784545200000,-2.1921e-05,-0.0006507368,2026-07-20 11:00:00+00:00,2026-07-20,off,False
xyz:HYUNDAI,KR,1784548800000,4.6574e-05,0.0010451844,2026-07-20 12:00:00+00:00,2026-07-20,off,False
xyz:HYUNDAI,KR,1784552400047,6.25e-06,-4.40758e-05,2026-07-20 13:00:00+00:00,2026-07-20,off,False
xyz:HYUNDAI,KR,1784556000049,6.25e-06,0.0003860017,2026-07-20 14:00:00+00:00,2026-07-20,off,False
xyz:HYUNDAI,KR,1784559600053,-0.0002348311,-0.004057297,2026-07-20 15:00:00+00:00,2026-07-20,off,False
xyz:HYUNDAI,KR,1784563200104,-6.12912e-05,-0.0012806593,2026-07-20 16:00:00+00:00,2026-07-20,off,False
xyz:HYUNDAI,KR,1784566800046,7.48405e-05,0.0014974476,2026-07-20 17:00:00+00:00,2026-07-20,off,False
xyz:HYUNDAI,KR,1784570400027,5.27494e-05,0.0011439909,2026-07-20 18:00:00+00:00,2026-07-20,off,False
xyz:HYUNDAI,KR,1784574000035,6.25e-06,0.0003033215,2026-07-20 19:00:00+00:00,2026-07-20,off,False
xyz:HYUNDAI,KR,1784577600008,-7.14645e-05,-0.0014434318,2026-07-20 20:00:00+00:00,2026-07-20,off,False
xyz:HYUNDAI,KR,1784581200006,-5.22327e-05,-0.0011357233,2026-07-20 21:00:00+00:00,2026-07-20,off,False
xyz:HYUNDAI,KR,1784584800003,2.45755e-05,0.0006932076,2026-07-20 22:00:00+00:00,2026-07-20,off,False
xyz:HYUNDAI,KR,1784588400048,9.69541e-05,0.0018512651,2026-07-20 23:00:00+00:00,2026-07-20,off,False
xyz:HYUNDAI,KR,1784592000040,0.0001671939,0.0029751017,2026-07-21 00:00:00+00:00,2026-07-21,off,False
xyz:HYUNDAI,KR,1784595600005,0.0001361776,0.0024788415,2026-07-21 01:00:00+00:00,2026-07-21,session,False
xyz:HYUNDAI,KR,1784599200036,0.0001096031,0.0020536493,2026-07-21 02:00:00+00:00,2026-07-21,session,False
xyz:HYUNDAI,KR,1784602800030,0.0001376889,0.0025030224,2026-07-21 03:00:00+00:00,2026-07-21,session,False
xyz:HYUNDAI,KR,1784606400001,6.25e-06,-9.92159e-05,2026-07-21 04:00:00+00:00,2026-07-21,session,False
xyz:HYUNDAI,KR,1784610000004,6.25e-06,-0.000122808,2026-07-21 05:00:00+00:00,2026-07-21,session,False
xyz:HYUNDAI,KR,1784613600043,1.96489e-05,0.0006143825,2026-07-21 06:00:00+00:00,2026-07-21,session,False
xyz:HYUNDAI,KR,1784617200034,4.81301e-05,0.0010700823,2026-07-21 07:00:00+00:00,2026-07-21,session,False
xyz:HYUNDAI,KR,1784620800035,6.18372e-05,0.0012893947,2026-07-21 08:00:00+00:00,2026-07-21,off,False
xyz:HYUNDAI,KR,1784624400044,0.0001279295,0.0023468714,2026-07-21 09:00:00+00:00,2026-07-21,off,False
xyz:HYUNDAI,KR,1784628000032,-6.67037e-05,-0.0013672591,2026-07-21 10:00:00+00:00,2026-07-21,off,False
xyz:HYUNDAI,KR,1784631600043,6.25e-06,0.0002326446,2026-07-21 11:00:00+00:00,2026-07-21,off,False
xyz:HYUNDAI,KR,1784635200029,-2.78754e-05,-0.0007460056,2026-07-21 12:00:00+00:00,2026-07-21,off,False
xyz:HYUNDAI,KR,1784638800025,6.25e-06,0.0003920371,2026-07-21 13:00:00+00:00,2026-07-21,off,False
xyz:HYUNDAI,KR,1784642400062,6.25e-06,-0.000105612,2026-07-21 14:00:00+00:00,2026-07-21,off,False
xyz:HYUNDAI,KR,1784646000021,-4.46949e-05,-0.0010151184,2026-07-21 15:00:00+00:00,2026-07-21,off,False
xyz:HYUNDAI,KR,1784649600022,1.45753e-05,0.000533205,2026-07-21 16:00:00+00:00,2026-07-21,off,False
xyz:HYUNDAI,KR,1784653200028,5.43453e-05,0.0011695249,2026-07-21 17:00:00+00:00,2026-07-21,off,False
xyz:HYUNDAI,KR,1784656800028,0.0001527758,0.002744412,2026-07-21 18:00:00+00:00,2026-07-21,off,False
xyz:HYUNDAI,KR,1784660400068,6.65453e-05,0.0013647243,2026-07-21 19:00:00+00:00,2026-07-21,off,False
xyz:HYUNDAI,KR,1784664000059,6.25e-06,-8.55619e-05,2026-07-21 20:00:00+00:00,2026-07-21,off,False
xyz:HYUNDAI,KR,1784667600047,5.65552e-05,0.0012048835,2026-07-21 21:00:00+00:00,2026-07-21,off,False
xyz:HYUNDAI,KR,1784671200051,0.0001606865,0.0028709838,2026-07-21 22:00:00+00:00,2026-07-21,off,False
xyz:HYUNDAI,KR,1784674800023,6.25e-06,0.0003534118,2026-07-21 23:00:00+00:00,2026-07-21,off,False
xyz:HYUNDAI,KR,1784678400025,-2.381e-06,-0.0003380967,2026-07-22 00:00:00+00:00,2026-07-22,off,False
xyz:HYUNDAI,KR,1784682000013,5.26386e-05,0.0011422173,2026-07-22 01:00:00+00:00,2026-07-22,session,False
xyz:HYUNDAI,KR,1784685600091,0.0001116124,0.0020857986,2026-07-22 02:00:00+00:00,2026-07-22,session,False
xyz:HYUNDAI,KR,1784689200043,4.88885e-05,0.0010822157,2026-07-22 03:00:00+00:00,2026-07-22,session,False
xyz:HYUNDAI,KR,1784692800052,6.25412e-05,0.0013006589,2026-07-22 04:00:00+00:00,2026-07-22,session,False
xyz:HYUNDAI,KR,1784696400087,6.25e-06,9.85136e-05,2026-07-22 05:00:00+00:00,2026-07-22,session,False
xyz:HYUNDAI,KR,1784700000048,0.0001059025,0.0019944404,2026-07-22 06:00:00+00:00,2026-07-22,session,False
xyz:HYUNDAI,KR,1784703600019,7.8231e-05,0.0015516966,2026-07-22 07:00:00+00:00,2026-07-22,session,False
xyz:HYUNDAI,KR,1784707200039,-1.79948e-05,-0.0005879174,2026-07-22 08:00:00+00:00,2026-07-22,off,False
xyz:HYUNDAI,KR,1784710800028,0.0002145199,0.0037323184,2026-07-22 09:00:00+00:00,2026-07-22,off,False
xyz:HYUNDAI,KR,1784714400025,0.000129077,0.0023652316,2026-07-22 10:00:00+00:00,2026-07-22,off,False
xyz:HYUNDAI,KR,1784718000047,-2.87311e-05,-0.0007596971,2026-07-22 11:00:00+00:00,2026-07-22,off,False
xyz:HYUNDAI,KR,1784721600037,-4.9809e-05,-0.0010969436,2026-07-22 12:00:00+00:00,2026-07-22,off,False
xyz:HYUNDAI,KR,1784725200052,-1.59951e-05,-0.000555922,2026-07-22 13:00:00+00:00,2026-07-22,off,False
xyz:HYUNDAI,KR,1784728800038,6.93825e-05,0.00141012,2026-07-22 14:00:00+00:00,2026-07-22,off,False
xyz:HYUNDAI,KR,1784732400018,8.62344e-05,0.0016797509,2026-07-22 15:00:00+00:00,2026-07-22,off,False
xyz:HYUNDAI,KR,1784736000004,7.22274e-05,0.001455638,2026-07-22 16:00:00+00:00,2026-07-22,off,False
xyz:HYUNDAI,KR,1784739600047,-5.12518e-05,-0.0011200289,2026-07-22 17:00:00+00:00,2026-07-22,off,False
xyz:HYUNDAI,KR,1784743200015,-8.00927e-05,-0.0015814829,2026-07-22 18:00:00+00:00,2026-07-22,off,False
xyz:HYUNDAI,KR,1784746800007,-6.2217e-05,-0.0012954723,2026-07-22 19:00:00+00:00,2026-07-22,off,False
xyz:HYUNDAI,KR,1784750400054,-4.04431e-05,-0.0009470897,2026-07-22 20:00:00+00:00,2026-07-22,off,False
xyz:KIOXIA,JP,1784149200027,-0.0002510499,-0.0043167984,2026-07-15 21:00:00+00:00,2026-07-15,off,False
xyz:KIOXIA,JP,1784152800016,-0.0002005885,-0.003509416,2026-07-15 22:00:00+00:00,2026-07-15,off,False
xyz:KIOXIA,JP,1784156400034,-1.3769e-06,-0.0003220301,2026-07-15 23:00:00+00:00,2026-07-15,off,False
xyz:KIOXIA,JP,1784160000034,-0.0004689078,-0.007802524,2026-07-16 00:00:00+00:00,2026-07-16,off,False
xyz:KIOXIA,JP,1784163600054,5.37718e-05,0.0011603495,2026-07-16 01:00:00+00:00,2026-07-16,session,False
xyz:KIOXIA,JP,1784167200027,0.0002155268,0.0037484289,2026-07-16 02:00:00+00:00,2026-07-16,session,False
xyz:KIOXIA,JP,1784170800033,0.0006557216,0.0107915462,2026-07-16 03:00:00+00:00,2026-07-16,session,False
xyz:KIOXIA,JP,1784174400056,0.0006340244,0.0104443911,2026-07-16 04:00:00+00:00,2026-07-16,session,False
xyz:KIOXIA,JP,1784178000122,0.0001898096,0.0033369529,2026-07-16 05:00:00+00:00,2026-07-16,session,False
xyz:KIOXIA,JP,1784181600066,0.0003211527,0.0054384432,2026-07-16 06:00:00+00:00,2026-07-16,session,False
xyz:KIOXIA,JP,1784185200042,0.0002604303,0.0044668842,2026-07-16 07:00:00+00:00,2026-07-16,off,False
xyz:KIOXIA,JP,1784188800015,0.0005999606,0.0098993702,2026-07-16 08:00:00+00:00,2026-07-16,off,False
xyz:KIOXIA,JP,1784192400017,0.0006677784,0.0109844538,2026-07-16 09:00:00+00:00,2026-07-16,off,False
xyz:KIOXIA,JP,1784196000008,0.0003919775,0.0065716392,2026-07-16 10:00:00+00:00,2026-07-16,off,False
xyz:KIOXIA,JP,1784199600020,-1.8792e-05,-0.0006006712,2026-07-16 11:00:00+00:00,2026-07-16,off,False
xyz:KIOXIA,JP,1784203200028,-0.0001698686,-0.0030178984,2026-07-16 12:00:00+00:00,2026-07-16,off,False
xyz:KIOXIA,JP,1784206800050,8.86453e-05,0.0017183247,2026-07-16 13:00:00+00:00,2026-07-16,off,False
xyz:KIOXIA,JP,1784210400054,0.0002063876,0.0036022016,2026-07-16 14:00:00+00:00,2026-07-16,off,False
xyz:KIOXIA,JP,1784214000016,0.0001681353,0.0029901645,2026-07-16 15:00:00+00:00,2026-07-16,off,False
xyz:KIOXIA,JP,1784217600041,-0.000272341,-0.0046574558,2026-07-16 16:00:00+00:00,2026-07-16,off,False
xyz:KIOXIA,JP,1784221200000,-0.000387373,-0.0064979685,2026-07-16 17:00:00+00:00,2026-07-16,off,False
xyz:KIOXIA,JP,1784224800011,-1.50981e-05,-0.0005415698,2026-07-16 18:00:00+00:00,2026-07-16,off,False
xyz:KIOXIA,JP,1784228400031,-0.0002125123,-0.0037001976,2026-07-16 19:00:00+00:00,2026-07-16,off,False
xyz:KIOXIA,JP,1784232000030,0.0001155812,0.002149299,2026-07-16 20:00:00+00:00,2026-07-16,off,False
xyz:KIOXIA,JP,1784235600011,0.0005766805,0.0095268882,2026-07-16 21:00:00+00:00,2026-07-16,off,False
xyz:KIOXIA,JP,1784239200008,-0.0001529055,-0.0027464874,2026-07-16 22:00:00+00:00,2026-07-16,off,False
xyz:KIOXIA,JP,1784242800017,-0.0002996479,-0.0050943666,2026-07-16 23:00:00+00:00,2026-07-16,off,False
xyz:KIOXIA,JP,1784246400018,0.0002816036,0.0048056584,2026-07-17 00:00:00+00:00,2026-07-17,off,False
xyz:KIOXIA,JP,1784250000021,0.0007088071,0.0116409136,2026-07-17 01:00:00+00:00,2026-07-17,session,False
xyz:KIOXIA,JP,1784253600001,0.0003193605,0.0054097676,2026-07-17 02:00:00+00:00,2026-07-17,session,False
xyz:KIOXIA,JP,1784257200017,0.0007118609,0.0116897748,2026-07-17 03:00:00+00:00,2026-07-17,session,False
xyz:KIOXIA,JP,1784260800041,0.0007525669,0.0123410709,2026-07-17 04:00:00+00:00,2026-07-17,session,False
xyz:KIOXIA,JP,1784264400052,-4.41695e-05,-0.0010067116,2026-07-17 05:00:00+00:00,2026-07-17,session,False
xyz:KIOXIA,JP,1784268000032,-9.48065e-05,-0.0018169039,2026-07-17 06:00:00+00:00,2026-07-17,session,False
xyz:KIOXIA,JP,1784271600072,0.0001542183,0.0027674928,2026-07-17 07:00:00+00:00,2026-07-17,off,False
xyz:KIOXIA,JP,1784275200065,-0.000272953,-0.0046672473,2026-07-17 08:00:00+00:00,2026-07-17,off,False
xyz:KIOXIA,JP,1784278800031,0.0006546282,0.0107740512,2026-07-17 09:00:00+00:00,2026-07-17,off,False
xyz:KIOXIA,JP,1784282400070,0.0005178948,0.0085863163,2026-07-17 10:00:00+00:00,2026-07-17,off,False
xyz:KIOXIA,JP,1784286000020,0.0002916085,0.0049657368,2026-07-17 11:00:00+00:00,2026-07-17,off,False
xyz:KIOXIA,JP,1784289600011,0.0006125046,0.0101000737,2026-07-17 12:00:00+00:00,2026-07-17,off,False
xyz:KIOXIA,JP,1784293200060,0.000758438,0.0124350078,2026-07-17 13:00:00+00:00,2026-07-17,off,False
xyz:KIOXIA,JP,1784296800111,0.000403861,0.0067617754,2026-07-17 14:00:00+00:00,2026-07-17,off,False
xyz:KIOXIA,JP,1784300400050,0.0006345433,0.0104526921,2026-07-17 15:00:00+00:00,2026-07-17,off,False
xyz:KIOXIA,JP,1784304000048,0.0006002622,0.0099041948,2026-07-17 16:00:00+00:00,2026-07-17,off,False
xyz:KIOXIA,JP,1784307600062,0.0012272894,0.0199366305,2026-07-17 17:00:00+00:00,2026-07-17,off,False
xyz:KIOXIA,JP,1784311200022,0.0008705773,0.0142292362,2026-07-17 18:00:00+00:00,2026-07-17,off,False
xyz:KIOXIA,JP,1784314800025,-4.5697e-06,-0.0003731149,2026-07-17 19:00:00+00:00,2026-07-17,off,False
xyz:KIOXIA,JP,1784318400039,-0.0002011232,-0.0035179719,2026-07-17 20:00:00+00:00,2026-07-17,off,False
xyz:KIOXIA,JP,1784322000065,-0.0004966508,-0.008246413,2026-07-17 21:00:00+00:00,2026-07-17,off,False
xyz:KIOXIA,JP,1784325600069,-0.0001744083,-0.0030905336,2026-07-17 22:00:00+00:00,2026-07-17,off,False
xyz:KIOXIA,JP,1784329200041,-9.48651e-05,-0.0018178411,2026-07-17 23:00:00+00:00,2026-07-17,off,False
xyz:KIOXIA,JP,1784332800082,-0.000304834,-0.0051773433,2026-07-18 00:00:00+00:00,2026-07-18,off,False
xyz:KIOXIA,JP,1784336400081,0.0001600088,0.002860141,2026-07-18 01:00:00+00:00,2026-07-18,off,True
xyz:KIOXIA,JP,1784340000013,0.0003090647,0.0052450347,2026-07-18 02:00:00+00:00,2026-07-18,off,True
xyz:KIOXIA,JP,1784343600008,1.85978e-05,0.0005975656,2026-07-18 03:00:00+00:00,2026-07-18,off,True
xyz:KIOXIA,JP,1784347200021,6.25e-06,-9.25846e-05,2026-07-18 04:00:00+00:00,2026-07-18,off,True
xyz:KIOXIA,JP,1784350800016,0.0002154733,0.003747573,2026-07-18 05:00:00+00:00,2026-07-18,off,True
xyz:KIOXIA,JP,1784354400028,-0.000178585,-0.0031573608,2026-07-18 06:00:00+00:00,2026-07-18,off,True
xyz:KIOXIA,JP,1784358000025,-0.0005594824,-0.0092517187,2026-07-18 07:00:00+00:00,2026-07-18,off,True
xyz:KIOXIA,JP,1784361600019,-0.0001036917,-0.0019590667,2026-07-18 08:00:00+00:00,2026-07-18,off,True
xyz:KIOXIA,JP,1784365200040,-0.0001172272,-0.0021756348,2026-07-18 09:00:00+00:00,2026-07-18,off,True
xyz:KIOXIA,JP,1784368800020,-0.000180864,-0.0031938239,2026-07-18 10:00:00+00:00,2026-07-18,off,True
xyz:KIOXIA,JP,1784372400039,-6.52449e-05,-0.0013439178,2026-07-18 11:00:00+00:00,2026-07-18,off,True
xyz:KIOXIA,JP,1784376000044,-6.43759e-05,-0.0013300148,2026-07-18 12:00:00+00:00,2026-07-18,off,True
xyz:KIOXIA,JP,1784379600006,-7.02261e-05,-0.0014236183,2026-07-18 13:00:00+00:00,2026-07-18,off,True
xyz:KIOXIA,JP,1784383200061,0.000119273,0.0022083676,2026-07-18 14:00:00+00:00,2026-07-18,off,True
xyz:KIOXIA,JP,1784386800024,4.08802e-05,0.000954083,2026-07-18 15:00:00+00:00,2026-07-18,off,True
xyz:KIOXIA,JP,1784390400043,-8.98003e-05,-0.001736805,2026-07-18 16:00:00+00:00,2026-07-18,off,True
xyz:KIOXIA,JP,1784394000035,-0.0001191872,-0.0022069944,2026-07-18 17:00:00+00:00,2026-07-18,off,True
xyz:KIOXIA,JP,1784397600031,-6.6979e-06,-0.000407166,2026-07-18 18:00:00+00:00,2026-07-18,off,True
xyz:KIOXIA,JP,1784401200033,6.25e-06,0.000327193,2026-07-18 19:00:00+00:00,2026-07-18,off,True
xyz:KIOXIA,JP,1784404800016,-0.0001587013,-0.0028392209,2026-07-18 20:00:00+00:00,2026-07-18,off,True
xyz:KIOXIA,JP,1784408400006,-5.46905e-05,-0.0011750482,2026-07-18 21:00:00+00:00,2026-07-18,off,True
xyz:KIOXIA,JP,1784412000011,6.25e-06,-0.0001510295,2026-07-18 22:00:00+00:00,2026-07-18,off,True
xyz:KIOXIA,JP,1784415600009,0.0001016177,0.0019258834,2026-07-18 23:00:00+00:00,2026-07-18,off,True
xyz:KIOXIA,JP,1784419200030,-9.30432e-05,-0.0017886914,2026-07-19 00:00:00+00:00,2026-07-19,off,True
xyz:KIOXIA,JP,1784422800044,0.000127082,0.0023333119,2026-07-19 01:00:00+00:00,2026-07-19,off,True
xyz:KIOXIA,JP,1784426400055,0.0001038581,0.0019617303,2026-07-19 02:00:00+00:00,2026-07-19,off,True
xyz:KIOXIA,JP,1784430000022,7.9392e-06,0.000427027,2026-07-19 03:00:00+00:00,2026-07-19,off,True
xyz:KIOXIA,JP,1784433600031,6.25e-06,9.49827e-05,2026-07-19 04:00:00+00:00,2026-07-19,off,True
xyz:KIOXIA,JP,1784437200043,6.30419e-05,0.00130867,2026-07-19 05:00:00+00:00,2026-07-19,off,True
xyz:KIOXIA,JP,1784440800032,5.33351e-05,0.001153361,2026-07-19 06:00:00+00:00,2026-07-19,off,True
xyz:KIOXIA,JP,1784444400047,3.12707e-05,0.0008003307,2026-07-19 07:00:00+00:00,2026-07-19,off,True
xyz:KIOXIA,JP,1784448000093,3.55976e-05,0.000869562,2026-07-19 08:00:00+00:00,2026-07-19,off,True
xyz:KIOXIA,JP,1784451600026,2.63688e-05,0.0007219013,2026-07-19 09:00:00+00:00,2026-07-19,off,True
xyz:KIOXIA,JP,1784455200030,0.0001165731,0.0021651692,2026-07-19 10:00:00+00:00,2026-07-19,off,True
xyz:KIOXIA,JP,1784458800033,7.63966e-05,0.0015223449,2026-07-19 11:00:00+00:00,2026-07-19,off,True
xyz:KIOXIA,JP,1784462400037,0.000190855,0.0033536799,2026-07-19 12:00:00+00:00,2026-07-19,off,True
xyz:KIOXIA,JP,1784466000014,0.0001588225,0.0028411593,2026-07-19 13:00:00+00:00,2026-07-19,off,True
xyz:KIOXIA,JP,1784469600135,0.0002313539,0.004001663,2026-07-19 14:00:00+00:00,2026-07-19,off,True
xyz:KIOXIA,JP,1784473200019,0.0002119351,0.0036909614,2026-07-19 15:00:00+00:00,2026-07-19,off,True
xyz:KIOXIA,JP,1784476800007,0.0001918465,0.0033695434,2026-07-19 16:00:00+00:00,2026-07-19,off,True
xyz:KIOXIA,JP,1784480400043,0.0001363409,0.0024814548,2026-07-19 17:00:00+00:00,2026-07-19,off,True
xyz:KIOXIA,JP,1784484000049,0.0001698373,0.0030173964,2026-07-19 18:00:00+00:00,2026-07-19,off,True
xyz:KIOXIA,JP,1784487600049,0.0001865772,0.0032852344,2026-07-19 19:00:00+00:00,2026-07-19,off,True
xyz:KIOXIA,JP,1784491200010,0.0003836769,0.0064388297,2026-07-19 20:00:00+00:00,2026-07-19,off,True
xyz:KIOXIA,JP,1784494800026,8.70205e-05,0.0016923284,2026-07-19 21:00:00+00:00,2026-07-19,off,True
xyz:KIOXIA,JP,1784498400049,3.20617e-05,0.0008129866,2026-07-19 22:00:00+00:00,2026-07-19,off,True
xyz:KIOXIA,JP,1784502000014,1.20056e-05,0.0004920889,2026-07-19 23:00:00+00:00,2026-07-19,off,True
xyz:KIOXIA,JP,1784505600034,-3.474e-06,-0.0003555839,2026-07-20 00:00:00+00:00,2026-07-20,off,True
xyz:KIOXIA,JP,1784509200063,0.0006071317,0.0100141078,2026-07-20 01:00:00+00:00,2026-07-20,off,False
xyz:KIOXIA,JP,1784512800052,0.0002143363,0.0037293814,2026-07-20 02:00:00+00:00,2026-07-20,off,False
xyz:KIOXIA,JP,1784516400046,-0.0002796091,-0.0047737461,2026-07-20 03:00:00+00:00,2026-07-20,off,False
xyz:KIOXIA,JP,1784520000011,5.79224e-05,0.0012267584,2026-07-20 04:00:00+00:00,2026-07-20,off,False
xyz:KIOXIA,JP,1784523600027,0.0002147265,0.0037356244,2026-07-20 05:00:00+00:00,2026-07-20,off,False
xyz:KIOXIA,JP,1784527200047,-0.0002530779,-0.0043492465,2026-07-20 06:00:00+00:00,2026-07-20,off,False
xyz:KIOXIA,JP,1784530800008,-0.0003219978,-0.0054519652,2026-07-20 07:00:00+00:00,2026-07-20,off,False
xyz:KIOXIA,JP,1784534400058,5.78251e-05,0.0012252017,2026-07-20 08:00:00+00:00,2026-07-20,off,False
xyz:KIOXIA,JP,1784538000029,0.0004286611,0.0071585779,2026-07-20 09:00:00+00:00,2026-07-20,off,False
xyz:KIOXIA,JP,1784541600029,0.0001160789,0.0021572622,2026-07-20 10:00:00+00:00,2026-07-20,off,False
xyz:KIOXIA,JP,1784545200000,9.84758e-05,0.0018756123,2026-07-20 11:00:00+00:00,2026-07-20,off,False
xyz:KIOXIA,JP,1784548800000,4.01598e-05,0.0009425566,2026-07-20 12:00:00+00:00,2026-07-20,off,False
xyz:KIOXIA,JP,1784552400047,-3.65976e-05,-0.0008855618,2026-07-20 13:00:00+00:00,2026-07-20,off,False
xyz:KIOXIA,JP,1784556000049,-3.4128e-05,-0.0008460477,2026-07-20 14:00:00+00:00,2026-07-20,off,False
xyz:KIOXIA,JP,1784559600053,-0.0002553903,-0.0043862443,2026-07-20 15:00:00+00:00,2026-07-20,off,False
xyz:KIOXIA,JP,1784563200104,-0.0001718983,-0.0030503725,2026-07-20 16:00:00+00:00,2026-07-20,off,False
xyz:KIOXIA,JP,1784566800046,0.0001283534,0.0023536541,2026-07-20 17:00:00+00:00,2026-07-20,off,False
xyz:KIOXIA,JP,1784570400027,0.0001843933,0.0032502934,2026-07-20 18:00:00+00:00,2026-07-20,off,False
xyz:KIOXIA,JP,1784574000035,-0.0001770591,-0.0031329454,2026-07-20 19:00:00+00:00,2026-07-20,off,False
xyz:KIOXIA,JP,1784577600008,-0.0004744897,-0.007891835,2026-07-20 20:00:00+00:00,2026-07-20,off,False
xyz:KIOXIA,JP,1784581200006,-0.0003258141,-0.0055130254,2026-07-20 21:00:00+00:00,2026-07-20,off,False
xyz:KIOXIA,JP,1784584800003,0.0001865742,0.0032851875,2026-07-20 22:00:00+00:00,2026-07-20,off,False
xyz:KIOXIA,JP,1784588400048,0.0003466439,0.005846303,2026-07-20 23:00:00+00:00,2026-07-20,off,False
xyz:KIOXIA,JP,1784592000040,0.0004545992,0.0075735868,2026-07-21 00:00:00+00:00,2026-07-21,off,False
xyz:KIOXIA,JP,1784595600005,0.0001035526,0.0019568414,2026-07-21 01:00:00+00:00,2026-07-21,session,False
xyz:KIOXIA,JP,1784599200036,5.83351e-05,0.0012333619,2026-07-21 02:00:00+00:00,2026-07-21,session,False
xyz:KIOXIA,JP,1784602800030,7.76986e-05,0.0015431778,2026-07-21 03:00:00+00:00,2026-07-21,session,False
xyz:KIOXIA,JP,1784606400001,6.25e-06,1.204e-06,2026-07-21 04:00:00+00:00,2026-07-21,session,False
xyz:KIOXIA,JP,1784610000004,1.69863e-05,0.0005717815,2026-07-21 05:00:00+00:00,2026-07-21,session,False
xyz:KIOXIA,JP,1784613600043,7.26061e-05,0.0014616972,2026-07-21 06:00:00+00:00,2026-07-21,session,False
xyz:KIOXIA,JP,1784617200034,-0.0003295032,-0.0055720504,2026-07-21 07:00:00+00:00,2026-07-21,off,False
xyz:KIOXIA,JP,1784620800035,-0.0003479378,-0.005867005,2026-07-21 08:00:00+00:00,2026-07-21,off,False
xyz:KIOXIA,JP,1784624400044,-9.79946e-05,-0.0018679131,2026-07-21 09:00:00+00:00,2026-07-21,off,False
xyz:KIOXIA,JP,1784628000032,-0.0002174084,-0.0037785349,2026-07-21 10:00:00+00:00,2026-07-21,off,False
xyz:KIOXIA,JP,1784631600043,-3.29722e-05,-0.0008275547,2026-07-21 11:00:00+00:00,2026-07-21,off,False
xyz:KIOXIA,JP,1784635200029,0.000389832,0.0065373113,2026-07-21 12:00:00+00:00,2026-07-21,off,False
xyz:KIOXIA,JP,1784638800025,0.0004462412,0.0074398594,2026-07-21 13:00:00+00:00,2026-07-21,off,False
xyz:KIOXIA,JP,1784642400062,0.000123427,0.0022748313,2026-07-21 14:00:00+00:00,2026-07-21,off,False
xyz:KIOXIA,JP,1784646000021,-0.0001406787,-0.0025508591,2026-07-21 15:00:00+00:00,2026-07-21,off,False
xyz:KIOXIA,JP,1784649600022,0.0003393153,0.0057290441,2026-07-21 16:00:00+00:00,2026-07-21,off,False
xyz:KIOXIA,JP,1784653200028,0.0003332918,0.0056326691,2026-07-21 17:00:00+00:00,2026-07-21,off,False
xyz:KIOXIA,JP,1784656800028,0.000178875,0.0031619998,2026-07-21 18:00:00+00:00,2026-07-21,off,False
xyz:KIOXIA,JP,1784660400068,4.91145e-05,0.0010858321,2026-07-21 19:00:00+00:00,2026-07-21,off,False
xyz:KIOXIA,JP,1784664000059,-5.33612e-05,-0.0011537791,2026-07-21 20:00:00+00:00,2026-07-21,off,False
xyz:KIOXIA,JP,1784667600047,-0.0001848393,-0.0032574287,2026-07-21 21:00:00+00:00,2026-07-21,off,False
xyz:KIOXIA,JP,1784671200051,0.0001424997,0.0025799945,2026-07-21 22:00:00+00:00,2026-07-21,off,False
xyz:KIOXIA,JP,1784674800023,-4.77837e-05,-0.0010645391,2026-07-21 23:00:00+00:00,2026-07-21,off,False
xyz:KIOXIA,JP,1784678400025,4.3644e-06,-0.0002301693,2026-07-22 00:00:00+00:00,2026-07-22,off,False
xyz:KIOXIA,JP,1784682000013,-6.8232e-06,-0.0004091713,2026-07-22 01:00:00+00:00,2026-07-22,session,False
xyz:KIOXIA,JP,1784685600091,9.56533e-05,0.0018304532,2026-07-22 02:00:00+00:00,2026-07-22,session,False
xyz:KIOXIA,JP,1784689200043,-0.0001845885,-0.003253416,2026-07-22 03:00:00+00:00,2026-07-22,session,False
xyz:KIOXIA,JP,1784692800052,-0.0003029914,-0.0051478618,2026-07-22 04:00:00+00:00,2026-07-22,session,False
xyz:KIOXIA,JP,1784696400087,-0.0001123935,-0.0020982956,2026-07-22 05:00:00+00:00,2026-07-22,session,False
xyz:KIOXIA,JP,1784700000048,-2.04737e-05,-0.0006275793,2026-07-22 06:00:00+00:00,2026-07-22,session,False
xyz:KIOXIA,JP,1784703600019,-8.41487e-05,-0.0016463794,2026-07-22 07:00:00+00:00,2026-07-22,off,False
xyz:KIOXIA,JP,1784707200039,-0.0001543065,-0.0027689037,2026-07-22 08:00:00+00:00,2026-07-22,off,False
xyz:KIOXIA,JP,1784710800028,0.0001918947,0.0033703157,2026-07-22 09:00:00+00:00,2026-07-22,off,False
xyz:KIOXIA,JP,1784714400025,0.0001146372,0.0021341944,2026-07-22 10:00:00+00:00,2026-07-22,off,False
xyz:KIOXIA,JP,1784718000047,-8.954e-05,-0.0017326392,2026-07-22 11:00:00+00:00,2026-07-22,off,False
xyz:KIOXIA,JP,1784721600037,-0.0001612252,-0.0028796028,2026-07-22 12:00:00+00:00,2026-07-22,off,False
xyz:KIOXIA,JP,1784725200052,8.26281e-05,0.001622049,2026-07-22 13:00:00+00:00,2026-07-22,off,False
xyz:KIOXIA,JP,1784728800038,0.0001681236,0.0029899769,2026-07-22 14:00:00+00:00,2026-07-22,off,False
xyz:KIOXIA,JP,1784732400018,-0.0002429151,-0.0041866421,2026-07-22 15:00:00+00:00,2026-07-22,off,False
xyz:KIOXIA,JP,1784736000004,0.0003089121,0.0052425942,2026-07-22 16:00:00+00:00,2026-07-22,off,False
xyz:KIOXIA,JP,1784739600047,0.0003815297,0.0064044756,2026-07-22 17:00:00+00:00,2026-07-22,off,False
xyz:KIOXIA,JP,1784743200015,0.0002646956,0.0045351303,2026-07-22 18:00:00+00:00,2026-07-22,off,False
xyz:KIOXIA,JP,1784746800007,-3.4328e-06,-0.0003549255,2026-07-22 19:00:00+00:00,2026-07-22,off,False
xyz:KIOXIA,JP,1784750400054,-0.0001334004,-0.0024344056,2026-07-22 20:00:00+00:00,2026-07-22,off,False
xyz:MINIMAX,HK,1784149200027,0.0006468096,0.010648953,2026-07-15 21:00:00+00:00,2026-07-15,off,False
xyz:MINIMAX,HK,1784152800016,-5.53692e-05,-0.0011859069,2026-07-15 22:00:00+00:00,2026-07-15,off,False
xyz:MINIMAX,HK,1784156400034,0.0001609875,0.0028758001,2026-07-15 23:00:00+00:00,2026-07-15,off,False
xyz:MINIMAX,HK,1784160000034,-8.10417e-05,-0.0015966666,2026-07-16 00:00:00+00:00,2026-07-16,off,False
xyz:MINIMAX,HK,1784163600054,-0.0003763847,-0.0063221552,2026-07-16 01:00:00+00:00,2026-07-16,off,False
xyz:MINIMAX,HK,1784167200027,-0.0002122917,-0.0036966672,2026-07-16 02:00:00+00:00,2026-07-16,session,False
xyz:MINIMAX,HK,1784170800033,0.0001130543,0.0021088696,2026-07-16 03:00:00+00:00,2026-07-16,session,False
xyz:MINIMAX,HK,1784174400056,0.000241099,0.0041575834,2026-07-16 04:00:00+00:00,2026-07-16,session,False
xyz:MINIMAX,HK,1784178000122,-3.11191e-05,-0.0007979054,2026-07-16 05:00:00+00:00,2026-07-16,session,False
xyz:MINIMAX,HK,1784181600066,0.0003418614,0.0057697827,2026-07-16 06:00:00+00:00,2026-07-16,session,False
xyz:MINIMAX,HK,1784185200042,0.0002793917,0.0047702677,2026-07-16 07:00:00+00:00,2026-07-16,session,False
xyz:MINIMAX,HK,1784188800015,0.000177556,0.0031408957,2026-07-16 08:00:00+00:00,2026-07-16,session,False
xyz:MINIMAX,HK,1784192400017,0.0011161012,0.018157619,2026-07-16 09:00:00+00:00,2026-07-16,off,False
xyz:MINIMAX,HK,1784196000008,0.0001666016,0.0029656252,2026-07-16 10:00:00+00:00,2026-07-16,off,False
xyz:MINIMAX,HK,1784199600020,-0.0006024913,-0.0099398603,2026-07-16 11:00:00+00:00,2026-07-16,off,False
xyz:MINIMAX,HK,1784203200028,-0.0003757529,-0.0063120462,2026-07-16 12:00:00+00:00,2026-07-16,off,False
xyz:MINIMAX,HK,1784206800050,6.25e-06,1.70557e-05,2026-07-16 13:00:00+00:00,2026-07-16,off,False
xyz:MINIMAX,HK,1784210400054,0.0002809611,0.0047953777,2026-07-16 14:00:00+00:00,2026-07-16,off,False
xyz:MINIMAX,HK,1784214000016,0.0002437601,0.0042001621,2026-07-16 15:00:00+00:00,2026-07-16,off,False
xyz:MINIMAX,HK,1784217600041,6.33558e-05,0.0013136925,2026-07-16 16:00:00+00:00,2026-07-16,off,False
xyz:MINIMAX,HK,1784221200000,6.50695e-05,0.0013411116,2026-07-16 17:00:00+00:00,2026-07-16,off,False
xyz:MINIMAX,HK,1784224800011,8.41247e-05,0.0016459951,2026-07-16 18:00:00+00:00,2026-07-16,off,False
xyz:MINIMAX,HK,1784228400031,0.000133137,0.0024301919,2026-07-16 19:00:00+00:00,2026-07-16,off,False
xyz:MINIMAX,HK,1784232000030,6.25e-06,-0.0001098534,2026-07-16 20:00:00+00:00,2026-07-16,off,False
xyz:MINIMAX,HK,1784235600011,-0.0003135897,-0.0053174345,2026-07-16 21:00:00+00:00,2026-07-16,off,False
xyz:MINIMAX,HK,1784239200008,-4.94797e-05,-0.0010916754,2026-07-16 22:00:00+00:00,2026-07-16,off,False
xyz:MINIMAX,HK,1784242800017,-0.0002124344,-0.0036989501,2026-07-16 23:00:00+00:00,2026-07-16,off,False
xyz:MINIMAX,HK,1784246400018,-6.51872e-05,-0.0013429952,2026-07-17 00:00:00+00:00,2026-07-17,off,False
xyz:MINIMAX,HK,1784250000021,-0.000185424,-0.0032667833,2026-07-17 01:00:00+00:00,2026-07-17,off,False
xyz:MINIMAX,HK,1784253600001,-1.08886e-05,-0.0004742176,2026-07-17 02:00:00+00:00,2026-07-17,session,False
xyz:MINIMAX,HK,1784257200017,9.40529e-05,0.0018048463,2026-07-17 03:00:00+00:00,2026-07-17,session,False
xyz:MINIMAX,HK,1784260800041,0.0002386447,0.0041183144,2026-07-17 04:00:00+00:00,2026-07-17,session,False
xyz:MINIMAX,HK,1784264400052,0.0003027926,0.005144682,2026-07-17 05:00:00+00:00,2026-07-17,session,False
xyz:MINIMAX,HK,1784268000032,0.000217495,0.0037799198,2026-07-17 06:00:00+00:00,2026-07-17,session,False
xyz:MINIMAX,HK,1784271600072,0.0003044598,0.0051713574,2026-07-17 07:00:00+00:00,2026-07-17,session,False
xyz:MINIMAX,HK,1784275200065,0.0001708633,0.0030338134,2026-07-17 08:00:00+00:00,2026-07-17,session,False
xyz:MINIMAX,HK,1784278800031,0.0001719676,0.0030514822,2026-07-17 09:00:00+00:00,2026-07-17,off,False
xyz:MINIMAX,HK,1784282400070,7.82895e-05,0.0015526323,2026-07-17 10:00:00+00:00,2026-07-17,off,False
xyz:MINIMAX,HK,1784286000020,0.0001234388,0.0022750202,2026-07-17 11:00:00+00:00,2026-07-17,off,False
xyz:MINIMAX,HK,1784289600011,0.0002995518,0.0050928288,2026-07-17 12:00:00+00:00,2026-07-17,off,False
xyz:MINIMAX,HK,1784293200060,0.000126677,0.0023268313,2026-07-17 13:00:00+00:00,2026-07-17,off,False
xyz:MINIMAX,HK,1784296800111,-5.71431e-05,-0.0012142892,2026-07-17 14:00:00+00:00,2026-07-17,off,False
xyz:MINIMAX,HK,1784300400050,0.0002880595,0.0049089521,2026-07-17 15:00:00+00:00,2026-07-17,off,False
xyz:MINIMAX,HK,1784304000048,-3.81598e-05,-0.0009105562,2026-07-17 16:00:00+00:00,2026-07-17,off,False
xyz:MINIMAX,HK,1784307600062,0.0001559226,0.0027947622,2026-07-17 17:00:00+00:00,2026-07-17,off,False
xyz:MINIMAX,HK,1784311200022,2.93779e-05,0.0007700462,2026-07-17 18:00:00+00:00,2026-07-17,off,False
xyz:MINIMAX,HK,1784314800025,6.25e-06,2.26349e-05,2026-07-17 19:00:00+00:00,2026-07-17,off,False
xyz:MINIMAX,HK,1784318400039,5.65556e-05,0.00120489,2026-07-17 20:00:00+00:00,2026-07-17,off,False
xyz:MINIMAX,HK,1784322000065,-0.0002768275,-0.0047292392,2026-07-17 21:00:00+00:00,2026-07-17,off,False
xyz:MINIMAX,HK,1784325600069,0.0002527357,0.0043437708,2026-07-17 22:00:00+00:00,2026-07-17,off,False
xyz:MINIMAX,HK,1784329200041,0.0001953506,0.0034256093,2026-07-17 23:00:00+00:00,2026-07-17,off,False
xyz:MINIMAX,HK,1784332800082,4.42589e-05,0.0010081428,2026-07-18 00:00:00+00:00,2026-07-18,off,False
xyz:MINIMAX,HK,1784336400081,0.0001350391,0.0024606263,2026-07-18 01:00:00+00:00,2026-07-18,off,True
xyz:MINIMAX,HK,1784340000013,6.25e-06,0.000347163,2026-07-18 02:00:00+00:00,2026-07-18,off,True
xyz:MINIMAX,HK,1784343600008,0.0001197247,0.0022155952,2026-07-18 03:00:00+00:00,2026-07-18,off,True
xyz:MINIMAX,HK,1784347200021,3.9487e-05,0.0009317922,2026-07-18 04:00:00+00:00,2026-07-18,off,True
xyz:MINIMAX,HK,1784350800016,1.96816e-05,0.000614905,2026-07-18 05:00:00+00:00,2026-07-18,off,True
xyz:MINIMAX,HK,1784354400028,-4.84908e-05,-0.0010758527,2026-07-18 06:00:00+00:00,2026-07-18,off,True
xyz:MINIMAX,HK,1784358000025,6.25e-06,2.24177e-05,2026-07-18 07:00:00+00:00,2026-07-18,off,True
xyz:MINIMAX,HK,1784361600019,6.25e-06,0.0001952806,2026-07-18 08:00:00+00:00,2026-07-18,off,True
xyz:MINIMAX,HK,1784365200040,-0.0001068045,-0.0020088722,2026-07-18 09:00:00+00:00,2026-07-18,off,True
xyz:MINIMAX,HK,1784368800020,-1.51338e-05,-0.0005421407,2026-07-18 10:00:00+00:00,2026-07-18,off,True
xyz:MINIMAX,HK,1784372400039,6.25e-06,-2.00697e-05,2026-07-18 11:00:00+00:00,2026-07-18,off,True
xyz:MINIMAX,HK,1784376000044,5.7605e-06,-0.0002078325,2026-07-18 12:00:00+00:00,2026-07-18,off,True
xyz:MINIMAX,HK,1784379600006,-7.719e-06,-0.0004235038,2026-07-18 13:00:00+00:00,2026-07-18,off,True
xyz:MINIMAX,HK,1784383200061,-1.14149e-05,-0.0004826377,2026-07-18 14:00:00+00:00,2026-07-18,off,True
xyz:MINIMAX,HK,1784386800024,-0.0002575469,-0.0044207503,2026-07-18 15:00:00+00:00,2026-07-18,off,True
xyz:MINIMAX,HK,1784390400043,4.93741e-05,0.0010899863,2026-07-18 16:00:00+00:00,2026-07-18,off,True
xyz:MINIMAX,HK,1784394000035,0.0002735049,0.004676079,2026-07-18 17:00:00+00:00,2026-07-18,off,True
xyz:MINIMAX,HK,1784397600031,0.0002354373,0.0040669963,2026-07-18 18:00:00+00:00,2026-07-18,off,True
xyz:MINIMAX,HK,1784401200033,5.0074e-05,0.0011011834,2026-07-18 19:00:00+00:00,2026-07-18,off,True
xyz:MINIMAX,HK,1784404800016,5.46818e-05,0.0011749094,2026-07-18 20:00:00+00:00,2026-07-18,off,True
xyz:MINIMAX,HK,1784408400006,5.76174e-05,0.0012218777,2026-07-18 21:00:00+00:00,2026-07-18,off,True
xyz:MINIMAX,HK,1784412000011,0.000207187,0.0036149924,2026-07-18 22:00:00+00:00,2026-07-18,off,True
xyz:MINIMAX,HK,1784415600009,0.0001200749,0.0022211981,2026-07-18 23:00:00+00:00,2026-07-18,off,True
xyz:MINIMAX,HK,1784419200030,0.0001212487,0.0022399797,2026-07-19 00:00:00+00:00,2026-07-19,off,True
xyz:MINIMAX,HK,1784422800044,0.0001759407,0.0031150516,2026-07-19 01:00:00+00:00,2026-07-19,off,True
xyz:MINIMAX,HK,1784426400055,0.0002061309,0.0035980939,2026-07-19 02:00:00+00:00,2026-07-19,off,True
xyz:MINIMAX,HK,1784430000022,6.25e-06,0.0001150446,2026-07-19 03:00:00+00:00,2026-07-19,off,True
xyz:MINIMAX,HK,1784433600031,-3.44931e-05,-0.0008518903,2026-07-19 04:00:00+00:00,2026-07-19,off,True
xyz:MINIMAX,HK,1784437200043,6.25e-06,-0.0001841809,2026-07-19 05:00:00+00:00,2026-07-19,off,True
xyz:MINIMAX,HK,1784440800032,6.25e-06,-0.0001902535,2026-07-19 06:00:00+00:00,2026-07-19,off,True
xyz:MINIMAX,HK,1784444400047,-9.77714e-05,-0.0018643416,2026-07-19 07:00:00+00:00,2026-07-19,off,True
xyz:MINIMAX,HK,1784448000093,-2.1285e-06,-0.0003340555,2026-07-19 08:00:00+00:00,2026-07-19,off,True
xyz:MINIMAX,HK,1784451600026,1.68453e-05,0.0005695247,2026-07-19 09:00:00+00:00,2026-07-19,off,True
xyz:MINIMAX,HK,1784455200030,1.21809e-05,0.0004948938,2026-07-19 10:00:00+00:00,2026-07-19,off,True
xyz:MINIMAX,HK,1784458800033,-6.59268e-05,-0.0013548286,2026-07-19 11:00:00+00:00,2026-07-19,off,True
xyz:MINIMAX,HK,1784462400037,0.0001308652,0.0023938425,2026-07-19 12:00:00+00:00,2026-07-19,off,True
xyz:MINIMAX,HK,1784466000014,3.48294e-05,0.0008572699,2026-07-19 13:00:00+00:00,2026-07-19,off,True
xyz:MINIMAX,HK,1784469600135,-0.000151722,-0.0027275513,2026-07-19 14:00:00+00:00,2026-07-19,off,True
xyz:MINIMAX,HK,1784473200019,0.0001223061,0.0022568975,2026-07-19 15:00:00+00:00,2026-07-19,off,True
xyz:MINIMAX,HK,1784476800007,-4.08421e-05,-0.0009534734,2026-07-19 16:00:00+00:00,2026-07-19,off,True
xyz:MINIMAX,HK,1784480400043,0.0002026767,0.0035428274,2026-07-19 17:00:00+00:00,2026-07-19,off,True
xyz:MINIMAX,HK,1784484000049,9.79635e-05,0.001867416,2026-07-19 18:00:00+00:00,2026-07-19,off,True
xyz:MINIMAX,HK,1784487600049,9.06516e-05,0.0017504254,2026-07-19 19:00:00+00:00,2026-07-19,off,True
xyz:MINIMAX,HK,1784491200010,0.0001044428,0.0019710848,2026-07-19 20:00:00+00:00,2026-07-19,off,True
xyz:MINIMAX,HK,1784494800026,0.0004991616,0.0082865858,2026-07-19 21:00:00+00:00,2026-07-19,off,True
xyz:MINIMAX,HK,1784498400049,0.0004809123,0.007994597,2026-07-19 22:00:00+00:00,2026-07-19,off,True
xyz:MINIMAX,HK,1784502000014,0.0002711057,0.0046376904,2026-07-19 23:00:00+00:00,2026-07-19,off,True
xyz:MINIMAX,HK,1784505600034,0.0002447224,0.0042155584,2026-07-20 00:00:00+00:00,2026-07-20,off,True
xyz:MINIMAX,HK,1784509200063,0.0002417026,0.004167241,2026-07-20 01:00:00+00:00,2026-07-20,off,False
xyz:MINIMAX,HK,1784512800052,-0.0002637746,-0.004520394,2026-07-20 02:00:00+00:00,2026-07-20,session,False
xyz:MINIMAX,HK,1784516400046,0.0005116697,0.0084867147,2026-07-20 03:00:00+00:00,2026-07-20,session,False
xyz:MINIMAX,HK,1784520000011,0.0005323532,0.0088176511,2026-07-20 04:00:00+00:00,2026-07-20,session,False
xyz:MINIMAX,HK,1784523600027,0.0004485758,0.0074772131,2026-07-20 05:00:00+00:00,2026-07-20,session,False
xyz:MINIMAX,HK,1784527200047,0.0004716279,0.0078460469,2026-07-20 06:00:00+00:00,2026-07-20,session,False
xyz:MINIMAX,HK,1784530800008,0.000292427,0.0049788316,2026-07-20 07:00:00+00:00,2026-07-20,session,False
xyz:MINIMAX,HK,1784534400058,0.0004259814,0.0071157025,2026-07-20 08:00:00+00:00,2026-07-20,session,False
xyz:MINIMAX,HK,1784538000029,0.0004938271,0.0082012331,2026-07-20 09:00:00+00:00,2026-07-20,off,False
xyz:MINIMAX,HK,1784541600029,0.0005798985,0.0095783761,2026-07-20 10:00:00+00:00,2026-07-20,off,False
xyz:MINIMAX,HK,1784545200000,0.0004221377,0.0070542028,2026-07-20 11:00:00+00:00,2026-07-20,off,False
xyz:MINIMAX,HK,1784548800000,-0.0001865454,-0.0032847264,2026-07-20 12:00:00+00:00,2026-07-20,off,False
xyz:MINIMAX,HK,1784552400047,-3.4657e-06,-0.0003554509,2026-07-20 13:00:00+00:00,2026-07-20,off,False
xyz:MINIMAX,HK,1784556000049,3.50444e-05,0.0008607105,2026-07-20 14:00:00+00:00,2026-07-20,off,False
xyz:MINIMAX,HK,1784559600053,0.0002219887,0.0038518191,2026-07-20 15:00:00+00:00,2026-07-20,off,False
xyz:MINIMAX,HK,1784563200104,0.0004902088,0.008143341,2026-07-20 16:00:00+00:00,2026-07-20,off,False
xyz:MINIMAX,HK,1784566800046,0.0002041539,0.0035664617,2026-07-20 17:00:00+00:00,2026-07-20,off,False
xyz:MINIMAX,HK,1784570400027,0.0002142764,0.0037284222,2026-07-20 18:00:00+00:00,2026-07-20,off,False
xyz:MINIMAX,HK,1784574000035,0.0001510332,0.0027165318,2026-07-20 19:00:00+00:00,2026-07-20,off,False
xyz:MINIMAX,HK,1784577600008,6.25e-06,-3.13631e-05,2026-07-20 20:00:00+00:00,2026-07-20,off,False
xyz:MINIMAX,HK,1784581200006,6.25e-06,-8.47071e-05,2026-07-20 21:00:00+00:00,2026-07-20,off,False
xyz:MINIMAX,HK,1784584800003,5.787e-07,-0.00029074,2026-07-20 22:00:00+00:00,2026-07-20,off,False
xyz:MINIMAX,HK,1784588400048,0.0001564354,0.002802967,2026-07-20 23:00:00+00:00,2026-07-20,off,False
xyz:MINIMAX,HK,1784592000040,7.96973e-05,0.0015751572,2026-07-21 00:00:00+00:00,2026-07-21,off,False
xyz:MINIMAX,HK,1784595600005,-0.0001812147,-0.0031994359,2026-07-21 01:00:00+00:00,2026-07-21,off,False
xyz:MINIMAX,HK,1784599200036,0.0002412482,0.0041599705,2026-07-21 02:00:00+00:00,2026-07-21,session,False
xyz:MINIMAX,HK,1784602800030,6.12896e-05,0.0012806329,2026-07-21 03:00:00+00:00,2026-07-21,session,False
xyz:MINIMAX,HK,1784606400001,6.25e-06,-0.0001964729,2026-07-21 04:00:00+00:00,2026-07-21,session,False
xyz:MINIMAX,HK,1784610000004,-0.0002735526,-0.0046768411,2026-07-21 05:00:00+00:00,2026-07-21,session,False
xyz:MINIMAX,HK,1784613600043,-0.0001452887,-0.002624619,2026-07-21 06:00:00+00:00,2026-07-21,session,False
xyz:MINIMAX,HK,1784617200034,6.25e-06,-0.000123866,2026-07-21 07:00:00+00:00,2026-07-21,session,False
xyz:MINIMAX,HK,1784620800035,-3.17026e-05,-0.0008072414,2026-07-21 08:00:00+00:00,2026-07-21,session,False
xyz:MINIMAX,HK,1784624400044,6.25e-06,0.0003705021,2026-07-21 09:00:00+00:00,2026-07-21,off,False
xyz:MINIMAX,HK,1784628000032,-0.0001487406,-0.0026798497,2026-07-21 10:00:00+00:00,2026-07-21,off,False
xyz:MINIMAX,HK,1784631600043,-0.0003417778,-0.0057684444,2026-07-21 11:00:00+00:00,2026-07-21,off,False
xyz:MINIMAX,HK,1784635200029,-0.000269733,-0.0046157286,2026-07-21 12:00:00+00:00,2026-07-21,off,False
xyz:MINIMAX,HK,1784638800025,0.0001093953,0.0020503255,2026-07-21 13:00:00+00:00,2026-07-21,off,False
xyz:MINIMAX,HK,1784642400062,0.0001672211,0.0029755369,2026-07-21 14:00:00+00:00,2026-07-21,off,False
xyz:MINIMAX,HK,1784646000021,6.25e-06,-4.28824e-05,2026-07-21 15:00:00+00:00,2026-07-21,off,False
xyz:MINIMAX,HK,1784649600022,-0.000155083,-0.0027813276,2026-07-21 16:00:00+00:00,2026-07-21,off,False
xyz:MINIMAX,HK,1784653200028,0.0001042129,0.0019674068,2026-07-21 17:00:00+00:00,2026-07-21,off,False
xyz:MINIMAX,HK,1784656800028,0.0002409713,0.0041555409,2026-07-21 18:00:00+00:00,2026-07-21,off,False
xyz:MINIMAX,HK,1784660400068,0.0002275809,0.0039412943,2026-07-21 19:00:00+00:00,2026-07-21,off,False
xyz:MINIMAX,HK,1784664000059,0.0003516085,0.0059257367,2026-07-21 20:00:00+00:00,2026-07-21,off,False
xyz:MINIMAX,HK,1784667600047,0.0005928025,0.0097848401,2026-07-21 21:00:00+00:00,2026-07-21,off,False
xyz:MINIMAX,HK,1784671200051,0.0004063425,0.0068014804,2026-07-21 22:00:00+00:00,2026-07-21,off,False
xyz:MINIMAX,HK,1784674800023,-0.0001688905,-0.0030022476,2026-07-21 23:00:00+00:00,2026-07-21,off,False
xyz:MINIMAX,HK,1784678400025,0.0001349746,0.0024595933,2026-07-22 00:00:00+00:00,2026-07-22,off,False
xyz:MINIMAX,HK,1784682000013,0.0004196871,0.0070149937,2026-07-22 01:00:00+00:00,2026-07-22,off,False
xyz:MINIMAX,HK,1784685600091,8.5555e-06,0.0004368874,2026-07-22 02:00:00+00:00,2026-07-22,session,False
xyz:MINIMAX,HK,1784689200043,0.0001916968,0.0033671488,2026-07-22 03:00:00+00:00,2026-07-22,session,False
xyz:MINIMAX,HK,1784692800052,0.0001313737,0.0024019797,2026-07-22 04:00:00+00:00,2026-07-22,session,False
xyz:MINIMAX,HK,1784696400087,-0.00019898,-0.0034836801,2026-07-22 05:00:00+00:00,2026-07-22,session,False
xyz:MINIMAX,HK,1784700000048,5.27377e-05,0.0011438039,2026-07-22 06:00:00+00:00,2026-07-22,session,False
xyz:MINIMAX,HK,1784703600019,0.000138817,0.0025210725,2026-07-22 07:00:00+00:00,2026-07-22,session,False
xyz:MINIMAX,HK,1784707200039,6.25e-06,0.0003727691,2026-07-22 08:00:00+00:00,2026-07-22,session,False
xyz:MINIMAX,HK,1784710800028,6.27629e-05,0.0013042069,2026-07-22 09:00:00+00:00,2026-07-22,off,False
xyz:MINIMAX,HK,1784714400025,0.0004572249,0.007615599,2026-07-22 10:00:00+00:00,2026-07-22,off,False
xyz:MINIMAX,HK,1784718000047,4.63825e-05,0.0010421196,2026-07-22 11:00:00+00:00,2026-07-22,off,False
xyz:MINIMAX,HK,1784721600037,0.0002246489,0.0038943821,2026-07-22 12:00:00+00:00,2026-07-22,off,False
xyz:MINIMAX,HK,1784725200052,-6.75828e-05,-0.0013813245,2026-07-22 13:00:00+00:00,2026-07-22,off,False
xyz:MINIMAX,HK,1784728800038,-0.0001632387,-0.0029118184,2026-07-22 14:00:00+00:00,2026-07-22,off,False
xyz:MINIMAX,HK,1784732400018,4.9538e-06,-0.0002207387,2026-07-22 15:00:00+00:00,2026-07-22,off,False
xyz:MINIMAX,HK,1784736000004,0.0003322163,0.0056154608,2026-07-22 16:00:00+00:00,2026-07-22,off,False
xyz:MINIMAX,HK,1784739600047,0.0002720404,0.0046526463,2026-07-22 17:00:00+00:00,2026-07-22,off,False
xyz:MINIMAX,HK,1784743200015,0.0002229053,0.0038664846,2026-07-22 18:00:00+00:00,2026-07-22,off,False
xyz:MINIMAX,HK,1784746800007,6.25e-06,-0.0001822504,2026-07-22 19:00:00+00:00,2026-07-22,off,False
xyz:MINIMAX,HK,1784750400054,0.0001833243,0.0032331892,2026-07-22 20:00:00+00:00,2026-07-22,off,False
xyz:NFLX,US,1784149200027,1.53353e-05,0.0005453652,2026-07-15 21:00:00+00:00,2026-07-15,off,False
xyz:NFLX,US,1784152800016,1.19073e-05,0.0004905171,2026-07-15 22:00:00+00:00,2026-07-15,off,False
xyz:NFLX,US,1784156400034,6.619e-06,0.0004059044,2026-07-15 23:00:00+00:00,2026-07-15,off,False
xyz:NFLX,US,1784160000034,1.3641e-05,0.0005182554,2026-07-16 00:00:00+00:00,2026-07-16,off,False
xyz:NFLX,US,1784163600054,6.25e-06,0.0003419815,2026-07-16 01:00:00+00:00,2026-07-16,off,False
xyz:NFLX,US,1784167200027,6.25e-06,0.0003134298,2026-07-16 02:00:00+00:00,2026-07-16,off,False
xyz:NFLX,US,1784170800033,1.00435e-05,0.000460696,2026-07-16 03:00:00+00:00,2026-07-16,off,False
xyz:NFLX,US,1784174400056,6.25e-06,0.0002472879,2026-07-16 04:00:00+00:00,2026-07-16,off,False
xyz:NFLX,US,1784178000122,1.37552e-05,0.0005200834,2026-07-16 05:00:00+00:00,2026-07-16,off,False
xyz:NFLX,US,1784181600066,1.87836e-05,0.0006005381,2026-07-16 06:00:00+00:00,2026-07-16,off,False
xyz:NFLX,US,1784185200042,6.25e-06,0.0003723842,2026-07-16 07:00:00+00:00,2026-07-16,off,False
xyz:NFLX,US,1784188800015,6.25e-06,0.0003656353,2026-07-16 08:00:00+00:00,2026-07-16,off,False
xyz:NFLX,US,1784192400017,2.02938e-05,0.0006247006,2026-07-16 09:00:00+00:00,2026-07-16,off,False
xyz:NFLX,US,1784196000008,9.1725e-06,0.0004467599,2026-07-16 10:00:00+00:00,2026-07-16,off,False
xyz:NFLX,US,1784199600020,1.50061e-05,0.0005400969,2026-07-16 11:00:00+00:00,2026-07-16,off,False
xyz:NFLX,US,1784203200028,8.3858e-06,0.0004341721,2026-07-16 12:00:00+00:00,2026-07-16,off,False
xyz:NFLX,US,1784206800050,9.687e-06,0.0004549914,2026-07-16 13:00:00+00:00,2026-07-16,off,False
xyz:NFLX,US,1784210400054,1.752e-05,0.0005803194,2026-07-16 14:00:00+00:00,2026-07-16,session,False
xyz:NFLX,US,1784214000016,2.49374e-05,0.0006989982,2026-07-16 15:00:00+00:00,2026-07-16,session,False
xyz:NFLX,US,1784217600041,2.06814e-05,0.0006309017,2026-07-16 16:00:00+00:00,2026-07-16,session,False
xyz:NFLX,US,1784221200000,1.9987e-05,0.0006197913,2026-07-16 17:00:00+00:00,2026-07-16,session,False
xyz:NFLX,US,1784224800011,2.01951e-05,0.0006231222,2026-07-16 18:00:00+00:00,2026-07-16,session,False
xyz:NFLX,US,1784228400031,2.36495e-05,0.0006783921,2026-07-16 19:00:00+00:00,2026-07-16,session,False
xyz:NFLX,US,1784232000030,2.62886e-05,0.0007206183,2026-07-16 20:00:00+00:00,2026-07-16,session,False
xyz:NFLX,US,1784235600011,4.21411e-05,0.0009742569,2026-07-16 21:00:00+00:00,2026-07-16,off,False
xyz:NFLX,US,1784239200008,4.72878e-05,0.0010566047,2026-07-16 22:00:00+00:00,2026-07-16,off,False
xyz:NFLX,US,1784242800017,3.65596e-05,0.0008849538,2026-07-16 23:00:00+00:00,2026-07-16,off,False
xyz:NFLX,US,1784246400018,4.86565e-05,0.001078504,2026-07-17 00:00:00+00:00,2026-07-17,off,False
xyz:NFLX,US,1784250000021,4.03316e-05,0.0009453054,2026-07-17 01:00:00+00:00,2026-07-17,off,False
xyz:NFLX,US,1784253600001,4.11771e-05,0.0009588332,2026-07-17 02:00:00+00:00,2026-07-17,off,False
xyz:NFLX,US,1784257200017,6.05497e-05,0.0012687957,2026-07-17 03:00:00+00:00,2026-07-17,off,False
xyz:NFLX,US,1784260800041,4.42071e-05,0.0010073139,2026-07-17 04:00:00+00:00,2026-07-17,off,False
xyz:NFLX,US,1784264400052,4.36476e-05,0.000998362,2026-07-17 05:00:00+00:00,2026-07-17,off,False
xyz:NFLX,US,1784268000032,4.30673e-05,0.0009890776,2026-07-17 06:00:00+00:00,2026-07-17,off,False
xyz:NFLX,US,1784271600072,3.18068e-05,0.0008089093,2026-07-17 07:00:00+00:00,2026-07-17,off,False
xyz:NFLX,US,1784275200065,3.53084e-05,0.0008649349,2026-07-17 08:00:00+00:00,2026-07-17,off,False
xyz:NFLX,US,1784278800031,3.83003e-05,0.0009128046,2026-07-17 09:00:00+00:00,2026-07-17,off,False
xyz:NFLX,US,1784282400070,4.8377e-05,0.0010740327,2026-07-17 10:00:00+00:00,2026-07-17,off,False
xyz:NFLX,US,1784286000020,4.13635e-05,0.0009618157,2026-07-17 11:00:00+00:00,2026-07-17,off,False
xyz:NFLX,US,1784289600011,5.0017e-05,0.0011002724,2026-07-17 12:00:00+00:00,2026-07-17,off,False
xyz:NFLX,US,1784293200060,4.99053e-05,0.0010984856,2026-07-17 13:00:00+00:00,2026-07-17,off,False
xyz:NFLX,US,1784296800111,4.58317e-05,0.0010333078,2026-07-17 14:00:00+00:00,2026-07-17,session,False
xyz:NFLX,US,1784300400050,3.69397e-05,0.000891036,2026-07-17 15:00:00+00:00,2026-07-17,session,False
xyz:NFLX,US,1784304000048,3.28711e-05,0.0008259383,2026-07-17 16:00:00+00:00,2026-07-17,session,False
xyz:NFLX,US,1784307600062,3.48786e-05,0.0008580574,2026-07-17 17:00:00+00:00,2026-07-17,session,False
xyz:NFLX,US,1784311200022,3.6151e-05,0.0008784157,2026-07-17 18:00:00+00:00,2026-07-17,session,False
xyz:NFLX,US,1784314800025,3.52299e-05,0.0008636789,2026-07-17 19:00:00+00:00,2026-07-17,session,False
xyz:NFLX,US,1784318400039,3.59801e-05,0.0008756819,2026-07-17 20:00:00+00:00,2026-07-17,session,False
xyz:NFLX,US,1784322000065,3.03994e-05,0.0007863902,2026-07-17 21:00:00+00:00,2026-07-17,off,False
xyz:NFLX,US,1784325600069,3.62804e-05,0.0008804865,2026-07-17 22:00:00+00:00,2026-07-17,off,False
xyz:NFLX,US,1784329200041,3.38328e-05,0.0008413245,2026-07-17 23:00:00+00:00,2026-07-17,off,False
xyz:NFLX,US,1784332800082,2.87046e-05,0.0007592733,2026-07-18 00:00:00+00:00,2026-07-18,off,False
xyz:NFLX,US,1784336400081,1.64106e-05,0.000562569,2026-07-18 01:00:00+00:00,2026-07-18,off,True
xyz:NFLX,US,1784340000013,6.25e-06,0.0002686782,2026-07-18 02:00:00+00:00,2026-07-18,off,True
xyz:NFLX,US,1784343600008,6.25e-06,0.0002074959,2026-07-18 03:00:00+00:00,2026-07-18,off,True
xyz:NFLX,US,1784347200021,8.0483e-06,0.0004287736,2026-07-18 04:00:00+00:00,2026-07-18,off,True
xyz:NFLX,US,1784350800016,-1.49525e-05,-0.0005392393,2026-07-18 05:00:00+00:00,2026-07-18,off,True
xyz:NFLX,US,1784354400028,-4.57691e-05,-0.0010323058,2026-07-18 06:00:00+00:00,2026-07-18,off,True
xyz:NFLX,US,1784358000025,-2.00682e-05,-0.0006210919,2026-07-18 07:00:00+00:00,2026-07-18,off,True
xyz:NFLX,US,1784361600019,-8.6821e-06,-0.0004389133,2026-07-18 08:00:00+00:00,2026-07-18,off,True
xyz:NFLX,US,1784365200040,-3.07458e-05,-0.0007919327,2026-07-18 09:00:00+00:00,2026-07-18,off,True
xyz:NFLX,US,1784368800020,6.25e-06,-4.99887e-05,2026-07-18 10:00:00+00:00,2026-07-18,off,True
xyz:NFLX,US,1784372400039,6.25e-06,0.0002453447,2026-07-18 11:00:00+00:00,2026-07-18,off,True
xyz:NFLX,US,1784376000044,6.25e-06,-2.24304e-05,2026-07-18 12:00:00+00:00,2026-07-18,off,True
xyz:NFLX,US,1784379600006,-3.6272e-06,-0.0003580355,2026-07-18 13:00:00+00:00,2026-07-18,off,True
xyz:NFLX,US,1784383200061,-1.40832e-05,-0.0005253319,2026-07-18 14:00:00+00:00,2026-07-18,off,True
xyz:NFLX,US,1784386800024,-3.03227e-05,-0.0007851632,2026-07-18 15:00:00+00:00,2026-07-18,off,True
xyz:NFLX,US,1784390400043,-1.89438e-05,-0.0006031001,2026-07-18 16:00:00+00:00,2026-07-18,off,True
xyz:NFLX,US,1784394000035,-5.7946e-06,-0.0003927135,2026-07-18 17:00:00+00:00,2026-07-18,off,True
xyz:NFLX,US,1784397600031,6.25e-06,1.00399e-05,2026-07-18 18:00:00+00:00,2026-07-18,off,True
xyz:NFLX,US,1784401200033,7.4598e-06,0.000419356,2026-07-18 19:00:00+00:00,2026-07-18,off,True
xyz:NFLX,US,1784404800016,6.25e-06,0.0002222455,2026-07-18 20:00:00+00:00,2026-07-18,off,True
xyz:NFLX,US,1784408400006,6.25e-06,0.0002415918,2026-07-18 21:00:00+00:00,2026-07-18,off,True
xyz:NFLX,US,1784412000011,1.42687e-05,0.0005282992,2026-07-18 22:00:00+00:00,2026-07-18,off,True
xyz:NFLX,US,1784415600009,2.65847e-05,0.0007253555,2026-07-18 23:00:00+00:00,2026-07-18,off,True
xyz:NFLX,US,1784419200030,2.20474e-05,0.0006527591,2026-07-19 00:00:00+00:00,2026-07-19,off,True
xyz:NFLX,US,1784422800044,6.25e-06,0.0001665059,2026-07-19 01:00:00+00:00,2026-07-19,off,True
xyz:NFLX,US,1784426400055,6.25e-06,0.0003992386,2026-07-19 02:00:00+00:00,2026-07-19,off,True
xyz:NFLX,US,1784430000022,2.64481e-05,0.0007231699,2026-07-19 03:00:00+00:00,2026-07-19,off,True
xyz:NFLX,US,1784433600031,6.25e-06,0.0002623269,2026-07-19 04:00:00+00:00,2026-07-19,off,True
xyz:NFLX,US,1784437200043,2.15532e-05,0.0006448518,2026-07-19 05:00:00+00:00,2026-07-19,off,True
xyz:NFLX,US,1784440800032,2.76749e-05,0.000742799,2026-07-19 06:00:00+00:00,2026-07-19,off,True
xyz:NFLX,US,1784444400047,1.77335e-05,0.0005837356,2026-07-19 07:00:00+00:00,2026-07-19,off,True
xyz:NFLX,US,1784448000093,6.25e-06,0.000388427,2026-07-19 08:00:00+00:00,2026-07-19,off,True
xyz:NFLX,US,1784451600026,1.30835e-05,0.0005093359,2026-07-19 09:00:00+00:00,2026-07-19,off,True
xyz:NFLX,US,1784455200030,7.5846e-06,0.0004213537,2026-07-19 10:00:00+00:00,2026-07-19,off,True
xyz:NFLX,US,1784458800033,6.25e-06,0.0001566458,2026-07-19 11:00:00+00:00,2026-07-19,off,True
xyz:NFLX,US,1784462400037,6.25e-06,9.00395e-05,2026-07-19 12:00:00+00:00,2026-07-19,off,True
xyz:NFLX,US,1784466000014,6.0151e-06,-0.0002037591,2026-07-19 13:00:00+00:00,2026-07-19,off,True
xyz:NFLX,US,1784469600135,3.9848e-06,-0.0002362425,2026-07-19 14:00:00+00:00,2026-07-19,off,True
xyz:NFLX,US,1784473200019,6.25e-06,0.000138346,2026-07-19 15:00:00+00:00,2026-07-19,off,True
xyz:NFLX,US,1784476800007,6.25e-06,0.0001220918,2026-07-19 16:00:00+00:00,2026-07-19,off,True
xyz:NFLX,US,1784480400043,-5.8007e-06,-0.000392811,2026-07-19 17:00:00+00:00,2026-07-19,off,True
xyz:NFLX,US,1784484000049,6.25e-06,-9.01938e-05,2026-07-19 18:00:00+00:00,2026-07-19,off,True
xyz:NFLX,US,1784487600049,-2.5521e-06,-0.0003408333,2026-07-19 19:00:00+00:00,2026-07-19,off,True
xyz:NFLX,US,1784491200010,-9.3952e-06,-0.0004503224,2026-07-19 20:00:00+00:00,2026-07-19,off,True
xyz:NFLX,US,1784494800026,6.25e-06,-1.8389e-06,2026-07-19 21:00:00+00:00,2026-07-19,off,True
xyz:NFLX,US,1784498400049,6.25e-06,8.33072e-05,2026-07-19 22:00:00+00:00,2026-07-19,off,True
xyz:NFLX,US,1784502000014,6.25e-06,0.0002960118,2026-07-19 23:00:00+00:00,2026-07-19,off,True
xyz:NFLX,US,1784505600034,1.13e-05,0.0004807994,2026-07-20 00:00:00+00:00,2026-07-20,off,True
xyz:NFLX,US,1784509200063,2.87255e-05,0.0007596083,2026-07-20 01:00:00+00:00,2026-07-20,off,False
xyz:NFLX,US,1784512800052,2.51112e-05,0.0007017792,2026-07-20 02:00:00+00:00,2026-07-20,off,False
xyz:NFLX,US,1784516400046,2.57302e-05,0.0007116833,2026-07-20 03:00:00+00:00,2026-07-20,off,False
xyz:NFLX,US,1784520000011,7.1396e-06,0.0004142337,2026-07-20 04:00:00+00:00,2026-07-20,off,False
xyz:NFLX,US,1784523600027,2.59565e-05,0.0007153036,2026-07-20 05:00:00+00:00,2026-07-20,off,False
xyz:NFLX,US,1784527200047,2.7916e-05,0.0007466561,2026-07-20 06:00:00+00:00,2026-07-20,off,False
xyz:NFLX,US,1784530800008,1.80998e-05,0.0005895975,2026-07-20 07:00:00+00:00,2026-07-20,off,False
xyz:NFLX,US,1784534400058,1.09816e-05,0.0004757063,2026-07-20 08:00:00+00:00,2026-07-20,off,False
xyz:NFLX,US,1784538000029,1.9979e-05,0.0006196646,2026-07-20 09:00:00+00:00,2026-07-20,off,False
xyz:NFLX,US,1784541600029,1.88496e-05,0.0006015931,2026-07-20 10:00:00+00:00,2026-07-20,off,False
xyz:NFLX,US,1784545200000,2.84844e-05,0.0007557502,2026-07-20 11:00:00+00:00,2026-07-20,off,False
xyz:NFLX,US,1784548800000,3.04339e-05,0.0007869429,2026-07-20 12:00:00+00:00,2026-07-20,off,False
xyz:NFLX,US,1784552400047,2.07941e-05,0.0006327058,2026-07-20 13:00:00+00:00,2026-07-20,off,False
xyz:NFLX,US,1784556000049,2.82919e-05,0.0007526705,2026-07-20 14:00:00+00:00,2026-07-20,session,False
xyz:NFLX,US,1784559600053,2.98313e-05,0.0007773008,2026-07-20 15:00:00+00:00,2026-07-20,session,False
xyz:NFLX,US,1784563200104,2.23607e-05,0.0006577705,2026-07-20 16:00:00+00:00,2026-07-20,session,False
xyz:NFLX,US,1784566800046,2.31804e-05,0.0006708862,2026-07-20 17:00:00+00:00,2026-07-20,session,False
xyz:NFLX,US,1784570400027,2.2816e-05,0.0006650563,2026-07-20 18:00:00+00:00,2026-07-20,session,False
xyz:NFLX,US,1784574000035,2.20905e-05,0.0006534473,2026-07-20 19:00:00+00:00,2026-07-20,session,False
xyz:NFLX,US,1784577600008,2.17352e-05,0.0006477627,2026-07-20 20:00:00+00:00,2026-07-20,session,False
xyz:NFLX,US,1784581200006,2.43708e-05,0.000689933,2026-07-20 21:00:00+00:00,2026-07-20,off,False
xyz:NFLX,US,1784584800003,3.60591e-05,0.0008769451,2026-07-20 22:00:00+00:00,2026-07-20,off,False
xyz:NFLX,US,1784588400048,1.75961e-05,0.000581538,2026-07-20 23:00:00+00:00,2026-07-20,off,False
xyz:NFLX,US,1784592000040,1.90575e-05,0.0006049201,2026-07-21 00:00:00+00:00,2026-07-21,off,False
xyz:NFLX,US,1784595600005,1.3916e-05,0.0005226555,2026-07-21 01:00:00+00:00,2026-07-21,off,False
xyz:NFLX,US,1784599200036,2.78896e-05,0.0007462329,2026-07-21 02:00:00+00:00,2026-07-21,off,False
xyz:NFLX,US,1784602800030,2.63338e-05,0.0007213408,2026-07-21 03:00:00+00:00,2026-07-21,off,False
xyz:NFLX,US,1784606400001,2.79166e-05,0.0007466652,2026-07-21 04:00:00+00:00,2026-07-21,off,False
xyz:NFLX,US,1784610000004,3.7554e-05,0.000900864,2026-07-21 05:00:00+00:00,2026-07-21,off,False
xyz:NFLX,US,1784613600043,4.46967e-05,0.0010151475,2026-07-21 06:00:00+00:00,2026-07-21,off,False
xyz:NFLX,US,1784617200034,2.32247e-05,0.0006715952,2026-07-21 07:00:00+00:00,2026-07-21,off,False
xyz:NFLX,US,1784620800035,2.22611e-05,0.0006561778,2026-07-21 08:00:00+00:00,2026-07-21,off,False
xyz:NFLX,US,1784624400044,3.22645e-05,0.0008162328,2026-07-21 09:00:00+00:00,2026-07-21,off,False
xyz:NFLX,US,1784628000032,3.6105e-05,0.0008776792,2026-07-21 10:00:00+00:00,2026-07-21,off,False
xyz:NFLX,US,1784631600043,2.47814e-05,0.0006965024,2026-07-21 11:00:00+00:00,2026-07-21,off,False
xyz:NFLX,US,1784635200029,2.52073e-05,0.0007033166,2026-07-21 12:00:00+00:00,2026-07-21,off,False
xyz:NFLX,US,1784638800025,2.24883e-05,0.0006598131,2026-07-21 13:00:00+00:00,2026-07-21,off,False
xyz:NFLX,US,1784642400062,3.28967e-05,0.0008263468,2026-07-21 14:00:00+00:00,2026-07-21,session,False
xyz:NFLX,US,1784646000021,2.70287e-05,0.0007324594,2026-07-21 15:00:00+00:00,2026-07-21,session,False
xyz:NFLX,US,1784649600022,2.68548e-05,0.0007296775,2026-07-21 16:00:00+00:00,2026-07-21,session,False
xyz:NFLX,US,1784653200028,2.23942e-05,0.000658308,2026-07-21 17:00:00+00:00,2026-07-21,session,False
xyz:NFLX,US,1784656800028,2.16012e-05,0.0006456197,2026-07-21 18:00:00+00:00,2026-07-21,session,False
xyz:NFLX,US,1784660400068,2.22215e-05,0.0006555435,2026-07-21 19:00:00+00:00,2026-07-21,session,False
xyz:NFLX,US,1784664000059,2.45816e-05,0.0006933057,2026-07-21 20:00:00+00:00,2026-07-21,session,False
xyz:NFLX,US,1784667600047,4.14338e-05,0.0009629403,2026-07-21 21:00:00+00:00,2026-07-21,off,False
xyz:NFLX,US,1784671200051,5.96133e-05,0.0012538124,2026-07-21 22:00:00+00:00,2026-07-21,off,False
xyz:NFLX,US,1784674800023,4.84816e-05,0.0010757055,2026-07-21 23:00:00+00:00,2026-07-21,off,False
xyz:NFLX,US,1784678400025,0.000103567,0.0019570714,2026-07-22 00:00:00+00:00,2026-07-22,off,False
xyz:NFLX,US,1784682000013,0.0001162892,0.0021606275,2026-07-22 01:00:00+00:00,2026-07-22,off,False
xyz:NFLX,US,1784685600091,6.42934e-05,0.0013286945,2026-07-22 02:00:00+00:00,2026-07-22,off,False
xyz:NFLX,US,1784689200043,5.13938e-05,0.001122301,2026-07-22 03:00:00+00:00,2026-07-22,off,False
xyz:NFLX,US,1784692800052,4.41969e-05,0.0010071503,2026-07-22 04:00:00+00:00,2026-07-22,off,False
xyz:NFLX,US,1784696400087,7.45534e-05,0.0014928551,2026-07-22 05:00:00+00:00,2026-07-22,off,False
xyz:NFLX,US,1784700000048,5.01252e-05,0.0011020036,2026-07-22 06:00:00+00:00,2026-07-22,off,False
xyz:NFLX,US,1784703600019,5.04532e-05,0.0011072508,2026-07-22 07:00:00+00:00,2026-07-22,off,False
xyz:NFLX,US,1784707200039,3.32292e-05,0.0008316677,2026-07-22 08:00:00+00:00,2026-07-22,off,False
xyz:NFLX,US,1784710800028,3.60006e-05,0.0008760103,2026-07-22 09:00:00+00:00,2026-07-22,off,False
xyz:NFLX,US,1784714400025,3.21719e-05,0.0008147505,2026-07-22 10:00:00+00:00,2026-07-22,off,False
xyz:NFLX,US,1784718000047,4.90905e-05,0.0010854474,2026-07-22 11:00:00+00:00,2026-07-22,off,False
xyz:NFLX,US,1784721600037,5.2891e-05,0.0011462552,2026-07-22 12:00:00+00:00,2026-07-22,off,False
xyz:NFLX,US,1784725200052,5.71921e-05,0.0012150739,2026-07-22 13:00:00+00:00,2026-07-22,off,False
xyz:NFLX,US,1784728800038,4.06324e-05,0.0009501189,2026-07-22 14:00:00+00:00,2026-07-22,session,False
xyz:NFLX,US,1784732400018,2.37108e-05,0.0006793733,2026-07-22 15:00:00+00:00,2026-07-22,session,False
xyz:NFLX,US,1784736000004,2.49088e-05,0.0006985416,2026-07-22 16:00:00+00:00,2026-07-22,session,False
xyz:NFLX,US,1784739600047,2.12594e-05,0.0006401511,2026-07-22 17:00:00+00:00,2026-07-22,session,False
xyz:NFLX,US,1784743200015,2.32543e-05,0.0006720691,2026-07-22 18:00:00+00:00,2026-07-22,session,False
xyz:NFLX,US,1784746800007,2.49518e-05,0.0006992287,2026-07-22 19:00:00+00:00,2026-07-22,session,False
xyz:NFLX,US,1784750400054,2.38371e-05,0.0006813932,2026-07-22 20:00:00+00:00,2026-07-22,session,False
xyz:NOK,US,1784149200027,2.45931e-05,0.0006934893,2026-07-15 21:00:00+00:00,2026-07-15,off,False
xyz:NOK,US,1784152800016,6.25e-06,-3.12146e-05,2026-07-15 22:00:00+00:00,2026-07-15,off,False
xyz:NOK,US,1784156400034,3.30576e-05,0.000828921,2026-07-15 23:00:00+00:00,2026-07-15,off,False
xyz:NOK,US,1784160000034,6.25e-06,1.11724e-05,2026-07-16 00:00:00+00:00,2026-07-16,off,False
xyz:NOK,US,1784163600054,3.8243e-06,-0.0002388119,2026-07-16 01:00:00+00:00,2026-07-16,off,False
xyz:NOK,US,1784167200027,6.25e-06,0.0001206566,2026-07-16 02:00:00+00:00,2026-07-16,off,False
xyz:NOK,US,1784170800033,2.92027e-05,0.0007672433,2026-07-16 03:00:00+00:00,2026-07-16,off,False
xyz:NOK,US,1784174400056,7.09764e-05,0.0014356228,2026-07-16 04:00:00+00:00,2026-07-16,off,False
xyz:NOK,US,1784178000122,9.02376e-05,0.0017438018,2026-07-16 05:00:00+00:00,2026-07-16,off,False
xyz:NOK,US,1784181600066,8.0642e-06,0.0004290279,2026-07-16 06:00:00+00:00,2026-07-16,off,False
xyz:NOK,US,1784185200042,6.403e-06,0.0004024479,2026-07-16 07:00:00+00:00,2026-07-16,off,False
xyz:NOK,US,1784188800015,5.86173e-05,0.0012378768,2026-07-16 08:00:00+00:00,2026-07-16,off,False
xyz:NOK,US,1784192400017,1.98877e-05,0.0006182039,2026-07-16 09:00:00+00:00,2026-07-16,off,False
xyz:NOK,US,1784196000008,6.25e-06,0.0003743654,2026-07-16 10:00:00+00:00,2026-07-16,off,False
xyz:NOK,US,1784199600020,3.62299e-05,0.0008796784,2026-07-16 11:00:00+00:00,2026-07-16,off,False
xyz:NOK,US,1784203200028,1.96494e-05,0.0006143898,2026-07-16 12:00:00+00:00,2026-07-16,off,False
xyz:NOK,US,1784206800050,6.25e-06,0.000371138,2026-07-16 13:00:00+00:00,2026-07-16,off,False
xyz:NOK,US,1784210400054,3.72047e-05,0.0008952754,2026-07-16 14:00:00+00:00,2026-07-16,session,False
xyz:NOK,US,1784214000016,6.25e-06,-3.09365e-05,2026-07-16 15:00:00+00:00,2026-07-16,session,False
xyz:NOK,US,1784217600041,-1.68983e-05,-0.0005703731,2026-07-16 16:00:00+00:00,2026-07-16,session,False
xyz:NOK,US,1784221200000,6.25e-06,0.0003512093,2026-07-16 17:00:00+00:00,2026-07-16,session,False
xyz:NOK,US,1784224800011,6.25e-06,0.0003651766,2026-07-16 18:00:00+00:00,2026-07-16,session,False
xyz:NOK,US,1784228400031,6.25e-06,7.55884e-05,2026-07-16 19:00:00+00:00,2026-07-16,session,False
xyz:NOK,US,1784232000030,6.25e-06,7.9892e-05,2026-07-16 20:00:00+00:00,2026-07-16,session,False
xyz:NOK,US,1784235600011,2.49901e-05,0.0006998414,2026-07-16 21:00:00+00:00,2026-07-16,off,False
xyz:NOK,US,1784239200008,5.3544e-05,0.0011567034,2026-07-16 22:00:00+00:00,2026-07-16,off,False
xyz:NOK,US,1784242800017,4.8542e-06,-0.0002223333,2026-07-16 23:00:00+00:00,2026-07-16,off,False
xyz:NOK,US,1784246400018,-6.37606e-05,-0.0013201693,2026-07-17 00:00:00+00:00,2026-07-17,off,False
xyz:NOK,US,1784250000021,7.6858e-06,0.0004229721,2026-07-17 01:00:00+00:00,2026-07-17,off,False
xyz:NOK,US,1784253600001,3.34291e-05,0.0008348659,2026-07-17 02:00:00+00:00,2026-07-17,off,False
xyz:NOK,US,1784257200017,-1.77821e-05,-0.0005845136,2026-07-17 03:00:00+00:00,2026-07-17,off,False
xyz:NOK,US,1784260800041,6.25e-06,-0.0001032455,2026-07-17 04:00:00+00:00,2026-07-17,off,False
xyz:NOK,US,1784264400052,-3.40907e-05,-0.0008454507,2026-07-17 05:00:00+00:00,2026-07-17,off,False
xyz:NOK,US,1784268000032,6.25e-06,6.25278e-05,2026-07-17 06:00:00+00:00,2026-07-17,off,False
xyz:NOK,US,1784271600072,6.25e-06,7.81047e-05,2026-07-17 07:00:00+00:00,2026-07-17,off,False
xyz:NOK,US,1784275200065,6.25e-06,-0.0001204877,2026-07-17 08:00:00+00:00,2026-07-17,off,False
xyz:NOK,US,1784278800031,-4.2283e-06,-0.0003676534,2026-07-17 09:00:00+00:00,2026-07-17,off,False
xyz:NOK,US,1784282400070,6.25e-06,0.0001646107,2026-07-17 10:00:00+00:00,2026-07-17,off,False
xyz:NOK,US,1784286000020,6.25e-06,6.84964e-05,2026-07-17 11:00:00+00:00,2026-07-17,off,False
xyz:NOK,US,1784289600011,4.25512e-05,0.0009808188,2026-07-17 12:00:00+00:00,2026-07-17,off,False
xyz:NOK,US,1784293200060,2.01724e-05,0.0006227592,2026-07-17 13:00:00+00:00,2026-07-17,off,False
xyz:NOK,US,1784296800111,6.25e-06,0.0003342736,2026-07-17 14:00:00+00:00,2026-07-17,session,False
xyz:NOK,US,1784300400050,1.25932e-05,0.0005014912,2026-07-17 15:00:00+00:00,2026-07-17,session,False
xyz:NOK,US,1784304000048,2.84252e-05,0.0007548032,2026-07-17 16:00:00+00:00,2026-07-17,session,False
xyz:NOK,US,1784307600062,1.56069e-05,0.000549711,2026-07-17 17:00:00+00:00,2026-07-17,session,False
xyz:NOK,US,1784311200022,1.02909e-05,0.0004646548,2026-07-17 18:00:00+00:00,2026-07-17,session,False
xyz:NOK,US,1784314800025,1.37328e-05,0.0005197247,2026-07-17 19:00:00+00:00,2026-07-17,session,False
xyz:NOK,US,1784318400039,1.52464e-05,0.0005439426,2026-07-17 20:00:00+00:00,2026-07-17,session,False
xyz:NOK,US,1784322000065,6.25e-06,-0.0001499372,2026-07-17 21:00:00+00:00,2026-07-17,off,False
xyz:NOK,US,1784325600069,6.25e-06,0.0001243025,2026-07-17 22:00:00+00:00,2026-07-17,off,False
xyz:NOK,US,1784329200041,1.01883e-05,0.000463013,2026-07-17 23:00:00+00:00,2026-07-17,off,False
xyz:NOK,US,1784332800082,8.6849e-06,0.0004389581,2026-07-18 00:00:00+00:00,2026-07-18,off,False
xyz:NOK,US,1784336400081,9.22421e-05,0.0017758731,2026-07-18 01:00:00+00:00,2026-07-18,off,True
xyz:NOK,US,1784340000013,0.0001827789,0.0032244619,2026-07-18 02:00:00+00:00,2026-07-18,off,True
xyz:NOK,US,1784343600008,0.0002257751,0.0039124013,2026-07-18 03:00:00+00:00,2026-07-18,off,True
xyz:NOK,US,1784347200021,0.000156642,0.0028062715,2026-07-18 04:00:00+00:00,2026-07-18,off,True
xyz:NOK,US,1784350800016,6.25e-06,0.0002351554,2026-07-18 05:00:00+00:00,2026-07-18,off,True
xyz:NOK,US,1784354400028,2.73929e-05,0.0007382866,2026-07-18 06:00:00+00:00,2026-07-18,off,True
xyz:NOK,US,1784358000025,6.25e-06,-8.03144e-05,2026-07-18 07:00:00+00:00,2026-07-18,off,True
xyz:NOK,US,1784361600019,0.0001628183,0.0029050925,2026-07-18 08:00:00+00:00,2026-07-18,off,True
xyz:NOK,US,1784365200040,0.0001398127,0.0025370028,2026-07-18 09:00:00+00:00,2026-07-18,off,True
xyz:NOK,US,1784368800020,-5.14966e-05,-0.0011239461,2026-07-18 10:00:00+00:00,2026-07-18,off,True
xyz:NOK,US,1784372400039,-5.05039e-05,-0.0011080631,2026-07-18 11:00:00+00:00,2026-07-18,off,True
xyz:NOK,US,1784376000044,-3.2172e-06,-0.000351475,2026-07-18 12:00:00+00:00,2026-07-18,off,True
xyz:NOK,US,1784379600006,2.3017e-06,-0.0002631736,2026-07-18 13:00:00+00:00,2026-07-18,off,True
xyz:NOK,US,1784383200061,-2.52585e-05,-0.0007041355,2026-07-18 14:00:00+00:00,2026-07-18,off,True
xyz:NOK,US,1784386800024,-6.73188e-05,-0.0013771002,2026-07-18 15:00:00+00:00,2026-07-18,off,True
xyz:NOK,US,1784390400043,-8.16207e-05,-0.0016059313,2026-07-18 16:00:00+00:00,2026-07-18,off,True
xyz:NOK,US,1784394000035,1.12897e-05,0.0004806347,2026-07-18 17:00:00+00:00,2026-07-18,off,True
xyz:NOK,US,1784397600031,4.30477e-05,0.0009887624,2026-07-18 18:00:00+00:00,2026-07-18,off,True
xyz:NOK,US,1784401200033,-9.0484e-06,-0.0004447737,2026-07-18 19:00:00+00:00,2026-07-18,off,True
xyz:NOK,US,1784404800016,-3.61049e-05,-0.0008776779,2026-07-18 20:00:00+00:00,2026-07-18,off,True
xyz:NOK,US,1784408400006,1.75117e-05,0.0005801875,2026-07-18 21:00:00+00:00,2026-07-18,off,True
xyz:NOK,US,1784412000011,0.0001162609,0.0021601748,2026-07-18 22:00:00+00:00,2026-07-18,off,True
xyz:NOK,US,1784415600009,8.61241e-05,0.0016779862,2026-07-18 23:00:00+00:00,2026-07-18,off,True
xyz:NOK,US,1784419200030,-1.6155e-06,-0.0003258479,2026-07-19 00:00:00+00:00,2026-07-19,off,True
xyz:NOK,US,1784422800044,-3.921e-07,-0.0003062743,2026-07-19 01:00:00+00:00,2026-07-19,off,True
xyz:NOK,US,1784426400055,2.72928e-05,0.0007366847,2026-07-19 02:00:00+00:00,2026-07-19,off,True
xyz:NOK,US,1784430000022,0.0002632255,0.0045116081,2026-07-19 03:00:00+00:00,2026-07-19,off,True
xyz:NOK,US,1784433600031,0.000114813,0.0021370081,2026-07-19 04:00:00+00:00,2026-07-19,off,True
xyz:NOK,US,1784437200043,7.55247e-05,0.0015083957,2026-07-19 05:00:00+00:00,2026-07-19,off,True
xyz:NOK,US,1784440800032,2.76554e-05,0.0007424857,2026-07-19 06:00:00+00:00,2026-07-19,off,True
xyz:NOK,US,1784444400047,4.18646e-05,0.0009698332,2026-07-19 07:00:00+00:00,2026-07-19,off,True
xyz:NOK,US,1784448000093,6.25e-06,-7.53159e-05,2026-07-19 08:00:00+00:00,2026-07-19,off,True
xyz:NOK,US,1784451600026,6.25e-06,0.0002630039,2026-07-19 09:00:00+00:00,2026-07-19,off,True
xyz:NOK,US,1784455200030,6.25e-06,6.70102e-05,2026-07-19 10:00:00+00:00,2026-07-19,off,True
xyz:NOK,US,1784458800033,-0.0001038498,-0.0019615975,2026-07-19 11:00:00+00:00,2026-07-19,off,True
xyz:NOK,US,1784462400037,-0.000171544,-0.0030447043,2026-07-19 12:00:00+00:00,2026-07-19,off,True
xyz:NOK,US,1784466000014,-0.0001685675,-0.0029970794,2026-07-19 13:00:00+00:00,2026-07-19,off,True
xyz:NOK,US,1784469600135,2.47927e-05,0.0006966838,2026-07-19 14:00:00+00:00,2026-07-19,off,True
xyz:NOK,US,1784473200019,2.04826e-05,0.0006277223,2026-07-19 15:00:00+00:00,2026-07-19,off,True
xyz:NOK,US,1784476800007,-8.32645e-05,-0.0016322312,2026-07-19 16:00:00+00:00,2026-07-19,off,True
xyz:NOK,US,1784480400043,0.0001223307,0.0022572915,2026-07-19 17:00:00+00:00,2026-07-19,off,True
xyz:NOK,US,1784484000049,0.0002113708,0.0036819332,2026-07-19 18:00:00+00:00,2026-07-19,off,True
xyz:NOK,US,1784487600049,8.0175e-05,0.0015828003,2026-07-19 19:00:00+00:00,2026-07-19,off,True
xyz:NOK,US,1784491200010,-1.07217e-05,-0.0004715473,2026-07-19 20:00:00+00:00,2026-07-19,off,True
xyz:NOK,US,1784494800026,-0.0001177527,-0.0021840431,2026-07-19 21:00:00+00:00,2026-07-19,off,True
xyz:NOK,US,1784498400049,-0.0001548085,-0.0027769355,2026-07-19 22:00:00+00:00,2026-07-19,off,True
xyz:NOK,US,1784502000014,4.70495e-05,0.0010527917,2026-07-19 23:00:00+00:00,2026-07-19,off,True
xyz:NOK,US,1784505600034,1.89662e-05,0.0006034585,2026-07-20 00:00:00+00:00,2026-07-20,off,True
xyz:NOK,US,1784509200063,3.56587e-05,0.0008705394,2026-07-20 01:00:00+00:00,2026-07-20,off,False
xyz:NOK,US,1784512800052,2.43944e-05,0.0006903111,2026-07-20 02:00:00+00:00,2026-07-20,off,False
xyz:NOK,US,1784516400046,3.50819e-05,0.0008613107,2026-07-20 03:00:00+00:00,2026-07-20,off,False
xyz:NOK,US,1784520000011,9.55519e-05,0.0018288302,2026-07-20 04:00:00+00:00,2026-07-20,off,False
xyz:NOK,US,1784523600027,3.08036e-05,0.000792857,2026-07-20 05:00:00+00:00,2026-07-20,off,False
xyz:NOK,US,1784527200047,4.16615e-05,0.0009665842,2026-07-20 06:00:00+00:00,2026-07-20,off,False
xyz:NOK,US,1784530800008,6.25e-06,0.0003433919,2026-07-20 07:00:00+00:00,2026-07-20,off,False
xyz:NOK,US,1784534400058,4.25257e-05,0.0009804109,2026-07-20 08:00:00+00:00,2026-07-20,off,False
xyz:NOK,US,1784538000029,6.60638e-05,0.001357021,2026-07-20 09:00:00+00:00,2026-07-20,off,False
xyz:NOK,US,1784541600029,6.71044e-05,0.0013736706,2026-07-20 10:00:00+00:00,2026-07-20,off,False
xyz:NOK,US,1784545200000,6.89231e-05,0.0014027702,2026-07-20 11:00:00+00:00,2026-07-20,off,False
xyz:NOK,US,1784548800000,2.58953e-05,0.0007143248,2026-07-20 12:00:00+00:00,2026-07-20,off,False
xyz:NOK,US,1784552400047,1.78326e-05,0.0005853212,2026-07-20 13:00:00+00:00,2026-07-20,off,False
xyz:NOK,US,1784556000049,3.17142e-05,0.000807427,2026-07-20 14:00:00+00:00,2026-07-20,session,False
xyz:NOK,US,1784559600053,2.96279e-05,0.000774047,2026-07-20 15:00:00+00:00,2026-07-20,session,False
xyz:NOK,US,1784563200104,5.7822e-05,0.0012251527,2026-07-20 16:00:00+00:00,2026-07-20,session,False
xyz:NOK,US,1784566800046,8.6322e-06,0.0004381149,2026-07-20 17:00:00+00:00,2026-07-20,session,False
xyz:NOK,US,1784570400027,1.2089e-05,0.0004934234,2026-07-20 18:00:00+00:00,2026-07-20,session,False
xyz:NOK,US,1784574000035,2.95281e-05,0.0007724501,2026-07-20 19:00:00+00:00,2026-07-20,session,False
xyz:NOK,US,1784577600008,2.67359e-05,0.0007277739,2026-07-20 20:00:00+00:00,2026-07-20,session,False
xyz:NOK,US,1784581200006,8.36147e-05,0.0016378354,2026-07-20 21:00:00+00:00,2026-07-20,off,False
xyz:NOK,US,1784584800003,8.28879e-05,0.0016262071,2026-07-20 22:00:00+00:00,2026-07-20,off,False
xyz:NOK,US,1784588400048,9.83e-06,0.0004572793,2026-07-20 23:00:00+00:00,2026-07-20,off,False
xyz:NOK,US,1784592000040,4.15158e-05,0.0009642534,2026-07-21 00:00:00+00:00,2026-07-21,off,False
xyz:NOK,US,1784595600005,6.25e-06,-0.0001728265,2026-07-21 01:00:00+00:00,2026-07-21,off,False
xyz:NOK,US,1784599200036,-1.33654e-05,-0.0005138463,2026-07-21 02:00:00+00:00,2026-07-21,off,False
xyz:NOK,US,1784602800030,2.62462e-05,0.0007199389,2026-07-21 03:00:00+00:00,2026-07-21,off,False
xyz:NOK,US,1784606400001,2.75912e-05,0.00074146,2026-07-21 04:00:00+00:00,2026-07-21,off,False
xyz:NOK,US,1784610000004,6.25e-06,-0.0001036485,2026-07-21 05:00:00+00:00,2026-07-21,off,False
xyz:NOK,US,1784613600043,1.40817e-05,0.0005253069,2026-07-21 06:00:00+00:00,2026-07-21,off,False
xyz:NOK,US,1784617200034,3.62818e-05,0.0008805091,2026-07-21 07:00:00+00:00,2026-07-21,off,False
xyz:NOK,US,1784620800035,6.25e-06,0.0003587963,2026-07-21 08:00:00+00:00,2026-07-21,off,False
xyz:NOK,US,1784624400044,3.44916e-05,0.0008518651,2026-07-21 09:00:00+00:00,2026-07-21,off,False
xyz:NOK,US,1784628000032,1.56486e-05,0.0005503772,2026-07-21 10:00:00+00:00,2026-07-21,off,False
xyz:NOK,US,1784631600043,6.25e-06,0.0003913155,2026-07-21 11:00:00+00:00,2026-07-21,off,False
xyz:NOK,US,1784635200029,2.71912e-05,0.00073506,2026-07-21 12:00:00+00:00,2026-07-21,off,False
xyz:NOK,US,1784638800025,2.49613e-05,0.0006993803,2026-07-21 13:00:00+00:00,2026-07-21,off,False
xyz:NOK,US,1784642400062,3.58503e-05,0.0008736046,2026-07-21 14:00:00+00:00,2026-07-21,session,False
xyz:NOK,US,1784646000021,4.74227e-05,0.0010587627,2026-07-21 15:00:00+00:00,2026-07-21,session,False
xyz:NOK,US,1784649600022,6.25e-06,0.0003914141,2026-07-21 16:00:00+00:00,2026-07-21,session,False
xyz:NOK,US,1784653200028,2.15287e-05,0.0006444597,2026-07-21 17:00:00+00:00,2026-07-21,session,False
xyz:NOK,US,1784656800028,4.74923e-05,0.0010598774,2026-07-21 18:00:00+00:00,2026-07-21,session,False
xyz:NOK,US,1784660400068,5.73944e-05,0.0012183103,2026-07-21 19:00:00+00:00,2026-07-21,session,False
xyz:NOK,US,1784664000059,6.18491e-05,0.001289585,2026-07-21 20:00:00+00:00,2026-07-21,session,False
xyz:NOK,US,1784667600047,2.66607e-05,0.0007265718,2026-07-21 21:00:00+00:00,2026-07-21,off,False
xyz:NOK,US,1784671200051,0.0001016224,0.0019259578,2026-07-21 22:00:00+00:00,2026-07-21,off,False
xyz:NOK,US,1784674800023,0.0001127556,0.0021040901,2026-07-21 23:00:00+00:00,2026-07-21,off,False
xyz:NOK,US,1784678400025,7.49371e-05,0.0014989937,2026-07-22 00:00:00+00:00,2026-07-22,off,False
xyz:NOK,US,1784682000013,1.55727e-05,0.0005491628,2026-07-22 01:00:00+00:00,2026-07-22,off,False
xyz:NOK,US,1784685600091,6.25e-06,4.7614e-06,2026-07-22 02:00:00+00:00,2026-07-22,off,False
xyz:NOK,US,1784689200043,5.64912e-05,0.001203859,2026-07-22 03:00:00+00:00,2026-07-22,off,False
xyz:NOK,US,1784692800052,4.75497e-05,0.0010607951,2026-07-22 04:00:00+00:00,2026-07-22,off,False
xyz:NOK,US,1784696400087,6.01559e-05,0.0012624943,2026-07-22 05:00:00+00:00,2026-07-22,off,False
xyz:NOK,US,1784700000048,6.25e-06,0.0002476837,2026-07-22 06:00:00+00:00,2026-07-22,off,False
xyz:NOK,US,1784703600019,3.47747e-05,0.0008563947,2026-07-22 07:00:00+00:00,2026-07-22,off,False
xyz:NOK,US,1784707200039,6.56948e-05,0.0013511175,2026-07-22 08:00:00+00:00,2026-07-22,off,False
xyz:NOK,US,1784710800028,2.20335e-05,0.0006525368,2026-07-22 09:00:00+00:00,2026-07-22,off,False
xyz:NOK,US,1784714400025,4.22496e-05,0.0009759939,2026-07-22 10:00:00+00:00,2026-07-22,off,False
xyz:NOK,US,1784718000047,7.32348e-05,0.0014717567,2026-07-22 11:00:00+00:00,2026-07-22,off,False
xyz:NOK,US,1784721600037,0.0001049369,0.00197899,2026-07-22 12:00:00+00:00,2026-07-22,off,False
xyz:NOK,US,1784725200052,9.68798e-05,0.0018500766,2026-07-22 13:00:00+00:00,2026-07-22,off,False
xyz:NOK,US,1784728800038,9.75725e-05,0.0018611602,2026-07-22 14:00:00+00:00,2026-07-22,session,False
xyz:NOK,US,1784732400018,0.0001076411,0.0020222574,2026-07-22 15:00:00+00:00,2026-07-22,session,False
xyz:NOK,US,1784736000004,6.67344e-05,0.0013677499,2026-07-22 16:00:00+00:00,2026-07-22,session,False
xyz:NOK,US,1784739600047,8.95894e-05,0.0017334309,2026-07-22 17:00:00+00:00,2026-07-22,session,False
xyz:NOK,US,1784743200015,7.4566e-06,0.0004193064,2026-07-22 18:00:00+00:00,2026-07-22,session,False
xyz:NOK,US,1784746800007,4.37594e-05,0.0010001499,2026-07-22 19:00:00+00:00,2026-07-22,session,False
xyz:NOK,US,1784750400054,4.70089e-05,0.0010521423,2026-07-22 20:00:00+00:00,2026-07-22,session,False
xyz:SMSN,KR,1784149200027,4.29372e-05,0.000986995,2026-07-15 21:00:00+00:00,2026-07-15,off,False
xyz:SMSN,KR,1784152800016,-0.0001241536,-0.002286457,2026-07-15 22:00:00+00:00,2026-07-15,off,False
xyz:SMSN,KR,1784156400034,-0.0001630046,-0.0029080733,2026-07-15 23:00:00+00:00,2026-07-15,off,False
xyz:SMSN,KR,1784160000034,-0.0003432428,-0.0057918843,2026-07-16 00:00:00+00:00,2026-07-16,off,False
xyz:SMSN,KR,1784163600054,6.25e-06,0.000244684,2026-07-16 01:00:00+00:00,2026-07-16,session,False
xyz:SMSN,KR,1784167200027,6.25e-06,0.0002491093,2026-07-16 02:00:00+00:00,2026-07-16,session,False
xyz:SMSN,KR,1784170800033,0.0001060518,0.0019968282,2026-07-16 03:00:00+00:00,2026-07-16,session,False
xyz:SMSN,KR,1784174400056,5.73986e-05,0.0012183776,2026-07-16 04:00:00+00:00,2026-07-16,session,False
xyz:SMSN,KR,1784178000122,7.88044e-05,0.0015608698,2026-07-16 05:00:00+00:00,2026-07-16,session,False
xyz:SMSN,KR,1784181600066,0.000128315,0.0023530394,2026-07-16 06:00:00+00:00,2026-07-16,session,False
xyz:SMSN,KR,1784185200042,0.0001328769,0.00242603,2026-07-16 07:00:00+00:00,2026-07-16,session,False
xyz:SMSN,KR,1784188800015,6.25e-06,-4.85535e-05,2026-07-16 08:00:00+00:00,2026-07-16,off,False
xyz:SMSN,KR,1784192400017,-7.36552e-05,-0.0014784832,2026-07-16 09:00:00+00:00,2026-07-16,off,False
xyz:SMSN,KR,1784196000008,-4.53589e-05,-0.0010257425,2026-07-16 10:00:00+00:00,2026-07-16,off,False
xyz:SMSN,KR,1784199600020,-9.01645e-05,-0.0017426318,2026-07-16 11:00:00+00:00,2026-07-16,off,False
xyz:SMSN,KR,1784203200028,-0.0002899386,-0.0049390175,2026-07-16 12:00:00+00:00,2026-07-16,off,False
xyz:SMSN,KR,1784206800050,-0.0002066809,-0.0036068943,2026-07-16 13:00:00+00:00,2026-07-16,off,False
xyz:SMSN,KR,1784210400054,-1.56543e-05,-0.0005504683,2026-07-16 14:00:00+00:00,2026-07-16,off,False
xyz:SMSN,KR,1784214000016,4.1339e-05,0.0009614241,2026-07-16 15:00:00+00:00,2026-07-16,off,False
xyz:SMSN,KR,1784217600041,-5.37539e-05,-0.001160063,2026-07-16 16:00:00+00:00,2026-07-16,off,False
xyz:SMSN,KR,1784221200000,-0.0001916639,-0.003366622,2026-07-16 17:00:00+00:00,2026-07-16,off,False
xyz:SMSN,KR,1784224800011,-0.0002890216,-0.0049243463,2026-07-16 18:00:00+00:00,2026-07-16,off,False
xyz:SMSN,KR,1784228400031,-1.06486e-05,-0.0004703769,2026-07-16 19:00:00+00:00,2026-07-16,off,False
xyz:SMSN,KR,1784232000030,-0.0001354092,-0.0024665469,2026-07-16 20:00:00+00:00,2026-07-16,off,False
xyz:SMSN,KR,1784235600011,5.74411e-05,0.001219058,2026-07-16 21:00:00+00:00,2026-07-16,off,False
xyz:SMSN,KR,1784239200008,4.15817e-05,0.0009653076,2026-07-16 22:00:00+00:00,2026-07-16,off,False
xyz:SMSN,KR,1784242800017,-0.0002648655,-0.0045378481,2026-07-16 23:00:00+00:00,2026-07-16,off,False
xyz:SMSN,KR,1784246400018,-4.43589e-05,-0.0010097432,2026-07-17 00:00:00+00:00,2026-07-17,off,False
xyz:SMSN,KR,1784250000021,2.57369e-05,0.0007117908,2026-07-17 01:00:00+00:00,2026-07-17,session,False
xyz:SMSN,KR,1784253600001,-0.0002387993,-0.0041207892,2026-07-17 02:00:00+00:00,2026-07-17,session,False
xyz:SMSN,KR,1784257200017,-0.0006735413,-0.0110766612,2026-07-17 03:00:00+00:00,2026-07-17,session,False
xyz:SMSN,KR,1784260800041,2.06296e-05,0.0006300742,2026-07-17 04:00:00+00:00,2026-07-17,session,False
xyz:SMSN,KR,1784264400052,-0.0001119825,-0.0020917205,2026-07-17 05:00:00+00:00,2026-07-17,session,False
xyz:SMSN,KR,1784268000032,-0.0004151116,-0.0069417853,2026-07-17 06:00:00+00:00,2026-07-17,session,False
xyz:SMSN,KR,1784271600072,-0.0001663644,-0.0029618302,2026-07-17 07:00:00+00:00,2026-07-17,session,False
xyz:SMSN,KR,1784275200065,0.0001995478,0.0034927648,2026-07-17 08:00:00+00:00,2026-07-17,off,False
xyz:SMSN,KR,1784278800031,-9.75712e-05,-0.0018611396,2026-07-17 09:00:00+00:00,2026-07-17,off,False
xyz:SMSN,KR,1784282400070,0.000268108,0.0045897287,2026-07-17 10:00:00+00:00,2026-07-17,off,False
xyz:SMSN,KR,1784286000020,0.0006165774,0.0101652384,2026-07-17 11:00:00+00:00,2026-07-17,off,False
xyz:SMSN,KR,1784289600011,3.35689e-05,0.0008371021,2026-07-17 12:00:00+00:00,2026-07-17,off,False
xyz:SMSN,KR,1784293200060,-0.0001922674,-0.0033762776,2026-07-17 13:00:00+00:00,2026-07-17,off,False
xyz:SMSN,KR,1784296800111,-0.0002725961,-0.0046615369,2026-07-17 14:00:00+00:00,2026-07-17,off,False
xyz:SMSN,KR,1784300400050,0.0014745119,0.0238921899,2026-07-17 15:00:00+00:00,2026-07-17,off,False
xyz:SMSN,KR,1784304000048,0.0006056542,0.0099904666,2026-07-17 16:00:00+00:00,2026-07-17,off,False
xyz:SMSN,KR,1784307600062,0.0006153672,0.0101458758,2026-07-17 17:00:00+00:00,2026-07-17,off,False
xyz:SMSN,KR,1784311200022,0.0003074039,0.0052184627,2026-07-17 18:00:00+00:00,2026-07-17,off,False
xyz:SMSN,KR,1784314800025,-0.0003246583,-0.0054945323,2026-07-17 19:00:00+00:00,2026-07-17,off,False
xyz:SMSN,KR,1784318400039,-0.0002581457,-0.0044303308,2026-07-17 20:00:00+00:00,2026-07-17,off,False
xyz:SMSN,KR,1784322000065,-0.0005628333,-0.0093053333,2026-07-17 21:00:00+00:00,2026-07-17,off,False
xyz:SMSN,KR,1784325600069,-0.0001505594,-0.0027089502,2026-07-17 22:00:00+00:00,2026-07-17,off,False
xyz:SMSN,KR,1784329200041,6.25e-06,-0.0001313476,2026-07-17 23:00:00+00:00,2026-07-17,off,False
xyz:SMSN,KR,1784332800082,4.56955e-05,0.0010311287,2026-07-18 00:00:00+00:00,2026-07-18,off,False
xyz:SMSN,KR,1784336400081,0.0001529708,0.0027475331,2026-07-18 01:00:00+00:00,2026-07-18,off,True
xyz:SMSN,KR,1784340000013,0.000114019,0.0021243037,2026-07-18 02:00:00+00:00,2026-07-18,off,True
xyz:SMSN,KR,1784343600008,2.78445e-05,0.0007455115,2026-07-18 03:00:00+00:00,2026-07-18,off,True
xyz:SMSN,KR,1784347200021,1.49449e-05,0.0005391181,2026-07-18 04:00:00+00:00,2026-07-18,off,True
xyz:SMSN,KR,1784350800016,6.25e-06,-0.0001366615,2026-07-18 05:00:00+00:00,2026-07-18,off,True
xyz:SMSN,KR,1784354400028,-2.04732e-05,-0.0006275715,2026-07-18 06:00:00+00:00,2026-07-18,off,True
xyz:SMSN,KR,1784358000025,-8.62932e-05,-0.0016806915,2026-07-18 07:00:00+00:00,2026-07-18,off,True
xyz:SMSN,KR,1784361600019,8.15e-08,-0.0002986953,2026-07-18 08:00:00+00:00,2026-07-18,off,True
xyz:SMSN,KR,1784365200040,-1.15373e-05,-0.0004845965,2026-07-18 09:00:00+00:00,2026-07-18,off,True
xyz:SMSN,KR,1784368800020,-6.53912e-05,-0.0013462597,2026-07-18 10:00:00+00:00,2026-07-18,off,True
xyz:SMSN,KR,1784372400039,-6.643e-07,-0.0003106296,2026-07-18 11:00:00+00:00,2026-07-18,off,True
xyz:SMSN,KR,1784376000044,-0.000111953,-0.0020912476,2026-07-18 12:00:00+00:00,2026-07-18,off,True
xyz:SMSN,KR,1784379600006,-0.0002518531,-0.0043296499,2026-07-18 13:00:00+00:00,2026-07-18,off,True
xyz:SMSN,KR,1784383200061,4.7694e-05,0.0010631038,2026-07-18 14:00:00+00:00,2026-07-18,off,True
xyz:SMSN,KR,1784386800024,6.25e-06,-0.0001589376,2026-07-18 15:00:00+00:00,2026-07-18,off,True
xyz:SMSN,KR,1784390400043,-4.67723e-05,-0.001048356,2026-07-18 16:00:00+00:00,2026-07-18,off,True
xyz:SMSN,KR,1784394000035,-6.95353e-05,-0.0014125641,2026-07-18 17:00:00+00:00,2026-07-18,off,True
xyz:SMSN,KR,1784397600031,-6.6926e-05,-0.0013708154,2026-07-18 18:00:00+00:00,2026-07-18,off,True
xyz:SMSN,KR,1784401200033,-9.9575e-06,-0.0004593197,2026-07-18 19:00:00+00:00,2026-07-18,off,True
xyz:SMSN,KR,1784404800016,-9.1206e-06,-0.0004459303,2026-07-18 20:00:00+00:00,2026-07-18,off,True
xyz:SMSN,KR,1784408400006,6.25e-06,-3.3651e-05,2026-07-18 21:00:00+00:00,2026-07-18,off,True
xyz:SMSN,KR,1784412000011,1.49488e-05,0.0005391813,2026-07-18 22:00:00+00:00,2026-07-18,off,True
xyz:SMSN,KR,1784415600009,6.25e-06,-2.40735e-05,2026-07-18 23:00:00+00:00,2026-07-18,off,True
xyz:SMSN,KR,1784419200030,6.25e-06,8.90984e-05,2026-07-19 00:00:00+00:00,2026-07-19,off,True
xyz:SMSN,KR,1784422800044,4.90648e-05,0.0010850369,2026-07-19 01:00:00+00:00,2026-07-19,off,True
xyz:SMSN,KR,1784426400055,0.0001076482,0.0020223717,2026-07-19 02:00:00+00:00,2026-07-19,off,True
xyz:SMSN,KR,1784430000022,5.50085e-05,0.0011801355,2026-07-19 03:00:00+00:00,2026-07-19,off,True
xyz:SMSN,KR,1784433600031,6.25e-06,0.0001180092,2026-07-19 04:00:00+00:00,2026-07-19,off,True
xyz:SMSN,KR,1784437200043,0.0001262206,0.0023195294,2026-07-19 05:00:00+00:00,2026-07-19,off,True
xyz:SMSN,KR,1784440800032,2.25514e-05,0.0006608222,2026-07-19 06:00:00+00:00,2026-07-19,off,True
xyz:SMSN,KR,1784444400047,6.07508e-05,0.0012720121,2026-07-19 07:00:00+00:00,2026-07-19,off,True
xyz:SMSN,KR,1784448000093,6.36593e-05,0.0013185482,2026-07-19 08:00:00+00:00,2026-07-19,off,True
xyz:SMSN,KR,1784451600026,0.0001507785,0.0027124559,2026-07-19 09:00:00+00:00,2026-07-19,off,True
xyz:SMSN,KR,1784455200030,-4.80901e-05,-0.0010694424,2026-07-19 10:00:00+00:00,2026-07-19,off,True
xyz:SMSN,KR,1784458800033,-0.0001304288,-0.0023868613,2026-07-19 11:00:00+00:00,2026-07-19,off,True
xyz:SMSN,KR,1784462400037,-7.0708e-05,-0.0014313276,2026-07-19 12:00:00+00:00,2026-07-19,off,True
xyz:SMSN,KR,1784466000014,6.25e-06,-7.84373e-05,2026-07-19 13:00:00+00:00,2026-07-19,off,True
xyz:SMSN,KR,1784469600135,9.13535e-05,0.0017616556,2026-07-19 14:00:00+00:00,2026-07-19,off,True
xyz:SMSN,KR,1784473200019,6.2262e-06,-0.0002003813,2026-07-19 15:00:00+00:00,2026-07-19,off,True
xyz:SMSN,KR,1784476800007,-9.74447e-05,-0.0018591148,2026-07-19 16:00:00+00:00,2026-07-19,off,True
xyz:SMSN,KR,1784480400043,-0.0001438172,-0.0026010757,2026-07-19 17:00:00+00:00,2026-07-19,off,True
xyz:SMSN,KR,1784484000049,0.000106618,0.0020058876,2026-07-19 18:00:00+00:00,2026-07-19,off,True
xyz:SMSN,KR,1784487600049,5.9807e-06,-0.0002043094,2026-07-19 19:00:00+00:00,2026-07-19,off,True
xyz:SMSN,KR,1784491200010,7.64175e-05,0.0015226806,2026-07-19 20:00:00+00:00,2026-07-19,off,True
xyz:SMSN,KR,1784494800026,-1.01689e-05,-0.0004627027,2026-07-19 21:00:00+00:00,2026-07-19,off,True
xyz:SMSN,KR,1784498400049,6.25e-06,-5.63074e-05,2026-07-19 22:00:00+00:00,2026-07-19,off,True
xyz:SMSN,KR,1784502000014,6.25e-06,0.0002297665,2026-07-19 23:00:00+00:00,2026-07-19,off,True
xyz:SMSN,KR,1784505600034,0.0004035344,0.0067565496,2026-07-20 00:00:00+00:00,2026-07-20,off,True
xyz:SMSN,KR,1784509200063,0.000161827,0.002889232,2026-07-20 01:00:00+00:00,2026-07-20,session,False
xyz:SMSN,KR,1784512800052,9.01586e-05,0.0017425368,2026-07-20 02:00:00+00:00,2026-07-20,session,False
xyz:SMSN,KR,1784516400046,0.0001247745,0.0022963913,2026-07-20 03:00:00+00:00,2026-07-20,session,False
xyz:SMSN,KR,1784520000011,0.000142216,0.0025754562,2026-07-20 04:00:00+00:00,2026-07-20,session,False
xyz:SMSN,KR,1784523600027,8.85987e-05,0.0017175784,2026-07-20 05:00:00+00:00,2026-07-20,session,False
xyz:SMSN,KR,1784527200047,9.66656e-05,0.0018466502,2026-07-20 06:00:00+00:00,2026-07-20,session,False
xyz:SMSN,KR,1784530800008,-1.00125e-05,-0.0004602006,2026-07-20 07:00:00+00:00,2026-07-20,session,False
xyz:SMSN,KR,1784534400058,0.0001572675,0.00281628,2026-07-20 08:00:00+00:00,2026-07-20,off,False
xyz:SMSN,KR,1784538000029,0.0001061057,0.001997691,2026-07-20 09:00:00+00:00,2026-07-20,off,False
xyz:SMSN,KR,1784541600029,6.25e-06,9.97757e-05,2026-07-20 10:00:00+00:00,2026-07-20,off,False
xyz:SMSN,KR,1784545200000,6.25e-06,0.0002788414,2026-07-20 11:00:00+00:00,2026-07-20,off,False
xyz:SMSN,KR,1784548800000,0.0002128242,0.0037051868,2026-07-20 12:00:00+00:00,2026-07-20,off,False
xyz:SMSN,KR,1784552400047,-0.0001221258,-0.0022540129,2026-07-20 13:00:00+00:00,2026-07-20,off,False
xyz:SMSN,KR,1784556000049,7.745e-05,0.0015392002,2026-07-20 14:00:00+00:00,2026-07-20,off,False
xyz:SMSN,KR,1784559600053,-0.0002247858,-0.0038965732,2026-07-20 15:00:00+00:00,2026-07-20,off,False
xyz:SMSN,KR,1784563200104,0.0001264823,0.0023237165,2026-07-20 16:00:00+00:00,2026-07-20,off,False
xyz:SMSN,KR,1784566800046,3.89939e-05,0.000923903,2026-07-20 17:00:00+00:00,2026-07-20,off,False
xyz:SMSN,KR,1784570400027,-2.5358e-05,-0.0007057287,2026-07-20 18:00:00+00:00,2026-07-20,off,False
xyz:SMSN,KR,1784574000035,-0.0001305941,-0.0023895051,2026-07-20 19:00:00+00:00,2026-07-20,off,False
xyz:SMSN,KR,1784577600008,-0.0001174273,-0.002178837,2026-07-20 20:00:00+00:00,2026-07-20,off,False
xyz:SMSN,KR,1784581200006,-8.29565e-05,-0.0016273037,2026-07-20 21:00:00+00:00,2026-07-20,off,False
xyz:SMSN,KR,1784584800003,6.25e-06,0.0003473789,2026-07-20 22:00:00+00:00,2026-07-20,off,False
xyz:SMSN,KR,1784588400048,-0.0001349284,-0.0024588551,2026-07-20 23:00:00+00:00,2026-07-20,off,False
xyz:SMSN,KR,1784592000040,0.0001964192,0.0034427075,2026-07-21 00:00:00+00:00,2026-07-21,off,False
xyz:SMSN,KR,1784595600005,9.55841e-05,0.0018293455,2026-07-21 01:00:00+00:00,2026-07-21,session,False
xyz:SMSN,KR,1784599200036,8.88752e-05,0.0017220035,2026-07-21 02:00:00+00:00,2026-07-21,session,False
xyz:SMSN,KR,1784602800030,0.0001489691,0.0026835051,2026-07-21 03:00:00+00:00,2026-07-21,session,False
xyz:SMSN,KR,1784606400001,9.83261e-05,0.001873218,2026-07-21 04:00:00+00:00,2026-07-21,session,False
xyz:SMSN,KR,1784610000004,0.0001072034,0.0020152542,2026-07-21 05:00:00+00:00,2026-07-21,session,False
xyz:SMSN,KR,1784613600043,5.89585e-05,0.0012433366,2026-07-21 06:00:00+00:00,2026-07-21,session,False
xyz:SMSN,KR,1784617200034,4.91765e-05,0.0010868233,2026-07-21 07:00:00+00:00,2026-07-21,session,False
xyz:SMSN,KR,1784620800035,0.0001634144,0.0029146299,2026-07-21 08:00:00+00:00,2026-07-21,off,False
xyz:SMSN,KR,1784624400044,0.0001615553,0.0028848843,2026-07-21 09:00:00+00:00,2026-07-21,off,False
xyz:SMSN,KR,1784628000032,0.0001438905,0.0026022488,2026-07-21 10:00:00+00:00,2026-07-21,off,False
xyz:SMSN,KR,1784631600043,0.0001047841,0.0019765452,2026-07-21 11:00:00+00:00,2026-07-21,off,False
xyz:SMSN,KR,1784635200029,0.0001017456,0.0019279296,2026-07-21 12:00:00+00:00,2026-07-21,off,False
xyz:SMSN,KR,1784638800025,-2.7573e-06,-0.0003441168,2026-07-21 13:00:00+00:00,2026-07-21,off,False
xyz:SMSN,KR,1784642400062,5.65468e-05,0.001204749,2026-07-21 14:00:00+00:00,2026-07-21,off,False
xyz:SMSN,KR,1784646000021,0.0001414128,0.0025626042,2026-07-21 15:00:00+00:00,2026-07-21,off,False
xyz:SMSN,KR,1784649600022,0.0003609607,0.0060753706,2026-07-21 16:00:00+00:00,2026-07-21,off,False
xyz:SMSN,KR,1784653200028,0.0003866266,0.0064860259,2026-07-21 17:00:00+00:00,2026-07-21,off,False
xyz:SMSN,KR,1784656800028,1.5807e-05,0.0005529122,2026-07-21 18:00:00+00:00,2026-07-21,off,False
xyz:SMSN,KR,1784660400068,-8.83914e-05,-0.0017142617,2026-07-21 19:00:00+00:00,2026-07-21,off,False
xyz:SMSN,KR,1784664000059,-8.3901e-05,-0.0016424164,2026-07-21 20:00:00+00:00,2026-07-21,off,False
xyz:SMSN,KR,1784667600047,9.99505e-05,0.0018992075,2026-07-21 21:00:00+00:00,2026-07-21,off,False
xyz:SMSN,KR,1784671200051,0.0001856339,0.0032701424,2026-07-21 22:00:00+00:00,2026-07-21,off,False
xyz:SMSN,KR,1784674800023,-2.72864e-05,-0.000736583,2026-07-21 23:00:00+00:00,2026-07-21,off,False
xyz:SMSN,KR,1784678400025,0.0001830552,0.0032288833,2026-07-22 00:00:00+00:00,2026-07-22,off,False
xyz:SMSN,KR,1784682000013,2.27722e-05,0.0006643547,2026-07-22 01:00:00+00:00,2026-07-22,session,False
xyz:SMSN,KR,1784685600091,2.56527e-05,0.0007104436,2026-07-22 02:00:00+00:00,2026-07-22,session,False
xyz:SMSN,KR,1784689200043,4.23573e-05,0.0009777168,2026-07-22 03:00:00+00:00,2026-07-22,session,False
xyz:SMSN,KR,1784692800052,2.85427e-05,0.0007566836,2026-07-22 04:00:00+00:00,2026-07-22,session,False
xyz:SMSN,KR,1784696400087,5.31279e-05,0.001150046,2026-07-22 05:00:00+00:00,2026-07-22,session,False
xyz:SMSN,KR,1784700000048,6.38047e-05,0.0013208747,2026-07-22 06:00:00+00:00,2026-07-22,session,False
xyz:SMSN,KR,1784703600019,0.0001423287,0.0025772591,2026-07-22 07:00:00+00:00,2026-07-22,session,False
xyz:SMSN,KR,1784707200039,0.0001236679,0.002278687,2026-07-22 08:00:00+00:00,2026-07-22,off,False
xyz:SMSN,KR,1784710800028,0.0001408564,0.0025537017,2026-07-22 09:00:00+00:00,2026-07-22,off,False
xyz:SMSN,KR,1784714400025,-2.39989e-05,-0.0006839819,2026-07-22 10:00:00+00:00,2026-07-22,off,False
xyz:SMSN,KR,1784718000047,9.42933e-05,0.0018086933,2026-07-22 11:00:00+00:00,2026-07-22,off,False
xyz:SMSN,KR,1784721600037,-7.7025e-06,-0.0004232406,2026-07-22 12:00:00+00:00,2026-07-22,off,False
xyz:SMSN,KR,1784725200052,6.25e-06,0.0002304987,2026-07-22 13:00:00+00:00,2026-07-22,off,False
xyz:SMSN,KR,1784728800038,0.0003764453,0.0063231255,2026-07-22 14:00:00+00:00,2026-07-22,off,False
xyz:SMSN,KR,1784732400018,0.0002894632,0.0049314113,2026-07-22 15:00:00+00:00,2026-07-22,off,False
xyz:SMSN,KR,1784736000004,0.0001286692,0.0023587067,2026-07-22 16:00:00+00:00,2026-07-22,off,False
xyz:SMSN,KR,1784739600047,1.33091e-05,0.0005129457,2026-07-22 17:00:00+00:00,2026-07-22,off,False
xyz:SMSN,KR,1784743200015,-6.5729e-06,-0.0004051672,2026-07-22 18:00:00+00:00,2026-07-22,off,False
xyz:SMSN,KR,1784746800007,-0.0001286699,-0.0023587179,2026-07-22 19:00:00+00:00,2026-07-22,off,False
xyz:SMSN,KR,1784750400054,6.25e-06,0.000172687,2026-07-22 20:00:00+00:00,2026-07-22,off,False
xyz:XLE,US,1784149200027,5.302e-05,0.0011483194,2026-07-15 21:00:00+00:00,2026-07-15,off,False
xyz:XLE,US,1784152800016,2.5697e-05,0.0007111512,2026-07-15 22:00:00+00:00,2026-07-15,off,False
xyz:XLE,US,1784156400034,8.49202e-05,0.0016587238,2026-07-15 23:00:00+00:00,2026-07-15,off,False
xyz:XLE,US,1784160000034,6.11354e-05,0.0012781668,2026-07-16 00:00:00+00:00,2026-07-16,off,False
xyz:XLE,US,1784163600054,9.44661e-05,0.0018114582,2026-07-16 01:00:00+00:00,2026-07-16,off,False
xyz:XLE,US,1784167200027,9.9647e-05,0.0018943516,2026-07-16 02:00:00+00:00,2026-07-16,off,False
xyz:XLE,US,1784170800033,0.0001061149,0.0019978384,2026-07-16 03:00:00+00:00,2026-07-16,off,False
xyz:XLE,US,1784174400056,7.79986e-05,0.0015479782,2026-07-16 04:00:00+00:00,2026-07-16,off,False
xyz:XLE,US,1784178000122,4.9978e-05,0.001099648,2026-07-16 05:00:00+00:00,2026-07-16,off,False
xyz:XLE,US,1784181600066,5.16564e-05,0.0011265016,2026-07-16 06:00:00+00:00,2026-07-16,off,False
xyz:XLE,US,1784185200042,5.55549e-05,0.0011888778,2026-07-16 07:00:00+00:00,2026-07-16,off,False
xyz:XLE,US,1784188800015,6.25e-06,0.0003771924,2026-07-16 08:00:00+00:00,2026-07-16,off,False
xyz:XLE,US,1784192400017,7.6016e-06,0.0004216253,2026-07-16 09:00:00+00:00,2026-07-16,off,False
xyz:XLE,US,1784196000008,6.25e-06,0.0002891104,2026-07-16 10:00:00+00:00,2026-07-16,off,False
xyz:XLE,US,1784199600020,7.9736e-06,0.0004275782,2026-07-16 11:00:00+00:00,2026-07-16,off,False
xyz:XLE,US,1784203200028,6.25e-06,0.0002116561,2026-07-16 12:00:00+00:00,2026-07-16,off,False
xyz:XLE,US,1784206800050,6.25e-06,6.29109e-05,2026-07-16 13:00:00+00:00,2026-07-16,off,False
xyz:XLE,US,1784210400054,3.56628e-05,0.0008706046,2026-07-16 14:00:00+00:00,2026-07-16,session,False
xyz:XLE,US,1784214000016,7.94352e-05,0.0015709633,2026-07-16 15:00:00+00:00,2026-07-16,session,False
xyz:XLE,US,1784217600041,7.1312e-05,0.0014409927,2026-07-16 16:00:00+00:00,2026-07-16,session,False
xyz:XLE,US,1784221200000,8.58843e-05,0.001674148,2026-07-16 17:00:00+00:00,2026-07-16,session,False
xyz:XLE,US,1784224800011,6.07484e-05,0.0012719743,2026-07-16 18:00:00+00:00,2026-07-16,session,False
xyz:XLE,US,1784228400031,7.24187e-05,0.0014586988,2026-07-16 19:00:00+00:00,2026-07-16,session,False
xyz:XLE,US,1784232000030,8.13164e-05,0.0016010618,2026-07-16 20:00:00+00:00,2026-07-16,session,False
xyz:XLE,US,1784235600011,9.04839e-05,0.0017477421,2026-07-16 21:00:00+00:00,2026-07-16,off,False
xyz:XLE,US,1784239200008,0.0001144239,0.0021307823,2026-07-16 22:00:00+00:00,2026-07-16,off,False
xyz:XLE,US,1784242800017,5.91881e-05,0.0012470094,2026-07-16 23:00:00+00:00,2026-07-16,off,False
xyz:XLE,US,1784246400018,4.56238e-05,0.0010299807,2026-07-17 00:00:00+00:00,2026-07-17,off,False
xyz:XLE,US,1784250000021,7.238e-05,0.0014580801,2026-07-17 01:00:00+00:00,2026-07-17,off,False
xyz:XLE,US,1784253600001,3.01839e-05,0.0007829428,2026-07-17 02:00:00+00:00,2026-07-17,off,False
xyz:XLE,US,1784257200017,3.24885e-05,0.0008198158,2026-07-17 03:00:00+00:00,2026-07-17,off,False
xyz:XLE,US,1784260800041,2.01195e-05,0.0006219123,2026-07-17 04:00:00+00:00,2026-07-17,off,False
xyz:XLE,US,1784264400052,8.9034e-06,0.0004424537,2026-07-17 05:00:00+00:00,2026-07-17,off,False
xyz:XLE,US,1784268000032,6.03014e-05,0.0012648229,2026-07-17 06:00:00+00:00,2026-07-17,off,False
xyz:XLE,US,1784271600072,3.06801e-05,0.0007908814,2026-07-17 07:00:00+00:00,2026-07-17,off,False
xyz:XLE,US,1784275200065,3.94689e-05,0.0009315031,2026-07-17 08:00:00+00:00,2026-07-17,off,False
xyz:XLE,US,1784278800031,4.6419e-05,0.0010427036,2026-07-17 09:00:00+00:00,2026-07-17,off,False
xyz:XLE,US,1784282400070,6.82825e-05,0.0013925192,2026-07-17 10:00:00+00:00,2026-07-17,off,False
xyz:XLE,US,1784286000020,8.39751e-05,0.0016436019,2026-07-17 11:00:00+00:00,2026-07-17,off,False
xyz:XLE,US,1784289600011,0.0001406438,0.0025503005,2026-07-17 12:00:00+00:00,2026-07-17,off,False
xyz:XLE,US,1784293200060,0.000118473,0.0021955684,2026-07-17 13:00:00+00:00,2026-07-17,off,False
xyz:XLE,US,1784296800111,9.47364e-05,0.0018157823,2026-07-17 14:00:00+00:00,2026-07-17,session,False
xyz:XLE,US,1784300400050,1.84869e-05,0.0005957905,2026-07-17 15:00:00+00:00,2026-07-17,session,False
xyz:XLE,US,1784304000048,1.70044e-05,0.0005720707,2026-07-17 16:00:00+00:00,2026-07-17,session,False
xyz:XLE,US,1784307600062,2.78376e-05,0.000745402,2026-07-17 17:00:00+00:00,2026-07-17,session,False
xyz:XLE,US,1784311200022,2.59233e-05,0.0007147721,2026-07-17 18:00:00+00:00,2026-07-17,session,False
xyz:XLE,US,1784314800025,3.47389e-05,0.0008558225,2026-07-17 19:00:00+00:00,2026-07-17,session,False
xyz:XLE,US,1784318400039,3.78989e-05,0.000906382,2026-07-17 20:00:00+00:00,2026-07-17,session,False
xyz:XLE,US,1784322000065,2.30065e-05,0.0006681034,2026-07-17 21:00:00+00:00,2026-07-17,off,False
xyz:XLE,US,1784325600069,6.25e-06,0.0002716201,2026-07-17 22:00:00+00:00,2026-07-17,off,False
xyz:XLE,US,1784329200041,5.3575e-06,-0.0002142798,2026-07-17 23:00:00+00:00,2026-07-17,off,False
xyz:XLE,US,1784332800082,1.13876e-05,0.0004822011,2026-07-18 00:00:00+00:00,2026-07-18,off,False
xyz:XLE,US,1784336400081,0.0001187639,0.0022002228,2026-07-18 01:00:00+00:00,2026-07-18,off,True
xyz:XLE,US,1784340000013,0.000105586,0.0019893753,2026-07-18 02:00:00+00:00,2026-07-18,off,True
xyz:XLE,US,1784343600008,3.18001e-05,0.0008088009,2026-07-18 03:00:00+00:00,2026-07-18,off,True
xyz:XLE,US,1784347200021,3.75677e-05,0.0009010827,2026-07-18 04:00:00+00:00,2026-07-18,off,True
xyz:XLE,US,1784350800016,6.25e-06,-0.0001906318,2026-07-18 05:00:00+00:00,2026-07-18,off,True
xyz:XLE,US,1784354400028,1.81225e-05,0.0005899596,2026-07-18 06:00:00+00:00,2026-07-18,off,True
xyz:XLE,US,1784358000025,8.915e-06,0.0004426406,2026-07-18 07:00:00+00:00,2026-07-18,off,True
xyz:XLE,US,1784361600019,6.25e-06,7.6665e-06,2026-07-18 08:00:00+00:00,2026-07-18,off,True
xyz:XLE,US,1784365200040,-1.30635e-05,-0.0005090153,2026-07-18 09:00:00+00:00,2026-07-18,off,True
xyz:XLE,US,1784368800020,-1.7716e-06,-0.0003283463,2026-07-18 10:00:00+00:00,2026-07-18,off,True
xyz:XLE,US,1784372400039,-2.7697e-06,-0.0003443159,2026-07-18 11:00:00+00:00,2026-07-18,off,True
xyz:XLE,US,1784376000044,3.58722e-05,0.0008739558,2026-07-18 12:00:00+00:00,2026-07-18,off,True
xyz:XLE,US,1784379600006,-4.0266e-05,-0.0009442566,2026-07-18 13:00:00+00:00,2026-07-18,off,True
xyz:XLE,US,1784383200061,-5.77149e-05,-0.0012234386,2026-07-18 14:00:00+00:00,2026-07-18,off,True
xyz:XLE,US,1784386800024,-2.81044e-05,-0.0007496708,2026-07-18 15:00:00+00:00,2026-07-18,off,True
xyz:XLE,US,1784390400043,-2.94746e-05,-0.0007715943,2026-07-18 16:00:00+00:00,2026-07-18,off,True
xyz:XLE,US,1784394000035,-3.54447e-05,-0.0008671153,2026-07-18 17:00:00+00:00,2026-07-18,off,True
xyz:XLE,US,1784397600031,6.25e-06,-9.74067e-05,2026-07-18 18:00:00+00:00,2026-07-18,off,True
xyz:XLE,US,1784401200033,-7.4277e-06,-0.000418843,2026-07-18 19:00:00+00:00,2026-07-18,off,True
xyz:XLE,US,1784404800016,-2.15816e-05,-0.000645306,2026-07-18 20:00:00+00:00,2026-07-18,off,True
xyz:XLE,US,1784408400006,-1.62334e-05,-0.0005597342,2026-07-18 21:00:00+00:00,2026-07-18,off,True
xyz:XLE,US,1784412000011,-2.39864e-05,-0.0006837832,2026-07-18 22:00:00+00:00,2026-07-18,off,True
xyz:XLE,US,1784415600009,-2.96738e-05,-0.0007747815,2026-07-18 23:00:00+00:00,2026-07-18,off,True
xyz:XLE,US,1784419200030,-6.57545e-05,-0.0013520718,2026-07-19 00:00:00+00:00,2026-07-19,off,True
xyz:XLE,US,1784422800044,0.000104427,0.0019708319,2026-07-19 01:00:00+00:00,2026-07-19,off,True
xyz:XLE,US,1784426400055,3.15594e-05,0.0008049501,2026-07-19 02:00:00+00:00,2026-07-19,off,True
xyz:XLE,US,1784430000022,-5.29945e-05,-0.0011479121,2026-07-19 03:00:00+00:00,2026-07-19,off,True
xyz:XLE,US,1784433600031,-7.59556e-05,-0.00151529,2026-07-19 04:00:00+00:00,2026-07-19,off,True
xyz:XLE,US,1784437200043,8.62898e-05,0.001680637,2026-07-19 05:00:00+00:00,2026-07-19,off,True
xyz:XLE,US,1784440800032,2.69493e-05,0.0007311887,2026-07-19 06:00:00+00:00,2026-07-19,off,True
xyz:XLE,US,1784444400047,8.4462e-06,0.0004351394,2026-07-19 07:00:00+00:00,2026-07-19,off,True
xyz:XLE,US,1784448000093,6.25e-06,6.73826e-05,2026-07-19 08:00:00+00:00,2026-07-19,off,True
xyz:XLE,US,1784451600026,6.25e-06,0.0002678264,2026-07-19 09:00:00+00:00,2026-07-19,off,True
xyz:XLE,US,1784455200030,6.25e-06,-0.0001112642,2026-07-19 10:00:00+00:00,2026-07-19,off,True
xyz:XLE,US,1784458800033,6.25e-06,0.0001562083,2026-07-19 11:00:00+00:00,2026-07-19,off,True
xyz:XLE,US,1784462400037,6.25e-06,3.73388e-05,2026-07-19 12:00:00+00:00,2026-07-19,off,True
xyz:XLE,US,1784466000014,6.25e-06,-4.9458e-06,2026-07-19 13:00:00+00:00,2026-07-19,off,True
xyz:XLE,US,1784469600135,6.25e-06,0.0001133825,2026-07-19 14:00:00+00:00,2026-07-19,off,True
xyz:XLE,US,1784473200019,6.25e-06,5.73641e-05,2026-07-19 15:00:00+00:00,2026-07-19,off,True
xyz:XLE,US,1784476800007,6.25e-06,0.0001826731,2026-07-19 16:00:00+00:00,2026-07-19,off,True
xyz:XLE,US,1784480400043,-8.2562e-06,-0.0004320993,2026-07-19 17:00:00+00:00,2026-07-19,off,True
xyz:XLE,US,1784484000049,6.25e-06,-6.8456e-05,2026-07-19 18:00:00+00:00,2026-07-19,off,True
xyz:XLE,US,1784487600049,6.25e-06,0.0002202373,2026-07-19 19:00:00+00:00,2026-07-19,off,True
xyz:XLE,US,1784491200010,1.27706e-05,0.0005043295,2026-07-19 20:00:00+00:00,2026-07-19,off,True
xyz:XLE,US,1784494800026,-5.52459e-05,-0.0011839351,2026-07-19 21:00:00+00:00,2026-07-19,off,True
xyz:XLE,US,1784498400049,-0.0001122784,-0.0020964541,2026-07-19 22:00:00+00:00,2026-07-19,off,True
xyz:XLE,US,1784502000014,2.64393e-05,0.0007230287,2026-07-19 23:00:00+00:00,2026-07-19,off,True
xyz:XLE,US,1784505600034,3.34964e-05,0.0008359426,2026-07-20 00:00:00+00:00,2026-07-20,off,True
xyz:XLE,US,1784509200063,1.12374e-05,0.0004797989,2026-07-20 01:00:00+00:00,2026-07-20,off,False
xyz:XLE,US,1784512800052,6.25e-06,2.69016e-05,2026-07-20 02:00:00+00:00,2026-07-20,off,False
xyz:XLE,US,1784516400046,6.25e-06,0.0001470097,2026-07-20 03:00:00+00:00,2026-07-20,off,False
xyz:XLE,US,1784520000011,6.25e-06,0.000314587,2026-07-20 04:00:00+00:00,2026-07-20,off,False
xyz:XLE,US,1784523600027,6.25e-06,-4.30478e-05,2026-07-20 05:00:00+00:00,2026-07-20,off,False
xyz:XLE,US,1784527200047,2.21791e-05,0.0006548655,2026-07-20 06:00:00+00:00,2026-07-20,off,False
xyz:XLE,US,1784530800008,6.25e-06,3.384e-06,2026-07-20 07:00:00+00:00,2026-07-20,off,False
xyz:XLE,US,1784534400058,6.25e-06,-0.0001889251,2026-07-20 08:00:00+00:00,2026-07-20,off,False
xyz:XLE,US,1784538000029,1.55169e-05,0.0005482699,2026-07-20 09:00:00+00:00,2026-07-20,off,False
xyz:XLE,US,1784541600029,6.25e-06,0.0001894151,2026-07-20 10:00:00+00:00,2026-07-20,off,False
xyz:XLE,US,1784545200000,6.25e-06,-3.80729e-05,2026-07-20 11:00:00+00:00,2026-07-20,off,False
xyz:XLE,US,1784548800000,1.96202e-05,0.0006139234,2026-07-20 12:00:00+00:00,2026-07-20,off,False
xyz:XLE,US,1784552400047,2.24033e-05,0.0006584524,2026-07-20 13:00:00+00:00,2026-07-20,off,False
xyz:XLE,US,1784556000049,2.70718e-05,0.0007331493,2026-07-20 14:00:00+00:00,2026-07-20,session,False
xyz:XLE,US,1784559600053,1.90773e-05,0.0006052373,2026-07-20 15:00:00+00:00,2026-07-20,session,False
xyz:XLE,US,1784563200104,1.86097e-05,0.0005977556,2026-07-20 16:00:00+00:00,2026-07-20,session,False
xyz:XLE,US,1784566800046,6.25e-06,0.0002307192,2026-07-20 17:00:00+00:00,2026-07-20,session,False
xyz:XLE,US,1784570400027,6.25e-06,-0.0001164458,2026-07-20 18:00:00+00:00,2026-07-20,session,False
xyz:XLE,US,1784574000035,8.9339e-06,0.0004429416,2026-07-20 19:00:00+00:00,2026-07-20,session,False
xyz:XLE,US,1784577600008,1.42459e-05,0.0005279338,2026-07-20 20:00:00+00:00,2026-07-20,session,False
xyz:XLE,US,1784581200006,1.86981e-05,0.0005991701,2026-07-20 21:00:00+00:00,2026-07-20,off,False
xyz:XLE,US,1784584800003,7.3415e-06,0.0004174635,2026-07-20 22:00:00+00:00,2026-07-20,off,False
xyz:XLE,US,1784588400048,8.6482e-06,0.0004383709,2026-07-20 23:00:00+00:00,2026-07-20,off,False
xyz:XLE,US,1784592000040,3.37398e-05,0.0008398366,2026-07-21 00:00:00+00:00,2026-07-21,off,False
xyz:XLE,US,1784595600005,0.0001041355,0.0019661683,2026-07-21 01:00:00+00:00,2026-07-21,off,False
xyz:XLE,US,1784599200036,6.25e-06,-0.0001298331,2026-07-21 02:00:00+00:00,2026-07-21,off,False
xyz:XLE,US,1784602800030,6.25e-06,-3.19597e-05,2026-07-21 03:00:00+00:00,2026-07-21,off,False
xyz:XLE,US,1784606400001,6.25e-06,0.0003932131,2026-07-21 04:00:00+00:00,2026-07-21,off,False
xyz:XLE,US,1784610000004,6.25e-06,0.0001597507,2026-07-21 05:00:00+00:00,2026-07-21,off,False
xyz:XLE,US,1784613600043,-8.544e-07,-0.0003136709,2026-07-21 06:00:00+00:00,2026-07-21,off,False
xyz:XLE,US,1784617200034,6.25e-06,0.000266261,2026-07-21 07:00:00+00:00,2026-07-21,off,False
xyz:XLE,US,1784620800035,6.25e-06,-0.000180277,2026-07-21 08:00:00+00:00,2026-07-21,off,False
xyz:XLE,US,1784624400044,6.8118e-06,0.0004089889,2026-07-21 09:00:00+00:00,2026-07-21,off,False
xyz:XLE,US,1784628000032,6.25e-06,-5.22762e-05,2026-07-21 10:00:00+00:00,2026-07-21,off,False
xyz:XLE,US,1784631600043,4.5959e-06,-0.0002264652,2026-07-21 11:00:00+00:00,2026-07-21,off,False
xyz:XLE,US,1784635200029,1.18421e-05,0.0004894735,2026-07-21 12:00:00+00:00,2026-07-21,off,False
xyz:XLE,US,1784638800025,1.26227e-05,0.0005019628,2026-07-21 13:00:00+00:00,2026-07-21,off,False
xyz:XLE,US,1784642400062,2.51418e-05,0.0007022691,2026-07-21 14:00:00+00:00,2026-07-21,session,False
xyz:XLE,US,1784646000021,2.27217e-05,0.0006635476,2026-07-21 15:00:00+00:00,2026-07-21,session,False
xyz:XLE,US,1784649600022,2.69231e-05,0.0007307695,2026-07-21 16:00:00+00:00,2026-07-21,session,False
xyz:XLE,US,1784653200028,2.85942e-05,0.000757507,2026-07-21 17:00:00+00:00,2026-07-21,session,False
xyz:XLE,US,1784656800028,2.21588e-05,0.0006545415,2026-07-21 18:00:00+00:00,2026-07-21,session,False
xyz:XLE,US,1784660400068,2.02064e-05,0.0006233022,2026-07-21 19:00:00+00:00,2026-07-21,session,False
xyz:XLE,US,1784664000059,3.4006e-05,0.0008440964,2026-07-21 20:00:00+00:00,2026-07-21,session,False
xyz:XLE,US,1784667600047,4.08774e-05,0.0009540385,2026-07-21 21:00:00+00:00,2026-07-21,off,False
xyz:XLE,US,1784671200051,7.91473e-05,0.0015663573,2026-07-21 22:00:00+00:00,2026-07-21,off,False
xyz:XLE,US,1784674800023,6.25e-06,0.0002744381,2026-07-21 23:00:00+00:00,2026-07-21,off,False
xyz:XLE,US,1784678400025,3.1819e-06,-0.0002490895,2026-07-22 00:00:00+00:00,2026-07-22,off,False
xyz:XLE,US,1784682000013,6.25e-06,0.000397677,2026-07-22 01:00:00+00:00,2026-07-22,off,False
xyz:XLE,US,1784685600091,1.70807e-05,0.0005732913,2026-07-22 02:00:00+00:00,2026-07-22,off,False
xyz:XLE,US,1784689200043,1.28766e-05,0.000506025,2026-07-22 03:00:00+00:00,2026-07-22,off,False
xyz:XLE,US,1784692800052,1.85835e-05,0.0005973365,2026-07-22 04:00:00+00:00,2026-07-22,off,False
xyz:XLE,US,1784696400087,6.25e-06,0.0002804482,2026-07-22 05:00:00+00:00,2026-07-22,off,False
xyz:XLE,US,1784700000048,6.25e-06,0.0003628858,2026-07-22 06:00:00+00:00,2026-07-22,off,False
xyz:XLE,US,1784703600019,2.59486e-05,0.0007151769,2026-07-22 07:00:00+00:00,2026-07-22,off,False
xyz:XLE,US,1784707200039,1.6857e-05,0.0005697125,2026-07-22 08:00:00+00:00,2026-07-22,off,False
xyz:XLE,US,1784710800028,2.88178e-05,0.000761084,2026-07-22 09:00:00+00:00,2026-07-22,off,False
xyz:XLE,US,1784714400025,6.25e-06,0.0003380482,2026-07-22 10:00:00+00:00,2026-07-22,off,False
xyz:XLE,US,1784718000047,1.53653e-05,0.0005458454,2026-07-22 11:00:00+00:00,2026-07-22,off,False
xyz:XLE,US,1784721600037,2.17522e-05,0.000648036,2026-07-22 12:00:00+00:00,2026-07-22,off,False
xyz:XLE,US,1784725200052,1.99682e-05,0.0006194913,2026-07-22 13:00:00+00:00,2026-07-22,off,False
xyz:XLE,US,1784728800038,2.11869e-05,0.0006389899,2026-07-22 14:00:00+00:00,2026-07-22,session,False
xyz:XLE,US,1784732400018,2.12686e-05,0.0006402984,2026-07-22 15:00:00+00:00,2026-07-22,session,False
xyz:XLE,US,1784736000004,2.05386e-05,0.0006286175,2026-07-22 16:00:00+00:00,2026-07-22,session,False
xyz:XLE,US,1784739600047,2.16561e-05,0.0006464976,2026-07-22 17:00:00+00:00,2026-07-22,session,False
xyz:XLE,US,1784743200015,9.8429e-06,0.0004574863,2026-07-22 18:00:00+00:00,2026-07-22,session,False
xyz:XLE,US,1784746800007,1.87983e-05,0.0006007727,2026-07-22 19:00:00+00:00,2026-07-22,session,False
xyz:XLE,US,1784750400054,2.04645e-05,0.0006274312,2026-07-22 20:00:00+00:00,2026-07-22,session,False
xyz:ZHIPU,HK,1784149200027,-1.67002e-05,-0.0005672027,2026-07-15 21:00:00+00:00,2026-07-15,off,False
xyz:ZHIPU,HK,1784152800016,0.0001179445,0.0021871124,2026-07-15 22:00:00+00:00,2026-07-15,off,False
xyz:ZHIPU,HK,1784156400034,-1.40378e-05,-0.0005246041,2026-07-15 23:00:00+00:00,2026-07-15,off,False
xyz:ZHIPU,HK,1784160000034,-8.19848e-05,-0.0016117575,2026-07-16 00:00:00+00:00,2026-07-16,off,False
xyz:ZHIPU,HK,1784163600054,0.0003317126,0.0056074009,2026-07-16 01:00:00+00:00,2026-07-16,off,False
xyz:ZHIPU,HK,1784167200027,-0.0003053484,-0.005185575,2026-07-16 02:00:00+00:00,2026-07-16,session,False
xyz:ZHIPU,HK,1784170800033,-0.0001090004,-0.002044006,2026-07-16 03:00:00+00:00,2026-07-16,session,False
xyz:ZHIPU,HK,1784174400056,0.0001940195,0.0034043118,2026-07-16 04:00:00+00:00,2026-07-16,session,False
xyz:ZHIPU,HK,1784178000122,0.0005362536,0.0088800571,2026-07-16 05:00:00+00:00,2026-07-16,session,False
xyz:ZHIPU,HK,1784181600066,0.0004276704,0.0071427268,2026-07-16 06:00:00+00:00,2026-07-16,session,False
xyz:ZHIPU,HK,1784185200042,0.000304296,0.0051687358,2026-07-16 07:00:00+00:00,2026-07-16,session,False
xyz:ZHIPU,HK,1784188800015,0.0003339404,0.005643047,2026-07-16 08:00:00+00:00,2026-07-16,session,False
xyz:ZHIPU,HK,1784192400017,0.0004837313,0.0080397012,2026-07-16 09:00:00+00:00,2026-07-16,off,False
xyz:ZHIPU,HK,1784196000008,0.000453548,0.007556768,2026-07-16 10:00:00+00:00,2026-07-16,off,False
xyz:ZHIPU,HK,1784199600020,-4.02088e-05,-0.00094334,2026-07-16 11:00:00+00:00,2026-07-16,off,False
xyz:ZHIPU,HK,1784203200028,0.0001215933,0.0022454927,2026-07-16 12:00:00+00:00,2026-07-16,off,False
xyz:ZHIPU,HK,1784206800050,-0.0001877376,-0.0033038012,2026-07-16 13:00:00+00:00,2026-07-16,off,False
xyz:ZHIPU,HK,1784210400054,-5.32315e-05,-0.0011517037,2026-07-16 14:00:00+00:00,2026-07-16,off,False
xyz:ZHIPU,HK,1784214000016,-3.7085e-06,-0.0003593356,2026-07-16 15:00:00+00:00,2026-07-16,off,False
xyz:ZHIPU,HK,1784217600041,-0.0001853721,-0.003265953,2026-07-16 16:00:00+00:00,2026-07-16,off,False
xyz:ZHIPU,HK,1784221200000,-0.0002620684,-0.004493095,2026-07-16 17:00:00+00:00,2026-07-16,off,False
xyz:ZHIPU,HK,1784224800011,-0.0001939533,-0.0034032532,2026-07-16 18:00:00+00:00,2026-07-16,off,False
xyz:ZHIPU,HK,1784228400031,5.17374e-05,0.0011277977,2026-07-16 19:00:00+00:00,2026-07-16,off,False
xyz:ZHIPU,HK,1784232000030,-7.0621e-06,-0.0004129932,2026-07-16 20:00:00+00:00,2026-07-16,off,False
xyz:ZHIPU,HK,1784235600011,-0.0001443526,-0.0026096419,2026-07-16 21:00:00+00:00,2026-07-16,off,False
xyz:ZHIPU,HK,1784239200008,-0.0001609701,-0.0028755216,2026-07-16 22:00:00+00:00,2026-07-16,off,False
xyz:ZHIPU,HK,1784242800017,-0.0002005643,-0.0035090286,2026-07-16 23:00:00+00:00,2026-07-16,off,False
xyz:ZHIPU,HK,1784246400018,-3.81944e-05,-0.00091111,2026-07-17 00:00:00+00:00,2026-07-17,off,False
xyz:ZHIPU,HK,1784250000021,-0.001635856,-0.0264736957,2026-07-17 01:00:00+00:00,2026-07-17,off,False
xyz:ZHIPU,HK,1784253600001,-0.0007136352,-0.011718163,2026-07-17 02:00:00+00:00,2026-07-17,session,False
xyz:ZHIPU,HK,1784257200017,0.0005245446,0.0086927133,2026-07-17 03:00:00+00:00,2026-07-17,session,False
xyz:ZHIPU,HK,1784260800041,0.0002683407,0.0045934519,2026-07-17 04:00:00+00:00,2026-07-17,session,False
xyz:ZHIPU,HK,1784264400052,0.0007234345,0.0118749524,2026-07-17 05:00:00+00:00,2026-07-17,session,False
xyz:ZHIPU,HK,1784268000032,0.0006970734,0.0114531747,2026-07-17 06:00:00+00:00,2026-07-17,session,False
xyz:ZHIPU,HK,1784271600072,0.0002076734,0.0036227739,2026-07-17 07:00:00+00:00,2026-07-17,session,False
xyz:ZHIPU,HK,1784275200065,0.0001263091,0.0023209462,2026-07-17 08:00:00+00:00,2026-07-17,session,False
xyz:ZHIPU,HK,1784278800031,8.45032e-05,0.0016520519,2026-07-17 09:00:00+00:00,2026-07-17,off,False
xyz:ZHIPU,HK,1784282400070,8.87516e-05,0.001720026,2026-07-17 10:00:00+00:00,2026-07-17,off,False
xyz:ZHIPU,HK,1784286000020,0.0004727282,0.0078636513,2026-07-17 11:00:00+00:00,2026-07-17,off,False
xyz:ZHIPU,HK,1784289600011,0.0003910937,0.0065574985,2026-07-17 12:00:00+00:00,2026-07-17,off,False
xyz:ZHIPU,HK,1784293200060,-0.0001248249,-0.002297198,2026-07-17 13:00:00+00:00,2026-07-17,off,False
xyz:ZHIPU,HK,1784296800111,-0.0001596685,-0.0028546959,2026-07-17 14:00:00+00:00,2026-07-17,off,False
xyz:ZHIPU,HK,1784300400050,0.0003999464,0.0066991427,2026-07-17 15:00:00+00:00,2026-07-17,off,False
xyz:ZHIPU,HK,1784304000048,-7.93611e-05,-0.0015697777,2026-07-17 16:00:00+00:00,2026-07-17,off,False
xyz:ZHIPU,HK,1784307600062,0.000302127,0.0051340316,2026-07-17 17:00:00+00:00,2026-07-17,off,False
xyz:ZHIPU,HK,1784311200022,0.0004742073,0.0078873166,2026-07-17 18:00:00+00:00,2026-07-17,off,False
xyz:ZHIPU,HK,1784314800025,-1.39575e-05,-0.0005233195,2026-07-17 19:00:00+00:00,2026-07-17,off,False
xyz:ZHIPU,HK,1784318400039,0.0001875474,0.0033007585,2026-07-17 20:00:00+00:00,2026-07-17,off,False
xyz:ZHIPU,HK,1784322000065,-0.0002484649,-0.0042754391,2026-07-17 21:00:00+00:00,2026-07-17,off,False
xyz:ZHIPU,HK,1784325600069,-2.33688e-05,-0.000673901,2026-07-17 22:00:00+00:00,2026-07-17,off,False
xyz:ZHIPU,HK,1784329200041,-0.0001445702,-0.0026131236,2026-07-17 23:00:00+00:00,2026-07-17,off,False
xyz:ZHIPU,HK,1784332800082,-0.0001217259,-0.0022476141,2026-07-18 00:00:00+00:00,2026-07-18,off,False
xyz:ZHIPU,HK,1784336400081,4.83865e-05,0.0010741844,2026-07-18 01:00:00+00:00,2026-07-18,off,True
xyz:ZHIPU,HK,1784340000013,6.25e-06,0.0001853026,2026-07-18 02:00:00+00:00,2026-07-18,off,True
xyz:ZHIPU,HK,1784343600008,-6.1417e-05,-0.0012826725,2026-07-18 03:00:00+00:00,2026-07-18,off,True
xyz:ZHIPU,HK,1784347200021,-0.0002154026,-0.003746442,2026-07-18 04:00:00+00:00,2026-07-18,off,True
xyz:ZHIPU,HK,1784350800016,-0.0002298238,-0.0039771808,2026-07-18 05:00:00+00:00,2026-07-18,off,True
xyz:ZHIPU,HK,1784354400028,-0.0001046092,-0.0019737476,2026-07-18 06:00:00+00:00,2026-07-18,off,True
xyz:ZHIPU,HK,1784358000025,6.25e-06,-7.6521e-05,2026-07-18 07:00:00+00:00,2026-07-18,off,True
xyz:ZHIPU,HK,1784361600019,0.0001128754,0.0021060068,2026-07-18 08:00:00+00:00,2026-07-18,off,True
xyz:ZHIPU,HK,1784365200040,6.25e-06,9.69403e-05,2026-07-18 09:00:00+00:00,2026-07-18,off,True
xyz:ZHIPU,HK,1784368800020,-0.0001586567,-0.0028385065,2026-07-18 10:00:00+00:00,2026-07-18,off,True
xyz:ZHIPU,HK,1784372400039,-7.99943e-05,-0.0015799086,2026-07-18 11:00:00+00:00,2026-07-18,off,True
xyz:ZHIPU,HK,1784376000044,-4.3319e-05,-0.0009931044,2026-07-18 12:00:00+00:00,2026-07-18,off,True
xyz:ZHIPU,HK,1784379600006,-8.32268e-05,-0.0016316295,2026-07-18 13:00:00+00:00,2026-07-18,off,True
xyz:ZHIPU,HK,1784383200061,-6.71334e-05,-0.0013741337,2026-07-18 14:00:00+00:00,2026-07-18,off,True
xyz:ZHIPU,HK,1784386800024,6.53581e-05,0.0013457297,2026-07-18 15:00:00+00:00,2026-07-18,off,True
xyz:ZHIPU,HK,1784390400043,-0.0001107389,-0.0020718229,2026-07-18 16:00:00+00:00,2026-07-18,off,True
xyz:ZHIPU,HK,1784394000035,9.35551e-05,0.0017968817,2026-07-18 17:00:00+00:00,2026-07-18,off,True
xyz:ZHIPU,HK,1784397600031,7.85177e-05,0.0015562834,2026-07-18 18:00:00+00:00,2026-07-18,off,True
xyz:ZHIPU,HK,1784401200033,-1.43182e-05,-0.0005290912,2026-07-18 19:00:00+00:00,2026-07-18,off,True
xyz:ZHIPU,HK,1784404800016,6.25e-06,0.0002266398,2026-07-18 20:00:00+00:00,2026-07-18,off,True
xyz:ZHIPU,HK,1784408400006,4.63133e-05,0.0010410132,2026-07-18 21:00:00+00:00,2026-07-18,off,True
xyz:ZHIPU,HK,1784412000011,6.25e-06,0.0003604769,2026-07-18 22:00:00+00:00,2026-07-18,off,True
xyz:ZHIPU,HK,1784415600009,-8.42247e-05,-0.0016475946,2026-07-18 23:00:00+00:00,2026-07-18,off,True
xyz:ZHIPU,HK,1784419200030,-9.45269e-05,-0.0018124297,2026-07-19 00:00:00+00:00,2026-07-19,off,True
xyz:ZHIPU,HK,1784422800044,-0.000165921,-0.0029547366,2026-07-19 01:00:00+00:00,2026-07-19,off,True
xyz:ZHIPU,HK,1784426400055,-4.18773e-05,-0.0009700366,2026-07-19 02:00:00+00:00,2026-07-19,off,True
xyz:ZHIPU,HK,1784430000022,6.80885e-05,0.0013894164,2026-07-19 03:00:00+00:00,2026-07-19,off,True
xyz:ZHIPU,HK,1784433600031,6.25e-06,0.0001436514,2026-07-19 04:00:00+00:00,2026-07-19,off,True
xyz:ZHIPU,HK,1784437200043,6.25e-06,-9.14773e-05,2026-07-19 05:00:00+00:00,2026-07-19,off,True
xyz:ZHIPU,HK,1784440800032,6.55273e-05,0.0013484371,2026-07-19 06:00:00+00:00,2026-07-19,off,True
xyz:ZHIPU,HK,1784444400047,2.1856e-06,-0.0002650297,2026-07-19 07:00:00+00:00,2026-07-19,off,True
xyz:ZHIPU,HK,1784448000093,4.93285e-05,0.0010892561,2026-07-19 08:00:00+00:00,2026-07-19,off,True
xyz:ZHIPU,HK,1784451600026,0.0001503432,0.0027054913,2026-07-19 09:00:00+00:00,2026-07-19,off,True
xyz:ZHIPU,HK,1784455200030,6.25e-06,0.0001137497,2026-07-19 10:00:00+00:00,2026-07-19,off,True
xyz:ZHIPU,HK,1784458800033,-0.0001993024,-0.0034888383,2026-07-19 11:00:00+00:00,2026-07-19,off,True
xyz:ZHIPU,HK,1784462400037,-0.0001834392,-0.0032350265,2026-07-19 12:00:00+00:00,2026-07-19,off,True
xyz:ZHIPU,HK,1784466000014,-0.0002316967,-0.0040071473,2026-07-19 13:00:00+00:00,2026-07-19,off,True
xyz:ZHIPU,HK,1784469600135,-0.0001251831,-0.0023029303,2026-07-19 14:00:00+00:00,2026-07-19,off,True
xyz:ZHIPU,HK,1784473200019,-7.63402e-05,-0.0015214427,2026-07-19 15:00:00+00:00,2026-07-19,off,True
xyz:ZHIPU,HK,1784476800007,-4.99731e-05,-0.0010995689,2026-07-19 16:00:00+00:00,2026-07-19,off,True
xyz:ZHIPU,HK,1784480400043,0.0001430363,0.0025885815,2026-07-19 17:00:00+00:00,2026-07-19,off,True
xyz:ZHIPU,HK,1784484000049,0.000178547,0.0031567519,2026-07-19 18:00:00+00:00,2026-07-19,off,True
xyz:ZHIPU,HK,1784487600049,0.0001257771,0.0023124332,2026-07-19 19:00:00+00:00,2026-07-19,off,True
xyz:ZHIPU,HK,1784491200010,2.1528e-06,-0.0002655546,2026-07-19 20:00:00+00:00,2026-07-19,off,True
xyz:ZHIPU,HK,1784494800026,6.25e-06,-0.0001793944,2026-07-19 21:00:00+00:00,2026-07-19,off,True
xyz:ZHIPU,HK,1784498400049,1.5312e-05,0.0005449914,2026-07-19 22:00:00+00:00,2026-07-19,off,True
xyz:ZHIPU,HK,1784502000014,2.67967e-05,0.0007287479,2026-07-19 23:00:00+00:00,2026-07-19,off,True
xyz:ZHIPU,HK,1784505600034,8.45187e-05,0.0016522988,2026-07-20 00:00:00+00:00,2026-07-20,off,True
xyz:ZHIPU,HK,1784509200063,0.0001452886,0.0026246183,2026-07-20 01:00:00+00:00,2026-07-20,off,False
xyz:ZHIPU,HK,1784512800052,0.000332031,0.0056124965,2026-07-20 02:00:00+00:00,2026-07-20,session,False
xyz:ZHIPU,HK,1784516400046,0.0004009583,0.0067153333,2026-07-20 03:00:00+00:00,2026-07-20,session,False
xyz:ZHIPU,HK,1784520000011,0.0004447517,0.0074160274,2026-07-20 04:00:00+00:00,2026-07-20,session,False
xyz:ZHIPU,HK,1784523600027,0.0004441251,0.0074060022,2026-07-20 05:00:00+00:00,2026-07-20,session,False
xyz:ZHIPU,HK,1784527200047,0.0005410868,0.0089573889,2026-07-20 06:00:00+00:00,2026-07-20,session,False
xyz:ZHIPU,HK,1784530800008,0.0005153566,0.008545706,2026-07-20 07:00:00+00:00,2026-07-20,session,False
xyz:ZHIPU,HK,1784534400058,0.0004353479,0.0072655668,2026-07-20 08:00:00+00:00,2026-07-20,session,False
xyz:ZHIPU,HK,1784538000029,0.0005209675,0.0086354795,2026-07-20 09:00:00+00:00,2026-07-20,off,False
xyz:ZHIPU,HK,1784541600029,0.0001346214,0.002453943,2026-07-20 10:00:00+00:00,2026-07-20,off,False
xyz:ZHIPU,HK,1784545200000,-0.0001287571,-0.0023601134,2026-07-20 11:00:00+00:00,2026-07-20,off,False
xyz:ZHIPU,HK,1784548800000,6.25e-06,0.0001305235,2026-07-20 12:00:00+00:00,2026-07-20,off,False
xyz:ZHIPU,HK,1784552400047,-3.87581e-05,-0.0009201302,2026-07-20 13:00:00+00:00,2026-07-20,off,False
xyz:ZHIPU,HK,1784556000049,6.25e-06,0.0001194202,2026-07-20 14:00:00+00:00,2026-07-20,off,False
xyz:ZHIPU,HK,1784559600053,-3.2772e-05,-0.0008243514,2026-07-20 15:00:00+00:00,2026-07-20,off,False
xyz:ZHIPU,HK,1784563200104,6.25e-06,0.0003046038,2026-07-20 16:00:00+00:00,2026-07-20,off,False
xyz:ZHIPU,HK,1784566800046,2.12931e-05,0.00064069,2026-07-20 17:00:00+00:00,2026-07-20,off,False
xyz:ZHIPU,HK,1784570400027,0.0001870129,0.0032922059,2026-07-20 18:00:00+00:00,2026-07-20,off,False
xyz:ZHIPU,HK,1784574000035,6.25e-06,-8.2237e-06,2026-07-20 19:00:00+00:00,2026-07-20,off,False
xyz:ZHIPU,HK,1784577600008,-2.83318e-05,-0.000753309,2026-07-20 20:00:00+00:00,2026-07-20,off,False
xyz:ZHIPU,HK,1784581200006,-7.5209e-05,-0.0015033442,2026-07-20 21:00:00+00:00,2026-07-20,off,False
xyz:ZHIPU,HK,1784584800003,4.16923e-05,0.0009670762,2026-07-20 22:00:00+00:00,2026-07-20,off,False
xyz:ZHIPU,HK,1784588400048,-2.8773e-05,-0.0007603679,2026-07-20 23:00:00+00:00,2026-07-20,off,False
xyz:ZHIPU,HK,1784592000040,-0.0001235817,-0.0022773073,2026-07-21 00:00:00+00:00,2026-07-21,off,False
xyz:ZHIPU,HK,1784595600005,0.0001173754,0.0021780071,2026-07-21 01:00:00+00:00,2026-07-21,off,False
xyz:ZHIPU,HK,1784599200036,0.0005247214,0.008695543,2026-07-21 02:00:00+00:00,2026-07-21,session,False
xyz:ZHIPU,HK,1784602800030,8.1504e-06,0.0004304069,2026-07-21 03:00:00+00:00,2026-07-21,session,False
xyz:ZHIPU,HK,1784606400001,-7.8043e-05,-0.0015486881,2026-07-21 04:00:00+00:00,2026-07-21,session,False
xyz:ZHIPU,HK,1784610000004,-0.000298396,-0.0050743367,2026-07-21 05:00:00+00:00,2026-07-21,session,False
xyz:ZHIPU,HK,1784613600043,-0.0002359226,-0.0040747609,2026-07-21 06:00:00+00:00,2026-07-21,session,False
xyz:ZHIPU,HK,1784617200034,-0.0002469684,-0.0042514949,2026-07-21 07:00:00+00:00,2026-07-21,session,False
xyz:ZHIPU,HK,1784620800035,-0.0001813393,-0.003201429,2026-07-21 08:00:00+00:00,2026-07-21,session,False
xyz:ZHIPU,HK,1784624400044,-0.0001725758,-0.0030612123,2026-07-21 09:00:00+00:00,2026-07-21,off,False
xyz:ZHIPU,HK,1784628000032,-0.000182936,-0.0032269765,2026-07-21 10:00:00+00:00,2026-07-21,off,False
xyz:ZHIPU,HK,1784631600043,-0.000782749,-0.0128239834,2026-07-21 11:00:00+00:00,2026-07-21,off,False
xyz:ZHIPU,HK,1784635200029,-0.0002081031,-0.003629649,2026-07-21 12:00:00+00:00,2026-07-21,off,False
xyz:ZHIPU,HK,1784638800025,0.0002489872,0.0042837945,2026-07-21 13:00:00+00:00,2026-07-21,off,False
xyz:ZHIPU,HK,1784642400062,0.0003600315,0.0060605047,2026-07-21 14:00:00+00:00,2026-07-21,off,False
xyz:ZHIPU,HK,1784646000021,-6.29292e-05,-0.0013068677,2026-07-21 15:00:00+00:00,2026-07-21,off,False
xyz:ZHIPU,HK,1784649600022,-0.0003061515,-0.0051984246,2026-07-21 16:00:00+00:00,2026-07-21,off,False
xyz:ZHIPU,HK,1784653200028,0.0003018206,0.0051291302,2026-07-21 17:00:00+00:00,2026-07-21,off,False
xyz:ZHIPU,HK,1784656800028,0.0004131991,0.006911186,2026-07-21 18:00:00+00:00,2026-07-21,off,False
xyz:ZHIPU,HK,1784660400068,6.25e-06,-0.0001042641,2026-07-21 19:00:00+00:00,2026-07-21,off,False
xyz:ZHIPU,HK,1784664000059,0.0004627885,0.0077046165,2026-07-21 20:00:00+00:00,2026-07-21,off,False
xyz:ZHIPU,HK,1784667600047,0.000458785,0.0076405592,2026-07-21 21:00:00+00:00,2026-07-21,off,False
xyz:ZHIPU,HK,1784671200051,0.0004965226,0.0082443608,2026-07-21 22:00:00+00:00,2026-07-21,off,False
xyz:ZHIPU,HK,1784674800023,-0.0006290206,-0.0103643292,2026-07-21 23:00:00+00:00,2026-07-21,off,False
xyz:ZHIPU,HK,1784678400025,9.29467e-05,0.0017871476,2026-07-22 00:00:00+00:00,2026-07-22,off,False
xyz:ZHIPU,HK,1784682000013,0.0005632551,0.0093120818,2026-07-22 01:00:00+00:00,2026-07-22,off,False
xyz:ZHIPU,HK,1784685600091,0.0002529279,0.0043468464,2026-07-22 02:00:00+00:00,2026-07-22,session,False
xyz:ZHIPU,HK,1784689200043,6.25e-06,0.000121972,2026-07-22 03:00:00+00:00,2026-07-22,session,False
xyz:ZHIPU,HK,1784692800052,-5.17337e-05,-0.0011277397,2026-07-22 04:00:00+00:00,2026-07-22,session,False
xyz:ZHIPU,HK,1784696400087,6.25e-06,0.0002021824,2026-07-22 05:00:00+00:00,2026-07-22,session,False
xyz:ZHIPU,HK,1784700000048,6.29502e-05,0.0013072037,2026-07-22 06:00:00+00:00,2026-07-22,session,False
xyz:ZHIPU,HK,1784703600019,-1.31461e-05,-0.0005103379,2026-07-22 07:00:00+00:00,2026-07-22,session,False
xyz:ZHIPU,HK,1784707200039,-8.30261e-05,-0.0016284168,2026-07-22 08:00:00+00:00,2026-07-22,session,False
xyz:ZHIPU,HK,1784710800028,-0.0003080073,-0.0052281164,2026-07-22 09:00:00+00:00,2026-07-22,off,False
xyz:ZHIPU,HK,1784714400025,-0.0001896218,-0.0033339484,2026-07-22 10:00:00+00:00,2026-07-22,off,False
xyz:ZHIPU,HK,1784718000047,-3.61188e-05,-0.0008779015,2026-07-22 11:00:00+00:00,2026-07-22,off,False
xyz:ZHIPU,HK,1784721600037,0.0003623667,0.0060978672,2026-07-22 12:00:00+00:00,2026-07-22,off,False
xyz:ZHIPU,HK,1784725200052,1.93563e-05,0.0006097008,2026-07-22 13:00:00+00:00,2026-07-22,off,False
xyz:ZHIPU,HK,1784728800038,0.0002026954,0.003543126,2026-07-22 14:00:00+00:00,2026-07-22,off,False
xyz:ZHIPU,HK,1784732400018,8.88903e-05,0.0017222451,2026-07-22 15:00:00+00:00,2026-07-22,off,False
xyz:ZHIPU,HK,1784736000004,0.0006717356,0.0110477703,2026-07-22 16:00:00+00:00,2026-07-22,off,False
xyz:ZHIPU,HK,1784739600047,0.0007428801,0.012186081,2026-07-22 17:00:00+00:00,2026-07-22,off,False
xyz:ZHIPU,HK,1784743200015,-0.0001895204,-0.003332327,2026-07-22 18:00:00+00:00,2026-07-22,off,False
xyz:ZHIPU,HK,1784746800007,-0.0002244971,-0.0038919543,2026-07-22 19:00:00+00:00,2026-07-22,off,False
xyz:ZHIPU,HK,1784750400054,8.52604e-05,0.0016641665,2026-07-22 20:00:00+00:00,2026-07-22,off,False
xyz:ZM,US,1784149200027,-3.36778e-05,-0.0008388441,2026-07-15 21:00:00+00:00,2026-07-15,off,False
xyz:ZM,US,1784152800016,6.25e-06,0.0003621087,2026-07-15 22:00:00+00:00,2026-07-15,off,False
xyz:ZM,US,1784156400034,5.9934e-05,0.0012589437,2026-07-15 23:00:00+00:00,2026-07-15,off,False
xyz:ZM,US,1784160000034,0.0001208888,0.0022342201,2026-07-16 00:00:00+00:00,2026-07-16,off,False
xyz:ZM,US,1784163600054,0.0003936073,0.0065977161,2026-07-16 01:00:00+00:00,2026-07-16,off,False
xyz:ZM,US,1784167200027,2.41567e-05,0.000686507,2026-07-16 02:00:00+00:00,2026-07-16,off,False
xyz:ZM,US,1784170800033,-6.51757e-05,-0.001342811,2026-07-16 03:00:00+00:00,2026-07-16,off,False
xyz:ZM,US,1784174400056,-0.0001029827,-0.0019477229,2026-07-16 04:00:00+00:00,2026-07-16,off,False
xyz:ZM,US,1784178000122,-5.54e-08,-0.0003008867,2026-07-16 05:00:00+00:00,2026-07-16,off,False
xyz:ZM,US,1784181600066,7.78004e-05,0.0015448068,2026-07-16 06:00:00+00:00,2026-07-16,off,False
xyz:ZM,US,1784185200042,6.25e-06,0.000164611,2026-07-16 07:00:00+00:00,2026-07-16,off,False
xyz:ZM,US,1784188800015,-1.26373e-05,-0.0005021968,2026-07-16 08:00:00+00:00,2026-07-16,off,False
xyz:ZM,US,1784192400017,0.0002161597,0.0037585552,2026-07-16 09:00:00+00:00,2026-07-16,off,False
xyz:ZM,US,1784196000008,6.25e-06,-0.0001169582,2026-07-16 10:00:00+00:00,2026-07-16,off,False
xyz:ZM,US,1784199600020,5.45406e-05,0.0011726493,2026-07-16 11:00:00+00:00,2026-07-16,off,False
xyz:ZM,US,1784203200028,7.23522e-05,0.0014576359,2026-07-16 12:00:00+00:00,2026-07-16,off,False
xyz:ZM,US,1784206800050,4.2638e-06,-0.0002317787,2026-07-16 13:00:00+00:00,2026-07-16,off,False
xyz:ZM,US,1784210400054,2.79887e-05,0.0007478186,2026-07-16 14:00:00+00:00,2026-07-16,session,False
xyz:ZM,US,1784214000016,1.41148e-05,0.0005258367,2026-07-16 15:00:00+00:00,2026-07-16,session,False
xyz:ZM,US,1784217600041,1.77001e-05,0.0005832009,2026-07-16 16:00:00+00:00,2026-07-16,session,False
xyz:ZM,US,1784221200000,3.14426e-05,0.0008030815,2026-07-16 17:00:00+00:00,2026-07-16,session,False
xyz:ZM,US,1784224800011,2.04267e-05,0.0006268275,2026-07-16 18:00:00+00:00,2026-07-16,session,False
xyz:ZM,US,1784228400031,2.61379e-05,0.000718206,2026-07-16 19:00:00+00:00,2026-07-16,session,False
xyz:ZM,US,1784232000030,2.35279e-05,0.0006764467,2026-07-16 20:00:00+00:00,2026-07-16,session,False
xyz:ZM,US,1784235600011,7.17314e-05,0.001447702,2026-07-16 21:00:00+00:00,2026-07-16,off,False
xyz:ZM,US,1784239200008,-3.80192e-05,-0.0009083064,2026-07-16 22:00:00+00:00,2026-07-16,off,False
xyz:ZM,US,1784242800017,3.37898e-05,0.0008406361,2026-07-16 23:00:00+00:00,2026-07-16,off,False
xyz:ZM,US,1784246400018,9.5661e-05,0.0018305767,2026-07-17 00:00:00+00:00,2026-07-17,off,False
xyz:ZM,US,1784250000021,0.000146625,0.0026460002,2026-07-17 01:00:00+00:00,2026-07-17,off,False
xyz:ZM,US,1784253600001,7.06376e-05,0.0014302018,2026-07-17 02:00:00+00:00,2026-07-17,off,False
xyz:ZM,US,1784257200017,-0.0001808862,-0.0031941797,2026-07-17 03:00:00+00:00,2026-07-17,off,False
xyz:ZM,US,1784260800041,6.25e-06,-6.31658e-05,2026-07-17 04:00:00+00:00,2026-07-17,off,False
xyz:ZM,US,1784264400052,6.25e-06,0.0002596346,2026-07-17 05:00:00+00:00,2026-07-17,off,False
xyz:ZM,US,1784268000032,9.88106e-05,0.0018809704,2026-07-17 06:00:00+00:00,2026-07-17,off,False
xyz:ZM,US,1784271600072,0.0001640412,0.0029246595,2026-07-17 07:00:00+00:00,2026-07-17,off,False
xyz:ZM,US,1784275200065,0.0001010727,0.0019171627,2026-07-17 08:00:00+00:00,2026-07-17,off,False
xyz:ZM,US,1784278800031,4.58423e-05,0.001033476,2026-07-17 09:00:00+00:00,2026-07-17,off,False
xyz:ZM,US,1784282400070,7.7767e-06,0.0004244272,2026-07-17 10:00:00+00:00,2026-07-17,off,False
xyz:ZM,US,1784286000020,-2.51603e-05,-0.0007025647,2026-07-17 11:00:00+00:00,2026-07-17,off,False
xyz:ZM,US,1784289600011,-5.39646e-05,-0.0011634332,2026-07-17 12:00:00+00:00,2026-07-17,off,False
xyz:ZM,US,1784293200060,-2.29069e-05,-0.0006665107,2026-07-17 13:00:00+00:00,2026-07-17,off,False
xyz:ZM,US,1784296800111,6.25e-06,0.0001239204,2026-07-17 14:00:00+00:00,2026-07-17,session,False
xyz:ZM,US,1784300400050,1.41483e-05,0.0005263732,2026-07-17 15:00:00+00:00,2026-07-17,session,False
xyz:ZM,US,1784304000048,1.16723e-05,0.0004867572,2026-07-17 16:00:00+00:00,2026-07-17,session,False
xyz:ZM,US,1784307600062,1.12525e-05,0.0004800396,2026-07-17 17:00:00+00:00,2026-07-17,session,False
xyz:ZM,US,1784311200022,6.25e-06,0.0002703621,2026-07-17 18:00:00+00:00,2026-07-17,session,False
xyz:ZM,US,1784314800025,9.2455e-06,0.0004479274,2026-07-17 19:00:00+00:00,2026-07-17,session,False
xyz:ZM,US,1784318400039,1.39907e-05,0.0005238505,2026-07-17 20:00:00+00:00,2026-07-17,session,False
xyz:ZM,US,1784322000065,6.25e-06,0.0001168017,2026-07-17 21:00:00+00:00,2026-07-17,off,False
xyz:ZM,US,1784325600069,-9.13896e-05,-0.0017622335,2026-07-17 22:00:00+00:00,2026-07-17,off,False
xyz:ZM,US,1784329200041,6.25e-06,0.0003974852,2026-07-17 23:00:00+00:00,2026-07-17,off,False
xyz:ZM,US,1784332800082,5.07297e-05,0.0011116759,2026-07-18 00:00:00+00:00,2026-07-18,off,False
xyz:ZM,US,1784336400081,0.000101395,0.00192232,2026-07-18 01:00:00+00:00,2026-07-18,off,True
xyz:ZM,US,1784340000013,0.0001340208,0.002444333,2026-07-18 02:00:00+00:00,2026-07-18,off,True
xyz:ZM,US,1784343600008,7.47541e-05,0.0014960659,2026-07-18 03:00:00+00:00,2026-07-18,off,True
xyz:ZM,US,1784347200021,9.13631e-05,0.0017618101,2026-07-18 04:00:00+00:00,2026-07-18,off,True
xyz:ZM,US,1784350800016,1.67401e-05,0.0005678419,2026-07-18 05:00:00+00:00,2026-07-18,off,True
xyz:ZM,US,1784354400028,0.0001225111,0.0022601773,2026-07-18 06:00:00+00:00,2026-07-18,off,True
xyz:ZM,US,1784358000025,0.0001751305,0.0031020873,2026-07-18 07:00:00+00:00,2026-07-18,off,True
xyz:ZM,US,1784361600019,0.0001408817,0.0025541067,2026-07-18 08:00:00+00:00,2026-07-18,off,True
xyz:ZM,US,1784365200040,5.59153e-05,0.0011946441,2026-07-18 09:00:00+00:00,2026-07-18,off,True
xyz:ZM,US,1784368800020,0.0001287824,0.0023605185,2026-07-18 10:00:00+00:00,2026-07-18,off,True
xyz:ZM,US,1784372400039,0.0001021874,0.0019349987,2026-07-18 11:00:00+00:00,2026-07-18,off,True
xyz:ZM,US,1784376000044,2.13938e-05,0.0006423004,2026-07-18 12:00:00+00:00,2026-07-18,off,True
xyz:ZM,US,1784379600006,3.42681e-05,0.0008482889,2026-07-18 13:00:00+00:00,2026-07-18,off,True
xyz:ZM,US,1784383200061,4.43213e-05,0.0010091405,2026-07-18 14:00:00+00:00,2026-07-18,off,True
xyz:ZM,US,1784386800024,-0.0001497533,-0.0026960522,2026-07-18 15:00:00+00:00,2026-07-18,off,True
xyz:ZM,US,1784390400043,-0.0001698523,-0.0030176372,2026-07-18 16:00:00+00:00,2026-07-18,off,True
xyz:ZM,US,1784394000035,-0.0002082273,-0.0036316373,2026-07-18 17:00:00+00:00,2026-07-18,off,True
xyz:ZM,US,1784397600031,-0.0002162298,-0.0037596762,2026-07-18 18:00:00+00:00,2026-07-18,off,True
xyz:ZM,US,1784401200033,6.25e-06,0.0001853938,2026-07-18 19:00:00+00:00,2026-07-18,off,True
xyz:ZM,US,1784404800016,9.5159e-05,0.001822544,2026-07-18 20:00:00+00:00,2026-07-18,off,True
xyz:ZM,US,1784408400006,6.25e-06,0.0002599747,2026-07-18 21:00:00+00:00,2026-07-18,off,True
xyz:ZM,US,1784412000011,-4.51836e-05,-0.0010229379,2026-07-18 22:00:00+00:00,2026-07-18,off,True
xyz:ZM,US,1784415600009,-6.6451e-05,-0.0013632168,2026-07-18 23:00:00+00:00,2026-07-18,off,True
xyz:ZM,US,1784419200030,4.71136e-05,0.0010538171,2026-07-19 00:00:00+00:00,2026-07-19,off,True
xyz:ZM,US,1784422800044,0.0001168881,0.0021702099,2026-07-19 01:00:00+00:00,2026-07-19,off,True
xyz:ZM,US,1784426400055,8.98088e-05,0.0017369411,2026-07-19 02:00:00+00:00,2026-07-19,off,True
xyz:ZM,US,1784430000022,7.2822e-05,0.0014651527,2026-07-19 03:00:00+00:00,2026-07-19,off,True
xyz:ZM,US,1784433600031,8.15818e-05,0.0016053096,2026-07-19 04:00:00+00:00,2026-07-19,off,True
xyz:ZM,US,1784437200043,0.0001400617,0.0025409872,2026-07-19 05:00:00+00:00,2026-07-19,off,True
xyz:ZM,US,1784440800032,8.76919e-05,0.0017030711,2026-07-19 06:00:00+00:00,2026-07-19,off,True
xyz:ZM,US,1784444400047,6.25e-06,0.0002723297,2026-07-19 07:00:00+00:00,2026-07-19,off,True
xyz:ZM,US,1784448000093,2.05833e-05,0.0006293331,2026-07-19 08:00:00+00:00,2026-07-19,off,True
xyz:ZM,US,1784451600026,7.79845e-05,0.001547752,2026-07-19 09:00:00+00:00,2026-07-19,off,True
xyz:ZM,US,1784455200030,5.55294e-05,0.001188471,2026-07-19 10:00:00+00:00,2026-07-19,off,True
xyz:ZM,US,1784458800033,6.75245e-05,0.0013803927,2026-07-19 11:00:00+00:00,2026-07-19,off,True
xyz:ZM,US,1784462400037,4.13472e-05,0.0009615549,2026-07-19 12:00:00+00:00,2026-07-19,off,True
xyz:ZM,US,1784466000014,6.25e-06,0.0003396321,2026-07-19 13:00:00+00:00,2026-07-19,off,True
xyz:ZM,US,1784469600135,2.79111e-05,0.000746578,2026-07-19 14:00:00+00:00,2026-07-19,off,True
xyz:ZM,US,1784473200019,2.99537e-05,0.0007792598,2026-07-19 15:00:00+00:00,2026-07-19,off,True
xyz:ZM,US,1784476800007,3.53447e-05,0.0008655153,2026-07-19 16:00:00+00:00,2026-07-19,off,True
xyz:ZM,US,1784480400043,4.68048e-05,0.0010488772,2026-07-19 17:00:00+00:00,2026-07-19,off,True
xyz:ZM,US,1784484000049,5.72294e-05,0.0012156707,2026-07-19 18:00:00+00:00,2026-07-19,off,True
xyz:ZM,US,1784487600049,0.0001462269,0.0026396297,2026-07-19 19:00:00+00:00,2026-07-19,off,True
xyz:ZM,US,1784491200010,7.21682e-05,0.0014546907,2026-07-19 20:00:00+00:00,2026-07-19,off,True
xyz:ZM,US,1784494800026,0.0001329424,0.0024270782,2026-07-19 21:00:00+00:00,2026-07-19,off,True
xyz:ZM,US,1784498400049,6.25e-06,-0.000130681,2026-07-19 22:00:00+00:00,2026-07-19,off,True
xyz:ZM,US,1784502000014,7.67634e-05,0.001528214,2026-07-19 23:00:00+00:00,2026-07-19,off,True
xyz:ZM,US,1784505600034,7.07873e-05,0.0014325975,2026-07-20 00:00:00+00:00,2026-07-20,off,True
xyz:ZM,US,1784509200063,-3.5743e-06,-0.0003571881,2026-07-20 01:00:00+00:00,2026-07-20,off,False
xyz:ZM,US,1784512800052,-0.0001256902,-0.0023110438,2026-07-20 02:00:00+00:00,2026-07-20,off,False
xyz:ZM,US,1784516400046,-6.91045e-05,-0.0014056721,2026-07-20 03:00:00+00:00,2026-07-20,off,False
xyz:ZM,US,1784520000011,-2.96033e-05,-0.0007736523,2026-07-20 04:00:00+00:00,2026-07-20,off,False
xyz:ZM,US,1784523600027,-1.582e-07,-0.0003025315,2026-07-20 05:00:00+00:00,2026-07-20,off,False
xyz:ZM,US,1784527200047,1.72968e-05,0.000576749,2026-07-20 06:00:00+00:00,2026-07-20,off,False
xyz:ZM,US,1784530800008,3.48e-07,-0.0002944317,2026-07-20 07:00:00+00:00,2026-07-20,off,False
xyz:ZM,US,1784534400058,-0.0001001759,-0.001902814,2026-07-20 08:00:00+00:00,2026-07-20,off,False
xyz:ZM,US,1784538000029,6.25e-06,0.0002077451,2026-07-20 09:00:00+00:00,2026-07-20,off,False
xyz:ZM,US,1784541600029,4.77444e-05,0.0010639104,2026-07-20 10:00:00+00:00,2026-07-20,off,False
xyz:ZM,US,1784545200000,5.10772e-05,0.0011172355,2026-07-20 11:00:00+00:00,2026-07-20,off,False
xyz:ZM,US,1784548800000,3.88502e-05,0.000921604,2026-07-20 12:00:00+00:00,2026-07-20,off,False
xyz:ZM,US,1784552400047,4.04958e-05,0.0009479325,2026-07-20 13:00:00+00:00,2026-07-20,off,False
xyz:ZM,US,1784556000049,6.25e-06,0.0002370337,2026-07-20 14:00:00+00:00,2026-07-20,session,False
xyz:ZM,US,1784559600053,6.25e-06,0.0003678854,2026-07-20 15:00:00+00:00,2026-07-20,session,False
xyz:ZM,US,1784563200104,6.25e-06,0.0002507581,2026-07-20 16:00:00+00:00,2026-07-20,session,False
xyz:ZM,US,1784566800046,6.25e-06,0.0002590909,2026-07-20 17:00:00+00:00,2026-07-20,session,False
xyz:ZM,US,1784570400027,6.25e-06,0.0001261673,2026-07-20 18:00:00+00:00,2026-07-20,session,False
xyz:ZM,US,1784574000035,6.25e-06,0.0001153821,2026-07-20 19:00:00+00:00,2026-07-20,session,False
xyz:ZM,US,1784577600008,6.25e-06,3.46814e-05,2026-07-20 20:00:00+00:00,2026-07-20,session,False
xyz:ZM,US,1784581200006,1.8908e-06,-0.0002697479,2026-07-20 21:00:00+00:00,2026-07-20,off,False
xyz:ZM,US,1784584800003,7.03304e-05,0.001425287,2026-07-20 22:00:00+00:00,2026-07-20,off,False
xyz:ZM,US,1784588400048,6.25e-06,0.0003189613,2026-07-20 23:00:00+00:00,2026-07-20,off,False
xyz:ZM,US,1784592000040,6.25e-06,3.18236e-05,2026-07-21 00:00:00+00:00,2026-07-21,off,False
xyz:ZM,US,1784595600005,-0.000107095,-0.0020135199,2026-07-21 01:00:00+00:00,2026-07-21,off,False
xyz:ZM,US,1784599200036,-4.70417e-05,-0.0010526675,2026-07-21 02:00:00+00:00,2026-07-21,off,False
xyz:ZM,US,1784602800030,4.86161e-05,0.001077857,2026-07-21 03:00:00+00:00,2026-07-21,off,False
xyz:ZM,US,1784606400001,8.82876e-05,0.0017126013,2026-07-21 04:00:00+00:00,2026-07-21,off,False
xyz:ZM,US,1784610000004,7.52584e-05,0.0015041347,2026-07-21 05:00:00+00:00,2026-07-21,off,False
xyz:ZM,US,1784613600043,7.17973e-05,0.0014487571,2026-07-21 06:00:00+00:00,2026-07-21,off,False
xyz:ZM,US,1784617200034,0.0001370699,0.0024931177,2026-07-21 07:00:00+00:00,2026-07-21,off,False
xyz:ZM,US,1784620800035,8.09424e-05,0.0015950785,2026-07-21 08:00:00+00:00,2026-07-21,off,False
xyz:ZM,US,1784624400044,6.25e-06,-0.0001346083,2026-07-21 09:00:00+00:00,2026-07-21,off,False
xyz:ZM,US,1784628000032,-1.65667e-05,-0.0005650664,2026-07-21 10:00:00+00:00,2026-07-21,off,False
xyz:ZM,US,1784631600043,0.0001231429,0.0022702869,2026-07-21 11:00:00+00:00,2026-07-21,off,False
xyz:ZM,US,1784635200029,4.77425e-05,0.0010638793,2026-07-21 12:00:00+00:00,2026-07-21,off,False
xyz:ZM,US,1784638800025,-3.19877e-05,-0.0008118039,2026-07-21 13:00:00+00:00,2026-07-21,off,False
xyz:ZM,US,1784642400062,-3.94772e-05,-0.000931635,2026-07-21 14:00:00+00:00,2026-07-21,session,False
xyz:ZM,US,1784646000021,1.46594e-05,0.0005345509,2026-07-21 15:00:00+00:00,2026-07-21,session,False
xyz:ZM,US,1784649600022,9.9434e-06,0.0004590943,2026-07-21 16:00:00+00:00,2026-07-21,session,False
xyz:ZM,US,1784653200028,2.05207e-05,0.0006283317,2026-07-21 17:00:00+00:00,2026-07-21,session,False
xyz:ZM,US,1784656800028,8.8957e-06,0.0004423319,2026-07-21 18:00:00+00:00,2026-07-21,session,False
xyz:ZM,US,1784660400068,1.27245e-05,0.0005035916,2026-07-21 19:00:00+00:00,2026-07-21,session,False
xyz:ZM,US,1784664000059,1.35929e-05,0.0005174865,2026-07-21 20:00:00+00:00,2026-07-21,session,False
xyz:ZM,US,1784667600047,6.25e-06,0.0001645632,2026-07-21 21:00:00+00:00,2026-07-21,off,False
xyz:ZM,US,1784671200051,6.25e-06,5.42446e-05,2026-07-21 22:00:00+00:00,2026-07-21,off,False
xyz:ZM,US,1784674800023,7.4454e-06,0.0004191271,2026-07-21 23:00:00+00:00,2026-07-21,off,False
xyz:ZM,US,1784678400025,2.47501e-05,0.0006960017,2026-07-22 00:00:00+00:00,2026-07-22,off,False
xyz:ZM,US,1784682000013,-0.0001666074,-0.002965718,2026-07-22 01:00:00+00:00,2026-07-22,off,False
xyz:ZM,US,1784685600091,-0.000148262,-0.0026721913,2026-07-22 02:00:00+00:00,2026-07-22,off,False
xyz:ZM,US,1784689200043,-3.7525e-06,-0.0003600396,2026-07-22 03:00:00+00:00,2026-07-22,off,False
xyz:ZM,US,1784692800052,0.0001163801,0.0021620819,2026-07-22 04:00:00+00:00,2026-07-22,off,False
xyz:ZM,US,1784696400087,4.90679e-05,0.001085087,2026-07-22 05:00:00+00:00,2026-07-22,off,False
xyz:ZM,US,1784700000048,-5.74554e-05,-0.0012192858,2026-07-22 06:00:00+00:00,2026-07-22,off,False
xyz:ZM,US,1784703600019,-8.02422e-05,-0.0015838749,2026-07-22 07:00:00+00:00,2026-07-22,off,False
xyz:ZM,US,1784707200039,6.25e-06,0.0003169211,2026-07-22 08:00:00+00:00,2026-07-22,off,False
xyz:ZM,US,1784710800028,1.42422e-05,0.0005278759,2026-07-22 09:00:00+00:00,2026-07-22,off,False
xyz:ZM,US,1784714400025,1.8288e-05,0.0005926086,2026-07-22 10:00:00+00:00,2026-07-22,off,False
xyz:ZM,US,1784718000047,5.1763e-05,0.0011282083,2026-07-22 11:00:00+00:00,2026-07-22,off,False
xyz:ZM,US,1784721600037,3.17272e-05,0.0008076345,2026-07-22 12:00:00+00:00,2026-07-22,off,False
xyz:ZM,US,1784725200052,3.94028e-05,0.0009304448,2026-07-22 13:00:00+00:00,2026-07-22,off,False
xyz:ZM,US,1784728800038,2.23128e-05,0.0006570045,2026-07-22 14:00:00+00:00,2026-07-22,session,False
xyz:ZM,US,1784732400018,1.56574e-05,0.0005505189,2026-07-22 15:00:00+00:00,2026-07-22,session,False
xyz:ZM,US,1784736000004,6.25e-06,0.0003792439,2026-07-22 16:00:00+00:00,2026-07-22,session,False
xyz:ZM,US,1784739600047,6.4745e-06,0.0004035926,2026-07-22 17:00:00+00:00,2026-07-22,session,False
xyz:ZM,US,1784743200015,6.8241e-06,0.0004091854,2026-07-22 18:00:00+00:00,2026-07-22,session,False
xyz:ZM,US,1784746800007,7.0338e-06,0.0004125414,2026-07-22 19:00:00+00:00,2026-07-22,session,False
xyz:ZM,US,1784750400054,1.58496e-05,0.0005535935,2026-07-22 20:00:00+00:00,2026-07-22,session,False
