pair,t_in,t_out,dir,hold_d,gross,funding,net,stopped,window_d,z_in
AMAT/LRCX,2026-07-09 13:00:00+00:00,2026-07-09 13:35:00+00:00,-1,0.024305555555555556,232.41221774408467,-0.0,212.41221774408467,False,10,2.0
AMAT/LRCX,2026-07-10 07:50:00+00:00,2026-07-10 13:30:00+00:00,1,0.2361111111111111,228.280241758275,-0.0,208.280241758275,False,10,2.0
AMAT/LRCX,2026-07-13 14:05:00+00:00,2026-07-14 13:40:00+00:00,-1,0.9826388888888888,184.71208871987227,-0.0,164.71208871987227,False,10,2.0
AMAT/LRCX,2026-07-15 17:50:00+00:00,2026-07-16 00:20:00+00:00,-1,0.2708333333333333,143.23721434000402,1.5042000000000002,124.74141434000401,False,10,2.0
AMAT/LRCX,2026-07-16 13:40:00+00:00,2026-07-17 05:35:00+00:00,-1,0.6631944444444444,209.01197741125455,1.7121999999999997,190.72417741125454,False,10,2.0
AMAT/LRCX,2026-07-17 22:50:00+00:00,2026-07-20 13:35:00+00:00,1,2.6145833333333335,233.61372059636383,-0.0,213.61372059636383,False,10,2.0
AMAT/LRCX,2026-07-21 13:50:00+00:00,2026-07-22 20:00:00+00:00,-1,1.2569444444444444,187.26572335884813,-0.9418,166.32392335884813,False,10,2.0
AMAT/LRCX,2026-07-29 20:10:00+00:00,2026-07-29 20:20:00+00:00,1,0.006944444444444444,-65.13811075687042,-0.0,-85.13811075687042,True,10,2.0
AMAT/LRCX,2026-07-29 20:25:00+00:00,2026-07-29 20:30:00+00:00,1,0.003472222222222222,-38.80641878785318,-0.0,-58.80641878785318,True,10,2.0
AMAT/LRCX,2026-07-29 20:35:00+00:00,2026-07-29 20:55:00+00:00,1,0.013888888888888888,-85.07625214456957,-0.0,-105.07625214456957,True,10,2.0
AMAT/LRCX,2026-07-29 21:00:00+00:00,2026-07-30 02:40:00+00:00,1,0.2361111111111111,-140.8929716368514,-0.0,-160.8929716368514,True,10,2.0
AMAT/LRCX,2026-07-30 02:45:00+00:00,2026-07-30 02:50:00+00:00,1,0.003472222222222222,-43.1877626083406,-0.0,-63.1877626083406,True,10,2.0
AMAT/LRCX,2026-07-30 02:55:00+00:00,2026-07-30 03:00:00+00:00,1,0.003472222222222222,-21.29403796339251,-0.0,-41.29403796339251,True,10,2.0
AMAT/LRCX,2026-07-30 03:05:00+00:00,2026-07-30 03:10:00+00:00,1,0.003472222222222222,71.48107275134797,-0.0,51.481072751347966,True,10,2.0
AMAT/LRCX,2026-07-30 03:15:00+00:00,2026-07-30 03:20:00+00:00,1,0.003472222222222222,-19.6052146863484,-0.0,-39.605214686348404,True,10,2.0
AMAT/LRCX,2026-07-30 03:25:00+00:00,2026-07-30 03:30:00+00:00,1,0.003472222222222222,68.74738405816322,-0.0,48.74738405816322,True,10,2.0
AMAT/LRCX,2026-07-30 03:35:00+00:00,2026-07-30 03:40:00+00:00,1,0.003472222222222222,-35.49946861234902,-0.0,-55.49946861234902,True,10,2.0
AMAT/LRCX,2026-07-30 03:45:00+00:00,2026-07-30 03:50:00+00:00,1,0.003472222222222222,30.627723810572295,-0.0,10.627723810572295,True,10,2.0
AMAT/LRCX,2026-07-30 03:55:00+00:00,2026-07-30 04:00:00+00:00,1,0.003472222222222222,-2.8990229147987785,-0.0,-22.899022914798778,True,10,2.0
AMAT/LRCX,2026-07-30 04:05:00+00:00,2026-07-30 04:10:00+00:00,1,0.003472222222222222,-28.843754596502073,-0.0,-48.84375459650207,True,10,2.0
AMAT/LRCX,2026-07-30 04:15:00+00:00,2026-07-30 04:20:00+00:00,1,0.003472222222222222,42.762888678094136,-0.0,22.762888678094136,True,10,2.0
AMAT/LRCX,2026-07-30 04:25:00+00:00,2026-07-30 04:30:00+00:00,1,0.003472222222222222,7.965100150110621,-0.0,-12.034899849889378,True,10,2.0
AMAT/LRCX,2026-07-30 04:35:00+00:00,2026-07-30 04:40:00+00:00,1,0.003472222222222222,10.730130075116152,-0.0,-9.269869924883848,True,10,2.0
AMAT/LRCX,2026-07-30 04:45:00+00:00,2026-07-30 04:50:00+00:00,1,0.003472222222222222,4.475135037575639,-0.0,-15.52486496242436,True,10,2.0
AMAT/LRCX,2026-07-30 04:55:00+00:00,2026-07-30 05:25:00+00:00,1,0.020833333333333332,28.753829656318896,-0.0,8.753829656318896,True,10,2.0
AMAT/LRCX,2026-07-30 05:30:00+00:00,2026-07-30 13:30:00+00:00,1,0.3333333333333333,-729.0783871814956,-0.0,-749.0783871814956,True,10,2.0
AMAT/LRCX,2026-07-30 13:35:00+00:00,2026-07-31 20:00:00+00:00,1,1.2673611111111112,783.742441330526,-0.7647,762.9777413305261,False,10,2.0
AMAT/LRCX,2026-08-10 19:45:00+00:00,2026-08-13 08:00:00+00:00,1,2.5104166666666665,-113.95791354040972,6.302900000000001,-127.65501354040973,False,10,2.0
KLAC/LRCX,2026-06-27 13:40:00+00:00,2026-06-27 15:15:00+00:00,-1,0.06597222222222222,376.9868275332418,-0.0,356.9868275332418,False,5,2.0
KLAC/LRCX,2026-06-29 17:45:00+00:00,2026-07-01 19:50:00+00:00,-1,2.0868055555555554,-52.857586378989225,-7.875600000000001,-80.73318637898922,False,5,2.0
KLAC/LRCX,2026-07-06 14:30:00+00:00,2026-07-07 10:10:00+00:00,1,0.8194444444444444,182.1474008485781,-0.0,162.1474008485781,False,5,2.0
KLAC/LRCX,2026-07-08 13:45:00+00:00,2026-07-09 13:55:00+00:00,1,1.0069444444444444,229.3124481716166,6.875,216.1874481716166,False,5,2.0
KLAC/LRCX,2026-07-09 17:45:00+00:00,2026-07-10 14:35:00+00:00,1,0.8680555555555556,83.47027158081401,-0.0,63.470271580814014,False,5,2.0
KLAC/LRCX,2026-07-12 06:05:00+00:00,2026-07-12 21:45:00+00:00,-1,0.6527777777777778,128.57318671379562,1.3368,109.90998671379563,False,5,2.0
KLAC/LRCX,2026-07-13 21:30:00+00:00,2026-07-14 09:40:00+00:00,-1,0.5069444444444444,114.01804417859717,-0.0,94.01804417859717,False,5,2.0
KLAC/LRCX,2026-07-14 12:25:00+00:00,2026-07-14 13:35:00+00:00,-1,0.04861111111111111,249.17132408111965,-0.0,229.17132408111965,False,5,2.0
KLAC/LRCX,2026-07-15 16:35:00+00:00,2026-07-15 17:20:00+00:00,-1,0.03125,141.94987466349738,-0.0,121.94987466349738,False,5,2.0
KLAC/LRCX,2026-07-16 13:35:00+00:00,2026-07-16 17:40:00+00:00,-1,0.1701388888888889,-154.01734642487762,-0.0,-174.01734642487762,True,5,2.0
KLAC/LRCX,2026-07-16 17:45:00+00:00,2026-07-16 17:50:00+00:00,-1,0.003472222222222222,12.0879440681905,-0.0,-7.912055931809499,True,5,2.0
KLAC/LRCX,2026-07-16 17:55:00+00:00,2026-07-16 18:00:00+00:00,-1,0.003472222222222222,11.232927958153207,-0.0,-8.767072041846793,True,5,2.0
KLAC/LRCX,2026-07-16 18:05:00+00:00,2026-07-16 18:10:00+00:00,-1,0.003472222222222222,-0.8325899273650683,-0.0,-20.832589927365067,True,5,2.0
KLAC/LRCX,2026-07-16 18:15:00+00:00,2026-07-16 18:35:00+00:00,-1,0.013888888888888888,-12.669784079161321,-0.0,-32.66978407916132,True,5,2.0
KLAC/LRCX,2026-07-16 18:40:00+00:00,2026-07-16 18:45:00+00:00,-1,0.003472222222222222,18.694511827750958,-0.0,-1.3054881722490421,True,5,2.0
KLAC/LRCX,2026-07-16 18:50:00+00:00,2026-07-16 19:15:00+00:00,-1,0.017361111111111112,-25.035536921127413,-0.0,-45.03553692112742,True,5,2.0
KLAC/LRCX,2026-07-16 19:20:00+00:00,2026-07-17 14:55:00+00:00,-1,0.8159722222222222,240.1979375444545,-0.5756,219.6223375444545,False,5,2.0
KLAC/LRCX,2026-07-21 05:30:00+00:00,2026-07-21 07:10:00+00:00,1,0.06944444444444445,110.129485529139,-0.0,90.129485529139,False,5,2.0
KLAC/LRCX,2026-07-21 11:50:00+00:00,2026-07-21 13:50:00+00:00,1,0.08333333333333333,110.11052045075186,-0.0,90.11052045075186,False,5,2.0
KLAC/LRCX,2026-07-22 03:00:00+00:00,2026-07-22 06:20:00+00:00,1,0.1388888888888889,85.09657632476122,-0.0,65.09657632476122,False,5,2.0
KLAC/LRCX,2026-07-22 20:05:00+00:00,2026-07-22 20:25:00+00:00,1,0.013888888888888888,74.71312640482837,-0.0,54.71312640482837,False,5,2.0
KLAC/LRCX,2026-07-22 20:45:00+00:00,2026-07-23 06:55:00+00:00,1,0.4236111111111111,50.15808972474041,2.2427,32.400789724740406,False,5,2.0
KLAC/LRCX,2026-07-23 09:15:00+00:00,2026-07-23 12:45:00+00:00,1,0.14583333333333334,67.43244852830624,-0.0,47.43244852830624,False,5,2.0
KLAC/LRCX,2026-07-23 20:00:00+00:00,2026-07-23 20:40:00+00:00,-1,0.027777777777777776,-81.8627747174986,-0.0,-101.8627747174986,True,5,2.0
KLAC/LRCX,2026-07-23 20:45:00+00:00,2026-07-27 00:20:00+00:00,-1,3.1493055555555554,-1.9411347462425925,-0.0,-21.941134746242593,False,5,2.0
KLAC/LRCX,2026-07-27 14:50:00+00:00,2026-07-28 11:25:00+00:00,-1,0.8576388888888888,144.90543581192205,-0.0,124.90543581192205,False,5,2.0
KLAC/LRCX,2026-07-28 13:30:00+00:00,2026-07-28 14:05:00+00:00,-1,0.024305555555555556,-114.19356173711533,-0.0,-134.19356173711532,True,5,2.0
KLAC/LRCX,2026-07-28 14:10:00+00:00,2026-07-28 14:15:00+00:00,-1,0.003472222222222222,6.163482272620894,-0.0,-13.836517727379107,True,5,2.0
KLAC/LRCX,2026-07-28 14:20:00+00:00,2026-07-28 14:25:00+00:00,-1,0.003472222222222222,6.807493300068739,-0.0,-13.192506699931261,True,5,2.0
KLAC/LRCX,2026-07-28 14:30:00+00:00,2026-07-28 14:35:00+00:00,-1,0.003472222222222222,11.292771784066737,-0.0,-8.707228215933263,True,5,2.0
KLAC/LRCX,2026-07-28 14:40:00+00:00,2026-07-28 14:45:00+00:00,-1,0.003472222222222222,-17.56658979249352,-0.0,-37.56658979249352,True,5,2.0
KLAC/LRCX,2026-07-28 14:50:00+00:00,2026-07-28 15:10:00+00:00,-1,0.013888888888888888,28.135832650674104,-0.0,8.135832650674104,True,5,2.0
KLAC/LRCX,2026-07-28 15:15:00+00:00,2026-07-28 15:25:00+00:00,-1,0.006944444444444444,-23.987024922469836,-0.0,-43.987024922469836,True,5,2.0
KLAC/LRCX,2026-07-28 15:30:00+00:00,2026-07-28 15:40:00+00:00,-1,0.006944444444444444,-35.091991587462005,-0.0,-55.091991587462005,True,5,2.0
KLAC/LRCX,2026-07-28 15:45:00+00:00,2026-07-29 13:35:00+00:00,-1,0.9097222222222222,298.9878260747301,-0.0,278.9878260747301,False,5,2.0
KLAC/LRCX,2026-07-29 20:10:00+00:00,2026-07-29 20:30:00+00:00,1,0.013888888888888888,-271.0514839052208,-0.0,-291.0514839052208,True,5,2.0
KLAC/LRCX,2026-07-29 20:35:00+00:00,2026-07-30 13:30:00+00:00,1,0.7048611111111112,-796.3525099781948,-0.0,-816.3525099781948,True,5,2.0
KLAC/LRCX,2026-07-30 13:35:00+00:00,2026-08-01 17:20:00+00:00,1,2.15625,397.57237757208173,-4.4349,373.1374775720817,False,5,2.0
KLAC/LRCX,2026-08-06 15:40:00+00:00,2026-08-07 01:40:00+00:00,-1,0.4166666666666667,124.03155019538852,-0.0,104.03155019538852,False,5,2.0
KLAC/LRCX,2026-08-07 08:30:00+00:00,2026-08-10 00:30:00+00:00,-1,2.6666666666666665,-63.825629283229716,-0.0,-83.82562928322972,False,5,2.0
AMAT/KLAC,2026-07-08 13:45:00+00:00,2026-07-12 04:40:00+00:00,-1,3.6215277777777777,218.1631029914044,9.6828,207.8459029914044,False,10,2.0
AMAT/KLAC,2026-07-17 05:30:00+00:00,2026-07-17 19:35:00+00:00,1,0.5868055555555556,-150.53644282903733,-0.7205,-171.2569428290373,True,10,2.0
AMAT/KLAC,2026-07-17 19:40:00+00:00,2026-07-17 19:50:00+00:00,1,0.006944444444444444,-7.495698200023067,-0.0,-27.495698200023067,True,10,2.0
AMAT/KLAC,2026-07-17 19:55:00+00:00,2026-07-17 20:20:00+00:00,1,0.017361111111111112,-16.89685127352394,-0.0,-36.896851273523936,True,10,2.0
AMAT/KLAC,2026-07-17 20:25:00+00:00,2026-07-17 20:30:00+00:00,1,0.003472222222222222,8.949039957933074,-0.0,-11.050960042066926,True,10,2.0
AMAT/KLAC,2026-07-17 20:35:00+00:00,2026-07-17 20:40:00+00:00,1,0.003472222222222222,-33.57945118616673,-0.0,-53.57945118616673,True,10,2.0
AMAT/KLAC,2026-07-17 20:45:00+00:00,2026-07-17 20:50:00+00:00,1,0.003472222222222222,7.775302236704448,-0.0,-12.224697763295552,True,10,2.0
AMAT/KLAC,2026-07-17 20:55:00+00:00,2026-07-17 21:00:00+00:00,1,0.003472222222222222,8.952618218776312,-0.0,-11.047381781223688,True,10,2.0
AMAT/KLAC,2026-07-17 21:05:00+00:00,2026-07-17 21:10:00+00:00,1,0.003472222222222222,6.269056712311904,-0.0,-13.730943287688095,True,10,2.0
AMAT/KLAC,2026-07-17 21:15:00+00:00,2026-07-17 21:20:00+00:00,1,0.003472222222222222,-12.729651037170987,-0.0,-32.72965103717099,True,10,2.0
AMAT/KLAC,2026-07-17 21:25:00+00:00,2026-07-17 22:50:00+00:00,1,0.059027777777777776,-95.7123348338691,-0.0,-115.7123348338691,True,10,2.0
AMAT/KLAC,2026-07-17 22:55:00+00:00,2026-07-17 23:00:00+00:00,1,0.003472222222222222,-10.042412426288895,-0.0,-30.042412426288895,True,10,2.0
AMAT/KLAC,2026-07-17 23:05:00+00:00,2026-07-17 23:10:00+00:00,1,0.003472222222222222,14.721770800590798,-0.0,-5.278229199409202,True,10,2.0
AMAT/KLAC,2026-07-17 23:15:00+00:00,2026-07-17 23:20:00+00:00,1,0.003472222222222222,-2.2934903200563,-0.0,-22.2934903200563,True,10,2.0
AMAT/KLAC,2026-07-17 23:25:00+00:00,2026-07-17 23:30:00+00:00,1,0.003472222222222222,12.428842176460751,-0.0,-7.571157823539249,True,10,2.0
AMAT/KLAC,2026-07-17 23:35:00+00:00,2026-07-17 23:40:00+00:00,1,0.003472222222222222,19.628162303779636,-0.0,-0.3718376962203642,True,10,2.0
AMAT/KLAC,2026-07-17 23:45:00+00:00,2026-07-17 23:50:00+00:00,1,0.003472222222222222,-1.3955070063073338,-0.0,-21.395507006307334,True,10,2.0
AMAT/KLAC,2026-07-17 23:55:00+00:00,2026-07-18 00:00:00+00:00,1,0.003472222222222222,-4.039179820397566,-0.0,-24.039179820397564,True,10,2.0
AMAT/KLAC,2026-07-18 00:05:00+00:00,2026-07-18 00:15:00+00:00,1,0.006944444444444444,-7.191925702637139,-0.0,-27.19192570263714,True,10,2.0
AMAT/KLAC,2026-07-18 00:20:00+00:00,2026-07-18 00:25:00+00:00,1,0.003472222222222222,6.494250906323909,-0.0,-13.50574909367609,True,10,2.0
AMAT/KLAC,2026-07-18 00:30:00+00:00,2026-07-18 00:40:00+00:00,1,0.006944444444444444,-0.3817813920210314,-0.0,-20.381781392021033,True,10,2.0
AMAT/KLAC,2026-07-18 00:45:00+00:00,2026-07-18 00:50:00+00:00,1,0.003472222222222222,3.8649787117082157,-0.0,-16.135021288291785,True,10,2.0
AMAT/KLAC,2026-07-18 00:55:00+00:00,2026-07-18 01:00:00+00:00,1,0.003472222222222222,11.35890972106518,-0.0,-8.64109027893482,True,10,2.0
AMAT/KLAC,2026-07-18 01:05:00+00:00,2026-07-20 14:30:00+00:00,1,2.5590277777777777,226.49358729518897,-0.0,206.49358729518897,False,10,2.0
AMAT/KLAC,2026-07-28 20:05:00+00:00,2026-07-29 14:05:00+00:00,1,0.75,367.9789215563714,-0.0,347.9789215563714,False,10,2.0
AMAT/KLAC,2026-07-30 13:40:00+00:00,2026-07-30 21:40:00+00:00,-1,0.3333333333333333,-475.762245332073,-1.9922,-497.75444533207303,True,10,2.0
AMAT/KLAC,2026-07-30 21:45:00+00:00,2026-07-30 21:50:00+00:00,-1,0.003472222222222222,-13.277492687564308,-0.0,-33.277492687564305,True,10,2.0
AMAT/KLAC,2026-07-30 21:55:00+00:00,2026-08-05 13:45:00+00:00,-1,5.659722222222222,187.84530806961365,0.7647,168.61000806961366,False,10,2.0
AMAT/KLAC,2026-08-11 13:40:00+00:00,2026-08-13 08:00:00+00:00,1,1.7638888888888888,-70.04525467228254,-1.2836999999999998,-91.32895467228253,False,10,2.0
TSM/EWT,2026-06-17 11:35:00+00:00,2026-06-18 00:45:00+00:00,1,0.5486111111111112,190.9199352430401,-6.7668,164.1531352430401,False,10,2.0
TSM/EWT,2026-06-18 05:35:00+00:00,2026-06-18 13:50:00+00:00,1,0.34375,170.99783499138238,-0.0,150.99783499138238,False,10,2.0
TSM/EWT,2026-06-19 00:40:00+00:00,2026-06-19 02:00:00+00:00,-1,0.05555555555555555,160.62331851522845,-0.0,140.62331851522845,False,10,2.0
TSM/EWT,2026-06-19 15:15:00+00:00,2026-06-21 22:05:00+00:00,-1,2.2847222222222223,132.46655792129476,-0.0,112.46655792129476,False,10,2.0
TSM/EWT,2026-06-22 00:05:00+00:00,2026-06-22 02:10:00+00:00,-1,0.08680555555555555,189.86548243635698,-0.0,169.86548243635698,False,10,2.0
TSM/EWT,2026-06-22 12:15:00+00:00,2026-06-22 13:45:00+00:00,-1,0.0625,193.37452305896574,-0.0,173.37452305896574,False,10,2.0
TSM/EWT,2026-06-28 03:05:00+00:00,2026-06-29 00:10:00+00:00,1,0.8784722222222222,252.84548053754963,-0.0,232.84548053754963,False,10,2.0
TSM/EWT,2026-06-29 14:55:00+00:00,2026-06-29 20:10:00+00:00,-1,0.21875,-167.386758543953,-0.0,-187.386758543953,True,10,2.0
TSM/EWT,2026-06-29 20:15:00+00:00,2026-06-30 18:35:00+00:00,-1,0.9305555555555556,-132.94752978116745,-0.0,-152.94752978116745,True,10,2.0
TSM/EWT,2026-06-30 18:40:00+00:00,2026-06-30 18:45:00+00:00,-1,0.003472222222222222,9.363375106012972,-0.0,-10.636624893987028,True,10,2.0
TSM/EWT,2026-06-30 18:50:00+00:00,2026-06-30 18:55:00+00:00,-1,0.003472222222222222,-2.428840128108001,-0.0,-22.428840128108,True,10,2.0
TSM/EWT,2026-06-30 19:00:00+00:00,2026-06-30 19:05:00+00:00,-1,0.003472222222222222,12.034111789824106,-0.0,-7.965888210175894,True,10,2.0
TSM/EWT,2026-06-30 19:10:00+00:00,2026-06-30 19:15:00+00:00,-1,0.003472222222222222,5.592591288770766,-0.0,-14.407408711229234,True,10,2.0
TSM/EWT,2026-06-30 19:20:00+00:00,2026-06-30 19:25:00+00:00,-1,0.003472222222222222,-1.9414758772886909,-0.0,-21.941475877288692,True,10,2.0
TSM/EWT,2026-06-30 19:30:00+00:00,2026-06-30 19:35:00+00:00,-1,0.003472222222222222,3.6031396887772633,-0.0,-16.39686031122274,True,10,2.0
TSM/EWT,2026-06-30 19:40:00+00:00,2026-06-30 19:45:00+00:00,-1,0.003472222222222222,-26.471820776465623,-0.0,-46.47182077646562,True,10,2.0
TSM/EWT,2026-06-30 19:50:00+00:00,2026-06-30 19:55:00+00:00,-1,0.003472222222222222,-28.010289387775313,-0.0,-48.010289387775316,True,10,2.0
TSM/EWT,2026-06-30 20:00:00+00:00,2026-06-30 20:05:00+00:00,-1,0.003472222222222222,-3.94560804509398,-0.0,-23.94560804509398,True,10,2.0
TSM/EWT,2026-06-30 20:10:00+00:00,2026-06-30 20:15:00+00:00,-1,0.003472222222222222,11.84522625966626,-0.0,-8.15477374033374,True,10,2.0
TSM/EWT,2026-06-30 20:20:00+00:00,2026-06-30 20:25:00+00:00,-1,0.003472222222222222,16.901828416971508,-0.0,-3.098171583028492,True,10,2.0
TSM/EWT,2026-06-30 20:30:00+00:00,2026-06-30 20:35:00+00:00,-1,0.003472222222222222,-15.991861146115482,-0.0,-35.99186114611548,True,10,2.0
TSM/EWT,2026-06-30 20:40:00+00:00,2026-06-30 20:45:00+00:00,-1,0.003472222222222222,-2.3884111815492264,-0.0,-22.388411181549227,True,10,2.0
TSM/EWT,2026-06-30 20:50:00+00:00,2026-06-30 20:55:00+00:00,-1,0.003472222222222222,-0.20989662591956323,-0.0,-20.209896625919562,True,10,2.0
TSM/EWT,2026-06-30 21:00:00+00:00,2026-06-30 21:05:00+00:00,-1,0.003472222222222222,7.13641068844857,-0.0,-12.86358931155143,True,10,2.0
TSM/EWT,2026-06-30 21:10:00+00:00,2026-06-30 21:15:00+00:00,-1,0.003472222222222222,9.407687850416153,-0.0,-10.592312149583847,True,10,2.0
TSM/EWT,2026-06-30 21:20:00+00:00,2026-06-30 21:30:00+00:00,-1,0.006944444444444444,0.20980854970588864,-0.0,-19.79019145029411,True,10,2.0
TSM/EWT,2026-06-30 21:35:00+00:00,2026-07-01 14:45:00+00:00,-1,0.7152777777777778,310.62721748251096,-0.5962000000000001,290.03101748251095,False,10,2.0
TSM/EWT,2026-07-10 20:00:00+00:00,2026-07-13 01:30:00+00:00,1,2.2291666666666665,173.5819559165624,7.019300000000001,160.60125591656242,False,10,2.0
TSM/EWT,2026-07-14 03:00:00+00:00,2026-07-14 13:35:00+00:00,-1,0.4409722222222222,253.90125387623635,1.5896000000000001,235.49085387623634,False,10,2.0
TSM/EWT,2026-07-16 05:45:00+00:00,2026-07-17 02:10:00+00:00,1,0.8506944444444444,177.72604954615537,-1.0179,156.70814954615537,False,10,2.0
TSM/EWT,2026-07-18 09:20:00+00:00,2026-07-18 12:35:00+00:00,1,0.13541666666666666,270.37633959767896,-0.0,250.37633959767896,False,10,2.0
TSM/EWT,2026-07-19 17:45:00+00:00,2026-07-19 21:10:00+00:00,1,0.1423611111111111,188.9656462293525,-0.0,168.9656462293525,False,10,2.0
TSM/EWT,2026-07-20 01:30:00+00:00,2026-07-21 01:10:00+00:00,-1,0.9861111111111112,196.80239161752132,0.08530000000000001,176.8876916175213,False,10,2.0
TSM/EWT,2026-07-27 14:30:00+00:00,2026-07-28 01:00:00+00:00,1,0.4375,250.35469432815484,-3.8068,226.54789432815483,False,10,2.0
TSM/EWT,2026-07-29 01:15:00+00:00,2026-07-29 17:20:00+00:00,-1,0.6701388888888888,164.85424588361496,-0.0,144.85424588361496,False,10,2.0
TSM/EWT,2026-07-30 00:25:00+00:00,2026-07-30 01:40:00+00:00,-1,0.052083333333333336,220.7713387674227,-0.0,200.7713387674227,False,10,2.0
TSM/EWT,2026-07-30 13:30:00+00:00,2026-07-31 20:25:00+00:00,-1,1.2881944444444444,151.86646376558943,0.4371,132.30356376558942,False,10,2.0
TSM/EWT,2026-08-02 08:30:00+00:00,2026-08-03 00:50:00+00:00,-1,0.6805555555555556,337.1972619640399,-0.0,317.1972619640399,False,10,2.0
TSM/EWT,2026-08-05 21:45:00+00:00,2026-08-07 08:20:00+00:00,1,1.4409722222222223,256.24916171571215,-0.0,236.24916171571215,False,10,2.0
EWY/SAMSUNG,2026-06-16 13:30:00+00:00,2026-06-17 05:45:00+00:00,-1,0.6770833333333334,159.2348117356508,23.282,162.5168117356508,False,10,2.0
EWY/SAMSUNG,2026-06-17 14:05:00+00:00,2026-06-17 19:10:00+00:00,-1,0.21180555555555555,235.10844165947276,-0.0,215.10844165947276,False,10,2.0
EWY/SAMSUNG,2026-06-18 19:30:00+00:00,2026-06-19 03:30:00+00:00,1,0.3333333333333333,269.10635271297417,0.5318999999999999,249.63825271297418,False,10,2.0
EWY/SAMSUNG,2026-06-21 23:50:00+00:00,2026-06-22 01:00:00+00:00,-1,0.04861111111111111,353.4799551642409,29.0354,362.5153551642409,False,10,2.0
EWY/SAMSUNG,2026-06-23 00:30:00+00:00,2026-06-24 00:10:00+00:00,-1,0.9861111111111112,244.79838804192391,-25.5117,199.28668804192392,False,10,2.0
EWY/SAMSUNG,2026-06-24 20:15:00+00:00,2026-06-24 22:50:00+00:00,1,0.1076388888888889,333.16928845999524,-0.0,313.16928845999524,False,10,2.0
EWY/SAMSUNG,2026-06-25 01:20:00+00:00,2026-06-25 22:15:00+00:00,1,0.8715277777777778,238.06965647754328,-11.013,207.05665647754327,False,10,2.0
EWY/SAMSUNG,2026-06-25 23:15:00+00:00,2026-06-26 02:20:00+00:00,1,0.1284722222222222,288.8550355597504,8.547400000000001,277.40243555975036,False,10,2.0
EWY/SAMSUNG,2026-06-26 23:50:00+00:00,2026-06-28 23:05:00+00:00,1,1.96875,223.49678074305837,-3.303799999999998,200.19298074305837,False,10,2.0
EWY/SAMSUNG,2026-07-01 20:20:00+00:00,2026-07-03 02:20:00+00:00,-1,1.25,299.2106755295157,-5.668600000000002,273.54207552951567,False,10,2.0
EWY/SAMSUNG,2026-07-13 06:25:00+00:00,2026-07-14 00:25:00+00:00,-1,0.75,327.8032834186619,-37.6398,270.16348341866194,False,10,2.0
EWY/SAMSUNG,2026-07-16 07:45:00+00:00,2026-07-17 02:40:00+00:00,-1,0.7881944444444444,-308.17221923004286,22.579,-305.59321923004285,True,10,2.0
EWY/SAMSUNG,2026-07-17 02:45:00+00:00,2026-07-17 06:00:00+00:00,-1,0.13541666666666666,-91.62462601365415,13.8165,-97.80812601365415,True,10,2.0
EWY/SAMSUNG,2026-07-17 06:05:00+00:00,2026-07-17 06:55:00+00:00,-1,0.034722222222222224,-52.37730882013024,-0.0,-72.37730882013024,True,10,2.0
EWY/SAMSUNG,2026-07-17 07:00:00+00:00,2026-07-17 14:55:00+00:00,-1,0.3298611111111111,511.18793935390767,-5.955100000000001,485.23283935390765,False,10,2.0
EWY/SAMSUNG,2026-07-19 23:05:00+00:00,2026-07-20 00:10:00+00:00,-1,0.04513888888888889,322.0088123348542,11.8156,313.82441233485423,False,10,2.0
EWY/SAMSUNG,2026-07-21 16:45:00+00:00,2026-07-23 05:25:00+00:00,1,1.5277777777777777,223.50643067395768,16.2409,219.7473306739577,False,10,2.0
EWY/SAMSUNG,2026-07-28 00:25:00+00:00,2026-07-29 09:45:00+00:00,-1,1.3888888888888888,170.68965974669524,-62.73779999999999,87.95185974669525,False,10,2.0
EWY/SAMSUNG,2026-07-30 00:45:00+00:00,2026-07-30 01:40:00+00:00,-1,0.03819444444444445,318.30118587811154,-0.0,298.30118587811154,False,10,2.0
EWY/SAMSUNG,2026-07-31 00:05:00+00:00,2026-07-31 23:25:00+00:00,1,0.9722222222222222,416.55755035478103,-27.858399999999996,368.699150354781,False,10,2.0
EWY/SAMSUNG,2026-08-02 23:05:00+00:00,2026-08-03 07:15:00+00:00,1,0.3402777777777778,331.47664474566216,9.338799999999999,320.81544474566215,False,10,2.0
EWY/SAMSUNG,2026-08-12 02:50:00+00:00,2026-08-13 08:15:00+00:00,1,1.2256944444444444,-53.306441496237674,-18.0785,-91.38494149623767,False,10,2.0
MU/DRAM,2026-06-05 15:40:00+00:00,2026-06-05 22:35:00+00:00,-1,0.2881944444444444,230.02579360888703,-0.2404000000000002,209.78539360888703,False,10,2.0
MU/DRAM,2026-06-06 00:05:00+00:00,2026-06-06 01:00:00+00:00,-1,0.03819444444444445,274.001970285778,-0.0,254.001970285778,False,10,2.0
MU/DRAM,2026-06-06 02:40:00+00:00,2026-06-07 06:15:00+00:00,-1,1.1493055555555556,307.6787804897274,-1.4967,286.1820804897274,False,10,2.0
MU/DRAM,2026-06-11 13:50:00+00:00,2026-06-12 00:05:00+00:00,1,0.4270833333333333,179.78890374076406,1.8344000000000005,161.62330374076404,False,10,2.0
MU/DRAM,2026-06-12 18:15:00+00:00,2026-06-14 20:35:00+00:00,1,2.0972222222222223,131.48521719103223,8.928600000000001,120.41381719103222,False,10,2.0
MU/DRAM,2026-06-17 01:10:00+00:00,2026-06-22 00:05:00+00:00,1,4.954861111111111,-22.686058895044216,11.413899999999995,-31.27215889504422,False,10,2.0
MU/DRAM,2026-06-23 04:20:00+00:00,2026-06-24 13:40:00+00:00,-1,1.3888888888888888,418.1930641424265,-2.514500000000001,395.6785641424265,False,10,2.0
MU/DRAM,2026-06-25 05:25:00+00:00,2026-06-28 22:50:00+00:00,-1,3.7256944444444446,221.96600240085775,-3.4635000000000047,198.50250240085774,False,10,2.0
MU/DRAM,2026-07-06 00:55:00+00:00,2026-07-08 04:55:00+00:00,1,2.1666666666666665,95.69664104055562,-9.2243,66.47234104055562,False,10,2.0
MU/DRAM,2026-07-08 21:40:00+00:00,2026-07-09 02:55:00+00:00,1,0.21875,241.51426820019088,1.6906,223.20486820019087,False,10,2.0
MU/DRAM,2026-07-13 01:15:00+00:00,2026-07-15 18:15:00+00:00,-1,2.7083333333333335,113.7116774882354,-10.102100000000002,83.60957748823539,False,10,2.0
MU/DRAM,2026-07-17 03:35:00+00:00,2026-07-19 04:10:00+00:00,-1,2.0243055555555554,267.5230997387535,4.228599999999999,251.75169973875347,False,10,2.0
MU/DRAM,2026-07-22 06:45:00+00:00,2026-07-27 14:15:00+00:00,-1,5.3125,-107.33507496361774,-9.7686,-137.10367496361775,False,10,2.0
MU/DRAM,2026-07-29 04:30:00+00:00,2026-07-29 14:00:00+00:00,-1,0.3958333333333333,362.50998328584126,2.9297999999999997,345.43978328584126,False,10,2.0
MU/DRAM,2026-07-31 15:25:00+00:00,2026-08-05 05:25:00+00:00,1,4.583333333333333,121.7494272915777,3.733800000000001,105.4832272915777,False,10,2.0
MU/DRAM,2026-08-07 01:40:00+00:00,2026-08-11 10:40:00+00:00,-1,4.375,211.57874044720148,-9.0772,182.50154044720148,False,10,2.0
DRAM/SKHYNIX,2026-06-17 15:30:00+00:00,2026-06-19 04:05:00+00:00,1,1.5243055555555556,211.307977891703,18.089499999999997,209.39747789170298,False,10,2.0
DRAM/SKHYNIX,2026-06-22 01:25:00+00:00,2026-06-23 04:20:00+00:00,1,1.1215277777777777,306.4685293026977,22.501399999999993,308.96992930269766,False,10,2.0
DRAM/SKHYNIX,2026-06-25 13:55:00+00:00,2026-06-26 03:00:00+00:00,1,0.5451388888888888,381.6037455867827,-19.5265,342.0772455867827,False,10,2.0
DRAM/SKHYNIX,2026-07-01 00:40:00+00:00,2026-07-01 12:40:00+00:00,-1,0.5,183.32387664298352,-20.6931,142.6307766429835,False,10,2.0
DRAM/SKHYNIX,2026-07-02 05:35:00+00:00,2026-07-03 01:45:00+00:00,-1,0.8402777777777778,159.4704930140079,-34.54050000000001,104.92999301400789,False,10,2.0
DRAM/SKHYNIX,2026-07-03 05:05:00+00:00,2026-07-06 00:05:00+00:00,1,2.7916666666666665,260.1848550933482,-7.760599999999999,232.42425509334817,False,10,2.0
DRAM/SKHYNIX,2026-07-13 00:10:00+00:00,2026-07-15 00:30:00+00:00,-1,2.013888888888889,154.183308990608,-126.03610000000002,8.147208990607979,False,10,2.0
DRAM/SKHYNIX,2026-07-17 17:20:00+00:00,2026-07-19 08:45:00+00:00,-1,1.6423611111111112,349.43894206978985,11.2688,340.70774206978984,False,10,2.0
DRAM/SKHYNIX,2026-07-24 04:40:00+00:00,2026-07-25 02:55:00+00:00,-1,0.9270833333333334,262.60752563884245,-5.614599999999999,236.99292563884245,False,10,2.0
DRAM/SKHYNIX,2026-07-27 23:05:00+00:00,2026-07-28 11:45:00+00:00,-1,0.5277777777777778,238.2079700885291,-31.581300000000002,186.6266700885291,False,10,2.0
DRAM/SKHYNIX,2026-07-29 01:15:00+00:00,2026-07-29 03:25:00+00:00,-1,0.09027777777777778,-302.5144971458487,-0.0,-322.5144971458487,True,10,2.0
DRAM/SKHYNIX,2026-07-29 03:30:00+00:00,2026-07-29 04:00:00+00:00,-1,0.020833333333333332,-50.498058240321456,-38.4462,-108.94425824032146,True,10,2.0
DRAM/SKHYNIX,2026-07-29 04:05:00+00:00,2026-07-29 04:20:00+00:00,-1,0.010416666666666666,-99.54834033074053,-0.0,-119.54834033074053,True,10,2.0
DRAM/SKHYNIX,2026-07-29 04:25:00+00:00,2026-07-29 04:30:00+00:00,-1,0.003472222222222222,-54.897534066797924,-0.0,-74.89753406679793,True,10,2.0
DRAM/SKHYNIX,2026-07-29 04:35:00+00:00,2026-07-29 04:40:00+00:00,-1,0.003472222222222222,-49.01626855941505,-0.0,-69.01626855941505,True,10,2.0
DRAM/SKHYNIX,2026-07-29 04:45:00+00:00,2026-07-29 04:50:00+00:00,-1,0.003472222222222222,-25.121029541205285,-0.0,-45.12102954120529,True,10,2.0
DRAM/SKHYNIX,2026-07-29 04:55:00+00:00,2026-07-29 05:00:00+00:00,-1,0.003472222222222222,18.619949685038108,-0.0,-1.380050314961892,True,10,2.0
DRAM/SKHYNIX,2026-07-29 05:05:00+00:00,2026-07-30 13:55:00+00:00,-1,1.3680555555555556,-394.16917398159364,-54.9967,-469.1658739815936,True,10,2.0
DRAM/SKHYNIX,2026-07-30 14:00:00+00:00,2026-07-30 14:05:00+00:00,-1,0.003472222222222222,-48.06561059847605,-0.0,-68.06561059847604,True,10,2.0
DRAM/SKHYNIX,2026-07-30 14:10:00+00:00,2026-07-30 14:15:00+00:00,-1,0.003472222222222222,10.452073086136263,-0.0,-9.547926913863737,True,10,2.0
DRAM/SKHYNIX,2026-07-30 14:20:00+00:00,2026-07-31 04:20:00+00:00,-1,0.5833333333333334,677.2580925817298,-46.295399999999994,610.9626925817298,False,10,2.0
DRAM/SKHYNIX,2026-08-06 15:00:00+00:00,2026-08-12 03:05:00+00:00,-1,5.503472222222222,-135.8732056324068,-49.5983,-205.4715056324068,False,10,2.0
MU/SKHYNIX,2026-06-17 04:50:00+00:00,2026-06-22 20:00:00+00:00,1,5.631944444444445,-279.40516926012157,93.97030000000001,-205.43486926012156,False,10,2.0
MU/SKHYNIX,2026-06-26 04:50:00+00:00,2026-06-28 07:45:00+00:00,-1,2.1215277777777777,602.5728388957842,-34.791399999999996,547.7814388957843,False,10,2.0
MU/SKHYNIX,2026-06-29 00:15:00+00:00,2026-06-29 13:50:00+00:00,-1,0.5659722222222222,538.3553030853002,-24.9807,493.37460308530024,False,10,2.0
MU/SKHYNIX,2026-07-01 01:10:00+00:00,2026-07-01 20:00:00+00:00,-1,0.7847222222222222,489.4950161842601,2.0731999999999977,471.5682161842601,False,10,2.0
MU/SKHYNIX,2026-07-02 06:10:00+00:00,2026-07-03 04:10:00+00:00,-1,0.9166666666666666,356.3433454194304,-35.94370000000001,300.3996454194304,False,10,2.0
MU/SKHYNIX,2026-07-08 01:15:00+00:00,2026-07-08 04:35:00+00:00,1,0.1388888888888889,418.787483061527,-0.0,398.787483061527,False,10,2.0
MU/SKHYNIX,2026-07-12 23:55:00+00:00,2026-07-13 00:20:00+00:00,-1,0.017361111111111112,-392.1400406895326,18.072699999999998,-394.0673406895326,True,10,2.0
MU/SKHYNIX,2026-07-13 00:25:00+00:00,2026-07-13 00:30:00+00:00,-1,0.003472222222222222,-16.134076488071624,-0.0,-36.13407648807163,True,10,2.0
MU/SKHYNIX,2026-07-13 00:35:00+00:00,2026-07-13 00:40:00+00:00,-1,0.003472222222222222,-46.963303424099465,-0.0,-66.96330342409946,True,10,2.0
MU/SKHYNIX,2026-07-13 00:45:00+00:00,2026-07-13 00:50:00+00:00,-1,0.003472222222222222,-8.389672474758761,-0.0,-28.38967247475876,True,10,2.0
MU/SKHYNIX,2026-07-13 00:55:00+00:00,2026-07-13 01:00:00+00:00,-1,0.003472222222222222,15.217344589044217,-0.0,-4.782655410955783,True,10,2.0
MU/SKHYNIX,2026-07-13 01:05:00+00:00,2026-07-13 01:10:00+00:00,-1,0.003472222222222222,-51.020135308168776,-0.0,-71.02013530816878,True,10,2.0
MU/SKHYNIX,2026-07-13 01:15:00+00:00,2026-07-13 01:20:00+00:00,-1,0.003472222222222222,21.694709267285724,-0.0,1.6947092672857238,True,10,2.0
MU/SKHYNIX,2026-07-13 01:25:00+00:00,2026-07-13 01:30:00+00:00,-1,0.003472222222222222,162.89395401536052,-0.0,142.89395401536052,True,10,2.0
MU/SKHYNIX,2026-07-13 01:35:00+00:00,2026-07-13 01:40:00+00:00,-1,0.003472222222222222,52.081435168574146,-0.0,32.081435168574146,True,10,2.0
MU/SKHYNIX,2026-07-13 01:45:00+00:00,2026-07-13 01:50:00+00:00,-1,0.003472222222222222,-58.4376478753134,-0.0,-78.4376478753134,True,10,2.0
MU/SKHYNIX,2026-07-13 01:55:00+00:00,2026-07-13 02:00:00+00:00,-1,0.003472222222222222,-46.52977329061476,-0.0,-66.52977329061477,True,10,2.0
MU/SKHYNIX,2026-07-13 02:05:00+00:00,2026-07-13 02:10:00+00:00,-1,0.003472222222222222,56.09943989721668,-0.0,36.09943989721668,True,10,2.0
MU/SKHYNIX,2026-07-13 02:15:00+00:00,2026-07-13 02:20:00+00:00,-1,0.003472222222222222,79.33457346288066,-0.0,59.334573462880655,True,10,2.0
MU/SKHYNIX,2026-07-13 02:25:00+00:00,2026-07-13 02:30:00+00:00,-1,0.003472222222222222,26.995174648850828,-0.0,6.995174648850828,True,10,2.0
MU/SKHYNIX,2026-07-13 02:35:00+00:00,2026-07-13 02:40:00+00:00,-1,0.003472222222222222,19.329406119691033,-0.0,-0.6705938803089673,True,10,2.0
MU/SKHYNIX,2026-07-13 02:45:00+00:00,2026-07-13 02:50:00+00:00,-1,0.003472222222222222,-32.541543376050306,-0.0,-52.541543376050306,True,10,2.0
MU/SKHYNIX,2026-07-13 02:55:00+00:00,2026-07-13 03:00:00+00:00,-1,0.003472222222222222,-22.311548614802856,-0.0,-42.31154861480286,True,10,2.0
MU/SKHYNIX,2026-07-13 03:05:00+00:00,2026-07-13 03:10:00+00:00,-1,0.003472222222222222,3.63182402693874,-0.0,-16.36817597306126,True,10,2.0
MU/SKHYNIX,2026-07-13 03:15:00+00:00,2026-07-13 03:20:00+00:00,-1,0.003472222222222222,31.521643691382994,-0.0,11.521643691382994,True,10,2.0
MU/SKHYNIX,2026-07-13 03:25:00+00:00,2026-07-13 03:30:00+00:00,-1,0.003472222222222222,-21.048875917056087,-0.0,-41.04887591705609,True,10,2.0
MU/SKHYNIX,2026-07-13 03:35:00+00:00,2026-07-13 03:40:00+00:00,-1,0.003472222222222222,53.0226373377261,-0.0,33.0226373377261,True,10,2.0
MU/SKHYNIX,2026-07-13 03:45:00+00:00,2026-07-13 03:50:00+00:00,-1,0.003472222222222222,25.76077789257529,-0.0,5.760777892575291,True,10,2.0
MU/SKHYNIX,2026-07-13 03:55:00+00:00,2026-07-13 04:00:00+00:00,-1,0.003472222222222222,-3.0324590130560627,-0.0,-23.032459013056062,True,10,2.0
MU/SKHYNIX,2026-07-13 04:05:00+00:00,2026-07-13 04:10:00+00:00,-1,0.003472222222222222,-40.189969037575636,-0.0,-60.189969037575636,True,10,2.0
MU/SKHYNIX,2026-07-13 04:15:00+00:00,2026-07-13 04:20:00+00:00,-1,0.003472222222222222,-25.14192392896285,-0.0,-45.14192392896285,True,10,2.0
MU/SKHYNIX,2026-07-13 04:25:00+00:00,2026-07-13 04:30:00+00:00,-1,0.003472222222222222,34.95233649530037,-0.0,14.952336495300372,True,10,2.0
MU/SKHYNIX,2026-07-13 04:35:00+00:00,2026-07-13 04:40:00+00:00,-1,0.003472222222222222,34.84933334098554,-0.0,14.849333340985538,True,10,2.0
MU/SKHYNIX,2026-07-13 04:45:00+00:00,2026-07-13 04:50:00+00:00,-1,0.003472222222222222,-39.161386400215,-0.0,-59.161386400215,True,10,2.0
MU/SKHYNIX,2026-07-13 04:55:00+00:00,2026-07-13 05:00:00+00:00,-1,0.003472222222222222,-20.77933878972514,-0.0,-40.779338789725145,True,10,2.0
MU/SKHYNIX,2026-07-13 05:05:00+00:00,2026-07-13 05:10:00+00:00,-1,0.003472222222222222,24.902014089424416,-0.0,4.902014089424416,True,10,2.0
MU/SKHYNIX,2026-07-13 05:15:00+00:00,2026-07-13 05:20:00+00:00,-1,0.003472222222222222,3.9157545942438126,-0.0,-16.08424540575619,True,10,2.0
MU/SKHYNIX,2026-07-13 05:25:00+00:00,2026-07-13 05:30:00+00:00,-1,0.003472222222222222,33.4715052873341,-0.0,13.471505287334097,True,10,2.0
MU/SKHYNIX,2026-07-13 05:35:00+00:00,2026-07-13 05:40:00+00:00,-1,0.003472222222222222,4.496618138365871,-0.0,-15.503381861634129,True,10,2.0
MU/SKHYNIX,2026-07-13 05:45:00+00:00,2026-07-13 05:50:00+00:00,-1,0.003472222222222222,-53.01473516465233,-0.0,-73.01473516465234,True,10,2.0
MU/SKHYNIX,2026-07-13 05:55:00+00:00,2026-07-13 06:00:00+00:00,-1,0.003472222222222222,7.769775401174047,-0.0,-12.230224598825952,True,10,2.0
MU/SKHYNIX,2026-07-13 06:05:00+00:00,2026-07-13 06:10:00+00:00,-1,0.003472222222222222,-45.98332007215398,-0.0,-65.98332007215399,True,10,2.0
MU/SKHYNIX,2026-07-13 06:15:00+00:00,2026-07-13 06:20:00+00:00,-1,0.003472222222222222,-27.017685028912812,-0.0,-47.01768502891281,True,10,2.0
MU/SKHYNIX,2026-07-13 06:25:00+00:00,2026-07-13 06:30:00+00:00,-1,0.003472222222222222,114.97839374566863,-0.0,94.97839374566863,True,10,2.0
MU/SKHYNIX,2026-07-13 06:35:00+00:00,2026-07-13 06:40:00+00:00,-1,0.003472222222222222,-9.406900482352038,-0.0,-29.406900482352036,True,10,2.0
MU/SKHYNIX,2026-07-13 06:45:00+00:00,2026-07-13 06:50:00+00:00,-1,0.003472222222222222,-20.27794413518873,-0.0,-40.27794413518873,True,10,2.0
MU/SKHYNIX,2026-07-13 06:55:00+00:00,2026-07-13 07:00:00+00:00,-1,0.003472222222222222,-4.133416767616127,-0.0,-24.133416767616126,True,10,2.0
MU/SKHYNIX,2026-07-13 07:05:00+00:00,2026-07-13 07:10:00+00:00,-1,0.003472222222222222,48.44091579393049,-0.0,28.440915793930493,True,10,2.0
MU/SKHYNIX,2026-07-13 07:15:00+00:00,2026-07-13 07:20:00+00:00,-1,0.003472222222222222,13.808338611209036,-0.0,-6.191661388790964,True,10,2.0
MU/SKHYNIX,2026-07-13 07:25:00+00:00,2026-07-13 07:30:00+00:00,-1,0.003472222222222222,-2.974983527765931,-0.0,-22.974983527765932,True,10,2.0
MU/SKHYNIX,2026-07-13 07:35:00+00:00,2026-07-13 07:40:00+00:00,-1,0.003472222222222222,-5.407479845770888,-0.0,-25.407479845770887,True,10,2.0
MU/SKHYNIX,2026-07-13 07:45:00+00:00,2026-07-13 07:50:00+00:00,-1,0.003472222222222222,15.318456792486263,-0.0,-4.681543207513737,True,10,2.0
MU/SKHYNIX,2026-07-13 07:55:00+00:00,2026-07-13 08:00:00+00:00,-1,0.003472222222222222,-55.91080287769141,-0.0,-75.91080287769141,True,10,2.0
MU/SKHYNIX,2026-07-13 08:05:00+00:00,2026-07-13 08:10:00+00:00,-1,0.003472222222222222,-16.223915296458987,-0.0,-36.22391529645898,True,10,2.0
MU/SKHYNIX,2026-07-13 08:15:00+00:00,2026-07-13 08:20:00+00:00,-1,0.003472222222222222,-51.48235804357728,-0.0,-71.48235804357728,True,10,2.0
MU/SKHYNIX,2026-07-13 08:25:00+00:00,2026-07-13 08:30:00+00:00,-1,0.003472222222222222,-9.599697261590192,-0.0,-29.599697261590194,True,10,2.0
MU/SKHYNIX,2026-07-13 08:35:00+00:00,2026-07-13 08:40:00+00:00,-1,0.003472222222222222,-27.02853588169229,-0.0,-47.02853588169229,True,10,2.0
MU/SKHYNIX,2026-07-13 08:45:00+00:00,2026-07-13 08:50:00+00:00,-1,0.003472222222222222,-5.977153157374472,-0.0,-25.977153157374474,True,10,2.0
MU/SKHYNIX,2026-07-13 08:55:00+00:00,2026-07-13 09:00:00+00:00,-1,0.003472222222222222,47.03437452607222,-0.0,27.03437452607222,True,10,2.0
MU/SKHYNIX,2026-07-13 09:05:00+00:00,2026-07-13 09:10:00+00:00,-1,0.003472222222222222,18.239313125965186,-0.0,-1.760686874034814,True,10,2.0
MU/SKHYNIX,2026-07-13 09:15:00+00:00,2026-07-13 09:20:00+00:00,-1,0.003472222222222222,1.7542302304035442,-0.0,-18.245769769596457,True,10,2.0
MU/SKHYNIX,2026-07-13 09:25:00+00:00,2026-07-13 09:30:00+00:00,-1,0.003472222222222222,-23.273078221146857,-0.0,-43.27307822114686,True,10,2.0
MU/SKHYNIX,2026-07-13 09:35:00+00:00,2026-07-13 09:40:00+00:00,-1,0.003472222222222222,7.211866835143783,-0.0,-12.788133164856216,True,10,2.0
MU/SKHYNIX,2026-07-13 09:45:00+00:00,2026-07-13 09:50:00+00:00,-1,0.003472222222222222,-9.051403123431605,-0.0,-29.051403123431605,True,10,2.0
MU/SKHYNIX,2026-07-13 09:55:00+00:00,2026-07-13 10:00:00+00:00,-1,0.003472222222222222,11.702313846624012,-0.0,-8.297686153375988,True,10,2.0
MU/SKHYNIX,2026-07-13 10:05:00+00:00,2026-07-13 10:10:00+00:00,-1,0.003472222222222222,10.351844119119267,-0.0,-9.648155880880733,True,10,2.0
MU/SKHYNIX,2026-07-13 10:15:00+00:00,2026-07-13 10:20:00+00:00,-1,0.003472222222222222,-28.347456417802874,-0.0,-48.347456417802874,True,10,2.0
MU/SKHYNIX,2026-07-13 10:25:00+00:00,2026-07-13 10:30:00+00:00,-1,0.003472222222222222,6.762231729336775,-0.0,-13.237768270663224,True,10,2.0
MU/SKHYNIX,2026-07-13 10:35:00+00:00,2026-07-13 10:40:00+00:00,-1,0.003472222222222222,6.257484605647499,-0.0,-13.742515394352502,True,10,2.0
MU/SKHYNIX,2026-07-13 10:45:00+00:00,2026-07-13 10:50:00+00:00,-1,0.003472222222222222,-8.967672836048832,-0.0,-28.967672836048834,True,10,2.0
MU/SKHYNIX,2026-07-13 10:55:00+00:00,2026-07-13 11:00:00+00:00,-1,0.003472222222222222,-30.273562114210588,-0.0,-50.27356211421059,True,10,2.0
MU/SKHYNIX,2026-07-13 11:05:00+00:00,2026-07-13 11:10:00+00:00,-1,0.003472222222222222,5.474503686648016,-0.0,-14.525496313351983,True,10,2.0
MU/SKHYNIX,2026-07-13 11:15:00+00:00,2026-07-13 11:20:00+00:00,-1,0.003472222222222222,-6.423846119187417,-0.0,-26.423846119187417,True,10,2.0
MU/SKHYNIX,2026-07-13 11:25:00+00:00,2026-07-13 11:30:00+00:00,-1,0.003472222222222222,-36.665782267789,-0.0,-56.665782267789,True,10,2.0
MU/SKHYNIX,2026-07-13 11:35:00+00:00,2026-07-13 11:40:00+00:00,-1,0.003472222222222222,-1.1550924653421142,-0.0,-21.155092465342115,True,10,2.0
MU/SKHYNIX,2026-07-13 11:45:00+00:00,2026-07-13 11:50:00+00:00,-1,0.003472222222222222,-18.327210745796595,-0.0,-38.32721074579659,True,10,2.0
MU/SKHYNIX,2026-07-13 11:55:00+00:00,2026-07-13 12:00:00+00:00,-1,0.003472222222222222,29.035720451188237,-0.0,9.035720451188237,True,10,2.0
MU/SKHYNIX,2026-07-13 12:05:00+00:00,2026-07-13 12:10:00+00:00,-1,0.003472222222222222,-25.982491282024082,-0.0,-45.982491282024085,True,10,2.0
MU/SKHYNIX,2026-07-13 12:15:00+00:00,2026-07-13 12:20:00+00:00,-1,0.003472222222222222,11.122390131465668,-0.0,-8.877609868534332,True,10,2.0
MU/SKHYNIX,2026-07-13 12:25:00+00:00,2026-07-13 16:15:00+00:00,-1,0.1597222222222222,-166.4753839282611,-0.0,-186.4753839282611,True,10,2.0
MU/SKHYNIX,2026-07-13 16:20:00+00:00,2026-07-13 16:25:00+00:00,-1,0.003472222222222222,-4.4204068027952745,-0.0,-24.420406802795274,True,10,2.0
MU/SKHYNIX,2026-07-13 16:30:00+00:00,2026-07-13 16:40:00+00:00,-1,0.006944444444444444,8.663121892736845,-0.0,-11.336878107263155,True,10,2.0
MU/SKHYNIX,2026-07-13 16:45:00+00:00,2026-07-13 16:55:00+00:00,-1,0.006944444444444444,-86.43860637239696,-0.0,-106.43860637239696,True,10,2.0
MU/SKHYNIX,2026-07-13 17:00:00+00:00,2026-07-13 19:25:00+00:00,-1,0.10069444444444445,-140.31445349571914,-0.0,-160.31445349571914,True,10,2.0
MU/SKHYNIX,2026-07-13 19:30:00+00:00,2026-07-15 15:15:00+00:00,-1,1.8229166666666667,872.5023403590745,-74.3638,778.1385403590746,False,10,2.0
MU/SKHYNIX,2026-07-17 17:55:00+00:00,2026-07-19 08:00:00+00:00,-1,1.5868055555555556,570.2065084847586,9.902999999999999,560.1095084847586,False,10,2.0
MU/SKHYNIX,2026-07-22 08:10:00+00:00,2026-07-26 23:05:00+00:00,-1,4.621527777777778,60.11443891665776,-27.297399999999996,12.817038916657765,False,10,2.0
MU/SKHYNIX,2026-07-28 08:20:00+00:00,2026-07-28 16:35:00+00:00,-1,0.34375,530.8598143383356,-4.4216,506.43821433833557,False,10,2.0
MU/SKHYNIX,2026-07-29 02:10:00+00:00,2026-07-29 18:05:00+00:00,-1,0.6631944444444444,498.3114659519193,-45.88189999999999,432.4295659519193,False,10,2.0
MU/SKHYNIX,2026-07-30 13:50:00+00:00,2026-07-31 00:35:00+00:00,-1,0.4479166666666667,446.8182892392783,-48.902699999999996,377.9155892392783,False,10,2.0
MU/SKHYNIX,2026-08-06 06:10:00+00:00,2026-08-11 14:20:00+00:00,-1,5.340277777777778,-128.59801375179916,-66.86420000000001,-215.46221375179917,False,10,2.0
SAMSUNG/SKHYNIX,2026-06-08 00:30:00+00:00,2026-06-08 01:30:00+00:00,1,0.041666666666666664,349.0476099792711,-0.0,329.0476099792711,False,5,2.0
SAMSUNG/SKHYNIX,2026-06-08 11:50:00+00:00,2026-06-08 13:55:00+00:00,1,0.08680555555555555,295.8267665547541,-0.0,275.8267665547541,False,5,2.0
SAMSUNG/SKHYNIX,2026-06-09 00:15:00+00:00,2026-06-11 13:05:00+00:00,1,2.5347222222222223,-121.46444585784383,36.409200000000006,-105.05524585784383,False,5,2.0
SAMSUNG/SKHYNIX,2026-06-11 21:50:00+00:00,2026-06-12 00:25:00+00:00,1,0.1076388888888889,541.4382577084481,10.111300000000004,531.5495577084481,False,5,2.0
SAMSUNG/SKHYNIX,2026-06-16 07:55:00+00:00,2026-06-23 05:50:00+00:00,1,6.913194444444445,-1327.2062936615548,60.17470000000002,-1287.0315936615548,False,5,2.0
SAMSUNG/SKHYNIX,2026-06-24 04:35:00+00:00,2026-06-24 20:45:00+00:00,-1,0.6736111111111112,443.2484737416549,0.8825999999999995,424.1310737416549,False,5,2.0
SAMSUNG/SKHYNIX,2026-07-02 06:45:00+00:00,2026-07-03 00:25:00+00:00,-1,0.7361111111111112,-385.84521742075066,-2.621100000000003,-408.46631742075067,True,5,2.0
SAMSUNG/SKHYNIX,2026-07-03 00:30:00+00:00,2026-07-03 00:35:00+00:00,-1,0.003472222222222222,73.07976335700695,-0.0,53.079763357006954,True,5,2.0
SAMSUNG/SKHYNIX,2026-07-03 00:40:00+00:00,2026-07-03 00:45:00+00:00,-1,0.003472222222222222,-8.754706680011159,-0.0,-28.75470668001116,True,5,2.0
SAMSUNG/SKHYNIX,2026-07-03 00:50:00+00:00,2026-07-03 00:55:00+00:00,-1,0.003472222222222222,-83.28219788856934,-0.0,-103.28219788856934,True,5,2.0
SAMSUNG/SKHYNIX,2026-07-03 01:00:00+00:00,2026-07-03 01:05:00+00:00,-1,0.003472222222222222,76.85339705766874,-0.0,56.853397057668744,True,5,2.0
SAMSUNG/SKHYNIX,2026-07-03 01:10:00+00:00,2026-07-03 01:15:00+00:00,-1,0.003472222222222222,-14.025225202537424,-0.0,-34.02522520253743,True,5,2.0
SAMSUNG/SKHYNIX,2026-07-03 01:20:00+00:00,2026-07-03 01:30:00+00:00,-1,0.006944444444444444,18.13682798192464,-0.0,-1.8631720180753604,True,5,2.0
SAMSUNG/SKHYNIX,2026-07-03 01:35:00+00:00,2026-07-03 02:20:00+00:00,-1,0.03125,-120.36214531534662,-0.0,-140.36214531534662,True,5,2.0
SAMSUNG/SKHYNIX,2026-07-03 02:25:00+00:00,2026-07-03 19:15:00+00:00,-1,0.7013888888888888,535.5361107266351,4.1821,519.7182107266351,False,5,2.0
SAMSUNG/SKHYNIX,2026-07-06 04:05:00+00:00,2026-07-07 00:25:00+00:00,-1,0.8472222222222222,208.1838159906698,-20.2525,167.93131599066982,False,5,2.0
SAMSUNG/SKHYNIX,2026-07-07 04:25:00+00:00,2026-07-08 00:20:00+00:00,-1,0.8298611111111112,314.2747465426632,-26.354599999999998,267.9201465426632,False,5,2.0
SAMSUNG/SKHYNIX,2026-07-09 08:35:00+00:00,2026-07-10 00:55:00+00:00,1,0.6805555555555556,347.42562934251185,-9.5291,317.8965293425118,False,5,2.0
SAMSUNG/SKHYNIX,2026-07-10 13:35:00+00:00,2026-07-10 16:20:00+00:00,1,0.11458333333333333,468.4571339367672,-0.0,448.4571339367672,False,5,2.0
SAMSUNG/SKHYNIX,2026-07-13 00:05:00+00:00,2026-07-14 19:55:00+00:00,-1,1.8263888888888888,37.67379628852027,-7.788000000000014,9.885796288520257,False,5,2.0
SAMSUNG/SKHYNIX,2026-07-17 14:55:00+00:00,2026-07-19 09:15:00+00:00,-1,1.7638888888888888,96.58651745718484,18.149600000000003,94.73611745718485,False,5,2.0
SAMSUNG/SKHYNIX,2026-07-27 00:05:00+00:00,2026-07-27 00:55:00+00:00,-1,0.034722222222222224,153.54524017380822,-0.0,133.54524017380822,False,5,2.0
SAMSUNG/SKHYNIX,2026-07-27 01:30:00+00:00,2026-07-27 02:30:00+00:00,-1,0.041666666666666664,130.69718884283333,-0.0,110.69718884283333,False,5,2.0
SAMSUNG/SKHYNIX,2026-07-27 05:30:00+00:00,2026-07-27 13:40:00+00:00,1,0.3402777777777778,83.64824549560932,-2.9079999999999995,60.740245495609315,False,5,2.0
SAMSUNG/SKHYNIX,2026-07-27 14:15:00+00:00,2026-07-27 16:45:00+00:00,-1,0.10416666666666667,-119.74219570428181,7.439599999999999,-132.30259570428183,True,5,2.0
SAMSUNG/SKHYNIX,2026-07-27 16:50:00+00:00,2026-07-27 16:55:00+00:00,-1,0.003472222222222222,36.291343792858434,-0.0,16.291343792858434,True,5,2.0
SAMSUNG/SKHYNIX,2026-07-27 17:00:00+00:00,2026-07-27 17:05:00+00:00,-1,0.003472222222222222,-11.81936265693987,-0.0,-31.81936265693987,True,5,2.0
SAMSUNG/SKHYNIX,2026-07-27 17:10:00+00:00,2026-07-27 17:15:00+00:00,-1,0.003472222222222222,-6.3454289081758635,-0.0,-26.34542890817586,True,5,2.0
SAMSUNG/SKHYNIX,2026-07-27 17:20:00+00:00,2026-07-27 17:45:00+00:00,-1,0.017361111111111112,-33.78420733168411,-0.0,-53.78420733168411,True,5,2.0
SAMSUNG/SKHYNIX,2026-07-27 17:50:00+00:00,2026-07-27 18:15:00+00:00,-1,0.017361111111111112,-17.405101512087494,-0.0,-37.4051015120875,True,5,2.0
SAMSUNG/SKHYNIX,2026-07-27 18:20:00+00:00,2026-07-27 19:15:00+00:00,-1,0.03819444444444445,-25.77979444275907,-0.0,-45.77979444275907,True,5,2.0
SAMSUNG/SKHYNIX,2026-07-27 19:20:00+00:00,2026-07-27 19:25:00+00:00,-1,0.003472222222222222,3.185438429167144,-0.0,-16.814561570832858,True,5,2.0
SAMSUNG/SKHYNIX,2026-07-27 19:30:00+00:00,2026-07-27 19:35:00+00:00,-1,0.003472222222222222,-20.63975859481662,-0.0,-40.63975859481662,True,5,2.0
SAMSUNG/SKHYNIX,2026-07-27 19:40:00+00:00,2026-07-27 19:45:00+00:00,-1,0.003472222222222222,-18.450862430253544,-0.0,-38.450862430253544,True,5,2.0
SAMSUNG/SKHYNIX,2026-07-27 19:50:00+00:00,2026-07-27 19:55:00+00:00,-1,0.003472222222222222,-10.30783550792777,-0.0,-30.30783550792777,True,5,2.0
SAMSUNG/SKHYNIX,2026-07-27 20:00:00+00:00,2026-07-27 20:05:00+00:00,-1,0.003472222222222222,-5.345274160191219,4.7999,-20.54537416019122,True,5,2.0
SAMSUNG/SKHYNIX,2026-07-27 20:10:00+00:00,2026-07-27 20:15:00+00:00,-1,0.003472222222222222,16.359519359758938,-0.0,-3.640480640241062,True,5,2.0
SAMSUNG/SKHYNIX,2026-07-27 20:20:00+00:00,2026-07-27 20:25:00+00:00,-1,0.003472222222222222,-1.212873293425628,-0.0,-21.212873293425627,True,5,2.0
SAMSUNG/SKHYNIX,2026-07-27 20:30:00+00:00,2026-07-27 20:35:00+00:00,-1,0.003472222222222222,-8.137045589436413,-0.0,-28.13704558943641,True,5,2.0
SAMSUNG/SKHYNIX,2026-07-27 20:40:00+00:00,2026-07-27 20:45:00+00:00,-1,0.003472222222222222,-2.220944273109704,-0.0,-22.220944273109705,True,5,2.0
SAMSUNG/SKHYNIX,2026-07-27 20:50:00+00:00,2026-07-27 21:15:00+00:00,-1,0.017361111111111112,-22.05881279398979,-0.0,-42.05881279398979,True,5,2.0
SAMSUNG/SKHYNIX,2026-07-27 21:20:00+00:00,2026-07-27 23:05:00+00:00,-1,0.07291666666666667,-246.01797635592385,-0.0,-266.01797635592385,True,5,2.0
SAMSUNG/SKHYNIX,2026-07-27 23:10:00+00:00,2026-07-28 02:55:00+00:00,-1,0.15625,348.2574663395652,-4.5839,323.67356633956524,False,5,2.0
SAMSUNG/SKHYNIX,2026-07-28 14:00:00+00:00,2026-07-28 20:20:00+00:00,-1,0.2638888888888889,169.81823999228877,1.1701000000000008,150.98833999228876,False,5,2.0
SAMSUNG/SKHYNIX,2026-07-28 22:50:00+00:00,2026-07-29 01:10:00+00:00,-1,0.09722222222222222,-112.99732615684496,2.6713000000000005,-130.32602615684496,True,5,2.0
SAMSUNG/SKHYNIX,2026-07-29 01:15:00+00:00,2026-07-29 01:20:00+00:00,-1,0.003472222222222222,-14.207399275473374,-0.0,-34.20739927547338,True,5,2.0
SAMSUNG/SKHYNIX,2026-07-29 01:25:00+00:00,2026-07-29 01:30:00+00:00,-1,0.003472222222222222,25.709618663633343,-0.0,5.709618663633343,True,5,2.0
SAMSUNG/SKHYNIX,2026-07-29 01:35:00+00:00,2026-07-29 01:40:00+00:00,-1,0.003472222222222222,38.33091394980707,-0.0,18.33091394980707,True,5,2.0
SAMSUNG/SKHYNIX,2026-07-29 01:45:00+00:00,2026-07-29 01:50:00+00:00,-1,0.003472222222222222,-26.152953927949476,-0.0,-46.152953927949476,True,5,2.0
SAMSUNG/SKHYNIX,2026-07-29 01:55:00+00:00,2026-07-29 02:00:00+00:00,-1,0.003472222222222222,-25.759660274416582,-0.0,-45.75966027441658,True,5,2.0
SAMSUNG/SKHYNIX,2026-07-29 02:05:00+00:00,2026-07-29 02:10:00+00:00,-1,0.003472222222222222,-58.715198897565074,-0.0,-78.71519889756507,True,5,2.0
SAMSUNG/SKHYNIX,2026-07-29 02:15:00+00:00,2026-07-29 02:20:00+00:00,-1,0.003472222222222222,-35.4350037182664,-0.0,-55.4350037182664,True,5,2.0
SAMSUNG/SKHYNIX,2026-07-29 02:25:00+00:00,2026-07-29 02:30:00+00:00,-1,0.003472222222222222,11.264531464253556,-0.0,-8.735468535746444,True,5,2.0
SAMSUNG/SKHYNIX,2026-07-29 02:35:00+00:00,2026-07-29 03:10:00+00:00,-1,0.024305555555555556,-33.62735501869014,-0.0,-53.62735501869014,True,5,2.0
SAMSUNG/SKHYNIX,2026-07-29 03:15:00+00:00,2026-07-29 03:25:00+00:00,-1,0.006944444444444444,-40.178572510296185,-0.0,-60.178572510296185,True,5,2.0
SAMSUNG/SKHYNIX,2026-07-29 03:30:00+00:00,2026-07-29 03:35:00+00:00,-1,0.003472222222222222,-29.613934070836077,-0.0,-49.61393407083608,True,5,2.0
SAMSUNG/SKHYNIX,2026-07-29 03:40:00+00:00,2026-07-29 03:45:00+00:00,-1,0.003472222222222222,-27.329415348236186,-0.0,-47.32941534823618,True,5,2.0
SAMSUNG/SKHYNIX,2026-07-29 03:50:00+00:00,2026-07-29 03:55:00+00:00,-1,0.003472222222222222,-32.907195548626284,-0.0,-52.907195548626284,True,5,2.0
SAMSUNG/SKHYNIX,2026-07-29 04:00:00+00:00,2026-07-29 04:05:00+00:00,-1,0.003472222222222222,53.227101409764884,-16.8041,16.423001409764886,True,5,2.0
SAMSUNG/SKHYNIX,2026-07-29 04:10:00+00:00,2026-07-29 04:15:00+00:00,-1,0.003472222222222222,-21.836236680787344,-0.0,-41.836236680787344,True,5,2.0
SAMSUNG/SKHYNIX,2026-07-29 04:20:00+00:00,2026-07-29 04:40:00+00:00,-1,0.013888888888888888,-64.96041141036959,-0.0,-84.96041141036959,True,5,2.0
SAMSUNG/SKHYNIX,2026-07-29 04:45:00+00:00,2026-07-29 04:50:00+00:00,-1,0.003472222222222222,-121.52073047668566,-0.0,-141.52073047668566,True,5,2.0
SAMSUNG/SKHYNIX,2026-07-29 04:55:00+00:00,2026-07-29 05:00:00+00:00,-1,0.003472222222222222,8.78649790803085,-0.0,-11.21350209196915,True,5,2.0
SAMSUNG/SKHYNIX,2026-07-29 05:05:00+00:00,2026-07-29 06:45:00+00:00,-1,0.06944444444444445,8.009236383415413,-0.0,-11.990763616584587,True,5,2.0
SAMSUNG/SKHYNIX,2026-07-29 06:50:00+00:00,2026-07-29 06:55:00+00:00,-1,0.003472222222222222,22.09604800727105,-0.0,2.096048007271051,True,5,2.0
SAMSUNG/SKHYNIX,2026-07-29 07:00:00+00:00,2026-07-29 07:05:00+00:00,-1,0.003472222222222222,16.588023170313118,-0.0,-3.411976829686882,True,5,2.0
SAMSUNG/SKHYNIX,2026-07-29 07:10:00+00:00,2026-07-29 11:20:00+00:00,-1,0.1736111111111111,-180.33719864675223,-1.2786000000000004,-201.61579864675224,True,5,2.0
SAMSUNG/SKHYNIX,2026-07-29 11:25:00+00:00,2026-07-29 11:30:00+00:00,-1,0.003472222222222222,-39.296130664423,-0.0,-59.296130664423,True,5,2.0
SAMSUNG/SKHYNIX,2026-07-29 11:35:00+00:00,2026-07-31 04:15:00+00:00,-1,1.6944444444444444,196.56219258025908,10.094100000000005,186.65629258025908,False,5,2.0
SAMSUNG/SKHYNIX,2026-08-05 00:15:00+00:00,2026-08-05 14:55:00+00:00,1,0.6111111111111112,131.65335149042497,-1.1771999999999998,110.47615149042497,False,5,2.0
SAMSUNG/SKHYNIX,2026-08-06 06:10:00+00:00,2026-08-07 01:10:00+00:00,-1,0.7916666666666666,-325.7176411018438,-0.8725000000000008,-346.5901411018438,True,5,2.0
SAMSUNG/SKHYNIX,2026-08-07 01:15:00+00:00,2026-08-07 01:20:00+00:00,-1,0.003472222222222222,-26.532306059517968,-0.0,-46.532306059517964,True,5,2.0
SAMSUNG/SKHYNIX,2026-08-07 01:25:00+00:00,2026-08-07 01:30:00+00:00,-1,0.003472222222222222,-20.803308654593717,-0.0,-40.80330865459372,True,5,2.0
SAMSUNG/SKHYNIX,2026-08-07 01:35:00+00:00,2026-08-07 01:40:00+00:00,-1,0.003472222222222222,-7.810645458215162,-0.0,-27.810645458215163,True,5,2.0
SAMSUNG/SKHYNIX,2026-08-07 01:45:00+00:00,2026-08-07 01:50:00+00:00,-1,0.003472222222222222,-3.632297901309902,-0.0,-23.6322979013099,True,5,2.0
SAMSUNG/SKHYNIX,2026-08-07 01:55:00+00:00,2026-08-07 02:00:00+00:00,-1,0.003472222222222222,-9.048384080016515,-0.0,-29.048384080016515,True,5,2.0
SAMSUNG/SKHYNIX,2026-08-07 02:05:00+00:00,2026-08-07 02:10:00+00:00,-1,0.003472222222222222,-12.002641846897856,-0.0,-32.00264184689786,True,5,2.0
SAMSUNG/SKHYNIX,2026-08-07 02:15:00+00:00,2026-08-07 02:20:00+00:00,-1,0.003472222222222222,-14.661128308467523,-0.0,-34.661128308467525,True,5,2.0
SAMSUNG/SKHYNIX,2026-08-07 02:25:00+00:00,2026-08-07 02:30:00+00:00,-1,0.003472222222222222,-5.542222720587566,-0.0,-25.542222720587567,True,5,2.0
SAMSUNG/SKHYNIX,2026-08-07 02:35:00+00:00,2026-08-07 02:40:00+00:00,-1,0.003472222222222222,9.100453572087028,-0.0,-10.899546427912972,True,5,2.0
SAMSUNG/SKHYNIX,2026-08-07 02:45:00+00:00,2026-08-07 02:50:00+00:00,-1,0.003472222222222222,11.976896393993226,-0.0,-8.023103606006774,True,5,2.0
SAMSUNG/SKHYNIX,2026-08-07 02:55:00+00:00,2026-08-07 03:05:00+00:00,-1,0.006944444444444444,-15.751286780539065,-0.0,-35.75128678053906,True,5,2.0
SAMSUNG/SKHYNIX,2026-08-07 03:10:00+00:00,2026-08-07 03:55:00+00:00,-1,0.03125,-66.10354936163164,-0.0,-86.10354936163164,True,5,2.0
SAMSUNG/SKHYNIX,2026-08-07 04:00:00+00:00,2026-08-07 04:15:00+00:00,-1,0.010416666666666666,-10.913474752771231,-20.4623,-51.37577475277123,True,5,2.0
SAMSUNG/SKHYNIX,2026-08-07 04:20:00+00:00,2026-08-07 04:25:00+00:00,-1,0.003472222222222222,-23.297903991547237,-0.0,-43.29790399154724,True,5,2.0
SAMSUNG/SKHYNIX,2026-08-07 04:30:00+00:00,2026-08-07 04:35:00+00:00,-1,0.003472222222222222,0.11725607955802536,-0.0,-19.882743920441975,True,5,2.0
SAMSUNG/SKHYNIX,2026-08-07 04:40:00+00:00,2026-08-07 04:45:00+00:00,-1,0.003472222222222222,-6.103924203670248,-0.0,-26.103924203670246,True,5,2.0
SAMSUNG/SKHYNIX,2026-08-07 04:50:00+00:00,2026-08-07 04:55:00+00:00,-1,0.003472222222222222,6.48496127568884,-0.0,-13.515038724311161,True,5,2.0
SAMSUNG/SKHYNIX,2026-08-07 05:00:00+00:00,2026-08-10 00:10:00+00:00,-1,2.798611111111111,131.95578761531647,-14.6595,97.29628761531647,False,5,2.0
SAMSUNG/SKHYNIX,2026-08-11 14:55:00+00:00,2026-08-12 18:40:00+00:00,-1,1.15625,185.66149102007878,-18.849,146.8124910200788,False,5,2.0
COHR/LITE,2026-06-07 12:45:00+00:00,2026-06-07 16:05:00+00:00,-1,0.1388888888888889,513.7161259307659,-6.4174999999999995,487.29862593076587,False,10,2.0
COHR/LITE,2026-06-08 16:20:00+00:00,2026-06-09 14:10:00+00:00,-1,0.9097222222222222,530.2722393394307,-0.0,510.2722393394307,False,10,2.0
COHR/LITE,2026-06-14 22:00:00+00:00,2026-06-15 00:10:00+00:00,1,0.09027777777777778,534.8978439423944,9.559999999999999,524.4578439423943,False,10,2.0
COHR/LITE,2026-06-18 14:25:00+00:00,2026-06-24 13:40:00+00:00,-1,5.96875,50.72162871270124,2.148,32.86962871270124,False,10,2.0
COHR/LITE,2026-06-29 13:45:00+00:00,2026-06-30 08:40:00+00:00,1,0.7881944444444444,250.8522750273861,5.3802,236.2324750273861,False,10,2.0
COHR/LITE,2026-06-30 13:35:00+00:00,2026-07-01 18:50:00+00:00,1,1.21875,195.6617992784205,1.1785999999999999,176.84039927842048,False,10,2.0
COHR/LITE,2026-07-03 04:35:00+00:00,2026-07-03 07:05:00+00:00,1,0.10416666666666667,199.1524725768367,-0.0,179.1524725768367,False,10,2.0
COHR/LITE,2026-07-06 13:50:00+00:00,2026-07-06 17:15:00+00:00,-1,0.1423611111111111,231.9565141782795,1.4239,213.3804141782795,False,10,2.0
COHR/LITE,2026-07-07 13:35:00+00:00,2026-07-08 13:50:00+00:00,1,1.0104166666666667,156.64548537989594,-2.428,134.21748537989595,False,10,2.0
COHR/LITE,2026-07-08 14:10:00+00:00,2026-07-09 13:35:00+00:00,1,0.9756944444444444,-358.00657537973547,-2.2503,-380.25687537973545,True,10,2.0
COHR/LITE,2026-07-09 13:40:00+00:00,2026-07-09 13:45:00+00:00,1,0.003472222222222222,-171.26244973588732,-0.0,-191.26244973588732,True,10,2.0
COHR/LITE,2026-07-09 13:50:00+00:00,2026-07-09 13:55:00+00:00,1,0.003472222222222222,11.002219674746753,-0.0,-8.997780325253247,True,10,2.0
COHR/LITE,2026-07-09 14:00:00+00:00,2026-07-09 14:05:00+00:00,1,0.003472222222222222,-3.244723425261386,-0.0,-23.244723425261387,True,10,2.0
COHR/LITE,2026-07-09 14:10:00+00:00,2026-07-09 14:15:00+00:00,1,0.003472222222222222,3.7763287133910777,-0.0,-16.223671286608923,True,10,2.0
COHR/LITE,2026-07-09 14:20:00+00:00,2026-07-09 14:25:00+00:00,1,0.003472222222222222,6.708126148084309,-0.0,-13.29187385191569,True,10,2.0
COHR/LITE,2026-07-09 14:30:00+00:00,2026-07-09 14:35:00+00:00,1,0.003472222222222222,-54.30149075166185,-0.0,-74.30149075166185,True,10,2.0
COHR/LITE,2026-07-09 14:40:00+00:00,2026-07-09 14:45:00+00:00,1,0.003472222222222222,-59.62479243243935,-0.0,-79.62479243243935,True,10,2.0
COHR/LITE,2026-07-09 14:50:00+00:00,2026-07-09 14:55:00+00:00,1,0.003472222222222222,-23.852530435702423,-0.0,-43.85253043570242,True,10,2.0
COHR/LITE,2026-07-09 15:00:00+00:00,2026-07-09 15:05:00+00:00,1,0.003472222222222222,13.023226717750019,-0.0,-6.976773282249981,True,10,2.0
COHR/LITE,2026-07-09 15:10:00+00:00,2026-07-09 15:15:00+00:00,1,0.003472222222222222,-1.5167602031193639,-0.0,-21.516760203119365,True,10,2.0
COHR/LITE,2026-07-09 15:20:00+00:00,2026-07-09 15:25:00+00:00,1,0.003472222222222222,24.873132040434115,-0.0,4.873132040434115,True,10,2.0
COHR/LITE,2026-07-09 15:30:00+00:00,2026-07-09 15:35:00+00:00,1,0.003472222222222222,-10.518246323637538,-0.0,-30.518246323637538,True,10,2.0
COHR/LITE,2026-07-09 15:40:00+00:00,2026-07-09 15:45:00+00:00,1,0.003472222222222222,22.92940473965113,-0.0,2.9294047396511296,True,10,2.0
COHR/LITE,2026-07-09 15:50:00+00:00,2026-07-09 15:55:00+00:00,1,0.003472222222222222,-16.24133393906164,-0.0,-36.24133393906164,True,10,2.0
COHR/LITE,2026-07-09 16:00:00+00:00,2026-07-09 16:05:00+00:00,1,0.003472222222222222,-20.84807438120878,0.1375,-40.71057438120878,True,10,2.0
COHR/LITE,2026-07-09 16:10:00+00:00,2026-07-09 16:15:00+00:00,1,0.003472222222222222,-2.706616648324167,-0.0,-22.706616648324168,True,10,2.0
COHR/LITE,2026-07-09 16:20:00+00:00,2026-07-09 16:25:00+00:00,1,0.003472222222222222,71.87403614176543,-0.0,51.87403614176543,True,10,2.0
COHR/LITE,2026-07-09 16:30:00+00:00,2026-07-09 16:35:00+00:00,1,0.003472222222222222,1.6236629033718066,-0.0,-18.376337096628195,True,10,2.0
COHR/LITE,2026-07-09 16:40:00+00:00,2026-07-09 16:45:00+00:00,1,0.003472222222222222,7.286379909123894,-0.0,-12.713620090876105,True,10,2.0
COHR/LITE,2026-07-09 16:50:00+00:00,2026-07-09 16:55:00+00:00,1,0.003472222222222222,-1.9022763658603676,-0.0,-21.902276365860367,True,10,2.0
COHR/LITE,2026-07-09 17:00:00+00:00,2026-07-09 17:05:00+00:00,1,0.003472222222222222,-9.552926436066306,-0.0,-29.552926436066308,True,10,2.0
COHR/LITE,2026-07-09 17:10:00+00:00,2026-07-09 17:15:00+00:00,1,0.003472222222222222,0.22318343398167337,-0.0,-19.776816566018326,True,10,2.0
COHR/LITE,2026-07-09 17:20:00+00:00,2026-07-09 17:25:00+00:00,1,0.003472222222222222,6.757310071522911,-0.0,-13.24268992847709,True,10,2.0
COHR/LITE,2026-07-09 17:30:00+00:00,2026-07-09 17:35:00+00:00,1,0.003472222222222222,11.53184945179734,-0.0,-8.46815054820266,True,10,2.0
COHR/LITE,2026-07-09 17:40:00+00:00,2026-07-09 17:45:00+00:00,1,0.003472222222222222,11.845588938714416,-0.0,-8.154411061285584,True,10,2.0
COHR/LITE,2026-07-09 17:50:00+00:00,2026-07-09 17:55:00+00:00,1,0.003472222222222222,-3.4166920075967293,-0.0,-23.41669200759673,True,10,2.0
COHR/LITE,2026-07-09 18:00:00+00:00,2026-07-09 18:05:00+00:00,1,0.003472222222222222,-15.556897296790106,-0.0,-35.556897296790105,True,10,2.0
COHR/LITE,2026-07-09 18:10:00+00:00,2026-07-09 18:15:00+00:00,1,0.003472222222222222,3.294525978299631,-0.0,-16.70547402170037,True,10,2.0
COHR/LITE,2026-07-09 18:20:00+00:00,2026-07-09 18:25:00+00:00,1,0.003472222222222222,16.88962412711349,-0.0,-3.110375872886511,True,10,2.0
COHR/LITE,2026-07-09 18:30:00+00:00,2026-07-09 18:35:00+00:00,1,0.003472222222222222,-4.245833698345965,-0.0,-24.245833698345965,True,10,2.0
COHR/LITE,2026-07-09 18:40:00+00:00,2026-07-09 18:45:00+00:00,1,0.003472222222222222,-5.523005139355241,-0.0,-25.52300513935524,True,10,2.0
COHR/LITE,2026-07-09 18:50:00+00:00,2026-07-09 18:55:00+00:00,1,0.003472222222222222,-72.57197629578009,-0.0,-92.57197629578009,True,10,2.0
COHR/LITE,2026-07-09 19:00:00+00:00,2026-07-09 19:05:00+00:00,1,0.003472222222222222,7.187892535422172,-0.0,-12.812107464577828,True,10,2.0
COHR/LITE,2026-07-09 19:10:00+00:00,2026-07-09 19:15:00+00:00,1,0.003472222222222222,-18.359768726067845,-0.0,-38.35976872606784,True,10,2.0
COHR/LITE,2026-07-09 19:20:00+00:00,2026-07-09 19:25:00+00:00,1,0.003472222222222222,16.190698609988107,-0.0,-3.8093013900118926,True,10,2.0
COHR/LITE,2026-07-09 19:30:00+00:00,2026-07-09 19:35:00+00:00,1,0.003472222222222222,8.672645888959671,-0.0,-11.327354111040329,True,10,2.0
COHR/LITE,2026-07-09 19:40:00+00:00,2026-07-09 19:45:00+00:00,1,0.003472222222222222,-14.658963453317579,-0.0,-34.65896345331758,True,10,2.0
COHR/LITE,2026-07-09 19:50:00+00:00,2026-07-09 19:55:00+00:00,1,0.003472222222222222,50.02913149261552,-0.0,30.02913149261552,True,10,2.0
COHR/LITE,2026-07-09 20:00:00+00:00,2026-07-09 20:05:00+00:00,1,0.003472222222222222,23.29550556105608,-0.0,3.2955055610560784,True,10,2.0
COHR/LITE,2026-07-09 20:10:00+00:00,2026-07-09 20:15:00+00:00,1,0.003472222222222222,-0.3028341202018726,-0.0,-20.302834120201872,True,10,2.0
COHR/LITE,2026-07-09 20:20:00+00:00,2026-07-09 20:25:00+00:00,1,0.003472222222222222,-4.707545048140676,-0.0,-24.707545048140677,True,10,2.0
COHR/LITE,2026-07-09 20:30:00+00:00,2026-07-09 20:35:00+00:00,1,0.003472222222222222,20.98502399816806,-0.0,0.9850239981680602,True,10,2.0
COHR/LITE,2026-07-09 20:40:00+00:00,2026-07-09 20:45:00+00:00,1,0.003472222222222222,0.1371813089660282,-0.0,-19.862818691033972,True,10,2.0
COHR/LITE,2026-07-09 20:50:00+00:00,2026-07-09 20:55:00+00:00,1,0.003472222222222222,-2.698257757746524,-0.0,-22.698257757746525,True,10,2.0
COHR/LITE,2026-07-09 21:00:00+00:00,2026-07-09 21:05:00+00:00,1,0.003472222222222222,15.420388413705867,-0.0,-4.579611586294133,True,10,2.0
COHR/LITE,2026-07-09 21:10:00+00:00,2026-07-09 21:15:00+00:00,1,0.003472222222222222,2.126191974583954,-0.0,-17.873808025416047,True,10,2.0
COHR/LITE,2026-07-09 21:20:00+00:00,2026-07-09 21:25:00+00:00,1,0.003472222222222222,-12.919587128793612,-0.0,-32.91958712879361,True,10,2.0
COHR/LITE,2026-07-09 21:30:00+00:00,2026-07-09 21:35:00+00:00,1,0.003472222222222222,6.8434942782369665,-0.0,-13.156505721763033,True,10,2.0
COHR/LITE,2026-07-09 21:40:00+00:00,2026-07-09 21:45:00+00:00,1,0.003472222222222222,10.63125986714552,-0.0,-9.36874013285448,True,10,2.0
COHR/LITE,2026-07-09 21:50:00+00:00,2026-07-09 21:55:00+00:00,1,0.003472222222222222,-8.220474461395021,-0.0,-28.22047446139502,True,10,2.0
COHR/LITE,2026-07-09 22:00:00+00:00,2026-07-09 22:05:00+00:00,1,0.003472222222222222,-0.19060498711824167,-0.0,-20.190604987118242,True,10,2.0
COHR/LITE,2026-07-09 22:10:00+00:00,2026-07-09 22:15:00+00:00,1,0.003472222222222222,6.334369696735614,-0.0,-13.665630303264386,True,10,2.0
COHR/LITE,2026-07-09 22:20:00+00:00,2026-07-09 22:25:00+00:00,1,0.003472222222222222,3.590926604693212,-0.0,-16.409073395306788,True,10,2.0
COHR/LITE,2026-07-09 22:30:00+00:00,2026-07-09 22:35:00+00:00,1,0.003472222222222222,5.4167657227561765,-0.0,-14.583234277243823,True,10,2.0
COHR/LITE,2026-07-09 22:40:00+00:00,2026-07-09 22:45:00+00:00,1,0.003472222222222222,-13.527841368511632,-0.0,-33.52784136851163,True,10,2.0
COHR/LITE,2026-07-09 22:50:00+00:00,2026-07-09 22:55:00+00:00,1,0.003472222222222222,8.933858181278676,-0.0,-11.066141818721324,True,10,2.0
COHR/LITE,2026-07-09 23:00:00+00:00,2026-07-09 23:05:00+00:00,1,0.003472222222222222,1.5504601152252278,-0.0,-18.449539884774772,True,10,2.0
COHR/LITE,2026-07-09 23:10:00+00:00,2026-07-09 23:15:00+00:00,1,0.003472222222222222,-2.9447454277294165,-0.0,-22.944745427729416,True,10,2.0
COHR/LITE,2026-07-09 23:20:00+00:00,2026-07-09 23:25:00+00:00,1,0.003472222222222222,-4.517200338176239,-0.0,-24.517200338176238,True,10,2.0
COHR/LITE,2026-07-09 23:30:00+00:00,2026-07-09 23:35:00+00:00,1,0.003472222222222222,10.9106758533249,-0.0,-9.0893241466751,True,10,2.0
COHR/LITE,2026-07-09 23:40:00+00:00,2026-07-09 23:45:00+00:00,1,0.003472222222222222,6.523412758896955,-0.0,-13.476587241103045,True,10,2.0
COHR/LITE,2026-07-09 23:50:00+00:00,2026-07-09 23:55:00+00:00,1,0.003472222222222222,-7.360201526072326,-0.0,-27.360201526072327,True,10,2.0
COHR/LITE,2026-07-10 00:00:00+00:00,2026-07-10 00:05:00+00:00,1,0.003472222222222222,-21.022331207667392,-0.0,-41.02233120766739,True,10,2.0
COHR/LITE,2026-07-10 00:10:00+00:00,2026-07-10 00:15:00+00:00,1,0.003472222222222222,-89.90000514611755,-0.0,-109.90000514611755,True,10,2.0
COHR/LITE,2026-07-10 00:20:00+00:00,2026-07-10 00:25:00+00:00,1,0.003472222222222222,15.38418993495954,-0.0,-4.61581006504046,True,10,2.0
COHR/LITE,2026-07-10 00:30:00+00:00,2026-07-10 00:35:00+00:00,1,0.003472222222222222,-9.006192662966397,-0.0,-29.0061926629664,True,10,2.0
COHR/LITE,2026-07-10 00:40:00+00:00,2026-07-10 00:45:00+00:00,1,0.003472222222222222,-39.61412641575238,-0.0,-59.61412641575238,True,10,2.0
COHR/LITE,2026-07-10 00:50:00+00:00,2026-07-10 00:55:00+00:00,1,0.003472222222222222,-18.232986055990256,-0.0,-38.23298605599025,True,10,2.0
COHR/LITE,2026-07-10 01:00:00+00:00,2026-07-10 01:05:00+00:00,1,0.003472222222222222,-12.225273214269755,-0.0,-32.225273214269755,True,10,2.0
COHR/LITE,2026-07-10 01:10:00+00:00,2026-07-10 01:15:00+00:00,1,0.003472222222222222,14.27101132698466,-0.0,-5.7289886730153405,True,10,2.0
COHR/LITE,2026-07-10 01:20:00+00:00,2026-07-10 01:25:00+00:00,1,0.003472222222222222,-3.8736728499865967,-0.0,-23.873672849986598,True,10,2.0
COHR/LITE,2026-07-10 01:30:00+00:00,2026-07-10 01:35:00+00:00,1,0.003472222222222222,7.866515752481514,-0.0,-12.133484247518485,True,10,2.0
COHR/LITE,2026-07-10 01:40:00+00:00,2026-07-10 01:45:00+00:00,1,0.003472222222222222,29.54753054617186,-0.0,9.54753054617186,True,10,2.0
COHR/LITE,2026-07-10 01:50:00+00:00,2026-07-10 01:55:00+00:00,1,0.003472222222222222,31.985855956744356,-0.0,11.985855956744356,True,10,2.0
COHR/LITE,2026-07-10 02:00:00+00:00,2026-07-10 02:05:00+00:00,1,0.003472222222222222,8.771095551508733,-0.0,-11.228904448491267,True,10,2.0
COHR/LITE,2026-07-10 02:10:00+00:00,2026-07-10 02:40:00+00:00,1,0.020833333333333332,-10.237946476475496,-0.0,-30.237946476475496,True,10,2.0
COHR/LITE,2026-07-10 02:45:00+00:00,2026-07-10 02:50:00+00:00,1,0.003472222222222222,-54.92619498472832,-0.0,-74.92619498472831,True,10,2.0
COHR/LITE,2026-07-10 02:55:00+00:00,2026-07-22 00:35:00+00:00,1,11.902777777777779,-781.4857138024745,0.8626000000000011,-800.6231138024744,False,10,2.0
COHR/LITE,2026-07-23 13:40:00+00:00,2026-07-24 01:25:00+00:00,1,0.4895833333333333,352.07796762387784,-0.0,332.07796762387784,False,10,2.0
COHR/LITE,2026-07-24 14:35:00+00:00,2026-07-27 13:55:00+00:00,1,2.9722222222222223,145.19790062932307,2.1923999999999997,127.39030062932306,False,10,2.0
COHR/LITE,2026-07-27 20:25:00+00:00,2026-07-28 03:45:00+00:00,-1,0.3055555555555556,236.1271065724687,1.7709,217.89800657246872,False,10,2.0
COHR/LITE,2026-07-30 03:30:00+00:00,2026-07-31 00:05:00+00:00,1,0.8576388888888888,203.41126186004587,4.614000000000001,188.02526186004587,False,10,2.0
COHR/LITE,2026-07-31 07:30:00+00:00,2026-07-31 13:30:00+00:00,1,0.25,240.41683566231438,-0.0,220.41683566231438,False,10,2.0
COHR/LITE,2026-08-03 13:40:00+00:00,2026-08-03 19:55:00+00:00,-1,0.2604166666666667,249.107428863959,-0.0,229.107428863959,False,10,2.0
COHR/LITE,2026-08-04 10:25:00+00:00,2026-08-04 12:35:00+00:00,-1,0.09027777777777778,187.31275768477923,-0.0,167.31275768477923,False,10,2.0
COHR/LITE,2026-08-04 13:25:00+00:00,2026-08-04 13:35:00+00:00,-1,0.006944444444444444,-383.5662116510004,-0.0,-403.5662116510004,True,10,2.0
COHR/LITE,2026-08-04 13:40:00+00:00,2026-08-04 13:55:00+00:00,-1,0.010416666666666666,-152.37247385167464,-0.0,-172.37247385167464,True,10,2.0
COHR/LITE,2026-08-04 14:00:00+00:00,2026-08-04 14:05:00+00:00,-1,0.003472222222222222,-29.951768776089274,-0.0,-49.951768776089274,True,10,2.0
COHR/LITE,2026-08-04 14:10:00+00:00,2026-08-04 14:15:00+00:00,-1,0.003472222222222222,-22.436112339418507,-0.0,-42.43611233941851,True,10,2.0
COHR/LITE,2026-08-04 14:20:00+00:00,2026-08-04 14:25:00+00:00,-1,0.003472222222222222,16.31032472786364,-0.0,-3.689675272136359,True,10,2.0
COHR/LITE,2026-08-04 14:30:00+00:00,2026-08-04 14:35:00+00:00,-1,0.003472222222222222,1.9119833783404292,-0.0,-18.08801662165957,True,10,2.0
COHR/LITE,2026-08-04 14:40:00+00:00,2026-08-04 14:50:00+00:00,-1,0.006944444444444444,-26.60293540745015,-0.0,-46.60293540745015,True,10,2.0
COHR/LITE,2026-08-04 14:55:00+00:00,2026-08-04 16:55:00+00:00,-1,0.08333333333333333,-46.116096016000505,-0.0,-66.11609601600051,True,10,2.0
COHR/LITE,2026-08-04 17:00:00+00:00,2026-08-04 17:05:00+00:00,-1,0.003472222222222222,-6.942941765231668,-0.0,-26.942941765231666,True,10,2.0
COHR/LITE,2026-08-04 17:10:00+00:00,2026-08-05 14:10:00+00:00,-1,0.875,-224.98624510657,2.3104,-242.67584510657002,True,10,2.0
COHR/LITE,2026-08-05 14:15:00+00:00,2026-08-07 16:10:00+00:00,-1,2.079861111111111,-899.4955503594523,3.8001,-915.6954503594523,True,10,2.0
COHR/LITE,2026-08-07 16:15:00+00:00,2026-08-07 16:20:00+00:00,-1,0.003472222222222222,-72.95754605146242,-0.0,-92.95754605146242,True,10,2.0
COHR/LITE,2026-08-07 16:25:00+00:00,2026-08-07 16:30:00+00:00,-1,0.003472222222222222,-26.57811618083318,-0.0,-46.57811618083318,True,10,2.0
COHR/LITE,2026-08-07 16:35:00+00:00,2026-08-07 16:40:00+00:00,-1,0.003472222222222222,25.06274124465341,-0.0,5.0627412446534095,True,10,2.0
COHR/LITE,2026-08-07 16:45:00+00:00,2026-08-07 16:50:00+00:00,-1,0.003472222222222222,9.018096391691776,-0.0,-10.981903608308224,True,10,2.0
COHR/LITE,2026-08-07 16:55:00+00:00,2026-08-07 17:10:00+00:00,-1,0.010416666666666666,-33.04156769141469,-0.0,-53.04156769141469,True,10,2.0
COHR/LITE,2026-08-07 17:15:00+00:00,2026-08-10 14:05:00+00:00,-1,2.8680555555555554,715.4117353729223,9.1303,704.5420353729223,False,10,2.0
COHR/LITE,2026-08-12 20:15:00+00:00,2026-08-13 08:10:00+00:00,1,0.4965277777777778,187.11516827080416,-0.5359,166.57926827080416,False,10,2.0
AAOI/LITE,2026-06-16 08:05:00+00:00,2026-06-17 15:05:00+00:00,-1,1.2916666666666667,610.2154300149981,-8.181,582.0344300149981,False,5,2.0
AAOI/LITE,2026-06-22 03:55:00+00:00,2026-06-22 07:10:00+00:00,1,0.13541666666666666,204.2743040639706,-0.0,184.2743040639706,False,5,2.0
AAOI/LITE,2026-06-22 13:35:00+00:00,2026-06-22 13:55:00+00:00,1,0.013888888888888888,323.9397048678193,-0.0,303.9397048678193,False,5,2.0
AAOI/LITE,2026-06-22 14:20:00+00:00,2026-06-22 18:05:00+00:00,1,0.15625,222.9611745966753,-7.6627,195.2984745966753,False,5,2.0
AAOI/LITE,2026-06-23 00:05:00+00:00,2026-06-23 12:10:00+00:00,1,0.5034722222222222,170.37866346143676,-0.0,150.37866346143676,False,5,2.0
AAOI/LITE,2026-06-23 14:00:00+00:00,2026-06-23 18:25:00+00:00,1,0.1840277777777778,-337.8837012337882,-0.0,-357.8837012337882,True,5,2.0
AAOI/LITE,2026-06-23 18:30:00+00:00,2026-06-23 18:35:00+00:00,1,0.003472222222222222,-20.90536103765875,-0.0,-40.90536103765875,True,5,2.0
AAOI/LITE,2026-06-23 18:40:00+00:00,2026-06-23 18:45:00+00:00,1,0.003472222222222222,-55.34757632818643,-0.0,-75.34757632818642,True,5,2.0
AAOI/LITE,2026-06-23 18:50:00+00:00,2026-06-23 19:00:00+00:00,1,0.006944444444444444,-11.798781507869466,-0.0,-31.798781507869464,True,5,2.0
AAOI/LITE,2026-06-23 19:05:00+00:00,2026-06-23 19:10:00+00:00,1,0.003472222222222222,-58.76850173525392,-0.0,-78.76850173525392,True,5,2.0
AAOI/LITE,2026-06-23 19:15:00+00:00,2026-06-23 19:20:00+00:00,1,0.003472222222222222,35.46591760181844,-0.0,15.46591760181844,True,5,2.0
AAOI/LITE,2026-06-23 19:25:00+00:00,2026-06-23 19:55:00+00:00,1,0.020833333333333332,-52.02132457588816,-0.0,-72.02132457588816,True,5,2.0
AAOI/LITE,2026-06-23 20:00:00+00:00,2026-06-23 20:05:00+00:00,1,0.003472222222222222,-36.78556188366015,-0.0,-56.78556188366015,True,5,2.0
AAOI/LITE,2026-06-23 20:10:00+00:00,2026-06-23 20:15:00+00:00,1,0.003472222222222222,42.02009009322199,-0.0,22.020090093221988,True,5,2.0
AAOI/LITE,2026-06-23 20:20:00+00:00,2026-06-23 20:25:00+00:00,1,0.003472222222222222,-26.332280832783287,-0.0,-46.33228083278328,True,5,2.0
AAOI/LITE,2026-06-23 20:30:00+00:00,2026-06-23 20:45:00+00:00,1,0.010416666666666666,-2.642650811063748,-0.0,-22.64265081106375,True,5,2.0
AAOI/LITE,2026-06-23 20:50:00+00:00,2026-06-23 20:55:00+00:00,1,0.003472222222222222,-2.4648904942676144,-0.0,-22.464890494267614,True,5,2.0
AAOI/LITE,2026-06-23 21:00:00+00:00,2026-06-23 21:05:00+00:00,1,0.003472222222222222,26.173339425805334,-0.0,6.1733394258053345,True,5,2.0
AAOI/LITE,2026-06-23 21:10:00+00:00,2026-06-23 21:15:00+00:00,1,0.003472222222222222,-38.25152753498256,-0.0,-58.25152753498256,True,5,2.0
AAOI/LITE,2026-06-23 21:20:00+00:00,2026-06-28 09:10:00+00:00,1,4.493055555555555,-687.0835707337841,-9.2475,-716.331070733784,False,5,2.0
AAOI/LITE,2026-06-29 20:05:00+00:00,2026-07-01 12:55:00+00:00,-1,1.7013888888888888,386.4333093833912,-3.4606999999999997,362.9726093833912,False,5,2.0
AAOI/LITE,2026-07-01 15:15:00+00:00,2026-07-02 04:25:00+00:00,-1,0.5486111111111112,366.54482933248903,3.2990999999999997,349.84392933248904,False,5,2.0
AAOI/LITE,2026-07-02 15:50:00+00:00,2026-07-02 20:10:00+00:00,1,0.18055555555555555,455.44560555174655,-0.0,435.44560555174655,False,5,2.0
AAOI/LITE,2026-07-06 12:50:00+00:00,2026-07-06 13:40:00+00:00,1,0.034722222222222224,340.27067547843006,-0.0,320.27067547843006,False,5,2.0
AAOI/LITE,2026-07-07 17:45:00+00:00,2026-07-09 12:15:00+00:00,1,1.7708333333333333,53.220334227878915,-0.8195,32.40083422787892,False,5,2.0
AAOI/LITE,2026-07-09 13:30:00+00:00,2026-07-09 14:20:00+00:00,1,0.034722222222222224,-313.5932121238087,-0.0,-333.5932121238087,True,5,2.0
AAOI/LITE,2026-07-09 14:25:00+00:00,2026-07-14 14:40:00+00:00,1,5.010416666666667,-368.3503295109699,2.2491000000000017,-386.1012295109699,False,5,2.0
AAOI/LITE,2026-07-17 01:35:00+00:00,2026-07-19 02:00:00+00:00,1,2.017361111111111,160.06651429307541,9.0932,149.1597142930754,False,5,2.0
AAOI/LITE,2026-07-20 13:50:00+00:00,2026-07-21 14:10:00+00:00,1,1.0138888888888888,245.0639019039018,-8.688,216.37590190390182,False,5,2.0
AAOI/LITE,2026-07-21 23:15:00+00:00,2026-07-22 13:35:00+00:00,-1,0.5972222222222222,365.44448371131256,-0.0,345.44448371131256,False,5,2.0
AAOI/LITE,2026-07-22 20:15:00+00:00,2026-07-23 15:55:00+00:00,1,0.8194444444444444,291.7989779003295,-0.0,271.7989779003295,False,5,2.0
AAOI/LITE,2026-07-27 16:35:00+00:00,2026-07-28 14:00:00+00:00,-1,0.8923611111111112,313.6243382177159,1.6588,295.2831382177159,False,5,2.0
AAOI/LITE,2026-07-28 15:25:00+00:00,2026-07-28 20:20:00+00:00,-1,0.2048611111111111,289.3757318326423,-0.0,269.3757318326423,False,5,2.0
AAOI/LITE,2026-07-29 19:30:00+00:00,2026-07-30 15:35:00+00:00,1,0.8368055555555556,231.09672320710678,-2.2536,208.84312320710677,False,5,2.0
AAOI/LITE,2026-08-03 13:40:00+00:00,2026-08-04 10:50:00+00:00,-1,0.8819444444444444,-1044.6603990357223,-7.3368,-1071.9971990357224,True,5,2.0
AAOI/LITE,2026-08-04 10:55:00+00:00,2026-08-04 13:35:00+00:00,-1,0.1111111111111111,-262.4090380610442,-0.0,-282.4090380610442,True,5,2.0
AAOI/LITE,2026-08-04 13:40:00+00:00,2026-08-04 13:50:00+00:00,-1,0.006944444444444444,-142.22913704856398,-0.0,-162.22913704856398,True,5,2.0
AAOI/LITE,2026-08-04 13:55:00+00:00,2026-08-04 14:00:00+00:00,-1,0.003472222222222222,-148.60052178011563,-0.0,-168.60052178011563,True,5,2.0
AAOI/LITE,2026-08-04 14:05:00+00:00,2026-08-04 14:10:00+00:00,-1,0.003472222222222222,55.45453868030181,-0.0,35.45453868030181,True,5,2.0
AAOI/LITE,2026-08-04 14:15:00+00:00,2026-08-04 14:20:00+00:00,-1,0.003472222222222222,-14.58171859699606,-0.0,-34.58171859699606,True,5,2.0
AAOI/LITE,2026-08-04 14:25:00+00:00,2026-08-04 14:30:00+00:00,-1,0.003472222222222222,-45.101154830316965,-0.0,-65.10115483031697,True,5,2.0
AAOI/LITE,2026-08-04 14:35:00+00:00,2026-08-04 14:55:00+00:00,-1,0.013888888888888888,23.94978280192332,-0.0,3.9497828019233197,True,5,2.0
AAOI/LITE,2026-08-04 15:00:00+00:00,2026-08-06 19:45:00+00:00,-1,2.1979166666666665,407.6965387892182,-3.6313999999999997,384.0651387892182,False,5,2.0
AAOI/LITE,2026-08-10 13:35:00+00:00,2026-08-10 14:15:00+00:00,-1,0.027777777777777776,-480.2514595631438,-0.0,-500.2514595631438,True,5,2.0
AAOI/LITE,2026-08-10 14:20:00+00:00,2026-08-12 04:10:00+00:00,-1,1.5763888888888888,541.7680438746944,6.670700000000001,528.4387438746944,False,5,2.0
AAOI/COHR,2026-06-18 13:55:00+00:00,2026-06-18 16:45:00+00:00,1,0.11805555555555555,-456.40305481696385,-3.9296,-480.33265481696384,True,5,2.5
AAOI/COHR,2026-06-18 16:50:00+00:00,2026-06-18 16:55:00+00:00,1,0.003472222222222222,-11.462651617728785,-0.0,-31.462651617728785,True,5,2.5
AAOI/COHR,2026-06-18 17:00:00+00:00,2026-06-28 08:45:00+00:00,1,9.65625,-1454.7640386203188,-21.9895,-1496.7535386203187,False,5,2.5
AAOI/COHR,2026-06-29 15:05:00+00:00,2026-07-01 18:50:00+00:00,-1,2.15625,414.64795062766126,5.724200000000001,400.37215062766126,False,5,2.5
AAOI/COHR,2026-07-06 13:35:00+00:00,2026-07-06 14:10:00+00:00,1,0.024305555555555556,573.3998362726384,-0.0,553.3998362726384,False,5,2.5
AAOI/COHR,2026-07-07 13:45:00+00:00,2026-07-07 14:45:00+00:00,-1,0.041666666666666664,404.12470986141716,-0.0,384.12470986141716,False,5,2.5
AAOI/COHR,2026-07-09 13:55:00+00:00,2026-07-09 14:20:00+00:00,-1,0.017361111111111112,308.0898328223206,-0.0,288.0898328223206,False,5,2.5
AAOI/COHR,2026-07-09 15:20:00+00:00,2026-07-09 16:30:00+00:00,-1,0.04861111111111111,237.91773336030707,-0.0,217.91773336030707,False,5,2.5
AAOI/COHR,2026-07-09 17:40:00+00:00,2026-07-10 13:55:00+00:00,-1,0.84375,284.936732719411,-0.0,264.936732719411,False,5,2.5
AAOI/COHR,2026-07-11 08:05:00+00:00,2026-07-12 23:05:00+00:00,-1,1.625,141.12435282689015,-6.808400000000001,114.31595282689014,False,5,2.5
AAOI/COHR,2026-07-13 13:50:00+00:00,2026-07-14 11:05:00+00:00,1,0.8854166666666666,477.2190975880225,-3.1891,454.0299975880225,False,5,2.5
AAOI/COHR,2026-07-14 15:25:00+00:00,2026-07-14 16:15:00+00:00,-1,0.034722222222222224,-418.8609443630372,2.5747999999999998,-436.28614436303724,True,5,2.5
AAOI/COHR,2026-07-14 16:20:00+00:00,2026-07-14 16:25:00+00:00,-1,0.003472222222222222,-14.72567630825159,-0.0,-34.72567630825159,True,5,2.5
AAOI/COHR,2026-07-14 16:30:00+00:00,2026-07-15 13:55:00+00:00,-1,0.8923611111111112,491.16987833422615,-0.36700000000000027,470.80287833422614,False,5,2.5
AAOI/COHR,2026-07-21 11:30:00+00:00,2026-07-21 13:55:00+00:00,1,0.10069444444444445,379.8761694671217,-0.0,359.8761694671217,False,5,2.5
AAOI/COHR,2026-07-21 21:10:00+00:00,2026-07-22 13:45:00+00:00,-1,0.6909722222222222,401.08157141522764,-0.0,381.08157141522764,False,5,2.5
AAOI/COHR,2026-07-27 14:50:00+00:00,2026-07-27 15:35:00+00:00,-1,0.03125,-104.35370012458282,-0.0,-124.35370012458282,True,5,2.5
AAOI/COHR,2026-07-27 15:40:00+00:00,2026-07-27 15:45:00+00:00,-1,0.003472222222222222,-13.698772083754843,-0.0,-33.69877208375485,True,5,2.5
AAOI/COHR,2026-07-27 15:50:00+00:00,2026-07-27 16:00:00+00:00,-1,0.006944444444444444,-27.41319072840912,-0.0,-47.41319072840912,True,5,2.5
AAOI/COHR,2026-07-27 16:05:00+00:00,2026-07-27 16:10:00+00:00,-1,0.003472222222222222,33.468491255359524,-0.0,13.468491255359524,True,5,2.5
AAOI/COHR,2026-07-27 16:15:00+00:00,2026-07-27 16:20:00+00:00,-1,0.003472222222222222,-105.46255932238041,-0.0,-125.46255932238041,True,5,2.5
AAOI/COHR,2026-07-27 16:25:00+00:00,2026-07-27 16:30:00+00:00,-1,0.003472222222222222,-33.80927691582393,-0.0,-53.80927691582393,True,5,2.5
AAOI/COHR,2026-07-27 16:35:00+00:00,2026-07-27 16:40:00+00:00,-1,0.003472222222222222,15.505308056388776,-0.0,-4.494691943611224,True,5,2.5
AAOI/COHR,2026-07-27 16:45:00+00:00,2026-07-27 16:50:00+00:00,-1,0.003472222222222222,14.830454644310807,-0.0,-5.169545355689193,True,5,2.5
AAOI/COHR,2026-07-27 16:55:00+00:00,2026-07-27 17:00:00+00:00,-1,0.003472222222222222,-14.344946283062228,-0.0,-34.34494628306223,True,5,2.5
AAOI/COHR,2026-07-27 17:05:00+00:00,2026-07-27 17:10:00+00:00,-1,0.003472222222222222,-5.195041923078676,-0.0,-25.195041923078676,True,5,2.5
AAOI/COHR,2026-07-27 17:15:00+00:00,2026-07-27 17:20:00+00:00,-1,0.003472222222222222,32.75397747946308,-0.0,12.753977479463082,True,5,2.5
AAOI/COHR,2026-07-27 17:25:00+00:00,2026-07-27 17:30:00+00:00,-1,0.003472222222222222,0.41373666659517017,-0.0,-19.58626333340483,True,5,2.5
AAOI/COHR,2026-07-27 17:35:00+00:00,2026-07-27 17:40:00+00:00,-1,0.003472222222222222,-0.27453070111787237,-0.0,-20.27453070111787,True,5,2.5
AAOI/COHR,2026-07-27 17:45:00+00:00,2026-07-27 20:25:00+00:00,-1,0.1111111111111111,324.11028231682417,-0.0,304.11028231682417,False,5,2.5
AAOI/COHR,2026-07-28 14:50:00+00:00,2026-07-28 23:00:00+00:00,-1,0.3402777777777778,211.8469077251202,-0.0,191.8469077251202,False,5,2.5
AAOI/COHR,2026-07-29 00:10:00+00:00,2026-07-29 02:55:00+00:00,-1,0.11458333333333333,198.63859947108833,-0.0,178.63859947108833,False,5,2.5
AAOI/COHR,2026-07-29 19:15:00+00:00,2026-07-29 21:05:00+00:00,1,0.0763888888888889,-216.01406168978008,-0.0,-236.01406168978008,True,5,2.5
AAOI/COHR,2026-07-29 21:10:00+00:00,2026-07-30 13:45:00+00:00,1,0.6909722222222222,411.008580522985,-2.2536,388.754980522985,False,5,2.5
AAOI/COHR,2026-07-30 21:25:00+00:00,2026-07-31 00:20:00+00:00,-1,0.12152777777777778,406.29400586338465,-3.7797,382.51430586338466,False,5,2.5
AAOI/COHR,2026-08-03 14:20:00+00:00,2026-08-06 13:30:00+00:00,-1,2.9652777777777777,-355.280515488634,-8.2679,-383.548415488634,False,5,2.5
AAOI/COHR,2026-08-10 14:05:00+00:00,2026-08-12 13:45:00+00:00,-1,1.9861111111111112,820.4523116874569,5.0874000000000015,805.5397116874569,False,5,2.5
WDC/STXX,2026-06-26 15:40:00+00:00,2026-06-28 23:40:00+00:00,1,2.3333333333333335,295.87434109895673,-1.8705999999999998,274.0037410989567,False,10,2.0
WDC/STXX,2026-07-03 08:30:00+00:00,2026-07-06 00:10:00+00:00,-1,2.6527777777777777,217.3035795050007,1.8039,199.1074795050007,False,10,2.0
WDC/STXX,2026-07-07 19:35:00+00:00,2026-07-08 13:40:00+00:00,1,0.7534722222222222,297.32072233659613,6.3574,283.6781223365961,False,10,2.0
WDC/STXX,2026-07-08 20:35:00+00:00,2026-07-09 23:05:00+00:00,1,1.1041666666666667,237.13698693111996,-11.674999999999999,205.46198693111995,False,10,2.0
WDC/STXX,2026-07-10 15:15:00+00:00,2026-07-13 19:55:00+00:00,1,3.1944444444444446,173.87979785454922,-42.457499999999996,111.42229785454924,False,10,2.0
WDC/STXX,2026-07-15 17:45:00+00:00,2026-07-20 16:35:00+00:00,1,4.951388888888889,-83.86546836343692,-41.75620000000001,-145.62166836343692,False,10,2.0
WDC/STXX,2026-07-25 22:50:00+00:00,2026-07-27 00:20:00+00:00,-1,1.0625,135.4849439691281,4.197699999999999,119.6826439691281,False,10,2.0
WDC/STXX,2026-07-27 14:00:00+00:00,2026-07-27 15:45:00+00:00,1,0.07291666666666667,119.66615241023936,-0.0,99.66615241023936,False,10,2.0
WDC/STXX,2026-07-27 22:30:00+00:00,2026-07-28 12:15:00+00:00,1,0.5729166666666666,170.26534957335713,2.6788000000000003,152.94414957335712,False,10,2.0
WDC/STXX,2026-07-28 13:35:00+00:00,2026-07-28 16:40:00+00:00,1,0.1284722222222222,212.02431332288407,1.4542,193.47851332288406,False,10,2.0
WDC/STXX,2026-07-28 21:00:00+00:00,2026-07-29 03:55:00+00:00,1,0.2881944444444444,-298.40445140895457,-10.2861,-328.69055140895455,True,10,2.0
WDC/STXX,2026-07-29 04:00:00+00:00,2026-07-29 04:10:00+00:00,1,0.006944444444444444,-66.91616490025368,-0.0,-86.91616490025368,True,10,2.0
WDC/STXX,2026-07-29 04:15:00+00:00,2026-07-29 04:20:00+00:00,1,0.003472222222222222,-8.630148495318073,-0.0,-28.630148495318075,True,10,2.0
WDC/STXX,2026-07-29 04:25:00+00:00,2026-07-29 04:30:00+00:00,1,0.003472222222222222,53.81773358686758,-0.0,33.81773358686758,True,10,2.0
WDC/STXX,2026-07-29 04:35:00+00:00,2026-07-29 09:55:00+00:00,1,0.2222222222222222,527.9389591766537,-7.6783,500.2606591766537,False,10,2.0
WDC/STXX,2026-07-29 23:25:00+00:00,2026-07-30 05:25:00+00:00,1,0.25,209.1433264594298,-19.3256,169.8177264594298,False,10,2.0
WDC/STXX,2026-07-30 13:30:00+00:00,2026-07-30 14:00:00+00:00,1,0.020833333333333332,268.2985375707602,-0.0,248.29853757076017,False,10,2.0
WDC/STXX,2026-07-30 18:15:00+00:00,2026-08-04 00:15:00+00:00,-1,4.25,-18.070398936726768,43.7658,5.695401063273231,False,10,2.0
WDC/STXX,2026-08-05 20:05:00+00:00,2026-08-13 08:35:00+00:00,1,7.520833333333333,-901.464471178659,-55.831100000000006,-977.295571178659,False,10,2.0
WDC/SNDK,2026-06-09 14:05:00+00:00,2026-06-09 19:40:00+00:00,1,0.2326388888888889,509.83340819650545,-0.0,489.83340819650545,False,10,2.5
WDC/SNDK,2026-06-10 13:45:00+00:00,2026-06-10 14:45:00+00:00,1,0.041666666666666664,-375.94722823915845,-0.0,-395.94722823915845,True,10,2.5
WDC/SNDK,2026-06-10 14:50:00+00:00,2026-06-10 14:55:00+00:00,1,0.003472222222222222,-33.42543240565354,-0.0,-53.42543240565354,True,10,2.5
WDC/SNDK,2026-06-10 15:00:00+00:00,2026-06-15 13:30:00+00:00,1,4.9375,56.22564643873979,22.3682,58.59384643873979,False,10,2.5
WDC/SNDK,2026-06-17 14:10:00+00:00,2026-06-22 13:30:00+00:00,-1,4.972222222222222,637.243012502729,-38.872,578.3710125027291,False,10,2.5
WDC/SNDK,2026-06-25 14:45:00+00:00,2026-06-29 13:45:00+00:00,1,3.9583333333333335,-114.71920864637039,-13.092600000000001,-147.8118086463704,False,10,2.5
WDC/SNDK,2026-07-17 20:00:00+00:00,2026-07-22 06:00:00+00:00,-1,4.416666666666667,295.26517599348267,-4.2463,271.01887599348265,False,10,2.5
WDC/SNDK,2026-07-27 13:45:00+00:00,2026-07-27 14:35:00+00:00,-1,0.034722222222222224,-296.18069783544934,-0.0,-316.18069783544934,True,10,2.5
WDC/SNDK,2026-07-27 14:40:00+00:00,2026-07-27 15:00:00+00:00,-1,0.013888888888888888,92.26224989404987,-0.0,72.26224989404987,True,10,2.5
WDC/SNDK,2026-07-27 15:05:00+00:00,2026-07-27 15:10:00+00:00,-1,0.003472222222222222,-30.974782210977356,-0.0,-50.97478221097735,True,10,2.5
WDC/SNDK,2026-07-27 15:15:00+00:00,2026-07-27 15:20:00+00:00,-1,0.003472222222222222,-21.364575054326707,-0.0,-41.36457505432671,True,10,2.5
WDC/SNDK,2026-07-27 15:25:00+00:00,2026-07-27 15:30:00+00:00,-1,0.003472222222222222,-9.667299243346717,-0.0,-29.66729924334672,True,10,2.5
WDC/SNDK,2026-07-27 15:35:00+00:00,2026-07-27 15:45:00+00:00,-1,0.006944444444444444,-8.630467639484403,-0.0,-28.6304676394844,True,10,2.5
WDC/SNDK,2026-07-27 15:50:00+00:00,2026-07-27 15:55:00+00:00,-1,0.003472222222222222,6.515788486023358,-0.0,-13.484211513976643,True,10,2.5
WDC/SNDK,2026-07-27 16:00:00+00:00,2026-07-27 16:05:00+00:00,-1,0.003472222222222222,28.139188143059098,-1.3076,6.831588143059097,True,10,2.5
WDC/SNDK,2026-07-27 16:10:00+00:00,2026-07-27 16:20:00+00:00,-1,0.006944444444444444,-28.86542187163517,-0.0,-48.86542187163517,True,10,2.5
WDC/SNDK,2026-07-27 16:25:00+00:00,2026-07-27 16:30:00+00:00,-1,0.003472222222222222,4.450803177949063,-0.0,-15.549196822050938,True,10,2.5
WDC/SNDK,2026-07-27 16:35:00+00:00,2026-07-27 16:40:00+00:00,-1,0.003472222222222222,3.22671193457043,-0.0,-16.77328806542957,True,10,2.5
WDC/SNDK,2026-07-27 16:45:00+00:00,2026-07-27 16:50:00+00:00,-1,0.003472222222222222,-50.24998010594785,-0.0,-70.24998010594786,True,10,2.5
WDC/SNDK,2026-07-27 16:55:00+00:00,2026-07-27 17:00:00+00:00,-1,0.003472222222222222,2.4532372194332304,-0.0,-17.54676278056677,True,10,2.5
WDC/SNDK,2026-07-27 17:05:00+00:00,2026-07-27 17:10:00+00:00,-1,0.003472222222222222,46.13826835584858,-0.0,26.13826835584858,True,10,2.5
WDC/SNDK,2026-07-27 17:15:00+00:00,2026-07-27 17:20:00+00:00,-1,0.003472222222222222,-72.15641697503091,-0.0,-92.15641697503091,True,10,2.5
WDC/SNDK,2026-07-27 17:25:00+00:00,2026-07-27 17:30:00+00:00,-1,0.003472222222222222,-6.724686896223828,-0.0,-26.72468689622383,True,10,2.5
WDC/SNDK,2026-07-27 17:35:00+00:00,2026-07-27 17:40:00+00:00,-1,0.003472222222222222,-7.9987063678614705,-0.0,-27.99870636786147,True,10,2.5
WDC/SNDK,2026-07-27 17:45:00+00:00,2026-07-27 17:50:00+00:00,-1,0.003472222222222222,-33.33281921004107,-0.0,-53.33281921004107,True,10,2.5
WDC/SNDK,2026-07-27 17:55:00+00:00,2026-07-27 18:00:00+00:00,-1,0.003472222222222222,20.68962796112152,-0.0,0.6896279611215199,True,10,2.5
WDC/SNDK,2026-07-27 18:05:00+00:00,2026-07-27 18:10:00+00:00,-1,0.003472222222222222,6.4198409317838365,-0.0,-13.580159068216163,True,10,2.5
WDC/SNDK,2026-07-27 18:15:00+00:00,2026-07-27 18:20:00+00:00,-1,0.003472222222222222,-35.17575501007488,-0.0,-55.17575501007488,True,10,2.5
WDC/SNDK,2026-07-27 18:25:00+00:00,2026-07-27 18:30:00+00:00,-1,0.003472222222222222,15.883708229489287,-0.0,-4.116291770510713,True,10,2.5
WDC/SNDK,2026-07-27 18:35:00+00:00,2026-07-27 18:40:00+00:00,-1,0.003472222222222222,-44.9356461111661,-0.0,-64.93564611116611,True,10,2.5
WDC/SNDK,2026-07-27 18:45:00+00:00,2026-07-27 18:50:00+00:00,-1,0.003472222222222222,-62.9526585216233,-0.0,-82.9526585216233,True,10,2.5
WDC/SNDK,2026-07-27 18:55:00+00:00,2026-07-27 19:00:00+00:00,-1,0.003472222222222222,70.58583492726999,-0.0,50.585834927269985,True,10,2.5
WDC/SNDK,2026-07-27 19:05:00+00:00,2026-07-27 19:10:00+00:00,-1,0.003472222222222222,68.50792073483845,-0.0,48.50792073483845,True,10,2.5
WDC/SNDK,2026-07-27 19:15:00+00:00,2026-07-27 19:20:00+00:00,-1,0.003472222222222222,-29.44190935263195,-0.0,-49.44190935263195,True,10,2.5
WDC/SNDK,2026-07-27 19:25:00+00:00,2026-07-27 19:30:00+00:00,-1,0.003472222222222222,52.86970816358907,-0.0,32.86970816358907,True,10,2.5
WDC/SNDK,2026-07-27 19:35:00+00:00,2026-07-27 19:40:00+00:00,-1,0.003472222222222222,-94.74341496803954,-0.0,-114.74341496803954,True,10,2.5
WDC/SNDK,2026-07-27 19:45:00+00:00,2026-07-27 19:50:00+00:00,-1,0.003472222222222222,-2.561051297567533,-0.0,-22.561051297567534,True,10,2.5
WDC/SNDK,2026-07-27 19:55:00+00:00,2026-07-27 20:00:00+00:00,-1,0.003472222222222222,68.193341057609,-0.0,48.193341057609004,True,10,2.5
WDC/SNDK,2026-07-27 20:05:00+00:00,2026-07-27 20:10:00+00:00,-1,0.003472222222222222,44.79426822599652,-0.0,24.794268225996518,True,10,2.5
WDC/SNDK,2026-07-27 20:15:00+00:00,2026-07-27 20:20:00+00:00,-1,0.003472222222222222,11.48700741818011,-0.0,-8.51299258181989,True,10,2.5
WDC/SNDK,2026-07-27 20:25:00+00:00,2026-07-27 20:30:00+00:00,-1,0.003472222222222222,16.115252588953588,-0.0,-3.884747411046412,True,10,2.5
WDC/SNDK,2026-07-27 20:35:00+00:00,2026-07-27 20:40:00+00:00,-1,0.003472222222222222,-2.9534414467265218,-0.0,-22.953441446726522,True,10,2.5
WDC/SNDK,2026-07-27 20:45:00+00:00,2026-07-27 20:50:00+00:00,-1,0.003472222222222222,-17.736213008160725,-0.0,-37.736213008160725,True,10,2.5
WDC/SNDK,2026-07-27 20:55:00+00:00,2026-07-27 21:00:00+00:00,-1,0.003472222222222222,-25.266863949547396,-0.0,-45.2668639495474,True,10,2.5
WDC/SNDK,2026-07-27 21:05:00+00:00,2026-07-27 21:10:00+00:00,-1,0.003472222222222222,23.37079731960035,-0.0,3.3707973196003493,True,10,2.5
WDC/SNDK,2026-07-27 21:15:00+00:00,2026-07-27 21:20:00+00:00,-1,0.003472222222222222,20.601338714917073,-0.0,0.6013387149170732,True,10,2.5
WDC/SNDK,2026-07-27 21:25:00+00:00,2026-07-27 21:30:00+00:00,-1,0.003472222222222222,-23.29305500281368,-0.0,-43.29305500281368,True,10,2.5
WDC/SNDK,2026-07-27 21:35:00+00:00,2026-07-27 21:40:00+00:00,-1,0.003472222222222222,-5.110029127325207,-0.0,-25.110029127325205,True,10,2.5
WDC/SNDK,2026-07-27 21:45:00+00:00,2026-07-27 21:50:00+00:00,-1,0.003472222222222222,-51.436175103083634,-0.0,-71.43617510308363,True,10,2.5
WDC/SNDK,2026-07-27 21:55:00+00:00,2026-07-27 22:00:00+00:00,-1,0.003472222222222222,11.464054892384565,-0.0,-8.535945107615435,True,10,2.5
WDC/SNDK,2026-07-27 22:05:00+00:00,2026-07-27 22:10:00+00:00,-1,0.003472222222222222,4.809172724080529,-0.0,-15.190827275919471,True,10,2.5
WDC/SNDK,2026-07-27 22:15:00+00:00,2026-07-27 22:20:00+00:00,-1,0.003472222222222222,18.355544428390466,-0.0,-1.6444555716095337,True,10,2.5
WDC/SNDK,2026-07-27 22:25:00+00:00,2026-07-27 22:30:00+00:00,-1,0.003472222222222222,-8.737928838792984,-0.0,-28.737928838792982,True,10,2.5
WDC/SNDK,2026-07-27 22:35:00+00:00,2026-07-27 22:40:00+00:00,-1,0.003472222222222222,-6.605800708045831,-0.0,-26.60580070804583,True,10,2.5
WDC/SNDK,2026-07-27 22:45:00+00:00,2026-07-27 22:50:00+00:00,-1,0.003472222222222222,21.63935997956265,-0.0,1.6393599795626486,True,10,2.5
WDC/SNDK,2026-07-27 22:55:00+00:00,2026-07-27 23:00:00+00:00,-1,0.003472222222222222,10.720591425811998,-0.0,-9.279408574188002,True,10,2.5
WDC/SNDK,2026-07-27 23:05:00+00:00,2026-07-27 23:10:00+00:00,-1,0.003472222222222222,-24.583357031408543,-0.0,-44.58335703140854,True,10,2.5
WDC/SNDK,2026-07-27 23:15:00+00:00,2026-07-27 23:20:00+00:00,-1,0.003472222222222222,12.670459975915403,-0.0,-7.329540024084597,True,10,2.5
WDC/SNDK,2026-07-27 23:25:00+00:00,2026-07-27 23:30:00+00:00,-1,0.003472222222222222,25.511533007899022,-0.0,5.511533007899022,True,10,2.5
WDC/SNDK,2026-07-27 23:35:00+00:00,2026-07-27 23:40:00+00:00,-1,0.003472222222222222,4.960232423529453,-0.0,-15.039767576470547,True,10,2.5
WDC/SNDK,2026-07-27 23:45:00+00:00,2026-07-27 23:50:00+00:00,-1,0.003472222222222222,8.470043989763145,-0.0,-11.529956010236855,True,10,2.5
WDC/SNDK,2026-07-27 23:55:00+00:00,2026-07-28 00:00:00+00:00,-1,0.003472222222222222,-26.74726266712393,-0.0,-46.747262667123934,True,10,2.5
WDC/SNDK,2026-07-28 00:05:00+00:00,2026-07-28 00:10:00+00:00,-1,0.003472222222222222,-59.17243957985632,-0.0,-79.17243957985632,True,10,2.5
WDC/SNDK,2026-07-28 00:15:00+00:00,2026-07-28 00:20:00+00:00,-1,0.003472222222222222,-15.949376712452128,-0.0,-35.94937671245213,True,10,2.5
WDC/SNDK,2026-07-28 00:25:00+00:00,2026-07-28 00:30:00+00:00,-1,0.003472222222222222,20.94867469355656,-0.0,0.9486746935565584,True,10,2.5
WDC/SNDK,2026-07-28 00:35:00+00:00,2026-07-28 00:40:00+00:00,-1,0.003472222222222222,33.30019967042451,-0.0,13.300199670424512,True,10,2.5
WDC/SNDK,2026-07-28 00:45:00+00:00,2026-07-28 00:50:00+00:00,-1,0.003472222222222222,-16.62893855443358,-0.0,-36.62893855443358,True,10,2.5
WDC/SNDK,2026-07-28 00:55:00+00:00,2026-07-28 01:00:00+00:00,-1,0.003472222222222222,-9.000435925429302,-0.0,-29.0004359254293,True,10,2.5
WDC/SNDK,2026-07-28 01:05:00+00:00,2026-07-28 01:10:00+00:00,-1,0.003472222222222222,-70.34748251998717,-0.0,-90.34748251998717,True,10,2.5
WDC/SNDK,2026-07-28 01:15:00+00:00,2026-07-28 01:20:00+00:00,-1,0.003472222222222222,-29.334907186671053,-0.0,-49.33490718667105,True,10,2.5
WDC/SNDK,2026-07-28 01:25:00+00:00,2026-07-28 01:30:00+00:00,-1,0.003472222222222222,20.430024345670365,-0.0,0.43002434567036474,True,10,2.5
WDC/SNDK,2026-07-28 01:35:00+00:00,2026-07-28 01:40:00+00:00,-1,0.003472222222222222,11.017372420566055,-0.0,-8.982627579433945,True,10,2.5
WDC/SNDK,2026-07-28 01:45:00+00:00,2026-07-28 16:25:00+00:00,-1,0.6111111111111112,-458.56156312366323,-12.717600000000001,-491.27916312366324,True,10,2.5
WDC/SNDK,2026-07-28 16:30:00+00:00,2026-07-28 16:35:00+00:00,-1,0.003472222222222222,-33.569346456693765,-0.0,-53.569346456693765,True,10,2.5
WDC/SNDK,2026-07-28 16:40:00+00:00,2026-07-28 16:45:00+00:00,-1,0.003472222222222222,-5.920070328770254,-0.0,-25.920070328770255,True,10,2.5
WDC/SNDK,2026-07-28 16:50:00+00:00,2026-07-28 16:55:00+00:00,-1,0.003472222222222222,26.99289853295677,-0.0,6.992898532956769,True,10,2.5
WDC/SNDK,2026-07-28 17:00:00+00:00,2026-07-28 17:05:00+00:00,-1,0.003472222222222222,16.589603722151292,-0.0,-3.410396277848708,True,10,2.5
WDC/SNDK,2026-07-28 17:10:00+00:00,2026-07-28 17:15:00+00:00,-1,0.003472222222222222,1.322126408726925,-0.0,-18.677873591273077,True,10,2.5
WDC/SNDK,2026-07-28 17:20:00+00:00,2026-07-28 17:25:00+00:00,-1,0.003472222222222222,-55.297376635907014,-0.0,-75.29737663590701,True,10,2.5
WDC/SNDK,2026-07-28 17:30:00+00:00,2026-07-28 17:35:00+00:00,-1,0.003472222222222222,10.609673231179707,-0.0,-9.390326768820293,True,10,2.5
WDC/SNDK,2026-07-28 17:40:00+00:00,2026-07-28 17:45:00+00:00,-1,0.003472222222222222,-73.7003384477893,-0.0,-93.7003384477893,True,10,2.5
WDC/SNDK,2026-07-28 17:50:00+00:00,2026-07-28 17:55:00+00:00,-1,0.003472222222222222,-15.318356699260812,-0.0,-35.31835669926081,True,10,2.5
WDC/SNDK,2026-07-28 18:00:00+00:00,2026-07-28 18:05:00+00:00,-1,0.003472222222222222,-55.74968714973205,-0.0,-75.74968714973204,True,10,2.5
WDC/SNDK,2026-07-28 18:10:00+00:00,2026-07-28 18:15:00+00:00,-1,0.003472222222222222,-36.115943310870094,-0.0,-56.115943310870094,True,10,2.5
WDC/SNDK,2026-07-28 18:20:00+00:00,2026-07-28 18:25:00+00:00,-1,0.003472222222222222,-26.32093677511435,-0.0,-46.32093677511435,True,10,2.5
WDC/SNDK,2026-07-28 18:30:00+00:00,2026-07-28 18:35:00+00:00,-1,0.003472222222222222,-18.305923044458694,-0.0,-38.305923044458694,True,10,2.5
WDC/SNDK,2026-07-28 18:40:00+00:00,2026-07-28 18:45:00+00:00,-1,0.003472222222222222,43.70360949689826,-0.0,23.70360949689826,True,10,2.5
WDC/SNDK,2026-07-28 18:50:00+00:00,2026-07-28 18:55:00+00:00,-1,0.003472222222222222,46.469504358872086,-0.0,26.469504358872086,True,10,2.5
WDC/SNDK,2026-07-28 19:00:00+00:00,2026-07-28 20:00:00+00:00,-1,0.041666666666666664,-96.84260857187503,-0.0,-116.84260857187503,True,10,2.5
WDC/SNDK,2026-07-28 20:05:00+00:00,2026-07-28 20:10:00+00:00,-1,0.003472222222222222,-106.5495296508018,-0.0,-126.5495296508018,True,10,2.5
WDC/SNDK,2026-07-28 20:15:00+00:00,2026-07-28 20:20:00+00:00,-1,0.003472222222222222,26.773338176618015,-0.0,6.773338176618015,True,10,2.5
WDC/SNDK,2026-07-28 20:25:00+00:00,2026-07-28 20:30:00+00:00,-1,0.003472222222222222,58.14741749874695,-0.0,38.14741749874695,True,10,2.5
WDC/SNDK,2026-07-28 20:35:00+00:00,2026-07-28 20:40:00+00:00,-1,0.003472222222222222,3.4934085191983684,-0.0,-16.50659148080163,True,10,2.5
WDC/SNDK,2026-07-28 20:45:00+00:00,2026-07-28 20:50:00+00:00,-1,0.003472222222222222,34.25611999471403,-0.0,14.256119994714027,True,10,2.5
WDC/SNDK,2026-07-28 20:55:00+00:00,2026-07-28 21:00:00+00:00,-1,0.003472222222222222,4.085671445847696,-0.0,-15.914328554152304,True,10,2.5
WDC/SNDK,2026-07-28 21:05:00+00:00,2026-07-28 21:10:00+00:00,-1,0.003472222222222222,0.4228704566321996,-0.0,-19.5771295433678,True,10,2.5
WDC/SNDK,2026-07-28 21:15:00+00:00,2026-07-28 21:20:00+00:00,-1,0.003472222222222222,11.584113507113283,-0.0,-8.415886492886717,True,10,2.5
WDC/SNDK,2026-07-28 21:25:00+00:00,2026-07-28 22:50:00+00:00,-1,0.059027777777777776,-96.72319144682446,-0.0,-116.72319144682446,True,10,2.5
WDC/SNDK,2026-07-28 22:55:00+00:00,2026-07-28 23:00:00+00:00,-1,0.003472222222222222,106.11113958130792,-0.0,86.11113958130792,True,10,2.5
WDC/SNDK,2026-07-28 23:05:00+00:00,2026-07-28 23:10:00+00:00,-1,0.003472222222222222,-163.32092743394557,-0.0,-183.32092743394557,True,10,2.5
WDC/SNDK,2026-07-28 23:15:00+00:00,2026-07-28 23:25:00+00:00,-1,0.006944444444444444,-44.62493803175693,-0.0,-64.62493803175693,True,10,2.5
WDC/SNDK,2026-07-28 23:30:00+00:00,2026-08-03 13:50:00+00:00,-1,5.597222222222222,8.191505044376212,-21.9602,-33.768694955623786,False,10,2.5
WDC/SNDK,2026-08-05 20:05:00+00:00,2026-08-13 08:35:00+00:00,1,7.520833333333333,-253.37506206005884,10.807799999999999,-262.56726206005885,False,10,2.5
MU/SNDK,2026-04-24 10:30:00+00:00,2026-04-24 17:50:00+00:00,-1,0.3055555555555556,287.87570747542554,2.7943,270.67000747542556,False,10,2.0
MU/SNDK,2026-04-27 20:40:00+00:00,2026-04-28 14:15:00+00:00,1,0.7326388888888888,225.44463733715693,-4.035,201.40963733715694,False,10,2.0
MU/SNDK,2026-04-29 13:40:00+00:00,2026-04-30 20:10:00+00:00,1,1.2708333333333333,305.3850852700498,-12.738099999999998,272.6469852700498,False,10,2.0
MU/SNDK,2026-05-01 14:05:00+00:00,2026-05-05 08:15:00+00:00,1,3.7569444444444446,-96.56390370512676,-45.481299999999976,-162.04520370512674,False,10,2.0
MU/SNDK,2026-05-11 12:20:00+00:00,2026-05-15 19:35:00+00:00,-1,4.302083333333333,-379.5174439727674,-20.852299999999996,-420.3697439727674,False,10,2.0
MU/SNDK,2026-05-21 18:35:00+00:00,2026-05-24 00:30:00+00:00,1,2.2465277777777777,380.0823924770604,-11.322500000000002,348.7598924770604,False,10,2.0
MU/SNDK,2026-05-26 13:30:00+00:00,2026-05-26 14:35:00+00:00,-1,0.04513888888888889,-337.5462737365035,-0.0,-357.5462737365035,True,10,2.0
MU/SNDK,2026-05-26 14:40:00+00:00,2026-05-26 15:00:00+00:00,-1,0.013888888888888888,-137.30147752505513,-0.0,-157.30147752505513,True,10,2.0
MU/SNDK,2026-05-26 15:05:00+00:00,2026-05-26 15:10:00+00:00,-1,0.003472222222222222,-10.142566103965184,-0.0,-30.142566103965184,True,10,2.0
MU/SNDK,2026-05-26 15:15:00+00:00,2026-05-26 15:55:00+00:00,-1,0.027777777777777776,-22.63259893985776,-0.0,-42.63259893985776,True,10,2.0
MU/SNDK,2026-05-26 16:00:00+00:00,2026-05-26 16:05:00+00:00,-1,0.003472222222222222,-14.111235638916853,1.0268,-33.08443563891685,True,10,2.0
MU/SNDK,2026-05-26 16:10:00+00:00,2026-05-26 16:20:00+00:00,-1,0.006944444444444444,-26.836175665810348,-0.0,-46.836175665810345,True,10,2.0
MU/SNDK,2026-05-26 16:25:00+00:00,2026-05-26 16:30:00+00:00,-1,0.003472222222222222,-5.57557075977332,-0.0,-25.57557075977332,True,10,2.0
MU/SNDK,2026-05-26 16:35:00+00:00,2026-05-26 16:40:00+00:00,-1,0.003472222222222222,-17.35367252734563,-0.0,-37.35367252734563,True,10,2.0
MU/SNDK,2026-05-26 16:45:00+00:00,2026-05-26 17:00:00+00:00,-1,0.010416666666666666,-3.86985470764903,-0.0,-23.86985470764903,True,10,2.0
MU/SNDK,2026-05-26 17:05:00+00:00,2026-05-26 17:10:00+00:00,-1,0.003472222222222222,-0.882683168144621,-0.0,-20.88268316814462,True,10,2.0
MU/SNDK,2026-05-26 17:15:00+00:00,2026-05-26 17:20:00+00:00,-1,0.003472222222222222,-31.285222917778665,-0.0,-51.28522291777867,True,10,2.0
MU/SNDK,2026-05-26 17:25:00+00:00,2026-05-26 17:30:00+00:00,-1,0.003472222222222222,13.606260654944128,-0.0,-6.393739345055872,True,10,2.0
MU/SNDK,2026-05-26 17:35:00+00:00,2026-05-26 17:40:00+00:00,-1,0.003472222222222222,9.6766257598813,-0.0,-10.3233742401187,True,10,2.0
MU/SNDK,2026-05-26 17:45:00+00:00,2026-05-26 17:50:00+00:00,-1,0.003472222222222222,-2.806354742892012,-0.0,-22.80635474289201,True,10,2.0
MU/SNDK,2026-05-26 17:55:00+00:00,2026-05-26 18:00:00+00:00,-1,0.003472222222222222,-26.48068223822863,-0.0,-46.48068223822863,True,10,2.0
MU/SNDK,2026-05-26 18:05:00+00:00,2026-05-26 18:15:00+00:00,-1,0.006944444444444444,8.675374475500831,-0.0,-11.324625524499169,True,10,2.0
MU/SNDK,2026-05-26 18:20:00+00:00,2026-05-26 18:25:00+00:00,-1,0.003472222222222222,-9.567838033236152,-0.0,-29.56783803323615,True,10,2.0
MU/SNDK,2026-05-26 18:30:00+00:00,2026-05-26 18:35:00+00:00,-1,0.003472222222222222,59.59162106323978,-0.0,39.59162106323978,True,10,2.0
MU/SNDK,2026-05-26 18:40:00+00:00,2026-05-26 19:10:00+00:00,-1,0.020833333333333332,-47.74413521423966,-0.0,-67.74413521423966,True,10,2.0
MU/SNDK,2026-05-26 19:15:00+00:00,2026-05-26 19:20:00+00:00,-1,0.003472222222222222,-19.917747759834995,-0.0,-39.917747759834995,True,10,2.0
MU/SNDK,2026-05-26 19:25:00+00:00,2026-05-26 19:30:00+00:00,-1,0.003472222222222222,-39.957709730619655,-0.0,-59.957709730619655,True,10,2.0
MU/SNDK,2026-05-26 19:35:00+00:00,2026-05-26 19:40:00+00:00,-1,0.003472222222222222,-25.682512222449642,-0.0,-45.682512222449645,True,10,2.0
MU/SNDK,2026-05-26 19:45:00+00:00,2026-05-26 19:50:00+00:00,-1,0.003472222222222222,-18.980239007453093,-0.0,-38.98023900745309,True,10,2.0
MU/SNDK,2026-05-26 19:55:00+00:00,2026-05-26 20:00:00+00:00,-1,0.003472222222222222,10.65188726742096,-0.0,-9.34811273257904,True,10,2.0
MU/SNDK,2026-05-26 20:05:00+00:00,2026-05-26 20:10:00+00:00,-1,0.003472222222222222,-27.352082138115268,-0.0,-47.352082138115264,True,10,2.0
MU/SNDK,2026-05-26 20:15:00+00:00,2026-05-26 20:20:00+00:00,-1,0.003472222222222222,-37.181145567912395,-0.0,-57.181145567912395,True,10,2.0
MU/SNDK,2026-05-26 20:25:00+00:00,2026-05-26 20:30:00+00:00,-1,0.003472222222222222,3.98414458448598,-0.0,-16.015855415514018,True,10,2.0
MU/SNDK,2026-05-26 20:35:00+00:00,2026-05-26 20:40:00+00:00,-1,0.003472222222222222,12.499937957142688,-0.0,-7.500062042857312,True,10,2.0
MU/SNDK,2026-05-26 20:45:00+00:00,2026-05-26 20:50:00+00:00,-1,0.003472222222222222,5.542365114621995,-0.0,-14.457634885378006,True,10,2.0
MU/SNDK,2026-05-26 20:55:00+00:00,2026-05-26 21:00:00+00:00,-1,0.003472222222222222,-11.58002747609831,-0.0,-31.58002747609831,True,10,2.0
MU/SNDK,2026-05-26 21:05:00+00:00,2026-05-26 21:10:00+00:00,-1,0.003472222222222222,13.682129870442838,-0.0,-6.317870129557162,True,10,2.0
MU/SNDK,2026-05-26 21:15:00+00:00,2026-05-26 21:20:00+00:00,-1,0.003472222222222222,59.22151936501038,-0.0,39.22151936501038,True,10,2.0
MU/SNDK,2026-05-26 21:25:00+00:00,2026-05-26 22:30:00+00:00,-1,0.04513888888888889,-57.190330504779695,-0.0,-77.1903305047797,True,10,2.0
MU/SNDK,2026-05-26 22:35:00+00:00,2026-05-27 00:05:00+00:00,-1,0.0625,-82.64002236161255,2.8447999999999998,-99.79522236161255,True,10,2.0
MU/SNDK,2026-05-27 00:10:00+00:00,2026-05-27 00:15:00+00:00,-1,0.003472222222222222,44.91550686895541,-0.0,24.91550686895541,True,10,2.0
MU/SNDK,2026-05-27 00:20:00+00:00,2026-05-27 00:25:00+00:00,-1,0.003472222222222222,43.7160529075089,-0.0,23.716052907508903,True,10,2.0
MU/SNDK,2026-05-27 00:30:00+00:00,2026-05-27 00:35:00+00:00,-1,0.003472222222222222,-14.8112966478939,-0.0,-34.8112966478939,True,10,2.0
MU/SNDK,2026-05-27 00:40:00+00:00,2026-05-27 00:45:00+00:00,-1,0.003472222222222222,-9.678448096817476,-0.0,-29.678448096817476,True,10,2.0
MU/SNDK,2026-05-27 00:50:00+00:00,2026-05-27 00:55:00+00:00,-1,0.003472222222222222,83.45885973349148,-0.0,63.45885973349148,True,10,2.0
MU/SNDK,2026-05-27 01:00:00+00:00,2026-05-27 01:05:00+00:00,-1,0.003472222222222222,60.19525655743046,-0.0,40.19525655743046,True,10,2.0
MU/SNDK,2026-05-27 01:10:00+00:00,2026-05-27 01:15:00+00:00,-1,0.003472222222222222,13.41936516940541,-0.0,-6.58063483059459,True,10,2.0
MU/SNDK,2026-05-27 01:20:00+00:00,2026-05-27 01:25:00+00:00,-1,0.003472222222222222,30.896277687947293,-0.0,10.896277687947293,True,10,2.0
MU/SNDK,2026-05-27 01:30:00+00:00,2026-05-27 01:35:00+00:00,-1,0.003472222222222222,13.71880934943304,-0.0,-6.281190650566961,True,10,2.0
MU/SNDK,2026-05-27 01:40:00+00:00,2026-05-27 01:45:00+00:00,-1,0.003472222222222222,-23.84283708560209,-0.0,-43.842837085602085,True,10,2.0
MU/SNDK,2026-05-27 01:50:00+00:00,2026-05-27 01:55:00+00:00,-1,0.003472222222222222,-13.167253551427075,-0.0,-33.16725355142707,True,10,2.0
MU/SNDK,2026-05-27 02:00:00+00:00,2026-05-27 02:05:00+00:00,-1,0.003472222222222222,-25.07407651721661,-0.0,-45.07407651721661,True,10,2.0
MU/SNDK,2026-05-27 02:10:00+00:00,2026-05-27 02:15:00+00:00,-1,0.003472222222222222,-2.779572837119141,-0.0,-22.77957283711914,True,10,2.0
MU/SNDK,2026-05-27 02:20:00+00:00,2026-05-27 02:25:00+00:00,-1,0.003472222222222222,2.8375239472624436,-0.0,-17.162476052737556,True,10,2.0
MU/SNDK,2026-05-27 02:30:00+00:00,2026-05-27 02:35:00+00:00,-1,0.003472222222222222,1.0880392427546886,-0.0,-18.91196075724531,True,10,2.0
MU/SNDK,2026-05-27 02:40:00+00:00,2026-05-27 02:45:00+00:00,-1,0.003472222222222222,-21.458255308950218,-0.0,-41.458255308950214,True,10,2.0
MU/SNDK,2026-05-27 02:50:00+00:00,2026-05-27 02:55:00+00:00,-1,0.003472222222222222,21.8272817199625,-0.0,1.8272817199624996,True,10,2.0
MU/SNDK,2026-05-27 03:00:00+00:00,2026-05-27 03:05:00+00:00,-1,0.003472222222222222,3.0389391968097588,-0.0,-16.961060803190243,True,10,2.0
MU/SNDK,2026-05-27 03:10:00+00:00,2026-05-27 03:15:00+00:00,-1,0.003472222222222222,21.459139923809715,-0.0,1.4591399238097154,True,10,2.0
MU/SNDK,2026-05-27 03:20:00+00:00,2026-05-27 03:25:00+00:00,-1,0.003472222222222222,-2.705153852510518,-0.0,-22.705153852510517,True,10,2.0
MU/SNDK,2026-05-27 03:30:00+00:00,2026-05-27 03:35:00+00:00,-1,0.003472222222222222,-29.631063258887934,-0.0,-49.631063258887934,True,10,2.0
MU/SNDK,2026-05-27 03:40:00+00:00,2026-05-27 03:45:00+00:00,-1,0.003472222222222222,0.8545328225374798,-0.0,-19.14546717746252,True,10,2.0
MU/SNDK,2026-05-27 03:50:00+00:00,2026-05-27 03:55:00+00:00,-1,0.003472222222222222,6.633913416177761,-0.0,-13.366086583822238,True,10,2.0
MU/SNDK,2026-05-27 04:00:00+00:00,2026-05-27 04:10:00+00:00,-1,0.006944444444444444,-49.970149461767875,-0.0,-69.97014946176787,True,10,2.0
MU/SNDK,2026-05-27 04:15:00+00:00,2026-06-03 17:45:00+00:00,-1,7.5625,-105.2730539259647,-8.559599999999998,-133.8326539259647,False,10,2.0
MU/SNDK,2026-06-06 01:50:00+00:00,2026-06-07 05:55:00+00:00,1,1.1701388888888888,348.2819559505037,2.2782,330.5601559505037,False,10,2.0
MU/SNDK,2026-06-09 14:05:00+00:00,2026-06-09 23:15:00+00:00,1,0.3819444444444444,413.7291669210164,-4.976400000000001,388.75276692101636,False,10,2.0
MU/SNDK,2026-06-10 14:10:00+00:00,2026-06-15 19:10:00+00:00,1,5.208333333333333,-371.4059378668255,-21.299099999999996,-412.70503786682553,False,10,2.0
MU/SNDK,2026-06-22 20:05:00+00:00,2026-06-25 14:55:00+00:00,-1,2.7847222222222223,65.41956977404274,-14.869399999999999,30.550169774042743,False,10,2.0
MU/SNDK,2026-07-01 20:30:00+00:00,2026-07-02 13:55:00+00:00,1,0.7256944444444444,419.08830315717864,2.6479,401.73620315717864,False,10,2.0
MU/SNDK,2026-07-07 14:15:00+00:00,2026-07-08 14:35:00+00:00,-1,1.0138888888888888,471.06274296458076,-2.884700000000001,448.17804296458075,False,10,2.0
MU/SNDK,2026-07-11 09:25:00+00:00,2026-07-13 13:45:00+00:00,1,2.1805555555555554,603.0468412284764,2.5741999999999994,585.6210412284764,False,10,2.0
MU/SNDK,2026-07-15 14:40:00+00:00,2026-07-15 18:30:00+00:00,-1,0.1597222222222222,721.8468479675554,-0.6154000000000001,701.2314479675554,False,10,2.0
MU/SNDK,2026-07-16 19:10:00+00:00,2026-07-21 21:00:00+00:00,-1,5.076388888888889,-0.23525857076073242,-14.488999999999999,-34.72425857076073,False,10,2.0
MU/SNDK,2026-07-27 13:40:00+00:00,2026-07-27 14:35:00+00:00,-1,0.03819444444444445,-542.8875365322635,-0.0,-562.8875365322635,True,10,2.0
MU/SNDK,2026-07-27 14:40:00+00:00,2026-07-27 15:00:00+00:00,-1,0.013888888888888888,134.9381836810424,-0.0,114.9381836810424,True,10,2.0
MU/SNDK,2026-07-27 15:05:00+00:00,2026-07-27 15:10:00+00:00,-1,0.003472222222222222,4.130855122825078,-0.0,-15.869144877174922,True,10,2.0
MU/SNDK,2026-07-27 15:15:00+00:00,2026-07-27 15:20:00+00:00,-1,0.003472222222222222,-12.100002828243639,-0.0,-32.10000282824364,True,10,2.0
MU/SNDK,2026-07-27 15:25:00+00:00,2026-07-27 15:30:00+00:00,-1,0.003472222222222222,28.20158843019814,-0.0,8.20158843019814,True,10,2.0
MU/SNDK,2026-07-27 15:35:00+00:00,2026-07-27 15:50:00+00:00,-1,0.010416666666666666,1.9287932937819352,-0.0,-18.071206706218064,True,10,2.0
MU/SNDK,2026-07-27 15:55:00+00:00,2026-07-27 17:20:00+00:00,-1,0.059027777777777776,-56.60897313022628,-1.3076,-77.91657313022628,True,10,2.0
MU/SNDK,2026-07-27 17:25:00+00:00,2026-07-27 17:30:00+00:00,-1,0.003472222222222222,-18.211508205644467,-0.0,-38.21150820564446,True,10,2.0
MU/SNDK,2026-07-27 17:35:00+00:00,2026-07-27 17:40:00+00:00,-1,0.003472222222222222,-14.189190523076975,-0.0,-34.189190523076974,True,10,2.0
MU/SNDK,2026-07-27 17:45:00+00:00,2026-07-27 17:50:00+00:00,-1,0.003472222222222222,-31.64813306648425,-0.0,-51.64813306648425,True,10,2.0
MU/SNDK,2026-07-27 17:55:00+00:00,2026-07-27 18:00:00+00:00,-1,0.003472222222222222,0.23100697759714447,-0.0,-19.768993022402856,True,10,2.0
MU/SNDK,2026-07-27 18:05:00+00:00,2026-07-27 18:10:00+00:00,-1,0.003472222222222222,-16.138101048872347,-0.0,-36.13810104887234,True,10,2.0
MU/SNDK,2026-07-27 18:15:00+00:00,2026-07-27 18:20:00+00:00,-1,0.003472222222222222,-36.62861385051061,-0.0,-56.62861385051061,True,10,2.0
MU/SNDK,2026-07-27 18:25:00+00:00,2026-07-27 18:30:00+00:00,-1,0.003472222222222222,-0.800450073279296,-0.0,-20.800450073279297,True,10,2.0
MU/SNDK,2026-07-27 18:35:00+00:00,2026-07-27 18:40:00+00:00,-1,0.003472222222222222,-74.01392654277504,-0.0,-94.01392654277504,True,10,2.0
MU/SNDK,2026-07-27 18:45:00+00:00,2026-07-27 18:50:00+00:00,-1,0.003472222222222222,-46.515257517954666,-0.0,-66.51525751795467,True,10,2.0
MU/SNDK,2026-07-27 18:55:00+00:00,2026-07-27 19:00:00+00:00,-1,0.003472222222222222,54.23340045653003,-0.0,34.23340045653003,True,10,2.0
MU/SNDK,2026-07-27 19:05:00+00:00,2026-07-27 19:10:00+00:00,-1,0.003472222222222222,53.87897593111867,-0.0,33.87897593111867,True,10,2.0
MU/SNDK,2026-07-27 19:15:00+00:00,2026-07-27 19:20:00+00:00,-1,0.003472222222222222,-14.690172817128163,-0.0,-34.690172817128165,True,10,2.0
MU/SNDK,2026-07-27 19:25:00+00:00,2026-07-27 19:40:00+00:00,-1,0.010416666666666666,-64.72000122747782,-0.0,-84.72000122747782,True,10,2.0
MU/SNDK,2026-07-27 19:45:00+00:00,2026-07-27 19:50:00+00:00,-1,0.003472222222222222,4.418866897571221,-0.0,-15.58113310242878,True,10,2.0
MU/SNDK,2026-07-27 19:55:00+00:00,2026-07-27 20:00:00+00:00,-1,0.003472222222222222,-48.35485937725202,-0.0,-68.35485937725201,True,10,2.0
MU/SNDK,2026-07-27 20:05:00+00:00,2026-07-27 20:10:00+00:00,-1,0.003472222222222222,58.18775603647835,-0.0,38.18775603647835,True,10,2.0
MU/SNDK,2026-07-27 20:15:00+00:00,2026-07-27 20:20:00+00:00,-1,0.003472222222222222,-0.054059372911051895,-0.0,-20.054059372911052,True,10,2.0
MU/SNDK,2026-07-27 20:25:00+00:00,2026-07-27 20:30:00+00:00,-1,0.003472222222222222,4.355225966572555,-0.0,-15.644774033427446,True,10,2.0
MU/SNDK,2026-07-27 20:35:00+00:00,2026-07-27 20:40:00+00:00,-1,0.003472222222222222,11.614203919899392,-0.0,-8.385796080100608,True,10,2.0
MU/SNDK,2026-07-27 20:45:00+00:00,2026-07-27 20:50:00+00:00,-1,0.003472222222222222,-11.703118013342284,-0.0,-31.703118013342284,True,10,2.0
MU/SNDK,2026-07-27 20:55:00+00:00,2026-07-27 21:00:00+00:00,-1,0.003472222222222222,-8.115924923425256,-0.0,-28.115924923425254,True,10,2.0
MU/SNDK,2026-07-27 21:05:00+00:00,2026-07-27 21:10:00+00:00,-1,0.003472222222222222,13.795845602715255,-0.0,-6.204154397284745,True,10,2.0
MU/SNDK,2026-07-27 21:15:00+00:00,2026-07-27 21:20:00+00:00,-1,0.003472222222222222,10.459598434798954,-0.0,-9.540401565201046,True,10,2.0
MU/SNDK,2026-07-27 21:25:00+00:00,2026-07-27 21:30:00+00:00,-1,0.003472222222222222,-14.158551358791208,-0.0,-34.15855135879121,True,10,2.0
MU/SNDK,2026-07-27 21:35:00+00:00,2026-07-27 21:40:00+00:00,-1,0.003472222222222222,5.123922727979333,-0.0,-14.876077272020666,True,10,2.0
MU/SNDK,2026-07-27 21:45:00+00:00,2026-07-27 21:50:00+00:00,-1,0.003472222222222222,-50.539915475193744,-0.0,-70.53991547519374,True,10,2.0
MU/SNDK,2026-07-27 21:55:00+00:00,2026-07-27 22:00:00+00:00,-1,0.003472222222222222,1.6459441232540764,-0.0,-18.354055876745925,True,10,2.0
MU/SNDK,2026-07-27 22:05:00+00:00,2026-07-27 22:10:00+00:00,-1,0.003472222222222222,11.354109834222081,-0.0,-8.645890165777919,True,10,2.0
MU/SNDK,2026-07-27 22:15:00+00:00,2026-07-27 22:20:00+00:00,-1,0.003472222222222222,-0.9085447328048969,-0.0,-20.9085447328049,True,10,2.0
MU/SNDK,2026-07-27 22:25:00+00:00,2026-07-27 22:30:00+00:00,-1,0.003472222222222222,-31.604452095830553,-0.0,-51.60445209583055,True,10,2.0
MU/SNDK,2026-07-27 22:35:00+00:00,2026-07-27 22:40:00+00:00,-1,0.003472222222222222,-11.358737812406309,-0.0,-31.35873781240631,True,10,2.0
MU/SNDK,2026-07-27 22:45:00+00:00,2026-07-27 22:50:00+00:00,-1,0.003472222222222222,21.712164792657074,-0.0,1.7121647926570738,True,10,2.0
MU/SNDK,2026-07-27 22:55:00+00:00,2026-07-27 23:00:00+00:00,-1,0.003472222222222222,-1.816367091186299,-0.0,-21.8163670911863,True,10,2.0
MU/SNDK,2026-07-27 23:05:00+00:00,2026-07-27 23:10:00+00:00,-1,0.003472222222222222,-16.363646795496358,-0.0,-36.36364679549636,True,10,2.0
MU/SNDK,2026-07-27 23:15:00+00:00,2026-07-27 23:20:00+00:00,-1,0.003472222222222222,13.545544035289797,-0.0,-6.454455964710203,True,10,2.0
MU/SNDK,2026-07-27 23:25:00+00:00,2026-07-27 23:30:00+00:00,-1,0.003472222222222222,17.909449282133156,-0.0,-2.0905507178668437,True,10,2.0
MU/SNDK,2026-07-27 23:35:00+00:00,2026-07-27 23:40:00+00:00,-1,0.003472222222222222,5.149514952619258,-0.0,-14.850485047380742,True,10,2.0
MU/SNDK,2026-07-27 23:45:00+00:00,2026-07-28 00:25:00+00:00,-1,0.027777777777777776,-36.50201905616903,-0.5823,-57.084319056169036,True,10,2.0
MU/SNDK,2026-07-28 00:30:00+00:00,2026-07-28 14:10:00+00:00,-1,0.5694444444444444,-523.5773268743693,-4.6671000000000005,-548.2444268743693,True,10,2.0
MU/SNDK,2026-07-28 14:15:00+00:00,2026-07-28 14:20:00+00:00,-1,0.003472222222222222,-5.150311612561846,-0.0,-25.150311612561847,True,10,2.0
MU/SNDK,2026-07-28 14:25:00+00:00,2026-07-30 14:00:00+00:00,-1,1.9826388888888888,901.0212233792245,-22.5704,858.4508233792245,False,10,2.0
CRWV/NBIS,2026-06-06 02:50:00+00:00,2026-06-08 14:05:00+00:00,1,2.46875,860.5243811998448,6.5161999999999995,847.0405811998448,False,10,2.5
CRWV/NBIS,2026-06-22 14:30:00+00:00,2026-06-26 15:05:00+00:00,1,4.024305555555555,216.76923802068788,16.0972,212.8664380206879,False,10,2.5
CRWV/NBIS,2026-06-29 13:35:00+00:00,2026-06-30 14:50:00+00:00,1,1.0520833333333333,-873.8103112401392,-0.6335999999999994,-894.4439112401392,True,10,2.5
CRWV/NBIS,2026-06-30 14:55:00+00:00,2026-06-30 15:00:00+00:00,1,0.003472222222222222,-28.53165753463602,-0.0,-48.531657534636025,True,10,2.5
CRWV/NBIS,2026-06-30 15:05:00+00:00,2026-06-30 15:10:00+00:00,1,0.003472222222222222,-33.2389781415992,-0.0,-53.2389781415992,True,10,2.5
CRWV/NBIS,2026-06-30 15:15:00+00:00,2026-06-30 15:20:00+00:00,1,0.003472222222222222,-6.595628217340661,-0.0,-26.59562821734066,True,10,2.5
CRWV/NBIS,2026-06-30 15:25:00+00:00,2026-06-30 15:30:00+00:00,1,0.003472222222222222,24.602680969954157,-0.0,4.602680969954157,True,10,2.5
CRWV/NBIS,2026-06-30 15:35:00+00:00,2026-07-01 13:35:00+00:00,1,0.9166666666666666,1199.4959729508419,9.3747,1188.870672950842,False,10,2.5
CRWV/NBIS,2026-07-07 13:35:00+00:00,2026-07-10 19:45:00+00:00,-1,3.2569444444444446,544.2899233606457,-8.1553,516.1346233606457,False,10,2.5
CRWV/NBIS,2026-07-18 17:55:00+00:00,2026-07-19 14:55:00+00:00,-1,0.875,436.0127506410484,-2.2607,413.7520506410484,False,10,2.5
CRWV/NBIS,2026-07-21 14:20:00+00:00,2026-07-27 13:45:00+00:00,1,5.975694444444445,109.47165020516722,4.0503,93.52195020516723,False,10,2.5
CRWV/NBIS,2026-07-29 21:15:00+00:00,2026-07-30 13:45:00+00:00,-1,0.6875,974.958504674569,-0.0,954.958504674569,False,10,2.5
CRWV/NBIS,2026-08-02 21:35:00+00:00,2026-08-03 04:35:00+00:00,1,0.2916666666666667,910.2404912070174,52.0657,942.3061912070174,False,10,2.5
CRWV/NBIS,2026-08-06 16:30:00+00:00,2026-08-12 14:10:00+00:00,-1,5.902777777777778,-626.8043189581088,-4.0884,-650.8927189581087,False,10,2.5
ASTS/RKLB,2026-06-15 13:30:00+00:00,2026-06-16 13:35:00+00:00,1,1.0034722222222223,305.8157698923563,5.8216,291.6373698923563,False,10,2.0
ASTS/RKLB,2026-06-16 14:45:00+00:00,2026-06-17 05:55:00+00:00,1,0.6319444444444444,267.9486609538161,-0.07479999999999996,247.87386095381612,False,10,2.0
ASTS/RKLB,2026-06-17 14:00:00+00:00,2026-06-23 14:00:00+00:00,1,6.0,-233.3669206357415,22.0747,-231.2922206357415,False,10,2.0
ASTS/RKLB,2026-06-25 19:10:00+00:00,2026-06-25 20:45:00+00:00,-1,0.06597222222222222,470.13016084812057,-0.0,450.13016084812057,False,10,2.0
ASTS/RKLB,2026-06-26 13:55:00+00:00,2026-06-29 13:00:00+00:00,-1,2.9618055555555554,259.0648830067739,-5.3616,233.70328300677392,False,10,2.0
ASTS/RKLB,2026-06-29 18:40:00+00:00,2026-07-02 13:45:00+00:00,-1,2.795138888888889,474.37130041213805,-4.1160000000000005,450.25530041213807,False,10,2.0
ASTS/RKLB,2026-07-07 13:30:00+00:00,2026-07-07 15:00:00+00:00,-1,0.0625,-279.13386276510687,-0.0,-299.13386276510687,True,10,2.0
ASTS/RKLB,2026-07-07 15:05:00+00:00,2026-07-07 15:10:00+00:00,-1,0.003472222222222222,7.432192490708341,-0.0,-12.567807509291658,True,10,2.0
ASTS/RKLB,2026-07-07 15:15:00+00:00,2026-07-07 15:25:00+00:00,-1,0.006944444444444444,-30.241202503460478,-0.0,-50.24120250346048,True,10,2.0
ASTS/RKLB,2026-07-07 15:30:00+00:00,2026-07-07 15:35:00+00:00,-1,0.003472222222222222,2.17373647206494,-0.0,-17.826263527935062,True,10,2.0
ASTS/RKLB,2026-07-07 15:40:00+00:00,2026-07-07 15:45:00+00:00,-1,0.003472222222222222,4.816179834423754,-0.0,-15.183820165576247,True,10,2.0
ASTS/RKLB,2026-07-07 15:50:00+00:00,2026-07-07 15:55:00+00:00,-1,0.003472222222222222,-16.467177947593587,-0.0,-36.467177947593584,True,10,2.0
ASTS/RKLB,2026-07-07 16:00:00+00:00,2026-07-07 16:05:00+00:00,-1,0.003472222222222222,-4.08812870268077,-0.7129000000000001,-24.80102870268077,True,10,2.0
ASTS/RKLB,2026-07-07 16:10:00+00:00,2026-07-07 16:15:00+00:00,-1,0.003472222222222222,19.628725504618277,-0.0,-0.37127449538172286,True,10,2.0
ASTS/RKLB,2026-07-07 16:20:00+00:00,2026-07-07 16:25:00+00:00,-1,0.003472222222222222,-15.765379963315132,-0.0,-35.765379963315134,True,10,2.0
ASTS/RKLB,2026-07-07 16:30:00+00:00,2026-07-07 16:35:00+00:00,-1,0.003472222222222222,7.177071631187868,-0.0,-12.822928368812132,True,10,2.0
ASTS/RKLB,2026-07-07 16:40:00+00:00,2026-07-07 16:45:00+00:00,-1,0.003472222222222222,5.662851620982597,-0.0,-14.337148379017403,True,10,2.0
ASTS/RKLB,2026-07-07 16:50:00+00:00,2026-07-07 16:55:00+00:00,-1,0.003472222222222222,-26.37938470551876,-0.0,-46.37938470551876,True,10,2.0
ASTS/RKLB,2026-07-07 17:00:00+00:00,2026-07-07 17:05:00+00:00,-1,0.003472222222222222,13.542577346432223,-0.0,-6.457422653567777,True,10,2.0
ASTS/RKLB,2026-07-07 17:10:00+00:00,2026-07-08 12:10:00+00:00,-1,0.7916666666666666,498.4314887595446,-0.4923,477.9391887595446,False,10,2.0
ASTS/RKLB,2026-07-08 13:35:00+00:00,2026-07-09 14:20:00+00:00,-1,1.03125,314.9971394391782,-6.194099999999999,288.80303943917824,False,10,2.0
ASTS/RKLB,2026-07-10 13:30:00+00:00,2026-07-13 13:55:00+00:00,-1,3.017361111111111,161.16169747051018,7.6324,148.79409747051017,False,10,2.0
ASTS/RKLB,2026-07-15 20:05:00+00:00,2026-07-15 20:10:00+00:00,1,0.003472222222222222,-239.74567871013124,-0.0,-259.74567871013124,True,10,2.0
ASTS/RKLB,2026-07-15 20:15:00+00:00,2026-07-15 20:20:00+00:00,1,0.003472222222222222,33.37058994489581,-0.0,13.370589944895812,True,10,2.0
ASTS/RKLB,2026-07-15 20:25:00+00:00,2026-07-15 20:30:00+00:00,1,0.003472222222222222,-20.618924207045612,-0.0,-40.61892420704561,True,10,2.0
ASTS/RKLB,2026-07-15 20:35:00+00:00,2026-07-15 20:40:00+00:00,1,0.003472222222222222,-22.624086628144287,-0.0,-42.62408662814428,True,10,2.0
ASTS/RKLB,2026-07-15 20:45:00+00:00,2026-07-15 20:50:00+00:00,1,0.003472222222222222,-16.45405874912383,-0.0,-36.45405874912383,True,10,2.0
ASTS/RKLB,2026-07-15 20:55:00+00:00,2026-07-15 21:00:00+00:00,1,0.003472222222222222,-54.91865144672104,-0.0,-74.91865144672104,True,10,2.0
ASTS/RKLB,2026-07-15 21:05:00+00:00,2026-07-15 21:10:00+00:00,1,0.003472222222222222,45.8080513206717,-0.0,25.8080513206717,True,10,2.0
ASTS/RKLB,2026-07-15 21:15:00+00:00,2026-07-15 21:20:00+00:00,1,0.003472222222222222,-13.566253300889226,-0.0,-33.56625330088923,True,10,2.0
ASTS/RKLB,2026-07-15 21:25:00+00:00,2026-07-15 21:30:00+00:00,1,0.003472222222222222,8.411194541760272,-0.0,-11.588805458239728,True,10,2.0
ASTS/RKLB,2026-07-15 21:35:00+00:00,2026-07-15 21:40:00+00:00,1,0.003472222222222222,-64.62966752054379,-0.0,-84.62966752054379,True,10,2.0
ASTS/RKLB,2026-07-15 21:45:00+00:00,2026-07-15 21:50:00+00:00,1,0.003472222222222222,-5.23542929215054,-0.0,-25.235429292150542,True,10,2.0
ASTS/RKLB,2026-07-15 21:55:00+00:00,2026-07-15 22:00:00+00:00,1,0.003472222222222222,-9.749764249463597,-0.0,-29.749764249463595,True,10,2.0
ASTS/RKLB,2026-07-15 22:05:00+00:00,2026-07-15 22:10:00+00:00,1,0.003472222222222222,-2.139238424226538,-0.0,-22.139238424226537,True,10,2.0
ASTS/RKLB,2026-07-15 22:15:00+00:00,2026-07-15 22:20:00+00:00,1,0.003472222222222222,2.9695620114280357,-0.0,-17.030437988571965,True,10,2.0
ASTS/RKLB,2026-07-15 22:25:00+00:00,2026-07-15 22:30:00+00:00,1,0.003472222222222222,14.241992001133324,-0.0,-5.758007998866676,True,10,2.0
ASTS/RKLB,2026-07-15 22:35:00+00:00,2026-07-15 22:40:00+00:00,1,0.003472222222222222,5.463351138783297,-0.0,-14.536648861216703,True,10,2.0
ASTS/RKLB,2026-07-15 22:45:00+00:00,2026-07-15 22:50:00+00:00,1,0.003472222222222222,0.20239174846706146,-0.0,-19.79760825153294,True,10,2.0
ASTS/RKLB,2026-07-15 22:55:00+00:00,2026-07-15 23:00:00+00:00,1,0.003472222222222222,-2.29359025718719,-0.0,-22.29359025718719,True,10,2.0
ASTS/RKLB,2026-07-15 23:05:00+00:00,2026-07-15 23:10:00+00:00,1,0.003472222222222222,14.81098329784109,-0.0,-5.189016702158909,True,10,2.0
ASTS/RKLB,2026-07-15 23:15:00+00:00,2026-07-15 23:20:00+00:00,1,0.003472222222222222,-15.03546506158619,-0.0,-35.035465061586194,True,10,2.0
ASTS/RKLB,2026-07-15 23:25:00+00:00,2026-07-15 23:30:00+00:00,1,0.003472222222222222,5.157741023820946,-0.0,-14.842258976179053,True,10,2.0
ASTS/RKLB,2026-07-15 23:35:00+00:00,2026-07-15 23:40:00+00:00,1,0.003472222222222222,-2.1192302550725466,-0.0,-22.119230255072548,True,10,2.0
ASTS/RKLB,2026-07-15 23:45:00+00:00,2026-07-15 23:50:00+00:00,1,0.003472222222222222,-14.345438165810483,-0.0,-34.345438165810485,True,10,2.0
ASTS/RKLB,2026-07-15 23:55:00+00:00,2026-07-16 00:00:00+00:00,1,0.003472222222222222,-0.9249409092998299,-0.0,-20.92494090929983,True,10,2.0
ASTS/RKLB,2026-07-16 00:05:00+00:00,2026-07-16 00:10:00+00:00,1,0.003472222222222222,36.579738375183936,-0.0,16.579738375183936,True,10,2.0
ASTS/RKLB,2026-07-16 00:15:00+00:00,2026-07-16 00:20:00+00:00,1,0.003472222222222222,10.374762319304226,-0.0,-9.625237680695774,True,10,2.0
ASTS/RKLB,2026-07-16 00:25:00+00:00,2026-07-16 00:30:00+00:00,1,0.003472222222222222,-19.43117798056969,-0.0,-39.431177980569686,True,10,2.0
ASTS/RKLB,2026-07-16 00:35:00+00:00,2026-07-16 00:40:00+00:00,1,0.003472222222222222,-4.673381713591177,-0.0,-24.673381713591176,True,10,2.0
ASTS/RKLB,2026-07-16 00:45:00+00:00,2026-07-16 00:50:00+00:00,1,0.003472222222222222,15.919726256854068,-0.0,-4.080273743145932,True,10,2.0
ASTS/RKLB,2026-07-16 00:55:00+00:00,2026-07-16 01:00:00+00:00,1,0.003472222222222222,41.021327650291724,-0.0,21.021327650291724,True,10,2.0
ASTS/RKLB,2026-07-16 01:05:00+00:00,2026-07-16 01:10:00+00:00,1,0.003472222222222222,-13.63619692784495,-0.0,-33.63619692784495,True,10,2.0
ASTS/RKLB,2026-07-16 01:15:00+00:00,2026-07-16 01:20:00+00:00,1,0.003472222222222222,32.90299607362826,-0.0,12.902996073628259,True,10,2.0
ASTS/RKLB,2026-07-16 01:25:00+00:00,2026-07-16 01:30:00+00:00,1,0.003472222222222222,-27.801467325714643,-0.0,-47.80146732571464,True,10,2.0
ASTS/RKLB,2026-07-16 01:35:00+00:00,2026-07-16 01:40:00+00:00,1,0.003472222222222222,22.01050404806574,-0.0,2.010504048065741,True,10,2.0
ASTS/RKLB,2026-07-16 01:45:00+00:00,2026-07-16 01:50:00+00:00,1,0.003472222222222222,36.43106378541571,-0.0,16.43106378541571,True,10,2.0
ASTS/RKLB,2026-07-16 01:55:00+00:00,2026-07-16 02:00:00+00:00,1,0.003472222222222222,-3.986128219653222,-0.0,-23.98612821965322,True,10,2.0
ASTS/RKLB,2026-07-16 02:05:00+00:00,2026-07-17 15:35:00+00:00,1,1.5625,901.8537470542136,0.6099,882.4636470542137,False,10,2.0
ASTS/RKLB,2026-07-21 14:45:00+00:00,2026-07-21 21:20:00+00:00,-1,0.2743055555555556,585.0337643193985,-0.0,565.0337643193985,False,10,2.0
ASTS/RKLB,2026-07-29 13:40:00+00:00,2026-07-30 15:30:00+00:00,-1,1.0763888888888888,344.13194499407,-0.0,324.13194499407,False,10,2.0
ASTS/RKLB,2026-07-30 20:10:00+00:00,2026-07-31 00:05:00+00:00,-1,0.16319444444444445,385.4981729749092,-3.5123,361.9858729749092,False,10,2.0
ASTS/RKLB,2026-07-31 13:30:00+00:00,2026-07-31 13:50:00+00:00,-1,0.013888888888888888,290.53929940313435,-0.0,270.53929940313435,False,10,2.0
ASTS/RKLB,2026-08-03 13:45:00+00:00,2026-08-03 20:05:00+00:00,-1,0.2638888888888889,279.31072906460423,-0.0,259.31072906460423,False,10,2.0
ASTS/RKLB,2026-08-04 12:15:00+00:00,2026-08-05 13:30:00+00:00,-1,1.0520833333333333,214.6288614666781,-0.0185,194.6103614666781,False,10,2.0
ASTS/RKLB,2026-08-07 08:15:00+00:00,2026-08-10 20:10:00+00:00,1,3.4965277777777777,107.52866484542726,0.8774000000000001,88.40606484542725,False,10,2.0
HOOD/COIN,2026-02-23 15:25:00+00:00,2026-02-23 19:35:00+00:00,1,0.1736111111111111,312.4440357253479,-0.0,292.4440357253479,False,10,2.5
HOOD/COIN,2026-02-25 14:50:00+00:00,2026-02-25 16:10:00+00:00,1,0.05555555555555555,-170.84882079345084,-0.0,-190.84882079345084,True,10,2.5
HOOD/COIN,2026-02-25 16:15:00+00:00,2026-02-25 16:20:00+00:00,1,0.003472222222222222,-36.123566009380866,-0.0,-56.123566009380866,True,10,2.5
HOOD/COIN,2026-02-25 16:25:00+00:00,2026-02-25 16:35:00+00:00,1,0.006944444444444444,-64.438599768243,-0.0,-84.438599768243,True,10,2.5
HOOD/COIN,2026-02-25 16:40:00+00:00,2026-02-25 16:50:00+00:00,1,0.006944444444444444,17.986517327675728,-0.0,-2.0134826723242725,True,10,2.5
HOOD/COIN,2026-02-25 16:55:00+00:00,2026-02-25 17:00:00+00:00,1,0.003472222222222222,-30.595114743649972,-0.0,-50.59511474364997,True,10,2.5
HOOD/COIN,2026-02-25 17:05:00+00:00,2026-02-25 17:10:00+00:00,1,0.003472222222222222,-37.21635672589042,-0.0,-57.21635672589042,True,10,2.5
HOOD/COIN,2026-02-25 17:15:00+00:00,2026-02-25 17:20:00+00:00,1,0.003472222222222222,-26.541647886783593,-0.0,-46.54164788678359,True,10,2.5
HOOD/COIN,2026-02-25 17:25:00+00:00,2026-02-25 17:30:00+00:00,1,0.003472222222222222,-10.197337418981402,-0.0,-30.1973374189814,True,10,2.5
HOOD/COIN,2026-02-25 17:35:00+00:00,2026-02-25 17:40:00+00:00,1,0.003472222222222222,-24.202829490514873,-0.0,-44.20282949051487,True,10,2.5
HOOD/COIN,2026-02-25 17:45:00+00:00,2026-02-25 17:50:00+00:00,1,0.003472222222222222,-16.815255451704033,-0.0,-36.81525545170403,True,10,2.5
HOOD/COIN,2026-02-25 17:55:00+00:00,2026-02-25 18:00:00+00:00,1,0.003472222222222222,2.361966802500576,-0.0,-17.638033197499425,True,10,2.5
HOOD/COIN,2026-02-25 18:05:00+00:00,2026-02-25 18:10:00+00:00,1,0.003472222222222222,-20.770996688045216,-0.0,-40.770996688045216,True,10,2.5
HOOD/COIN,2026-02-25 18:15:00+00:00,2026-02-25 18:20:00+00:00,1,0.003472222222222222,32.436106107614044,-0.0,12.436106107614044,True,10,2.5
HOOD/COIN,2026-02-25 18:25:00+00:00,2026-02-25 18:30:00+00:00,1,0.003472222222222222,-8.35144541707257,-0.0,-28.35144541707257,True,10,2.5
HOOD/COIN,2026-02-25 18:35:00+00:00,2026-02-25 18:40:00+00:00,1,0.003472222222222222,38.721901032879146,-0.0,18.721901032879146,True,10,2.5
HOOD/COIN,2026-02-25 18:45:00+00:00,2026-02-25 18:50:00+00:00,1,0.003472222222222222,-11.95847291501955,-0.0,-31.95847291501955,True,10,2.5
HOOD/COIN,2026-02-25 18:55:00+00:00,2026-02-25 19:00:00+00:00,1,0.003472222222222222,-53.457868006477426,-0.0,-73.45786800647743,True,10,2.5
HOOD/COIN,2026-02-25 19:05:00+00:00,2026-02-25 19:10:00+00:00,1,0.003472222222222222,8.121755534937032,-0.0,-11.878244465062968,True,10,2.5
HOOD/COIN,2026-02-25 19:15:00+00:00,2026-02-25 19:20:00+00:00,1,0.003472222222222222,69.23145063065823,-0.0,49.23145063065823,True,10,2.5
HOOD/COIN,2026-02-25 19:25:00+00:00,2026-02-25 19:30:00+00:00,1,0.003472222222222222,-24.508361511220624,-0.0,-44.50836151122063,True,10,2.5
HOOD/COIN,2026-02-25 19:35:00+00:00,2026-02-25 19:40:00+00:00,1,0.003472222222222222,-13.00243182419755,-0.0,-33.00243182419755,True,10,2.5
HOOD/COIN,2026-02-25 19:45:00+00:00,2026-02-25 19:50:00+00:00,1,0.003472222222222222,10.01081492977816,-0.0,-9.98918507022184,True,10,2.5
HOOD/COIN,2026-02-25 19:55:00+00:00,2026-02-25 20:00:00+00:00,1,0.003472222222222222,-3.381883708708796,-0.0,-23.381883708708795,True,10,2.5
HOOD/COIN,2026-02-25 20:05:00+00:00,2026-02-25 20:10:00+00:00,1,0.003472222222222222,0.9368130841333911,-0.0,-19.06318691586661,True,10,2.5
HOOD/COIN,2026-02-25 20:15:00+00:00,2026-02-25 20:20:00+00:00,1,0.003472222222222222,-23.47092383807981,-0.0,-43.47092383807981,True,10,2.5
HOOD/COIN,2026-02-25 20:25:00+00:00,2026-02-25 20:30:00+00:00,1,0.003472222222222222,52.92713889980748,-0.0,32.92713889980748,True,10,2.5
HOOD/COIN,2026-02-25 20:35:00+00:00,2026-02-25 20:40:00+00:00,1,0.003472222222222222,-1.961316861977914,-0.0,-21.961316861977913,True,10,2.5
HOOD/COIN,2026-02-25 20:45:00+00:00,2026-02-25 20:50:00+00:00,1,0.003472222222222222,8.883920363582934,-0.0,-11.116079636417066,True,10,2.5
HOOD/COIN,2026-02-25 20:55:00+00:00,2026-02-25 21:00:00+00:00,1,0.003472222222222222,18.963150676083902,-0.0,-1.0368493239160976,True,10,2.5
HOOD/COIN,2026-02-25 21:05:00+00:00,2026-02-25 21:10:00+00:00,1,0.003472222222222222,-4.4891902479083345,-0.0,-24.489190247908333,True,10,2.5
HOOD/COIN,2026-02-25 21:15:00+00:00,2026-02-25 21:40:00+00:00,1,0.017361111111111112,-18.70816932502758,-0.0,-38.70816932502758,True,10,2.5
HOOD/COIN,2026-02-25 21:45:00+00:00,2026-02-25 22:00:00+00:00,1,0.010416666666666666,-7.51210312841219,-0.0,-27.51210312841219,True,10,2.5
HOOD/COIN,2026-02-25 22:05:00+00:00,2026-02-27 14:45:00+00:00,1,1.6944444444444444,434.9870972193621,-0.0,414.9870972193621,False,10,2.5
HOOD/COIN,2026-03-04 08:00:00+00:00,2026-03-09 21:25:00+00:00,1,5.559027777777778,-146.04905515628235,-83.29519999999998,-249.34425515628232,False,10,2.5
HOOD/COIN,2026-03-13 13:30:00+00:00,2026-03-23 15:25:00+00:00,1,10.07986111111111,-336.87864653818025,-85.77539999999998,-442.65404653818024,False,10,2.5
HOOD/COIN,2026-03-24 16:00:00+00:00,2026-03-25 15:35:00+00:00,-1,0.9826388888888888,-460.1368006593757,-0.0,-480.1368006593757,True,10,2.5
HOOD/COIN,2026-03-25 15:40:00+00:00,2026-03-25 15:45:00+00:00,-1,0.003472222222222222,-31.20937399020381,-0.0,-51.209373990203815,True,10,2.5
HOOD/COIN,2026-03-25 15:50:00+00:00,2026-03-25 15:55:00+00:00,-1,0.003472222222222222,7.855051987804968,-0.0,-12.144948012195032,True,10,2.5
HOOD/COIN,2026-03-25 16:00:00+00:00,2026-03-25 17:30:00+00:00,-1,0.0625,-69.27801211268574,-0.0,-89.27801211268574,True,10,2.5
HOOD/COIN,2026-03-25 17:35:00+00:00,2026-03-25 17:40:00+00:00,-1,0.003472222222222222,38.161636320979376,-0.0,18.161636320979376,True,10,2.5
HOOD/COIN,2026-03-25 17:45:00+00:00,2026-03-25 17:50:00+00:00,-1,0.003472222222222222,-3.234379985959583,-0.0,-23.234379985959585,True,10,2.5
HOOD/COIN,2026-03-25 17:55:00+00:00,2026-03-31 13:50:00+00:00,-1,5.829861111111111,104.88081455895498,41.2458,126.126614558955,False,10,2.5
HOOD/COIN,2026-04-06 13:40:00+00:00,2026-04-06 23:05:00+00:00,1,0.3923611111111111,262.6455409869852,-0.026699999999999998,242.61884098698522,False,10,2.5
HOOD/COIN,2026-04-08 12:00:00+00:00,2026-04-13 13:50:00+00:00,-1,5.076388888888889,136.05957287966223,10.975199999999976,127.0347728796622,False,10,2.5
HOOD/COIN,2026-04-14 14:40:00+00:00,2026-04-14 22:05:00+00:00,-1,0.3090277777777778,-356.352142339698,-0.0,-376.352142339698,True,10,2.5
HOOD/COIN,2026-04-14 22:10:00+00:00,2026-04-14 22:15:00+00:00,-1,0.003472222222222222,42.27432063181368,-0.0,22.27432063181368,True,10,2.5
HOOD/COIN,2026-04-14 22:20:00+00:00,2026-04-14 22:25:00+00:00,-1,0.003472222222222222,16.294706881862798,-0.0,-3.7052931181372024,True,10,2.5
HOOD/COIN,2026-04-14 22:30:00+00:00,2026-04-14 22:35:00+00:00,-1,0.003472222222222222,6.614700622197983,-0.0,-13.385299377802017,True,10,2.5
HOOD/COIN,2026-04-14 22:40:00+00:00,2026-04-14 22:45:00+00:00,-1,0.003472222222222222,-47.400258428298095,-0.0,-67.40025842829809,True,10,2.5
HOOD/COIN,2026-04-14 22:50:00+00:00,2026-04-14 22:55:00+00:00,-1,0.003472222222222222,-18.152119705622702,-0.0,-38.1521197056227,True,10,2.5
HOOD/COIN,2026-04-14 23:00:00+00:00,2026-04-14 23:05:00+00:00,-1,0.003472222222222222,-14.440688995969749,-0.0,-34.44068899596975,True,10,2.5
HOOD/COIN,2026-04-14 23:10:00+00:00,2026-04-14 23:15:00+00:00,-1,0.003472222222222222,-6.780272776945604,-0.0,-26.780272776945605,True,10,2.5
HOOD/COIN,2026-04-14 23:20:00+00:00,2026-04-14 23:25:00+00:00,-1,0.003472222222222222,-29.219397611795227,-0.0,-49.21939761179523,True,10,2.5
HOOD/COIN,2026-04-14 23:30:00+00:00,2026-04-14 23:35:00+00:00,-1,0.003472222222222222,-4.598096586159439,-0.0,-24.59809658615944,True,10,2.5
HOOD/COIN,2026-04-14 23:40:00+00:00,2026-04-14 23:45:00+00:00,-1,0.003472222222222222,4.034766427410742,-0.0,-15.96523357258926,True,10,2.5
HOOD/COIN,2026-04-14 23:50:00+00:00,2026-04-14 23:55:00+00:00,-1,0.003472222222222222,18.41509056757113,-0.0,-1.5849094324288693,True,10,2.5
HOOD/COIN,2026-04-15 00:00:00+00:00,2026-04-15 00:05:00+00:00,-1,0.003472222222222222,-14.57384859580027,0.4226,-34.15124859580027,True,10,2.5
HOOD/COIN,2026-04-15 00:10:00+00:00,2026-04-15 00:15:00+00:00,-1,0.003472222222222222,33.689852888510536,-0.0,13.689852888510536,True,10,2.5
HOOD/COIN,2026-04-15 00:20:00+00:00,2026-04-15 00:25:00+00:00,-1,0.003472222222222222,-10.701544839093291,-0.0,-30.70154483909329,True,10,2.5
HOOD/COIN,2026-04-15 00:30:00+00:00,2026-04-15 00:35:00+00:00,-1,0.003472222222222222,2.402691025493637,-0.0,-17.597308974506362,True,10,2.5
HOOD/COIN,2026-04-15 00:40:00+00:00,2026-04-15 00:45:00+00:00,-1,0.003472222222222222,16.043448276545718,-0.0,-3.9565517234542824,True,10,2.5
HOOD/COIN,2026-04-15 00:50:00+00:00,2026-04-15 00:55:00+00:00,-1,0.003472222222222222,-19.141231290712575,-0.0,-39.141231290712575,True,10,2.5
HOOD/COIN,2026-04-15 01:00:00+00:00,2026-04-15 01:05:00+00:00,-1,0.003472222222222222,10.851146614033263,-0.0,-9.148853385966737,True,10,2.5
HOOD/COIN,2026-04-15 01:10:00+00:00,2026-04-15 01:15:00+00:00,-1,0.003472222222222222,-12.04700732512763,-0.0,-32.04700732512763,True,10,2.5
HOOD/COIN,2026-04-15 01:20:00+00:00,2026-04-15 01:25:00+00:00,-1,0.003472222222222222,-4.090731813060459,-0.0,-24.090731813060458,True,10,2.5
HOOD/COIN,2026-04-15 01:30:00+00:00,2026-04-15 01:35:00+00:00,-1,0.003472222222222222,32.05094250581442,-0.0,12.050942505814419,True,10,2.5
HOOD/COIN,2026-04-15 01:40:00+00:00,2026-04-15 01:45:00+00:00,-1,0.003472222222222222,10.882617431636628,-0.0,-9.117382568363372,True,10,2.5
HOOD/COIN,2026-04-15 01:50:00+00:00,2026-04-15 01:55:00+00:00,-1,0.003472222222222222,-10.121188771843434,-0.0,-30.121188771843435,True,10,2.5
HOOD/COIN,2026-04-15 02:00:00+00:00,2026-04-15 02:05:00+00:00,-1,0.003472222222222222,18.825199368390656,-0.0,-1.1748006316093438,True,10,2.5
HOOD/COIN,2026-04-15 02:10:00+00:00,2026-04-15 02:15:00+00:00,-1,0.003472222222222222,-24.862261028361104,-0.0,-44.862261028361104,True,10,2.5
HOOD/COIN,2026-04-15 02:20:00+00:00,2026-04-15 02:25:00+00:00,-1,0.003472222222222222,14.276767188842188,-0.0,-5.723232811157812,True,10,2.5
HOOD/COIN,2026-04-15 02:30:00+00:00,2026-04-15 02:35:00+00:00,-1,0.003472222222222222,41.90836077817324,-0.0,21.90836077817324,True,10,2.5
HOOD/COIN,2026-04-15 02:40:00+00:00,2026-04-15 02:50:00+00:00,-1,0.006944444444444444,-7.917362129337592,-0.0,-27.91736212933759,True,10,2.5
HOOD/COIN,2026-04-15 02:55:00+00:00,2026-04-15 03:40:00+00:00,-1,0.03125,-74.73054677735354,-0.0,-94.73054677735354,True,10,2.5
HOOD/COIN,2026-04-15 03:45:00+00:00,2026-04-15 03:55:00+00:00,-1,0.006944444444444444,0.43975313900382274,-0.0,-19.560246860996177,True,10,2.5
HOOD/COIN,2026-04-15 04:00:00+00:00,2026-04-15 08:20:00+00:00,-1,0.18055555555555555,-146.41575838706194,-0.0,-166.41575838706194,True,10,2.5
HOOD/COIN,2026-04-15 08:25:00+00:00,2026-04-15 11:40:00+00:00,-1,0.13541666666666666,-166.92669921808164,-0.0,-186.92669921808164,True,10,2.5
HOOD/COIN,2026-04-15 11:45:00+00:00,2026-04-15 12:00:00+00:00,-1,0.010416666666666666,-52.679087021545236,-0.0,-72.67908702154523,True,10,2.5
HOOD/COIN,2026-04-15 12:05:00+00:00,2026-04-15 12:10:00+00:00,-1,0.003472222222222222,31.03783254544441,-0.0,11.03783254544441,True,10,2.5
HOOD/COIN,2026-04-15 12:15:00+00:00,2026-04-20 15:00:00+00:00,-1,5.114583333333333,463.3861223814817,143.27249999999995,586.6586223814817,False,10,2.5
HOOD/COIN,2026-04-24 13:35:00+00:00,2026-04-27 20:35:00+00:00,1,3.2916666666666665,288.437189056717,32.82780000000001,301.264989056717,False,10,2.5
HOOD/COIN,2026-04-28 20:10:00+00:00,2026-04-28 21:25:00+00:00,1,0.052083333333333336,-205.46991984959246,-0.0,-225.46991984959246,True,10,2.5
HOOD/COIN,2026-04-28 21:30:00+00:00,2026-04-28 21:35:00+00:00,1,0.003472222222222222,-87.10664913526018,-0.0,-107.10664913526018,True,10,2.5
HOOD/COIN,2026-04-28 21:40:00+00:00,2026-04-28 21:45:00+00:00,1,0.003472222222222222,34.37945877574943,-0.0,14.379458775749427,True,10,2.5
HOOD/COIN,2026-04-28 21:50:00+00:00,2026-04-28 21:55:00+00:00,1,0.003472222222222222,48.28672432098544,-0.0,28.286724320985442,True,10,2.5
HOOD/COIN,2026-04-28 22:00:00+00:00,2026-04-28 22:05:00+00:00,1,0.003472222222222222,-25.62295968589915,-0.0,-45.62295968589915,True,10,2.5
HOOD/COIN,2026-04-28 22:10:00+00:00,2026-04-28 22:15:00+00:00,1,0.003472222222222222,-21.386738194325385,-0.0,-41.38673819432539,True,10,2.5
HOOD/COIN,2026-04-28 22:20:00+00:00,2026-04-28 22:25:00+00:00,1,0.003472222222222222,-64.22864389557223,-0.0,-84.22864389557223,True,10,2.5
HOOD/COIN,2026-04-28 22:30:00+00:00,2026-04-28 22:35:00+00:00,1,0.003472222222222222,27.833765427399747,-0.0,7.833765427399747,True,10,2.5
HOOD/COIN,2026-04-28 22:40:00+00:00,2026-04-28 22:45:00+00:00,1,0.003472222222222222,9.0314932416694,-0.0,-10.9685067583306,True,10,2.5
HOOD/COIN,2026-04-28 22:50:00+00:00,2026-04-28 22:55:00+00:00,1,0.003472222222222222,-1.6530453654603265,-0.0,-21.653045365460326,True,10,2.5
HOOD/COIN,2026-04-28 23:00:00+00:00,2026-04-28 23:05:00+00:00,1,0.003472222222222222,13.377554228730277,-0.0,-6.622445771269723,True,10,2.5
HOOD/COIN,2026-04-28 23:10:00+00:00,2026-04-28 23:15:00+00:00,1,0.003472222222222222,13.12470943131002,-0.0,-6.87529056868998,True,10,2.5
HOOD/COIN,2026-04-28 23:20:00+00:00,2026-04-28 23:25:00+00:00,1,0.003472222222222222,4.015795516118563,-0.0,-15.984204483881438,True,10,2.5
HOOD/COIN,2026-04-28 23:30:00+00:00,2026-04-28 23:35:00+00:00,1,0.003472222222222222,-19.832781011389585,-0.0,-39.832781011389585,True,10,2.5
HOOD/COIN,2026-04-28 23:40:00+00:00,2026-04-28 23:45:00+00:00,1,0.003472222222222222,2.5374337426145495,-0.0,-17.46256625738545,True,10,2.5
HOOD/COIN,2026-04-28 23:50:00+00:00,2026-04-28 23:55:00+00:00,1,0.003472222222222222,-3.07072279866613,-0.0,-23.07072279866613,True,10,2.5
HOOD/COIN,2026-04-29 00:00:00+00:00,2026-04-29 00:05:00+00:00,1,0.003472222222222222,-1.0377443160544209,5.0417000000000005,-15.99604431605442,True,10,2.5
HOOD/COIN,2026-04-29 00:10:00+00:00,2026-04-29 00:15:00+00:00,1,0.003472222222222222,-19.49430244962256,-0.0,-39.49430244962256,True,10,2.5
HOOD/COIN,2026-04-29 00:20:00+00:00,2026-04-29 00:25:00+00:00,1,0.003472222222222222,-8.844247755596813,-0.0,-28.84424775559681,True,10,2.5
HOOD/COIN,2026-04-29 00:30:00+00:00,2026-04-29 00:35:00+00:00,1,0.003472222222222222,8.60774419898164,-0.0,-11.39225580101836,True,10,2.5
HOOD/COIN,2026-04-29 00:40:00+00:00,2026-04-29 00:45:00+00:00,1,0.003472222222222222,8.458957209288249,-0.0,-11.541042790711751,True,10,2.5
HOOD/COIN,2026-04-29 00:50:00+00:00,2026-04-29 00:55:00+00:00,1,0.003472222222222222,-35.3557276347981,-0.0,-55.3557276347981,True,10,2.5
HOOD/COIN,2026-04-29 01:00:00+00:00,2026-04-29 01:05:00+00:00,1,0.003472222222222222,-5.821706708642943,-0.0,-25.821706708642942,True,10,2.5
HOOD/COIN,2026-04-29 01:10:00+00:00,2026-04-29 01:15:00+00:00,1,0.003472222222222222,3.200497359713302,-0.0,-16.799502640286697,True,10,2.5
HOOD/COIN,2026-04-29 01:20:00+00:00,2026-04-29 01:25:00+00:00,1,0.003472222222222222,9.223558708762377,-0.0,-10.776441291237623,True,10,2.5
HOOD/COIN,2026-04-29 01:30:00+00:00,2026-04-29 01:35:00+00:00,1,0.003472222222222222,0.2996421428899501,-0.0,-19.70035785711005,True,10,2.5
HOOD/COIN,2026-04-29 01:40:00+00:00,2026-04-29 01:45:00+00:00,1,0.003472222222222222,-2.21841245721735,-0.0,-22.21841245721735,True,10,2.5
HOOD/COIN,2026-04-29 01:50:00+00:00,2026-04-29 01:55:00+00:00,1,0.003472222222222222,-8.27372243254284,-0.0,-28.27372243254284,True,10,2.5
HOOD/COIN,2026-04-29 02:00:00+00:00,2026-04-29 02:05:00+00:00,1,0.003472222222222222,-5.280820302877699,-0.0,-25.2808203028777,True,10,2.5
HOOD/COIN,2026-04-29 02:10:00+00:00,2026-04-29 02:15:00+00:00,1,0.003472222222222222,-7.958460097746529,-0.0,-27.958460097746528,True,10,2.5
HOOD/COIN,2026-04-29 02:20:00+00:00,2026-04-29 02:25:00+00:00,1,0.003472222222222222,14.038008908404104,-0.0,-5.9619910915958965,True,10,2.5
HOOD/COIN,2026-04-29 02:30:00+00:00,2026-04-29 02:35:00+00:00,1,0.003472222222222222,9.451208611638126,-0.0,-10.548791388361874,True,10,2.5
HOOD/COIN,2026-04-29 02:40:00+00:00,2026-04-29 02:45:00+00:00,1,0.003472222222222222,-2.3821555670845442,-0.0,-22.382155567084546,True,10,2.5
HOOD/COIN,2026-04-29 02:50:00+00:00,2026-04-29 02:55:00+00:00,1,0.003472222222222222,-7.6630232504046685,-0.0,-27.66302325040467,True,10,2.5
HOOD/COIN,2026-04-29 03:00:00+00:00,2026-04-29 03:05:00+00:00,1,0.003472222222222222,-5.283073270157125,-0.0,-25.283073270157125,True,10,2.5
HOOD/COIN,2026-04-29 03:10:00+00:00,2026-04-29 03:15:00+00:00,1,0.003472222222222222,-9.217872289810112,-0.0,-29.21787228981011,True,10,2.5
HOOD/COIN,2026-04-29 03:20:00+00:00,2026-04-29 03:25:00+00:00,1,0.003472222222222222,6.477362287314649,-0.0,-13.522637712685352,True,10,2.5
HOOD/COIN,2026-04-29 03:30:00+00:00,2026-04-29 03:35:00+00:00,1,0.003472222222222222,7.639797735342526,-0.0,-12.360202264657474,True,10,2.5
HOOD/COIN,2026-04-29 03:40:00+00:00,2026-04-29 03:45:00+00:00,1,0.003472222222222222,-17.545666530090656,-0.0,-37.54566653009066,True,10,2.5
HOOD/COIN,2026-04-29 03:50:00+00:00,2026-04-29 03:55:00+00:00,1,0.003472222222222222,-3.501622441352095,-0.0,-23.501622441352094,True,10,2.5
HOOD/COIN,2026-04-29 04:00:00+00:00,2026-04-29 04:05:00+00:00,1,0.003472222222222222,2.9802149413885464,-0.0,-17.019785058611454,True,10,2.5
HOOD/COIN,2026-04-29 04:10:00+00:00,2026-04-29 04:15:00+00:00,1,0.003472222222222222,-3.372364438957592,-0.0,-23.372364438957593,True,10,2.5
HOOD/COIN,2026-04-29 04:20:00+00:00,2026-04-29 04:25:00+00:00,1,0.003472222222222222,4.015258034271715,-0.0,-15.984741965728286,True,10,2.5
HOOD/COIN,2026-04-29 04:30:00+00:00,2026-04-29 04:35:00+00:00,1,0.003472222222222222,18.257280349014337,-0.0,-1.7427196509856628,True,10,2.5
HOOD/COIN,2026-04-29 04:40:00+00:00,2026-04-29 04:45:00+00:00,1,0.003472222222222222,-9.55363472530458,-0.0,-29.55363472530458,True,10,2.5
HOOD/COIN,2026-04-29 04:50:00+00:00,2026-04-29 04:55:00+00:00,1,0.003472222222222222,-21.076148722372327,-0.0,-41.076148722372324,True,10,2.5
HOOD/COIN,2026-04-29 05:00:00+00:00,2026-04-29 05:05:00+00:00,1,0.003472222222222222,13.39568379804559,-0.0,-6.6043162019544095,True,10,2.5
HOOD/COIN,2026-04-29 05:10:00+00:00,2026-04-29 05:15:00+00:00,1,0.003472222222222222,0.6312223405043961,-0.0,-19.368777659495603,True,10,2.5
HOOD/COIN,2026-04-29 05:20:00+00:00,2026-04-29 05:25:00+00:00,1,0.003472222222222222,-1.6442649720046794,-0.0,-21.64426497200468,True,10,2.5
HOOD/COIN,2026-04-29 05:30:00+00:00,2026-04-29 05:35:00+00:00,1,0.003472222222222222,-6.147643538275657,-0.0,-26.14764353827566,True,10,2.5
HOOD/COIN,2026-04-29 05:40:00+00:00,2026-04-29 05:45:00+00:00,1,0.003472222222222222,6.5850876176985915,-0.0,-13.41491238230141,True,10,2.5
HOOD/COIN,2026-04-29 05:50:00+00:00,2026-04-29 05:55:00+00:00,1,0.003472222222222222,0.4070624331786992,-0.0,-19.592937566821302,True,10,2.5
HOOD/COIN,2026-04-29 06:00:00+00:00,2026-04-29 06:05:00+00:00,1,0.003472222222222222,11.007216750943511,-0.0,-8.992783249056489,True,10,2.5
HOOD/COIN,2026-04-29 06:10:00+00:00,2026-04-29 06:15:00+00:00,1,0.003472222222222222,-4.944763152841849,-0.0,-24.94476315284185,True,10,2.5
HOOD/COIN,2026-04-29 06:20:00+00:00,2026-04-29 10:30:00+00:00,1,0.1736111111111111,-162.47950514137656,-0.0,-182.47950514137656,True,10,2.5
HOOD/COIN,2026-04-29 10:35:00+00:00,2026-05-05 13:55:00+00:00,1,6.138888888888889,245.8954335424908,-42.90209999999999,182.9933335424908,False,10,2.5
HOOD/COIN,2026-05-18 13:40:00+00:00,2026-05-19 14:05:00+00:00,-1,1.0173611111111112,414.052039922357,-6.2376000000000005,387.814439922357,False,10,2.5
HOOD/COIN,2026-05-27 13:30:00+00:00,2026-05-27 16:30:00+00:00,-1,0.125,-272.6400688078879,-0.0,-292.6400688078879,True,10,2.5
HOOD/COIN,2026-05-27 16:35:00+00:00,2026-05-27 16:40:00+00:00,-1,0.003472222222222222,18.487937230593023,-0.0,-1.5120627694069775,True,10,2.5
HOOD/COIN,2026-05-27 16:45:00+00:00,2026-05-27 18:10:00+00:00,-1,0.059027777777777776,-22.599249062894536,-0.0,-42.599249062894536,True,10,2.5
HOOD/COIN,2026-05-27 18:15:00+00:00,2026-05-27 18:20:00+00:00,-1,0.003472222222222222,-5.701006092501612,-0.0,-25.70100609250161,True,10,2.5
HOOD/COIN,2026-05-27 18:25:00+00:00,2026-05-27 18:30:00+00:00,-1,0.003472222222222222,3.2084763382962223,-0.0,-16.791523661703778,True,10,2.5
HOOD/COIN,2026-05-27 18:35:00+00:00,2026-05-27 18:40:00+00:00,-1,0.003472222222222222,-8.617578388838405,-0.0,-28.617578388838403,True,10,2.5
HOOD/COIN,2026-05-27 18:45:00+00:00,2026-05-27 18:50:00+00:00,-1,0.003472222222222222,-17.66076059154272,-0.0,-37.66076059154272,True,10,2.5
HOOD/COIN,2026-05-27 18:55:00+00:00,2026-05-27 19:00:00+00:00,-1,0.003472222222222222,14.0086497824692,-0.0,-5.991350217530799,True,10,2.5
HOOD/COIN,2026-05-27 19:05:00+00:00,2026-05-27 19:10:00+00:00,-1,0.003472222222222222,-21.49896260179811,-0.0,-41.49896260179811,True,10,2.5
HOOD/COIN,2026-05-27 19:15:00+00:00,2026-05-27 19:20:00+00:00,-1,0.003472222222222222,-15.247141651054985,-0.0,-35.24714165105499,True,10,2.5
HOOD/COIN,2026-05-27 19:25:00+00:00,2026-05-27 19:30:00+00:00,-1,0.003472222222222222,-3.9946358279367664,-0.0,-23.994635827936765,True,10,2.5
HOOD/COIN,2026-05-27 19:35:00+00:00,2026-05-27 19:40:00+00:00,-1,0.003472222222222222,-0.15604720902671876,-0.0,-20.15604720902672,True,10,2.5
HOOD/COIN,2026-05-27 19:45:00+00:00,2026-05-27 19:50:00+00:00,-1,0.003472222222222222,-2.5940526021450836,-0.0,-22.594052602145084,True,10,2.5
HOOD/COIN,2026-05-27 19:55:00+00:00,2026-05-27 20:00:00+00:00,-1,0.003472222222222222,-38.43193282211836,-0.0,-58.43193282211836,True,10,2.5
HOOD/COIN,2026-05-27 20:05:00+00:00,2026-05-27 20:10:00+00:00,-1,0.003472222222222222,6.643980355486617,-0.0,-13.356019644513383,True,10,2.5
HOOD/COIN,2026-05-27 20:15:00+00:00,2026-05-27 20:20:00+00:00,-1,0.003472222222222222,-0.23929826446265814,-0.0,-20.239298264462658,True,10,2.5
HOOD/COIN,2026-05-27 20:25:00+00:00,2026-05-27 20:30:00+00:00,-1,0.003472222222222222,-0.6500891138561761,-0.0,-20.650089113856176,True,10,2.5
HOOD/COIN,2026-05-27 20:35:00+00:00,2026-05-27 20:40:00+00:00,-1,0.003472222222222222,-0.9711730606483664,-0.0,-20.971173060648365,True,10,2.5
HOOD/COIN,2026-05-27 20:45:00+00:00,2026-05-27 20:50:00+00:00,-1,0.003472222222222222,-8.411956971512897,-0.0,-28.411956971512897,True,10,2.5
HOOD/COIN,2026-05-27 20:55:00+00:00,2026-05-27 21:00:00+00:00,-1,0.003472222222222222,-4.236694446168985,-0.0,-24.236694446168986,True,10,2.5
HOOD/COIN,2026-05-27 21:05:00+00:00,2026-05-27 21:10:00+00:00,-1,0.003472222222222222,-6.7208463734580945,-0.0,-26.720846373458095,True,10,2.5
HOOD/COIN,2026-05-27 21:15:00+00:00,2026-05-27 21:20:00+00:00,-1,0.003472222222222222,7.930530481477976,-0.0,-12.069469518522023,True,10,2.5
HOOD/COIN,2026-05-27 21:25:00+00:00,2026-05-27 21:30:00+00:00,-1,0.003472222222222222,-0.6681417590498345,-0.0,-20.668141759049835,True,10,2.5
HOOD/COIN,2026-05-27 21:35:00+00:00,2026-05-27 21:40:00+00:00,-1,0.003472222222222222,-2.6116479647030046,-0.0,-22.611647964703003,True,10,2.5
HOOD/COIN,2026-05-27 21:45:00+00:00,2026-05-27 21:50:00+00:00,-1,0.003472222222222222,-17.38527075718568,-0.0,-37.38527075718568,True,10,2.5
HOOD/COIN,2026-05-27 21:55:00+00:00,2026-05-27 22:00:00+00:00,-1,0.003472222222222222,-6.062566309791631,-0.0,-26.06256630979163,True,10,2.5
HOOD/COIN,2026-05-27 22:05:00+00:00,2026-05-27 22:10:00+00:00,-1,0.003472222222222222,-2.6113069739702963,-0.0,-22.611306973970297,True,10,2.5
HOOD/COIN,2026-05-27 22:15:00+00:00,2026-05-27 22:20:00+00:00,-1,0.003472222222222222,-8.420781341638477,-0.0,-28.420781341638477,True,10,2.5
HOOD/COIN,2026-05-27 22:25:00+00:00,2026-05-27 22:30:00+00:00,-1,0.003472222222222222,4.444297410784683,-0.0,-15.555702589215317,True,10,2.5
HOOD/COIN,2026-05-27 22:35:00+00:00,2026-05-27 22:40:00+00:00,-1,0.003472222222222222,-5.384905206233032,-0.0,-25.384905206233032,True,10,2.5
HOOD/COIN,2026-05-27 22:45:00+00:00,2026-05-27 22:50:00+00:00,-1,0.003472222222222222,3.982224774474047,-0.0,-16.017775225525952,True,10,2.5
HOOD/COIN,2026-05-27 22:55:00+00:00,2026-05-27 23:00:00+00:00,-1,0.003472222222222222,-2.972675156871169,-0.0,-22.97267515687117,True,10,2.5
HOOD/COIN,2026-05-27 23:05:00+00:00,2026-05-27 23:10:00+00:00,-1,0.003472222222222222,-10.561587225036027,-0.0,-30.56158722503603,True,10,2.5
HOOD/COIN,2026-05-27 23:15:00+00:00,2026-06-08 15:40:00+00:00,-1,11.684027777777779,-1737.0605762780863,-21.764100000000003,-1778.8246762780864,False,10,2.5
HOOD/COIN,2026-06-10 13:45:00+00:00,2026-06-16 15:00:00+00:00,-1,6.052083333333333,35.35680331867123,-11.934100000000003,3.422703318671232,False,10,2.5
HOOD/COIN,2026-06-17 15:00:00+00:00,2026-06-23 01:20:00+00:00,-1,5.430555555555555,-216.0722399251903,10.914099999999994,-225.1581399251903,False,10,2.5
HOOD/COIN,2026-06-29 10:35:00+00:00,2026-06-30 15:05:00+00:00,-1,1.1875,-509.8515972016651,-2.2420000000000004,-532.093597201665,True,10,2.5
HOOD/COIN,2026-06-30 15:10:00+00:00,2026-06-30 15:15:00+00:00,-1,0.003472222222222222,-1.2322628881606539,-0.0,-21.232262888160655,True,10,2.5
HOOD/COIN,2026-06-30 15:20:00+00:00,2026-06-30 15:25:00+00:00,-1,0.003472222222222222,-28.084632206283416,-0.0,-48.084632206283416,True,10,2.5
HOOD/COIN,2026-06-30 15:30:00+00:00,2026-06-30 15:35:00+00:00,-1,0.003472222222222222,36.972527419704804,-0.0,16.972527419704804,True,10,2.5
HOOD/COIN,2026-06-30 15:40:00+00:00,2026-07-01 15:45:00+00:00,-1,1.0034722222222223,591.6489961201736,1.5117,573.1606961201736,False,10,2.5
HOOD/COIN,2026-07-06 14:10:00+00:00,2026-07-08 09:55:00+00:00,-1,1.8229166666666667,244.61934559066333,1.8493000000000002,226.46864559066333,False,10,2.5
HOOD/COIN,2026-07-08 19:15:00+00:00,2026-07-10 13:40:00+00:00,-1,1.7673611111111112,237.70947992534127,5.460699999999999,223.17017992534127,False,10,2.5
HOOD/COIN,2026-07-16 15:50:00+00:00,2026-07-16 17:10:00+00:00,1,0.05555555555555555,-206.96853121281546,-0.0,-226.96853121281546,True,10,2.5
HOOD/COIN,2026-07-16 17:15:00+00:00,2026-07-16 17:20:00+00:00,1,0.003472222222222222,-36.97945383742509,-0.0,-56.97945383742509,True,10,2.5
HOOD/COIN,2026-07-16 17:25:00+00:00,2026-07-16 17:30:00+00:00,1,0.003472222222222222,-8.897518827794201,-0.0,-28.8975188277942,True,10,2.5
HOOD/COIN,2026-07-16 17:35:00+00:00,2026-07-16 18:50:00+00:00,1,0.052083333333333336,-6.408923910072789,-0.0,-26.40892391007279,True,10,2.5
HOOD/COIN,2026-07-16 18:55:00+00:00,2026-07-16 19:00:00+00:00,1,0.003472222222222222,23.317090609784707,-0.0,3.3170906097847066,True,10,2.5
HOOD/COIN,2026-07-16 19:05:00+00:00,2026-07-16 20:05:00+00:00,1,0.041666666666666664,-17.691891543025804,-0.0,-37.691891543025804,True,10,2.5
HOOD/COIN,2026-07-16 20:10:00+00:00,2026-07-16 20:20:00+00:00,1,0.006944444444444444,-12.881289193834855,-0.0,-32.88128919383485,True,10,2.5
HOOD/COIN,2026-07-16 20:25:00+00:00,2026-07-16 20:30:00+00:00,1,0.003472222222222222,-11.7597404000929,-0.0,-31.759740400092902,True,10,2.5
HOOD/COIN,2026-07-16 20:35:00+00:00,2026-07-16 20:40:00+00:00,1,0.003472222222222222,8.012708837867285,-0.0,-11.987291162132715,True,10,2.5
HOOD/COIN,2026-07-16 20:45:00+00:00,2026-07-17 13:40:00+00:00,1,0.7048611111111112,-347.98878335853203,-0.0,-367.98878335853203,True,10,2.5
HOOD/COIN,2026-07-17 13:45:00+00:00,2026-07-17 13:50:00+00:00,1,0.003472222222222222,-38.554953034530755,-0.0,-58.554953034530755,True,10,2.5
HOOD/COIN,2026-07-17 13:55:00+00:00,2026-07-17 14:00:00+00:00,1,0.003472222222222222,-16.311782508702503,-0.0,-36.31178250870251,True,10,2.5
HOOD/COIN,2026-07-17 14:05:00+00:00,2026-07-23 19:20:00+00:00,1,6.21875,-32.02043523807027,-0.14930000000000077,-52.169735238070274,False,10,2.5
HOOD/COIN,2026-07-27 14:45:00+00:00,2026-07-31 13:35:00+00:00,1,3.951388888888889,315.4099828420179,-4.7135,290.6964828420179,False,10,2.5
MSTR/COIN,2026-02-19 15:05:00+00:00,2026-02-23 14:35:00+00:00,1,3.9791666666666665,260.9900681985141,-0.0,240.9900681985141,False,10,2.0
MSTR/COIN,2026-02-25 15:55:00+00:00,2026-03-02 01:10:00+00:00,1,4.385416666666667,127.62105591154919,-64.05969999999999,43.5613559115492,False,10,2.0
MSTR/COIN,2026-03-04 07:55:00+00:00,2026-03-09 14:15:00+00:00,1,5.263888888888889,-214.50873238572575,-36.31049999999998,-270.81923238572574,False,10,2.0
MSTR/COIN,2026-03-13 14:25:00+00:00,2026-03-17 13:35:00+00:00,-1,3.9652777777777777,332.1485480768166,42.32659999999998,354.4751480768166,False,10,2.0
MSTR/COIN,2026-03-19 13:50:00+00:00,2026-03-23 12:45:00+00:00,1,3.954861111111111,108.77030717507009,81.09470000000005,169.86500717507013,False,10,2.0
MSTR/COIN,2026-03-24 14:30:00+00:00,2026-03-30 19:20:00+00:00,-1,6.201388888888889,-419.40884362316996,74.5911,-364.81774362317,False,10,2.0
MSTR/COIN,2026-04-09 14:15:00+00:00,2026-04-14 15:55:00+00:00,-1,5.069444444444445,20.97450295947892,-0.329900000000001,0.6446029594789167,False,10,2.0
MSTR/COIN,2026-04-17 13:55:00+00:00,2026-04-27 13:40:00+00:00,-1,9.989583333333334,-598.8723265155844,1.5497000000000427,-617.3226265155844,False,10,2.0
MSTR/COIN,2026-04-29 13:35:00+00:00,2026-04-30 05:30:00+00:00,-1,0.6631944444444444,432.26794263500483,-1.0326,411.2353426350048,False,10,2.0
MSTR/COIN,2026-05-01 09:35:00+00:00,2026-05-01 17:15:00+00:00,-1,0.3194444444444444,-325.7871514888039,-0.0,-345.7871514888039,True,10,2.0
MSTR/COIN,2026-05-01 17:20:00+00:00,2026-05-01 17:25:00+00:00,-1,0.003472222222222222,-5.248256033893693,-0.0,-25.248256033893693,True,10,2.0
MSTR/COIN,2026-05-01 17:30:00+00:00,2026-05-01 17:40:00+00:00,-1,0.006944444444444444,-30.219656836140686,-0.0,-50.219656836140686,True,10,2.0
MSTR/COIN,2026-05-01 17:45:00+00:00,2026-05-01 17:50:00+00:00,-1,0.003472222222222222,-6.869570812290638,-0.0,-26.86957081229064,True,10,2.0
MSTR/COIN,2026-05-01 17:55:00+00:00,2026-05-01 18:00:00+00:00,-1,0.003472222222222222,-8.808496162710735,-0.0,-28.808496162710735,True,10,2.0
MSTR/COIN,2026-05-01 18:05:00+00:00,2026-05-01 18:10:00+00:00,-1,0.003472222222222222,-21.68077603967704,-0.0,-41.68077603967704,True,10,2.0
MSTR/COIN,2026-05-01 18:15:00+00:00,2026-05-01 18:20:00+00:00,-1,0.003472222222222222,-11.366138238013985,-0.0,-31.366138238013985,True,10,2.0
MSTR/COIN,2026-05-01 18:25:00+00:00,2026-05-01 18:30:00+00:00,-1,0.003472222222222222,-9.095081782788828,-0.0,-29.095081782788828,True,10,2.0
MSTR/COIN,2026-05-01 18:35:00+00:00,2026-05-01 18:40:00+00:00,-1,0.003472222222222222,30.158199935102473,-0.0,10.158199935102473,True,10,2.0
MSTR/COIN,2026-05-01 18:45:00+00:00,2026-05-01 18:50:00+00:00,-1,0.003472222222222222,14.654863725870777,-0.0,-5.3451362741292225,True,10,2.0
MSTR/COIN,2026-05-01 18:55:00+00:00,2026-05-01 19:00:00+00:00,-1,0.003472222222222222,9.90860111794121,-0.0,-10.09139888205879,True,10,2.0
MSTR/COIN,2026-05-01 19:05:00+00:00,2026-05-01 19:10:00+00:00,-1,0.003472222222222222,-23.39654022448427,-0.0,-43.39654022448427,True,10,2.0
MSTR/COIN,2026-05-01 19:15:00+00:00,2026-05-01 19:20:00+00:00,-1,0.003472222222222222,-18.641755124887027,-0.0,-38.64175512488703,True,10,2.0
MSTR/COIN,2026-05-01 19:25:00+00:00,2026-05-01 19:30:00+00:00,-1,0.003472222222222222,28.171287173712344,-0.0,8.171287173712344,True,10,2.0
MSTR/COIN,2026-05-01 19:35:00+00:00,2026-05-04 14:35:00+00:00,-1,2.7916666666666665,386.0738796621478,-3.817800000000017,362.2560796621478,False,10,2.0
MSTR/COIN,2026-05-05 13:55:00+00:00,2026-05-10 20:35:00+00:00,-1,5.277777777777778,32.90077935436826,5.568000000000005,18.468779354368266,False,10,2.0
MSTR/COIN,2026-05-12 10:15:00+00:00,2026-05-15 15:55:00+00:00,1,3.236111111111111,147.54531937613265,4.1959,131.74121937613265,False,10,2.0
MSTR/COIN,2026-05-19 17:05:00+00:00,2026-05-23 21:10:00+00:00,1,4.170138888888889,104.89516878192312,1.1800999999999988,86.07526878192311,False,10,2.0
MSTR/COIN,2026-05-28 13:55:00+00:00,2026-05-28 14:55:00+00:00,1,0.041666666666666664,-207.9442119756785,-0.0,-227.9442119756785,True,10,2.0
MSTR/COIN,2026-05-28 15:00:00+00:00,2026-05-28 15:05:00+00:00,1,0.003472222222222222,-35.319767217399104,-0.0,-55.319767217399104,True,10,2.0
MSTR/COIN,2026-05-28 15:10:00+00:00,2026-05-28 15:15:00+00:00,1,0.003472222222222222,-53.591782911353285,-0.0,-73.59178291135328,True,10,2.0
MSTR/COIN,2026-05-28 15:20:00+00:00,2026-05-28 15:25:00+00:00,1,0.003472222222222222,-9.483479248981268,-0.0,-29.48347924898127,True,10,2.0
MSTR/COIN,2026-05-28 15:30:00+00:00,2026-05-28 15:35:00+00:00,1,0.003472222222222222,-1.2517946421986383,-0.0,-21.25179464219864,True,10,2.0
MSTR/COIN,2026-05-28 15:40:00+00:00,2026-05-28 15:45:00+00:00,1,0.003472222222222222,6.035351538532692,-0.0,-13.96464846146731,True,10,2.0
MSTR/COIN,2026-05-28 15:50:00+00:00,2026-05-28 15:55:00+00:00,1,0.003472222222222222,-15.49701439211431,-0.0,-35.49701439211431,True,10,2.0
MSTR/COIN,2026-05-28 16:00:00+00:00,2026-05-28 16:05:00+00:00,1,0.003472222222222222,-8.863707783292956,-0.0,-28.863707783292956,True,10,2.0
MSTR/COIN,2026-05-28 16:10:00+00:00,2026-05-28 16:15:00+00:00,1,0.003472222222222222,38.72130567458663,-0.0,18.72130567458663,True,10,2.0
MSTR/COIN,2026-05-28 16:20:00+00:00,2026-06-07 08:40:00+00:00,1,9.680555555555555,-307.524247009916,4.344500000000003,-323.179747009916,False,10,2.0
MSTR/COIN,2026-06-09 19:10:00+00:00,2026-06-12 14:40:00+00:00,1,2.8125,196.46078892562196,3.309799999999999,179.77058892562195,False,10,2.0
MSTR/COIN,2026-06-16 16:10:00+00:00,2026-06-29 17:00:00+00:00,1,13.034722222222221,-2058.377553795447,-35.7075,-2114.085053795447,False,10,2.0
MSTR/COIN,2026-07-13 13:35:00+00:00,2026-07-14 13:35:00+00:00,1,1.0,299.1047811907298,-0.6215999999999996,278.4831811907298,False,10,2.0
MSTR/COIN,2026-07-16 08:15:00+00:00,2026-07-16 18:15:00+00:00,1,0.4166666666666667,181.8568416645943,-0.0,161.8568416645943,False,10,2.0
MSTR/COIN,2026-07-17 02:40:00+00:00,2026-07-17 10:05:00+00:00,1,0.3090277777777778,187.15863134377537,-1.554,165.60463134377537,False,10,2.0
MSTR/COIN,2026-07-20 14:15:00+00:00,2026-07-21 13:20:00+00:00,-1,0.9618055555555556,213.01259081336474,-1.0960999999999999,191.91649081336473,False,10,2.0
MSTR/COIN,2026-07-21 14:20:00+00:00,2026-07-22 17:15:00+00:00,1,1.1215277777777777,218.81436920467658,-0.5612,198.25316920467657,False,10,2.0
MSTR/COIN,2026-07-23 17:40:00+00:00,2026-07-24 13:35:00+00:00,1,0.8298611111111112,298.5261276255474,-1.5471,276.9790276255474,False,10,2.0
MSTR/COIN,2026-07-30 20:10:00+00:00,2026-07-30 20:15:00+00:00,-1,0.003472222222222222,-306.39545077264216,-0.0,-326.39545077264216,True,10,2.0
MSTR/COIN,2026-07-30 20:20:00+00:00,2026-07-30 20:25:00+00:00,-1,0.003472222222222222,-69.30185615366284,-0.0,-89.30185615366284,True,10,2.0
MSTR/COIN,2026-07-30 20:30:00+00:00,2026-07-30 20:35:00+00:00,-1,0.003472222222222222,42.50589855746726,-0.0,22.505898557467262,True,10,2.0
MSTR/COIN,2026-07-30 20:40:00+00:00,2026-07-30 20:45:00+00:00,-1,0.003472222222222222,8.704751623320949,-0.0,-11.295248376679051,True,10,2.0
MSTR/COIN,2026-07-30 20:50:00+00:00,2026-07-30 20:55:00+00:00,-1,0.003472222222222222,-55.76204096167181,-0.0,-75.7620409616718,True,10,2.0
MSTR/COIN,2026-07-30 21:00:00+00:00,2026-07-30 21:05:00+00:00,-1,0.003472222222222222,42.31713174611903,-0.0,22.31713174611903,True,10,2.0
MSTR/COIN,2026-07-30 21:10:00+00:00,2026-07-30 21:15:00+00:00,-1,0.003472222222222222,-36.610308500451545,-0.0,-56.610308500451545,True,10,2.0
MSTR/COIN,2026-07-30 21:20:00+00:00,2026-07-30 21:25:00+00:00,-1,0.003472222222222222,-134.54596715721442,-0.0,-154.54596715721442,True,10,2.0
MSTR/COIN,2026-07-30 21:30:00+00:00,2026-07-30 21:35:00+00:00,-1,0.003472222222222222,18.330305501913713,-0.0,-1.6696944980862867,True,10,2.0
MSTR/COIN,2026-07-30 21:40:00+00:00,2026-07-30 21:45:00+00:00,-1,0.003472222222222222,2.6113069739702963,-0.0,-17.388693026029703,True,10,2.0
MSTR/COIN,2026-07-30 21:50:00+00:00,2026-07-30 21:55:00+00:00,-1,0.003472222222222222,47.04736001587646,-0.0,27.047360015876457,True,10,2.0
MSTR/COIN,2026-07-30 22:00:00+00:00,2026-07-30 22:05:00+00:00,-1,0.003472222222222222,-2.613319714890375,-0.0,-22.613319714890373,True,10,2.0
MSTR/COIN,2026-07-30 22:10:00+00:00,2026-07-30 22:15:00+00:00,-1,0.003472222222222222,21.480515111542125,-0.0,1.4805151115421253,True,10,2.0
MSTR/COIN,2026-07-30 22:20:00+00:00,2026-07-30 22:25:00+00:00,-1,0.003472222222222222,9.505407840422485,-0.0,-10.494592159577515,True,10,2.0
MSTR/COIN,2026-07-30 22:30:00+00:00,2026-07-30 22:35:00+00:00,-1,0.003472222222222222,-5.692414875191066,-0.0,-25.692414875191066,True,10,2.0
MSTR/COIN,2026-07-30 22:40:00+00:00,2026-07-30 22:45:00+00:00,-1,0.003472222222222222,5.5343061991252736,-0.0,-14.465693800874726,True,10,2.0
MSTR/COIN,2026-07-30 22:50:00+00:00,2026-07-30 22:55:00+00:00,-1,0.003472222222222222,4.269040185129697,-0.0,-15.730959814870303,True,10,2.0
MSTR/COIN,2026-07-30 23:00:00+00:00,2026-07-30 23:05:00+00:00,-1,0.003472222222222222,4.813465295251452,-0.0,-15.18653470474855,True,10,2.0
MSTR/COIN,2026-07-30 23:10:00+00:00,2026-07-30 23:15:00+00:00,-1,0.003472222222222222,-15.025070531374922,-0.0,-35.02507053137492,True,10,2.0
MSTR/COIN,2026-07-30 23:20:00+00:00,2026-07-30 23:25:00+00:00,-1,0.003472222222222222,8.980904537454908,-0.0,-11.019095462545092,True,10,2.0
MSTR/COIN,2026-07-30 23:30:00+00:00,2026-07-30 23:35:00+00:00,-1,0.003472222222222222,-25.45488688962762,-0.0,-45.454886889627616,True,10,2.0
MSTR/COIN,2026-07-30 23:40:00+00:00,2026-07-30 23:45:00+00:00,-1,0.003472222222222222,15.729305518163445,-0.0,-4.270694481836555,True,10,2.0
MSTR/COIN,2026-07-30 23:50:00+00:00,2026-07-30 23:55:00+00:00,-1,0.003472222222222222,14.137035397906434,-0.0,-5.862964602093566,True,10,2.0
MSTR/COIN,2026-07-31 00:00:00+00:00,2026-07-31 00:05:00+00:00,-1,0.003472222222222222,4.305658135981105,-0.0,-15.694341864018895,True,10,2.0
MSTR/COIN,2026-07-31 00:10:00+00:00,2026-07-31 01:05:00+00:00,-1,0.03819444444444445,-54.18890312963122,-0.0,-74.18890312963123,True,10,2.0
MSTR/COIN,2026-07-31 01:10:00+00:00,2026-07-31 01:15:00+00:00,-1,0.003472222222222222,5.297271441572166,-0.0,-14.702728558427834,True,10,2.0
MSTR/COIN,2026-07-31 01:20:00+00:00,2026-07-31 01:30:00+00:00,-1,0.006944444444444444,-8.496113654950419,-0.0,-28.49611365495042,True,10,2.0
MSTR/COIN,2026-07-31 01:35:00+00:00,2026-07-31 01:40:00+00:00,-1,0.003472222222222222,19.8726782275523,-0.0,-0.1273217724477007,True,10,2.0
MSTR/COIN,2026-07-31 01:45:00+00:00,2026-07-31 13:35:00+00:00,-1,0.4930555555555556,-203.45249019381743,-0.576,-224.02849019381742,True,10,2.0
MSTR/COIN,2026-07-31 13:40:00+00:00,2026-07-31 13:45:00+00:00,-1,0.003472222222222222,124.10349523794429,-0.0,104.10349523794429,True,10,2.0
MSTR/COIN,2026-07-31 13:50:00+00:00,2026-07-31 13:55:00+00:00,-1,0.003472222222222222,-31.884196224387722,-0.0,-51.88419622438772,True,10,2.0
MSTR/COIN,2026-07-31 14:00:00+00:00,2026-07-31 14:05:00+00:00,-1,0.003472222222222222,47.972280212045696,-0.0,27.972280212045696,True,10,2.0
MSTR/COIN,2026-07-31 14:10:00+00:00,2026-07-31 14:15:00+00:00,-1,0.003472222222222222,-71.21930843090804,-0.0,-91.21930843090804,True,10,2.0
MSTR/COIN,2026-07-31 14:20:00+00:00,2026-07-31 14:25:00+00:00,-1,0.003472222222222222,-2.1049612021113284,-0.0,-22.10496120211133,True,10,2.0
MSTR/COIN,2026-07-31 14:30:00+00:00,2026-07-31 14:35:00+00:00,-1,0.003472222222222222,8.026596354618068,-0.0,-11.973403645381932,True,10,2.0
MSTR/COIN,2026-07-31 14:40:00+00:00,2026-07-31 14:45:00+00:00,-1,0.003472222222222222,41.48292976821891,-0.0,21.48292976821891,True,10,2.0
MSTR/COIN,2026-07-31 14:50:00+00:00,2026-07-31 14:55:00+00:00,-1,0.003472222222222222,39.148103737381525,-0.0,19.148103737381525,True,10,2.0
MSTR/COIN,2026-07-31 15:00:00+00:00,2026-07-31 15:05:00+00:00,-1,0.003472222222222222,-36.36252104668825,-0.0,-56.36252104668825,True,10,2.0
MSTR/COIN,2026-07-31 15:10:00+00:00,2026-07-31 15:15:00+00:00,-1,0.003472222222222222,-50.931052598678676,-0.0,-70.93105259867868,True,10,2.0
MSTR/COIN,2026-07-31 15:20:00+00:00,2026-07-31 15:25:00+00:00,-1,0.003472222222222222,10.267734620722619,-0.0,-9.732265379277381,True,10,2.0
MSTR/COIN,2026-07-31 15:30:00+00:00,2026-07-31 15:35:00+00:00,-1,0.003472222222222222,17.46206995782281,-0.0,-2.537930042177191,True,10,2.0
MSTR/COIN,2026-07-31 15:40:00+00:00,2026-07-31 15:45:00+00:00,-1,0.003472222222222222,18.496322119245008,-0.0,-1.5036778807549922,True,10,2.0
MSTR/COIN,2026-07-31 15:50:00+00:00,2026-07-31 15:55:00+00:00,-1,0.003472222222222222,0.4128108642017462,-0.0,-19.587189135798255,True,10,2.0
MSTR/COIN,2026-07-31 16:00:00+00:00,2026-07-31 16:05:00+00:00,-1,0.003472222222222222,57.85815402516013,0.803,38.66115402516013,True,10,2.0
MSTR/COIN,2026-07-31 16:10:00+00:00,2026-07-31 16:15:00+00:00,-1,0.003472222222222222,-8.465299871445433,-0.0,-28.46529987144543,True,10,2.0
MSTR/COIN,2026-07-31 16:20:00+00:00,2026-07-31 16:25:00+00:00,-1,0.003472222222222222,62.79431662155125,-0.0,42.79431662155125,True,10,2.0
MSTR/COIN,2026-07-31 16:30:00+00:00,2026-07-31 16:35:00+00:00,-1,0.003472222222222222,28.530418493039026,-0.0,8.530418493039026,True,10,2.0
MSTR/COIN,2026-07-31 16:40:00+00:00,2026-07-31 16:55:00+00:00,-1,0.010416666666666666,-27.746570910182438,-0.0,-47.74657091018244,True,10,2.0
MSTR/COIN,2026-07-31 17:00:00+00:00,2026-07-31 17:05:00+00:00,-1,0.003472222222222222,27.925510293750857,-0.0,7.9255102937508575,True,10,2.0
MSTR/COIN,2026-07-31 17:10:00+00:00,2026-08-07 18:30:00+00:00,-1,7.055555555555555,-31.53527806477367,-10.466,-62.00127806477367,False,10,2.0
ALAB/CRDO,2026-07-08 14:15:00+00:00,2026-07-10 16:20:00+00:00,1,2.0868055555555554,699.6284156837615,-0.9112000000000009,678.7172156837615,False,10,2.5
ALAB/CRDO,2026-07-17 18:50:00+00:00,2026-07-18 05:25:00+00:00,1,0.4409722222222222,420.1151034609484,0.07700000000000001,400.1921034609484,False,10,2.5
ALAB/CRDO,2026-07-20 12:15:00+00:00,2026-07-29 04:20:00+00:00,1,8.67013888888889,-702.182098768809,2.5898999999999996,-719.5921987688091,False,10,2.5
ALAB/CRDO,2026-07-30 20:30:00+00:00,2026-08-02 08:05:00+00:00,-1,2.482638888888889,560.4663270067215,-5.2596,535.2067270067215,False,10,2.5
ALAB/CRDO,2026-08-04 20:10:00+00:00,2026-08-04 20:45:00+00:00,-1,0.024305555555555556,1051.9176369794332,-0.0,1031.9176369794332,False,10,2.5
ALAB/CRDO,2026-08-07 19:15:00+00:00,2026-08-13 08:00:00+00:00,1,5.53125,-1190.2036394856902,0.059500000000000094,-1210.1441394856902,False,10,2.5
AMD/NVDA,2026-05-22 13:20:00+00:00,2026-06-01 08:10:00+00:00,-1,9.784722222222221,-1061.2490630048367,-38.630099999999985,-1119.8791630048368,False,10,2.5
AMD/NVDA,2026-06-06 02:35:00+00:00,2026-06-08 00:05:00+00:00,1,1.8958333333333333,584.4940351891311,6.109399999999999,570.6034351891311,False,10,2.5
AMD/NVDA,2026-06-22 20:00:00+00:00,2026-06-23 06:55:00+00:00,-1,0.4548611111111111,297.73218256180803,0.24050000000000002,277.972682561808,False,10,2.5
AMD/NVDA,2026-06-24 20:25:00+00:00,2026-06-29 14:00:00+00:00,-1,4.732638888888889,51.26295098430378,-3.833300000000003,27.429650984303777,False,10,2.5
AMD/NVDA,2026-06-29 17:30:00+00:00,2026-06-30 16:50:00+00:00,-1,0.9722222222222222,-534.2292240874115,-3.7569000000000004,-557.9861240874114,True,10,2.5
AMD/NVDA,2026-06-30 16:55:00+00:00,2026-07-01 20:15:00+00:00,-1,1.1388888888888888,694.2378099483387,0.7262000000000001,674.9640099483387,False,10,2.5
AMD/NVDA,2026-07-06 14:50:00+00:00,2026-07-07 05:05:00+00:00,-1,0.59375,487.0150256422881,-1.0747,465.9403256422881,False,10,2.5
AMD/NVDA,2026-07-08 15:25:00+00:00,2026-07-09 13:35:00+00:00,1,0.9236111111111112,556.1029303579746,0.9999,537.1028303579747,False,10,2.5
AMD/NVDA,2026-07-15 14:40:00+00:00,2026-07-20 09:50:00+00:00,1,4.798611111111111,59.89402094441397,0.5397,40.43372094441397,False,10,2.5
AMD/NVDA,2026-07-28 13:35:00+00:00,2026-07-30 13:50:00+00:00,1,2.0104166666666665,427.8359797123657,-0.0,407.8359797123657,False,10,2.5
AMD/NVDA,2026-08-04 23:10:00+00:00,2026-08-12 02:50:00+00:00,1,7.152777777777778,73.92986400804787,-4.7823,49.147564008047866,False,10,2.5
QQQ/SPY,2026-04-16 14:35:00+00:00,2026-04-28 10:40:00+00:00,-1,11.836805555555555,-147.12148560149407,21.837999999999997,-145.28348560149408,False,10,2.5
QQQ/SPY,2026-05-05 13:45:00+00:00,2026-05-12 15:25:00+00:00,-1,7.069444444444445,-144.78462355695063,39.086000000000006,-125.69862355695062,False,10,2.5
QQQ/SPY,2026-05-18 16:25:00+00:00,2026-05-20 07:25:00+00:00,1,1.625,42.63299309095007,-10.056500000000002,12.576493090950073,False,10,2.5
QQQ/SPY,2026-05-24 10:25:00+00:00,2026-06-04 11:15:00+00:00,-1,11.034722222222221,-127.97323099955449,24.839700000000004,-123.13353099955448,False,10,2.5
QQQ/SPY,2026-06-05 15:30:00+00:00,2026-06-05 20:05:00+00:00,1,0.1909722222222222,-99.38488704488664,-4.3415,-123.72638704488664,True,10,2.5
QQQ/SPY,2026-06-05 20:10:00+00:00,2026-06-05 20:15:00+00:00,1,0.003472222222222222,-6.894079190620051,-0.0,-26.89407919062005,True,10,2.5
QQQ/SPY,2026-06-05 20:20:00+00:00,2026-06-05 20:25:00+00:00,1,0.003472222222222222,5.922223318548844,-0.0,-14.077776681451155,True,10,2.5
QQQ/SPY,2026-06-05 20:30:00+00:00,2026-06-05 20:35:00+00:00,1,0.003472222222222222,-11.493020388446883,-0.0,-31.493020388446883,True,10,2.5
QQQ/SPY,2026-06-05 20:40:00+00:00,2026-06-05 20:45:00+00:00,1,0.003472222222222222,-10.253308106698189,-0.0,-30.25330810669819,True,10,2.5
QQQ/SPY,2026-06-05 20:50:00+00:00,2026-06-05 20:55:00+00:00,1,0.003472222222222222,4.096765009409621,-0.0,-15.903234990590379,True,10,2.5
QQQ/SPY,2026-06-05 21:00:00+00:00,2026-06-05 21:05:00+00:00,1,0.003472222222222222,2.522937465577409,-0.0,-17.47706253442259,True,10,2.5
QQQ/SPY,2026-06-05 21:10:00+00:00,2026-06-05 21:15:00+00:00,1,0.003472222222222222,3.6129455376804023,-0.0,-16.387054462319597,True,10,2.5
QQQ/SPY,2026-06-05 21:20:00+00:00,2026-06-05 22:50:00+00:00,1,0.0625,-3.1919285819346492,-0.0,-23.19192858193465,True,10,2.5
QQQ/SPY,2026-06-05 22:55:00+00:00,2026-06-05 23:10:00+00:00,1,0.010416666666666666,-4.864606171470756,-0.0,-24.864606171470754,True,10,2.5
QQQ/SPY,2026-06-05 23:15:00+00:00,2026-06-05 23:20:00+00:00,1,0.003472222222222222,0.6146483724655136,-0.0,-19.385351627534487,True,10,2.5
QQQ/SPY,2026-06-05 23:25:00+00:00,2026-06-05 23:30:00+00:00,1,0.003472222222222222,-6.63663789452625,-0.0,-26.63663789452625,True,10,2.5
QQQ/SPY,2026-06-05 23:35:00+00:00,2026-06-05 23:40:00+00:00,1,0.003472222222222222,-11.837456853156036,-0.0,-31.837456853156034,True,10,2.5
QQQ/SPY,2026-06-05 23:45:00+00:00,2026-06-05 23:50:00+00:00,1,0.003472222222222222,7.1911453387139685,-0.0,-12.80885466128603,True,10,2.5
QQQ/SPY,2026-06-05 23:55:00+00:00,2026-06-06 00:00:00+00:00,1,0.003472222222222222,-3.840468257971508,-0.0,-23.84046825797151,True,10,2.5
QQQ/SPY,2026-06-06 00:05:00+00:00,2026-06-06 00:10:00+00:00,1,0.003472222222222222,-5.025931458215635,-0.0,-25.025931458215634,True,10,2.5
QQQ/SPY,2026-06-06 00:15:00+00:00,2026-06-06 00:35:00+00:00,1,0.013888888888888888,-0.9419433683387408,-0.0,-20.94194336833874,True,10,2.5
QQQ/SPY,2026-06-06 00:40:00+00:00,2026-06-06 00:45:00+00:00,1,0.003472222222222222,-0.5103930115881984,-0.0,-20.5103930115882,True,10,2.5
QQQ/SPY,2026-06-06 00:50:00+00:00,2026-06-06 00:55:00+00:00,1,0.003472222222222222,1.3426245290906118,-0.0,-18.65737547090939,True,10,2.5
QQQ/SPY,2026-06-06 01:00:00+00:00,2026-06-06 01:10:00+00:00,1,0.006944444444444444,-7.592462540130624,-0.0,-27.592462540130626,True,10,2.5
QQQ/SPY,2026-06-06 01:15:00+00:00,2026-06-06 01:45:00+00:00,1,0.020833333333333332,-14.862049292889953,-0.0,-34.86204929288995,True,10,2.5
QQQ/SPY,2026-06-06 01:50:00+00:00,2026-06-06 01:55:00+00:00,1,0.003472222222222222,-10.143748381105738,-0.0,-30.143748381105738,True,10,2.5
QQQ/SPY,2026-06-06 02:00:00+00:00,2026-06-06 02:05:00+00:00,1,0.003472222222222222,-7.854670449978004,-0.0,-27.854670449978002,True,10,2.5
QQQ/SPY,2026-06-06 02:10:00+00:00,2026-06-06 02:15:00+00:00,1,0.003472222222222222,1.0121401175866525,-0.0,-18.987859882413346,True,10,2.5
QQQ/SPY,2026-06-06 02:20:00+00:00,2026-06-06 02:25:00+00:00,1,0.003472222222222222,27.652912012931168,-0.0,7.652912012931168,True,10,2.5
QQQ/SPY,2026-06-06 02:30:00+00:00,2026-06-06 02:35:00+00:00,1,0.003472222222222222,-7.9152884710180285,-0.0,-27.91528847101803,True,10,2.5
QQQ/SPY,2026-06-06 02:40:00+00:00,2026-06-06 02:45:00+00:00,1,0.003472222222222222,9.249990750498329,-0.0,-10.750009249501671,True,10,2.5
QQQ/SPY,2026-06-06 02:50:00+00:00,2026-06-06 02:55:00+00:00,1,0.003472222222222222,-5.9804145230529535,-0.0,-25.980414523052954,True,10,2.5
QQQ/SPY,2026-06-06 03:00:00+00:00,2026-06-06 03:05:00+00:00,1,0.003472222222222222,-5.21782534424084,-0.0,-25.21782534424084,True,10,2.5
QQQ/SPY,2026-06-06 03:10:00+00:00,2026-06-06 03:15:00+00:00,1,0.003472222222222222,23.155220434905566,-0.0,3.1552204349055657,True,10,2.5
QQQ/SPY,2026-06-06 03:20:00+00:00,2026-06-06 03:25:00+00:00,1,0.003472222222222222,-0.3190504187863385,-0.0,-20.31905041878634,True,10,2.5
QQQ/SPY,2026-06-06 03:30:00+00:00,2026-06-06 03:35:00+00:00,1,0.003472222222222222,3.8556451286927214,-0.0,-16.14435487130728,True,10,2.5
QQQ/SPY,2026-06-06 03:40:00+00:00,2026-06-06 03:45:00+00:00,1,0.003472222222222222,6.010419286512914,-0.0,-13.989580713487086,True,10,2.5
QQQ/SPY,2026-06-06 03:50:00+00:00,2026-06-06 03:55:00+00:00,1,0.003472222222222222,-6.8181117846266295,-0.0,-26.81811178462663,True,10,2.5
QQQ/SPY,2026-06-06 04:00:00+00:00,2026-06-06 04:05:00+00:00,1,0.003472222222222222,2.8725833269700316,-0.0,-17.12741667302997,True,10,2.5
QQQ/SPY,2026-06-06 04:10:00+00:00,2026-06-06 04:15:00+00:00,1,0.003472222222222222,0.023926314588420705,-0.0,-19.976073685411578,True,10,2.5
QQQ/SPY,2026-06-06 04:20:00+00:00,2026-06-06 04:25:00+00:00,1,0.003472222222222222,-0.41423082109161985,-0.0,-20.41423082109162,True,10,2.5
QQQ/SPY,2026-06-06 04:30:00+00:00,2026-06-06 04:35:00+00:00,1,0.003472222222222222,-15.595708093768865,-0.0,-35.59570809376886,True,10,2.5
QQQ/SPY,2026-06-06 04:40:00+00:00,2026-06-06 04:45:00+00:00,1,0.003472222222222222,11.47045631198479,-0.0,-8.52954368801521,True,10,2.5
QQQ/SPY,2026-06-06 04:50:00+00:00,2026-06-06 04:55:00+00:00,1,0.003472222222222222,21.23678023259406,-0.0,1.236780232594061,True,10,2.5
QQQ/SPY,2026-06-06 05:00:00+00:00,2026-06-06 05:05:00+00:00,1,0.003472222222222222,-25.39443532349856,-0.0,-45.394435323498556,True,10,2.5
QQQ/SPY,2026-06-06 05:10:00+00:00,2026-06-06 05:15:00+00:00,1,0.003472222222222222,14.385676023793016,-0.0,-5.614323976206984,True,10,2.5
QQQ/SPY,2026-06-06 05:20:00+00:00,2026-06-06 05:30:00+00:00,1,0.006944444444444444,-19.25869283616433,-0.0,-39.25869283616433,True,10,2.5
QQQ/SPY,2026-06-06 05:35:00+00:00,2026-06-06 06:55:00+00:00,1,0.05555555555555555,-15.716810366538597,-0.0,-35.716810366538596,True,10,2.5
QQQ/SPY,2026-06-06 07:00:00+00:00,2026-06-06 07:05:00+00:00,1,0.003472222222222222,6.892003265217337,-0.0,-13.107996734782663,True,10,2.5
QQQ/SPY,2026-06-06 07:10:00+00:00,2026-06-08 13:15:00+00:00,1,2.2534722222222223,205.64182307607808,-6.6758,178.96602307607807,False,10,2.5
QQQ/SPY,2026-06-24 17:40:00+00:00,2026-06-24 20:50:00+00:00,1,0.13194444444444445,151.59381155318184,-0.0,131.59381155318184,False,10,2.5
QQQ/SPY,2026-06-25 14:00:00+00:00,2026-06-29 16:05:00+00:00,1,4.086805555555555,73.2038536092224,-3.1468000000000003,50.05705360922241,False,10,2.5
QQQ/SPY,2026-07-02 17:50:00+00:00,2026-07-06 13:55:00+00:00,1,3.8368055555555554,94.59637844405803,-1.024,73.57237844405803,False,10,2.5
QQQ/SPY,2026-07-07 13:55:00+00:00,2026-07-09 11:55:00+00:00,1,1.9166666666666667,112.84183997138595,-2.4324999999999997,90.40933997138595,False,10,2.5
QQQ/SPY,2026-07-16 13:45:00+00:00,2026-07-21 03:35:00+00:00,1,4.576388888888889,-4.179138122232564,-1.3875999999999997,-25.566738122232564,False,10,2.5
QQQ/SPY,2026-07-27 14:30:00+00:00,2026-07-30 14:25:00+00:00,1,2.9965277777777777,32.53106327571462,-3.0355,9.495563275714623,False,10,2.5
