ts,kr,us,fx
2026-06-02 03:10:00+00:00,206.29,233.7,1.0
2026-06-02 03:15:00+00:00,205.48,234.6,1.0
2026-06-02 03:20:00+00:00,205.63,233.88,1.0
2026-06-02 03:25:00+00:00,205.15,233.5,1.0
2026-06-02 03:30:00+00:00,204.72,233.76,1.0
2026-06-02 03:35:00+00:00,205.83,235.15,1.0
2026-06-02 03:40:00+00:00,205.94,234.96,1.0
2026-06-02 03:45:00+00:00,206.59,235.24,1.0
2026-06-02 03:50:00+00:00,205.91,235.62,1.0
2026-06-02 03:55:00+00:00,206.09,234.53,1.0
2026-06-02 04:00:00+00:00,206.96,235.96,1.0
2026-06-02 04:05:00+00:00,206.79,237.12,1.0
2026-06-02 04:10:00+00:00,206.0,234.55,1.0
2026-06-02 04:15:00+00:00,206.04,234.91,1.0
2026-06-02 04:20:00+00:00,205.87,234.66,1.0
2026-06-02 04:25:00+00:00,206.29,234.02,1.0
2026-06-02 04:30:00+00:00,206.24,235.26,1.0
2026-06-02 04:35:00+00:00,206.74,234.84,1.0
2026-06-02 04:40:00+00:00,206.28,234.97,1.0
2026-06-02 04:45:00+00:00,206.91,235.0,1.0
2026-06-02 04:50:00+00:00,207.53,235.07,1.0
2026-06-02 04:55:00+00:00,208.46,235.09,1.0
2026-06-02 05:00:00+00:00,208.67,235.41,1.0
2026-06-02 05:05:00+00:00,208.74,235.58,1.0
2026-06-02 05:10:00+00:00,208.59,236.0,1.0
2026-06-02 05:15:00+00:00,209.11,235.4,1.0
2026-06-02 05:20:00+00:00,209.93,236.03,1.0
2026-06-02 05:25:00+00:00,210.02,237.0,1.0
2026-06-02 05:30:00+00:00,210.96,237.21,1.0
2026-06-02 05:35:00+00:00,210.89,238.1,1.0
2026-06-02 05:40:00+00:00,211.9,239.45,1.0
2026-06-02 05:45:00+00:00,212.02,240.56,1.0
2026-06-02 05:50:00+00:00,210.4,239.36,1.0
2026-06-02 05:55:00+00:00,210.39,240.05,1.0
2026-06-02 06:00:00+00:00,210.0,238.58,1.0
2026-06-02 06:05:00+00:00,209.97,238.66,1.0
2026-06-02 06:10:00+00:00,210.44,238.54,1.0
2026-06-02 06:15:00+00:00,210.13,238.88,1.0
2026-06-02 06:20:00+00:00,210.93,239.93,1.0
2026-06-02 06:25:00+00:00,211.39,238.75,1.0
2026-06-02 06:30:00+00:00,211.39,239.86,1.0
2026-06-02 06:35:00+00:00,211.8,239.37,1.0
2026-06-02 06:40:00+00:00,211.56,237.81,1.0
2026-06-02 06:45:00+00:00,210.95,238.42,1.0
2026-06-02 06:50:00+00:00,210.99,238.45,1.0
2026-06-02 06:55:00+00:00,211.29,238.34,1.0
2026-06-02 07:00:00+00:00,211.62,238.01,1.0
2026-06-02 07:05:00+00:00,211.79,238.45,1.0
2026-06-02 07:10:00+00:00,211.71,238.55,1.0
2026-06-02 07:15:00+00:00,211.53,238.19,1.0
2026-06-02 07:20:00+00:00,211.23,237.87,1.0
2026-06-02 07:25:00+00:00,211.12,237.79,1.0
2026-06-02 07:30:00+00:00,210.72,237.89,1.0
2026-06-02 07:35:00+00:00,210.63,238.07,1.0
2026-06-02 07:40:00+00:00,210.55,237.82,1.0
2026-06-02 07:45:00+00:00,210.63,237.57,1.0
2026-06-02 07:50:00+00:00,210.95,236.89,1.0
2026-06-02 07:55:00+00:00,211.0,236.86,1.0
2026-06-02 08:00:00+00:00,211.29,238.46,1.0
2026-06-02 08:05:00+00:00,211.14,238.54,1.0
2026-06-02 08:10:00+00:00,211.22,238.41,1.0
2026-06-02 08:15:00+00:00,211.26,238.58,1.0
2026-06-02 08:20:00+00:00,211.25,238.58,1.0
2026-06-02 08:25:00+00:00,211.28,238.85,1.0
2026-06-02 08:30:00+00:00,211.5,239.0,1.0
2026-06-02 08:35:00+00:00,211.62,238.9,1.0
2026-06-02 08:40:00+00:00,211.64,238.69,1.0
2026-06-02 08:45:00+00:00,211.49,238.16,1.0
2026-06-02 08:50:00+00:00,210.79,237.4,1.0
2026-06-02 08:55:00+00:00,211.0,237.67,1.0
2026-06-02 09:00:00+00:00,210.31,237.92,1.0
2026-06-02 09:05:00+00:00,210.35,237.88,1.0
2026-06-02 09:10:00+00:00,210.17,238.1,1.0
2026-06-02 09:15:00+00:00,210.73,237.68,1.0
2026-06-02 09:20:00+00:00,210.49,237.96,1.0
2026-06-02 09:25:00+00:00,210.66,237.93,1.0
2026-06-02 09:30:00+00:00,210.71,238.06,1.0
2026-06-02 09:35:00+00:00,210.79,238.19,1.0
2026-06-02 09:40:00+00:00,210.95,238.35,1.0
2026-06-02 09:45:00+00:00,210.74,238.96,1.0
2026-06-02 09:50:00+00:00,210.49,239.04,1.0
2026-06-02 09:55:00+00:00,210.57,239.2,1.0
2026-06-02 10:00:00+00:00,210.51,239.09,1.0
2026-06-02 10:05:00+00:00,210.5,238.98,1.0
2026-06-02 10:10:00+00:00,210.34,238.99,1.0
2026-06-02 10:15:00+00:00,210.17,238.9,1.0
2026-06-02 10:20:00+00:00,210.15,239.09,1.0
2026-06-02 10:25:00+00:00,210.19,239.06,1.0
2026-06-02 10:30:00+00:00,210.1,239.17,1.0
2026-06-02 10:35:00+00:00,210.07,239.07,1.0
2026-06-02 10:40:00+00:00,209.71,238.9,1.0
2026-06-02 10:45:00+00:00,209.48,238.98,1.0
2026-06-02 10:50:00+00:00,209.73,239.0,1.0
2026-06-02 10:55:00+00:00,210.05,239.14,1.0
2026-06-02 11:00:00+00:00,209.79,241.42,1.0
2026-06-02 11:05:00+00:00,210.53,241.69,1.0
2026-06-02 11:10:00+00:00,210.79,243.43,1.0
2026-06-02 11:15:00+00:00,210.89,244.31,1.0
2026-06-02 11:20:00+00:00,210.5,246.0,1.0
2026-06-02 11:25:00+00:00,211.07,247.69,1.0
2026-06-02 11:30:00+00:00,211.55,247.86,1.0
2026-06-02 11:35:00+00:00,211.78,247.15,1.0
2026-06-02 11:40:00+00:00,211.92,244.68,1.0
2026-06-02 11:45:00+00:00,211.86,244.26,1.0
2026-06-02 11:50:00+00:00,212.07,244.17,1.0
2026-06-02 11:55:00+00:00,211.78,244.82,1.0
2026-06-02 12:00:00+00:00,211.95,246.74,1.0
2026-06-02 12:05:00+00:00,212.04,247.62,1.0
2026-06-02 12:10:00+00:00,211.79,248.03,1.0
2026-06-02 12:15:00+00:00,211.81,246.52,1.0
2026-06-02 12:20:00+00:00,212.53,245.92,1.0
2026-06-02 12:25:00+00:00,212.99,245.92,1.0
2026-06-02 12:30:00+00:00,212.58,245.92,1.0
2026-06-02 12:35:00+00:00,212.36,245.52,1.0
2026-06-02 12:40:00+00:00,212.5,245.89,1.0
2026-06-02 12:45:00+00:00,212.43,245.51,1.0
2026-06-02 12:50:00+00:00,212.12,245.38,1.0
2026-06-02 12:55:00+00:00,211.77,245.65,1.0
2026-06-02 13:00:00+00:00,211.85,245.53,1.0
2026-06-02 13:05:00+00:00,211.22,244.14,1.0
2026-06-02 13:10:00+00:00,211.28,244.31,1.0
2026-06-02 13:15:00+00:00,211.33,244.26,1.0
2026-06-02 13:20:00+00:00,211.82,244.68,1.0
2026-06-02 13:25:00+00:00,211.67,244.54,1.0
2026-06-02 13:30:00+00:00,210.31,242.32,1.0
2026-06-02 13:35:00+00:00,211.56,242.26,1.0
2026-06-02 13:40:00+00:00,212.23,244.54,1.0
2026-06-02 13:45:00+00:00,212.53,244.81,1.0
2026-06-02 13:50:00+00:00,212.71,245.2,1.0
2026-06-02 13:55:00+00:00,212.76,244.96,1.0
2026-06-02 14:00:00+00:00,213.47,244.19,1.0
2026-06-02 14:05:00+00:00,213.7,243.88,1.0
2026-06-02 14:10:00+00:00,214.16,244.15,1.0
2026-06-02 14:15:00+00:00,213.42,244.09,1.0
2026-06-02 14:20:00+00:00,212.13,243.97,1.0
2026-06-02 14:25:00+00:00,211.7,243.73,1.0
2026-06-02 14:30:00+00:00,212.1,246.23,1.0
2026-06-02 14:35:00+00:00,212.47,246.92,1.0
2026-06-02 14:40:00+00:00,212.76,247.14,1.0
2026-06-02 14:45:00+00:00,212.87,247.24,1.0
2026-06-02 14:50:00+00:00,213.14,247.24,1.0
2026-06-02 14:55:00+00:00,213.08,247.33,1.0
2026-06-02 15:00:00+00:00,213.14,247.6,1.0
2026-06-02 15:05:00+00:00,213.29,247.9,1.0
2026-06-02 15:10:00+00:00,213.36,247.81,1.0
2026-06-02 15:15:00+00:00,213.28,248.38,1.0
2026-06-02 15:20:00+00:00,213.81,247.69,1.0
2026-06-02 15:25:00+00:00,213.76,248.5,1.0
2026-06-02 15:30:00+00:00,214.19,248.26,1.0
2026-06-02 15:35:00+00:00,214.23,248.88,1.0
2026-06-02 15:40:00+00:00,213.87,248.74,1.0
2026-06-02 15:45:00+00:00,214.16,249.73,1.0
2026-06-02 15:50:00+00:00,214.06,250.27,1.0
2026-06-02 15:55:00+00:00,214.12,250.2,1.0
2026-06-02 16:00:00+00:00,213.84,250.7,1.0
2026-06-02 16:05:00+00:00,214.06,250.67,1.0
2026-06-02 16:10:00+00:00,213.68,253.56,1.0
2026-06-02 16:15:00+00:00,213.45,251.79,1.0
2026-06-02 16:20:00+00:00,213.44,252.13,1.0
2026-06-02 16:25:00+00:00,213.18,251.74,1.0
2026-06-02 16:30:00+00:00,213.14,251.88,1.0
2026-06-02 16:35:00+00:00,212.77,250.96,1.0
2026-06-02 16:40:00+00:00,213.0,250.35,1.0
2026-06-02 16:45:00+00:00,213.37,251.56,1.0
2026-06-02 16:50:00+00:00,213.41,251.53,1.0
2026-06-02 16:55:00+00:00,213.52,251.74,1.0
2026-06-02 17:00:00+00:00,213.49,251.61,1.0
2026-06-02 17:05:00+00:00,213.08,250.74,1.0
2026-06-02 17:10:00+00:00,213.11,249.37,1.0
2026-06-02 17:15:00+00:00,212.36,248.47,1.0
2026-06-02 17:20:00+00:00,212.25,249.5,1.0
2026-06-02 17:25:00+00:00,212.46,249.25,1.0
2026-06-02 17:30:00+00:00,212.53,249.4,1.0
2026-06-02 17:35:00+00:00,212.4,249.7,1.0
2026-06-02 17:40:00+00:00,212.74,250.02,1.0
2026-06-02 17:45:00+00:00,212.81,249.73,1.0
2026-06-02 17:50:00+00:00,212.66,249.66,1.0
2026-06-02 17:55:00+00:00,212.86,249.5,1.0
2026-06-02 18:00:00+00:00,212.64,249.1,1.0
2026-06-02 18:05:00+00:00,212.78,249.13,1.0
2026-06-02 18:10:00+00:00,213.29,250.37,1.0
2026-06-02 18:15:00+00:00,213.0,251.38,1.0
2026-06-02 18:20:00+00:00,213.34,252.08,1.0
2026-06-02 18:25:00+00:00,213.32,252.16,1.0
2026-06-02 18:30:00+00:00,213.29,252.99,1.0
2026-06-02 18:35:00+00:00,212.9,252.43,1.0
2026-06-02 18:40:00+00:00,212.89,252.4,1.0
2026-06-02 18:45:00+00:00,213.16,251.53,1.0
2026-06-02 18:50:00+00:00,213.1,252.46,1.0
2026-06-02 18:55:00+00:00,213.41,252.1,1.0
2026-06-02 19:00:00+00:00,213.65,251.57,1.0
2026-06-02 19:05:00+00:00,213.7,250.58,1.0
2026-06-02 19:10:00+00:00,213.72,251.97,1.0
2026-06-02 19:15:00+00:00,213.59,251.63,1.0
2026-06-02 19:20:00+00:00,213.5,250.99,1.0
2026-06-02 19:25:00+00:00,213.41,251.53,1.0
2026-06-02 19:30:00+00:00,213.53,251.44,1.0
2026-06-02 19:35:00+00:00,213.62,251.87,1.0
2026-06-02 19:40:00+00:00,213.92,252.47,1.0
2026-06-02 19:45:00+00:00,214.63,252.96,1.0
2026-06-02 19:50:00+00:00,214.37,252.77,1.0
2026-06-02 19:55:00+00:00,214.58,253.15,1.0
2026-06-02 20:00:00+00:00,214.42,252.65,1.0
2026-06-02 20:05:00+00:00,214.74,254.05,1.0
2026-06-02 20:10:00+00:00,214.5,254.5,1.0
2026-06-02 20:15:00+00:00,214.54,254.63,1.0
2026-06-02 20:20:00+00:00,214.32,254.81,1.0
2026-06-02 20:25:00+00:00,213.69,254.51,1.0
2026-06-02 20:30:00+00:00,213.65,254.51,1.0
2026-06-02 20:35:00+00:00,213.79,255.12,1.0
2026-06-02 20:40:00+00:00,213.82,255.19,1.0
2026-06-02 20:45:00+00:00,213.9,254.83,1.0
2026-06-02 20:50:00+00:00,213.85,253.4,1.0
2026-06-02 20:55:00+00:00,214.03,253.57,1.0
2026-06-02 21:00:00+00:00,214.39,253.64,1.0
2026-06-02 21:05:00+00:00,214.45,252.43,1.0
2026-06-02 21:10:00+00:00,214.7,253.75,1.0
2026-06-02 21:15:00+00:00,214.75,253.3,1.0
2026-06-02 21:20:00+00:00,214.7,251.35,1.0
2026-06-02 21:25:00+00:00,214.91,251.31,1.0
2026-06-02 21:30:00+00:00,214.82,252.7,1.0
2026-06-02 21:35:00+00:00,214.62,253.0,1.0
2026-06-02 21:40:00+00:00,214.71,252.57,1.0
2026-06-02 21:45:00+00:00,214.43,253.19,1.0
2026-06-02 21:50:00+00:00,214.64,253.7,1.0
2026-06-02 21:55:00+00:00,214.73,253.91,1.0
2026-06-02 22:00:00+00:00,214.57,254.4,1.0
2026-06-02 22:05:00+00:00,214.46,253.89,1.0
2026-06-02 22:10:00+00:00,214.46,253.92,1.0
2026-06-02 22:15:00+00:00,214.42,253.49,1.0
2026-06-02 22:20:00+00:00,214.7,254.01,1.0
2026-06-02 22:25:00+00:00,214.77,254.65,1.0
2026-06-02 22:30:00+00:00,214.7,254.02,1.0
2026-06-02 22:35:00+00:00,214.62,254.19,1.0
2026-06-02 22:40:00+00:00,214.59,254.75,1.0
2026-06-02 22:45:00+00:00,214.56,254.26,1.0
2026-06-02 22:50:00+00:00,214.39,254.1,1.0
2026-06-02 22:55:00+00:00,214.01,254.0,1.0
2026-06-02 23:00:00+00:00,213.62,253.18,1.0
2026-06-02 23:05:00+00:00,213.94,252.28,1.0
2026-06-02 23:10:00+00:00,213.58,252.17,1.0
2026-06-02 23:15:00+00:00,213.46,251.26,1.0
2026-06-02 23:20:00+00:00,212.51,250.0,1.0
2026-06-02 23:25:00+00:00,212.6,249.67,1.0
2026-06-02 23:30:00+00:00,212.58,250.29,1.0
2026-06-02 23:35:00+00:00,212.53,250.97,1.0
2026-06-02 23:40:00+00:00,212.6,251.0,1.0
2026-06-02 23:45:00+00:00,212.84,250.94,1.0
2026-06-02 23:50:00+00:00,212.79,251.97,1.0
2026-06-02 23:55:00+00:00,213.19,252.72,1.0
2026-06-03 00:00:00+00:00,213.46,253.86,1.0
2026-06-03 00:05:00+00:00,213.92,254.47,1.0
2026-06-03 00:10:00+00:00,213.81,255.53,1.0
2026-06-03 00:15:00+00:00,213.83,255.36,1.0
2026-06-03 00:20:00+00:00,213.9,256.19,1.0
2026-06-03 00:25:00+00:00,214.24,256.16,1.0
2026-06-03 00:30:00+00:00,214.49,255.81,1.0
2026-06-03 00:35:00+00:00,214.5,256.81,1.0
2026-06-03 00:40:00+00:00,214.75,257.2,1.0
2026-06-03 00:45:00+00:00,214.54,258.46,1.0
2026-06-03 00:50:00+00:00,214.78,259.59,1.0
2026-06-03 00:55:00+00:00,214.68,259.22,1.0
2026-06-03 01:00:00+00:00,213.55,258.77,1.0
2026-06-03 01:05:00+00:00,213.8,254.78,1.0
2026-06-03 01:10:00+00:00,213.86,259.07,1.0
2026-06-03 01:15:00+00:00,214.03,257.9,1.0
2026-06-03 01:20:00+00:00,213.89,256.15,1.0
2026-06-03 01:25:00+00:00,213.93,257.81,1.0
2026-06-03 01:30:00+00:00,214.15,255.9,1.0
2026-06-03 01:35:00+00:00,213.83,256.96,1.0
2026-06-03 01:40:00+00:00,214.0,257.46,1.0
2026-06-03 01:45:00+00:00,214.13,258.47,1.0
2026-06-03 01:50:00+00:00,214.57,258.68,1.0
2026-06-03 01:55:00+00:00,214.78,259.56,1.0
2026-06-03 02:00:00+00:00,214.7,261.88,1.0
2026-06-03 02:05:00+00:00,214.73,259.09,1.0
2026-06-03 02:10:00+00:00,214.73,259.25,1.0
2026-06-03 02:15:00+00:00,214.76,260.14,1.0
2026-06-03 02:20:00+00:00,214.53,258.7,1.0
2026-06-03 02:25:00+00:00,214.62,259.36,1.0
2026-06-03 02:30:00+00:00,214.46,261.39,1.0
2026-06-03 02:35:00+00:00,214.51,260.34,1.0
2026-06-03 02:40:00+00:00,214.63,260.5,1.0
2026-06-03 02:45:00+00:00,214.36,259.9,1.0
2026-06-03 02:50:00+00:00,214.28,260.32,1.0
2026-06-03 02:55:00+00:00,214.25,259.64,1.0
2026-06-03 03:00:00+00:00,214.27,257.2,1.0
2026-06-03 03:05:00+00:00,214.27,258.58,1.0
2026-06-03 03:10:00+00:00,214.45,259.86,1.0
2026-06-03 03:15:00+00:00,214.27,259.32,1.0
2026-06-03 03:20:00+00:00,214.45,257.1,1.0
2026-06-03 03:25:00+00:00,214.36,255.94,1.0
2026-06-03 03:30:00+00:00,214.3,257.46,1.0
2026-06-03 03:35:00+00:00,214.38,256.94,1.0
2026-06-03 03:40:00+00:00,214.27,256.8,1.0
2026-06-03 03:45:00+00:00,214.32,257.05,1.0
2026-06-03 03:50:00+00:00,214.36,256.96,1.0
2026-06-03 03:55:00+00:00,214.48,256.06,1.0
2026-06-03 04:00:00+00:00,214.49,257.16,1.0
2026-06-03 04:05:00+00:00,214.46,257.32,1.0
2026-06-03 04:10:00+00:00,214.4,257.02,1.0
2026-06-03 04:15:00+00:00,214.33,256.0,1.0
2026-06-03 04:20:00+00:00,214.31,255.69,1.0
2026-06-03 04:25:00+00:00,214.32,255.69,1.0
2026-06-03 04:30:00+00:00,214.27,255.8,1.0
2026-06-03 04:35:00+00:00,214.4,255.84,1.0
2026-06-03 04:40:00+00:00,214.53,256.16,1.0
2026-06-03 04:45:00+00:00,214.32,256.2,1.0
2026-06-03 04:50:00+00:00,214.4,257.12,1.0
2026-06-03 04:55:00+00:00,214.5,256.58,1.0
2026-06-03 05:00:00+00:00,214.62,257.48,1.0
2026-06-03 05:05:00+00:00,214.88,256.64,1.0
2026-06-03 05:10:00+00:00,215.02,256.8,1.0
2026-06-03 05:15:00+00:00,214.98,256.34,1.0
2026-06-03 05:20:00+00:00,214.68,257.22,1.0
2026-06-03 05:25:00+00:00,213.75,255.65,1.0
2026-06-03 05:30:00+00:00,213.93,255.6,1.0
2026-06-03 05:35:00+00:00,214.53,255.84,1.0
2026-06-03 05:40:00+00:00,214.45,254.62,1.0
2026-06-03 05:45:00+00:00,214.12,255.97,1.0
2026-06-03 05:50:00+00:00,214.21,256.7,1.0
2026-06-03 05:55:00+00:00,214.79,254.94,1.0
2026-06-03 06:00:00+00:00,214.78,253.78,1.0
2026-06-03 06:05:00+00:00,214.34,252.0,1.0
2026-06-03 06:10:00+00:00,214.06,252.48,1.0
2026-06-03 06:15:00+00:00,213.92,252.6,1.0
2026-06-03 06:20:00+00:00,213.93,256.9,1.0
2026-06-03 06:25:00+00:00,213.75,256.14,1.0
2026-06-03 06:30:00+00:00,213.62,255.08,1.0
2026-06-03 06:35:00+00:00,213.99,254.22,1.0
2026-06-03 06:40:00+00:00,213.85,252.62,1.0
2026-06-03 06:45:00+00:00,213.72,254.05,1.0
2026-06-03 06:50:00+00:00,213.64,254.4,1.0
2026-06-03 06:55:00+00:00,214.01,254.42,1.0
2026-06-03 07:00:00+00:00,213.97,253.16,1.0
2026-06-03 07:05:00+00:00,213.79,253.92,1.0
2026-06-03 07:10:00+00:00,213.91,254.2,1.0
2026-06-03 07:15:00+00:00,214.03,254.38,1.0
2026-06-03 07:20:00+00:00,213.57,253.88,1.0
2026-06-03 07:25:00+00:00,213.14,254.46,1.0
2026-06-03 07:30:00+00:00,213.2,253.51,1.0
2026-06-03 07:35:00+00:00,213.2,253.52,1.0
2026-06-03 07:40:00+00:00,213.1,253.96,1.0
2026-06-03 07:45:00+00:00,213.28,253.96,1.0
2026-06-03 07:50:00+00:00,213.33,254.96,1.0
2026-06-03 07:55:00+00:00,213.43,254.13,1.0
2026-06-03 08:00:00+00:00,213.86,254.96,1.0
2026-06-03 08:05:00+00:00,213.98,255.85,1.0
2026-06-03 08:10:00+00:00,213.76,254.19,1.0
2026-06-03 08:15:00+00:00,213.5,255.0,1.0
2026-06-03 08:20:00+00:00,212.89,254.44,1.0
2026-06-03 08:25:00+00:00,212.51,254.88,1.0
2026-06-03 08:30:00+00:00,212.95,254.72,1.0
2026-06-03 08:35:00+00:00,213.05,254.62,1.0
2026-06-03 08:40:00+00:00,212.95,254.99,1.0
2026-06-03 08:45:00+00:00,213.19,255.16,1.0
2026-06-03 08:50:00+00:00,212.99,254.96,1.0
2026-06-03 08:55:00+00:00,213.06,255.2,1.0
2026-06-03 09:00:00+00:00,213.27,255.07,1.0
2026-06-03 09:05:00+00:00,213.81,254.42,1.0
2026-06-03 09:10:00+00:00,213.85,255.56,1.0
2026-06-03 09:15:00+00:00,213.62,256.14,1.0
2026-06-03 09:20:00+00:00,213.55,256.78,1.0
2026-06-03 09:25:00+00:00,213.84,256.74,1.0
2026-06-03 09:30:00+00:00,213.73,256.82,1.0
2026-06-03 09:35:00+00:00,213.92,257.04,1.0
2026-06-03 09:40:00+00:00,213.96,256.1,1.0
2026-06-03 09:45:00+00:00,213.93,256.77,1.0
2026-06-03 09:50:00+00:00,213.74,256.56,1.0
2026-06-03 09:55:00+00:00,213.57,256.76,1.0
2026-06-03 10:00:00+00:00,213.37,257.26,1.0
2026-06-03 10:05:00+00:00,214.16,257.68,1.0
2026-06-03 10:10:00+00:00,214.15,257.7,1.0
2026-06-03 10:15:00+00:00,213.91,257.29,1.0
2026-06-03 10:20:00+00:00,214.18,257.6,1.0
2026-06-03 10:25:00+00:00,214.33,257.8,1.0
2026-06-03 10:30:00+00:00,214.53,258.53,1.0
2026-06-03 10:35:00+00:00,214.44,258.86,1.0
2026-06-03 10:40:00+00:00,213.91,258.46,1.0
2026-06-03 10:45:00+00:00,214.1,258.7,1.0
2026-06-03 10:50:00+00:00,214.14,259.18,1.0
2026-06-03 10:55:00+00:00,214.24,258.82,1.0
2026-06-03 11:00:00+00:00,214.37,258.92,1.0
2026-06-03 11:05:00+00:00,214.35,259.08,1.0
2026-06-03 11:10:00+00:00,214.51,259.08,1.0
2026-06-03 11:15:00+00:00,214.33,258.94,1.0
2026-06-03 11:20:00+00:00,214.41,259.5,1.0
2026-06-03 11:25:00+00:00,214.5,259.0,1.0
2026-06-03 11:30:00+00:00,214.37,258.62,1.0
2026-06-03 11:35:00+00:00,214.65,257.44,1.0
2026-06-03 11:40:00+00:00,214.49,257.8,1.0
2026-06-03 11:45:00+00:00,214.33,257.92,1.0
2026-06-03 11:50:00+00:00,214.44,258.2,1.0
2026-06-03 11:55:00+00:00,214.24,258.72,1.0
2026-06-03 12:00:00+00:00,214.38,258.52,1.0
2026-06-03 12:05:00+00:00,214.26,258.48,1.0
2026-06-03 12:10:00+00:00,214.28,258.66,1.0
2026-06-03 12:15:00+00:00,213.55,258.62,1.0
2026-06-03 12:20:00+00:00,213.97,258.56,1.0
2026-06-03 12:25:00+00:00,214.14,258.46,1.0
2026-06-03 12:30:00+00:00,213.87,258.68,1.0
2026-06-03 12:35:00+00:00,213.24,258.98,1.0
2026-06-03 12:40:00+00:00,213.33,258.54,1.0
2026-06-03 12:45:00+00:00,213.22,258.44,1.0
2026-06-03 12:50:00+00:00,213.28,258.46,1.0
2026-06-03 12:55:00+00:00,213.4,258.52,1.0
2026-06-03 13:00:00+00:00,213.23,258.94,1.0
2026-06-03 13:05:00+00:00,213.47,258.72,1.0
2026-06-03 13:10:00+00:00,213.46,257.15,1.0
2026-06-03 13:15:00+00:00,213.49,258.3,1.0
2026-06-03 13:20:00+00:00,213.71,258.14,1.0
2026-06-03 13:25:00+00:00,214.12,257.64,1.0
2026-06-03 13:30:00+00:00,212.26,257.38,1.0
2026-06-03 13:35:00+00:00,212.88,255.42,1.0
2026-06-03 13:40:00+00:00,211.28,253.4,1.0
2026-06-03 13:45:00+00:00,209.13,248.19,1.0
2026-06-03 13:50:00+00:00,210.43,248.6,1.0
2026-06-03 13:55:00+00:00,209.66,250.54,1.0
2026-06-03 14:00:00+00:00,210.06,250.24,1.0
2026-06-03 14:05:00+00:00,210.4,251.36,1.0
2026-06-03 14:10:00+00:00,211.27,252.56,1.0
2026-06-03 14:15:00+00:00,211.0,252.7,1.0
2026-06-03 14:20:00+00:00,210.94,252.04,1.0
2026-06-03 14:25:00+00:00,212.11,252.22,1.0
2026-06-03 14:30:00+00:00,212.64,252.0,1.0
2026-06-03 14:35:00+00:00,213.06,252.19,1.0
2026-06-03 14:40:00+00:00,212.36,253.26,1.0
2026-06-03 14:45:00+00:00,212.26,253.04,1.0
2026-06-03 14:50:00+00:00,212.67,252.8,1.0
2026-06-03 14:55:00+00:00,212.46,251.44,1.0
2026-06-03 15:00:00+00:00,213.35,251.8,1.0
2026-06-03 15:05:00+00:00,212.55,250.34,1.0
2026-06-03 15:10:00+00:00,212.3,251.68,1.0
2026-06-03 15:15:00+00:00,212.46,251.21,1.0
2026-06-03 15:20:00+00:00,211.93,251.08,1.0
2026-06-03 15:25:00+00:00,212.02,247.77,1.0
2026-06-03 15:30:00+00:00,211.43,248.7,1.0
2026-06-03 15:35:00+00:00,211.44,248.32,1.0
2026-06-03 15:40:00+00:00,211.07,247.48,1.0
2026-06-03 15:45:00+00:00,210.93,245.62,1.0
2026-06-03 15:50:00+00:00,210.92,245.92,1.0
2026-06-03 15:55:00+00:00,210.99,248.16,1.0
2026-06-03 16:00:00+00:00,211.11,245.1,1.0
2026-06-03 16:05:00+00:00,211.26,245.76,1.0
2026-06-03 16:10:00+00:00,211.64,246.64,1.0
2026-06-03 16:15:00+00:00,211.1,246.54,1.0
2026-06-03 16:20:00+00:00,210.24,245.8,1.0
2026-06-03 16:25:00+00:00,210.43,242.72,1.0
2026-06-03 16:30:00+00:00,210.48,244.71,1.0
2026-06-03 16:35:00+00:00,209.9,244.56,1.0
2026-06-03 16:40:00+00:00,209.7,243.11,1.0
2026-06-03 16:45:00+00:00,210.48,243.28,1.0
2026-06-03 16:50:00+00:00,210.48,243.42,1.0
2026-06-03 16:55:00+00:00,211.02,245.53,1.0
2026-06-03 17:00:00+00:00,210.68,246.5,1.0
2026-06-03 17:05:00+00:00,210.81,244.0,1.0
2026-06-03 17:10:00+00:00,210.2,244.47,1.0
2026-06-03 17:15:00+00:00,210.13,246.18,1.0
2026-06-03 17:20:00+00:00,210.33,247.34,1.0
2026-06-03 17:25:00+00:00,210.52,247.2,1.0
2026-06-03 17:30:00+00:00,210.74,245.71,1.0
2026-06-03 17:35:00+00:00,210.52,246.74,1.0
2026-06-03 17:40:00+00:00,210.71,247.35,1.0
2026-06-03 17:45:00+00:00,210.77,247.32,1.0
2026-06-03 17:50:00+00:00,211.08,246.87,1.0
2026-06-03 17:55:00+00:00,211.1,247.2,1.0
2026-06-03 18:00:00+00:00,211.26,246.78,1.0
2026-06-03 18:05:00+00:00,211.35,247.7,1.0
2026-06-03 18:10:00+00:00,210.91,246.91,1.0
2026-06-03 18:15:00+00:00,210.94,245.98,1.0
2026-06-03 18:20:00+00:00,211.09,245.51,1.0
2026-06-03 18:25:00+00:00,211.28,245.48,1.0
2026-06-03 18:30:00+00:00,211.06,245.52,1.0
2026-06-03 18:35:00+00:00,211.06,245.46,1.0
2026-06-03 18:40:00+00:00,211.23,246.37,1.0
2026-06-03 18:45:00+00:00,211.02,245.38,1.0
2026-06-03 18:50:00+00:00,210.97,245.01,1.0
2026-06-03 18:55:00+00:00,210.91,245.18,1.0
2026-06-03 19:00:00+00:00,211.03,244.54,1.0
2026-06-03 19:05:00+00:00,211.36,244.97,1.0
2026-06-03 19:10:00+00:00,211.32,245.1,1.0
2026-06-03 19:15:00+00:00,211.47,245.52,1.0
2026-06-03 19:20:00+00:00,211.18,244.9,1.0
2026-06-03 19:25:00+00:00,211.42,244.28,1.0
2026-06-03 19:30:00+00:00,211.41,244.32,1.0
2026-06-03 19:35:00+00:00,211.82,245.0,1.0
2026-06-03 19:40:00+00:00,212.06,244.67,1.0
2026-06-03 19:45:00+00:00,212.3,244.4,1.0
2026-06-03 19:50:00+00:00,212.16,243.99,1.0
2026-06-03 19:55:00+00:00,212.9,244.54,1.0
2026-06-03 20:00:00+00:00,212.51,245.1,1.0
2026-06-03 20:05:00+00:00,212.26,245.1,1.0
2026-06-03 20:10:00+00:00,212.46,246.81,1.0
2026-06-03 20:15:00+00:00,211.86,247.06,1.0
2026-06-03 20:20:00+00:00,211.98,246.66,1.0
2026-06-03 20:25:00+00:00,211.84,245.94,1.0
2026-06-03 20:30:00+00:00,211.6,245.6,1.0
2026-06-03 20:35:00+00:00,211.33,244.15,1.0
2026-06-03 20:40:00+00:00,210.67,242.85,1.0
2026-06-03 20:45:00+00:00,210.56,243.83,1.0
2026-06-03 20:50:00+00:00,210.45,242.59,1.0
2026-06-03 20:55:00+00:00,210.76,243.7,1.0
2026-06-03 21:00:00+00:00,210.9,244.96,1.0
2026-06-03 21:05:00+00:00,210.44,245.38,1.0
2026-06-03 21:10:00+00:00,209.89,244.26,1.0
2026-06-03 21:15:00+00:00,209.94,244.47,1.0
2026-06-03 21:20:00+00:00,209.92,244.94,1.0
2026-06-03 21:25:00+00:00,209.88,244.68,1.0
2026-06-03 21:30:00+00:00,209.69,243.28,1.0
2026-06-03 21:35:00+00:00,209.07,242.08,1.0
2026-06-03 21:40:00+00:00,209.01,243.42,1.0
2026-06-03 21:45:00+00:00,208.87,243.1,1.0
2026-06-03 21:50:00+00:00,208.92,242.96,1.0
2026-06-03 21:55:00+00:00,209.5,243.24,1.0
2026-06-03 22:00:00+00:00,209.92,243.05,1.0
2026-06-03 22:05:00+00:00,209.66,242.87,1.0
2026-06-03 22:10:00+00:00,208.99,242.3,1.0
2026-06-03 22:15:00+00:00,209.06,241.5,1.0
2026-06-03 22:20:00+00:00,209.17,242.8,1.0
2026-06-03 22:25:00+00:00,209.08,242.07,1.0
2026-06-03 22:30:00+00:00,209.27,242.3,1.0
2026-06-03 22:35:00+00:00,209.15,243.06,1.0
2026-06-03 22:40:00+00:00,208.95,243.2,1.0
2026-06-03 22:45:00+00:00,208.48,243.2,1.0
2026-06-03 22:50:00+00:00,207.85,241.82,1.0
2026-06-03 22:55:00+00:00,208.32,241.9,1.0
2026-06-03 23:00:00+00:00,207.07,239.21,1.0
2026-06-03 23:05:00+00:00,207.24,240.8,1.0
2026-06-03 23:10:00+00:00,207.0,240.63,1.0
2026-06-03 23:15:00+00:00,207.13,240.9,1.0
2026-06-03 23:20:00+00:00,207.35,241.5,1.0
2026-06-03 23:25:00+00:00,207.5,241.3,1.0
2026-06-03 23:30:00+00:00,207.42,240.91,1.0
2026-06-03 23:35:00+00:00,207.36,241.55,1.0
2026-06-03 23:40:00+00:00,206.91,238.68,1.0
2026-06-03 23:45:00+00:00,205.29,236.48,1.0
2026-06-03 23:50:00+00:00,205.45,236.72,1.0
2026-06-03 23:55:00+00:00,204.93,236.12,1.0
2026-06-04 00:00:00+00:00,204.86,233.29,1.0
2026-06-04 00:05:00+00:00,204.02,232.92,1.0
2026-06-04 00:10:00+00:00,205.67,237.13,1.0
2026-06-04 00:15:00+00:00,205.84,237.44,1.0
2026-06-04 00:20:00+00:00,204.62,236.75,1.0
2026-06-04 00:25:00+00:00,205.67,237.77,1.0
2026-06-04 00:30:00+00:00,207.07,241.07,1.0
2026-06-04 00:35:00+00:00,207.18,241.55,1.0
2026-06-04 00:40:00+00:00,206.96,241.43,1.0
2026-06-04 00:45:00+00:00,205.56,238.56,1.0
2026-06-04 00:50:00+00:00,205.98,240.31,1.0
2026-06-04 00:55:00+00:00,205.43,239.5,1.0
2026-06-04 01:00:00+00:00,204.99,238.74,1.0
2026-06-04 01:05:00+00:00,205.68,238.75,1.0
2026-06-04 01:10:00+00:00,205.68,240.32,1.0
2026-06-04 01:15:00+00:00,205.13,235.6,1.0
2026-06-04 01:20:00+00:00,204.8,235.69,1.0
2026-06-04 01:25:00+00:00,204.4,234.88,1.0
2026-06-04 01:30:00+00:00,205.97,235.94,1.0
2026-06-04 01:35:00+00:00,206.15,237.14,1.0
2026-06-04 01:40:00+00:00,204.83,234.73,1.0
2026-06-04 01:45:00+00:00,205.18,235.14,1.0
2026-06-04 01:50:00+00:00,204.47,234.26,1.0
2026-06-04 01:55:00+00:00,204.38,234.25,1.0
2026-06-04 02:00:00+00:00,203.97,233.53,1.0
2026-06-04 02:05:00+00:00,203.77,232.6,1.0
2026-06-04 02:10:00+00:00,203.72,232.48,1.0
2026-06-04 02:15:00+00:00,203.51,232.55,1.0
2026-06-04 02:20:00+00:00,204.34,233.7,1.0
2026-06-04 02:25:00+00:00,204.77,234.14,1.0
2026-06-04 02:30:00+00:00,204.85,234.4,1.0
2026-06-04 02:35:00+00:00,205.12,235.02,1.0
2026-06-04 02:40:00+00:00,205.95,234.75,1.0
2026-06-04 02:45:00+00:00,206.7,237.11,1.0
2026-06-04 02:50:00+00:00,205.92,236.02,1.0
2026-06-04 02:55:00+00:00,205.93,235.66,1.0
2026-06-04 03:00:00+00:00,206.73,235.37,1.0
2026-06-04 03:05:00+00:00,206.72,235.58,1.0
2026-06-04 03:10:00+00:00,206.73,236.09,1.0
2026-06-04 03:15:00+00:00,207.19,236.41,1.0
2026-06-04 03:20:00+00:00,207.13,236.67,1.0
2026-06-04 03:25:00+00:00,207.62,236.49,1.0
2026-06-04 03:30:00+00:00,207.91,236.63,1.0
2026-06-04 03:35:00+00:00,207.64,237.77,1.0
2026-06-04 03:40:00+00:00,206.34,235.83,1.0
2026-06-04 03:45:00+00:00,206.25,235.2,1.0
2026-06-04 03:50:00+00:00,206.32,235.47,1.0
2026-06-04 03:55:00+00:00,207.02,235.41,1.0
2026-06-04 04:00:00+00:00,206.42,234.81,1.0
2026-06-04 04:05:00+00:00,206.26,235.38,1.0
2026-06-04 04:10:00+00:00,206.5,235.1,1.0
2026-06-04 04:15:00+00:00,206.49,234.75,1.0
2026-06-04 04:20:00+00:00,206.74,235.15,1.0
2026-06-04 04:25:00+00:00,206.18,235.13,1.0
2026-06-04 04:30:00+00:00,206.68,234.93,1.0
2026-06-04 04:35:00+00:00,206.72,235.3,1.0
2026-06-04 04:40:00+00:00,206.79,235.2,1.0
2026-06-04 04:45:00+00:00,206.82,235.03,1.0
2026-06-04 04:50:00+00:00,206.98,234.9,1.0
2026-06-04 04:55:00+00:00,206.74,234.24,1.0
2026-06-04 05:00:00+00:00,206.33,234.2,1.0
2026-06-04 05:05:00+00:00,206.33,234.43,1.0
2026-06-04 05:10:00+00:00,206.09,234.12,1.0
2026-06-04 05:15:00+00:00,206.3,234.11,1.0
2026-06-04 05:20:00+00:00,205.96,234.12,1.0
2026-06-04 05:25:00+00:00,206.31,234.11,1.0
2026-06-04 05:30:00+00:00,206.54,234.11,1.0
2026-06-04 05:35:00+00:00,206.66,234.11,1.0
2026-06-04 05:40:00+00:00,206.76,234.1,1.0
2026-06-04 05:45:00+00:00,205.56,232.54,1.0
2026-06-04 05:50:00+00:00,205.17,231.39,1.0
2026-06-04 05:55:00+00:00,205.46,232.25,1.0
2026-06-04 06:00:00+00:00,205.39,232.47,1.0
2026-06-04 06:05:00+00:00,205.25,231.87,1.0
2026-06-04 06:10:00+00:00,204.77,231.39,1.0
2026-06-04 06:15:00+00:00,204.85,231.0,1.0
2026-06-04 06:20:00+00:00,204.96,229.71,1.0
2026-06-04 06:25:00+00:00,204.69,228.78,1.0
2026-06-04 06:30:00+00:00,204.87,229.92,1.0
2026-06-04 06:35:00+00:00,205.16,230.33,1.0
2026-06-04 06:40:00+00:00,205.32,229.98,1.0
2026-06-04 06:45:00+00:00,205.24,230.43,1.0
2026-06-04 06:50:00+00:00,205.16,231.82,1.0
2026-06-04 06:55:00+00:00,205.22,230.89,1.0
2026-06-04 07:00:00+00:00,204.95,230.3,1.0
2026-06-04 07:05:00+00:00,204.91,231.47,1.0
2026-06-04 07:10:00+00:00,204.99,231.46,1.0
2026-06-04 07:15:00+00:00,204.9,232.24,1.0
2026-06-04 07:20:00+00:00,204.8,231.5,1.0
2026-06-04 07:25:00+00:00,204.38,231.29,1.0
2026-06-04 07:30:00+00:00,204.58,230.86,1.0
2026-06-04 07:35:00+00:00,204.59,230.54,1.0
2026-06-04 07:40:00+00:00,204.33,230.19,1.0
2026-06-04 07:45:00+00:00,204.27,230.16,1.0
2026-06-04 07:50:00+00:00,203.86,229.92,1.0
2026-06-04 07:55:00+00:00,203.82,229.07,1.0
2026-06-04 08:00:00+00:00,203.47,230.05,1.0
2026-06-04 08:05:00+00:00,203.18,229.49,1.0
2026-06-04 08:10:00+00:00,203.09,228.72,1.0
2026-06-04 08:15:00+00:00,202.87,229.9,1.0
2026-06-04 08:20:00+00:00,202.65,228.08,1.0
2026-06-04 08:25:00+00:00,202.64,228.48,1.0
2026-06-04 08:30:00+00:00,202.9,228.75,1.0
2026-06-04 08:35:00+00:00,203.0,228.24,1.0
2026-06-04 08:40:00+00:00,202.63,228.28,1.0
2026-06-04 08:45:00+00:00,202.08,227.76,1.0
2026-06-04 08:50:00+00:00,201.83,228.4,1.0
2026-06-04 08:55:00+00:00,201.71,228.18,1.0
2026-06-04 09:00:00+00:00,200.36,227.34,1.0
2026-06-04 09:05:00+00:00,199.76,226.68,1.0
2026-06-04 09:10:00+00:00,198.38,223.52,1.0
2026-06-04 09:15:00+00:00,198.36,224.32,1.0
2026-06-04 09:20:00+00:00,199.54,224.43,1.0
2026-06-04 09:25:00+00:00,199.72,224.44,1.0
2026-06-04 09:30:00+00:00,200.82,225.07,1.0
2026-06-04 09:35:00+00:00,200.06,224.76,1.0
2026-06-04 09:40:00+00:00,199.88,224.8,1.0
2026-06-04 09:45:00+00:00,200.9,225.8,1.0
2026-06-04 09:50:00+00:00,200.93,225.86,1.0
2026-06-04 09:55:00+00:00,200.79,226.24,1.0
2026-06-04 10:00:00+00:00,200.49,225.6,1.0
2026-06-04 10:05:00+00:00,200.25,225.44,1.0
2026-06-04 10:10:00+00:00,200.2,225.16,1.0
2026-06-04 10:15:00+00:00,199.36,225.2,1.0
2026-06-04 10:20:00+00:00,200.2,225.36,1.0
2026-06-04 10:25:00+00:00,199.4,225.28,1.0
2026-06-04 10:30:00+00:00,199.67,225.36,1.0
2026-06-04 10:35:00+00:00,199.2,225.14,1.0
2026-06-04 10:40:00+00:00,198.8,222.97,1.0
2026-06-04 10:45:00+00:00,199.07,223.87,1.0
2026-06-04 10:50:00+00:00,198.74,223.06,1.0
2026-06-04 10:55:00+00:00,198.95,223.96,1.0
2026-06-04 11:00:00+00:00,199.4,224.82,1.0
2026-06-04 11:05:00+00:00,199.08,223.72,1.0
2026-06-04 11:10:00+00:00,199.16,223.79,1.0
2026-06-04 11:15:00+00:00,199.58,224.24,1.0
2026-06-04 11:20:00+00:00,199.41,224.32,1.0
2026-06-04 11:25:00+00:00,199.57,225.04,1.0
2026-06-04 11:30:00+00:00,199.13,223.75,1.0
2026-06-04 11:35:00+00:00,198.89,224.66,1.0
2026-06-04 11:40:00+00:00,198.56,223.64,1.0
2026-06-04 11:45:00+00:00,199.22,225.37,1.0
2026-06-04 11:50:00+00:00,199.88,226.73,1.0
2026-06-04 11:55:00+00:00,200.28,226.12,1.0
2026-06-04 12:00:00+00:00,199.86,226.2,1.0
2026-06-04 12:05:00+00:00,200.19,228.61,1.0
2026-06-04 12:10:00+00:00,199.62,233.72,1.0
2026-06-04 12:15:00+00:00,199.67,232.83,1.0
2026-06-04 12:20:00+00:00,199.79,230.82,1.0
2026-06-04 12:25:00+00:00,199.98,230.92,1.0
2026-06-04 12:30:00+00:00,200.29,232.88,1.0
2026-06-04 12:35:00+00:00,200.66,232.46,1.0
2026-06-04 12:40:00+00:00,200.84,232.69,1.0
2026-06-04 12:45:00+00:00,200.79,232.94,1.0
2026-06-04 12:50:00+00:00,200.82,231.0,1.0
2026-06-04 12:55:00+00:00,200.46,229.58,1.0
2026-06-04 13:00:00+00:00,200.43,229.28,1.0
2026-06-04 13:05:00+00:00,200.51,230.11,1.0
2026-06-04 13:10:00+00:00,200.45,229.97,1.0
2026-06-04 13:15:00+00:00,200.69,229.04,1.0
2026-06-04 13:20:00+00:00,200.92,229.97,1.0
2026-06-04 13:25:00+00:00,199.52,229.23,1.0
2026-06-04 13:30:00+00:00,201.82,230.12,1.0
2026-06-04 13:35:00+00:00,200.79,230.44,1.0
2026-06-04 13:40:00+00:00,198.7,227.69,1.0
2026-06-04 13:45:00+00:00,199.62,225.78,1.0
2026-06-04 13:50:00+00:00,198.59,226.47,1.0
2026-06-04 13:55:00+00:00,198.39,225.59,1.0
2026-06-04 14:00:00+00:00,197.12,225.69,1.0
2026-06-04 14:05:00+00:00,197.55,223.94,1.0
2026-06-04 14:10:00+00:00,198.51,225.93,1.0
2026-06-04 14:15:00+00:00,198.61,226.27,1.0
2026-06-04 14:20:00+00:00,199.55,225.84,1.0
2026-06-04 14:25:00+00:00,200.15,227.21,1.0
2026-06-04 14:30:00+00:00,200.36,227.26,1.0
2026-06-04 14:35:00+00:00,199.91,226.11,1.0
2026-06-04 14:40:00+00:00,199.4,225.46,1.0
2026-06-04 14:45:00+00:00,199.51,225.48,1.0
2026-06-04 14:50:00+00:00,199.78,226.18,1.0
2026-06-04 14:55:00+00:00,200.67,227.4,1.0
2026-06-04 15:00:00+00:00,200.35,228.5,1.0
2026-06-04 15:05:00+00:00,201.92,229.5,1.0
2026-06-04 15:10:00+00:00,202.16,229.27,1.0
2026-06-04 15:15:00+00:00,202.19,229.17,1.0
2026-06-04 15:20:00+00:00,202.28,228.44,1.0
2026-06-04 15:25:00+00:00,202.15,228.44,1.0
2026-06-04 15:30:00+00:00,202.59,228.81,1.0
2026-06-04 15:35:00+00:00,202.72,228.75,1.0
2026-06-04 15:40:00+00:00,202.34,229.5,1.0
2026-06-04 15:45:00+00:00,201.74,228.61,1.0
2026-06-04 15:50:00+00:00,202.46,229.8,1.0
2026-06-04 15:55:00+00:00,202.59,227.95,1.0
2026-06-04 16:00:00+00:00,202.4,229.04,1.0
2026-06-04 16:05:00+00:00,202.64,228.99,1.0
2026-06-04 16:10:00+00:00,202.96,228.48,1.0
2026-06-04 16:15:00+00:00,203.64,228.94,1.0
2026-06-04 16:20:00+00:00,204.11,229.33,1.0
2026-06-04 16:25:00+00:00,204.09,228.79,1.0
2026-06-04 16:30:00+00:00,203.23,228.77,1.0
2026-06-04 16:35:00+00:00,203.54,229.77,1.0
2026-06-04 16:40:00+00:00,204.03,229.61,1.0
2026-06-04 16:45:00+00:00,203.94,230.06,1.0
2026-06-04 16:50:00+00:00,204.49,231.2,1.0
2026-06-04 16:55:00+00:00,204.49,231.79,1.0
2026-06-04 17:00:00+00:00,204.38,231.64,1.0
2026-06-04 17:05:00+00:00,204.54,230.92,1.0
2026-06-04 17:10:00+00:00,204.43,231.38,1.0
2026-06-04 17:15:00+00:00,204.17,231.29,1.0
2026-06-04 17:20:00+00:00,204.09,230.71,1.0
2026-06-04 17:25:00+00:00,204.31,231.15,1.0
2026-06-04 17:30:00+00:00,204.8,231.74,1.0
2026-06-04 17:35:00+00:00,204.63,231.56,1.0
2026-06-04 17:40:00+00:00,204.68,230.1,1.0
2026-06-04 17:45:00+00:00,204.66,229.77,1.0
2026-06-04 17:50:00+00:00,204.94,230.17,1.0
2026-06-04 17:55:00+00:00,205.01,229.72,1.0
2026-06-04 18:00:00+00:00,205.33,228.39,1.0
2026-06-04 18:05:00+00:00,205.34,228.49,1.0
2026-06-04 18:10:00+00:00,205.4,228.67,1.0
2026-06-04 18:15:00+00:00,205.24,229.04,1.0
2026-06-04 18:20:00+00:00,205.21,229.44,1.0
2026-06-04 18:25:00+00:00,205.19,230.26,1.0
2026-06-04 18:30:00+00:00,205.16,229.84,1.0
2026-06-04 18:35:00+00:00,205.05,230.18,1.0
2026-06-04 18:40:00+00:00,204.81,230.94,1.0
2026-06-04 18:45:00+00:00,205.07,230.89,1.0
2026-06-04 18:50:00+00:00,205.03,230.29,1.0
2026-06-04 18:55:00+00:00,204.64,230.2,1.0
2026-06-04 19:00:00+00:00,204.78,230.54,1.0
2026-06-04 19:05:00+00:00,204.55,230.4,1.0
2026-06-04 19:10:00+00:00,204.48,230.01,1.0
2026-06-04 19:15:00+00:00,204.63,229.98,1.0
2026-06-04 19:20:00+00:00,205.11,230.14,1.0
2026-06-04 19:25:00+00:00,205.57,230.68,1.0
2026-06-04 19:30:00+00:00,205.78,230.49,1.0
2026-06-04 19:35:00+00:00,205.77,230.31,1.0
2026-06-04 19:40:00+00:00,205.05,230.38,1.0
2026-06-04 19:45:00+00:00,204.96,230.99,1.0
2026-06-04 19:50:00+00:00,204.59,230.59,1.0
2026-06-04 19:55:00+00:00,204.04,229.68,1.0
2026-06-04 20:00:00+00:00,203.81,229.59,1.0
2026-06-04 20:05:00+00:00,203.46,229.62,1.0
2026-06-04 20:10:00+00:00,203.77,229.76,1.0
2026-06-04 20:15:00+00:00,203.51,229.56,1.0
2026-06-04 20:20:00+00:00,203.4,229.55,1.0
2026-06-04 20:25:00+00:00,203.32,229.72,1.0
2026-06-04 20:30:00+00:00,203.42,229.59,1.0
2026-06-04 20:35:00+00:00,203.33,229.52,1.0
2026-06-04 20:40:00+00:00,203.24,229.57,1.0
2026-06-04 20:45:00+00:00,203.24,229.55,1.0
2026-06-04 20:50:00+00:00,203.19,229.51,1.0
2026-06-04 20:55:00+00:00,203.3,229.57,1.0
2026-06-04 21:00:00+00:00,203.23,229.51,1.0
2026-06-04 21:05:00+00:00,203.28,229.76,1.0
2026-06-04 21:10:00+00:00,203.19,229.97,1.0
2026-06-04 21:15:00+00:00,203.25,229.86,1.0
2026-06-04 21:20:00+00:00,203.14,229.69,1.0
2026-06-04 21:25:00+00:00,203.14,229.72,1.0
2026-06-04 21:30:00+00:00,203.29,229.67,1.0
2026-06-04 21:35:00+00:00,203.19,229.43,1.0
2026-06-04 21:40:00+00:00,203.42,229.76,1.0
2026-06-04 21:45:00+00:00,203.24,230.41,1.0
2026-06-04 21:50:00+00:00,202.34,230.67,1.0
2026-06-04 21:55:00+00:00,202.3,229.89,1.0
2026-06-04 22:00:00+00:00,202.15,229.61,1.0
2026-06-04 22:05:00+00:00,202.12,229.41,1.0
2026-06-04 22:10:00+00:00,201.97,229.45,1.0
2026-06-04 22:15:00+00:00,201.21,229.4,1.0
2026-06-04 22:20:00+00:00,200.89,228.4,1.0
2026-06-04 22:25:00+00:00,200.97,227.58,1.0
2026-06-04 22:30:00+00:00,200.79,226.72,1.0
2026-06-04 22:35:00+00:00,201.36,226.57,1.0
2026-06-04 22:40:00+00:00,201.49,226.07,1.0
2026-06-04 22:45:00+00:00,201.91,226.52,1.0
2026-06-04 22:50:00+00:00,201.79,226.49,1.0
2026-06-04 22:55:00+00:00,201.77,226.37,1.0
2026-06-04 23:00:00+00:00,201.03,225.01,1.0
2026-06-04 23:05:00+00:00,201.01,225.11,1.0
2026-06-04 23:10:00+00:00,200.75,224.45,1.0
2026-06-04 23:15:00+00:00,200.57,224.25,1.0
2026-06-04 23:20:00+00:00,200.79,223.6,1.0
2026-06-04 23:25:00+00:00,200.36,223.75,1.0
2026-06-04 23:30:00+00:00,200.38,224.31,1.0
2026-06-04 23:35:00+00:00,200.39,223.83,1.0
2026-06-04 23:40:00+00:00,199.92,223.22,1.0
2026-06-04 23:45:00+00:00,198.13,220.98,1.0
2026-06-04 23:50:00+00:00,198.41,222.06,1.0
2026-06-04 23:55:00+00:00,197.89,222.69,1.0
2026-06-05 00:00:00+00:00,196.6,220.15,1.0
2026-06-05 00:05:00+00:00,196.14,219.18,1.0
2026-06-05 00:10:00+00:00,194.87,216.28,1.0
2026-06-05 00:15:00+00:00,193.61,215.84,1.0
2026-06-05 00:20:00+00:00,192.3,216.3,1.0
2026-06-05 00:25:00+00:00,193.49,218.14,1.0
2026-06-05 00:30:00+00:00,194.28,218.92,1.0
2026-06-05 00:35:00+00:00,194.02,218.28,1.0
2026-06-05 00:40:00+00:00,193.26,219.07,1.0
2026-06-05 00:45:00+00:00,192.25,217.0,1.0
2026-06-05 00:50:00+00:00,192.08,217.11,1.0
2026-06-05 00:55:00+00:00,191.56,215.64,1.0
2026-06-05 01:00:00+00:00,191.21,214.64,1.0
2026-06-05 01:05:00+00:00,190.88,215.79,1.0
2026-06-05 01:10:00+00:00,190.92,214.46,1.0
2026-06-05 01:15:00+00:00,191.19,214.13,1.0
2026-06-05 01:20:00+00:00,190.38,214.07,1.0
2026-06-05 01:25:00+00:00,191.31,215.05,1.0
2026-06-05 01:30:00+00:00,193.02,216.56,1.0
2026-06-05 01:35:00+00:00,193.46,217.5,1.0
2026-06-05 01:40:00+00:00,194.4,218.25,1.0
2026-06-05 01:45:00+00:00,193.02,217.2,1.0
2026-06-05 01:50:00+00:00,194.65,217.88,1.0
2026-06-05 01:55:00+00:00,194.88,218.31,1.0
2026-06-05 02:00:00+00:00,194.96,218.83,1.0
2026-06-05 02:05:00+00:00,195.48,219.56,1.0
2026-06-05 02:10:00+00:00,195.53,220.7,1.0
2026-06-05 02:15:00+00:00,195.02,220.35,1.0
2026-06-05 02:20:00+00:00,196.47,221.54,1.0
2026-06-05 02:25:00+00:00,196.96,221.94,1.0
2026-06-05 02:30:00+00:00,196.52,221.97,1.0
2026-06-05 02:35:00+00:00,196.16,220.97,1.0
2026-06-05 02:40:00+00:00,195.45,219.6,1.0
2026-06-05 02:45:00+00:00,195.48,219.58,1.0
2026-06-05 02:50:00+00:00,195.23,219.39,1.0
2026-06-05 02:55:00+00:00,194.78,218.6,1.0
2026-06-05 03:00:00+00:00,195.33,219.55,1.0
2026-06-05 03:05:00+00:00,194.8,218.5,1.0
2026-06-05 03:10:00+00:00,194.76,219.04,1.0
2026-06-05 03:15:00+00:00,194.83,218.66,1.0
2026-06-05 03:20:00+00:00,195.01,218.69,1.0
2026-06-05 03:25:00+00:00,194.38,218.57,1.0
2026-06-05 03:30:00+00:00,194.72,218.81,1.0
2026-06-05 03:35:00+00:00,194.12,218.27,1.0
2026-06-05 03:40:00+00:00,193.85,218.38,1.0
2026-06-05 03:45:00+00:00,193.04,217.47,1.0
2026-06-05 03:50:00+00:00,192.56,217.7,1.0
2026-06-05 03:55:00+00:00,193.2,217.71,1.0
2026-06-05 04:00:00+00:00,192.99,217.75,1.0
2026-06-05 04:05:00+00:00,193.24,217.79,1.0
2026-06-05 04:10:00+00:00,192.91,216.17,1.0
2026-06-05 04:15:00+00:00,192.66,216.07,1.0
2026-06-05 04:20:00+00:00,192.85,216.5,1.0
2026-06-05 04:25:00+00:00,192.13,216.01,1.0
2026-06-05 04:30:00+00:00,192.38,215.37,1.0
2026-06-05 04:35:00+00:00,193.49,216.8,1.0
2026-06-05 04:40:00+00:00,192.94,217.08,1.0
2026-06-05 04:45:00+00:00,193.59,217.49,1.0
2026-06-05 04:50:00+00:00,194.07,217.86,1.0
2026-06-05 04:55:00+00:00,194.0,217.8,1.0
2026-06-05 05:00:00+00:00,194.4,219.4,1.0
2026-06-05 05:05:00+00:00,194.11,217.81,1.0
2026-06-05 05:10:00+00:00,193.94,218.01,1.0
2026-06-05 05:15:00+00:00,194.6,217.75,1.0
2026-06-05 05:20:00+00:00,194.99,218.3,1.0
2026-06-05 05:25:00+00:00,194.24,217.75,1.0
2026-06-05 05:30:00+00:00,194.77,218.21,1.0
2026-06-05 05:35:00+00:00,195.27,218.64,1.0
2026-06-05 05:40:00+00:00,194.63,218.36,1.0
2026-06-05 05:45:00+00:00,193.59,217.8,1.0
2026-06-05 05:50:00+00:00,192.93,216.94,1.0
2026-06-05 05:55:00+00:00,192.86,216.5,1.0
2026-06-05 06:00:00+00:00,193.61,216.96,1.0
2026-06-05 06:05:00+00:00,193.77,217.12,1.0
2026-06-05 06:10:00+00:00,192.4,215.2,1.0
2026-06-05 06:15:00+00:00,192.46,214.36,1.0
2026-06-05 06:20:00+00:00,192.41,208.66,1.0
2026-06-05 06:25:00+00:00,193.04,212.79,1.0
2026-06-05 06:30:00+00:00,193.23,213.57,1.0
2026-06-05 06:35:00+00:00,192.89,213.95,1.0
2026-06-05 06:40:00+00:00,192.52,214.1,1.0
2026-06-05 06:45:00+00:00,192.27,213.49,1.0
2026-06-05 06:50:00+00:00,192.67,213.59,1.0
2026-06-05 06:55:00+00:00,192.78,213.48,1.0
2026-06-05 07:00:00+00:00,192.43,212.77,1.0
2026-06-05 07:05:00+00:00,192.36,212.13,1.0
2026-06-05 07:10:00+00:00,191.93,211.49,1.0
2026-06-05 07:15:00+00:00,192.08,211.56,1.0
2026-06-05 07:20:00+00:00,191.96,210.63,1.0
2026-06-05 07:25:00+00:00,192.3,210.82,1.0
2026-06-05 07:30:00+00:00,192.81,212.62,1.0
2026-06-05 07:35:00+00:00,193.32,215.11,1.0
2026-06-05 07:40:00+00:00,192.98,214.52,1.0
2026-06-05 07:45:00+00:00,192.89,213.72,1.0
2026-06-05 07:50:00+00:00,192.79,213.55,1.0
2026-06-05 07:55:00+00:00,192.83,212.82,1.0
2026-06-05 08:00:00+00:00,192.42,213.12,1.0
2026-06-05 08:05:00+00:00,192.57,212.96,1.0
2026-06-05 08:10:00+00:00,192.76,213.48,1.0
2026-06-05 08:15:00+00:00,192.57,213.75,1.0
2026-06-05 08:20:00+00:00,193.0,214.04,1.0
2026-06-05 08:25:00+00:00,193.45,214.3,1.0
2026-06-05 08:30:00+00:00,193.4,214.28,1.0
2026-06-05 08:35:00+00:00,193.26,214.1,1.0
2026-06-05 08:40:00+00:00,193.11,213.56,1.0
2026-06-05 08:45:00+00:00,193.53,213.64,1.0
2026-06-05 08:50:00+00:00,192.79,213.53,1.0
2026-06-05 08:55:00+00:00,192.39,214.3,1.0
2026-06-05 09:00:00+00:00,193.1,213.88,1.0
2026-06-05 09:05:00+00:00,193.31,214.65,1.0
2026-06-05 09:10:00+00:00,194.4,215.77,1.0
2026-06-05 09:15:00+00:00,194.41,216.09,1.0
2026-06-05 09:20:00+00:00,194.25,214.94,1.0
2026-06-05 09:25:00+00:00,193.98,215.53,1.0
2026-06-05 09:30:00+00:00,194.38,215.7,1.0
2026-06-05 09:35:00+00:00,194.1,215.38,1.0
2026-06-05 09:40:00+00:00,194.08,215.68,1.0
2026-06-05 09:45:00+00:00,194.12,215.39,1.0
2026-06-05 09:50:00+00:00,194.17,215.61,1.0
2026-06-05 09:55:00+00:00,193.83,216.07,1.0
2026-06-05 10:00:00+00:00,193.85,215.94,1.0
2026-06-05 10:05:00+00:00,193.85,215.71,1.0
2026-06-05 10:10:00+00:00,194.6,215.66,1.0
2026-06-05 10:15:00+00:00,194.7,215.64,1.0
2026-06-05 10:20:00+00:00,195.25,215.93,1.0
2026-06-05 10:25:00+00:00,195.32,216.06,1.0
2026-06-05 10:30:00+00:00,195.34,215.78,1.0
2026-06-05 10:35:00+00:00,195.21,215.96,1.0
2026-06-05 10:40:00+00:00,195.33,216.18,1.0
2026-06-05 10:45:00+00:00,195.24,215.7,1.0
2026-06-05 10:50:00+00:00,195.07,215.95,1.0
2026-06-05 10:55:00+00:00,194.79,215.77,1.0
2026-06-05 11:00:00+00:00,194.9,215.58,1.0
2026-06-05 11:05:00+00:00,194.57,215.63,1.0
2026-06-05 11:10:00+00:00,194.6,216.01,1.0
2026-06-05 11:15:00+00:00,194.22,216.96,1.0
2026-06-05 11:20:00+00:00,194.31,216.48,1.0
2026-06-05 11:25:00+00:00,194.95,218.74,1.0
2026-06-05 11:30:00+00:00,194.67,218.57,1.0
2026-06-05 11:35:00+00:00,194.15,217.48,1.0
2026-06-05 11:40:00+00:00,194.25,218.37,1.0
2026-06-05 11:45:00+00:00,194.19,219.38,1.0
2026-06-05 11:50:00+00:00,194.1,218.53,1.0
2026-06-05 11:55:00+00:00,193.45,218.93,1.0
2026-06-05 12:00:00+00:00,193.41,219.51,1.0
2026-06-05 12:05:00+00:00,193.77,214.31,1.0
2026-06-05 12:10:00+00:00,193.34,215.73,1.0
2026-06-05 12:15:00+00:00,193.68,215.68,1.0
2026-06-05 12:20:00+00:00,193.41,216.72,1.0
2026-06-05 12:25:00+00:00,192.89,215.87,1.0
2026-06-05 12:30:00+00:00,191.24,214.5,1.0
2026-06-05 12:35:00+00:00,192.09,214.77,1.0
2026-06-05 12:40:00+00:00,192.6,215.44,1.0
2026-06-05 12:45:00+00:00,192.12,215.93,1.0
2026-06-05 12:50:00+00:00,191.12,213.99,1.0
2026-06-05 12:55:00+00:00,190.24,214.44,1.0
2026-06-05 13:00:00+00:00,190.04,214.77,1.0
2026-06-05 13:05:00+00:00,190.33,214.66,1.0
2026-06-05 13:10:00+00:00,190.09,214.69,1.0
2026-06-05 13:15:00+00:00,189.56,214.94,1.0
2026-06-05 13:20:00+00:00,189.52,215.0,1.0
2026-06-05 13:25:00+00:00,189.42,214.38,1.0
2026-06-05 13:30:00+00:00,189.88,213.74,1.0
2026-06-05 13:35:00+00:00,189.44,213.13,1.0
2026-06-05 13:40:00+00:00,187.96,212.65,1.0
2026-06-05 13:45:00+00:00,187.3,209.9,1.0
2026-06-05 13:50:00+00:00,188.9,214.32,1.0
2026-06-05 13:55:00+00:00,187.24,211.71,1.0
2026-06-05 14:00:00+00:00,187.27,212.25,1.0
2026-06-05 14:05:00+00:00,188.29,211.48,1.0
2026-06-05 14:10:00+00:00,188.33,210.2,1.0
2026-06-05 14:15:00+00:00,188.7,212.25,1.0
2026-06-05 14:20:00+00:00,187.57,211.24,1.0
2026-06-05 14:25:00+00:00,186.55,209.21,1.0
2026-06-05 14:30:00+00:00,188.17,210.78,1.0
2026-06-05 14:35:00+00:00,188.4,210.36,1.0
2026-06-05 14:40:00+00:00,187.84,211.15,1.0
2026-06-05 14:45:00+00:00,187.98,210.25,1.0
2026-06-05 14:50:00+00:00,188.14,210.93,1.0
2026-06-05 14:55:00+00:00,188.17,211.04,1.0
2026-06-05 15:00:00+00:00,187.54,210.91,1.0
2026-06-05 15:05:00+00:00,186.83,210.98,1.0
2026-06-05 15:10:00+00:00,186.03,210.86,1.0
2026-06-05 15:15:00+00:00,186.45,209.31,1.0
2026-06-05 15:20:00+00:00,185.8,206.39,1.0
2026-06-05 15:25:00+00:00,186.15,207.31,1.0
2026-06-05 15:30:00+00:00,185.53,207.54,1.0
2026-06-05 15:35:00+00:00,184.98,207.57,1.0
2026-06-05 15:40:00+00:00,185.36,206.91,1.0
2026-06-05 15:45:00+00:00,185.38,208.57,1.0
2026-06-05 15:50:00+00:00,185.8,207.8,1.0
2026-06-05 15:55:00+00:00,185.21,208.47,1.0
2026-06-05 16:00:00+00:00,184.55,206.52,1.0
2026-06-05 16:05:00+00:00,183.74,202.82,1.0
2026-06-05 16:10:00+00:00,184.18,201.27,1.0
2026-06-05 16:15:00+00:00,183.29,201.25,1.0
2026-06-05 16:20:00+00:00,183.43,202.14,1.0
2026-06-05 16:25:00+00:00,183.12,201.88,1.0
2026-06-05 16:30:00+00:00,182.51,200.67,1.0
2026-06-05 16:35:00+00:00,182.01,201.84,1.0
2026-06-05 16:40:00+00:00,181.33,200.4,1.0
2026-06-05 16:45:00+00:00,182.23,198.6,1.0
2026-06-05 16:50:00+00:00,183.58,200.26,1.0
2026-06-05 16:55:00+00:00,183.65,199.83,1.0
2026-06-05 17:00:00+00:00,182.81,200.1,1.0
2026-06-05 17:05:00+00:00,181.94,200.21,1.0
2026-06-05 17:10:00+00:00,181.38,198.75,1.0
2026-06-05 17:15:00+00:00,180.81,199.07,1.0
2026-06-05 17:20:00+00:00,181.36,199.48,1.0
2026-06-05 17:25:00+00:00,181.31,199.74,1.0
2026-06-05 17:30:00+00:00,181.27,199.98,1.0
2026-06-05 17:35:00+00:00,181.68,200.34,1.0
2026-06-05 17:40:00+00:00,180.44,199.76,1.0
2026-06-05 17:45:00+00:00,180.7,199.83,1.0
2026-06-05 17:50:00+00:00,181.01,200.57,1.0
2026-06-05 17:55:00+00:00,181.22,200.04,1.0
2026-06-05 18:00:00+00:00,180.27,201.49,1.0
2026-06-05 18:05:00+00:00,180.08,201.2,1.0
2026-06-05 18:10:00+00:00,179.38,199.68,1.0
2026-06-05 18:15:00+00:00,178.69,199.83,1.0
2026-06-05 18:20:00+00:00,178.78,199.37,1.0
2026-06-05 18:25:00+00:00,178.55,197.23,1.0
2026-06-05 18:30:00+00:00,178.33,202.34,1.0
2026-06-05 18:35:00+00:00,177.72,200.8,1.0
2026-06-05 18:40:00+00:00,177.5,199.44,1.0
2026-06-05 18:45:00+00:00,177.34,198.11,1.0
2026-06-05 18:50:00+00:00,177.42,198.12,1.0
2026-06-05 18:55:00+00:00,177.82,197.91,1.0
2026-06-05 19:00:00+00:00,177.74,197.48,1.0
2026-06-05 19:05:00+00:00,176.97,197.63,1.0
2026-06-05 19:10:00+00:00,176.49,198.36,1.0
2026-06-05 19:15:00+00:00,176.55,197.67,1.0
2026-06-05 19:20:00+00:00,177.04,198.28,1.0
2026-06-05 19:25:00+00:00,177.82,197.68,1.0
2026-06-05 19:30:00+00:00,177.69,198.26,1.0
2026-06-05 19:35:00+00:00,178.03,199.62,1.0
2026-06-05 19:40:00+00:00,177.63,198.55,1.0
2026-06-05 19:45:00+00:00,177.54,199.88,1.0
2026-06-05 19:50:00+00:00,176.83,198.59,1.0
2026-06-05 19:55:00+00:00,175.46,198.89,1.0
2026-06-05 20:00:00+00:00,175.04,197.63,1.0
2026-06-05 20:05:00+00:00,175.2,198.19,1.0
2026-06-05 20:10:00+00:00,175.34,199.45,1.0
2026-06-05 20:15:00+00:00,175.44,199.21,1.0
2026-06-05 20:20:00+00:00,175.08,199.49,1.0
2026-06-05 20:25:00+00:00,175.38,199.8,1.0
2026-06-05 20:30:00+00:00,175.24,198.95,1.0
2026-06-05 20:35:00+00:00,175.25,199.7,1.0
2026-06-05 20:40:00+00:00,175.44,199.68,1.0
2026-06-05 20:45:00+00:00,175.46,200.3,1.0
2026-06-05 20:50:00+00:00,175.35,200.06,1.0
2026-06-05 20:55:00+00:00,175.35,199.9,1.0
2026-06-05 21:00:00+00:00,175.43,200.22,1.0
2026-06-05 21:05:00+00:00,175.39,200.13,1.0
2026-06-05 21:10:00+00:00,175.51,200.39,1.0
2026-06-05 21:15:00+00:00,175.82,200.21,1.0
2026-06-05 21:20:00+00:00,177.05,200.57,1.0
2026-06-05 21:25:00+00:00,176.68,200.4,1.0
2026-06-05 21:30:00+00:00,176.87,199.83,1.0
2026-06-05 21:35:00+00:00,177.13,200.05,1.0
2026-06-05 21:40:00+00:00,177.26,200.12,1.0
2026-06-05 21:45:00+00:00,177.51,200.09,1.0
2026-06-05 21:50:00+00:00,178.47,198.82,1.0
2026-06-05 21:55:00+00:00,179.19,199.03,1.0
2026-06-05 22:00:00+00:00,179.43,198.99,1.0
2026-06-05 22:05:00+00:00,179.06,199.46,1.0
2026-06-05 22:10:00+00:00,178.09,198.87,1.0
2026-06-05 22:15:00+00:00,177.99,199.54,1.0
2026-06-05 22:20:00+00:00,179.02,200.58,1.0
2026-06-05 22:25:00+00:00,178.15,199.98,1.0
2026-06-05 22:30:00+00:00,178.57,200.14,1.0
2026-06-05 22:35:00+00:00,178.17,199.88,1.0
2026-06-05 22:40:00+00:00,176.18,199.33,1.0
2026-06-05 22:45:00+00:00,177.06,198.88,1.0
2026-06-05 22:50:00+00:00,177.82,199.88,1.0
2026-06-05 22:55:00+00:00,177.92,200.08,1.0
2026-06-05 23:00:00+00:00,178.03,200.08,1.0
2026-06-05 23:05:00+00:00,177.26,199.29,1.0
2026-06-05 23:10:00+00:00,177.12,198.74,1.0
2026-06-05 23:15:00+00:00,175.84,197.8,1.0
2026-06-05 23:20:00+00:00,176.09,197.33,1.0
2026-06-05 23:25:00+00:00,175.66,196.76,1.0
2026-06-05 23:30:00+00:00,175.28,196.03,1.0
2026-06-05 23:35:00+00:00,174.85,196.12,1.0
2026-06-05 23:40:00+00:00,175.0,196.47,1.0
2026-06-05 23:45:00+00:00,175.29,196.39,1.0
2026-06-05 23:50:00+00:00,177.45,196.75,1.0
2026-06-05 23:55:00+00:00,176.51,196.99,1.0
2026-06-06 00:00:00+00:00,177.48,196.57,1.0
2026-06-06 00:05:00+00:00,177.79,196.61,1.0
2026-06-06 00:10:00+00:00,178.49,196.7,1.0
2026-06-06 00:15:00+00:00,179.13,196.58,1.0
2026-06-06 00:20:00+00:00,177.9,196.58,1.0
2026-06-06 00:25:00+00:00,177.96,196.16,1.0
2026-06-06 00:30:00+00:00,177.93,196.79,1.0
2026-06-06 00:35:00+00:00,177.83,196.64,1.0
2026-06-06 00:40:00+00:00,178.28,196.75,1.0
2026-06-06 00:45:00+00:00,178.22,196.88,1.0
2026-06-06 00:50:00+00:00,177.82,196.76,1.0
2026-06-06 00:55:00+00:00,177.86,196.48,1.0
2026-06-06 01:00:00+00:00,177.71,196.58,1.0
2026-06-06 01:05:00+00:00,177.15,196.5,1.0
2026-06-06 01:10:00+00:00,176.66,195.97,1.0
2026-06-06 01:15:00+00:00,176.64,195.55,1.0
2026-06-06 01:20:00+00:00,176.38,194.77,1.0
2026-06-06 01:25:00+00:00,176.07,194.24,1.0
2026-06-06 01:30:00+00:00,175.4,194.43,1.0
2026-06-06 01:35:00+00:00,175.04,194.24,1.0
2026-06-06 01:40:00+00:00,174.39,194.22,1.0
2026-06-06 01:45:00+00:00,173.88,194.17,1.0
2026-06-06 01:50:00+00:00,174.52,194.2,1.0
2026-06-06 01:55:00+00:00,174.42,194.13,1.0
2026-06-06 02:00:00+00:00,175.0,194.2,1.0
2026-06-06 02:05:00+00:00,175.35,193.98,1.0
2026-06-06 02:10:00+00:00,175.43,193.73,1.0
2026-06-06 02:15:00+00:00,174.5,192.81,1.0
2026-06-06 02:20:00+00:00,174.87,192.66,1.0
2026-06-06 02:25:00+00:00,175.05,192.4,1.0
2026-06-06 02:30:00+00:00,174.52,192.67,1.0
2026-06-06 02:35:00+00:00,174.02,191.89,1.0
2026-06-06 02:40:00+00:00,173.74,191.22,1.0
2026-06-06 02:45:00+00:00,173.11,190.6,1.0
2026-06-06 02:50:00+00:00,174.5,193.72,1.0
2026-06-06 02:55:00+00:00,173.94,193.2,1.0
2026-06-06 03:00:00+00:00,173.32,193.28,1.0
2026-06-06 03:05:00+00:00,173.37,192.58,1.0
2026-06-06 03:10:00+00:00,173.57,191.57,1.0
2026-06-06 03:15:00+00:00,174.49,192.03,1.0
2026-06-06 03:20:00+00:00,174.2,191.24,1.0
2026-06-06 03:25:00+00:00,174.07,191.6,1.0
2026-06-06 03:30:00+00:00,174.35,191.61,1.0
2026-06-06 03:35:00+00:00,175.34,191.91,1.0
2026-06-06 03:40:00+00:00,175.71,191.62,1.0
2026-06-06 03:45:00+00:00,175.53,191.73,1.0
2026-06-06 03:50:00+00:00,175.69,191.79,1.0
2026-06-06 03:55:00+00:00,175.92,192.16,1.0
2026-06-06 04:00:00+00:00,176.32,192.8,1.0
2026-06-06 04:05:00+00:00,175.3,192.72,1.0
2026-06-06 04:10:00+00:00,175.02,192.28,1.0
2026-06-06 04:15:00+00:00,174.5,191.38,1.0
2026-06-06 04:20:00+00:00,173.66,191.0,1.0
2026-06-06 04:25:00+00:00,173.49,190.88,1.0
2026-06-06 04:30:00+00:00,172.74,190.27,1.0
2026-06-06 04:35:00+00:00,172.52,190.11,1.0
2026-06-06 04:40:00+00:00,172.33,190.15,1.0
2026-06-06 04:45:00+00:00,172.5,190.0,1.0
2026-06-06 04:50:00+00:00,173.11,190.92,1.0
2026-06-06 04:55:00+00:00,173.76,190.2,1.0
2026-06-06 05:00:00+00:00,172.81,190.64,1.0
2026-06-06 05:05:00+00:00,174.34,191.04,1.0
2026-06-06 05:10:00+00:00,174.66,191.53,1.0
2026-06-06 05:15:00+00:00,174.89,191.24,1.0
2026-06-06 05:20:00+00:00,175.48,192.6,1.0
2026-06-06 05:25:00+00:00,175.47,192.36,1.0
2026-06-06 05:30:00+00:00,175.36,192.71,1.0
2026-06-06 05:35:00+00:00,175.94,192.1,1.0
2026-06-06 05:40:00+00:00,175.98,192.22,1.0
2026-06-06 05:45:00+00:00,176.08,193.67,1.0
2026-06-06 05:50:00+00:00,175.63,193.47,1.0
2026-06-06 05:55:00+00:00,176.05,193.08,1.0
2026-06-06 06:00:00+00:00,175.9,193.91,1.0
2026-06-06 06:05:00+00:00,176.46,193.47,1.0
2026-06-06 06:10:00+00:00,176.83,192.93,1.0
2026-06-06 06:15:00+00:00,177.17,192.8,1.0
2026-06-06 06:20:00+00:00,177.43,193.5,1.0
2026-06-06 06:25:00+00:00,176.73,192.47,1.0
2026-06-06 06:30:00+00:00,176.48,192.68,1.0
2026-06-06 06:35:00+00:00,176.51,192.56,1.0
2026-06-06 06:40:00+00:00,175.92,192.5,1.0
2026-06-06 06:45:00+00:00,175.22,192.4,1.0
2026-06-06 06:50:00+00:00,175.47,192.4,1.0
2026-06-06 06:55:00+00:00,174.98,191.69,1.0
2026-06-06 07:00:00+00:00,175.83,191.96,1.0
2026-06-06 07:05:00+00:00,175.91,192.22,1.0
2026-06-06 07:10:00+00:00,175.28,191.74,1.0
2026-06-06 07:15:00+00:00,175.49,192.03,1.0
2026-06-06 07:20:00+00:00,175.42,191.62,1.0
2026-06-06 07:25:00+00:00,175.56,191.3,1.0
2026-06-06 07:30:00+00:00,175.63,191.53,1.0
2026-06-06 07:35:00+00:00,175.65,191.5,1.0
2026-06-06 07:40:00+00:00,174.11,191.32,1.0
2026-06-06 07:45:00+00:00,173.79,190.61,1.0
2026-06-06 07:50:00+00:00,174.13,190.52,1.0
2026-06-06 07:55:00+00:00,174.38,190.77,1.0
2026-06-06 08:00:00+00:00,174.08,190.43,1.0
2026-06-06 08:05:00+00:00,174.41,190.39,1.0
2026-06-06 08:10:00+00:00,174.82,191.49,1.0
2026-06-06 08:15:00+00:00,175.04,192.03,1.0
2026-06-06 08:20:00+00:00,175.24,192.33,1.0
2026-06-06 08:25:00+00:00,176.67,192.26,1.0
2026-06-06 08:30:00+00:00,176.03,191.43,1.0
2026-06-06 08:35:00+00:00,175.23,191.76,1.0
2026-06-06 08:40:00+00:00,175.87,191.11,1.0
2026-06-06 08:45:00+00:00,176.23,191.11,1.0
2026-06-06 08:50:00+00:00,176.5,190.91,1.0
2026-06-06 08:55:00+00:00,176.45,190.6,1.0
2026-06-06 09:00:00+00:00,176.35,190.62,1.0
2026-06-06 09:05:00+00:00,176.7,190.29,1.0
2026-06-06 09:10:00+00:00,176.67,189.8,1.0
2026-06-06 09:15:00+00:00,176.77,190.05,1.0
2026-06-06 09:20:00+00:00,176.95,190.15,1.0
2026-06-06 09:25:00+00:00,176.92,190.68,1.0
2026-06-06 09:30:00+00:00,176.95,191.33,1.0
2026-06-06 09:35:00+00:00,176.61,191.95,1.0
2026-06-06 09:40:00+00:00,176.51,191.91,1.0
2026-06-06 09:45:00+00:00,176.35,190.3,1.0
2026-06-06 09:50:00+00:00,176.27,190.03,1.0
2026-06-06 09:55:00+00:00,176.22,190.39,1.0
2026-06-06 10:00:00+00:00,176.21,189.17,1.0
2026-06-06 10:05:00+00:00,175.18,189.41,1.0
2026-06-06 10:10:00+00:00,174.46,189.07,1.0
2026-06-06 10:15:00+00:00,174.49,189.15,1.0
2026-06-06 10:20:00+00:00,174.79,189.6,1.0
2026-06-06 10:25:00+00:00,174.76,188.87,1.0
2026-06-06 10:30:00+00:00,174.06,188.58,1.0
2026-06-06 10:35:00+00:00,174.61,187.96,1.0
2026-06-06 10:40:00+00:00,174.87,188.64,1.0
2026-06-06 10:45:00+00:00,175.11,188.66,1.0
2026-06-06 10:50:00+00:00,175.36,188.02,1.0
2026-06-06 10:55:00+00:00,175.34,188.18,1.0
2026-06-06 11:00:00+00:00,175.25,189.16,1.0
2026-06-06 11:05:00+00:00,175.64,189.36,1.0
2026-06-06 11:10:00+00:00,175.46,189.39,1.0
2026-06-06 11:15:00+00:00,175.62,189.69,1.0
2026-06-06 11:20:00+00:00,175.53,189.33,1.0
2026-06-06 11:25:00+00:00,175.74,188.91,1.0
2026-06-06 11:30:00+00:00,175.64,189.12,1.0
2026-06-06 11:35:00+00:00,175.68,188.63,1.0
2026-06-06 11:40:00+00:00,175.4,188.78,1.0
2026-06-06 11:45:00+00:00,175.77,189.09,1.0
2026-06-06 11:50:00+00:00,175.96,189.23,1.0
2026-06-06 11:55:00+00:00,175.58,189.18,1.0
2026-06-06 12:00:00+00:00,175.98,189.96,1.0
2026-06-06 12:05:00+00:00,176.37,190.39,1.0
2026-06-06 12:10:00+00:00,176.74,190.1,1.0
2026-06-06 12:15:00+00:00,176.81,189.83,1.0
2026-06-06 12:20:00+00:00,176.78,189.9,1.0
2026-06-06 12:25:00+00:00,176.81,189.9,1.0
2026-06-06 12:30:00+00:00,176.85,190.63,1.0
2026-06-06 12:35:00+00:00,176.64,190.01,1.0
2026-06-06 12:40:00+00:00,177.05,190.48,1.0
2026-06-06 12:45:00+00:00,177.43,191.21,1.0
2026-06-06 12:50:00+00:00,177.43,191.1,1.0
2026-06-06 12:55:00+00:00,177.36,191.1,1.0
2026-06-06 13:00:00+00:00,177.48,190.55,1.0
2026-06-06 13:05:00+00:00,177.55,189.98,1.0
2026-06-06 13:10:00+00:00,177.52,190.6,1.0
2026-06-06 13:15:00+00:00,177.61,190.46,1.0
2026-06-06 13:20:00+00:00,177.36,190.67,1.0
2026-06-06 13:25:00+00:00,176.8,190.67,1.0
2026-06-06 13:30:00+00:00,176.63,190.79,1.0
2026-06-06 13:35:00+00:00,176.06,191.09,1.0
2026-06-06 13:40:00+00:00,175.85,191.01,1.0
2026-06-06 13:45:00+00:00,175.72,190.65,1.0
2026-06-06 13:50:00+00:00,176.05,190.71,1.0
2026-06-06 13:55:00+00:00,176.57,190.59,1.0
2026-06-06 14:00:00+00:00,176.58,190.63,1.0
2026-06-06 14:05:00+00:00,176.6,190.67,1.0
2026-06-06 14:10:00+00:00,176.44,191.09,1.0
2026-06-06 14:15:00+00:00,176.9,190.75,1.0
2026-06-06 14:20:00+00:00,176.9,190.89,1.0
2026-06-06 14:25:00+00:00,176.8,190.77,1.0
2026-06-06 14:30:00+00:00,176.92,191.02,1.0
2026-06-06 14:35:00+00:00,176.78,191.06,1.0
2026-06-06 14:40:00+00:00,176.83,191.18,1.0
2026-06-06 14:45:00+00:00,176.63,190.76,1.0
2026-06-06 14:50:00+00:00,176.58,190.94,1.0
2026-06-06 14:55:00+00:00,176.56,190.65,1.0
2026-06-06 15:00:00+00:00,176.21,190.64,1.0
2026-06-06 15:05:00+00:00,176.25,190.75,1.0
2026-06-06 15:10:00+00:00,175.92,190.64,1.0
2026-06-06 15:15:00+00:00,175.77,190.9,1.0
2026-06-06 15:20:00+00:00,175.47,191.44,1.0
2026-06-06 15:25:00+00:00,175.54,191.58,1.0
2026-06-06 15:30:00+00:00,175.93,191.62,1.0
2026-06-06 15:35:00+00:00,176.14,191.6,1.0
2026-06-06 15:40:00+00:00,176.07,191.46,1.0
2026-06-06 15:45:00+00:00,176.06,191.64,1.0
2026-06-06 15:50:00+00:00,176.09,191.54,1.0
2026-06-06 15:55:00+00:00,176.1,191.3,1.0
2026-06-06 16:00:00+00:00,176.11,191.14,1.0
2026-06-06 16:05:00+00:00,175.93,191.44,1.0
2026-06-06 16:10:00+00:00,175.83,191.55,1.0
2026-06-06 16:15:00+00:00,175.72,191.39,1.0
2026-06-06 16:20:00+00:00,175.8,191.25,1.0
2026-06-06 16:25:00+00:00,175.94,190.98,1.0
2026-06-06 16:30:00+00:00,175.9,190.86,1.0
2026-06-06 16:35:00+00:00,175.69,190.9,1.0
2026-06-06 16:40:00+00:00,175.73,190.95,1.0
2026-06-06 16:45:00+00:00,175.84,191.29,1.0
2026-06-06 16:50:00+00:00,175.86,191.22,1.0
2026-06-06 16:55:00+00:00,175.55,191.04,1.0
2026-06-06 17:00:00+00:00,175.53,191.11,1.0
2026-06-06 17:05:00+00:00,175.06,191.04,1.0
2026-06-06 17:10:00+00:00,175.01,191.12,1.0
2026-06-06 17:15:00+00:00,174.85,191.14,1.0
2026-06-06 17:20:00+00:00,174.83,191.14,1.0
2026-06-06 17:25:00+00:00,174.82,191.09,1.0
2026-06-06 17:30:00+00:00,174.93,191.14,1.0
2026-06-06 17:35:00+00:00,174.63,191.2,1.0
2026-06-06 17:40:00+00:00,174.47,191.07,1.0
2026-06-06 17:45:00+00:00,174.43,191.03,1.0
2026-06-06 17:50:00+00:00,174.41,191.09,1.0
2026-06-06 17:55:00+00:00,174.45,191.19,1.0
2026-06-06 18:00:00+00:00,174.43,191.12,1.0
2026-06-06 18:05:00+00:00,174.4,191.08,1.0
2026-06-06 18:10:00+00:00,174.47,191.18,1.0
2026-06-06 18:15:00+00:00,174.42,191.14,1.0
2026-06-06 18:20:00+00:00,174.43,191.21,1.0
2026-06-06 18:25:00+00:00,174.45,191.76,1.0
2026-06-06 18:30:00+00:00,174.45,191.57,1.0
2026-06-06 18:35:00+00:00,174.45,191.44,1.0
2026-06-06 18:40:00+00:00,174.47,191.46,1.0
2026-06-06 18:45:00+00:00,174.42,191.35,1.0
2026-06-06 18:50:00+00:00,174.36,191.33,1.0
2026-06-06 18:55:00+00:00,174.46,191.37,1.0
2026-06-06 19:00:00+00:00,174.59,191.25,1.0
2026-06-06 19:05:00+00:00,174.94,191.65,1.0
2026-06-06 19:10:00+00:00,175.01,191.8,1.0
2026-06-06 19:15:00+00:00,175.0,191.68,1.0
2026-06-06 19:20:00+00:00,174.82,191.65,1.0
2026-06-06 19:25:00+00:00,174.73,191.59,1.0
2026-06-06 19:30:00+00:00,174.83,191.15,1.0
2026-06-06 19:35:00+00:00,175.05,191.2,1.0
2026-06-06 19:40:00+00:00,174.96,191.1,1.0
2026-06-06 19:45:00+00:00,175.16,191.18,1.0
2026-06-06 19:50:00+00:00,174.96,191.16,1.0
2026-06-06 19:55:00+00:00,174.98,191.18,1.0
2026-06-06 20:00:00+00:00,174.98,191.08,1.0
2026-06-06 20:05:00+00:00,174.8,191.01,1.0
2026-06-06 20:10:00+00:00,174.4,191.0,1.0
2026-06-06 20:15:00+00:00,174.43,190.87,1.0
2026-06-06 20:20:00+00:00,174.62,190.86,1.0
2026-06-06 20:25:00+00:00,174.9,190.84,1.0
2026-06-06 20:30:00+00:00,175.41,190.96,1.0
2026-06-06 20:35:00+00:00,175.33,191.0,1.0
2026-06-06 20:40:00+00:00,175.18,191.24,1.0
2026-06-06 20:45:00+00:00,175.26,191.02,1.0
2026-06-06 20:50:00+00:00,175.21,191.44,1.0
2026-06-06 20:55:00+00:00,175.07,191.63,1.0
2026-06-06 21:00:00+00:00,174.91,191.84,1.0
2026-06-06 21:05:00+00:00,174.88,192.07,1.0
2026-06-06 21:10:00+00:00,175.07,192.13,1.0
2026-06-06 21:15:00+00:00,175.12,192.36,1.0
2026-06-06 21:20:00+00:00,175.08,191.36,1.0
2026-06-06 21:25:00+00:00,175.05,191.44,1.0
2026-06-06 21:30:00+00:00,175.02,192.59,1.0
2026-06-06 21:35:00+00:00,175.04,192.49,1.0
2026-06-06 21:40:00+00:00,175.1,192.54,1.0
2026-06-06 21:45:00+00:00,175.01,192.55,1.0
2026-06-06 21:50:00+00:00,174.88,192.47,1.0
2026-06-06 21:55:00+00:00,174.65,192.49,1.0
2026-06-06 22:00:00+00:00,174.2,192.13,1.0
2026-06-06 22:05:00+00:00,173.9,192.24,1.0
2026-06-06 22:10:00+00:00,173.97,192.2,1.0
2026-06-06 22:15:00+00:00,174.16,192.55,1.0
2026-06-06 22:20:00+00:00,174.11,192.6,1.0
2026-06-06 22:25:00+00:00,174.67,191.82,1.0
2026-06-06 22:30:00+00:00,174.93,191.95,1.0
2026-06-06 22:35:00+00:00,175.24,191.86,1.0
2026-06-06 22:40:00+00:00,175.11,191.68,1.0
2026-06-06 22:45:00+00:00,175.03,191.81,1.0
2026-06-06 22:50:00+00:00,175.51,191.9,1.0
2026-06-06 22:55:00+00:00,175.41,191.32,1.0
2026-06-06 23:00:00+00:00,175.86,191.64,1.0
2026-06-06 23:05:00+00:00,175.63,191.9,1.0
2026-06-06 23:10:00+00:00,175.68,192.33,1.0
2026-06-06 23:15:00+00:00,175.66,192.21,1.0
2026-06-06 23:20:00+00:00,175.68,192.33,1.0
2026-06-06 23:25:00+00:00,175.82,192.28,1.0
2026-06-06 23:30:00+00:00,175.8,192.34,1.0
2026-06-06 23:35:00+00:00,175.77,192.37,1.0
2026-06-06 23:40:00+00:00,176.1,192.72,1.0
2026-06-06 23:45:00+00:00,176.07,192.82,1.0
2026-06-06 23:50:00+00:00,176.05,192.78,1.0
2026-06-06 23:55:00+00:00,176.11,192.77,1.0
2026-06-07 00:00:00+00:00,176.13,192.22,1.0
2026-06-07 00:05:00+00:00,174.81,192.24,1.0
2026-06-07 00:10:00+00:00,174.78,192.11,1.0
2026-06-07 00:15:00+00:00,174.79,193.0,1.0
2026-06-07 00:20:00+00:00,174.57,192.76,1.0
2026-06-07 00:25:00+00:00,174.75,192.35,1.0
2026-06-07 00:30:00+00:00,175.01,192.46,1.0
2026-06-07 00:35:00+00:00,175.2,192.97,1.0
2026-06-07 00:40:00+00:00,174.76,192.63,1.0
2026-06-07 00:45:00+00:00,174.69,192.63,1.0
2026-06-07 00:50:00+00:00,174.74,192.9,1.0
2026-06-07 00:55:00+00:00,174.74,192.85,1.0
2026-06-07 01:00:00+00:00,175.41,193.05,1.0
2026-06-07 01:05:00+00:00,175.69,193.28,1.0
2026-06-07 01:10:00+00:00,176.14,193.52,1.0
2026-06-07 01:15:00+00:00,176.46,192.98,1.0
2026-06-07 01:20:00+00:00,176.78,193.49,1.0
2026-06-07 01:25:00+00:00,177.32,193.65,1.0
2026-06-07 01:30:00+00:00,177.49,193.76,1.0
2026-06-07 01:35:00+00:00,177.67,194.2,1.0
2026-06-07 01:40:00+00:00,177.47,194.26,1.0
2026-06-07 01:45:00+00:00,177.35,194.33,1.0
2026-06-07 01:50:00+00:00,177.27,194.22,1.0
2026-06-07 01:55:00+00:00,176.98,194.6,1.0
2026-06-07 02:00:00+00:00,176.62,193.26,1.0
2026-06-07 02:05:00+00:00,177.05,193.64,1.0
2026-06-07 02:10:00+00:00,176.98,193.09,1.0
2026-06-07 02:15:00+00:00,176.26,192.63,1.0
2026-06-07 02:20:00+00:00,176.04,192.48,1.0
2026-06-07 02:25:00+00:00,176.0,192.6,1.0
2026-06-07 02:30:00+00:00,175.98,192.44,1.0
2026-06-07 02:35:00+00:00,176.05,192.48,1.0
2026-06-07 02:40:00+00:00,176.09,192.38,1.0
2026-06-07 02:45:00+00:00,176.48,192.57,1.0
2026-06-07 02:50:00+00:00,176.58,192.39,1.0
2026-06-07 02:55:00+00:00,176.62,192.22,1.0
2026-06-07 03:00:00+00:00,176.58,192.11,1.0
2026-06-07 03:05:00+00:00,176.62,192.0,1.0
2026-06-07 03:10:00+00:00,176.98,192.38,1.0
2026-06-07 03:15:00+00:00,176.97,192.3,1.0
2026-06-07 03:20:00+00:00,176.91,193.06,1.0
2026-06-07 03:25:00+00:00,176.94,193.58,1.0
2026-06-07 03:30:00+00:00,176.95,193.16,1.0
2026-06-07 03:35:00+00:00,176.99,193.21,1.0
2026-06-07 03:40:00+00:00,176.66,193.67,1.0
2026-06-07 03:45:00+00:00,176.66,193.41,1.0
2026-06-07 03:50:00+00:00,176.96,193.54,1.0
2026-06-07 03:55:00+00:00,176.88,193.71,1.0
2026-06-07 04:00:00+00:00,176.86,193.43,1.0
2026-06-07 04:05:00+00:00,176.87,193.44,1.0
2026-06-07 04:10:00+00:00,176.66,193.53,1.0
2026-06-07 04:15:00+00:00,176.83,193.5,1.0
2026-06-07 04:20:00+00:00,176.47,193.47,1.0
2026-06-07 04:25:00+00:00,176.57,193.39,1.0
2026-06-07 04:30:00+00:00,176.69,193.05,1.0
2026-06-07 04:35:00+00:00,176.82,193.42,1.0
2026-06-07 04:40:00+00:00,177.54,193.6,1.0
2026-06-07 04:45:00+00:00,177.93,193.57,1.0
2026-06-07 04:50:00+00:00,178.02,193.6,1.0
2026-06-07 04:55:00+00:00,178.19,193.61,1.0
2026-06-07 05:00:00+00:00,178.43,193.7,1.0
2026-06-07 05:05:00+00:00,178.36,194.15,1.0
2026-06-07 05:10:00+00:00,178.59,194.47,1.0
2026-06-07 05:15:00+00:00,178.41,194.34,1.0
2026-06-07 05:20:00+00:00,177.86,194.38,1.0
2026-06-07 05:25:00+00:00,177.88,194.07,1.0
2026-06-07 05:30:00+00:00,177.61,193.92,1.0
2026-06-07 05:35:00+00:00,177.76,194.12,1.0
2026-06-07 05:40:00+00:00,177.78,194.22,1.0
2026-06-07 05:45:00+00:00,177.91,194.45,1.0
2026-06-07 05:50:00+00:00,178.03,194.57,1.0
2026-06-07 05:55:00+00:00,178.06,194.44,1.0
2026-06-07 06:00:00+00:00,178.61,194.38,1.0
2026-06-07 06:05:00+00:00,178.53,194.39,1.0
2026-06-07 06:10:00+00:00,178.46,194.61,1.0
2026-06-07 06:15:00+00:00,178.42,194.68,1.0
2026-06-07 06:20:00+00:00,178.64,194.98,1.0
2026-06-07 06:25:00+00:00,179.07,194.9,1.0
2026-06-07 06:30:00+00:00,179.35,195.29,1.0
2026-06-07 06:35:00+00:00,179.54,195.16,1.0
2026-06-07 06:40:00+00:00,179.4,195.09,1.0
2026-06-07 06:45:00+00:00,179.12,195.06,1.0
2026-06-07 06:50:00+00:00,179.12,194.91,1.0
2026-06-07 06:55:00+00:00,178.71,195.11,1.0
2026-06-07 07:00:00+00:00,178.8,195.06,1.0
2026-06-07 07:05:00+00:00,178.41,195.16,1.0
2026-06-07 07:10:00+00:00,178.49,194.89,1.0
2026-06-07 07:15:00+00:00,178.59,195.07,1.0
2026-06-07 07:20:00+00:00,178.42,194.93,1.0
2026-06-07 07:25:00+00:00,178.28,194.88,1.0
2026-06-07 07:30:00+00:00,178.07,194.8,1.0
2026-06-07 07:35:00+00:00,178.4,194.62,1.0
2026-06-07 07:40:00+00:00,178.08,194.58,1.0
2026-06-07 07:45:00+00:00,178.09,194.51,1.0
2026-06-07 07:50:00+00:00,178.0,194.17,1.0
2026-06-07 07:55:00+00:00,178.02,194.52,1.0
2026-06-07 08:00:00+00:00,178.03,194.81,1.0
2026-06-07 08:05:00+00:00,178.07,194.92,1.0
2026-06-07 08:10:00+00:00,177.91,194.6,1.0
2026-06-07 08:15:00+00:00,177.93,194.63,1.0
2026-06-07 08:20:00+00:00,177.82,194.29,1.0
2026-06-07 08:25:00+00:00,177.82,194.7,1.0
2026-06-07 08:30:00+00:00,177.7,194.28,1.0
2026-06-07 08:35:00+00:00,178.0,194.54,1.0
2026-06-07 08:40:00+00:00,177.78,194.9,1.0
2026-06-07 08:45:00+00:00,178.38,195.02,1.0
2026-06-07 08:50:00+00:00,178.56,194.81,1.0
2026-06-07 08:55:00+00:00,179.7,195.76,1.0
2026-06-07 09:00:00+00:00,179.58,196.01,1.0
2026-06-07 09:05:00+00:00,179.44,196.17,1.0
2026-06-07 09:10:00+00:00,179.26,196.22,1.0
2026-06-07 09:15:00+00:00,179.09,195.99,1.0
2026-06-07 09:20:00+00:00,178.81,196.29,1.0
2026-06-07 09:25:00+00:00,178.98,196.36,1.0
2026-06-07 09:30:00+00:00,178.7,196.17,1.0
2026-06-07 09:35:00+00:00,178.5,196.09,1.0
2026-06-07 09:40:00+00:00,178.4,196.32,1.0
2026-06-07 09:45:00+00:00,177.76,196.18,1.0
2026-06-07 09:50:00+00:00,177.9,196.16,1.0
2026-06-07 09:55:00+00:00,177.74,196.21,1.0
2026-06-07 10:00:00+00:00,177.2,195.99,1.0
2026-06-07 10:05:00+00:00,177.13,195.35,1.0
2026-06-07 10:10:00+00:00,176.68,194.99,1.0
2026-06-07 10:15:00+00:00,176.68,195.06,1.0
2026-06-07 10:20:00+00:00,177.24,195.85,1.0
2026-06-07 10:25:00+00:00,177.29,195.79,1.0
2026-06-07 10:30:00+00:00,177.03,195.63,1.0
2026-06-07 10:35:00+00:00,177.08,196.0,1.0
2026-06-07 10:40:00+00:00,177.15,195.28,1.0
2026-06-07 10:45:00+00:00,177.34,195.31,1.0
2026-06-07 10:50:00+00:00,177.12,195.19,1.0
2026-06-07 10:55:00+00:00,177.08,195.14,1.0
2026-06-07 11:00:00+00:00,177.14,195.0,1.0
2026-06-07 11:05:00+00:00,177.52,196.22,1.0
2026-06-07 11:10:00+00:00,177.78,197.44,1.0
2026-06-07 11:15:00+00:00,178.13,198.02,1.0
2026-06-07 11:20:00+00:00,178.34,199.34,1.0
2026-06-07 11:25:00+00:00,178.76,198.46,1.0
2026-06-07 11:30:00+00:00,178.34,198.93,1.0
2026-06-07 11:35:00+00:00,179.46,198.95,1.0
2026-06-07 11:40:00+00:00,179.28,199.16,1.0
2026-06-07 11:45:00+00:00,179.08,199.2,1.0
2026-06-07 11:50:00+00:00,179.1,201.21,1.0
2026-06-07 11:55:00+00:00,178.76,201.03,1.0
2026-06-07 12:00:00+00:00,178.82,200.34,1.0
2026-06-07 12:05:00+00:00,178.95,200.4,1.0
2026-06-07 12:10:00+00:00,178.5,200.08,1.0
2026-06-07 12:15:00+00:00,178.35,200.37,1.0
2026-06-07 12:20:00+00:00,178.72,199.59,1.0
2026-06-07 12:25:00+00:00,178.62,198.33,1.0
2026-06-07 12:30:00+00:00,178.79,198.11,1.0
2026-06-07 12:35:00+00:00,179.06,198.67,1.0
2026-06-07 12:40:00+00:00,178.94,199.49,1.0
2026-06-07 12:45:00+00:00,178.49,199.4,1.0
2026-06-07 12:50:00+00:00,178.78,199.35,1.0
2026-06-07 12:55:00+00:00,179.36,199.1,1.0
2026-06-07 13:00:00+00:00,179.19,197.55,1.0
2026-06-07 13:05:00+00:00,178.82,198.48,1.0
2026-06-07 13:10:00+00:00,179.34,198.47,1.0
2026-06-07 13:15:00+00:00,179.04,195.96,1.0
2026-06-07 13:20:00+00:00,179.0,197.43,1.0
2026-06-07 13:25:00+00:00,179.23,198.37,1.0
2026-06-07 13:30:00+00:00,178.89,197.2,1.0
2026-06-07 13:35:00+00:00,178.85,197.72,1.0
2026-06-07 13:40:00+00:00,178.64,197.14,1.0
2026-06-07 13:45:00+00:00,178.77,198.49,1.0
2026-06-07 13:50:00+00:00,179.52,197.48,1.0
2026-06-07 13:55:00+00:00,180.65,197.25,1.0
2026-06-07 14:00:00+00:00,181.16,197.47,1.0
2026-06-07 14:05:00+00:00,181.5,198.24,1.0
2026-06-07 14:10:00+00:00,181.88,198.46,1.0
2026-06-07 14:15:00+00:00,181.42,198.79,1.0
2026-06-07 14:20:00+00:00,182.26,199.32,1.0
2026-06-07 14:25:00+00:00,182.45,199.53,1.0
2026-06-07 14:30:00+00:00,183.64,200.32,1.0
2026-06-07 14:35:00+00:00,182.8,200.3,1.0
2026-06-07 14:40:00+00:00,182.31,198.88,1.0
2026-06-07 14:45:00+00:00,181.3,198.76,1.0
2026-06-07 14:50:00+00:00,181.36,198.19,1.0
2026-06-07 14:55:00+00:00,180.83,198.16,1.0
2026-06-07 15:00:00+00:00,180.71,198.35,1.0
2026-06-07 15:05:00+00:00,180.69,198.56,1.0
2026-06-07 15:10:00+00:00,179.88,197.77,1.0
2026-06-07 15:15:00+00:00,179.5,197.68,1.0
2026-06-07 15:20:00+00:00,180.02,197.78,1.0
2026-06-07 15:25:00+00:00,179.84,197.28,1.0
2026-06-07 15:30:00+00:00,179.71,197.35,1.0
2026-06-07 15:35:00+00:00,179.7,197.37,1.0
2026-06-07 15:40:00+00:00,179.25,197.49,1.0
2026-06-07 15:45:00+00:00,179.03,198.82,1.0
2026-06-07 15:50:00+00:00,179.07,198.21,1.0
2026-06-07 15:55:00+00:00,178.97,195.8,1.0
2026-06-07 16:00:00+00:00,178.89,196.49,1.0
2026-06-07 16:05:00+00:00,179.1,198.02,1.0
2026-06-07 16:10:00+00:00,179.67,198.59,1.0
2026-06-07 16:15:00+00:00,179.63,198.53,1.0
2026-06-07 16:20:00+00:00,180.45,198.64,1.0
2026-06-07 16:25:00+00:00,180.12,198.56,1.0
2026-06-07 16:30:00+00:00,180.83,199.02,1.0
2026-06-07 16:35:00+00:00,181.21,199.02,1.0
2026-06-07 16:40:00+00:00,181.22,199.05,1.0
2026-06-07 16:45:00+00:00,181.37,199.0,1.0
2026-06-07 16:50:00+00:00,181.08,199.21,1.0
2026-06-07 16:55:00+00:00,180.49,199.04,1.0
2026-06-07 17:00:00+00:00,180.76,199.46,1.0
2026-06-07 17:05:00+00:00,180.24,199.65,1.0
2026-06-07 17:10:00+00:00,180.07,199.16,1.0
2026-06-07 17:15:00+00:00,180.23,199.58,1.0
2026-06-07 17:20:00+00:00,180.04,199.38,1.0
2026-06-07 17:25:00+00:00,180.16,199.64,1.0
2026-06-07 17:30:00+00:00,179.97,200.54,1.0
2026-06-07 17:35:00+00:00,180.29,200.03,1.0
2026-06-07 17:40:00+00:00,180.42,200.53,1.0
2026-06-07 17:45:00+00:00,180.41,200.98,1.0
2026-06-07 17:50:00+00:00,180.38,200.83,1.0
2026-06-07 17:55:00+00:00,180.38,200.67,1.0
2026-06-07 18:00:00+00:00,180.41,200.85,1.0
2026-06-07 18:05:00+00:00,179.67,200.16,1.0
2026-06-07 18:10:00+00:00,179.55,199.72,1.0
2026-06-07 18:15:00+00:00,179.38,199.38,1.0
2026-06-07 18:20:00+00:00,179.47,199.83,1.0
2026-06-07 18:25:00+00:00,179.55,199.67,1.0
2026-06-07 18:30:00+00:00,179.51,199.93,1.0
2026-06-07 18:35:00+00:00,179.6,199.97,1.0
2026-06-07 18:40:00+00:00,179.64,199.54,1.0
2026-06-07 18:45:00+00:00,179.57,199.69,1.0
2026-06-07 18:50:00+00:00,179.37,198.97,1.0
2026-06-07 18:55:00+00:00,179.32,199.77,1.0
2026-06-07 19:00:00+00:00,179.11,198.37,1.0
2026-06-07 19:05:00+00:00,178.65,198.1,1.0
2026-06-07 19:10:00+00:00,178.24,198.27,1.0
2026-06-07 19:15:00+00:00,176.94,197.85,1.0
2026-06-07 19:20:00+00:00,177.52,198.34,1.0
2026-06-07 19:25:00+00:00,177.69,197.75,1.0
2026-06-07 19:30:00+00:00,177.7,197.43,1.0
2026-06-07 19:35:00+00:00,176.9,196.6,1.0
2026-06-07 19:40:00+00:00,176.63,196.52,1.0
2026-06-07 19:45:00+00:00,176.65,196.83,1.0
2026-06-07 19:50:00+00:00,176.77,196.93,1.0
2026-06-07 19:55:00+00:00,176.74,196.71,1.0
2026-06-07 20:00:00+00:00,177.45,195.4,1.0
2026-06-07 20:05:00+00:00,177.44,194.98,1.0
2026-06-07 20:10:00+00:00,177.43,196.05,1.0
2026-06-07 20:15:00+00:00,177.2,195.88,1.0
2026-06-07 20:20:00+00:00,178.15,196.84,1.0
2026-06-07 20:25:00+00:00,178.28,196.73,1.0
2026-06-07 20:30:00+00:00,178.27,196.87,1.0
2026-06-07 20:35:00+00:00,178.05,197.12,1.0
2026-06-07 20:40:00+00:00,178.01,197.43,1.0
2026-06-07 20:45:00+00:00,178.12,197.88,1.0
2026-06-07 20:50:00+00:00,177.56,197.86,1.0
2026-06-07 20:55:00+00:00,177.62,197.94,1.0
2026-06-07 21:00:00+00:00,177.58,198.8,1.0
2026-06-07 21:05:00+00:00,177.21,197.79,1.0
2026-06-07 21:10:00+00:00,177.22,198.21,1.0
2026-06-07 21:15:00+00:00,177.13,197.72,1.0
2026-06-07 21:20:00+00:00,177.16,197.64,1.0
2026-06-07 21:25:00+00:00,177.77,197.66,1.0
2026-06-07 21:30:00+00:00,177.83,197.6,1.0
2026-06-07 21:35:00+00:00,178.01,197.61,1.0
2026-06-07 21:40:00+00:00,177.96,197.51,1.0
2026-06-07 21:45:00+00:00,177.35,196.98,1.0
2026-06-07 21:50:00+00:00,177.62,196.27,1.0
2026-06-07 21:55:00+00:00,176.87,196.4,1.0
2026-06-07 22:00:00+00:00,176.04,195.97,1.0
2026-06-07 22:05:00+00:00,175.54,196.4,1.0
2026-06-07 22:10:00+00:00,179.96,195.53,1.0
2026-06-07 22:15:00+00:00,178.83,197.61,1.0
2026-06-07 22:20:00+00:00,179.08,197.32,1.0
2026-06-07 22:25:00+00:00,178.56,196.71,1.0
2026-06-07 22:30:00+00:00,179.18,197.44,1.0
2026-06-07 22:35:00+00:00,179.94,197.64,1.0
2026-06-07 22:40:00+00:00,179.25,197.53,1.0
2026-06-07 22:45:00+00:00,178.96,197.46,1.0
2026-06-07 22:50:00+00:00,179.24,198.03,1.0
2026-06-07 22:55:00+00:00,177.98,197.4,1.0
2026-06-07 23:00:00+00:00,178.62,194.82,1.0
2026-06-07 23:05:00+00:00,178.26,192.64,1.0
2026-06-07 23:10:00+00:00,178.28,192.7,1.0
2026-06-07 23:15:00+00:00,177.28,193.84,1.0
2026-06-07 23:20:00+00:00,177.55,193.96,1.0
2026-06-07 23:25:00+00:00,178.2,194.92,1.0
2026-06-07 23:30:00+00:00,178.1,194.12,1.0
2026-06-07 23:35:00+00:00,177.68,194.18,1.0
2026-06-07 23:40:00+00:00,177.22,194.01,1.0
2026-06-07 23:45:00+00:00,177.8,193.46,1.0
2026-06-07 23:50:00+00:00,176.44,193.66,1.0
2026-06-07 23:55:00+00:00,176.86,193.43,1.0
2026-06-08 00:00:00+00:00,180.1,194.22,1.0
2026-06-08 00:05:00+00:00,180.15,194.29,1.0
2026-06-08 00:10:00+00:00,181.43,194.98,1.0
2026-06-08 00:15:00+00:00,181.88,195.15,1.0
2026-06-08 00:20:00+00:00,181.22,194.4,1.0
2026-06-08 00:25:00+00:00,180.7,195.13,1.0
2026-06-08 00:30:00+00:00,181.23,197.15,1.0
2026-06-08 00:35:00+00:00,183.42,200.91,1.0
2026-06-08 00:40:00+00:00,180.48,197.76,1.0
2026-06-08 00:45:00+00:00,180.11,197.02,1.0
2026-06-08 00:50:00+00:00,179.48,196.32,1.0
2026-06-08 00:55:00+00:00,181.04,198.94,1.0
2026-06-08 01:00:00+00:00,180.08,197.67,1.0
2026-06-08 01:05:00+00:00,180.22,197.29,1.0
2026-06-08 01:10:00+00:00,178.76,196.56,1.0
2026-06-08 01:15:00+00:00,178.3,195.29,1.0
2026-06-08 01:20:00+00:00,177.79,195.1,1.0
2026-06-08 01:25:00+00:00,176.28,193.82,1.0
2026-06-08 01:30:00+00:00,178.4,195.82,1.0
2026-06-08 01:35:00+00:00,177.68,194.89,1.0
2026-06-08 01:40:00+00:00,179.38,197.21,1.0
2026-06-08 01:45:00+00:00,178.75,197.16,1.0
2026-06-08 01:50:00+00:00,179.7,198.05,1.0
2026-06-08 01:55:00+00:00,179.89,198.77,1.0
2026-06-08 02:00:00+00:00,180.92,199.86,1.0
2026-06-08 02:05:00+00:00,180.3,199.69,1.0
2026-06-08 02:10:00+00:00,181.35,201.32,1.0
2026-06-08 02:15:00+00:00,180.1,199.83,1.0
2026-06-08 02:20:00+00:00,181.82,201.62,1.0
2026-06-08 02:25:00+00:00,182.67,202.43,1.0
2026-06-08 02:30:00+00:00,182.08,203.16,1.0
2026-06-08 02:35:00+00:00,182.88,204.25,1.0
2026-06-08 02:40:00+00:00,183.65,204.91,1.0
2026-06-08 02:45:00+00:00,183.16,205.0,1.0
2026-06-08 02:50:00+00:00,183.95,204.59,1.0
2026-06-08 02:55:00+00:00,182.98,203.6,1.0
2026-06-08 03:00:00+00:00,182.38,202.84,1.0
2026-06-08 03:05:00+00:00,182.97,203.29,1.0
2026-06-08 03:10:00+00:00,182.44,202.44,1.0
2026-06-08 03:15:00+00:00,181.52,201.12,1.0
2026-06-08 03:20:00+00:00,182.85,202.87,1.0
2026-06-08 03:25:00+00:00,182.55,202.91,1.0
2026-06-08 03:30:00+00:00,181.98,202.09,1.0
2026-06-08 03:35:00+00:00,182.64,202.76,1.0
2026-06-08 03:40:00+00:00,182.54,202.41,1.0
2026-06-08 03:45:00+00:00,182.32,202.27,1.0
2026-06-08 03:50:00+00:00,182.41,201.75,1.0
2026-06-08 03:55:00+00:00,182.18,201.28,1.0
2026-06-08 04:00:00+00:00,182.28,201.53,1.0
2026-06-08 04:05:00+00:00,182.05,200.72,1.0
2026-06-08 04:10:00+00:00,182.04,201.06,1.0
2026-06-08 04:15:00+00:00,181.95,200.51,1.0
2026-06-08 04:20:00+00:00,181.26,199.43,1.0
2026-06-08 04:25:00+00:00,181.64,200.0,1.0
2026-06-08 04:30:00+00:00,181.44,199.68,1.0
2026-06-08 04:35:00+00:00,181.25,200.07,1.0
2026-06-08 04:40:00+00:00,180.06,198.36,1.0
2026-06-08 04:45:00+00:00,180.1,197.98,1.0
2026-06-08 04:50:00+00:00,179.9,197.44,1.0
2026-06-08 04:55:00+00:00,179.11,196.45,1.0
2026-06-08 05:00:00+00:00,180.58,197.78,1.0
2026-06-08 05:05:00+00:00,179.64,196.58,1.0
2026-06-08 05:10:00+00:00,178.62,195.32,1.0
2026-06-08 05:15:00+00:00,179.63,196.55,1.0
2026-06-08 05:20:00+00:00,180.28,197.41,1.0
2026-06-08 05:25:00+00:00,180.32,196.93,1.0
2026-06-08 05:30:00+00:00,179.28,196.23,1.0
2026-06-08 05:35:00+00:00,178.46,195.41,1.0
2026-06-08 05:40:00+00:00,177.84,194.7,1.0
2026-06-08 05:45:00+00:00,177.02,193.67,1.0
2026-06-08 05:50:00+00:00,176.91,193.76,1.0
2026-06-08 05:55:00+00:00,177.15,193.98,1.0
2026-06-08 06:00:00+00:00,177.97,195.51,1.0
2026-06-08 06:05:00+00:00,178.19,195.88,1.0
2026-06-08 06:10:00+00:00,177.29,195.33,1.0
2026-06-08 06:15:00+00:00,178.03,194.67,1.0
2026-06-08 06:20:00+00:00,178.16,195.4,1.0
2026-06-08 06:25:00+00:00,178.32,196.1,1.0
2026-06-08 06:30:00+00:00,177.28,195.21,1.0
2026-06-08 06:35:00+00:00,177.59,195.07,1.0
2026-06-08 06:40:00+00:00,177.92,196.38,1.0
2026-06-08 06:45:00+00:00,177.38,195.51,1.0
2026-06-08 06:50:00+00:00,177.54,196.94,1.0
2026-06-08 06:55:00+00:00,177.86,196.34,1.0
2026-06-08 07:00:00+00:00,178.48,196.03,1.0
2026-06-08 07:05:00+00:00,178.74,196.41,1.0
2026-06-08 07:10:00+00:00,178.62,197.11,1.0
2026-06-08 07:15:00+00:00,178.87,197.48,1.0
2026-06-08 07:20:00+00:00,179.39,197.96,1.0
2026-06-08 07:25:00+00:00,179.38,197.75,1.0
2026-06-08 07:30:00+00:00,179.29,197.45,1.0
2026-06-08 07:35:00+00:00,179.22,197.47,1.0
2026-06-08 07:40:00+00:00,179.42,197.1,1.0
2026-06-08 07:45:00+00:00,180.06,197.07,1.0
2026-06-08 07:50:00+00:00,179.66,197.26,1.0
2026-06-08 07:55:00+00:00,179.74,195.13,1.0
2026-06-08 08:00:00+00:00,179.86,197.64,1.0
2026-06-08 08:05:00+00:00,180.08,198.23,1.0
2026-06-08 08:10:00+00:00,180.19,198.18,1.0
2026-06-08 08:15:00+00:00,180.38,198.04,1.0
2026-06-08 08:20:00+00:00,180.14,198.08,1.0
2026-06-08 08:25:00+00:00,180.13,197.43,1.0
2026-06-08 08:30:00+00:00,180.71,198.0,1.0
2026-06-08 08:35:00+00:00,180.08,197.52,1.0
2026-06-08 08:40:00+00:00,179.75,197.02,1.0
2026-06-08 08:45:00+00:00,179.45,196.24,1.0
2026-06-08 08:50:00+00:00,179.19,196.54,1.0
2026-06-08 08:55:00+00:00,179.16,196.64,1.0
2026-06-08 09:00:00+00:00,179.6,197.34,1.0
2026-06-08 09:05:00+00:00,178.68,197.25,1.0
2026-06-08 09:10:00+00:00,179.0,197.4,1.0
2026-06-08 09:15:00+00:00,179.36,197.8,1.0
2026-06-08 09:20:00+00:00,179.6,197.98,1.0
2026-06-08 09:25:00+00:00,179.45,198.01,1.0
2026-06-08 09:30:00+00:00,178.92,197.55,1.0
2026-06-08 09:35:00+00:00,179.46,197.43,1.0
2026-06-08 09:40:00+00:00,179.98,198.09,1.0
2026-06-08 09:45:00+00:00,180.45,198.3,1.0
2026-06-08 09:50:00+00:00,180.63,198.17,1.0
2026-06-08 09:55:00+00:00,180.66,198.5,1.0
2026-06-08 10:00:00+00:00,180.31,198.55,1.0
2026-06-08 10:05:00+00:00,180.49,198.88,1.0
2026-06-08 10:10:00+00:00,180.52,198.89,1.0
2026-06-08 10:15:00+00:00,180.09,198.54,1.0
2026-06-08 10:20:00+00:00,180.08,198.19,1.0
2026-06-08 10:25:00+00:00,180.2,198.33,1.0
2026-06-08 10:30:00+00:00,180.71,198.65,1.0
2026-06-08 10:35:00+00:00,180.82,198.85,1.0
2026-06-08 10:40:00+00:00,181.01,198.83,1.0
2026-06-08 10:45:00+00:00,180.69,198.8,1.0
2026-06-08 10:50:00+00:00,180.77,198.94,1.0
2026-06-08 10:55:00+00:00,180.71,198.88,1.0
2026-06-08 11:00:00+00:00,180.8,198.81,1.0
2026-06-08 11:05:00+00:00,181.2,199.22,1.0
2026-06-08 11:10:00+00:00,182.9,200.13,1.0
2026-06-08 11:15:00+00:00,183.54,201.17,1.0
2026-06-08 11:20:00+00:00,183.67,200.88,1.0
2026-06-08 11:25:00+00:00,184.77,202.75,1.0
2026-06-08 11:30:00+00:00,184.97,202.65,1.0
2026-06-08 11:35:00+00:00,185.34,204.62,1.0
2026-06-08 11:40:00+00:00,184.58,204.05,1.0
2026-06-08 11:45:00+00:00,184.32,204.28,1.0
2026-06-08 11:50:00+00:00,184.73,204.34,1.0
2026-06-08 11:55:00+00:00,184.4,204.8,1.0
2026-06-08 12:00:00+00:00,184.73,204.77,1.0
2026-06-08 12:05:00+00:00,185.06,205.2,1.0
2026-06-08 12:10:00+00:00,184.62,204.22,1.0
2026-06-08 12:15:00+00:00,184.49,203.61,1.0
2026-06-08 12:20:00+00:00,184.87,203.34,1.0
2026-06-08 12:25:00+00:00,184.86,203.29,1.0
2026-06-08 12:30:00+00:00,184.74,203.34,1.0
2026-06-08 12:35:00+00:00,184.78,203.96,1.0
2026-06-08 12:40:00+00:00,185.3,205.21,1.0
2026-06-08 12:45:00+00:00,185.72,204.47,1.0
2026-06-08 12:50:00+00:00,185.68,204.36,1.0
2026-06-08 12:55:00+00:00,185.99,205.44,1.0
2026-06-08 13:00:00+00:00,187.22,205.82,1.0
2026-06-08 13:05:00+00:00,187.11,206.5,1.0
2026-06-08 13:10:00+00:00,187.14,205.88,1.0
2026-06-08 13:15:00+00:00,186.88,205.76,1.0
2026-06-08 13:20:00+00:00,187.22,208.23,1.0
2026-06-08 13:25:00+00:00,187.03,207.15,1.0
2026-06-08 13:30:00+00:00,185.78,204.73,1.0
2026-06-08 13:35:00+00:00,186.05,205.04,1.0
2026-06-08 13:40:00+00:00,186.32,205.22,1.0
2026-06-08 13:45:00+00:00,186.0,206.16,1.0
2026-06-08 13:50:00+00:00,186.61,206.88,1.0
2026-06-08 13:55:00+00:00,184.1,204.6,1.0
2026-06-08 14:00:00+00:00,184.18,204.72,1.0
2026-06-08 14:05:00+00:00,185.15,205.03,1.0
2026-06-08 14:10:00+00:00,184.66,204.79,1.0
2026-06-08 14:15:00+00:00,183.74,203.91,1.0
2026-06-08 14:20:00+00:00,184.44,205.01,1.0
2026-06-08 14:25:00+00:00,185.1,205.37,1.0
2026-06-08 14:30:00+00:00,185.76,205.31,1.0
2026-06-08 14:35:00+00:00,185.66,205.8,1.0
2026-06-08 14:40:00+00:00,185.7,205.09,1.0
2026-06-08 14:45:00+00:00,185.88,205.75,1.0
2026-06-08 14:50:00+00:00,186.49,207.5,1.0
2026-06-08 14:55:00+00:00,187.06,207.72,1.0
2026-06-08 15:00:00+00:00,187.11,208.09,1.0
2026-06-08 15:05:00+00:00,187.26,207.93,1.0
2026-06-08 15:10:00+00:00,186.99,208.16,1.0
2026-06-08 15:15:00+00:00,187.9,209.79,1.0
2026-06-08 15:20:00+00:00,187.62,208.95,1.0
2026-06-08 15:25:00+00:00,186.12,207.84,1.0
2026-06-08 15:30:00+00:00,185.61,207.19,1.0
2026-06-08 15:35:00+00:00,186.48,207.34,1.0
2026-06-08 15:40:00+00:00,186.5,207.57,1.0
2026-06-08 15:45:00+00:00,186.03,207.21,1.0
2026-06-08 15:50:00+00:00,186.22,207.61,1.0
2026-06-08 15:55:00+00:00,185.93,206.51,1.0
2026-06-08 16:00:00+00:00,186.61,208.48,1.0
2026-06-08 16:05:00+00:00,186.42,208.32,1.0
2026-06-08 16:10:00+00:00,186.84,209.13,1.0
2026-06-08 16:15:00+00:00,187.31,209.55,1.0
2026-06-08 16:20:00+00:00,186.88,209.22,1.0
2026-06-08 16:25:00+00:00,186.64,208.99,1.0
2026-06-08 16:30:00+00:00,186.73,209.32,1.0
2026-06-08 16:35:00+00:00,186.72,209.23,1.0
2026-06-08 16:40:00+00:00,187.03,209.25,1.0
2026-06-08 16:45:00+00:00,187.18,208.88,1.0
2026-06-08 16:50:00+00:00,187.08,209.09,1.0
2026-06-08 16:55:00+00:00,186.91,209.52,1.0
2026-06-08 17:00:00+00:00,186.3,208.76,1.0
2026-06-08 17:05:00+00:00,186.06,208.44,1.0
2026-06-08 17:10:00+00:00,186.32,208.36,1.0
2026-06-08 17:15:00+00:00,185.92,208.5,1.0
2026-06-08 17:20:00+00:00,186.24,209.03,1.0
2026-06-08 17:25:00+00:00,187.0,209.7,1.0
2026-06-08 17:30:00+00:00,186.62,209.31,1.0
2026-06-08 17:35:00+00:00,186.37,208.85,1.0
2026-06-08 17:40:00+00:00,185.73,209.04,1.0
2026-06-08 17:45:00+00:00,186.38,209.24,1.0
2026-06-08 17:50:00+00:00,186.43,209.36,1.0
2026-06-08 17:55:00+00:00,186.32,208.88,1.0
2026-06-08 18:00:00+00:00,186.77,209.16,1.0
2026-06-08 18:05:00+00:00,186.93,209.18,1.0
2026-06-08 18:10:00+00:00,186.53,208.99,1.0
2026-06-08 18:15:00+00:00,186.59,208.76,1.0
2026-06-08 18:20:00+00:00,186.52,208.38,1.0
2026-06-08 18:25:00+00:00,186.69,208.86,1.0
2026-06-08 18:30:00+00:00,186.72,208.64,1.0
2026-06-08 18:35:00+00:00,186.32,208.36,1.0
2026-06-08 18:40:00+00:00,186.29,208.36,1.0
2026-06-08 18:45:00+00:00,186.2,208.51,1.0
2026-06-08 18:50:00+00:00,186.17,208.84,1.0
2026-06-08 18:55:00+00:00,185.98,208.77,1.0
2026-06-08 19:00:00+00:00,185.85,209.05,1.0
2026-06-08 19:05:00+00:00,184.92,208.22,1.0
2026-06-08 19:10:00+00:00,184.66,208.26,1.0
2026-06-08 19:15:00+00:00,184.88,208.17,1.0
2026-06-08 19:20:00+00:00,184.58,208.22,1.0
2026-06-08 19:25:00+00:00,185.28,208.27,1.0
2026-06-08 19:30:00+00:00,185.26,208.4,1.0
2026-06-08 19:35:00+00:00,185.02,208.25,1.0
2026-06-08 19:40:00+00:00,185.09,208.37,1.0
2026-06-08 19:45:00+00:00,185.52,208.57,1.0
2026-06-08 19:50:00+00:00,186.26,208.4,1.0
2026-06-08 19:55:00+00:00,185.78,208.47,1.0
2026-06-08 20:00:00+00:00,186.11,208.73,1.0
2026-06-08 20:05:00+00:00,186.08,208.75,1.0
2026-06-08 20:10:00+00:00,185.82,209.13,1.0
2026-06-08 20:15:00+00:00,185.71,209.17,1.0
2026-06-08 20:20:00+00:00,185.62,209.19,1.0
2026-06-08 20:25:00+00:00,185.6,208.8,1.0
2026-06-08 20:30:00+00:00,185.66,209.56,1.0
2026-06-08 20:35:00+00:00,185.88,209.96,1.0
2026-06-08 20:40:00+00:00,185.99,209.87,1.0
2026-06-08 20:45:00+00:00,185.97,209.91,1.0
2026-06-08 20:50:00+00:00,186.13,209.66,1.0
2026-06-08 20:55:00+00:00,186.15,209.63,1.0
2026-06-08 21:00:00+00:00,186.23,210.06,1.0
2026-06-08 21:05:00+00:00,186.62,210.28,1.0
2026-06-08 21:10:00+00:00,186.34,210.24,1.0
2026-06-08 21:15:00+00:00,186.18,209.72,1.0
2026-06-08 21:20:00+00:00,186.09,210.2,1.0
2026-06-08 21:25:00+00:00,186.12,210.19,1.0
2026-06-08 21:30:00+00:00,186.25,210.12,1.0
2026-06-08 21:35:00+00:00,186.1,209.93,1.0
2026-06-08 21:40:00+00:00,186.26,210.02,1.0
2026-06-08 21:45:00+00:00,186.42,209.92,1.0
2026-06-08 21:50:00+00:00,186.38,209.75,1.0
2026-06-08 21:55:00+00:00,186.66,209.59,1.0
2026-06-08 22:00:00+00:00,186.53,209.59,1.0
2026-06-08 22:05:00+00:00,186.3,208.58,1.0
2026-06-08 22:10:00+00:00,186.31,208.39,1.0
2026-06-08 22:15:00+00:00,185.89,208.21,1.0
2026-06-08 22:20:00+00:00,185.88,208.33,1.0
2026-06-08 22:25:00+00:00,185.87,208.17,1.0
2026-06-08 22:30:00+00:00,186.31,208.35,1.0
2026-06-08 22:35:00+00:00,186.3,208.24,1.0
2026-06-08 22:40:00+00:00,186.49,208.46,1.0
2026-06-08 22:45:00+00:00,186.41,208.53,1.0
2026-06-08 22:50:00+00:00,186.76,209.48,1.0
2026-06-08 22:55:00+00:00,186.87,209.57,1.0
2026-06-08 23:00:00+00:00,187.18,208.78,1.0
2026-06-08 23:05:00+00:00,187.37,208.13,1.0
2026-06-08 23:10:00+00:00,187.69,209.51,1.0
2026-06-08 23:15:00+00:00,188.16,208.56,1.0
2026-06-08 23:20:00+00:00,187.74,207.55,1.0
2026-06-08 23:25:00+00:00,187.93,207.69,1.0
2026-06-08 23:30:00+00:00,187.25,207.14,1.0
2026-06-08 23:35:00+00:00,187.62,207.19,1.0
2026-06-08 23:40:00+00:00,186.89,207.32,1.0
2026-06-08 23:45:00+00:00,186.0,207.5,1.0
2026-06-08 23:50:00+00:00,185.72,206.55,1.0
2026-06-08 23:55:00+00:00,186.56,206.8,1.0
2026-06-09 00:00:00+00:00,185.08,204.78,1.0
2026-06-09 00:05:00+00:00,184.25,202.4,1.0
2026-06-09 00:10:00+00:00,184.05,202.19,1.0
2026-06-09 00:15:00+00:00,184.74,203.12,1.0
2026-06-09 00:20:00+00:00,183.56,202.14,1.0
2026-06-09 00:25:00+00:00,184.07,202.05,1.0
2026-06-09 00:30:00+00:00,183.84,202.34,1.0
2026-06-09 00:35:00+00:00,184.42,202.72,1.0
2026-06-09 00:40:00+00:00,184.78,202.92,1.0
2026-06-09 00:45:00+00:00,184.97,203.08,1.0
2026-06-09 00:50:00+00:00,183.92,202.02,1.0
2026-06-09 00:55:00+00:00,184.38,202.55,1.0
2026-06-09 01:00:00+00:00,183.73,201.68,1.0
2026-06-09 01:05:00+00:00,183.6,201.35,1.0
2026-06-09 01:10:00+00:00,182.33,200.48,1.0
2026-06-09 01:15:00+00:00,182.43,199.92,1.0
2026-06-09 01:20:00+00:00,184.05,201.1,1.0
2026-06-09 01:25:00+00:00,183.72,201.57,1.0
2026-06-09 01:30:00+00:00,184.94,203.28,1.0
2026-06-09 01:35:00+00:00,185.06,203.05,1.0
2026-06-09 01:40:00+00:00,184.39,202.69,1.0
2026-06-09 01:45:00+00:00,184.86,203.04,1.0
2026-06-09 01:50:00+00:00,184.8,203.15,1.0
2026-06-09 01:55:00+00:00,185.36,203.29,1.0
2026-06-09 02:00:00+00:00,185.39,203.12,1.0
2026-06-09 02:05:00+00:00,185.3,203.08,1.0
2026-06-09 02:10:00+00:00,185.39,203.33,1.0
2026-06-09 02:15:00+00:00,184.94,202.31,1.0
2026-06-09 02:20:00+00:00,184.83,202.12,1.0
2026-06-09 02:25:00+00:00,185.44,202.32,1.0
2026-06-09 02:30:00+00:00,185.53,202.7,1.0
2026-06-09 02:35:00+00:00,184.76,201.87,1.0
2026-06-09 02:40:00+00:00,185.38,202.28,1.0
2026-06-09 02:45:00+00:00,185.41,202.52,1.0
2026-06-09 02:50:00+00:00,185.26,202.58,1.0
2026-06-09 02:55:00+00:00,185.78,203.07,1.0
2026-06-09 03:00:00+00:00,185.66,202.69,1.0
2026-06-09 03:05:00+00:00,185.89,203.06,1.0
2026-06-09 03:10:00+00:00,186.03,203.71,1.0
2026-06-09 03:15:00+00:00,186.68,203.86,1.0
2026-06-09 03:20:00+00:00,186.67,204.12,1.0
2026-06-09 03:25:00+00:00,187.16,204.65,1.0
2026-06-09 03:30:00+00:00,187.33,205.37,1.0
2026-06-09 03:35:00+00:00,187.87,205.98,1.0
2026-06-09 03:40:00+00:00,187.97,206.63,1.0
2026-06-09 03:45:00+00:00,187.88,206.28,1.0
2026-06-09 03:50:00+00:00,188.36,206.29,1.0
2026-06-09 03:55:00+00:00,188.91,206.76,1.0
2026-06-09 04:00:00+00:00,189.28,206.3,1.0
2026-06-09 04:05:00+00:00,189.7,207.09,1.0
2026-06-09 04:10:00+00:00,189.94,207.99,1.0
2026-06-09 04:15:00+00:00,190.79,210.07,1.0
2026-06-09 04:20:00+00:00,190.57,209.37,1.0
2026-06-09 04:25:00+00:00,191.55,210.31,1.0
2026-06-09 04:30:00+00:00,192.31,210.93,1.0
2026-06-09 04:35:00+00:00,192.89,211.75,1.0
2026-06-09 04:40:00+00:00,191.69,210.63,1.0
2026-06-09 04:45:00+00:00,191.9,210.86,1.0
2026-06-09 04:50:00+00:00,191.72,210.19,1.0
2026-06-09 04:55:00+00:00,191.82,210.28,1.0
2026-06-09 05:00:00+00:00,192.87,210.13,1.0
2026-06-09 05:05:00+00:00,191.43,210.19,1.0
2026-06-09 05:10:00+00:00,192.1,210.61,1.0
2026-06-09 05:15:00+00:00,192.43,211.33,1.0
2026-06-09 05:20:00+00:00,191.87,211.03,1.0
2026-06-09 05:25:00+00:00,191.44,210.8,1.0
2026-06-09 05:30:00+00:00,193.67,212.66,1.0
2026-06-09 05:35:00+00:00,193.52,213.17,1.0
2026-06-09 05:40:00+00:00,192.86,212.39,1.0
2026-06-09 05:45:00+00:00,193.9,214.03,1.0
2026-06-09 05:50:00+00:00,192.88,212.75,1.0
2026-06-09 05:55:00+00:00,193.19,212.2,1.0
2026-06-09 06:00:00+00:00,193.16,211.67,1.0
2026-06-09 06:05:00+00:00,193.55,212.23,1.0
2026-06-09 06:10:00+00:00,193.88,213.39,1.0
2026-06-09 06:15:00+00:00,193.97,213.84,1.0
2026-06-09 06:20:00+00:00,194.23,214.82,1.0
2026-06-09 06:25:00+00:00,194.24,214.64,1.0
2026-06-09 06:30:00+00:00,193.28,214.04,1.0
2026-06-09 06:35:00+00:00,193.29,213.54,1.0
2026-06-09 06:40:00+00:00,192.99,212.88,1.0
2026-06-09 06:45:00+00:00,192.56,213.08,1.0
2026-06-09 06:50:00+00:00,192.59,212.74,1.0
2026-06-09 06:55:00+00:00,192.78,213.38,1.0
2026-06-09 07:00:00+00:00,193.12,213.05,1.0
2026-06-09 07:05:00+00:00,193.1,213.11,1.0
2026-06-09 07:10:00+00:00,192.74,213.63,1.0
2026-06-09 07:15:00+00:00,192.62,213.4,1.0
2026-06-09 07:20:00+00:00,192.51,213.24,1.0
2026-06-09 07:25:00+00:00,192.25,212.25,1.0
2026-06-09 07:30:00+00:00,191.94,212.85,1.0
2026-06-09 07:35:00+00:00,192.22,213.94,1.0
2026-06-09 07:40:00+00:00,192.29,213.64,1.0
2026-06-09 07:45:00+00:00,192.05,213.32,1.0
2026-06-09 07:50:00+00:00,192.02,213.04,1.0
2026-06-09 07:55:00+00:00,192.03,212.23,1.0
2026-06-09 08:00:00+00:00,192.09,213.13,1.0
2026-06-09 08:05:00+00:00,192.45,212.65,1.0
2026-06-09 08:10:00+00:00,192.54,213.12,1.0
2026-06-09 08:15:00+00:00,192.32,213.43,1.0
2026-06-09 08:20:00+00:00,192.38,213.17,1.0
2026-06-09 08:25:00+00:00,192.65,213.83,1.0
2026-06-09 08:30:00+00:00,192.54,213.97,1.0
2026-06-09 08:35:00+00:00,192.97,214.37,1.0
2026-06-09 08:40:00+00:00,193.27,215.7,1.0
2026-06-09 08:45:00+00:00,193.07,215.83,1.0
2026-06-09 08:50:00+00:00,192.86,215.36,1.0
2026-06-09 08:55:00+00:00,192.93,215.98,1.0
2026-06-09 09:00:00+00:00,193.34,216.39,1.0
2026-06-09 09:05:00+00:00,193.44,216.62,1.0
2026-06-09 09:10:00+00:00,193.4,216.11,1.0
2026-06-09 09:15:00+00:00,193.2,216.29,1.0
2026-06-09 09:20:00+00:00,193.21,216.18,1.0
2026-06-09 09:25:00+00:00,193.15,216.32,1.0
2026-06-09 09:30:00+00:00,192.57,216.23,1.0
2026-06-09 09:35:00+00:00,192.68,215.94,1.0
2026-06-09 09:40:00+00:00,192.8,216.51,1.0
2026-06-09 09:45:00+00:00,193.0,215.97,1.0
2026-06-09 09:50:00+00:00,193.1,216.19,1.0
2026-06-09 09:55:00+00:00,193.23,215.52,1.0
2026-06-09 10:00:00+00:00,193.39,216.54,1.0
2026-06-09 10:05:00+00:00,192.95,216.21,1.0
2026-06-09 10:10:00+00:00,193.57,216.33,1.0
2026-06-09 10:15:00+00:00,193.05,216.44,1.0
2026-06-09 10:20:00+00:00,192.9,215.94,1.0
2026-06-09 10:25:00+00:00,193.27,216.06,1.0
2026-06-09 10:30:00+00:00,193.21,215.74,1.0
2026-06-09 10:35:00+00:00,193.13,214.73,1.0
2026-06-09 10:40:00+00:00,193.45,215.3,1.0
2026-06-09 10:45:00+00:00,193.71,215.51,1.0
2026-06-09 10:50:00+00:00,194.35,215.66,1.0
2026-06-09 10:55:00+00:00,194.94,216.8,1.0
2026-06-09 11:00:00+00:00,194.69,216.47,1.0
2026-06-09 11:05:00+00:00,195.32,216.68,1.0
2026-06-09 11:10:00+00:00,195.6,215.95,1.0
2026-06-09 11:15:00+00:00,195.39,217.49,1.0
2026-06-09 11:20:00+00:00,194.9,217.15,1.0
2026-06-09 11:25:00+00:00,195.23,217.1,1.0
2026-06-09 11:30:00+00:00,195.31,217.45,1.0
2026-06-09 11:35:00+00:00,195.15,217.41,1.0
2026-06-09 11:40:00+00:00,195.53,218.33,1.0
2026-06-09 11:45:00+00:00,195.3,218.67,1.0
2026-06-09 11:50:00+00:00,195.41,219.64,1.0
2026-06-09 11:55:00+00:00,195.08,219.16,1.0
2026-06-09 12:00:00+00:00,194.97,218.74,1.0
2026-06-09 12:05:00+00:00,195.1,218.56,1.0
2026-06-09 12:10:00+00:00,194.62,218.39,1.0
2026-06-09 12:15:00+00:00,194.35,218.01,1.0
2026-06-09 12:20:00+00:00,193.73,216.64,1.0
2026-06-09 12:25:00+00:00,193.4,216.55,1.0
2026-06-09 12:30:00+00:00,193.96,216.89,1.0
2026-06-09 12:35:00+00:00,193.68,216.98,1.0
2026-06-09 12:40:00+00:00,193.87,216.84,1.0
2026-06-09 12:45:00+00:00,193.55,216.91,1.0
2026-06-09 12:50:00+00:00,193.57,217.16,1.0
2026-06-09 12:55:00+00:00,194.02,217.5,1.0
2026-06-09 13:00:00+00:00,193.87,217.43,1.0
2026-06-09 13:05:00+00:00,194.46,217.77,1.0
2026-06-09 13:10:00+00:00,194.02,217.39,1.0
2026-06-09 13:15:00+00:00,193.63,216.34,1.0
2026-06-09 13:20:00+00:00,193.73,216.64,1.0
2026-06-09 13:25:00+00:00,193.26,216.36,1.0
2026-06-09 13:30:00+00:00,190.99,212.85,1.0
2026-06-09 13:35:00+00:00,190.17,211.92,1.0
2026-06-09 13:40:00+00:00,190.88,212.65,1.0
2026-06-09 13:45:00+00:00,192.58,214.38,1.0
2026-06-09 13:50:00+00:00,190.21,212.9,1.0
2026-06-09 13:55:00+00:00,189.31,211.76,1.0
2026-06-09 14:00:00+00:00,188.83,212.96,1.0
2026-06-09 14:05:00+00:00,188.51,212.27,1.0
2026-06-09 14:10:00+00:00,187.28,210.59,1.0
2026-06-09 14:15:00+00:00,186.43,208.83,1.0
2026-06-09 14:20:00+00:00,188.58,211.58,1.0
2026-06-09 14:25:00+00:00,187.55,210.63,1.0
2026-06-09 14:30:00+00:00,187.41,210.28,1.0
2026-06-09 14:35:00+00:00,187.24,210.52,1.0
2026-06-09 14:40:00+00:00,185.42,207.98,1.0
2026-06-09 14:45:00+00:00,183.75,200.23,1.0
2026-06-09 14:50:00+00:00,185.61,203.71,1.0
2026-06-09 14:55:00+00:00,186.09,204.66,1.0
2026-06-09 15:00:00+00:00,185.28,205.94,1.0
2026-06-09 15:05:00+00:00,186.8,206.78,1.0
2026-06-09 15:10:00+00:00,186.42,205.65,1.0
2026-06-09 15:15:00+00:00,185.3,205.56,1.0
2026-06-09 15:20:00+00:00,183.39,203.49,1.0
2026-06-09 15:25:00+00:00,181.95,201.1,1.0
2026-06-09 15:30:00+00:00,182.5,203.38,1.0
2026-06-09 15:35:00+00:00,182.17,203.02,1.0
2026-06-09 15:40:00+00:00,182.32,203.13,1.0
2026-06-09 15:45:00+00:00,182.37,203.68,1.0
2026-06-09 15:50:00+00:00,181.56,202.88,1.0
2026-06-09 15:55:00+00:00,179.9,202.56,1.0
2026-06-09 16:00:00+00:00,180.0,200.4,1.0
2026-06-09 16:05:00+00:00,178.36,198.88,1.0
2026-06-09 16:10:00+00:00,178.28,198.91,1.0
2026-06-09 16:15:00+00:00,176.33,196.73,1.0
2026-06-09 16:20:00+00:00,177.25,198.28,1.0
2026-06-09 16:25:00+00:00,177.76,199.05,1.0
2026-06-09 16:30:00+00:00,177.2,198.21,1.0
2026-06-09 16:35:00+00:00,175.58,196.23,1.0
2026-06-09 16:40:00+00:00,176.46,197.9,1.0
2026-06-09 16:45:00+00:00,176.74,196.44,1.0
2026-06-09 16:50:00+00:00,175.85,196.32,1.0
2026-06-09 16:55:00+00:00,178.28,198.12,1.0
2026-06-09 17:00:00+00:00,180.27,199.48,1.0
2026-06-09 17:05:00+00:00,179.99,198.82,1.0
2026-06-09 17:10:00+00:00,180.71,200.57,1.0
2026-06-09 17:15:00+00:00,181.27,200.52,1.0
2026-06-09 17:20:00+00:00,180.86,199.88,1.0
2026-06-09 17:25:00+00:00,181.02,200.17,1.0
2026-06-09 17:30:00+00:00,181.46,200.09,1.0
2026-06-09 17:35:00+00:00,181.75,200.79,1.0
2026-06-09 17:40:00+00:00,182.13,201.01,1.0
2026-06-09 17:45:00+00:00,180.59,200.58,1.0
2026-06-09 17:50:00+00:00,181.31,201.16,1.0
2026-06-09 17:55:00+00:00,181.55,201.22,1.0
2026-06-09 18:00:00+00:00,181.34,201.29,1.0
2026-06-09 18:05:00+00:00,181.93,201.53,1.0
2026-06-09 18:10:00+00:00,182.03,201.6,1.0
2026-06-09 18:15:00+00:00,182.75,202.8,1.0
2026-06-09 18:20:00+00:00,183.02,202.51,1.0
2026-06-09 18:25:00+00:00,182.84,202.2,1.0
2026-06-09 18:30:00+00:00,183.25,202.32,1.0
2026-06-09 18:35:00+00:00,183.18,202.56,1.0
2026-06-09 18:40:00+00:00,182.34,201.91,1.0
2026-06-09 18:45:00+00:00,182.66,202.11,1.0
2026-06-09 18:50:00+00:00,182.76,202.36,1.0
2026-06-09 18:55:00+00:00,183.89,202.84,1.0
2026-06-09 19:00:00+00:00,184.07,202.99,1.0
2026-06-09 19:05:00+00:00,183.38,202.66,1.0
2026-06-09 19:10:00+00:00,182.59,202.0,1.0
2026-06-09 19:15:00+00:00,181.06,201.15,1.0
2026-06-09 19:20:00+00:00,181.39,201.9,1.0
2026-06-09 19:25:00+00:00,182.09,201.89,1.0
2026-06-09 19:30:00+00:00,182.57,202.04,1.0
2026-06-09 19:35:00+00:00,182.2,201.84,1.0
2026-06-09 19:40:00+00:00,182.52,201.84,1.0
2026-06-09 19:45:00+00:00,182.35,201.88,1.0
2026-06-09 19:50:00+00:00,183.05,202.69,1.0
2026-06-09 19:55:00+00:00,183.93,203.48,1.0
2026-06-09 20:00:00+00:00,184.76,203.71,1.0
2026-06-09 20:05:00+00:00,184.07,203.39,1.0
2026-06-09 20:10:00+00:00,183.98,202.96,1.0
2026-06-09 20:15:00+00:00,183.81,202.89,1.0
2026-06-09 20:20:00+00:00,183.72,202.8,1.0
2026-06-09 20:25:00+00:00,184.24,203.56,1.0
2026-06-09 20:30:00+00:00,184.18,203.04,1.0
2026-06-09 20:35:00+00:00,184.14,203.21,1.0
2026-06-09 20:40:00+00:00,184.5,203.84,1.0
2026-06-09 20:45:00+00:00,184.36,203.87,1.0
2026-06-09 20:50:00+00:00,184.22,203.51,1.0
2026-06-09 20:55:00+00:00,184.64,203.51,1.0
2026-06-09 21:00:00+00:00,184.01,202.75,1.0
2026-06-09 21:05:00+00:00,184.11,203.01,1.0
2026-06-09 21:10:00+00:00,184.08,202.88,1.0
2026-06-09 21:15:00+00:00,183.73,202.17,1.0
2026-06-09 21:20:00+00:00,183.1,201.77,1.0
2026-06-09 21:25:00+00:00,183.24,201.21,1.0
2026-06-09 21:30:00+00:00,182.95,200.73,1.0
2026-06-09 21:35:00+00:00,183.13,200.69,1.0
2026-06-09 21:40:00+00:00,182.73,200.51,1.0
2026-06-09 21:45:00+00:00,182.58,200.08,1.0
2026-06-09 21:50:00+00:00,182.7,199.75,1.0
2026-06-09 21:55:00+00:00,183.01,200.48,1.0
2026-06-09 22:00:00+00:00,183.38,200.43,1.0
2026-06-09 22:05:00+00:00,183.18,201.47,1.0
2026-06-09 22:10:00+00:00,183.03,201.5,1.0
2026-06-09 22:15:00+00:00,183.17,200.96,1.0
2026-06-09 22:20:00+00:00,182.71,200.97,1.0
2026-06-09 22:25:00+00:00,182.92,200.53,1.0
2026-06-09 22:30:00+00:00,182.76,200.28,1.0
2026-06-09 22:35:00+00:00,180.74,199.29,1.0
2026-06-09 22:40:00+00:00,180.01,198.9,1.0
2026-06-09 22:45:00+00:00,178.57,198.65,1.0
2026-06-09 22:50:00+00:00,179.45,199.41,1.0
2026-06-09 22:55:00+00:00,179.83,199.0,1.0
2026-06-09 23:00:00+00:00,182.29,201.56,1.0
2026-06-09 23:05:00+00:00,182.14,203.04,1.0
2026-06-09 23:10:00+00:00,181.79,202.19,1.0
2026-06-09 23:15:00+00:00,181.8,202.72,1.0
2026-06-09 23:20:00+00:00,182.37,202.64,1.0
2026-06-09 23:25:00+00:00,182.16,203.14,1.0
2026-06-09 23:30:00+00:00,182.19,202.42,1.0
2026-06-09 23:35:00+00:00,181.34,202.4,1.0
2026-06-09 23:40:00+00:00,183.61,202.44,1.0
2026-06-09 23:45:00+00:00,184.57,203.24,1.0
2026-06-09 23:50:00+00:00,183.65,202.7,1.0
2026-06-09 23:55:00+00:00,184.03,203.16,1.0
2026-06-10 00:00:00+00:00,188.96,206.08,1.0
2026-06-10 00:05:00+00:00,190.33,209.14,1.0
2026-06-10 00:10:00+00:00,189.5,207.56,1.0
2026-06-10 00:15:00+00:00,188.76,206.09,1.0
2026-06-10 00:20:00+00:00,188.99,206.61,1.0
2026-06-10 00:25:00+00:00,188.91,206.63,1.0
2026-06-10 00:30:00+00:00,187.43,203.67,1.0
2026-06-10 00:35:00+00:00,187.41,203.94,1.0
2026-06-10 00:40:00+00:00,186.76,202.79,1.0
2026-06-10 00:45:00+00:00,187.02,203.6,1.0
2026-06-10 00:50:00+00:00,187.1,203.25,1.0
2026-06-10 00:55:00+00:00,187.51,202.53,1.0
2026-06-10 01:00:00+00:00,188.3,203.28,1.0
2026-06-10 01:05:00+00:00,187.54,202.59,1.0
2026-06-10 01:10:00+00:00,188.33,202.83,1.0
2026-06-10 01:15:00+00:00,189.75,204.68,1.0
2026-06-10 01:20:00+00:00,188.39,202.84,1.0
2026-06-10 01:25:00+00:00,188.3,202.9,1.0
2026-06-10 01:30:00+00:00,188.71,203.52,1.0
2026-06-10 01:35:00+00:00,188.44,203.2,1.0
2026-06-10 01:40:00+00:00,187.32,202.58,1.0
2026-06-10 01:45:00+00:00,187.92,202.95,1.0
2026-06-10 01:50:00+00:00,187.22,202.03,1.0
2026-06-10 01:55:00+00:00,186.98,201.55,1.0
2026-06-10 02:00:00+00:00,186.34,200.93,1.0
2026-06-10 02:05:00+00:00,185.62,200.68,1.0
2026-06-10 02:10:00+00:00,185.49,200.72,1.0
2026-06-10 02:15:00+00:00,185.51,200.84,1.0
2026-06-10 02:20:00+00:00,184.9,198.46,1.0
2026-06-10 02:25:00+00:00,185.49,199.05,1.0
2026-06-10 02:30:00+00:00,184.81,198.41,1.0
2026-06-10 02:35:00+00:00,184.74,198.47,1.0
2026-06-10 02:40:00+00:00,185.42,199.2,1.0
2026-06-10 02:45:00+00:00,185.87,199.98,1.0
2026-06-10 02:50:00+00:00,184.87,199.84,1.0
2026-06-10 02:55:00+00:00,185.17,199.94,1.0
2026-06-10 03:00:00+00:00,185.84,200.92,1.0
2026-06-10 03:05:00+00:00,186.32,201.52,1.0
2026-06-10 03:10:00+00:00,186.17,201.53,1.0
2026-06-10 03:15:00+00:00,186.43,201.68,1.0
2026-06-10 03:20:00+00:00,186.1,201.4,1.0
2026-06-10 03:25:00+00:00,185.75,200.65,1.0
2026-06-10 03:30:00+00:00,185.68,200.48,1.0
2026-06-10 03:35:00+00:00,185.61,200.57,1.0
2026-06-10 03:40:00+00:00,184.76,199.77,1.0
2026-06-10 03:45:00+00:00,184.42,199.66,1.0
2026-06-10 03:50:00+00:00,184.78,199.75,1.0
2026-06-10 03:55:00+00:00,184.3,199.22,1.0
2026-06-10 04:00:00+00:00,183.6,198.58,1.0
2026-06-10 04:05:00+00:00,183.38,198.34,1.0
2026-06-10 04:10:00+00:00,182.99,197.89,1.0
2026-06-10 04:15:00+00:00,183.78,198.01,1.0
2026-06-10 04:20:00+00:00,182.22,197.14,1.0
2026-06-10 04:25:00+00:00,181.26,196.53,1.0
2026-06-10 04:30:00+00:00,181.12,196.54,1.0
2026-06-10 04:35:00+00:00,180.81,196.32,1.0
2026-06-10 04:40:00+00:00,179.95,195.61,1.0
2026-06-10 04:45:00+00:00,180.79,196.37,1.0
2026-06-10 04:50:00+00:00,181.73,197.7,1.0
2026-06-10 04:55:00+00:00,180.46,195.84,1.0
2026-06-10 05:00:00+00:00,180.76,196.19,1.0
2026-06-10 05:05:00+00:00,181.14,196.86,1.0
2026-06-10 05:10:00+00:00,180.96,196.39,1.0
2026-06-10 05:15:00+00:00,179.78,195.45,1.0
2026-06-10 05:20:00+00:00,179.94,195.62,1.0
2026-06-10 05:25:00+00:00,182.08,196.94,1.0
2026-06-10 05:30:00+00:00,180.83,196.07,1.0
2026-06-10 05:35:00+00:00,180.41,195.3,1.0
2026-06-10 05:40:00+00:00,180.03,194.96,1.0
2026-06-10 05:45:00+00:00,179.76,195.07,1.0
2026-06-10 05:50:00+00:00,180.7,196.18,1.0
2026-06-10 05:55:00+00:00,180.7,196.09,1.0
2026-06-10 06:00:00+00:00,181.99,197.63,1.0
2026-06-10 06:05:00+00:00,182.19,197.5,1.0
2026-06-10 06:10:00+00:00,182.89,197.47,1.0
2026-06-10 06:15:00+00:00,183.87,198.97,1.0
2026-06-10 06:20:00+00:00,183.89,198.98,1.0
2026-06-10 06:25:00+00:00,184.05,198.8,1.0
2026-06-10 06:30:00+00:00,184.09,199.54,1.0
2026-06-10 06:35:00+00:00,184.27,200.39,1.0
2026-06-10 06:40:00+00:00,184.36,200.48,1.0
2026-06-10 06:45:00+00:00,184.35,199.92,1.0
2026-06-10 06:50:00+00:00,184.3,199.69,1.0
2026-06-10 06:55:00+00:00,184.05,199.68,1.0
2026-06-10 07:00:00+00:00,183.95,198.89,1.0
2026-06-10 07:05:00+00:00,183.82,198.8,1.0
2026-06-10 07:10:00+00:00,184.11,199.22,1.0
2026-06-10 07:15:00+00:00,183.82,199.18,1.0
2026-06-10 07:20:00+00:00,183.85,199.21,1.0
2026-06-10 07:25:00+00:00,183.51,198.33,1.0
2026-06-10 07:30:00+00:00,184.02,198.65,1.0
2026-06-10 07:35:00+00:00,183.61,198.5,1.0
2026-06-10 07:40:00+00:00,183.26,198.37,1.0
2026-06-10 07:45:00+00:00,183.4,198.05,1.0
2026-06-10 07:50:00+00:00,183.45,197.77,1.0
2026-06-10 07:55:00+00:00,183.61,198.57,1.0
2026-06-10 08:00:00+00:00,183.29,198.3,1.0
2026-06-10 08:05:00+00:00,183.08,197.74,1.0
2026-06-10 08:10:00+00:00,182.62,197.32,1.0
2026-06-10 08:15:00+00:00,182.73,197.74,1.0
2026-06-10 08:20:00+00:00,182.48,197.18,1.0
2026-06-10 08:25:00+00:00,182.6,197.27,1.0
2026-06-10 08:30:00+00:00,182.47,197.04,1.0
2026-06-10 08:35:00+00:00,182.36,197.61,1.0
2026-06-10 08:40:00+00:00,182.04,197.01,1.0
2026-06-10 08:45:00+00:00,182.15,197.11,1.0
2026-06-10 08:50:00+00:00,182.1,196.94,1.0
2026-06-10 08:55:00+00:00,181.92,196.4,1.0
2026-06-10 09:00:00+00:00,181.29,196.24,1.0
2026-06-10 09:05:00+00:00,181.62,196.23,1.0
2026-06-10 09:10:00+00:00,180.54,195.66,1.0
2026-06-10 09:15:00+00:00,180.86,195.64,1.0
2026-06-10 09:20:00+00:00,181.18,195.22,1.0
2026-06-10 09:25:00+00:00,181.63,195.94,1.0
2026-06-10 09:30:00+00:00,181.68,195.95,1.0
2026-06-10 09:35:00+00:00,181.78,196.73,1.0
2026-06-10 09:40:00+00:00,181.73,196.14,1.0
2026-06-10 09:45:00+00:00,181.67,195.97,1.0
2026-06-10 09:50:00+00:00,181.42,195.82,1.0
2026-06-10 09:55:00+00:00,181.53,195.63,1.0
2026-06-10 10:00:00+00:00,181.29,195.28,1.0
2026-06-10 10:05:00+00:00,181.36,195.51,1.0
2026-06-10 10:10:00+00:00,180.99,195.09,1.0
2026-06-10 10:15:00+00:00,180.66,194.88,1.0
2026-06-10 10:20:00+00:00,181.07,195.37,1.0
2026-06-10 10:25:00+00:00,181.48,195.6,1.0
2026-06-10 10:30:00+00:00,181.26,195.5,1.0
2026-06-10 10:35:00+00:00,181.68,195.8,1.0
2026-06-10 10:40:00+00:00,181.81,195.87,1.0
2026-06-10 10:45:00+00:00,182.04,195.64,1.0
2026-06-10 10:50:00+00:00,181.53,195.32,1.0
2026-06-10 10:55:00+00:00,181.69,195.7,1.0
2026-06-10 11:00:00+00:00,180.0,194.64,1.0
2026-06-10 11:05:00+00:00,180.18,195.04,1.0
2026-06-10 11:10:00+00:00,180.57,194.72,1.0
2026-06-10 11:15:00+00:00,180.17,194.14,1.0
2026-06-10 11:20:00+00:00,180.2,194.83,1.0
2026-06-10 11:25:00+00:00,179.5,193.99,1.0
2026-06-10 11:30:00+00:00,179.24,193.59,1.0
2026-06-10 11:35:00+00:00,176.96,192.9,1.0
2026-06-10 11:40:00+00:00,177.87,191.92,1.0
2026-06-10 11:45:00+00:00,177.73,193.17,1.0
2026-06-10 11:50:00+00:00,178.2,193.4,1.0
2026-06-10 11:55:00+00:00,178.14,192.95,1.0
2026-06-10 12:00:00+00:00,178.37,193.03,1.0
2026-06-10 12:05:00+00:00,178.51,193.12,1.0
2026-06-10 12:10:00+00:00,178.41,193.0,1.0
2026-06-10 12:15:00+00:00,178.52,192.61,1.0
2026-06-10 12:20:00+00:00,179.11,192.94,1.0
2026-06-10 12:25:00+00:00,179.5,193.61,1.0
2026-06-10 12:30:00+00:00,185.66,200.88,1.0
2026-06-10 12:35:00+00:00,184.09,197.0,1.0
2026-06-10 12:40:00+00:00,184.5,196.11,1.0
2026-06-10 12:45:00+00:00,185.54,198.56,1.0
2026-06-10 12:50:00+00:00,184.44,196.96,1.0
2026-06-10 12:55:00+00:00,182.46,196.81,1.0
2026-06-10 13:00:00+00:00,182.09,196.8,1.0
2026-06-10 13:05:00+00:00,183.06,196.98,1.0
2026-06-10 13:10:00+00:00,183.0,197.03,1.0
2026-06-10 13:15:00+00:00,183.55,197.66,1.0
2026-06-10 13:20:00+00:00,183.09,197.31,1.0
2026-06-10 13:25:00+00:00,182.85,197.31,1.0
2026-06-10 13:30:00+00:00,182.42,197.13,1.0
2026-06-10 13:35:00+00:00,185.48,199.77,1.0
2026-06-10 13:40:00+00:00,187.06,201.36,1.0
2026-06-10 13:45:00+00:00,188.31,201.95,1.0
2026-06-10 13:50:00+00:00,186.24,201.01,1.0
2026-06-10 13:55:00+00:00,185.92,200.54,1.0
2026-06-10 14:00:00+00:00,186.58,201.59,1.0
2026-06-10 14:05:00+00:00,187.58,202.22,1.0
2026-06-10 14:10:00+00:00,186.52,201.52,1.0
2026-06-10 14:15:00+00:00,186.27,201.56,1.0
2026-06-10 14:20:00+00:00,187.86,203.75,1.0
2026-06-10 14:25:00+00:00,187.63,204.04,1.0
2026-06-10 14:30:00+00:00,188.85,204.33,1.0
2026-06-10 14:35:00+00:00,187.77,203.89,1.0
2026-06-10 14:40:00+00:00,186.79,202.82,1.0
2026-06-10 14:45:00+00:00,186.09,202.09,1.0
2026-06-10 14:50:00+00:00,186.32,202.39,1.0
2026-06-10 14:55:00+00:00,184.79,200.55,1.0
2026-06-10 15:00:00+00:00,184.79,200.77,1.0
2026-06-10 15:05:00+00:00,184.26,200.4,1.0
2026-06-10 15:10:00+00:00,183.22,199.25,1.0
2026-06-10 15:15:00+00:00,182.31,198.7,1.0
2026-06-10 15:20:00+00:00,183.32,200.22,1.0
2026-06-10 15:25:00+00:00,182.62,199.4,1.0
2026-06-10 15:30:00+00:00,182.22,198.91,1.0
2026-06-10 15:35:00+00:00,182.02,197.65,1.0
2026-06-10 15:40:00+00:00,182.92,198.9,1.0
2026-06-10 15:45:00+00:00,180.79,196.78,1.0
2026-06-10 15:50:00+00:00,182.47,198.11,1.0
2026-06-10 15:55:00+00:00,183.24,198.52,1.0
2026-06-10 16:00:00+00:00,183.17,197.92,1.0
2026-06-10 16:05:00+00:00,182.56,198.16,1.0
2026-06-10 16:10:00+00:00,181.92,197.15,1.0
2026-06-10 16:15:00+00:00,182.26,197.82,1.0
2026-06-10 16:20:00+00:00,181.86,196.83,1.0
2026-06-10 16:25:00+00:00,182.33,197.03,1.0
2026-06-10 16:30:00+00:00,182.88,197.73,1.0
2026-06-10 16:35:00+00:00,183.28,198.23,1.0
2026-06-10 16:40:00+00:00,182.25,196.95,1.0
2026-06-10 16:45:00+00:00,181.9,197.1,1.0
2026-06-10 16:50:00+00:00,181.91,197.8,1.0
2026-06-10 16:55:00+00:00,181.87,197.48,1.0
2026-06-10 17:00:00+00:00,182.49,198.36,1.0
2026-06-10 17:05:00+00:00,181.8,197.24,1.0
2026-06-10 17:10:00+00:00,181.03,196.87,1.0
2026-06-10 17:15:00+00:00,181.01,196.49,1.0
2026-06-10 17:20:00+00:00,181.22,196.63,1.0
2026-06-10 17:25:00+00:00,181.14,196.16,1.0
2026-06-10 17:30:00+00:00,181.21,196.53,1.0
2026-06-10 17:35:00+00:00,180.83,196.37,1.0
2026-06-10 17:40:00+00:00,180.67,195.76,1.0
2026-06-10 17:45:00+00:00,182.16,197.17,1.0
2026-06-10 17:50:00+00:00,182.0,197.22,1.0
2026-06-10 17:55:00+00:00,182.29,197.45,1.0
2026-06-10 18:00:00+00:00,183.31,197.99,1.0
2026-06-10 18:05:00+00:00,182.5,197.2,1.0
2026-06-10 18:10:00+00:00,182.69,197.43,1.0
2026-06-10 18:15:00+00:00,181.95,196.97,1.0
2026-06-10 18:20:00+00:00,182.09,197.28,1.0
2026-06-10 18:25:00+00:00,181.94,197.27,1.0
2026-06-10 18:30:00+00:00,181.45,197.04,1.0
2026-06-10 18:35:00+00:00,180.78,196.27,1.0
2026-06-10 18:40:00+00:00,180.69,196.1,1.0
2026-06-10 18:45:00+00:00,180.7,196.17,1.0
2026-06-10 18:50:00+00:00,180.57,195.35,1.0
2026-06-10 18:55:00+00:00,180.64,195.26,1.0
2026-06-10 19:00:00+00:00,180.64,194.38,1.0
2026-06-10 19:05:00+00:00,180.68,194.42,1.0
2026-06-10 19:10:00+00:00,180.16,194.84,1.0
2026-06-10 19:15:00+00:00,179.71,194.74,1.0
2026-06-10 19:20:00+00:00,179.31,194.83,1.0
2026-06-10 19:25:00+00:00,179.47,194.97,1.0
2026-06-10 19:30:00+00:00,180.03,195.44,1.0
2026-06-10 19:35:00+00:00,180.09,195.69,1.0
2026-06-10 19:40:00+00:00,180.01,194.35,1.0
2026-06-10 19:45:00+00:00,179.92,194.76,1.0
2026-06-10 19:50:00+00:00,179.56,194.31,1.0
2026-06-10 19:55:00+00:00,178.69,193.97,1.0
2026-06-10 20:00:00+00:00,179.08,193.97,1.0
2026-06-10 20:05:00+00:00,178.32,194.02,1.0
2026-06-10 20:10:00+00:00,178.26,193.84,1.0
2026-06-10 20:15:00+00:00,178.37,194.15,1.0
2026-06-10 20:20:00+00:00,178.48,194.62,1.0
2026-06-10 20:25:00+00:00,178.43,194.03,1.0
2026-06-10 20:30:00+00:00,178.4,194.42,1.0
2026-06-10 20:35:00+00:00,178.6,194.23,1.0
2026-06-10 20:40:00+00:00,178.21,193.9,1.0
2026-06-10 20:45:00+00:00,177.82,193.84,1.0
2026-06-10 20:50:00+00:00,177.88,193.91,1.0
2026-06-10 20:55:00+00:00,177.83,193.94,1.0
2026-06-10 21:00:00+00:00,178.18,193.69,1.0
2026-06-10 21:05:00+00:00,178.08,193.12,1.0
2026-06-10 21:10:00+00:00,178.07,193.03,1.0
2026-06-10 21:15:00+00:00,178.6,193.45,1.0
2026-06-10 21:20:00+00:00,178.5,193.31,1.0
2026-06-10 21:25:00+00:00,178.55,193.89,1.0
2026-06-10 21:30:00+00:00,178.43,194.18,1.0
2026-06-10 21:35:00+00:00,178.02,193.63,1.0
2026-06-10 21:40:00+00:00,178.12,194.48,1.0
2026-06-10 21:45:00+00:00,178.04,194.01,1.0
2026-06-10 21:50:00+00:00,178.02,193.01,1.0
2026-06-10 21:55:00+00:00,177.61,193.19,1.0
2026-06-10 22:00:00+00:00,176.2,191.88,1.0
2026-06-10 22:05:00+00:00,176.06,192.01,1.0
2026-06-10 22:10:00+00:00,176.12,192.31,1.0
2026-06-10 22:15:00+00:00,174.54,191.28,1.0
2026-06-10 22:20:00+00:00,175.0,191.45,1.0
2026-06-10 22:25:00+00:00,175.8,191.76,1.0
2026-06-10 22:30:00+00:00,176.31,191.55,1.0
2026-06-10 22:35:00+00:00,176.36,191.85,1.0
2026-06-10 22:40:00+00:00,176.0,191.85,1.0
2026-06-10 22:45:00+00:00,176.12,191.33,1.0
2026-06-10 22:50:00+00:00,175.27,191.0,1.0
2026-06-10 22:55:00+00:00,174.9,191.03,1.0
2026-06-10 23:00:00+00:00,175.12,189.55,1.0
2026-06-10 23:05:00+00:00,174.43,189.71,1.0
2026-06-10 23:10:00+00:00,174.78,189.43,1.0
2026-06-10 23:15:00+00:00,175.06,189.93,1.0
2026-06-10 23:20:00+00:00,176.52,190.71,1.0
2026-06-10 23:25:00+00:00,177.48,191.39,1.0
2026-06-10 23:30:00+00:00,176.85,191.07,1.0
2026-06-10 23:35:00+00:00,176.8,190.28,1.0
2026-06-10 23:40:00+00:00,176.76,190.92,1.0
2026-06-10 23:45:00+00:00,177.5,191.33,1.0
2026-06-10 23:50:00+00:00,177.09,191.13,1.0
2026-06-10 23:55:00+00:00,177.41,191.6,1.0
2026-06-11 00:00:00+00:00,175.91,189.52,1.0
2026-06-11 00:05:00+00:00,176.17,190.87,1.0
2026-06-11 00:10:00+00:00,176.88,191.89,1.0
2026-06-11 00:15:00+00:00,179.37,193.86,1.0
2026-06-11 00:20:00+00:00,179.74,194.14,1.0
2026-06-11 00:25:00+00:00,179.49,193.74,1.0
2026-06-11 00:30:00+00:00,178.54,193.1,1.0
2026-06-11 00:35:00+00:00,177.23,191.61,1.0
2026-06-11 00:40:00+00:00,177.25,191.48,1.0
2026-06-11 00:45:00+00:00,178.66,192.87,1.0
2026-06-11 00:50:00+00:00,180.3,195.22,1.0
2026-06-11 00:55:00+00:00,180.91,196.31,1.0
2026-06-11 01:00:00+00:00,182.11,197.38,1.0
2026-06-11 01:05:00+00:00,182.92,198.41,1.0
2026-06-11 01:10:00+00:00,184.54,200.46,1.0
2026-06-11 01:15:00+00:00,183.07,197.83,1.0
2026-06-11 01:20:00+00:00,182.65,198.25,1.0
2026-06-11 01:25:00+00:00,183.43,199.73,1.0
2026-06-11 01:30:00+00:00,182.2,197.98,1.0
2026-06-11 01:35:00+00:00,182.76,199.03,1.0
2026-06-11 01:40:00+00:00,182.88,198.8,1.0
2026-06-11 01:45:00+00:00,182.97,199.11,1.0
2026-06-11 01:50:00+00:00,182.02,197.51,1.0
2026-06-11 01:55:00+00:00,181.52,196.71,1.0
2026-06-11 02:00:00+00:00,181.87,197.41,1.0
2026-06-11 02:05:00+00:00,181.16,196.75,1.0
2026-06-11 02:10:00+00:00,180.24,195.26,1.0
2026-06-11 02:15:00+00:00,179.58,194.43,1.0
2026-06-11 02:20:00+00:00,178.61,193.34,1.0
2026-06-11 02:25:00+00:00,179.06,193.42,1.0
2026-06-11 02:30:00+00:00,178.77,192.88,1.0
2026-06-11 02:35:00+00:00,179.97,194.59,1.0
2026-06-11 02:40:00+00:00,179.66,193.9,1.0
2026-06-11 02:45:00+00:00,179.87,194.75,1.0
2026-06-11 02:50:00+00:00,179.92,194.47,1.0
2026-06-11 02:55:00+00:00,180.73,195.5,1.0
2026-06-11 03:00:00+00:00,181.23,194.6,1.0
2026-06-11 03:05:00+00:00,180.57,194.54,1.0
2026-06-11 03:10:00+00:00,180.17,193.69,1.0
2026-06-11 03:15:00+00:00,180.39,194.04,1.0
2026-06-11 03:20:00+00:00,181.3,194.79,1.0
2026-06-11 03:25:00+00:00,181.42,194.85,1.0
2026-06-11 03:30:00+00:00,182.1,196.16,1.0
2026-06-11 03:35:00+00:00,182.56,196.36,1.0
2026-06-11 03:40:00+00:00,182.27,195.32,1.0
2026-06-11 03:45:00+00:00,182.49,195.54,1.0
2026-06-11 03:50:00+00:00,183.19,196.05,1.0
2026-06-11 03:55:00+00:00,183.47,197.17,1.0
2026-06-11 04:00:00+00:00,182.84,196.76,1.0
2026-06-11 04:05:00+00:00,182.77,196.83,1.0
2026-06-11 04:10:00+00:00,182.66,196.58,1.0
2026-06-11 04:15:00+00:00,182.56,196.37,1.0
2026-06-11 04:20:00+00:00,182.87,196.78,1.0
2026-06-11 04:25:00+00:00,182.89,196.45,1.0
2026-06-11 04:30:00+00:00,183.02,196.4,1.0
2026-06-11 04:35:00+00:00,183.58,196.89,1.0
2026-06-11 04:40:00+00:00,184.27,197.71,1.0
2026-06-11 04:45:00+00:00,183.94,197.27,1.0
2026-06-11 04:50:00+00:00,183.8,197.13,1.0
2026-06-11 04:55:00+00:00,184.28,197.08,1.0
2026-06-11 05:00:00+00:00,183.48,196.7,1.0
2026-06-11 05:05:00+00:00,183.57,196.75,1.0
2026-06-11 05:10:00+00:00,183.21,196.39,1.0
2026-06-11 05:15:00+00:00,183.06,196.15,1.0
2026-06-11 05:20:00+00:00,183.15,196.18,1.0
2026-06-11 05:25:00+00:00,182.16,195.34,1.0
2026-06-11 05:30:00+00:00,182.84,196.02,1.0
2026-06-11 05:35:00+00:00,183.0,196.33,1.0
2026-06-11 05:40:00+00:00,183.53,196.77,1.0
2026-06-11 05:45:00+00:00,183.52,196.72,1.0
2026-06-11 05:50:00+00:00,182.62,196.04,1.0
2026-06-11 05:55:00+00:00,183.04,196.14,1.0
2026-06-11 06:00:00+00:00,182.03,195.1,1.0
2026-06-11 06:05:00+00:00,182.37,195.03,1.0
2026-06-11 06:10:00+00:00,183.15,195.48,1.0
2026-06-11 06:15:00+00:00,183.21,195.6,1.0
2026-06-11 06:20:00+00:00,183.8,195.1,1.0
2026-06-11 06:25:00+00:00,183.77,194.93,1.0
2026-06-11 06:30:00+00:00,182.84,194.69,1.0
2026-06-11 06:35:00+00:00,182.94,195.12,1.0
2026-06-11 06:40:00+00:00,182.97,195.45,1.0
2026-06-11 06:45:00+00:00,182.94,195.56,1.0
2026-06-11 06:50:00+00:00,182.78,195.41,1.0
2026-06-11 06:55:00+00:00,183.52,195.55,1.0
2026-06-11 07:00:00+00:00,183.7,196.03,1.0
2026-06-11 07:05:00+00:00,183.5,195.96,1.0
2026-06-11 07:10:00+00:00,183.49,196.07,1.0
2026-06-11 07:15:00+00:00,183.76,196.37,1.0
2026-06-11 07:20:00+00:00,184.29,197.14,1.0
2026-06-11 07:25:00+00:00,184.1,196.66,1.0
2026-06-11 07:30:00+00:00,184.14,197.21,1.0
2026-06-11 07:35:00+00:00,184.11,197.03,1.0
2026-06-11 07:40:00+00:00,184.64,197.68,1.0
2026-06-11 07:45:00+00:00,184.3,197.19,1.0
2026-06-11 07:50:00+00:00,184.33,197.03,1.0
2026-06-11 07:55:00+00:00,184.49,197.05,1.0
2026-06-11 08:00:00+00:00,184.94,198.05,1.0
2026-06-11 08:05:00+00:00,185.49,198.66,1.0
2026-06-11 08:10:00+00:00,185.75,199.54,1.0
2026-06-11 08:15:00+00:00,185.75,199.89,1.0
2026-06-11 08:20:00+00:00,185.56,200.2,1.0
2026-06-11 08:25:00+00:00,185.33,200.18,1.0
2026-06-11 08:30:00+00:00,185.63,200.8,1.0
2026-06-11 08:35:00+00:00,186.04,200.88,1.0
2026-06-11 08:40:00+00:00,185.69,200.94,1.0
2026-06-11 08:45:00+00:00,185.66,200.17,1.0
2026-06-11 08:50:00+00:00,185.47,199.44,1.0
2026-06-11 08:55:00+00:00,185.5,200.14,1.0
2026-06-11 09:00:00+00:00,186.6,200.72,1.0
2026-06-11 09:05:00+00:00,185.79,200.06,1.0
2026-06-11 09:10:00+00:00,185.77,199.74,1.0
2026-06-11 09:15:00+00:00,185.27,199.75,1.0
2026-06-11 09:20:00+00:00,184.57,199.42,1.0
2026-06-11 09:25:00+00:00,184.89,199.58,1.0
2026-06-11 09:30:00+00:00,184.88,199.69,1.0
2026-06-11 09:35:00+00:00,185.26,199.47,1.0
2026-06-11 09:40:00+00:00,185.57,199.92,1.0
2026-06-11 09:45:00+00:00,185.68,199.97,1.0
2026-06-11 09:50:00+00:00,185.86,199.98,1.0
2026-06-11 09:55:00+00:00,185.33,200.09,1.0
2026-06-11 10:00:00+00:00,185.61,200.05,1.0
2026-06-11 10:05:00+00:00,185.74,200.46,1.0
2026-06-11 10:10:00+00:00,185.77,200.49,1.0
2026-06-11 10:15:00+00:00,185.42,200.65,1.0
2026-06-11 10:20:00+00:00,186.14,200.86,1.0
2026-06-11 10:25:00+00:00,185.7,200.78,1.0
2026-06-11 10:30:00+00:00,186.37,201.01,1.0
2026-06-11 10:35:00+00:00,186.04,200.89,1.0
2026-06-11 10:40:00+00:00,185.89,201.01,1.0
2026-06-11 10:45:00+00:00,185.92,201.13,1.0
2026-06-11 10:50:00+00:00,186.12,201.45,1.0
2026-06-11 10:55:00+00:00,185.67,200.91,1.0
2026-06-11 11:00:00+00:00,185.43,200.01,1.0
2026-06-11 11:05:00+00:00,184.97,199.44,1.0
2026-06-11 11:10:00+00:00,185.41,199.76,1.0
2026-06-11 11:15:00+00:00,185.32,199.29,1.0
2026-06-11 11:20:00+00:00,185.16,199.55,1.0
2026-06-11 11:25:00+00:00,185.43,200.06,1.0
2026-06-11 11:30:00+00:00,186.06,200.42,1.0
2026-06-11 11:35:00+00:00,185.87,200.19,1.0
2026-06-11 11:40:00+00:00,186.11,200.2,1.0
2026-06-11 11:45:00+00:00,186.15,200.18,1.0
2026-06-11 11:50:00+00:00,186.44,200.61,1.0
2026-06-11 11:55:00+00:00,186.26,200.69,1.0
2026-06-11 12:00:00+00:00,186.66,200.94,1.0
2026-06-11 12:05:00+00:00,186.39,201.14,1.0
2026-06-11 12:10:00+00:00,186.59,201.34,1.0
2026-06-11 12:15:00+00:00,185.56,200.56,1.0
2026-06-11 12:20:00+00:00,184.03,198.71,1.0
2026-06-11 12:25:00+00:00,183.78,198.71,1.0
2026-06-11 12:30:00+00:00,182.83,197.91,1.0
2026-06-11 12:35:00+00:00,183.72,198.9,1.0
2026-06-11 12:40:00+00:00,183.53,198.39,1.0
2026-06-11 12:45:00+00:00,184.77,198.97,1.0
2026-06-11 12:50:00+00:00,184.95,199.02,1.0
2026-06-11 12:55:00+00:00,184.73,199.44,1.0
2026-06-11 13:00:00+00:00,186.22,204.59,1.0
2026-06-11 13:05:00+00:00,185.64,206.09,1.0
2026-06-11 13:10:00+00:00,186.02,205.97,1.0
2026-06-11 13:15:00+00:00,185.73,204.8,1.0
2026-06-11 13:20:00+00:00,185.57,205.36,1.0
2026-06-11 13:25:00+00:00,185.07,203.88,1.0
2026-06-11 13:30:00+00:00,185.31,203.76,1.0
2026-06-11 13:35:00+00:00,185.42,203.41,1.0
2026-06-11 13:40:00+00:00,185.17,204.08,1.0
2026-06-11 13:45:00+00:00,186.49,204.53,1.0
2026-06-11 13:50:00+00:00,188.59,207.42,1.0
2026-06-11 13:55:00+00:00,187.14,205.82,1.0
2026-06-11 14:00:00+00:00,188.34,207.52,1.0
2026-06-11 14:05:00+00:00,187.65,206.47,1.0
2026-06-11 14:10:00+00:00,186.78,205.58,1.0
2026-06-11 14:15:00+00:00,185.58,204.36,1.0
2026-06-11 14:20:00+00:00,186.66,205.77,1.0
2026-06-11 14:25:00+00:00,186.41,205.1,1.0
2026-06-11 14:30:00+00:00,186.33,204.46,1.0
2026-06-11 14:35:00+00:00,186.76,204.28,1.0
2026-06-11 14:40:00+00:00,186.15,204.59,1.0
2026-06-11 14:45:00+00:00,186.6,205.2,1.0
2026-06-11 14:50:00+00:00,186.28,204.8,1.0
2026-06-11 14:55:00+00:00,184.86,203.27,1.0
2026-06-11 15:00:00+00:00,185.28,202.96,1.0
2026-06-11 15:05:00+00:00,185.9,203.53,1.0
2026-06-11 15:10:00+00:00,186.6,203.93,1.0
2026-06-11 15:15:00+00:00,186.7,203.48,1.0
2026-06-11 15:20:00+00:00,187.17,204.24,1.0
2026-06-11 15:25:00+00:00,186.92,204.3,1.0
2026-06-11 15:30:00+00:00,187.62,205.19,1.0
2026-06-11 15:35:00+00:00,187.78,205.6,1.0
2026-06-11 15:40:00+00:00,187.66,204.92,1.0
2026-06-11 15:45:00+00:00,187.86,205.87,1.0
2026-06-11 15:50:00+00:00,187.66,205.62,1.0
2026-06-11 15:55:00+00:00,187.91,205.48,1.0
2026-06-11 16:00:00+00:00,187.86,206.55,1.0
2026-06-11 16:05:00+00:00,188.34,206.96,1.0
2026-06-11 16:10:00+00:00,188.91,207.87,1.0
2026-06-11 16:15:00+00:00,189.01,207.27,1.0
2026-06-11 16:20:00+00:00,188.68,207.76,1.0
2026-06-11 16:25:00+00:00,188.28,207.26,1.0
2026-06-11 16:30:00+00:00,188.72,207.73,1.0
2026-06-11 16:35:00+00:00,188.39,207.05,1.0
2026-06-11 16:40:00+00:00,188.33,207.52,1.0
2026-06-11 16:45:00+00:00,188.04,206.79,1.0
2026-06-11 16:50:00+00:00,187.41,206.29,1.0
2026-06-11 16:55:00+00:00,187.28,206.01,1.0
2026-06-11 17:00:00+00:00,187.15,205.64,1.0
2026-06-11 17:05:00+00:00,187.62,206.4,1.0
2026-06-11 17:10:00+00:00,187.09,205.41,1.0
2026-06-11 17:15:00+00:00,186.69,205.31,1.0
2026-06-11 17:20:00+00:00,187.06,205.61,1.0
2026-06-11 17:25:00+00:00,190.31,207.69,1.0
2026-06-11 17:30:00+00:00,193.18,207.97,1.0
2026-06-11 17:35:00+00:00,193.32,207.94,1.0
2026-06-11 17:40:00+00:00,194.93,209.22,1.0
2026-06-11 17:45:00+00:00,194.16,207.89,1.0
2026-06-11 17:50:00+00:00,193.8,208.17,1.0
2026-06-11 17:55:00+00:00,194.26,209.08,1.0
2026-06-11 18:00:00+00:00,192.44,207.87,1.0
2026-06-11 18:05:00+00:00,192.54,207.64,1.0
2026-06-11 18:10:00+00:00,193.55,208.7,1.0
2026-06-11 18:15:00+00:00,194.33,208.84,1.0
2026-06-11 18:20:00+00:00,193.56,209.0,1.0
2026-06-11 18:25:00+00:00,193.98,209.37,1.0
2026-06-11 18:30:00+00:00,194.02,209.79,1.0
2026-06-11 18:35:00+00:00,193.96,209.22,1.0
2026-06-11 18:40:00+00:00,194.57,209.78,1.0
2026-06-11 18:45:00+00:00,195.42,209.76,1.0
2026-06-11 18:50:00+00:00,195.43,209.52,1.0
2026-06-11 18:55:00+00:00,195.44,209.37,1.0
2026-06-11 19:00:00+00:00,196.26,210.12,1.0
2026-06-11 19:05:00+00:00,195.74,210.08,1.0
2026-06-11 19:10:00+00:00,196.42,210.4,1.0
2026-06-11 19:15:00+00:00,196.78,210.27,1.0
2026-06-11 19:20:00+00:00,197.0,211.33,1.0
2026-06-11 19:25:00+00:00,198.1,211.97,1.0
2026-06-11 19:30:00+00:00,198.61,212.52,1.0
2026-06-11 19:35:00+00:00,198.32,212.33,1.0
2026-06-11 19:40:00+00:00,198.52,213.08,1.0
2026-06-11 19:45:00+00:00,198.17,212.59,1.0
2026-06-11 19:50:00+00:00,198.51,213.76,1.0
2026-06-11 19:55:00+00:00,198.9,213.8,1.0
2026-06-11 20:00:00+00:00,198.69,211.87,1.0
2026-06-11 20:05:00+00:00,198.77,213.17,1.0
2026-06-11 20:10:00+00:00,198.92,214.13,1.0
2026-06-11 20:15:00+00:00,198.81,214.89,1.0
2026-06-11 20:20:00+00:00,199.01,214.55,1.0
2026-06-11 20:25:00+00:00,199.09,214.76,1.0
2026-06-11 20:30:00+00:00,198.98,214.96,1.0
2026-06-11 20:35:00+00:00,198.43,214.99,1.0
2026-06-11 20:40:00+00:00,197.91,214.72,1.0
2026-06-11 20:45:00+00:00,198.09,214.84,1.0
2026-06-11 20:50:00+00:00,198.69,215.48,1.0
2026-06-11 20:55:00+00:00,198.75,215.56,1.0
2026-06-11 21:00:00+00:00,198.92,215.78,1.0
2026-06-11 21:05:00+00:00,199.52,215.79,1.0
2026-06-11 21:10:00+00:00,200.3,215.95,1.0
2026-06-11 21:15:00+00:00,200.67,215.99,1.0
2026-06-11 21:20:00+00:00,199.88,215.58,1.0
2026-06-11 21:25:00+00:00,199.8,215.74,1.0
2026-06-11 21:30:00+00:00,199.84,214.84,1.0
2026-06-11 21:35:00+00:00,200.07,214.71,1.0
2026-06-11 21:40:00+00:00,199.98,214.16,1.0
2026-06-11 21:45:00+00:00,200.09,213.16,1.0
2026-06-11 21:50:00+00:00,200.28,214.6,1.0
2026-06-11 21:55:00+00:00,200.22,214.69,1.0
2026-06-11 22:00:00+00:00,200.76,214.86,1.0
2026-06-11 22:05:00+00:00,200.34,215.65,1.0
2026-06-11 22:10:00+00:00,200.45,215.98,1.0
2026-06-11 22:15:00+00:00,200.58,215.15,1.0
2026-06-11 22:20:00+00:00,200.61,215.29,1.0
2026-06-11 22:25:00+00:00,201.05,215.3,1.0
2026-06-11 22:30:00+00:00,201.23,214.94,1.0
2026-06-11 22:35:00+00:00,201.61,215.33,1.0
2026-06-11 22:40:00+00:00,202.04,215.88,1.0
2026-06-11 22:45:00+00:00,201.59,215.98,1.0
2026-06-11 22:50:00+00:00,202.0,215.85,1.0
2026-06-11 22:55:00+00:00,201.31,214.89,1.0
2026-06-11 23:00:00+00:00,199.75,215.01,1.0
2026-06-11 23:05:00+00:00,200.4,214.23,1.0
2026-06-11 23:10:00+00:00,200.07,213.96,1.0
2026-06-11 23:15:00+00:00,200.08,214.01,1.0
2026-06-11 23:20:00+00:00,199.75,213.34,1.0
2026-06-11 23:25:00+00:00,199.07,212.73,1.0
2026-06-11 23:30:00+00:00,199.77,213.64,1.0
2026-06-11 23:35:00+00:00,199.7,214.78,1.0
2026-06-11 23:40:00+00:00,199.4,215.51,1.0
2026-06-11 23:45:00+00:00,199.71,216.44,1.0
2026-06-11 23:50:00+00:00,199.62,216.6,1.0
2026-06-11 23:55:00+00:00,199.27,216.06,1.0
2026-06-12 00:00:00+00:00,197.6,215.76,1.0
2026-06-12 00:05:00+00:00,197.57,216.11,1.0
2026-06-12 00:10:00+00:00,199.38,220.08,1.0
2026-06-12 00:15:00+00:00,199.51,220.18,1.0
2026-06-12 00:20:00+00:00,199.6,221.83,1.0
2026-06-12 00:25:00+00:00,200.22,221.35,1.0
2026-06-12 00:30:00+00:00,200.71,222.02,1.0
2026-06-12 00:35:00+00:00,200.56,223.96,1.0
2026-06-12 00:40:00+00:00,200.17,223.56,1.0
2026-06-12 00:45:00+00:00,199.54,223.43,1.0
2026-06-12 00:50:00+00:00,199.97,222.68,1.0
2026-06-12 00:55:00+00:00,199.83,221.43,1.0
2026-06-12 01:00:00+00:00,199.63,221.3,1.0
2026-06-12 01:05:00+00:00,199.87,221.65,1.0
2026-06-12 01:10:00+00:00,199.06,220.84,1.0
2026-06-12 01:15:00+00:00,197.98,219.55,1.0
2026-06-12 01:20:00+00:00,198.1,219.16,1.0
2026-06-12 01:25:00+00:00,197.48,218.04,1.0
2026-06-12 01:30:00+00:00,198.63,219.01,1.0
2026-06-12 01:35:00+00:00,197.92,217.73,1.0
2026-06-12 01:40:00+00:00,197.13,217.57,1.0
2026-06-12 01:45:00+00:00,198.54,219.36,1.0
2026-06-12 01:50:00+00:00,198.49,219.64,1.0
2026-06-12 01:55:00+00:00,198.99,219.86,1.0
2026-06-12 02:00:00+00:00,199.01,219.69,1.0
2026-06-12 02:05:00+00:00,199.12,219.72,1.0
2026-06-12 02:10:00+00:00,198.98,219.53,1.0
2026-06-12 02:15:00+00:00,199.29,219.95,1.0
2026-06-12 02:20:00+00:00,199.05,219.76,1.0
2026-06-12 02:25:00+00:00,198.9,219.46,1.0
2026-06-12 02:30:00+00:00,198.48,219.65,1.0
2026-06-12 02:35:00+00:00,199.32,220.62,1.0
2026-06-12 02:40:00+00:00,199.1,220.55,1.0
2026-06-12 02:45:00+00:00,199.4,220.79,1.0
2026-06-12 02:50:00+00:00,199.67,220.84,1.0
2026-06-12 02:55:00+00:00,199.58,221.69,1.0
2026-06-12 03:00:00+00:00,199.52,220.37,1.0
2026-06-12 03:05:00+00:00,199.68,220.55,1.0
2026-06-12 03:10:00+00:00,199.6,220.6,1.0
2026-06-12 03:15:00+00:00,199.35,219.94,1.0
2026-06-12 03:20:00+00:00,199.31,220.35,1.0
2026-06-12 03:25:00+00:00,199.73,220.6,1.0
2026-06-12 03:30:00+00:00,200.1,220.88,1.0
2026-06-12 03:35:00+00:00,200.39,221.48,1.0
2026-06-12 03:40:00+00:00,200.33,221.72,1.0
2026-06-12 03:45:00+00:00,200.1,221.2,1.0
2026-06-12 03:50:00+00:00,200.17,221.17,1.0
2026-06-12 03:55:00+00:00,199.94,220.59,1.0
2026-06-12 04:00:00+00:00,199.8,220.57,1.0
2026-06-12 04:05:00+00:00,199.63,219.98,1.0
2026-06-12 04:10:00+00:00,199.81,220.02,1.0
2026-06-12 04:15:00+00:00,199.8,220.53,1.0
2026-06-12 04:20:00+00:00,199.92,220.28,1.0
2026-06-12 04:25:00+00:00,200.36,220.92,1.0
2026-06-12 04:30:00+00:00,200.34,220.92,1.0
2026-06-12 04:35:00+00:00,200.29,221.04,1.0
2026-06-12 04:40:00+00:00,200.62,221.58,1.0
2026-06-12 04:45:00+00:00,200.45,221.12,1.0
2026-06-12 04:50:00+00:00,200.31,220.96,1.0
2026-06-12 04:55:00+00:00,200.32,220.88,1.0
2026-06-12 05:00:00+00:00,199.35,219.96,1.0
2026-06-12 05:05:00+00:00,198.89,219.72,1.0
2026-06-12 05:10:00+00:00,199.21,219.95,1.0
2026-06-12 05:15:00+00:00,199.32,219.98,1.0
2026-06-12 05:20:00+00:00,198.55,219.4,1.0
2026-06-12 05:25:00+00:00,198.68,219.69,1.0
2026-06-12 05:30:00+00:00,197.84,218.09,1.0
2026-06-12 05:35:00+00:00,195.24,214.98,1.0
2026-06-12 05:40:00+00:00,194.72,213.72,1.0
2026-06-12 05:45:00+00:00,193.81,212.6,1.0
2026-06-12 05:50:00+00:00,195.27,213.96,1.0
2026-06-12 05:55:00+00:00,193.15,211.19,1.0
2026-06-12 06:00:00+00:00,194.22,212.96,1.0
2026-06-12 06:05:00+00:00,194.25,212.1,1.0
2026-06-12 06:10:00+00:00,195.0,213.06,1.0
2026-06-12 06:15:00+00:00,193.45,211.96,1.0
2026-06-12 06:20:00+00:00,193.17,212.78,1.0
2026-06-12 06:25:00+00:00,192.96,211.79,1.0
2026-06-12 06:30:00+00:00,193.06,211.12,1.0
2026-06-12 06:35:00+00:00,192.87,211.5,1.0
2026-06-12 06:40:00+00:00,192.7,211.56,1.0
2026-06-12 06:45:00+00:00,192.5,208.86,1.0
2026-06-12 06:50:00+00:00,192.31,208.71,1.0
2026-06-12 06:55:00+00:00,192.87,210.94,1.0
2026-06-12 07:00:00+00:00,192.15,210.34,1.0
2026-06-12 07:05:00+00:00,192.16,210.94,1.0
2026-06-12 07:10:00+00:00,191.75,209.92,1.0
2026-06-12 07:15:00+00:00,192.13,210.38,1.0
2026-06-12 07:20:00+00:00,192.6,210.89,1.0
2026-06-12 07:25:00+00:00,192.23,210.48,1.0
2026-06-12 07:30:00+00:00,192.26,211.42,1.0
2026-06-12 07:35:00+00:00,192.78,212.11,1.0
2026-06-12 07:40:00+00:00,192.88,212.19,1.0
2026-06-12 07:45:00+00:00,192.65,212.53,1.0
2026-06-12 07:50:00+00:00,192.68,212.57,1.0
2026-06-12 07:55:00+00:00,193.24,212.9,1.0
2026-06-12 08:00:00+00:00,194.14,213.24,1.0
2026-06-12 08:05:00+00:00,194.46,212.8,1.0
2026-06-12 08:10:00+00:00,194.48,213.16,1.0
2026-06-12 08:15:00+00:00,195.13,214.39,1.0
2026-06-12 08:20:00+00:00,195.64,215.8,1.0
2026-06-12 08:25:00+00:00,195.4,214.44,1.0
2026-06-12 08:30:00+00:00,195.35,214.48,1.0
2026-06-12 08:35:00+00:00,195.12,214.76,1.0
2026-06-12 08:40:00+00:00,194.75,214.18,1.0
2026-06-12 08:45:00+00:00,195.5,214.58,1.0
2026-06-12 08:50:00+00:00,195.59,214.57,1.0
2026-06-12 08:55:00+00:00,194.99,214.0,1.0
2026-06-12 09:00:00+00:00,195.34,214.67,1.0
2026-06-12 09:05:00+00:00,195.18,214.49,1.0
2026-06-12 09:10:00+00:00,195.41,214.86,1.0
2026-06-12 09:15:00+00:00,195.81,215.33,1.0
2026-06-12 09:20:00+00:00,195.47,215.1,1.0
2026-06-12 09:25:00+00:00,196.04,214.57,1.0
2026-06-12 09:30:00+00:00,197.05,215.27,1.0
2026-06-12 09:35:00+00:00,196.62,215.84,1.0
2026-06-12 09:40:00+00:00,196.63,215.73,1.0
2026-06-12 09:45:00+00:00,196.56,215.66,1.0
2026-06-12 09:50:00+00:00,196.59,216.23,1.0
2026-06-12 09:55:00+00:00,196.64,215.66,1.0
2026-06-12 10:00:00+00:00,196.77,215.26,1.0
2026-06-12 10:05:00+00:00,196.87,215.38,1.0
2026-06-12 10:10:00+00:00,196.14,214.59,1.0
2026-06-12 10:15:00+00:00,195.7,215.23,1.0
2026-06-12 10:20:00+00:00,195.34,214.16,1.0
2026-06-12 10:25:00+00:00,194.77,213.34,1.0
2026-06-12 10:30:00+00:00,195.06,213.98,1.0
2026-06-12 10:35:00+00:00,194.99,214.01,1.0
2026-06-12 10:40:00+00:00,195.19,214.33,1.0
2026-06-12 10:45:00+00:00,195.09,214.21,1.0
2026-06-12 10:50:00+00:00,194.99,214.1,1.0
2026-06-12 10:55:00+00:00,194.92,213.75,1.0
2026-06-12 11:00:00+00:00,195.68,214.14,1.0
2026-06-12 11:05:00+00:00,195.17,213.64,1.0
2026-06-12 11:10:00+00:00,195.48,213.51,1.0
2026-06-12 11:15:00+00:00,195.59,213.42,1.0
2026-06-12 11:20:00+00:00,196.4,214.92,1.0
2026-06-12 11:25:00+00:00,196.07,215.04,1.0
2026-06-12 11:30:00+00:00,195.81,214.69,1.0
2026-06-12 11:35:00+00:00,195.58,214.18,1.0
2026-06-12 11:40:00+00:00,196.24,214.53,1.0
2026-06-12 11:45:00+00:00,195.54,214.1,1.0
2026-06-12 11:50:00+00:00,196.19,215.07,1.0
2026-06-12 11:55:00+00:00,195.61,213.97,1.0
2026-06-12 12:00:00+00:00,194.84,213.15,1.0
2026-06-12 12:05:00+00:00,194.98,213.4,1.0
2026-06-12 12:10:00+00:00,194.6,212.61,1.0
2026-06-12 12:15:00+00:00,194.4,212.9,1.0
2026-06-12 12:20:00+00:00,194.15,212.58,1.0
2026-06-12 12:25:00+00:00,194.02,212.43,1.0
2026-06-12 12:30:00+00:00,194.22,212.4,1.0
2026-06-12 12:35:00+00:00,193.57,211.43,1.0
2026-06-12 12:40:00+00:00,194.12,211.48,1.0
2026-06-12 12:45:00+00:00,194.39,212.02,1.0
2026-06-12 12:50:00+00:00,193.66,211.14,1.0
2026-06-12 12:55:00+00:00,193.88,211.75,1.0
2026-06-12 13:00:00+00:00,194.31,211.98,1.0
2026-06-12 13:05:00+00:00,194.86,212.43,1.0
2026-06-12 13:10:00+00:00,194.95,212.71,1.0
2026-06-12 13:15:00+00:00,195.03,212.87,1.0
2026-06-12 13:20:00+00:00,194.64,212.09,1.0
2026-06-12 13:25:00+00:00,195.24,212.8,1.0
2026-06-12 13:30:00+00:00,194.86,211.99,1.0
2026-06-12 13:35:00+00:00,195.82,214.44,1.0
2026-06-12 13:40:00+00:00,193.43,212.16,1.0
2026-06-12 13:45:00+00:00,193.8,212.5,1.0
2026-06-12 13:50:00+00:00,194.22,213.01,1.0
2026-06-12 13:55:00+00:00,195.19,213.98,1.0
2026-06-12 14:00:00+00:00,197.91,216.07,1.0
2026-06-12 14:05:00+00:00,198.51,217.41,1.0
2026-06-12 14:10:00+00:00,197.87,216.75,1.0
2026-06-12 14:15:00+00:00,197.96,217.69,1.0
2026-06-12 14:20:00+00:00,196.68,215.9,1.0
2026-06-12 14:25:00+00:00,196.96,215.73,1.0
2026-06-12 14:30:00+00:00,197.05,216.53,1.0
2026-06-12 14:35:00+00:00,197.41,216.87,1.0
2026-06-12 14:40:00+00:00,196.06,215.23,1.0
2026-06-12 14:45:00+00:00,195.65,214.54,1.0
2026-06-12 14:50:00+00:00,198.4,217.29,1.0
2026-06-12 14:55:00+00:00,198.68,218.47,1.0
2026-06-12 15:00:00+00:00,198.31,217.01,1.0
2026-06-12 15:05:00+00:00,198.51,217.05,1.0
2026-06-12 15:10:00+00:00,199.23,217.79,1.0
2026-06-12 15:15:00+00:00,199.62,218.67,1.0
2026-06-12 15:20:00+00:00,199.55,218.48,1.0
2026-06-12 15:25:00+00:00,199.8,218.29,1.0
2026-06-12 15:30:00+00:00,199.22,217.82,1.0
2026-06-12 15:35:00+00:00,198.59,217.04,1.0
2026-06-12 15:40:00+00:00,197.54,216.09,1.0
2026-06-12 15:45:00+00:00,196.78,214.8,1.0
2026-06-12 15:50:00+00:00,197.88,215.45,1.0
2026-06-12 15:55:00+00:00,196.33,214.28,1.0
2026-06-12 16:00:00+00:00,196.86,215.25,1.0
2026-06-12 16:05:00+00:00,197.41,217.51,1.0
2026-06-12 16:10:00+00:00,198.62,217.48,1.0
2026-06-12 16:15:00+00:00,197.94,217.14,1.0
2026-06-12 16:20:00+00:00,198.04,217.08,1.0
2026-06-12 16:25:00+00:00,198.15,217.44,1.0
2026-06-12 16:30:00+00:00,198.63,217.76,1.0
2026-06-12 16:35:00+00:00,198.66,218.0,1.0
2026-06-12 16:40:00+00:00,198.65,217.77,1.0
2026-06-12 16:45:00+00:00,199.22,218.29,1.0
2026-06-12 16:50:00+00:00,198.87,217.74,1.0
2026-06-12 16:55:00+00:00,198.96,217.58,1.0
2026-06-12 17:00:00+00:00,199.25,217.84,1.0
2026-06-12 17:05:00+00:00,199.6,218.39,1.0
2026-06-12 17:10:00+00:00,199.34,217.92,1.0
2026-06-12 17:15:00+00:00,199.77,219.42,1.0
2026-06-12 17:20:00+00:00,199.53,218.55,1.0
2026-06-12 17:25:00+00:00,199.69,219.47,1.0
2026-06-12 17:30:00+00:00,198.99,218.75,1.0
2026-06-12 17:35:00+00:00,199.19,218.85,1.0
2026-06-12 17:40:00+00:00,199.04,218.81,1.0
2026-06-12 17:45:00+00:00,199.17,218.72,1.0
2026-06-12 17:50:00+00:00,199.09,218.35,1.0
2026-06-12 17:55:00+00:00,198.73,218.32,1.0
2026-06-12 18:00:00+00:00,198.36,217.49,1.0
2026-06-12 18:05:00+00:00,198.72,217.74,1.0
2026-06-12 18:10:00+00:00,198.86,217.59,1.0
2026-06-12 18:15:00+00:00,198.76,217.19,1.0
2026-06-12 18:20:00+00:00,198.63,217.03,1.0
2026-06-12 18:25:00+00:00,199.23,217.98,1.0
2026-06-12 18:30:00+00:00,199.45,217.85,1.0
2026-06-12 18:35:00+00:00,199.46,218.37,1.0
2026-06-12 18:40:00+00:00,199.48,218.36,1.0
2026-06-12 18:45:00+00:00,199.39,218.25,1.0
2026-06-12 18:50:00+00:00,199.45,217.89,1.0
2026-06-12 18:55:00+00:00,198.58,216.96,1.0
2026-06-12 19:00:00+00:00,199.41,217.4,1.0
2026-06-12 19:05:00+00:00,199.14,217.03,1.0
2026-06-12 19:10:00+00:00,198.92,216.96,1.0
2026-06-12 19:15:00+00:00,199.04,217.13,1.0
2026-06-12 19:20:00+00:00,198.79,217.04,1.0
2026-06-12 19:25:00+00:00,198.45,216.19,1.0
2026-06-12 19:30:00+00:00,197.94,215.77,1.0
2026-06-12 19:35:00+00:00,198.06,215.64,1.0
2026-06-12 19:40:00+00:00,198.19,216.3,1.0
2026-06-12 19:45:00+00:00,198.07,215.8,1.0
2026-06-12 19:50:00+00:00,197.93,215.36,1.0
2026-06-12 19:55:00+00:00,197.6,215.13,1.0
2026-06-12 20:00:00+00:00,198.04,215.11,1.0
2026-06-12 20:05:00+00:00,198.0,215.41,1.0
2026-06-12 20:10:00+00:00,197.77,215.79,1.0
2026-06-12 20:15:00+00:00,197.72,216.02,1.0
2026-06-12 20:20:00+00:00,197.76,216.89,1.0
2026-06-12 20:25:00+00:00,197.99,217.04,1.0
2026-06-12 20:30:00+00:00,198.18,217.11,1.0
2026-06-12 20:35:00+00:00,197.87,216.65,1.0
2026-06-12 20:40:00+00:00,197.87,216.33,1.0
2026-06-12 20:45:00+00:00,197.95,216.13,1.0
2026-06-12 20:50:00+00:00,197.95,216.2,1.0
2026-06-12 20:55:00+00:00,197.99,216.56,1.0
2026-06-12 21:00:00+00:00,197.95,216.15,1.0
2026-06-12 21:05:00+00:00,197.96,216.48,1.0
2026-06-12 21:10:00+00:00,197.74,216.54,1.0
2026-06-12 21:15:00+00:00,197.74,216.47,1.0
2026-06-12 21:20:00+00:00,197.76,216.23,1.0
2026-06-12 21:25:00+00:00,197.87,216.43,1.0
2026-06-12 21:30:00+00:00,197.84,216.59,1.0
2026-06-12 21:35:00+00:00,198.04,217.25,1.0
2026-06-12 21:40:00+00:00,197.97,217.45,1.0
2026-06-12 21:45:00+00:00,197.94,216.86,1.0
2026-06-12 21:50:00+00:00,197.98,217.22,1.0
2026-06-12 21:55:00+00:00,198.09,217.11,1.0
2026-06-12 22:00:00+00:00,197.93,217.25,1.0
2026-06-12 22:05:00+00:00,197.7,217.06,1.0
2026-06-12 22:10:00+00:00,197.79,216.97,1.0
2026-06-12 22:15:00+00:00,197.68,217.02,1.0
2026-06-12 22:20:00+00:00,197.69,217.35,1.0
2026-06-12 22:25:00+00:00,197.8,217.24,1.0
2026-06-12 22:30:00+00:00,197.7,216.89,1.0
2026-06-12 22:35:00+00:00,197.74,216.89,1.0
2026-06-12 22:40:00+00:00,197.88,217.61,1.0
2026-06-12 22:45:00+00:00,197.93,217.8,1.0
2026-06-12 22:50:00+00:00,197.81,217.79,1.0
2026-06-12 22:55:00+00:00,197.99,218.47,1.0
2026-06-12 23:00:00+00:00,197.88,218.29,1.0
2026-06-12 23:05:00+00:00,197.9,217.84,1.0
2026-06-12 23:10:00+00:00,197.93,218.23,1.0
2026-06-12 23:15:00+00:00,198.03,217.94,1.0
2026-06-12 23:20:00+00:00,198.09,218.48,1.0
2026-06-12 23:25:00+00:00,198.05,217.94,1.0
2026-06-12 23:30:00+00:00,198.0,218.24,1.0
2026-06-12 23:35:00+00:00,198.16,218.4,1.0
2026-06-12 23:40:00+00:00,198.2,218.47,1.0
2026-06-12 23:45:00+00:00,198.06,218.21,1.0
2026-06-12 23:50:00+00:00,198.08,218.38,1.0
2026-06-12 23:55:00+00:00,198.52,218.33,1.0
2026-06-13 00:00:00+00:00,198.17,217.74,1.0
2026-06-13 00:05:00+00:00,197.7,217.37,1.0
2026-06-13 00:10:00+00:00,197.7,217.45,1.0
2026-06-13 00:15:00+00:00,197.65,217.39,1.0
2026-06-13 00:20:00+00:00,197.77,217.96,1.0
2026-06-13 00:25:00+00:00,197.85,217.96,1.0
2026-06-13 00:30:00+00:00,197.49,217.89,1.0
2026-06-13 00:35:00+00:00,198.01,218.72,1.0
2026-06-13 00:40:00+00:00,198.45,218.68,1.0
2026-06-13 00:45:00+00:00,198.15,218.53,1.0
2026-06-13 00:50:00+00:00,198.3,218.46,1.0
2026-06-13 00:55:00+00:00,197.87,218.0,1.0
2026-06-13 01:00:00+00:00,197.69,217.96,1.0
2026-06-13 01:05:00+00:00,198.02,218.41,1.0
2026-06-13 01:10:00+00:00,198.11,218.11,1.0
2026-06-13 01:15:00+00:00,197.72,217.4,1.0
2026-06-13 01:20:00+00:00,197.68,217.45,1.0
2026-06-13 01:25:00+00:00,197.31,217.11,1.0
2026-06-13 01:30:00+00:00,197.29,217.4,1.0
2026-06-13 01:35:00+00:00,196.83,216.77,1.0
2026-06-13 01:40:00+00:00,197.55,217.41,1.0
2026-06-13 01:45:00+00:00,197.71,218.05,1.0
2026-06-13 01:50:00+00:00,197.65,218.42,1.0
2026-06-13 01:55:00+00:00,197.46,218.35,1.0
2026-06-13 02:00:00+00:00,198.02,218.42,1.0
2026-06-13 02:05:00+00:00,197.88,218.67,1.0
2026-06-13 02:10:00+00:00,197.98,218.87,1.0
2026-06-13 02:15:00+00:00,198.24,218.82,1.0
2026-06-13 02:20:00+00:00,198.25,219.05,1.0
2026-06-13 02:25:00+00:00,198.01,218.95,1.0
2026-06-13 02:30:00+00:00,198.29,219.37,1.0
2026-06-13 02:35:00+00:00,198.34,219.29,1.0
2026-06-13 02:40:00+00:00,198.51,219.38,1.0
2026-06-13 02:45:00+00:00,198.31,218.93,1.0
2026-06-13 02:50:00+00:00,197.88,218.6,1.0
2026-06-13 02:55:00+00:00,198.04,218.76,1.0
2026-06-13 03:00:00+00:00,198.32,219.22,1.0
2026-06-13 03:05:00+00:00,198.44,219.23,1.0
2026-06-13 03:10:00+00:00,198.01,218.64,1.0
2026-06-13 03:15:00+00:00,198.24,218.68,1.0
2026-06-13 03:20:00+00:00,197.9,218.3,1.0
2026-06-13 03:25:00+00:00,197.32,218.0,1.0
2026-06-13 03:30:00+00:00,197.38,217.68,1.0
2026-06-13 03:35:00+00:00,197.76,218.27,1.0
2026-06-13 03:40:00+00:00,197.32,217.83,1.0
2026-06-13 03:45:00+00:00,197.3,217.52,1.0
2026-06-13 03:50:00+00:00,197.28,217.56,1.0
2026-06-13 03:55:00+00:00,197.34,217.65,1.0
2026-06-13 04:00:00+00:00,197.34,217.63,1.0
2026-06-13 04:05:00+00:00,197.15,217.31,1.0
2026-06-13 04:10:00+00:00,197.27,217.56,1.0
2026-06-13 04:15:00+00:00,197.35,217.73,1.0
2026-06-13 04:20:00+00:00,197.27,217.5,1.0
2026-06-13 04:25:00+00:00,197.1,217.68,1.0
2026-06-13 04:30:00+00:00,197.2,217.52,1.0
2026-06-13 04:35:00+00:00,197.02,217.2,1.0
2026-06-13 04:40:00+00:00,196.84,217.13,1.0
2026-06-13 04:45:00+00:00,196.98,217.25,1.0
2026-06-13 04:50:00+00:00,196.93,217.3,1.0
2026-06-13 04:55:00+00:00,196.96,217.2,1.0
2026-06-13 05:00:00+00:00,196.94,217.02,1.0
2026-06-13 05:05:00+00:00,196.95,216.84,1.0
2026-06-13 05:10:00+00:00,197.17,217.2,1.0
2026-06-13 05:15:00+00:00,196.94,217.22,1.0
2026-06-13 05:20:00+00:00,196.95,217.2,1.0
2026-06-13 05:25:00+00:00,196.91,217.0,1.0
2026-06-13 05:30:00+00:00,196.95,217.06,1.0
2026-06-13 05:35:00+00:00,196.92,217.0,1.0
2026-06-13 05:40:00+00:00,197.06,217.19,1.0
2026-06-13 05:45:00+00:00,197.06,216.92,1.0
2026-06-13 05:50:00+00:00,196.93,216.99,1.0
2026-06-13 05:55:00+00:00,197.17,217.2,1.0
2026-06-13 06:00:00+00:00,197.12,217.24,1.0
2026-06-13 06:05:00+00:00,197.03,217.56,1.0
2026-06-13 06:10:00+00:00,197.03,217.5,1.0
2026-06-13 06:15:00+00:00,197.1,217.52,1.0
2026-06-13 06:20:00+00:00,197.13,217.65,1.0
2026-06-13 06:25:00+00:00,197.41,217.75,1.0
2026-06-13 06:30:00+00:00,197.34,218.06,1.0
2026-06-13 06:35:00+00:00,197.06,217.36,1.0
2026-06-13 06:40:00+00:00,197.16,217.82,1.0
2026-06-13 06:45:00+00:00,197.3,217.92,1.0
2026-06-13 06:50:00+00:00,197.25,218.19,1.0
2026-06-13 06:55:00+00:00,197.28,218.11,1.0
2026-06-13 07:00:00+00:00,197.2,218.02,1.0
2026-06-13 07:05:00+00:00,197.26,218.13,1.0
2026-06-13 07:10:00+00:00,197.33,218.18,1.0
2026-06-13 07:15:00+00:00,197.35,218.1,1.0
2026-06-13 07:20:00+00:00,197.42,218.15,1.0
2026-06-13 07:25:00+00:00,197.68,218.28,1.0
2026-06-13 07:30:00+00:00,197.35,217.89,1.0
2026-06-13 07:35:00+00:00,197.54,218.14,1.0
2026-06-13 07:40:00+00:00,197.66,218.01,1.0
2026-06-13 07:45:00+00:00,197.94,218.38,1.0
2026-06-13 07:50:00+00:00,198.01,218.85,1.0
2026-06-13 07:55:00+00:00,197.63,218.48,1.0
2026-06-13 08:00:00+00:00,197.78,218.0,1.0
2026-06-13 08:05:00+00:00,197.97,218.32,1.0
2026-06-13 08:10:00+00:00,197.78,218.19,1.0
2026-06-13 08:15:00+00:00,197.98,218.27,1.0
2026-06-13 08:20:00+00:00,198.03,218.15,1.0
2026-06-13 08:25:00+00:00,198.11,218.19,1.0
2026-06-13 08:30:00+00:00,198.03,218.32,1.0
2026-06-13 08:35:00+00:00,198.18,218.56,1.0
2026-06-13 08:40:00+00:00,198.06,218.76,1.0
2026-06-13 08:45:00+00:00,197.92,218.37,1.0
2026-06-13 08:50:00+00:00,198.17,218.58,1.0
2026-06-13 08:55:00+00:00,198.09,218.49,1.0
2026-06-13 09:00:00+00:00,197.96,218.35,1.0
2026-06-13 09:05:00+00:00,197.74,218.11,1.0
2026-06-13 09:10:00+00:00,197.88,217.96,1.0
2026-06-13 09:15:00+00:00,197.56,217.47,1.0
2026-06-13 09:20:00+00:00,197.2,216.86,1.0
2026-06-13 09:25:00+00:00,197.02,216.85,1.0
2026-06-13 09:30:00+00:00,197.21,216.44,1.0
2026-06-13 09:35:00+00:00,197.29,216.62,1.0
2026-06-13 09:40:00+00:00,197.33,216.59,1.0
2026-06-13 09:45:00+00:00,197.52,216.73,1.0
2026-06-13 09:50:00+00:00,197.54,217.09,1.0
2026-06-13 09:55:00+00:00,197.43,217.0,1.0
2026-06-13 10:00:00+00:00,197.48,216.93,1.0
2026-06-13 10:05:00+00:00,197.45,217.11,1.0
2026-06-13 10:10:00+00:00,197.54,217.34,1.0
2026-06-13 10:15:00+00:00,197.54,217.22,1.0
2026-06-13 10:20:00+00:00,197.58,217.31,1.0
2026-06-13 10:25:00+00:00,197.83,217.49,1.0
2026-06-13 10:30:00+00:00,197.91,217.57,1.0
2026-06-13 10:35:00+00:00,197.99,217.63,1.0
2026-06-13 10:40:00+00:00,197.21,217.4,1.0
2026-06-13 10:45:00+00:00,197.64,217.26,1.0
2026-06-13 10:50:00+00:00,197.6,217.51,1.0
2026-06-13 10:55:00+00:00,197.62,217.36,1.0
2026-06-13 11:00:00+00:00,197.42,216.98,1.0
2026-06-13 11:05:00+00:00,197.71,217.13,1.0
2026-06-13 11:10:00+00:00,197.51,217.04,1.0
2026-06-13 11:15:00+00:00,197.75,217.23,1.0
2026-06-13 11:20:00+00:00,197.6,217.22,1.0
2026-06-13 11:25:00+00:00,197.64,217.36,1.0
2026-06-13 11:30:00+00:00,197.35,217.53,1.0
2026-06-13 11:35:00+00:00,197.31,217.51,1.0
2026-06-13 11:40:00+00:00,196.92,217.04,1.0
2026-06-13 11:45:00+00:00,197.07,217.4,1.0
2026-06-13 11:50:00+00:00,197.31,217.39,1.0
2026-06-13 11:55:00+00:00,197.45,217.53,1.0
2026-06-13 12:00:00+00:00,197.85,217.51,1.0
2026-06-13 12:05:00+00:00,197.74,217.56,1.0
2026-06-13 12:10:00+00:00,197.5,217.5,1.0
2026-06-13 12:15:00+00:00,197.61,217.22,1.0
2026-06-13 12:20:00+00:00,197.52,217.21,1.0
2026-06-13 12:25:00+00:00,197.39,217.04,1.0
2026-06-13 12:30:00+00:00,197.69,217.28,1.0
2026-06-13 12:35:00+00:00,197.82,217.37,1.0
2026-06-13 12:40:00+00:00,197.7,217.67,1.0
2026-06-13 12:45:00+00:00,197.96,217.97,1.0
2026-06-13 12:50:00+00:00,198.07,218.09,1.0
2026-06-13 12:55:00+00:00,198.0,218.36,1.0
2026-06-13 13:00:00+00:00,197.77,218.16,1.0
2026-06-13 13:05:00+00:00,197.51,218.47,1.0
2026-06-13 13:10:00+00:00,197.74,218.49,1.0
2026-06-13 13:15:00+00:00,197.57,218.24,1.0
2026-06-13 13:20:00+00:00,197.74,218.27,1.0
2026-06-13 13:25:00+00:00,197.65,218.27,1.0
2026-06-13 13:30:00+00:00,197.73,218.29,1.0
2026-06-13 13:35:00+00:00,197.8,218.21,1.0
2026-06-13 13:40:00+00:00,197.58,218.12,1.0
2026-06-13 13:45:00+00:00,197.5,218.01,1.0
2026-06-13 13:50:00+00:00,197.45,217.89,1.0
2026-06-13 13:55:00+00:00,197.72,218.09,1.0
2026-06-13 14:00:00+00:00,197.63,218.42,1.0
2026-06-13 14:05:00+00:00,197.43,217.99,1.0
2026-06-13 14:10:00+00:00,197.59,218.0,1.0
2026-06-13 14:15:00+00:00,197.47,217.77,1.0
2026-06-13 14:20:00+00:00,197.36,217.91,1.0
2026-06-13 14:25:00+00:00,197.32,217.94,1.0
2026-06-13 14:30:00+00:00,197.68,218.16,1.0
2026-06-13 14:35:00+00:00,197.72,218.19,1.0
2026-06-13 14:40:00+00:00,197.85,218.39,1.0
2026-06-13 14:45:00+00:00,197.83,218.67,1.0
2026-06-13 14:50:00+00:00,197.98,218.79,1.0
2026-06-13 14:55:00+00:00,197.79,218.86,1.0
2026-06-13 15:00:00+00:00,197.95,218.77,1.0
2026-06-13 15:05:00+00:00,197.94,218.32,1.0
2026-06-13 15:10:00+00:00,198.05,218.5,1.0
2026-06-13 15:15:00+00:00,197.96,218.64,1.0
2026-06-13 15:20:00+00:00,198.29,218.77,1.0
2026-06-13 15:25:00+00:00,198.54,218.93,1.0
2026-06-13 15:30:00+00:00,198.68,218.85,1.0
2026-06-13 15:35:00+00:00,198.74,218.87,1.0
2026-06-13 15:40:00+00:00,198.5,218.6,1.0
2026-06-13 15:45:00+00:00,198.47,218.76,1.0
2026-06-13 15:50:00+00:00,198.56,218.95,1.0
2026-06-13 15:55:00+00:00,198.56,219.13,1.0
2026-06-13 16:00:00+00:00,197.9,218.39,1.0
2026-06-13 16:05:00+00:00,197.99,218.7,1.0
2026-06-13 16:10:00+00:00,197.76,218.7,1.0
2026-06-13 16:15:00+00:00,197.95,218.7,1.0
2026-06-13 16:20:00+00:00,197.85,218.05,1.0
2026-06-13 16:25:00+00:00,197.97,218.51,1.0
2026-06-13 16:30:00+00:00,197.89,218.52,1.0
2026-06-13 16:35:00+00:00,198.12,218.53,1.0
2026-06-13 16:40:00+00:00,197.89,218.69,1.0
2026-06-13 16:45:00+00:00,197.69,218.53,1.0
2026-06-13 16:50:00+00:00,196.99,217.8,1.0
2026-06-13 16:55:00+00:00,197.14,217.52,1.0
2026-06-13 17:00:00+00:00,197.12,217.7,1.0
2026-06-13 17:05:00+00:00,197.16,217.75,1.0
2026-06-13 17:10:00+00:00,197.18,217.78,1.0
2026-06-13 17:15:00+00:00,197.16,217.99,1.0
2026-06-13 17:20:00+00:00,197.03,217.89,1.0
2026-06-13 17:25:00+00:00,197.02,217.95,1.0
2026-06-13 17:30:00+00:00,196.98,217.77,1.0
2026-06-13 17:35:00+00:00,196.95,217.48,1.0
2026-06-13 17:40:00+00:00,197.13,217.84,1.0
2026-06-13 17:45:00+00:00,197.03,217.9,1.0
2026-06-13 17:50:00+00:00,197.11,217.79,1.0
2026-06-13 17:55:00+00:00,197.24,217.51,1.0
2026-06-13 18:00:00+00:00,197.26,217.98,1.0
2026-06-13 18:05:00+00:00,197.58,218.28,1.0
2026-06-13 18:10:00+00:00,197.62,218.48,1.0
2026-06-13 18:15:00+00:00,197.7,218.9,1.0
2026-06-13 18:20:00+00:00,198.02,219.22,1.0
2026-06-13 18:25:00+00:00,198.15,219.49,1.0
2026-06-13 18:30:00+00:00,198.26,219.69,1.0
2026-06-13 18:35:00+00:00,198.25,219.8,1.0
2026-06-13 18:40:00+00:00,198.06,219.79,1.0
2026-06-13 18:45:00+00:00,197.9,219.67,1.0
2026-06-13 18:50:00+00:00,197.87,219.61,1.0
2026-06-13 18:55:00+00:00,197.93,219.88,1.0
2026-06-13 19:00:00+00:00,197.95,220.0,1.0
2026-06-13 19:05:00+00:00,197.84,220.46,1.0
2026-06-13 19:10:00+00:00,198.01,220.28,1.0
2026-06-13 19:15:00+00:00,197.88,220.53,1.0
2026-06-13 19:20:00+00:00,197.85,220.55,1.0
2026-06-13 19:25:00+00:00,197.68,220.31,1.0
2026-06-13 19:30:00+00:00,197.71,220.43,1.0
2026-06-13 19:35:00+00:00,197.65,220.41,1.0
2026-06-13 19:40:00+00:00,197.69,220.45,1.0
2026-06-13 19:45:00+00:00,197.82,220.5,1.0
2026-06-13 19:50:00+00:00,198.0,220.22,1.0
2026-06-13 19:55:00+00:00,198.07,220.44,1.0
2026-06-13 20:00:00+00:00,197.94,220.58,1.0
2026-06-13 20:05:00+00:00,198.02,220.55,1.0
2026-06-13 20:10:00+00:00,197.94,220.5,1.0
2026-06-13 20:15:00+00:00,198.0,220.55,1.0
2026-06-13 20:20:00+00:00,198.04,220.1,1.0
2026-06-13 20:25:00+00:00,197.87,220.19,1.0
2026-06-13 20:30:00+00:00,197.84,220.01,1.0
2026-06-13 20:35:00+00:00,197.94,220.02,1.0
2026-06-13 20:40:00+00:00,197.89,219.97,1.0
2026-06-13 20:45:00+00:00,198.04,219.97,1.0
2026-06-13 20:50:00+00:00,197.97,219.99,1.0
2026-06-13 20:55:00+00:00,197.92,219.96,1.0
2026-06-13 21:00:00+00:00,197.96,220.54,1.0
2026-06-13 21:05:00+00:00,197.99,220.58,1.0
2026-06-13 21:10:00+00:00,197.95,220.4,1.0
2026-06-13 21:15:00+00:00,197.96,220.55,1.0
2026-06-13 21:20:00+00:00,197.94,220.41,1.0
2026-06-13 21:25:00+00:00,198.09,220.41,1.0
2026-06-13 21:30:00+00:00,197.87,220.21,1.0
2026-06-13 21:35:00+00:00,197.85,220.0,1.0
2026-06-13 21:40:00+00:00,198.27,220.38,1.0
2026-06-13 21:45:00+00:00,198.29,220.83,1.0
2026-06-13 21:50:00+00:00,198.16,220.53,1.0
2026-06-13 21:55:00+00:00,197.87,220.01,1.0
2026-06-13 22:00:00+00:00,197.92,220.2,1.0
2026-06-13 22:05:00+00:00,197.9,220.21,1.0
2026-06-13 22:10:00+00:00,197.99,219.92,1.0
2026-06-13 22:15:00+00:00,197.87,219.87,1.0
2026-06-13 22:20:00+00:00,198.06,220.14,1.0
2026-06-13 22:25:00+00:00,198.13,220.4,1.0
2026-06-13 22:30:00+00:00,198.09,220.3,1.0
2026-06-13 22:35:00+00:00,198.13,220.23,1.0
2026-06-13 22:40:00+00:00,198.16,220.31,1.0
2026-06-13 22:45:00+00:00,198.1,220.07,1.0
2026-06-13 22:50:00+00:00,198.07,220.51,1.0
2026-06-13 22:55:00+00:00,198.13,220.24,1.0
2026-06-13 23:00:00+00:00,197.99,220.31,1.0
2026-06-13 23:05:00+00:00,198.01,220.39,1.0
2026-06-13 23:10:00+00:00,197.96,220.31,1.0
2026-06-13 23:15:00+00:00,198.27,220.46,1.0
2026-06-13 23:20:00+00:00,198.21,220.21,1.0
2026-06-13 23:25:00+00:00,198.18,220.14,1.0
2026-06-13 23:30:00+00:00,198.11,220.22,1.0
2026-06-13 23:35:00+00:00,198.13,220.47,1.0
2026-06-13 23:40:00+00:00,198.29,220.31,1.0
2026-06-13 23:45:00+00:00,198.05,220.01,1.0
2026-06-13 23:50:00+00:00,198.11,220.33,1.0
2026-06-13 23:55:00+00:00,198.12,220.28,1.0
2026-06-14 00:00:00+00:00,197.97,219.98,1.0
2026-06-14 00:05:00+00:00,197.92,219.96,1.0
2026-06-14 00:10:00+00:00,197.76,219.14,1.0
2026-06-14 00:15:00+00:00,197.81,219.23,1.0
2026-06-14 00:20:00+00:00,197.96,219.65,1.0
2026-06-14 00:25:00+00:00,198.28,219.7,1.0
2026-06-14 00:30:00+00:00,198.44,220.01,1.0
2026-06-14 00:35:00+00:00,198.55,220.25,1.0
2026-06-14 00:40:00+00:00,198.42,220.1,1.0
2026-06-14 00:45:00+00:00,198.4,220.25,1.0
2026-06-14 00:50:00+00:00,198.45,220.05,1.0
2026-06-14 00:55:00+00:00,198.5,220.4,1.0
2026-06-14 01:00:00+00:00,198.38,220.2,1.0
2026-06-14 01:05:00+00:00,198.58,220.5,1.0
2026-06-14 01:10:00+00:00,198.59,220.53,1.0
2026-06-14 01:15:00+00:00,198.76,220.63,1.0
2026-06-14 01:20:00+00:00,198.91,220.62,1.0
2026-06-14 01:25:00+00:00,198.63,220.56,1.0
2026-06-14 01:30:00+00:00,198.6,220.43,1.0
2026-06-14 01:35:00+00:00,198.46,220.45,1.0
2026-06-14 01:40:00+00:00,198.46,220.55,1.0
2026-06-14 01:45:00+00:00,198.6,220.62,1.0
2026-06-14 01:50:00+00:00,198.74,220.96,1.0
2026-06-14 01:55:00+00:00,198.65,220.85,1.0
2026-06-14 02:00:00+00:00,198.83,220.9,1.0
2026-06-14 02:05:00+00:00,198.83,220.42,1.0
2026-06-14 02:10:00+00:00,198.86,220.68,1.0
2026-06-14 02:15:00+00:00,198.94,220.69,1.0
2026-06-14 02:20:00+00:00,198.65,220.11,1.0
2026-06-14 02:25:00+00:00,198.6,220.23,1.0
2026-06-14 02:30:00+00:00,198.8,220.15,1.0
2026-06-14 02:35:00+00:00,198.75,220.53,1.0
2026-06-14 02:40:00+00:00,199.0,220.43,1.0
2026-06-14 02:45:00+00:00,199.15,220.48,1.0
2026-06-14 02:50:00+00:00,199.22,220.42,1.0
2026-06-14 02:55:00+00:00,199.31,220.69,1.0
2026-06-14 03:00:00+00:00,199.31,221.1,1.0
2026-06-14 03:05:00+00:00,199.28,221.12,1.0
2026-06-14 03:10:00+00:00,199.27,220.82,1.0
2026-06-14 03:15:00+00:00,199.27,220.63,1.0
2026-06-14 03:20:00+00:00,199.19,220.8,1.0
2026-06-14 03:25:00+00:00,199.12,220.6,1.0
2026-06-14 03:30:00+00:00,199.18,221.07,1.0
2026-06-14 03:35:00+00:00,199.06,220.8,1.0
2026-06-14 03:40:00+00:00,198.87,220.8,1.0
2026-06-14 03:45:00+00:00,199.11,220.99,1.0
2026-06-14 03:50:00+00:00,199.33,221.19,1.0
2026-06-14 03:55:00+00:00,199.35,220.92,1.0
2026-06-14 04:00:00+00:00,199.23,220.96,1.0
2026-06-14 04:05:00+00:00,199.34,221.05,1.0
2026-06-14 04:10:00+00:00,199.35,221.09,1.0
2026-06-14 04:15:00+00:00,199.41,221.08,1.0
2026-06-14 04:20:00+00:00,199.22,221.12,1.0
2026-06-14 04:25:00+00:00,199.18,221.12,1.0
2026-06-14 04:30:00+00:00,198.9,221.05,1.0
2026-06-14 04:35:00+00:00,198.63,220.56,1.0
2026-06-14 04:40:00+00:00,198.61,220.66,1.0
2026-06-14 04:45:00+00:00,198.73,220.47,1.0
2026-06-14 04:50:00+00:00,198.79,220.42,1.0
2026-06-14 04:55:00+00:00,198.76,220.46,1.0
2026-06-14 05:00:00+00:00,198.92,220.79,1.0
2026-06-14 05:05:00+00:00,199.1,220.67,1.0
2026-06-14 05:10:00+00:00,199.03,220.66,1.0
2026-06-14 05:15:00+00:00,198.92,220.53,1.0
2026-06-14 05:20:00+00:00,199.21,220.78,1.0
2026-06-14 05:25:00+00:00,199.06,220.47,1.0
2026-06-14 05:30:00+00:00,199.0,220.27,1.0
2026-06-14 05:35:00+00:00,199.21,220.42,1.0
2026-06-14 05:40:00+00:00,199.37,220.54,1.0
2026-06-14 05:45:00+00:00,199.05,220.49,1.0
2026-06-14 05:50:00+00:00,198.98,219.92,1.0
2026-06-14 05:55:00+00:00,198.98,220.25,1.0
2026-06-14 06:00:00+00:00,198.96,220.19,1.0
2026-06-14 06:05:00+00:00,198.92,220.6,1.0
2026-06-14 06:10:00+00:00,198.88,220.41,1.0
2026-06-14 06:15:00+00:00,198.99,220.62,1.0
2026-06-14 06:20:00+00:00,199.26,220.65,1.0
2026-06-14 06:25:00+00:00,199.02,220.56,1.0
2026-06-14 06:30:00+00:00,198.98,220.15,1.0
2026-06-14 06:35:00+00:00,198.99,220.06,1.0
2026-06-14 06:40:00+00:00,199.0,220.31,1.0
2026-06-14 06:45:00+00:00,199.1,220.48,1.0
2026-06-14 06:50:00+00:00,199.05,220.44,1.0
2026-06-14 06:55:00+00:00,199.22,220.2,1.0
2026-06-14 07:00:00+00:00,199.17,220.49,1.0
2026-06-14 07:05:00+00:00,199.19,220.32,1.0
2026-06-14 07:10:00+00:00,199.33,220.58,1.0
2026-06-14 07:15:00+00:00,199.29,220.97,1.0
2026-06-14 07:20:00+00:00,199.36,220.89,1.0
2026-06-14 07:25:00+00:00,199.45,221.3,1.0
2026-06-14 07:30:00+00:00,199.72,221.97,1.0
2026-06-14 07:35:00+00:00,199.54,222.22,1.0
2026-06-14 07:40:00+00:00,199.6,222.1,1.0
2026-06-14 07:45:00+00:00,199.6,222.29,1.0
2026-06-14 07:50:00+00:00,199.76,222.36,1.0
2026-06-14 07:55:00+00:00,199.74,223.12,1.0
2026-06-14 08:00:00+00:00,200.11,223.03,1.0
2026-06-14 08:05:00+00:00,200.14,223.32,1.0
2026-06-14 08:10:00+00:00,200.28,223.32,1.0
2026-06-14 08:15:00+00:00,200.35,223.57,1.0
2026-06-14 08:20:00+00:00,200.33,223.35,1.0
2026-06-14 08:25:00+00:00,200.28,223.49,1.0
2026-06-14 08:30:00+00:00,200.6,223.12,1.0
2026-06-14 08:35:00+00:00,200.88,223.04,1.0
2026-06-14 08:40:00+00:00,200.58,222.5,1.0
2026-06-14 08:45:00+00:00,200.38,222.59,1.0
2026-06-14 08:50:00+00:00,200.47,222.25,1.0
2026-06-14 08:55:00+00:00,200.45,222.24,1.0
2026-06-14 09:00:00+00:00,200.43,222.38,1.0
2026-06-14 09:05:00+00:00,200.51,222.66,1.0
2026-06-14 09:10:00+00:00,200.7,222.72,1.0
2026-06-14 09:15:00+00:00,200.24,222.42,1.0
2026-06-14 09:20:00+00:00,200.14,221.66,1.0
2026-06-14 09:25:00+00:00,200.55,222.38,1.0
2026-06-14 09:30:00+00:00,201.29,222.48,1.0
2026-06-14 09:35:00+00:00,201.49,222.63,1.0
2026-06-14 09:40:00+00:00,201.32,223.08,1.0
2026-06-14 09:45:00+00:00,201.28,223.4,1.0
2026-06-14 09:50:00+00:00,200.7,223.19,1.0
2026-06-14 09:55:00+00:00,201.23,223.35,1.0
2026-06-14 10:00:00+00:00,201.39,223.8,1.0
2026-06-14 10:05:00+00:00,201.41,223.98,1.0
2026-06-14 10:10:00+00:00,201.47,224.21,1.0
2026-06-14 10:15:00+00:00,201.46,224.61,1.0
2026-06-14 10:20:00+00:00,201.61,224.78,1.0
2026-06-14 10:25:00+00:00,201.65,225.47,1.0
2026-06-14 10:30:00+00:00,201.45,224.57,1.0
2026-06-14 10:35:00+00:00,201.85,225.07,1.0
2026-06-14 10:40:00+00:00,201.29,224.78,1.0
2026-06-14 10:45:00+00:00,201.15,224.48,1.0
2026-06-14 10:50:00+00:00,201.27,224.28,1.0
2026-06-14 10:55:00+00:00,201.36,224.33,1.0
2026-06-14 11:00:00+00:00,201.38,224.31,1.0
2026-06-14 11:05:00+00:00,201.25,224.22,1.0
2026-06-14 11:10:00+00:00,201.36,223.83,1.0
2026-06-14 11:15:00+00:00,201.24,223.82,1.0
2026-06-14 11:20:00+00:00,201.42,224.95,1.0
2026-06-14 11:25:00+00:00,201.38,224.76,1.0
2026-06-14 11:30:00+00:00,201.67,224.99,1.0
2026-06-14 11:35:00+00:00,201.8,225.12,1.0
2026-06-14 11:40:00+00:00,201.81,225.69,1.0
2026-06-14 11:45:00+00:00,201.81,225.7,1.0
2026-06-14 11:50:00+00:00,201.6,225.66,1.0
2026-06-14 11:55:00+00:00,201.28,224.75,1.0
2026-06-14 12:00:00+00:00,201.18,225.03,1.0
2026-06-14 12:05:00+00:00,201.44,224.82,1.0
2026-06-14 12:10:00+00:00,201.12,224.5,1.0
2026-06-14 12:15:00+00:00,200.73,223.87,1.0
2026-06-14 12:20:00+00:00,200.61,223.85,1.0
2026-06-14 12:25:00+00:00,200.96,224.22,1.0
2026-06-14 12:30:00+00:00,200.84,224.39,1.0
2026-06-14 12:35:00+00:00,200.25,223.57,1.0
2026-06-14 12:40:00+00:00,200.18,223.76,1.0
2026-06-14 12:45:00+00:00,200.14,223.25,1.0
2026-06-14 12:50:00+00:00,199.54,222.51,1.0
2026-06-14 12:55:00+00:00,199.78,222.93,1.0
2026-06-14 13:00:00+00:00,199.79,223.03,1.0
2026-06-14 13:05:00+00:00,200.1,223.16,1.0
2026-06-14 13:10:00+00:00,199.79,222.54,1.0
2026-06-14 13:15:00+00:00,199.9,223.21,1.0
2026-06-14 13:20:00+00:00,199.56,222.71,1.0
2026-06-14 13:25:00+00:00,199.1,222.31,1.0
2026-06-14 13:30:00+00:00,198.78,222.48,1.0
2026-06-14 13:35:00+00:00,198.97,222.38,1.0
2026-06-14 13:40:00+00:00,199.36,223.09,1.0
2026-06-14 13:45:00+00:00,199.0,222.88,1.0
2026-06-14 13:50:00+00:00,199.2,223.14,1.0
2026-06-14 13:55:00+00:00,198.93,222.93,1.0
2026-06-14 14:00:00+00:00,198.74,222.29,1.0
2026-06-14 14:05:00+00:00,198.63,222.58,1.0
2026-06-14 14:10:00+00:00,198.38,221.92,1.0
2026-06-14 14:15:00+00:00,198.21,221.9,1.0
2026-06-14 14:20:00+00:00,198.53,222.06,1.0
2026-06-14 14:25:00+00:00,198.36,222.07,1.0
2026-06-14 14:30:00+00:00,198.33,221.22,1.0
2026-06-14 14:35:00+00:00,198.01,220.93,1.0
2026-06-14 14:40:00+00:00,198.03,220.98,1.0
2026-06-14 14:45:00+00:00,198.69,221.54,1.0
2026-06-14 14:50:00+00:00,198.93,221.89,1.0
2026-06-14 14:55:00+00:00,199.26,222.04,1.0
2026-06-14 15:00:00+00:00,199.83,223.35,1.0
2026-06-14 15:05:00+00:00,200.17,223.23,1.0
2026-06-14 15:10:00+00:00,200.2,223.39,1.0
2026-06-14 15:15:00+00:00,200.1,223.17,1.0
2026-06-14 15:20:00+00:00,200.3,223.67,1.0
2026-06-14 15:25:00+00:00,200.34,223.58,1.0
2026-06-14 15:30:00+00:00,200.11,223.33,1.0
2026-06-14 15:35:00+00:00,200.5,223.74,1.0
2026-06-14 15:40:00+00:00,200.83,223.95,1.0
2026-06-14 15:45:00+00:00,200.9,223.71,1.0
2026-06-14 15:50:00+00:00,201.27,224.15,1.0
2026-06-14 15:55:00+00:00,200.89,223.71,1.0
2026-06-14 16:00:00+00:00,200.86,223.62,1.0
2026-06-14 16:05:00+00:00,200.33,222.81,1.0
2026-06-14 16:10:00+00:00,200.54,222.66,1.0
2026-06-14 16:15:00+00:00,200.71,222.45,1.0
2026-06-14 16:20:00+00:00,200.88,222.52,1.0
2026-06-14 16:25:00+00:00,200.99,222.73,1.0
2026-06-14 16:30:00+00:00,200.98,222.45,1.0
2026-06-14 16:35:00+00:00,200.68,221.94,1.0
2026-06-14 16:40:00+00:00,200.79,222.11,1.0
2026-06-14 16:45:00+00:00,200.57,221.77,1.0
2026-06-14 16:50:00+00:00,200.46,221.29,1.0
2026-06-14 16:55:00+00:00,200.58,221.53,1.0
2026-06-14 17:00:00+00:00,200.68,221.58,1.0
2026-06-14 17:05:00+00:00,200.7,221.12,1.0
2026-06-14 17:10:00+00:00,200.84,221.01,1.0
2026-06-14 17:15:00+00:00,200.78,221.46,1.0
2026-06-14 17:20:00+00:00,200.63,221.1,1.0
2026-06-14 17:25:00+00:00,200.54,221.21,1.0
2026-06-14 17:30:00+00:00,200.73,221.21,1.0
2026-06-14 17:35:00+00:00,200.48,220.87,1.0
2026-06-14 17:40:00+00:00,200.56,221.04,1.0
2026-06-14 17:45:00+00:00,200.43,220.86,1.0
2026-06-14 17:50:00+00:00,200.52,220.86,1.0
2026-06-14 17:55:00+00:00,200.4,220.83,1.0
2026-06-14 18:00:00+00:00,200.38,220.74,1.0
2026-06-14 18:05:00+00:00,200.3,220.67,1.0
2026-06-14 18:10:00+00:00,200.37,220.64,1.0
2026-06-14 18:15:00+00:00,200.33,220.65,1.0
2026-06-14 18:20:00+00:00,200.34,220.66,1.0
2026-06-14 18:25:00+00:00,200.39,219.95,1.0
2026-06-14 18:30:00+00:00,200.4,219.88,1.0
2026-06-14 18:35:00+00:00,200.52,220.2,1.0
2026-06-14 18:40:00+00:00,200.66,220.06,1.0
2026-06-14 18:45:00+00:00,200.64,220.12,1.0
2026-06-14 18:50:00+00:00,200.73,220.05,1.0
2026-06-14 18:55:00+00:00,200.9,220.13,1.0
2026-06-14 19:00:00+00:00,201.02,220.23,1.0
2026-06-14 19:05:00+00:00,200.89,220.25,1.0
2026-06-14 19:10:00+00:00,200.93,220.02,1.0
2026-06-14 19:15:00+00:00,200.95,219.92,1.0
2026-06-14 19:20:00+00:00,200.78,219.91,1.0
2026-06-14 19:25:00+00:00,200.86,220.08,1.0
2026-06-14 19:30:00+00:00,200.75,220.08,1.0
2026-06-14 19:35:00+00:00,200.74,219.82,1.0
2026-06-14 19:40:00+00:00,200.39,219.86,1.0
2026-06-14 19:45:00+00:00,200.39,219.78,1.0
2026-06-14 19:50:00+00:00,200.36,219.86,1.0
2026-06-14 19:55:00+00:00,200.72,219.89,1.0
2026-06-14 20:00:00+00:00,200.58,220.07,1.0
2026-06-14 20:05:00+00:00,200.48,219.92,1.0
2026-06-14 20:10:00+00:00,200.44,219.77,1.0
2026-06-14 20:15:00+00:00,200.55,219.72,1.0
2026-06-14 20:20:00+00:00,200.76,220.01,1.0
2026-06-14 20:25:00+00:00,200.94,220.14,1.0
2026-06-14 20:30:00+00:00,201.09,219.97,1.0
2026-06-14 20:35:00+00:00,200.81,219.84,1.0
2026-06-14 20:40:00+00:00,200.86,219.79,1.0
2026-06-14 20:45:00+00:00,200.91,220.0,1.0
2026-06-14 20:50:00+00:00,200.89,220.09,1.0
2026-06-14 20:55:00+00:00,201.0,220.43,1.0
2026-06-14 21:00:00+00:00,200.99,220.71,1.0
2026-06-14 21:05:00+00:00,201.01,220.69,1.0
2026-06-14 21:10:00+00:00,201.09,220.66,1.0
2026-06-14 21:15:00+00:00,201.89,221.54,1.0
2026-06-14 21:20:00+00:00,201.8,222.19,1.0
2026-06-14 21:25:00+00:00,203.1,223.04,1.0
2026-06-14 21:30:00+00:00,203.78,224.69,1.0
2026-06-14 21:35:00+00:00,204.32,225.18,1.0
2026-06-14 21:40:00+00:00,203.9,226.11,1.0
2026-06-14 21:45:00+00:00,204.39,227.83,1.0
2026-06-14 21:50:00+00:00,205.04,227.85,1.0
2026-06-14 21:55:00+00:00,204.3,228.68,1.0
2026-06-14 22:00:00+00:00,204.46,227.98,1.0
2026-06-14 22:05:00+00:00,204.62,228.07,1.0
2026-06-14 22:10:00+00:00,205.42,228.38,1.0
2026-06-14 22:15:00+00:00,204.83,228.47,1.0
2026-06-14 22:20:00+00:00,203.98,228.39,1.0
2026-06-14 22:25:00+00:00,203.92,228.24,1.0
2026-06-14 22:30:00+00:00,204.03,228.09,1.0
2026-06-14 22:35:00+00:00,204.96,228.48,1.0
2026-06-14 22:40:00+00:00,204.56,228.23,1.0
2026-06-14 22:45:00+00:00,204.58,228.57,1.0
2026-06-14 22:50:00+00:00,204.52,228.38,1.0
2026-06-14 22:55:00+00:00,204.85,227.37,1.0
2026-06-14 23:00:00+00:00,203.1,225.16,1.0
2026-06-14 23:05:00+00:00,203.38,225.88,1.0
2026-06-14 23:10:00+00:00,203.56,226.28,1.0
2026-06-14 23:15:00+00:00,203.28,226.01,1.0
2026-06-14 23:20:00+00:00,203.73,226.5,1.0
2026-06-14 23:25:00+00:00,204.08,226.4,1.0
2026-06-14 23:30:00+00:00,204.28,226.42,1.0
2026-06-14 23:35:00+00:00,204.4,226.65,1.0
2026-06-14 23:40:00+00:00,204.84,227.09,1.0
2026-06-14 23:45:00+00:00,204.92,228.02,1.0
2026-06-14 23:50:00+00:00,204.95,228.07,1.0
2026-06-14 23:55:00+00:00,204.88,227.83,1.0
2026-06-15 00:00:00+00:00,204.64,227.28,1.0
2026-06-15 00:05:00+00:00,204.5,226.58,1.0
2026-06-15 00:10:00+00:00,205.76,226.88,1.0
2026-06-15 00:15:00+00:00,206.06,226.7,1.0
2026-06-15 00:20:00+00:00,206.98,226.81,1.0
2026-06-15 00:25:00+00:00,206.9,227.97,1.0
2026-06-15 00:30:00+00:00,206.98,226.97,1.0
2026-06-15 00:35:00+00:00,206.66,226.59,1.0
2026-06-15 00:40:00+00:00,206.44,226.28,1.0
2026-06-15 00:45:00+00:00,206.33,226.5,1.0
2026-06-15 00:50:00+00:00,206.24,226.28,1.0
2026-06-15 00:55:00+00:00,206.68,226.92,1.0
2026-06-15 01:00:00+00:00,206.43,226.3,1.0
2026-06-15 01:05:00+00:00,205.95,226.03,1.0
2026-06-15 01:10:00+00:00,205.07,225.23,1.0
2026-06-15 01:15:00+00:00,204.53,224.86,1.0
2026-06-15 01:20:00+00:00,204.86,224.91,1.0
2026-06-15 01:25:00+00:00,205.37,225.35,1.0
2026-06-15 01:30:00+00:00,204.71,224.84,1.0
2026-06-15 01:35:00+00:00,204.97,224.85,1.0
2026-06-15 01:40:00+00:00,205.07,224.73,1.0
2026-06-15 01:45:00+00:00,205.68,224.81,1.0
2026-06-15 01:50:00+00:00,205.74,224.69,1.0
2026-06-15 01:55:00+00:00,205.18,223.98,1.0
2026-06-15 02:00:00+00:00,204.94,223.66,1.0
2026-06-15 02:05:00+00:00,205.25,223.98,1.0
2026-06-15 02:10:00+00:00,204.87,223.68,1.0
2026-06-15 02:15:00+00:00,204.7,223.09,1.0
2026-06-15 02:20:00+00:00,205.24,223.66,1.0
2026-06-15 02:25:00+00:00,205.96,224.39,1.0
2026-06-15 02:30:00+00:00,205.95,224.75,1.0
2026-06-15 02:35:00+00:00,206.34,225.17,1.0
2026-06-15 02:40:00+00:00,206.03,224.56,1.0
2026-06-15 02:45:00+00:00,205.93,224.4,1.0
2026-06-15 02:50:00+00:00,206.14,224.83,1.0
2026-06-15 02:55:00+00:00,206.22,224.65,1.0
2026-06-15 03:00:00+00:00,206.42,225.19,1.0
2026-06-15 03:05:00+00:00,206.4,224.76,1.0
2026-06-15 03:10:00+00:00,206.42,224.76,1.0
2026-06-15 03:15:00+00:00,206.37,225.0,1.0
2026-06-15 03:20:00+00:00,206.77,225.6,1.0
2026-06-15 03:25:00+00:00,206.62,225.56,1.0
2026-06-15 03:30:00+00:00,206.27,225.08,1.0
2026-06-15 03:35:00+00:00,205.84,224.53,1.0
2026-06-15 03:40:00+00:00,206.2,224.95,1.0
2026-06-15 03:45:00+00:00,206.12,224.76,1.0
2026-06-15 03:50:00+00:00,206.05,224.43,1.0
2026-06-15 03:55:00+00:00,205.99,224.23,1.0
2026-06-15 04:00:00+00:00,205.64,223.97,1.0
2026-06-15 04:05:00+00:00,206.02,223.97,1.0
2026-06-15 04:10:00+00:00,205.9,223.98,1.0
2026-06-15 04:15:00+00:00,206.18,224.37,1.0
2026-06-15 04:20:00+00:00,206.3,224.42,1.0
2026-06-15 04:25:00+00:00,206.44,224.59,1.0
2026-06-15 04:30:00+00:00,206.29,224.51,1.0
2026-06-15 04:35:00+00:00,205.91,224.06,1.0
2026-06-15 04:40:00+00:00,206.18,224.28,1.0
2026-06-15 04:45:00+00:00,206.08,224.17,1.0
2026-06-15 04:50:00+00:00,205.75,224.03,1.0
2026-06-15 04:55:00+00:00,206.13,224.07,1.0
2026-06-15 05:00:00+00:00,205.75,223.66,1.0
2026-06-15 05:05:00+00:00,206.0,223.87,1.0
2026-06-15 05:10:00+00:00,206.22,224.07,1.0
2026-06-15 05:15:00+00:00,206.16,224.1,1.0
2026-06-15 05:20:00+00:00,206.12,224.25,1.0
2026-06-15 05:25:00+00:00,205.87,223.86,1.0
2026-06-15 05:30:00+00:00,205.43,222.1,1.0
2026-06-15 05:35:00+00:00,204.58,221.47,1.0
2026-06-15 05:40:00+00:00,204.72,221.36,1.0
2026-06-15 05:45:00+00:00,204.88,221.62,1.0
2026-06-15 05:50:00+00:00,204.7,221.29,1.0
2026-06-15 05:55:00+00:00,205.27,222.02,1.0
2026-06-15 06:00:00+00:00,205.46,222.09,1.0
2026-06-15 06:05:00+00:00,205.46,222.93,1.0
2026-06-15 06:10:00+00:00,205.3,222.79,1.0
2026-06-15 06:15:00+00:00,204.62,222.08,1.0
2026-06-15 06:20:00+00:00,204.9,222.69,1.0
2026-06-15 06:25:00+00:00,205.0,221.85,1.0
2026-06-15 06:30:00+00:00,204.7,222.51,1.0
2026-06-15 06:35:00+00:00,204.88,222.47,1.0
2026-06-15 06:40:00+00:00,204.92,222.39,1.0
2026-06-15 06:45:00+00:00,205.03,222.48,1.0
2026-06-15 06:50:00+00:00,204.9,222.28,1.0
2026-06-15 06:55:00+00:00,204.98,222.23,1.0
2026-06-15 07:00:00+00:00,205.1,222.35,1.0
2026-06-15 07:05:00+00:00,205.39,222.55,1.0
2026-06-15 07:10:00+00:00,205.55,222.77,1.0
2026-06-15 07:15:00+00:00,205.77,222.92,1.0
2026-06-15 07:20:00+00:00,205.66,222.92,1.0
2026-06-15 07:25:00+00:00,205.66,223.08,1.0
2026-06-15 07:30:00+00:00,205.71,222.65,1.0
2026-06-15 07:35:00+00:00,205.57,222.83,1.0
2026-06-15 07:40:00+00:00,205.61,222.73,1.0
2026-06-15 07:45:00+00:00,205.71,222.84,1.0
2026-06-15 07:50:00+00:00,205.77,223.19,1.0
2026-06-15 07:55:00+00:00,205.53,223.19,1.0
2026-06-15 08:00:00+00:00,206.4,223.8,1.0
2026-06-15 08:05:00+00:00,205.95,223.75,1.0
2026-06-15 08:10:00+00:00,206.1,223.81,1.0
2026-06-15 08:15:00+00:00,205.86,223.76,1.0
2026-06-15 08:20:00+00:00,206.22,224.04,1.0
2026-06-15 08:25:00+00:00,206.28,224.61,1.0
2026-06-15 08:30:00+00:00,206.29,224.86,1.0
2026-06-15 08:35:00+00:00,206.27,224.69,1.0
2026-06-15 08:40:00+00:00,206.26,225.29,1.0
2026-06-15 08:45:00+00:00,206.16,224.92,1.0
2026-06-15 08:50:00+00:00,206.22,224.96,1.0
2026-06-15 08:55:00+00:00,206.3,224.93,1.0
2026-06-15 09:00:00+00:00,206.64,225.6,1.0
2026-06-15 09:05:00+00:00,206.55,225.61,1.0
2026-06-15 09:10:00+00:00,206.1,225.4,1.0
2026-06-15 09:15:00+00:00,205.78,224.87,1.0
2026-06-15 09:20:00+00:00,205.94,224.96,1.0
2026-06-15 09:25:00+00:00,205.75,225.06,1.0
2026-06-15 09:30:00+00:00,205.52,224.71,1.0
2026-06-15 09:35:00+00:00,205.65,224.62,1.0
2026-06-15 09:40:00+00:00,205.46,224.59,1.0
2026-06-15 09:45:00+00:00,205.54,224.7,1.0
2026-06-15 09:50:00+00:00,205.61,225.03,1.0
2026-06-15 09:55:00+00:00,205.64,225.04,1.0
2026-06-15 10:00:00+00:00,205.6,225.35,1.0
2026-06-15 10:05:00+00:00,205.68,225.12,1.0
2026-06-15 10:10:00+00:00,205.83,225.39,1.0
2026-06-15 10:15:00+00:00,205.75,225.32,1.0
2026-06-15 10:20:00+00:00,205.78,225.53,1.0
2026-06-15 10:25:00+00:00,205.74,225.7,1.0
2026-06-15 10:30:00+00:00,205.79,225.54,1.0
2026-06-15 10:35:00+00:00,205.85,225.64,1.0
2026-06-15 10:40:00+00:00,206.15,225.83,1.0
2026-06-15 10:45:00+00:00,206.28,226.0,1.0
2026-06-15 10:50:00+00:00,206.2,225.99,1.0
2026-06-15 10:55:00+00:00,206.36,225.98,1.0
2026-06-15 11:00:00+00:00,206.44,225.99,1.0
2026-06-15 11:05:00+00:00,206.58,225.56,1.0
2026-06-15 11:10:00+00:00,206.81,225.88,1.0
2026-06-15 11:15:00+00:00,207.08,226.48,1.0
2026-06-15 11:20:00+00:00,207.18,227.16,1.0
2026-06-15 11:25:00+00:00,207.18,226.89,1.0
2026-06-15 11:30:00+00:00,207.38,227.05,1.0
2026-06-15 11:35:00+00:00,207.48,227.3,1.0
2026-06-15 11:40:00+00:00,207.14,226.31,1.0
2026-06-15 11:45:00+00:00,207.34,226.79,1.0
2026-06-15 11:50:00+00:00,207.77,227.35,1.0
2026-06-15 11:55:00+00:00,207.56,227.0,1.0
2026-06-15 12:00:00+00:00,207.64,226.8,1.0
2026-06-15 12:05:00+00:00,207.69,226.9,1.0
2026-06-15 12:10:00+00:00,207.61,226.74,1.0
2026-06-15 12:15:00+00:00,207.15,225.81,1.0
2026-06-15 12:20:00+00:00,207.18,225.69,1.0
2026-06-15 12:25:00+00:00,207.21,225.79,1.0
2026-06-15 12:30:00+00:00,207.57,225.62,1.0
2026-06-15 12:35:00+00:00,207.84,226.05,1.0
2026-06-15 12:40:00+00:00,207.9,226.5,1.0
2026-06-15 12:45:00+00:00,207.94,226.18,1.0
2026-06-15 12:50:00+00:00,207.93,226.15,1.0
2026-06-15 12:55:00+00:00,207.94,226.33,1.0
2026-06-15 13:00:00+00:00,207.83,226.28,1.0
2026-06-15 13:05:00+00:00,207.71,226.18,1.0
2026-06-15 13:10:00+00:00,207.84,226.79,1.0
2026-06-15 13:15:00+00:00,208.0,227.19,1.0
2026-06-15 13:20:00+00:00,208.12,226.61,1.0
2026-06-15 13:25:00+00:00,208.1,227.08,1.0
2026-06-15 13:30:00+00:00,208.23,226.33,1.0
2026-06-15 13:35:00+00:00,207.58,225.39,1.0
2026-06-15 13:40:00+00:00,207.14,225.12,1.0
2026-06-15 13:45:00+00:00,208.25,226.27,1.0
2026-06-15 13:50:00+00:00,207.83,226.44,1.0
2026-06-15 13:55:00+00:00,207.27,225.18,1.0
2026-06-15 14:00:00+00:00,206.96,224.77,1.0
2026-06-15 14:05:00+00:00,206.67,225.13,1.0
2026-06-15 14:10:00+00:00,207.34,225.51,1.0
2026-06-15 14:15:00+00:00,207.61,225.47,1.0
2026-06-15 14:20:00+00:00,207.71,225.51,1.0
2026-06-15 14:25:00+00:00,208.62,226.64,1.0
2026-06-15 14:30:00+00:00,208.14,226.49,1.0
2026-06-15 14:35:00+00:00,208.34,226.88,1.0
2026-06-15 14:40:00+00:00,207.98,226.32,1.0
2026-06-15 14:45:00+00:00,208.04,226.28,1.0
2026-06-15 14:50:00+00:00,208.26,226.3,1.0
2026-06-15 14:55:00+00:00,208.22,226.45,1.0
2026-06-15 15:00:00+00:00,208.58,226.72,1.0
2026-06-15 15:05:00+00:00,208.76,226.89,1.0
2026-06-15 15:10:00+00:00,208.75,226.98,1.0
2026-06-15 15:15:00+00:00,208.96,227.17,1.0
2026-06-15 15:20:00+00:00,209.21,227.87,1.0
2026-06-15 15:25:00+00:00,209.47,227.93,1.0
2026-06-15 15:30:00+00:00,209.21,228.12,1.0
2026-06-15 15:35:00+00:00,209.86,228.71,1.0
2026-06-15 15:40:00+00:00,209.6,228.3,1.0
2026-06-15 15:45:00+00:00,210.01,228.88,1.0
2026-06-15 15:50:00+00:00,210.13,228.63,1.0
2026-06-15 15:55:00+00:00,210.22,228.69,1.0
2026-06-15 16:00:00+00:00,210.56,228.93,1.0
2026-06-15 16:05:00+00:00,211.08,228.9,1.0
2026-06-15 16:10:00+00:00,211.17,229.0,1.0
2026-06-15 16:15:00+00:00,211.06,228.67,1.0
2026-06-15 16:20:00+00:00,211.15,228.92,1.0
2026-06-15 16:25:00+00:00,210.87,228.38,1.0
2026-06-15 16:30:00+00:00,210.53,228.12,1.0
2026-06-15 16:35:00+00:00,210.45,227.8,1.0
2026-06-15 16:40:00+00:00,210.44,228.51,1.0
2026-06-15 16:45:00+00:00,210.38,228.17,1.0
2026-06-15 16:50:00+00:00,210.46,228.63,1.0
2026-06-15 16:55:00+00:00,210.52,228.89,1.0
2026-06-15 17:00:00+00:00,210.52,228.82,1.0
2026-06-15 17:05:00+00:00,210.11,228.72,1.0
2026-06-15 17:10:00+00:00,210.38,229.21,1.0
2026-06-15 17:15:00+00:00,210.5,229.3,1.0
2026-06-15 17:20:00+00:00,210.92,229.84,1.0
2026-06-15 17:25:00+00:00,210.88,230.1,1.0
2026-06-15 17:30:00+00:00,210.53,229.62,1.0
2026-06-15 17:35:00+00:00,210.49,229.96,1.0
2026-06-15 17:40:00+00:00,210.49,229.9,1.0
2026-06-15 17:45:00+00:00,210.73,229.79,1.0
2026-06-15 17:50:00+00:00,210.34,229.66,1.0
2026-06-15 17:55:00+00:00,210.34,229.87,1.0
2026-06-15 18:00:00+00:00,210.12,229.75,1.0
2026-06-15 18:05:00+00:00,210.24,229.84,1.0
2026-06-15 18:10:00+00:00,210.31,229.72,1.0
2026-06-15 18:15:00+00:00,210.47,229.81,1.0
2026-06-15 18:20:00+00:00,210.4,229.7,1.0
2026-06-15 18:25:00+00:00,210.03,229.31,1.0
2026-06-15 18:30:00+00:00,210.28,228.86,1.0
2026-06-15 18:35:00+00:00,210.64,228.84,1.0
2026-06-15 18:40:00+00:00,210.74,229.37,1.0
2026-06-15 18:45:00+00:00,211.15,229.98,1.0
2026-06-15 18:50:00+00:00,210.88,229.69,1.0
2026-06-15 18:55:00+00:00,210.62,228.95,1.0
2026-06-15 19:00:00+00:00,210.42,228.82,1.0
2026-06-15 19:05:00+00:00,210.6,228.99,1.0
2026-06-15 19:10:00+00:00,210.74,229.21,1.0
2026-06-15 19:15:00+00:00,210.94,228.66,1.0
2026-06-15 19:20:00+00:00,210.78,229.29,1.0
2026-06-15 19:25:00+00:00,210.79,229.44,1.0
2026-06-15 19:30:00+00:00,210.77,230.21,1.0
2026-06-15 19:35:00+00:00,211.1,230.76,1.0
2026-06-15 19:40:00+00:00,211.08,230.43,1.0
2026-06-15 19:45:00+00:00,211.46,230.62,1.0
2026-06-15 19:50:00+00:00,211.06,230.68,1.0
2026-06-15 19:55:00+00:00,211.36,231.01,1.0
2026-06-15 20:00:00+00:00,210.97,230.78,1.0
2026-06-15 20:05:00+00:00,210.92,230.5,1.0
2026-06-15 20:10:00+00:00,211.18,230.7,1.0
2026-06-15 20:15:00+00:00,211.12,229.97,1.0
2026-06-15 20:20:00+00:00,211.0,229.35,1.0
2026-06-15 20:25:00+00:00,211.15,229.48,1.0
2026-06-15 20:30:00+00:00,211.01,229.26,1.0
2026-06-15 20:35:00+00:00,211.09,229.32,1.0
2026-06-15 20:40:00+00:00,210.99,228.85,1.0
2026-06-15 20:45:00+00:00,210.9,228.83,1.0
2026-06-15 20:50:00+00:00,210.49,228.98,1.0
2026-06-15 20:55:00+00:00,210.97,229.24,1.0
2026-06-15 21:00:00+00:00,210.94,229.37,1.0
2026-06-15 21:05:00+00:00,210.9,229.62,1.0
2026-06-15 21:10:00+00:00,210.98,229.74,1.0
2026-06-15 21:15:00+00:00,211.02,229.6,1.0
2026-06-15 21:20:00+00:00,211.13,229.59,1.0
2026-06-15 21:25:00+00:00,210.95,229.54,1.0
2026-06-15 21:30:00+00:00,210.88,230.12,1.0
2026-06-15 21:35:00+00:00,210.98,230.08,1.0
2026-06-15 21:40:00+00:00,211.16,230.55,1.0
2026-06-15 21:45:00+00:00,211.08,230.65,1.0
2026-06-15 21:50:00+00:00,211.07,230.8,1.0
2026-06-15 21:55:00+00:00,211.08,230.75,1.0
2026-06-15 22:00:00+00:00,211.06,230.76,1.0
2026-06-15 22:05:00+00:00,211.05,230.67,1.0
2026-06-15 22:10:00+00:00,210.75,230.24,1.0
2026-06-15 22:15:00+00:00,210.61,229.69,1.0
2026-06-15 22:20:00+00:00,210.26,229.26,1.0
2026-06-15 22:25:00+00:00,210.33,229.11,1.0
2026-06-15 22:30:00+00:00,210.25,229.19,1.0
2026-06-15 22:35:00+00:00,210.56,229.15,1.0
2026-06-15 22:40:00+00:00,210.77,229.09,1.0
2026-06-15 22:45:00+00:00,210.6,228.82,1.0
2026-06-15 22:50:00+00:00,210.6,228.97,1.0
2026-06-15 22:55:00+00:00,210.8,229.23,1.0
2026-06-15 23:00:00+00:00,210.61,229.06,1.0
2026-06-15 23:05:00+00:00,210.37,228.84,1.0
2026-06-15 23:10:00+00:00,210.26,229.11,1.0
2026-06-15 23:15:00+00:00,210.33,228.76,1.0
2026-06-15 23:20:00+00:00,210.42,229.49,1.0
2026-06-15 23:25:00+00:00,210.59,229.6,1.0
2026-06-15 23:30:00+00:00,210.41,229.95,1.0
2026-06-15 23:35:00+00:00,210.46,229.85,1.0
2026-06-15 23:40:00+00:00,210.46,230.24,1.0
2026-06-15 23:45:00+00:00,210.0,229.04,1.0
2026-06-15 23:50:00+00:00,210.32,229.63,1.0
2026-06-15 23:55:00+00:00,210.16,229.31,1.0
2026-06-16 00:00:00+00:00,208.94,227.49,1.0
2026-06-16 00:05:00+00:00,209.26,227.01,1.0
2026-06-16 00:10:00+00:00,208.96,226.72,1.0
2026-06-16 00:15:00+00:00,208.41,225.28,1.0
2026-06-16 00:20:00+00:00,207.97,225.4,1.0
2026-06-16 00:25:00+00:00,208.76,225.79,1.0
2026-06-16 00:30:00+00:00,208.98,224.96,1.0
2026-06-16 00:35:00+00:00,208.26,223.5,1.0
2026-06-16 00:40:00+00:00,208.08,223.45,1.0
2026-06-16 00:45:00+00:00,207.43,222.89,1.0
2026-06-16 00:50:00+00:00,207.01,223.02,1.0
2026-06-16 00:55:00+00:00,206.92,222.59,1.0
2026-06-16 01:00:00+00:00,206.6,222.77,1.0
2026-06-16 01:05:00+00:00,205.35,220.53,1.0
2026-06-16 01:10:00+00:00,206.22,221.98,1.0
2026-06-16 01:15:00+00:00,206.45,222.04,1.0
2026-06-16 01:20:00+00:00,206.44,222.91,1.0
2026-06-16 01:25:00+00:00,206.4,222.86,1.0
2026-06-16 01:30:00+00:00,206.77,223.55,1.0
2026-06-16 01:35:00+00:00,207.33,224.23,1.0
2026-06-16 01:40:00+00:00,207.12,224.28,1.0
2026-06-16 01:45:00+00:00,207.52,224.94,1.0
2026-06-16 01:50:00+00:00,207.38,224.43,1.0
2026-06-16 01:55:00+00:00,207.36,224.75,1.0
2026-06-16 02:00:00+00:00,207.07,223.86,1.0
2026-06-16 02:05:00+00:00,207.7,224.24,1.0
2026-06-16 02:10:00+00:00,207.63,224.25,1.0
2026-06-16 02:15:00+00:00,208.02,224.58,1.0
2026-06-16 02:20:00+00:00,208.36,225.1,1.0
2026-06-16 02:25:00+00:00,207.95,224.89,1.0
2026-06-16 02:30:00+00:00,208.31,225.22,1.0
2026-06-16 02:35:00+00:00,208.35,225.23,1.0
2026-06-16 02:40:00+00:00,208.41,225.44,1.0
2026-06-16 02:45:00+00:00,207.95,224.85,1.0
2026-06-16 02:50:00+00:00,207.68,224.65,1.0
2026-06-16 02:55:00+00:00,208.16,225.27,1.0
2026-06-16 03:00:00+00:00,208.14,225.05,1.0
2026-06-16 03:05:00+00:00,207.92,224.98,1.0
2026-06-16 03:10:00+00:00,207.73,224.79,1.0
2026-06-16 03:15:00+00:00,207.94,224.92,1.0
2026-06-16 03:20:00+00:00,208.58,225.27,1.0
2026-06-16 03:25:00+00:00,209.13,225.66,1.0
2026-06-16 03:30:00+00:00,209.64,226.03,1.0
2026-06-16 03:35:00+00:00,209.96,226.74,1.0
2026-06-16 03:40:00+00:00,210.27,227.25,1.0
2026-06-16 03:45:00+00:00,209.76,226.96,1.0
2026-06-16 03:50:00+00:00,209.18,226.31,1.0
2026-06-16 03:55:00+00:00,209.43,226.92,1.0
2026-06-16 04:00:00+00:00,209.28,226.65,1.0
2026-06-16 04:05:00+00:00,208.73,226.21,1.0
2026-06-16 04:10:00+00:00,209.23,226.73,1.0
2026-06-16 04:15:00+00:00,209.07,226.36,1.0
2026-06-16 04:20:00+00:00,209.29,227.07,1.0
2026-06-16 04:25:00+00:00,208.94,226.8,1.0
2026-06-16 04:30:00+00:00,208.73,226.46,1.0
2026-06-16 04:35:00+00:00,209.2,227.12,1.0
2026-06-16 04:40:00+00:00,208.88,227.02,1.0
2026-06-16 04:45:00+00:00,208.88,226.52,1.0
2026-06-16 04:50:00+00:00,208.8,226.12,1.0
2026-06-16 04:55:00+00:00,208.92,226.21,1.0
2026-06-16 05:00:00+00:00,209.32,226.53,1.0
2026-06-16 05:05:00+00:00,209.28,226.29,1.0
2026-06-16 05:10:00+00:00,209.19,226.51,1.0
2026-06-16 05:15:00+00:00,209.32,226.7,1.0
2026-06-16 05:20:00+00:00,209.24,226.54,1.0
2026-06-16 05:25:00+00:00,209.27,226.26,1.0
2026-06-16 05:30:00+00:00,208.03,225.6,1.0
2026-06-16 05:35:00+00:00,208.32,225.4,1.0
2026-06-16 05:40:00+00:00,208.39,225.31,1.0
2026-06-16 05:45:00+00:00,208.11,225.2,1.0
2026-06-16 05:50:00+00:00,208.17,224.72,1.0
2026-06-16 05:55:00+00:00,207.77,224.28,1.0
2026-06-16 06:00:00+00:00,208.28,225.13,1.0
2026-06-16 06:05:00+00:00,208.54,225.61,1.0
2026-06-16 06:10:00+00:00,208.56,225.66,1.0
2026-06-16 06:15:00+00:00,208.44,225.73,1.0
2026-06-16 06:20:00+00:00,208.38,225.72,1.0
2026-06-16 06:25:00+00:00,208.74,225.95,1.0
2026-06-16 06:30:00+00:00,208.8,225.97,1.0
2026-06-16 06:35:00+00:00,208.7,226.26,1.0
2026-06-16 06:40:00+00:00,208.94,226.25,1.0
2026-06-16 06:45:00+00:00,208.96,226.46,1.0
2026-06-16 06:50:00+00:00,209.4,226.37,1.0
2026-06-16 06:55:00+00:00,209.53,226.46,1.0
2026-06-16 07:00:00+00:00,209.43,226.48,1.0
2026-06-16 07:05:00+00:00,209.53,226.25,1.0
2026-06-16 07:10:00+00:00,209.4,226.21,1.0
2026-06-16 07:15:00+00:00,209.34,225.95,1.0
2026-06-16 07:20:00+00:00,209.4,225.89,1.0
2026-06-16 07:25:00+00:00,209.26,226.01,1.0
2026-06-16 07:30:00+00:00,209.15,225.93,1.0
2026-06-16 07:35:00+00:00,209.34,225.9,1.0
2026-06-16 07:40:00+00:00,209.16,225.55,1.0
2026-06-16 07:45:00+00:00,209.3,225.72,1.0
2026-06-16 07:50:00+00:00,209.42,226.0,1.0
2026-06-16 07:55:00+00:00,209.6,225.97,1.0
2026-06-16 08:00:00+00:00,209.55,226.12,1.0
2026-06-16 08:05:00+00:00,209.88,226.72,1.0
2026-06-16 08:10:00+00:00,209.86,226.66,1.0
2026-06-16 08:15:00+00:00,210.02,226.98,1.0
2026-06-16 08:20:00+00:00,210.12,227.42,1.0
2026-06-16 08:25:00+00:00,210.22,227.7,1.0
2026-06-16 08:30:00+00:00,210.5,228.44,1.0
2026-06-16 08:35:00+00:00,210.39,228.49,1.0
2026-06-16 08:40:00+00:00,210.81,228.88,1.0
2026-06-16 08:45:00+00:00,210.88,228.22,1.0
2026-06-16 08:50:00+00:00,211.1,228.65,1.0
2026-06-16 08:55:00+00:00,211.09,229.01,1.0
2026-06-16 09:00:00+00:00,212.61,229.08,1.0
2026-06-16 09:05:00+00:00,212.52,229.36,1.0
2026-06-16 09:10:00+00:00,212.22,229.3,1.0
2026-06-16 09:15:00+00:00,211.41,228.81,1.0
2026-06-16 09:20:00+00:00,212.12,229.44,1.0
2026-06-16 09:25:00+00:00,212.04,229.25,1.0
2026-06-16 09:30:00+00:00,212.14,229.82,1.0
2026-06-16 09:35:00+00:00,212.08,229.5,1.0
2026-06-16 09:40:00+00:00,211.94,229.15,1.0
2026-06-16 09:45:00+00:00,211.82,229.05,1.0
2026-06-16 09:50:00+00:00,212.13,229.3,1.0
2026-06-16 09:55:00+00:00,211.88,228.86,1.0
2026-06-16 10:00:00+00:00,211.84,228.74,1.0
2026-06-16 10:05:00+00:00,211.98,229.1,1.0
2026-06-16 10:10:00+00:00,212.06,229.09,1.0
2026-06-16 10:15:00+00:00,211.94,228.97,1.0
2026-06-16 10:20:00+00:00,211.87,228.98,1.0
2026-06-16 10:25:00+00:00,211.49,229.06,1.0
2026-06-16 10:30:00+00:00,211.56,228.82,1.0
2026-06-16 10:35:00+00:00,211.97,229.32,1.0
2026-06-16 10:40:00+00:00,212.09,229.52,1.0
2026-06-16 10:45:00+00:00,212.02,229.8,1.0
2026-06-16 10:50:00+00:00,211.98,229.67,1.0
2026-06-16 10:55:00+00:00,212.12,229.4,1.0
2026-06-16 11:00:00+00:00,212.12,230.11,1.0
2026-06-16 11:05:00+00:00,211.91,229.83,1.0
2026-06-16 11:10:00+00:00,212.04,230.41,1.0
2026-06-16 11:15:00+00:00,212.22,230.46,1.0
2026-06-16 11:20:00+00:00,212.0,230.1,1.0
2026-06-16 11:25:00+00:00,211.75,230.0,1.0
2026-06-16 11:30:00+00:00,211.66,229.62,1.0
2026-06-16 11:35:00+00:00,211.19,228.77,1.0
2026-06-16 11:40:00+00:00,211.28,228.77,1.0
2026-06-16 11:45:00+00:00,211.17,228.29,1.0
2026-06-16 11:50:00+00:00,211.26,228.29,1.0
2026-06-16 11:55:00+00:00,211.29,228.46,1.0
2026-06-16 12:00:00+00:00,211.51,228.33,1.0
2026-06-16 12:05:00+00:00,211.7,228.37,1.0
2026-06-16 12:10:00+00:00,211.54,228.1,1.0
2026-06-16 12:15:00+00:00,211.15,227.63,1.0
2026-06-16 12:20:00+00:00,210.29,227.11,1.0
2026-06-16 12:25:00+00:00,210.69,227.92,1.0
2026-06-16 12:30:00+00:00,210.76,227.91,1.0
2026-06-16 12:35:00+00:00,210.87,227.59,1.0
2026-06-16 12:40:00+00:00,210.39,226.5,1.0
2026-06-16 12:45:00+00:00,210.36,226.23,1.0
2026-06-16 12:50:00+00:00,210.36,226.04,1.0
2026-06-16 12:55:00+00:00,210.36,226.45,1.0
2026-06-16 13:00:00+00:00,210.36,225.55,1.0
2026-06-16 13:05:00+00:00,209.98,225.29,1.0
2026-06-16 13:10:00+00:00,210.18,225.38,1.0
2026-06-16 13:15:00+00:00,210.52,225.72,1.0
2026-06-16 13:20:00+00:00,210.51,225.52,1.0
2026-06-16 13:25:00+00:00,210.12,224.88,1.0
2026-06-16 13:30:00+00:00,210.89,225.68,1.0
2026-06-16 13:35:00+00:00,211.16,226.21,1.0
2026-06-16 13:40:00+00:00,211.49,225.61,1.0
2026-06-16 13:45:00+00:00,212.28,225.86,1.0
2026-06-16 13:50:00+00:00,213.51,226.43,1.0
2026-06-16 13:55:00+00:00,211.7,225.16,1.0
2026-06-16 14:00:00+00:00,211.62,224.9,1.0
2026-06-16 14:05:00+00:00,211.67,224.59,1.0
2026-06-16 14:10:00+00:00,211.18,224.92,1.0
2026-06-16 14:15:00+00:00,209.65,223.2,1.0
2026-06-16 14:20:00+00:00,209.34,223.06,1.0
2026-06-16 14:25:00+00:00,208.43,220.96,1.0
2026-06-16 14:30:00+00:00,207.98,221.04,1.0
2026-06-16 14:35:00+00:00,209.02,221.57,1.0
2026-06-16 14:40:00+00:00,208.97,221.85,1.0
2026-06-16 14:45:00+00:00,208.52,220.71,1.0
2026-06-16 14:50:00+00:00,208.71,221.13,1.0
2026-06-16 14:55:00+00:00,207.7,220.0,1.0
2026-06-16 15:00:00+00:00,208.06,220.37,1.0
2026-06-16 15:05:00+00:00,208.6,221.28,1.0
2026-06-16 15:10:00+00:00,208.18,220.54,1.0
2026-06-16 15:15:00+00:00,207.83,220.5,1.0
2026-06-16 15:20:00+00:00,207.51,220.28,1.0
2026-06-16 15:25:00+00:00,207.43,220.02,1.0
2026-06-16 15:30:00+00:00,207.16,220.45,1.0
2026-06-16 15:35:00+00:00,206.3,220.23,1.0
2026-06-16 15:40:00+00:00,205.94,220.27,1.0
2026-06-16 15:45:00+00:00,205.34,218.62,1.0
2026-06-16 15:50:00+00:00,206.65,219.5,1.0
2026-06-16 15:55:00+00:00,205.92,219.19,1.0
2026-06-16 16:00:00+00:00,206.72,218.94,1.0
2026-06-16 16:05:00+00:00,206.9,218.46,1.0
2026-06-16 16:10:00+00:00,206.77,218.73,1.0
2026-06-16 16:15:00+00:00,207.18,219.54,1.0
2026-06-16 16:20:00+00:00,207.26,219.42,1.0
2026-06-16 16:25:00+00:00,207.14,218.55,1.0
2026-06-16 16:30:00+00:00,206.19,218.16,1.0
2026-06-16 16:35:00+00:00,206.12,218.1,1.0
2026-06-16 16:40:00+00:00,206.56,218.38,1.0
2026-06-16 16:45:00+00:00,206.56,218.11,1.0
2026-06-16 16:50:00+00:00,206.58,218.2,1.0
2026-06-16 16:55:00+00:00,206.53,218.63,1.0
2026-06-16 17:00:00+00:00,206.35,218.36,1.0
2026-06-16 17:05:00+00:00,206.14,218.18,1.0
2026-06-16 17:10:00+00:00,206.33,218.66,1.0
2026-06-16 17:15:00+00:00,206.08,218.35,1.0
2026-06-16 17:20:00+00:00,206.0,218.14,1.0
2026-06-16 17:25:00+00:00,205.99,218.1,1.0
2026-06-16 17:30:00+00:00,206.08,218.33,1.0
2026-06-16 17:35:00+00:00,205.52,217.99,1.0
2026-06-16 17:40:00+00:00,205.92,218.16,1.0
2026-06-16 17:45:00+00:00,206.26,218.53,1.0
2026-06-16 17:50:00+00:00,206.96,218.86,1.0
2026-06-16 17:55:00+00:00,206.64,218.61,1.0
2026-06-16 18:00:00+00:00,206.91,219.08,1.0
2026-06-16 18:05:00+00:00,206.94,219.09,1.0
2026-06-16 18:10:00+00:00,206.61,218.91,1.0
2026-06-16 18:15:00+00:00,206.38,218.39,1.0
2026-06-16 18:20:00+00:00,206.41,218.54,1.0
2026-06-16 18:25:00+00:00,206.2,218.56,1.0
2026-06-16 18:30:00+00:00,205.73,218.26,1.0
2026-06-16 18:35:00+00:00,205.78,218.31,1.0
2026-06-16 18:40:00+00:00,206.0,218.28,1.0
2026-06-16 18:45:00+00:00,205.54,217.96,1.0
2026-06-16 18:50:00+00:00,205.35,217.77,1.0
2026-06-16 18:55:00+00:00,205.33,217.11,1.0
2026-06-16 19:00:00+00:00,206.06,217.76,1.0
2026-06-16 19:05:00+00:00,205.21,217.17,1.0
2026-06-16 19:10:00+00:00,205.04,217.0,1.0
2026-06-16 19:15:00+00:00,205.06,216.95,1.0
2026-06-16 19:20:00+00:00,205.26,217.27,1.0
2026-06-16 19:25:00+00:00,205.72,217.9,1.0
2026-06-16 19:30:00+00:00,205.78,217.54,1.0
2026-06-16 19:35:00+00:00,205.16,216.78,1.0
2026-06-16 19:40:00+00:00,205.64,217.13,1.0
2026-06-16 19:45:00+00:00,205.13,216.8,1.0
2026-06-16 19:50:00+00:00,205.06,216.93,1.0
2026-06-16 19:55:00+00:00,205.69,216.81,1.0
2026-06-16 20:00:00+00:00,205.47,217.0,1.0
2026-06-16 20:05:00+00:00,206.06,217.09,1.0
2026-06-16 20:10:00+00:00,206.25,217.55,1.0
2026-06-16 20:15:00+00:00,205.96,217.31,1.0
2026-06-16 20:20:00+00:00,206.0,217.56,1.0
2026-06-16 20:25:00+00:00,205.85,217.24,1.0
2026-06-16 20:30:00+00:00,205.94,217.58,1.0
2026-06-16 20:35:00+00:00,205.86,217.77,1.0
2026-06-16 20:40:00+00:00,205.75,217.93,1.0
2026-06-16 20:45:00+00:00,205.75,217.93,1.0
2026-06-16 20:50:00+00:00,205.77,217.56,1.0
2026-06-16 20:55:00+00:00,205.71,217.61,1.0
2026-06-16 21:00:00+00:00,205.69,217.67,1.0
2026-06-16 21:05:00+00:00,205.77,217.99,1.0
2026-06-16 21:10:00+00:00,205.84,217.89,1.0
2026-06-16 21:15:00+00:00,205.89,218.06,1.0
2026-06-16 21:20:00+00:00,205.91,217.72,1.0
2026-06-16 21:25:00+00:00,205.83,217.48,1.0
2026-06-16 21:30:00+00:00,205.98,217.64,1.0
2026-06-16 21:35:00+00:00,205.74,217.48,1.0
2026-06-16 21:40:00+00:00,205.82,218.02,1.0
2026-06-16 21:45:00+00:00,205.68,217.71,1.0
2026-06-16 21:50:00+00:00,205.6,217.65,1.0
2026-06-16 21:55:00+00:00,205.65,217.58,1.0
2026-06-16 22:00:00+00:00,205.52,217.44,1.0
2026-06-16 22:05:00+00:00,205.53,217.8,1.0
2026-06-16 22:10:00+00:00,205.78,218.29,1.0
2026-06-16 22:15:00+00:00,205.76,218.27,1.0
2026-06-16 22:20:00+00:00,205.66,218.15,1.0
2026-06-16 22:25:00+00:00,205.63,218.13,1.0
2026-06-16 22:30:00+00:00,205.84,218.42,1.0
2026-06-16 22:35:00+00:00,205.99,218.75,1.0
2026-06-16 22:40:00+00:00,205.92,218.92,1.0
2026-06-16 22:45:00+00:00,205.97,219.68,1.0
2026-06-16 22:50:00+00:00,206.05,219.54,1.0
2026-06-16 22:55:00+00:00,206.17,220.14,1.0
2026-06-16 23:00:00+00:00,206.18,219.63,1.0
2026-06-16 23:05:00+00:00,206.2,219.63,1.0
2026-06-16 23:10:00+00:00,206.2,219.63,1.0
2026-06-16 23:15:00+00:00,206.13,219.33,1.0
2026-06-16 23:20:00+00:00,206.09,219.61,1.0
2026-06-16 23:25:00+00:00,206.14,219.53,1.0
2026-06-16 23:30:00+00:00,206.12,219.29,1.0
2026-06-16 23:35:00+00:00,205.81,219.64,1.0
2026-06-16 23:40:00+00:00,205.8,219.53,1.0
2026-06-16 23:45:00+00:00,205.92,219.84,1.0
2026-06-16 23:50:00+00:00,205.79,219.29,1.0
2026-06-16 23:55:00+00:00,205.52,219.18,1.0
2026-06-17 00:00:00+00:00,207.04,220.1,1.0
2026-06-17 00:05:00+00:00,207.22,220.79,1.0
2026-06-17 00:10:00+00:00,207.3,221.3,1.0
2026-06-17 00:15:00+00:00,207.68,222.5,1.0
2026-06-17 00:20:00+00:00,207.18,221.46,1.0
2026-06-17 00:25:00+00:00,207.05,220.76,1.0
2026-06-17 00:30:00+00:00,207.09,221.05,1.0
2026-06-17 00:35:00+00:00,206.52,220.62,1.0
2026-06-17 00:40:00+00:00,206.83,220.76,1.0
2026-06-17 00:45:00+00:00,206.45,220.51,1.0
2026-06-17 00:50:00+00:00,206.09,219.82,1.0
2026-06-17 00:55:00+00:00,206.6,220.47,1.0
2026-06-17 01:00:00+00:00,207.06,220.46,1.0
2026-06-17 01:05:00+00:00,207.31,221.22,1.0
2026-06-17 01:10:00+00:00,207.7,221.6,1.0
2026-06-17 01:15:00+00:00,207.7,221.7,1.0
2026-06-17 01:20:00+00:00,208.25,222.76,1.0
2026-06-17 01:25:00+00:00,208.12,222.63,1.0
2026-06-17 01:30:00+00:00,208.22,222.83,1.0
2026-06-17 01:35:00+00:00,208.1,222.19,1.0
2026-06-17 01:40:00+00:00,207.84,221.69,1.0
2026-06-17 01:45:00+00:00,207.79,221.75,1.0
2026-06-17 01:50:00+00:00,208.59,222.17,1.0
2026-06-17 01:55:00+00:00,208.63,222.63,1.0
2026-06-17 02:00:00+00:00,208.5,222.81,1.0
2026-06-17 02:05:00+00:00,208.71,222.51,1.0
2026-06-17 02:10:00+00:00,209.22,222.62,1.0
2026-06-17 02:15:00+00:00,209.4,222.98,1.0
2026-06-17 02:20:00+00:00,209.41,223.52,1.0
2026-06-17 02:25:00+00:00,209.46,224.21,1.0
2026-06-17 02:30:00+00:00,208.94,222.98,1.0
2026-06-17 02:35:00+00:00,208.91,223.02,1.0
2026-06-17 02:40:00+00:00,208.88,223.13,1.0
2026-06-17 02:45:00+00:00,208.83,222.93,1.0
2026-06-17 02:50:00+00:00,208.61,222.74,1.0
2026-06-17 02:55:00+00:00,208.72,222.97,1.0
2026-06-17 03:00:00+00:00,208.55,222.76,1.0
2026-06-17 03:05:00+00:00,208.8,223.16,1.0
2026-06-17 03:10:00+00:00,208.35,222.81,1.0
2026-06-17 03:15:00+00:00,208.58,223.02,1.0
2026-06-17 03:20:00+00:00,207.92,222.64,1.0
2026-06-17 03:25:00+00:00,207.87,222.46,1.0
2026-06-17 03:30:00+00:00,208.01,222.02,1.0
2026-06-17 03:35:00+00:00,208.2,222.32,1.0
2026-06-17 03:40:00+00:00,208.54,222.5,1.0
2026-06-17 03:45:00+00:00,208.86,222.78,1.0
2026-06-17 03:50:00+00:00,209.08,223.25,1.0
2026-06-17 03:55:00+00:00,208.9,223.21,1.0
2026-06-17 04:00:00+00:00,209.0,223.43,1.0
2026-06-17 04:05:00+00:00,209.2,223.75,1.0
2026-06-17 04:10:00+00:00,209.36,223.86,1.0
2026-06-17 04:15:00+00:00,209.75,224.76,1.0
2026-06-17 04:20:00+00:00,210.16,225.52,1.0
2026-06-17 04:25:00+00:00,210.11,225.42,1.0
2026-06-17 04:30:00+00:00,210.04,225.42,1.0
2026-06-17 04:35:00+00:00,209.69,225.2,1.0
2026-06-17 04:40:00+00:00,209.72,225.27,1.0
2026-06-17 04:45:00+00:00,210.18,225.8,1.0
2026-06-17 04:50:00+00:00,210.48,226.0,1.0
2026-06-17 04:55:00+00:00,210.86,226.65,1.0
2026-06-17 05:00:00+00:00,210.92,226.57,1.0
2026-06-17 05:05:00+00:00,210.56,226.09,1.0
2026-06-17 05:10:00+00:00,210.63,225.94,1.0
2026-06-17 05:15:00+00:00,210.84,226.5,1.0
2026-06-17 05:20:00+00:00,211.18,227.93,1.0
2026-06-17 05:25:00+00:00,211.4,228.22,1.0
2026-06-17 05:30:00+00:00,211.43,228.39,1.0
2026-06-17 05:35:00+00:00,212.09,229.65,1.0
2026-06-17 05:40:00+00:00,212.28,230.75,1.0
2026-06-17 05:45:00+00:00,212.0,230.36,1.0
2026-06-17 05:50:00+00:00,211.58,230.17,1.0
2026-06-17 05:55:00+00:00,211.44,229.69,1.0
2026-06-17 06:00:00+00:00,211.36,229.15,1.0
2026-06-17 06:05:00+00:00,211.4,228.66,1.0
2026-06-17 06:10:00+00:00,211.67,229.0,1.0
2026-06-17 06:15:00+00:00,211.71,229.46,1.0
2026-06-17 06:20:00+00:00,211.84,230.23,1.0
2026-06-17 06:25:00+00:00,211.57,229.85,1.0
2026-06-17 06:30:00+00:00,211.71,230.29,1.0
2026-06-17 06:35:00+00:00,211.75,229.77,1.0
2026-06-17 06:40:00+00:00,212.05,230.07,1.0
2026-06-17 06:45:00+00:00,211.98,229.58,1.0
2026-06-17 06:50:00+00:00,211.8,229.43,1.0
2026-06-17 06:55:00+00:00,211.92,229.32,1.0
2026-06-17 07:00:00+00:00,211.75,228.52,1.0
2026-06-17 07:05:00+00:00,211.97,228.59,1.0
2026-06-17 07:10:00+00:00,211.96,228.75,1.0
2026-06-17 07:15:00+00:00,211.79,228.22,1.0
2026-06-17 07:20:00+00:00,211.66,228.02,1.0
2026-06-17 07:25:00+00:00,211.7,227.88,1.0
2026-06-17 07:30:00+00:00,211.65,227.79,1.0
2026-06-17 07:35:00+00:00,211.79,227.98,1.0
2026-06-17 07:40:00+00:00,211.83,227.95,1.0
2026-06-17 07:45:00+00:00,211.92,227.88,1.0
2026-06-17 07:50:00+00:00,212.01,227.87,1.0
2026-06-17 07:55:00+00:00,212.0,227.49,1.0
2026-06-17 08:00:00+00:00,212.03,227.26,1.0
2026-06-17 08:05:00+00:00,212.32,227.87,1.0
2026-06-17 08:10:00+00:00,211.9,227.78,1.0
2026-06-17 08:15:00+00:00,211.53,227.53,1.0
2026-06-17 08:20:00+00:00,211.51,227.46,1.0
2026-06-17 08:25:00+00:00,211.46,227.38,1.0
2026-06-17 08:30:00+00:00,211.39,226.99,1.0
2026-06-17 08:35:00+00:00,210.73,226.8,1.0
2026-06-17 08:40:00+00:00,210.95,226.39,1.0
2026-06-17 08:45:00+00:00,210.68,225.98,1.0
2026-06-17 08:50:00+00:00,210.86,226.22,1.0
2026-06-17 08:55:00+00:00,210.94,226.57,1.0
2026-06-17 09:00:00+00:00,211.72,226.82,1.0
2026-06-17 09:05:00+00:00,211.63,226.68,1.0
2026-06-17 09:10:00+00:00,211.42,226.53,1.0
2026-06-17 09:15:00+00:00,211.3,226.26,1.0
2026-06-17 09:20:00+00:00,210.9,226.0,1.0
2026-06-17 09:25:00+00:00,211.1,226.32,1.0
2026-06-17 09:30:00+00:00,210.74,226.15,1.0
2026-06-17 09:35:00+00:00,210.66,225.96,1.0
2026-06-17 09:40:00+00:00,210.66,226.27,1.0
2026-06-17 09:45:00+00:00,210.58,226.41,1.0
2026-06-17 09:50:00+00:00,210.32,225.98,1.0
2026-06-17 09:55:00+00:00,210.54,226.26,1.0
2026-06-17 10:00:00+00:00,209.71,225.67,1.0
2026-06-17 10:05:00+00:00,209.77,225.55,1.0
2026-06-17 10:10:00+00:00,209.96,225.55,1.0
2026-06-17 10:15:00+00:00,209.89,225.59,1.0
2026-06-17 10:20:00+00:00,209.96,225.69,1.0
2026-06-17 10:25:00+00:00,209.9,225.55,1.0
2026-06-17 10:30:00+00:00,210.14,225.36,1.0
2026-06-17 10:35:00+00:00,210.12,225.59,1.0
2026-06-17 10:40:00+00:00,210.24,225.88,1.0
2026-06-17 10:45:00+00:00,210.28,225.72,1.0
2026-06-17 10:50:00+00:00,210.1,225.69,1.0
2026-06-17 10:55:00+00:00,209.92,225.47,1.0
2026-06-17 11:00:00+00:00,210.0,225.33,1.0
2026-06-17 11:05:00+00:00,209.93,225.35,1.0
2026-06-17 11:10:00+00:00,210.02,225.55,1.0
2026-06-17 11:15:00+00:00,210.37,225.82,1.0
2026-06-17 11:20:00+00:00,210.12,225.63,1.0
2026-06-17 11:25:00+00:00,210.12,225.75,1.0
2026-06-17 11:30:00+00:00,209.89,225.98,1.0
2026-06-17 11:35:00+00:00,209.68,225.4,1.0
2026-06-17 11:40:00+00:00,209.1,224.86,1.0
2026-06-17 11:45:00+00:00,209.01,224.44,1.0
2026-06-17 11:50:00+00:00,208.92,224.08,1.0
2026-06-17 11:55:00+00:00,208.88,224.04,1.0
2026-06-17 12:00:00+00:00,209.02,224.81,1.0
2026-06-17 12:05:00+00:00,209.38,225.32,1.0
2026-06-17 12:10:00+00:00,209.28,225.26,1.0
2026-06-17 12:15:00+00:00,209.42,225.36,1.0
2026-06-17 12:20:00+00:00,209.56,225.32,1.0
2026-06-17 12:25:00+00:00,209.86,225.41,1.0
2026-06-17 12:30:00+00:00,210.42,226.14,1.0
2026-06-17 12:35:00+00:00,210.28,225.72,1.0
2026-06-17 12:40:00+00:00,210.57,226.31,1.0
2026-06-17 12:45:00+00:00,210.64,226.35,1.0
2026-06-17 12:50:00+00:00,210.64,226.46,1.0
2026-06-17 12:55:00+00:00,210.41,226.02,1.0
2026-06-17 13:00:00+00:00,210.54,225.64,1.0
2026-06-17 13:05:00+00:00,210.13,225.27,1.0
2026-06-17 13:10:00+00:00,210.04,225.21,1.0
2026-06-17 13:15:00+00:00,210.32,225.41,1.0
2026-06-17 13:20:00+00:00,210.3,225.12,1.0
2026-06-17 13:25:00+00:00,210.84,226.03,1.0
2026-06-17 13:30:00+00:00,210.06,224.21,1.0
2026-06-17 13:35:00+00:00,209.86,223.46,1.0
2026-06-17 13:40:00+00:00,211.34,225.01,1.0
2026-06-17 13:45:00+00:00,210.25,223.68,1.0
2026-06-17 13:50:00+00:00,210.32,223.91,1.0
2026-06-17 13:55:00+00:00,208.7,221.82,1.0
2026-06-17 14:00:00+00:00,209.46,222.0,1.0
2026-06-17 14:05:00+00:00,209.58,222.79,1.0
2026-06-17 14:10:00+00:00,209.99,223.33,1.0
2026-06-17 14:15:00+00:00,210.37,223.25,1.0
2026-06-17 14:20:00+00:00,211.28,224.43,1.0
2026-06-17 14:25:00+00:00,210.92,224.21,1.0
2026-06-17 14:30:00+00:00,210.6,223.29,1.0
2026-06-17 14:35:00+00:00,210.62,223.15,1.0
2026-06-17 14:40:00+00:00,210.44,223.37,1.0
2026-06-17 14:45:00+00:00,209.58,222.65,1.0
2026-06-17 14:50:00+00:00,210.38,224.06,1.0
2026-06-17 14:55:00+00:00,209.65,223.37,1.0
2026-06-17 15:00:00+00:00,209.68,223.55,1.0
2026-06-17 15:05:00+00:00,209.62,223.27,1.0
2026-06-17 15:10:00+00:00,210.35,224.36,1.0
2026-06-17 15:15:00+00:00,211.23,224.42,1.0
2026-06-17 15:20:00+00:00,211.19,224.48,1.0
2026-06-17 15:25:00+00:00,211.62,225.1,1.0
2026-06-17 15:30:00+00:00,211.75,225.34,1.0
2026-06-17 15:35:00+00:00,212.0,226.27,1.0
2026-06-17 15:40:00+00:00,211.64,226.09,1.0
2026-06-17 15:45:00+00:00,212.22,226.76,1.0
2026-06-17 15:50:00+00:00,212.06,227.57,1.0
2026-06-17 15:55:00+00:00,212.36,228.07,1.0
2026-06-17 16:00:00+00:00,212.93,228.38,1.0
2026-06-17 16:05:00+00:00,213.15,228.24,1.0
2026-06-17 16:10:00+00:00,212.54,226.93,1.0
2026-06-17 16:15:00+00:00,212.38,226.89,1.0
2026-06-17 16:20:00+00:00,212.71,227.27,1.0
2026-06-17 16:25:00+00:00,212.52,227.29,1.0
2026-06-17 16:30:00+00:00,212.37,227.39,1.0
2026-06-17 16:35:00+00:00,212.58,227.85,1.0
2026-06-17 16:40:00+00:00,212.3,227.66,1.0
2026-06-17 16:45:00+00:00,212.06,227.06,1.0
2026-06-17 16:50:00+00:00,211.76,227.17,1.0
2026-06-17 16:55:00+00:00,212.04,227.06,1.0
2026-06-17 17:00:00+00:00,211.5,227.06,1.0
2026-06-17 17:05:00+00:00,211.83,226.75,1.0
2026-06-17 17:10:00+00:00,211.9,227.39,1.0
2026-06-17 17:15:00+00:00,212.01,227.81,1.0
2026-06-17 17:20:00+00:00,212.32,228.52,1.0
2026-06-17 17:25:00+00:00,212.03,228.47,1.0
2026-06-17 17:30:00+00:00,211.76,228.42,1.0
2026-06-17 17:35:00+00:00,211.92,228.28,1.0
2026-06-17 17:40:00+00:00,211.48,227.74,1.0
2026-06-17 17:45:00+00:00,211.65,227.99,1.0
2026-06-17 17:50:00+00:00,211.84,228.66,1.0
2026-06-17 17:55:00+00:00,212.74,228.82,1.0
2026-06-17 18:00:00+00:00,207.92,225.59,1.0
2026-06-17 18:05:00+00:00,210.38,227.07,1.0
2026-06-17 18:10:00+00:00,209.1,226.11,1.0
2026-06-17 18:15:00+00:00,210.36,226.2,1.0
2026-06-17 18:20:00+00:00,209.9,225.3,1.0
2026-06-17 18:25:00+00:00,209.62,225.99,1.0
2026-06-17 18:30:00+00:00,209.36,226.18,1.0
2026-06-17 18:35:00+00:00,212.0,227.54,1.0
2026-06-17 18:40:00+00:00,213.25,228.98,1.0
2026-06-17 18:45:00+00:00,212.53,228.02,1.0
2026-06-17 18:50:00+00:00,212.47,227.83,1.0
2026-06-17 18:55:00+00:00,210.36,227.81,1.0
2026-06-17 19:00:00+00:00,210.48,227.81,1.0
2026-06-17 19:05:00+00:00,209.87,227.88,1.0
2026-06-17 19:10:00+00:00,210.69,228.33,1.0
2026-06-17 19:15:00+00:00,208.29,226.55,1.0
2026-06-17 19:20:00+00:00,206.99,225.4,1.0
2026-06-17 19:25:00+00:00,208.35,225.36,1.0
2026-06-17 19:30:00+00:00,207.5,224.6,1.0
2026-06-17 19:35:00+00:00,206.4,223.77,1.0
2026-06-17 19:40:00+00:00,206.8,223.16,1.0
2026-06-17 19:45:00+00:00,206.81,223.64,1.0
2026-06-17 19:50:00+00:00,205.6,222.69,1.0
2026-06-17 19:55:00+00:00,205.38,222.54,1.0
2026-06-17 20:00:00+00:00,205.02,222.17,1.0
2026-06-17 20:05:00+00:00,205.48,222.17,1.0
2026-06-17 20:10:00+00:00,205.51,222.13,1.0
2026-06-17 20:15:00+00:00,206.39,222.32,1.0
2026-06-17 20:20:00+00:00,206.6,222.4,1.0
2026-06-17 20:25:00+00:00,206.84,222.44,1.0
2026-06-17 20:30:00+00:00,206.97,222.46,1.0
2026-06-17 20:35:00+00:00,207.3,222.55,1.0
2026-06-17 20:40:00+00:00,206.98,221.76,1.0
2026-06-17 20:45:00+00:00,207.08,221.84,1.0
2026-06-17 20:50:00+00:00,206.77,222.0,1.0
2026-06-17 20:55:00+00:00,206.73,222.6,1.0
2026-06-17 21:00:00+00:00,207.09,222.77,1.0
2026-06-17 21:05:00+00:00,207.45,223.0,1.0
2026-06-17 21:10:00+00:00,207.34,222.52,1.0
2026-06-17 21:15:00+00:00,206.74,222.73,1.0
2026-06-17 21:20:00+00:00,206.84,222.76,1.0
2026-06-17 21:25:00+00:00,206.86,222.88,1.0
2026-06-17 21:30:00+00:00,207.03,223.21,1.0
2026-06-17 21:35:00+00:00,207.08,223.46,1.0
2026-06-17 21:40:00+00:00,207.09,223.61,1.0
2026-06-17 21:45:00+00:00,207.23,223.56,1.0
2026-06-17 21:50:00+00:00,207.12,223.5,1.0
2026-06-17 21:55:00+00:00,207.36,223.62,1.0
2026-06-17 22:00:00+00:00,207.04,222.85,1.0
2026-06-17 22:05:00+00:00,207.82,224.08,1.0
2026-06-17 22:10:00+00:00,207.88,224.05,1.0
2026-06-17 22:15:00+00:00,207.76,224.35,1.0
2026-06-17 22:20:00+00:00,208.37,225.49,1.0
2026-06-17 22:25:00+00:00,208.52,225.37,1.0
2026-06-17 22:30:00+00:00,208.16,225.07,1.0
2026-06-17 22:35:00+00:00,208.88,225.72,1.0
2026-06-17 22:40:00+00:00,208.49,225.22,1.0
2026-06-17 22:45:00+00:00,208.9,225.78,1.0
2026-06-17 22:50:00+00:00,209.37,225.81,1.0
2026-06-17 22:55:00+00:00,208.96,225.66,1.0
2026-06-17 23:00:00+00:00,209.12,226.28,1.0
2026-06-17 23:05:00+00:00,209.75,227.03,1.0
2026-06-17 23:10:00+00:00,210.29,226.43,1.0
2026-06-17 23:15:00+00:00,210.09,226.41,1.0
2026-06-17 23:20:00+00:00,210.74,227.08,1.0
2026-06-17 23:25:00+00:00,210.45,226.86,1.0
2026-06-17 23:30:00+00:00,210.01,227.28,1.0
2026-06-17 23:35:00+00:00,210.32,227.18,1.0
2026-06-17 23:40:00+00:00,210.88,227.57,1.0
2026-06-17 23:45:00+00:00,210.91,227.6,1.0
2026-06-17 23:50:00+00:00,210.36,227.87,1.0
2026-06-17 23:55:00+00:00,210.22,227.98,1.0
2026-06-18 00:00:00+00:00,211.7,229.03,1.0
2026-06-18 00:05:00+00:00,212.13,230.67,1.0
2026-06-18 00:10:00+00:00,211.66,229.03,1.0
2026-06-18 00:15:00+00:00,210.85,227.85,1.0
2026-06-18 00:20:00+00:00,211.4,228.06,1.0
2026-06-18 00:25:00+00:00,211.69,228.76,1.0
2026-06-18 00:30:00+00:00,211.67,231.01,1.0
2026-06-18 00:35:00+00:00,212.3,232.0,1.0
2026-06-18 00:40:00+00:00,211.98,231.31,1.0
2026-06-18 00:45:00+00:00,212.26,233.31,1.0
2026-06-18 00:50:00+00:00,211.04,232.43,1.0
2026-06-18 00:55:00+00:00,209.65,230.79,1.0
2026-06-18 01:00:00+00:00,210.72,232.09,1.0
2026-06-18 01:05:00+00:00,210.63,231.46,1.0
2026-06-18 01:10:00+00:00,211.33,232.01,1.0
2026-06-18 01:15:00+00:00,211.44,231.83,1.0
2026-06-18 01:20:00+00:00,210.95,230.76,1.0
2026-06-18 01:25:00+00:00,210.72,230.77,1.0
2026-06-18 01:30:00+00:00,211.41,231.71,1.0
2026-06-18 01:35:00+00:00,211.12,230.82,1.0
2026-06-18 01:40:00+00:00,210.66,229.99,1.0
2026-06-18 01:45:00+00:00,210.08,229.89,1.0
2026-06-18 01:50:00+00:00,210.44,229.79,1.0
2026-06-18 01:55:00+00:00,210.58,229.56,1.0
2026-06-18 02:00:00+00:00,211.04,230.13,1.0
2026-06-18 02:05:00+00:00,211.12,230.2,1.0
2026-06-18 02:10:00+00:00,211.1,230.5,1.0
2026-06-18 02:15:00+00:00,211.2,230.33,1.0
2026-06-18 02:20:00+00:00,211.5,231.09,1.0
2026-06-18 02:25:00+00:00,211.36,230.76,1.0
2026-06-18 02:30:00+00:00,211.44,231.03,1.0
2026-06-18 02:35:00+00:00,211.38,230.55,1.0
2026-06-18 02:40:00+00:00,211.58,230.45,1.0
2026-06-18 02:45:00+00:00,211.62,230.18,1.0
2026-06-18 02:50:00+00:00,211.72,230.54,1.0
2026-06-18 02:55:00+00:00,212.08,230.97,1.0
2026-06-18 03:00:00+00:00,212.08,231.59,1.0
2026-06-18 03:05:00+00:00,211.76,232.16,1.0
2026-06-18 03:10:00+00:00,211.63,231.54,1.0
2026-06-18 03:15:00+00:00,211.59,231.74,1.0
2026-06-18 03:20:00+00:00,212.0,232.07,1.0
2026-06-18 03:25:00+00:00,212.2,231.88,1.0
2026-06-18 03:30:00+00:00,212.4,232.26,1.0
2026-06-18 03:35:00+00:00,212.35,232.54,1.0
2026-06-18 03:40:00+00:00,212.62,232.84,1.0
2026-06-18 03:45:00+00:00,213.0,233.72,1.0
2026-06-18 03:50:00+00:00,213.09,234.06,1.0
2026-06-18 03:55:00+00:00,213.05,234.1,1.0
2026-06-18 04:00:00+00:00,213.32,233.67,1.0
2026-06-18 04:05:00+00:00,213.88,234.9,1.0
2026-06-18 04:10:00+00:00,213.74,235.27,1.0
2026-06-18 04:15:00+00:00,213.7,235.0,1.0
2026-06-18 04:20:00+00:00,213.62,234.89,1.0
2026-06-18 04:25:00+00:00,213.64,234.56,1.0
2026-06-18 04:30:00+00:00,214.06,235.3,1.0
2026-06-18 04:35:00+00:00,213.8,234.73,1.0
2026-06-18 04:40:00+00:00,213.26,233.63,1.0
2026-06-18 04:45:00+00:00,213.3,232.52,1.0
2026-06-18 04:50:00+00:00,213.56,233.43,1.0
2026-06-18 04:55:00+00:00,212.86,232.42,1.0
2026-06-18 05:00:00+00:00,212.44,231.38,1.0
2026-06-18 05:05:00+00:00,213.19,232.49,1.0
2026-06-18 05:10:00+00:00,213.14,232.79,1.0
2026-06-18 05:15:00+00:00,213.58,232.68,1.0
2026-06-18 05:20:00+00:00,213.56,232.69,1.0
2026-06-18 05:25:00+00:00,213.59,233.16,1.0
2026-06-18 05:30:00+00:00,213.78,233.84,1.0
2026-06-18 05:35:00+00:00,214.1,234.26,1.0
2026-06-18 05:40:00+00:00,214.43,235.21,1.0
2026-06-18 05:45:00+00:00,214.24,234.75,1.0
2026-06-18 05:50:00+00:00,214.71,235.94,1.0
2026-06-18 05:55:00+00:00,214.76,236.82,1.0
2026-06-18 06:00:00+00:00,215.1,236.33,1.0
2026-06-18 06:05:00+00:00,214.39,235.89,1.0
2026-06-18 06:10:00+00:00,214.74,237.18,1.0
2026-06-18 06:15:00+00:00,214.7,237.7,1.0
2026-06-18 06:20:00+00:00,214.42,237.87,1.0
2026-06-18 06:25:00+00:00,214.24,238.85,1.0
2026-06-18 06:30:00+00:00,214.16,238.0,1.0
2026-06-18 06:35:00+00:00,214.27,238.09,1.0
2026-06-18 06:40:00+00:00,214.18,238.44,1.0
2026-06-18 06:45:00+00:00,213.96,236.79,1.0
2026-06-18 06:50:00+00:00,214.1,237.54,1.0
2026-06-18 06:55:00+00:00,214.4,236.93,1.0
2026-06-18 07:00:00+00:00,214.67,237.32,1.0
2026-06-18 07:05:00+00:00,214.78,236.58,1.0
2026-06-18 07:10:00+00:00,214.44,235.96,1.0
2026-06-18 07:15:00+00:00,214.4,235.55,1.0
2026-06-18 07:20:00+00:00,214.34,235.6,1.0
2026-06-18 07:25:00+00:00,214.5,235.72,1.0
2026-06-18 07:30:00+00:00,214.18,235.38,1.0
2026-06-18 07:35:00+00:00,214.2,235.25,1.0
2026-06-18 07:40:00+00:00,214.23,235.53,1.0
2026-06-18 07:45:00+00:00,214.36,235.67,1.0
2026-06-18 07:50:00+00:00,214.29,235.58,1.0
2026-06-18 07:55:00+00:00,214.35,236.04,1.0
2026-06-18 08:00:00+00:00,214.53,235.83,1.0
2026-06-18 08:05:00+00:00,214.8,236.51,1.0
2026-06-18 08:10:00+00:00,214.17,236.24,1.0
2026-06-18 08:15:00+00:00,214.08,236.09,1.0
2026-06-18 08:20:00+00:00,213.62,235.91,1.0
2026-06-18 08:25:00+00:00,213.84,236.25,1.0
2026-06-18 08:30:00+00:00,213.71,236.6,1.0
2026-06-18 08:35:00+00:00,213.66,236.59,1.0
2026-06-18 08:40:00+00:00,213.36,236.19,1.0
2026-06-18 08:45:00+00:00,213.28,235.67,1.0
2026-06-18 08:50:00+00:00,213.28,235.46,1.0
2026-06-18 08:55:00+00:00,212.96,235.22,1.0
2026-06-18 09:00:00+00:00,213.38,235.74,1.0
2026-06-18 09:05:00+00:00,213.3,235.64,1.0
2026-06-18 09:10:00+00:00,213.19,235.69,1.0
2026-06-18 09:15:00+00:00,213.35,235.59,1.0
2026-06-18 09:20:00+00:00,213.15,235.77,1.0
2026-06-18 09:25:00+00:00,213.18,235.88,1.0
2026-06-18 09:30:00+00:00,212.78,235.61,1.0
2026-06-18 09:35:00+00:00,213.07,235.73,1.0
2026-06-18 09:40:00+00:00,213.36,236.26,1.0
2026-06-18 09:45:00+00:00,213.37,236.29,1.0
2026-06-18 09:50:00+00:00,213.37,236.18,1.0
2026-06-18 09:55:00+00:00,213.49,236.1,1.0
2026-06-18 10:00:00+00:00,213.35,235.8,1.0
2026-06-18 10:05:00+00:00,213.14,235.48,1.0
2026-06-18 10:10:00+00:00,213.38,235.5,1.0
2026-06-18 10:15:00+00:00,213.24,235.47,1.0
2026-06-18 10:20:00+00:00,213.1,235.75,1.0
2026-06-18 10:25:00+00:00,213.31,235.44,1.0
2026-06-18 10:30:00+00:00,213.11,235.32,1.0
2026-06-18 10:35:00+00:00,212.92,235.23,1.0
2026-06-18 10:40:00+00:00,212.67,234.71,1.0
2026-06-18 10:45:00+00:00,212.6,234.62,1.0
2026-06-18 10:50:00+00:00,212.99,234.14,1.0
2026-06-18 10:55:00+00:00,212.9,234.38,1.0
2026-06-18 11:00:00+00:00,213.19,235.3,1.0
2026-06-18 11:05:00+00:00,212.8,234.77,1.0
2026-06-18 11:10:00+00:00,212.54,234.56,1.0
2026-06-18 11:15:00+00:00,212.51,234.07,1.0
2026-06-18 11:20:00+00:00,212.62,234.04,1.0
2026-06-18 11:25:00+00:00,212.76,234.31,1.0
2026-06-18 11:30:00+00:00,213.04,234.58,1.0
2026-06-18 11:35:00+00:00,212.74,234.06,1.0
2026-06-18 11:40:00+00:00,212.5,234.5,1.0
2026-06-18 11:45:00+00:00,212.69,234.38,1.0
2026-06-18 11:50:00+00:00,213.2,234.68,1.0
2026-06-18 11:55:00+00:00,213.34,234.95,1.0
2026-06-18 12:00:00+00:00,213.11,234.39,1.0
2026-06-18 12:05:00+00:00,212.88,234.25,1.0
2026-06-18 12:10:00+00:00,213.37,234.53,1.0
2026-06-18 12:15:00+00:00,213.49,234.68,1.0
2026-06-18 12:20:00+00:00,213.9,235.3,1.0
2026-06-18 12:25:00+00:00,213.79,235.18,1.0
2026-06-18 12:30:00+00:00,214.0,235.1,1.0
2026-06-18 12:35:00+00:00,214.08,235.56,1.0
2026-06-18 12:40:00+00:00,214.07,235.65,1.0
2026-06-18 12:45:00+00:00,214.4,236.12,1.0
2026-06-18 12:50:00+00:00,214.21,235.91,1.0
2026-06-18 12:55:00+00:00,214.48,236.12,1.0
2026-06-18 13:00:00+00:00,213.95,235.29,1.0
2026-06-18 13:05:00+00:00,214.41,235.6,1.0
2026-06-18 13:10:00+00:00,214.78,235.95,1.0
2026-06-18 13:15:00+00:00,214.74,236.0,1.0
2026-06-18 13:20:00+00:00,214.81,236.32,1.0
2026-06-18 13:25:00+00:00,215.23,236.98,1.0
2026-06-18 13:30:00+00:00,215.29,237.53,1.0
2026-06-18 13:35:00+00:00,215.23,237.34,1.0
2026-06-18 13:40:00+00:00,214.71,236.17,1.0
2026-06-18 13:45:00+00:00,215.82,238.08,1.0
2026-06-18 13:50:00+00:00,215.12,237.26,1.0
2026-06-18 13:55:00+00:00,215.52,237.65,1.0
2026-06-18 14:00:00+00:00,216.17,238.16,1.0
2026-06-18 14:05:00+00:00,216.16,238.5,1.0
2026-06-18 14:10:00+00:00,216.25,238.27,1.0
2026-06-18 14:15:00+00:00,217.44,239.43,1.0
2026-06-18 14:20:00+00:00,218.85,240.48,1.0
2026-06-18 14:25:00+00:00,217.56,239.58,1.0
2026-06-18 14:30:00+00:00,218.18,239.87,1.0
2026-06-18 14:35:00+00:00,218.64,240.79,1.0
2026-06-18 14:40:00+00:00,218.38,241.62,1.0
2026-06-18 14:45:00+00:00,219.24,242.22,1.0
2026-06-18 14:50:00+00:00,218.6,241.7,1.0
2026-06-18 14:55:00+00:00,219.05,242.21,1.0
2026-06-18 15:00:00+00:00,219.43,242.58,1.0
2026-06-18 15:05:00+00:00,219.43,243.23,1.0
2026-06-18 15:10:00+00:00,218.72,242.76,1.0
2026-06-18 15:15:00+00:00,219.05,241.79,1.0
2026-06-18 15:20:00+00:00,218.88,241.68,1.0
2026-06-18 15:25:00+00:00,218.59,241.47,1.0
2026-06-18 15:30:00+00:00,218.75,242.6,1.0
2026-06-18 15:35:00+00:00,218.18,242.1,1.0
2026-06-18 15:40:00+00:00,217.92,241.35,1.0
2026-06-18 15:45:00+00:00,218.02,241.26,1.0
2026-06-18 15:50:00+00:00,218.13,240.93,1.0
2026-06-18 15:55:00+00:00,218.5,240.4,1.0
2026-06-18 16:00:00+00:00,218.62,241.03,1.0
2026-06-18 16:05:00+00:00,218.94,241.52,1.0
2026-06-18 16:10:00+00:00,219.05,242.3,1.0
2026-06-18 16:15:00+00:00,218.9,241.26,1.0
2026-06-18 16:20:00+00:00,219.25,242.02,1.0
2026-06-18 16:25:00+00:00,219.33,241.75,1.0
2026-06-18 16:30:00+00:00,219.1,241.97,1.0
2026-06-18 16:35:00+00:00,219.78,242.69,1.0
2026-06-18 16:40:00+00:00,219.89,243.41,1.0
2026-06-18 16:45:00+00:00,219.83,243.08,1.0
2026-06-18 16:50:00+00:00,219.44,243.13,1.0
2026-06-18 16:55:00+00:00,219.59,243.64,1.0
2026-06-18 17:00:00+00:00,219.6,243.14,1.0
2026-06-18 17:05:00+00:00,219.84,243.97,1.0
2026-06-18 17:10:00+00:00,219.71,243.4,1.0
2026-06-18 17:15:00+00:00,219.93,243.61,1.0
2026-06-18 17:20:00+00:00,219.91,243.08,1.0
2026-06-18 17:25:00+00:00,220.08,243.49,1.0
2026-06-18 17:30:00+00:00,220.48,244.08,1.0
2026-06-18 17:35:00+00:00,220.14,244.37,1.0
2026-06-18 17:40:00+00:00,220.48,244.31,1.0
2026-06-18 17:45:00+00:00,220.38,243.94,1.0
2026-06-18 17:50:00+00:00,220.39,243.93,1.0
2026-06-18 17:55:00+00:00,220.03,243.36,1.0
2026-06-18 18:00:00+00:00,219.94,243.82,1.0
2026-06-18 18:05:00+00:00,220.17,244.65,1.0
2026-06-18 18:10:00+00:00,220.48,244.98,1.0
2026-06-18 18:15:00+00:00,220.42,245.5,1.0
2026-06-18 18:20:00+00:00,220.36,245.57,1.0
2026-06-18 18:25:00+00:00,220.11,245.34,1.0
2026-06-18 18:30:00+00:00,219.94,245.19,1.0
2026-06-18 18:35:00+00:00,219.83,245.71,1.0
2026-06-18 18:40:00+00:00,219.56,245.31,1.0
2026-06-18 18:45:00+00:00,219.68,245.72,1.0
2026-06-18 18:50:00+00:00,219.71,245.5,1.0
2026-06-18 18:55:00+00:00,219.5,244.96,1.0
2026-06-18 19:00:00+00:00,219.16,245.27,1.0
2026-06-18 19:05:00+00:00,219.3,245.53,1.0
2026-06-18 19:10:00+00:00,219.24,245.81,1.0
2026-06-18 19:15:00+00:00,219.47,246.24,1.0
2026-06-18 19:20:00+00:00,219.4,246.27,1.0
2026-06-18 19:25:00+00:00,219.45,246.72,1.0
2026-06-18 19:30:00+00:00,219.49,246.06,1.0
2026-06-18 19:35:00+00:00,219.81,246.66,1.0
2026-06-18 19:40:00+00:00,219.88,247.12,1.0
2026-06-18 19:45:00+00:00,220.34,247.54,1.0
2026-06-18 19:50:00+00:00,219.98,247.34,1.0
2026-06-18 19:55:00+00:00,219.01,246.84,1.0
2026-06-18 20:00:00+00:00,219.2,247.21,1.0
2026-06-18 20:05:00+00:00,218.96,246.34,1.0
2026-06-18 20:10:00+00:00,219.01,246.03,1.0
2026-06-18 20:15:00+00:00,218.99,246.16,1.0
2026-06-18 20:20:00+00:00,219.2,245.89,1.0
2026-06-18 20:25:00+00:00,218.95,245.99,1.0
2026-06-18 20:30:00+00:00,219.17,245.31,1.0
2026-06-18 20:35:00+00:00,219.16,245.08,1.0
2026-06-18 20:40:00+00:00,219.1,244.68,1.0
2026-06-18 20:45:00+00:00,219.02,244.59,1.0
2026-06-18 20:50:00+00:00,218.95,244.31,1.0
2026-06-18 20:55:00+00:00,219.01,244.35,1.0
2026-06-18 21:00:00+00:00,218.97,244.37,1.0
2026-06-18 21:05:00+00:00,219.25,244.97,1.0
2026-06-18 21:10:00+00:00,219.46,244.83,1.0
2026-06-18 21:15:00+00:00,218.98,245.14,1.0
2026-06-18 21:20:00+00:00,219.1,245.23,1.0
2026-06-18 21:25:00+00:00,219.09,245.58,1.0
2026-06-18 21:30:00+00:00,219.5,245.95,1.0
2026-06-18 21:35:00+00:00,219.71,246.05,1.0
2026-06-18 21:40:00+00:00,219.66,245.64,1.0
2026-06-18 21:45:00+00:00,219.5,246.4,1.0
2026-06-18 21:50:00+00:00,219.53,246.7,1.0
2026-06-18 21:55:00+00:00,219.73,246.49,1.0
2026-06-18 22:00:00+00:00,219.65,247.04,1.0
2026-06-18 22:05:00+00:00,219.71,246.64,1.0
2026-06-18 22:10:00+00:00,219.87,246.98,1.0
2026-06-18 22:15:00+00:00,219.65,246.76,1.0
2026-06-18 22:20:00+00:00,219.37,247.34,1.0
2026-06-18 22:25:00+00:00,219.5,247.61,1.0
2026-06-18 22:30:00+00:00,219.56,247.63,1.0
2026-06-18 22:35:00+00:00,219.28,247.08,1.0
2026-06-18 22:40:00+00:00,219.17,246.76,1.0
2026-06-18 22:45:00+00:00,219.46,245.55,1.0
2026-06-18 22:50:00+00:00,219.36,245.16,1.0
2026-06-18 22:55:00+00:00,219.2,244.51,1.0
2026-06-18 23:00:00+00:00,219.13,243.4,1.0
2026-06-18 23:05:00+00:00,219.06,244.46,1.0
2026-06-18 23:10:00+00:00,219.16,243.89,1.0
2026-06-18 23:15:00+00:00,219.16,244.25,1.0
2026-06-18 23:20:00+00:00,219.35,244.83,1.0
2026-06-18 23:25:00+00:00,219.44,245.0,1.0
2026-06-18 23:30:00+00:00,219.46,245.84,1.0
2026-06-18 23:35:00+00:00,219.66,246.33,1.0
2026-06-18 23:40:00+00:00,219.46,246.4,1.0
2026-06-18 23:45:00+00:00,219.48,246.31,1.0
2026-06-18 23:50:00+00:00,219.47,245.18,1.0
2026-06-18 23:55:00+00:00,219.11,245.02,1.0
2026-06-19 00:00:00+00:00,219.48,243.56,1.0
2026-06-19 00:05:00+00:00,218.74,242.98,1.0
2026-06-19 00:10:00+00:00,217.88,240.24,1.0
2026-06-19 00:15:00+00:00,217.8,241.11,1.0
2026-06-19 00:20:00+00:00,218.2,241.6,1.0
2026-06-19 00:25:00+00:00,217.92,241.78,1.0
2026-06-19 00:30:00+00:00,218.38,242.0,1.0
2026-06-19 00:35:00+00:00,218.4,241.49,1.0
2026-06-19 00:40:00+00:00,218.4,242.0,1.0
2026-06-19 00:45:00+00:00,218.59,242.54,1.0
2026-06-19 00:50:00+00:00,219.24,243.46,1.0
2026-06-19 00:55:00+00:00,219.41,244.39,1.0
2026-06-19 01:00:00+00:00,219.6,245.23,1.0
2026-06-19 01:05:00+00:00,219.26,245.1,1.0
2026-06-19 01:10:00+00:00,219.17,244.47,1.0
2026-06-19 01:15:00+00:00,219.36,246.3,1.0
2026-06-19 01:20:00+00:00,219.83,246.25,1.0
2026-06-19 01:25:00+00:00,220.0,245.26,1.0
2026-06-19 01:30:00+00:00,219.66,244.09,1.0
2026-06-19 01:35:00+00:00,219.8,243.83,1.0
2026-06-19 01:40:00+00:00,219.46,242.12,1.0
2026-06-19 01:45:00+00:00,219.12,243.13,1.0
2026-06-19 01:50:00+00:00,217.92,241.56,1.0
2026-06-19 01:55:00+00:00,217.53,241.15,1.0
2026-06-19 02:00:00+00:00,217.43,241.15,1.0
2026-06-19 02:05:00+00:00,217.03,241.41,1.0
2026-06-19 02:10:00+00:00,217.07,241.3,1.0
2026-06-19 02:15:00+00:00,216.0,239.5,1.0
2026-06-19 02:20:00+00:00,216.87,241.54,1.0
2026-06-19 02:25:00+00:00,216.78,241.49,1.0
2026-06-19 02:30:00+00:00,217.08,242.13,1.0
2026-06-19 02:35:00+00:00,217.11,242.0,1.0
2026-06-19 02:40:00+00:00,217.32,242.56,1.0
2026-06-19 02:45:00+00:00,217.67,242.2,1.0
2026-06-19 02:50:00+00:00,217.76,241.28,1.0
2026-06-19 02:55:00+00:00,217.46,240.76,1.0
2026-06-19 03:00:00+00:00,217.17,240.74,1.0
2026-06-19 03:05:00+00:00,216.77,240.42,1.0
2026-06-19 03:10:00+00:00,216.18,239.06,1.0
2026-06-19 03:15:00+00:00,215.67,238.84,1.0
2026-06-19 03:20:00+00:00,215.81,237.99,1.0
2026-06-19 03:25:00+00:00,215.78,236.14,1.0
2026-06-19 03:30:00+00:00,214.95,234.06,1.0
2026-06-19 03:35:00+00:00,215.51,234.89,1.0
2026-06-19 03:40:00+00:00,215.13,233.76,1.0
2026-06-19 03:45:00+00:00,215.12,232.59,1.0
2026-06-19 03:50:00+00:00,214.51,232.03,1.0
2026-06-19 03:55:00+00:00,214.61,231.29,1.0
2026-06-19 04:00:00+00:00,214.15,229.51,1.0
2026-06-19 04:05:00+00:00,214.65,232.1,1.0
2026-06-19 04:10:00+00:00,215.34,233.18,1.0
2026-06-19 04:15:00+00:00,215.65,232.81,1.0
2026-06-19 04:20:00+00:00,215.06,232.72,1.0
2026-06-19 04:25:00+00:00,214.56,232.54,1.0
2026-06-19 04:30:00+00:00,213.18,230.24,1.0
2026-06-19 04:35:00+00:00,213.02,230.0,1.0
2026-06-19 04:40:00+00:00,213.16,230.16,1.0
2026-06-19 04:45:00+00:00,213.1,229.75,1.0
2026-06-19 04:50:00+00:00,213.0,228.78,1.0
2026-06-19 04:55:00+00:00,213.86,229.4,1.0
2026-06-19 05:00:00+00:00,213.46,230.19,1.0
2026-06-19 05:05:00+00:00,213.48,229.87,1.0
2026-06-19 05:10:00+00:00,213.86,230.34,1.0
2026-06-19 05:15:00+00:00,213.18,230.08,1.0
2026-06-19 05:20:00+00:00,213.03,229.51,1.0
2026-06-19 05:25:00+00:00,212.98,229.26,1.0
2026-06-19 05:30:00+00:00,212.98,227.28,1.0
2026-06-19 05:35:00+00:00,212.31,226.73,1.0
2026-06-19 05:40:00+00:00,212.71,227.86,1.0
2026-06-19 05:45:00+00:00,214.03,230.2,1.0
2026-06-19 05:50:00+00:00,214.76,231.58,1.0
2026-06-19 05:55:00+00:00,214.68,232.41,1.0
2026-06-19 06:00:00+00:00,216.03,235.95,1.0
2026-06-19 06:05:00+00:00,217.12,236.18,1.0
2026-06-19 06:10:00+00:00,216.02,233.98,1.0
2026-06-19 06:15:00+00:00,215.34,233.78,1.0
2026-06-19 06:20:00+00:00,215.14,233.26,1.0
2026-06-19 06:25:00+00:00,214.73,231.13,1.0
2026-06-19 06:30:00+00:00,215.1,230.11,1.0
2026-06-19 06:35:00+00:00,214.78,231.32,1.0
2026-06-19 06:40:00+00:00,215.22,231.93,1.0
2026-06-19 06:45:00+00:00,215.01,232.02,1.0
2026-06-19 06:50:00+00:00,216.8,232.1,1.0
2026-06-19 06:55:00+00:00,216.41,232.68,1.0
2026-06-19 07:00:00+00:00,215.89,232.85,1.0
2026-06-19 07:05:00+00:00,216.0,232.52,1.0
2026-06-19 07:10:00+00:00,215.98,232.34,1.0
2026-06-19 07:15:00+00:00,215.62,232.26,1.0
2026-06-19 07:20:00+00:00,216.07,232.98,1.0
2026-06-19 07:25:00+00:00,215.7,233.1,1.0
2026-06-19 07:30:00+00:00,216.0,232.38,1.0
2026-06-19 07:35:00+00:00,215.56,232.43,1.0
2026-06-19 07:40:00+00:00,215.3,232.52,1.0
2026-06-19 07:45:00+00:00,214.89,232.13,1.0
2026-06-19 07:50:00+00:00,215.77,232.27,1.0
2026-06-19 07:55:00+00:00,216.22,232.34,1.0
2026-06-19 08:00:00+00:00,215.58,232.45,1.0
2026-06-19 08:05:00+00:00,215.22,232.12,1.0
2026-06-19 08:10:00+00:00,215.02,232.11,1.0
2026-06-19 08:15:00+00:00,215.3,232.51,1.0
2026-06-19 08:20:00+00:00,215.48,232.52,1.0
2026-06-19 08:25:00+00:00,215.79,232.77,1.0
2026-06-19 08:30:00+00:00,215.88,233.03,1.0
2026-06-19 08:35:00+00:00,216.08,233.52,1.0
2026-06-19 08:40:00+00:00,215.98,233.51,1.0
2026-06-19 08:45:00+00:00,215.32,233.57,1.0
2026-06-19 08:50:00+00:00,215.11,233.72,1.0
2026-06-19 08:55:00+00:00,215.33,234.12,1.0
2026-06-19 09:00:00+00:00,215.01,234.21,1.0
2026-06-19 09:05:00+00:00,215.22,234.33,1.0
2026-06-19 09:10:00+00:00,215.12,234.4,1.0
2026-06-19 09:15:00+00:00,215.49,233.67,1.0
2026-06-19 09:20:00+00:00,215.78,233.61,1.0
2026-06-19 09:25:00+00:00,215.59,233.42,1.0
2026-06-19 09:30:00+00:00,215.87,233.64,1.0
2026-06-19 09:35:00+00:00,215.95,233.76,1.0
2026-06-19 09:40:00+00:00,215.86,233.82,1.0
2026-06-19 09:45:00+00:00,215.49,233.5,1.0
2026-06-19 09:50:00+00:00,215.77,233.74,1.0
2026-06-19 09:55:00+00:00,215.54,233.75,1.0
2026-06-19 10:00:00+00:00,215.62,233.7,1.0
2026-06-19 10:05:00+00:00,215.57,233.26,1.0
2026-06-19 10:10:00+00:00,215.21,233.12,1.0
2026-06-19 10:15:00+00:00,214.98,232.76,1.0
2026-06-19 10:20:00+00:00,214.74,232.48,1.0
2026-06-19 10:25:00+00:00,214.52,232.81,1.0
2026-06-19 10:30:00+00:00,214.0,232.48,1.0
2026-06-19 10:35:00+00:00,213.42,232.43,1.0
2026-06-19 10:40:00+00:00,213.98,232.25,1.0
2026-06-19 10:45:00+00:00,214.06,232.82,1.0
2026-06-19 10:50:00+00:00,213.98,232.88,1.0
2026-06-19 10:55:00+00:00,214.08,233.07,1.0
2026-06-19 11:00:00+00:00,214.47,232.85,1.0
2026-06-19 11:05:00+00:00,214.11,232.43,1.0
2026-06-19 11:10:00+00:00,214.11,232.2,1.0
2026-06-19 11:15:00+00:00,214.07,231.9,1.0
2026-06-19 11:20:00+00:00,213.96,232.28,1.0
2026-06-19 11:25:00+00:00,214.04,232.75,1.0
2026-06-19 11:30:00+00:00,214.16,233.05,1.0
2026-06-19 11:35:00+00:00,214.4,233.21,1.0
2026-06-19 11:40:00+00:00,214.27,233.19,1.0
2026-06-19 11:45:00+00:00,214.44,233.23,1.0
2026-06-19 11:50:00+00:00,214.12,233.12,1.0
2026-06-19 11:55:00+00:00,214.37,233.04,1.0
2026-06-19 12:00:00+00:00,214.56,233.01,1.0
2026-06-19 12:05:00+00:00,214.89,233.84,1.0
2026-06-19 12:10:00+00:00,214.47,233.51,1.0
2026-06-19 12:15:00+00:00,214.48,233.21,1.0
2026-06-19 12:20:00+00:00,214.14,232.92,1.0
2026-06-19 12:25:00+00:00,214.16,233.0,1.0
2026-06-19 12:30:00+00:00,214.33,232.98,1.0
2026-06-19 12:35:00+00:00,214.88,233.38,1.0
2026-06-19 12:40:00+00:00,215.06,233.27,1.0
2026-06-19 12:45:00+00:00,214.82,232.19,1.0
2026-06-19 12:50:00+00:00,215.7,234.32,1.0
2026-06-19 12:55:00+00:00,215.79,234.98,1.0
2026-06-19 13:00:00+00:00,215.32,234.65,1.0
2026-06-19 13:05:00+00:00,216.0,234.73,1.0
2026-06-19 13:10:00+00:00,215.77,234.87,1.0
2026-06-19 13:15:00+00:00,215.11,234.27,1.0
2026-06-19 13:20:00+00:00,214.99,233.81,1.0
2026-06-19 13:25:00+00:00,214.85,233.49,1.0
2026-06-19 13:30:00+00:00,214.98,233.35,1.0
2026-06-19 13:35:00+00:00,215.2,233.65,1.0
2026-06-19 13:40:00+00:00,215.34,234.42,1.0
2026-06-19 13:45:00+00:00,216.2,234.54,1.0
2026-06-19 13:50:00+00:00,215.1,234.4,1.0
2026-06-19 13:55:00+00:00,215.12,234.38,1.0
2026-06-19 14:00:00+00:00,215.38,233.99,1.0
2026-06-19 14:05:00+00:00,215.72,233.43,1.0
2026-06-19 14:10:00+00:00,215.34,233.06,1.0
2026-06-19 14:15:00+00:00,215.1,233.09,1.0
2026-06-19 14:20:00+00:00,214.91,233.3,1.0
2026-06-19 14:25:00+00:00,215.2,233.12,1.0
2026-06-19 14:30:00+00:00,214.92,232.71,1.0
2026-06-19 14:35:00+00:00,215.28,233.0,1.0
2026-06-19 14:40:00+00:00,215.34,232.71,1.0
2026-06-19 14:45:00+00:00,215.4,232.98,1.0
2026-06-19 14:50:00+00:00,215.42,233.3,1.0
2026-06-19 14:55:00+00:00,215.32,232.78,1.0
2026-06-19 15:00:00+00:00,215.09,232.92,1.0
2026-06-19 15:05:00+00:00,215.34,233.38,1.0
2026-06-19 15:10:00+00:00,215.38,233.32,1.0
2026-06-19 15:15:00+00:00,215.26,232.9,1.0
2026-06-19 15:20:00+00:00,215.07,232.73,1.0
2026-06-19 15:25:00+00:00,215.42,232.8,1.0
2026-06-19 15:30:00+00:00,215.38,233.32,1.0
2026-06-19 15:35:00+00:00,215.04,233.04,1.0
2026-06-19 15:40:00+00:00,215.06,232.84,1.0
2026-06-19 15:45:00+00:00,215.24,232.91,1.0
2026-06-19 15:50:00+00:00,215.12,232.77,1.0
2026-06-19 15:55:00+00:00,214.98,232.76,1.0
2026-06-19 16:00:00+00:00,214.96,233.12,1.0
2026-06-19 16:05:00+00:00,215.01,233.24,1.0
2026-06-19 16:10:00+00:00,215.44,233.91,1.0
2026-06-19 16:15:00+00:00,215.44,233.96,1.0
2026-06-19 16:20:00+00:00,215.88,234.23,1.0
2026-06-19 16:25:00+00:00,215.91,233.75,1.0
2026-06-19 16:30:00+00:00,215.64,233.31,1.0
2026-06-19 16:35:00+00:00,215.58,233.34,1.0
2026-06-19 16:40:00+00:00,215.3,233.54,1.0
2026-06-19 16:45:00+00:00,215.16,233.17,1.0
2026-06-19 16:50:00+00:00,214.85,232.93,1.0
2026-06-19 16:55:00+00:00,214.56,232.75,1.0
2026-06-19 17:00:00+00:00,214.37,233.0,1.0
2026-06-19 17:05:00+00:00,214.59,233.17,1.0
2026-06-19 17:10:00+00:00,214.71,233.31,1.0
2026-06-19 17:15:00+00:00,214.96,233.49,1.0
2026-06-19 17:20:00+00:00,214.79,233.48,1.0
2026-06-19 17:25:00+00:00,214.82,233.33,1.0
2026-06-19 17:30:00+00:00,214.89,233.86,1.0
2026-06-19 17:35:00+00:00,215.0,234.09,1.0
2026-06-19 17:40:00+00:00,214.81,234.05,1.0
2026-06-19 17:45:00+00:00,214.98,234.07,1.0
2026-06-19 17:50:00+00:00,214.54,234.0,1.0
2026-06-19 17:55:00+00:00,214.48,233.83,1.0
2026-06-19 18:00:00+00:00,214.48,233.75,1.0
2026-06-19 18:05:00+00:00,214.28,233.57,1.0
2026-06-19 18:10:00+00:00,214.43,233.49,1.0
2026-06-19 18:15:00+00:00,214.34,233.43,1.0
2026-06-19 18:20:00+00:00,214.36,233.36,1.0
2026-06-19 18:25:00+00:00,214.34,233.29,1.0
2026-06-19 18:30:00+00:00,214.28,233.3,1.0
2026-06-19 18:35:00+00:00,214.11,233.31,1.0
2026-06-19 18:40:00+00:00,214.1,233.17,1.0
2026-06-19 18:45:00+00:00,214.08,233.18,1.0
2026-06-19 18:50:00+00:00,214.02,233.2,1.0
2026-06-19 18:55:00+00:00,214.08,233.06,1.0
2026-06-19 19:00:00+00:00,214.02,233.01,1.0
2026-06-19 19:05:00+00:00,213.95,233.13,1.0
2026-06-19 19:10:00+00:00,213.98,233.28,1.0
2026-06-19 19:15:00+00:00,214.21,233.63,1.0
2026-06-19 19:20:00+00:00,214.15,233.36,1.0
2026-06-19 19:25:00+00:00,214.18,233.49,1.0
2026-06-19 19:30:00+00:00,213.9,233.48,1.0
2026-06-19 19:35:00+00:00,213.86,233.25,1.0
2026-06-19 19:40:00+00:00,213.87,233.28,1.0
2026-06-19 19:45:00+00:00,214.06,233.34,1.0
2026-06-19 19:50:00+00:00,214.18,233.39,1.0
2026-06-19 19:55:00+00:00,214.12,233.28,1.0
2026-06-19 20:00:00+00:00,214.1,233.25,1.0
2026-06-19 20:05:00+00:00,214.33,233.37,1.0
2026-06-19 20:10:00+00:00,214.25,233.39,1.0
2026-06-19 20:15:00+00:00,214.14,233.26,1.0
2026-06-19 20:20:00+00:00,214.26,233.31,1.0
2026-06-19 20:25:00+00:00,214.15,233.41,1.0
2026-06-19 20:30:00+00:00,214.06,233.17,1.0
2026-06-19 20:35:00+00:00,214.09,233.23,1.0
2026-06-19 20:40:00+00:00,214.0,233.22,1.0
2026-06-19 20:45:00+00:00,214.07,233.44,1.0
2026-06-19 20:50:00+00:00,214.06,233.27,1.0
2026-06-19 20:55:00+00:00,214.28,233.54,1.0
2026-06-19 21:00:00+00:00,214.16,233.49,1.0
2026-06-19 21:05:00+00:00,214.25,233.34,1.0
2026-06-19 21:10:00+00:00,214.48,233.44,1.0
2026-06-19 21:15:00+00:00,214.19,233.57,1.0
2026-06-19 21:20:00+00:00,214.25,233.56,1.0
2026-06-19 21:25:00+00:00,214.22,233.41,1.0
2026-06-19 21:30:00+00:00,214.3,233.5,1.0
2026-06-19 21:35:00+00:00,214.3,233.62,1.0
2026-06-19 21:40:00+00:00,214.54,233.86,1.0
2026-06-19 21:45:00+00:00,214.19,233.64,1.0
2026-06-19 21:50:00+00:00,214.17,233.5,1.0
2026-06-19 21:55:00+00:00,214.14,233.57,1.0
2026-06-19 22:00:00+00:00,214.15,233.91,1.0
2026-06-19 22:05:00+00:00,214.19,233.67,1.0
2026-06-19 22:10:00+00:00,214.23,233.77,1.0
2026-06-19 22:15:00+00:00,214.16,234.03,1.0
2026-06-19 22:20:00+00:00,214.27,233.84,1.0
2026-06-19 22:25:00+00:00,214.43,233.86,1.0
2026-06-19 22:30:00+00:00,214.6,234.15,1.0
2026-06-19 22:35:00+00:00,214.46,234.18,1.0
2026-06-19 22:40:00+00:00,214.7,234.31,1.0
2026-06-19 22:45:00+00:00,214.74,234.57,1.0
2026-06-19 22:50:00+00:00,214.71,234.9,1.0
2026-06-19 22:55:00+00:00,215.04,235.03,1.0
2026-06-19 23:00:00+00:00,215.1,234.83,1.0
2026-06-19 23:05:00+00:00,215.33,234.94,1.0
2026-06-19 23:10:00+00:00,215.42,234.86,1.0
2026-06-19 23:15:00+00:00,215.33,234.97,1.0
2026-06-19 23:20:00+00:00,215.27,235.1,1.0
2026-06-19 23:25:00+00:00,215.78,235.88,1.0
2026-06-19 23:30:00+00:00,215.81,235.86,1.0
2026-06-19 23:35:00+00:00,215.86,235.6,1.0
2026-06-19 23:40:00+00:00,215.57,235.31,1.0
2026-06-19 23:45:00+00:00,215.83,235.63,1.0
2026-06-19 23:50:00+00:00,215.86,235.77,1.0
2026-06-19 23:55:00+00:00,216.06,235.55,1.0
2026-06-20 00:00:00+00:00,216.2,235.65,1.0
2026-06-20 00:05:00+00:00,216.44,235.54,1.0
2026-06-20 00:10:00+00:00,216.93,235.56,1.0
2026-06-20 00:15:00+00:00,216.47,235.08,1.0
2026-06-20 00:20:00+00:00,216.36,234.64,1.0
2026-06-20 00:25:00+00:00,216.79,237.17,1.0
2026-06-20 00:30:00+00:00,216.93,237.95,1.0
2026-06-20 00:35:00+00:00,216.82,237.7,1.0
2026-06-20 00:40:00+00:00,216.24,237.74,1.0
2026-06-20 00:45:00+00:00,216.71,238.04,1.0
2026-06-20 00:50:00+00:00,216.55,237.97,1.0
2026-06-20 00:55:00+00:00,216.11,237.73,1.0
2026-06-20 01:00:00+00:00,216.08,237.91,1.0
2026-06-20 01:05:00+00:00,215.98,238.02,1.0
2026-06-20 01:10:00+00:00,216.32,238.8,1.0
2026-06-20 01:15:00+00:00,216.38,238.64,1.0
2026-06-20 01:20:00+00:00,216.31,238.51,1.0
2026-06-20 01:25:00+00:00,216.5,238.73,1.0
2026-06-20 01:30:00+00:00,216.56,238.77,1.0
2026-06-20 01:35:00+00:00,216.77,238.75,1.0
2026-06-20 01:40:00+00:00,216.53,237.97,1.0
2026-06-20 01:45:00+00:00,216.44,237.65,1.0
2026-06-20 01:50:00+00:00,216.29,237.61,1.0
2026-06-20 01:55:00+00:00,216.62,237.71,1.0
2026-06-20 02:00:00+00:00,216.47,237.6,1.0
2026-06-20 02:05:00+00:00,216.58,237.8,1.0
2026-06-20 02:10:00+00:00,216.59,237.67,1.0
2026-06-20 02:15:00+00:00,216.78,237.67,1.0
2026-06-20 02:20:00+00:00,216.7,237.67,1.0
2026-06-20 02:25:00+00:00,216.72,238.15,1.0
2026-06-20 02:30:00+00:00,216.7,237.89,1.0
2026-06-20 02:35:00+00:00,216.78,237.76,1.0
2026-06-20 02:40:00+00:00,217.36,238.98,1.0
2026-06-20 02:45:00+00:00,217.0,239.25,1.0
2026-06-20 02:50:00+00:00,217.02,238.94,1.0
2026-06-20 02:55:00+00:00,216.81,238.97,1.0
2026-06-20 03:00:00+00:00,216.5,239.13,1.0
2026-06-20 03:05:00+00:00,216.36,238.74,1.0
2026-06-20 03:10:00+00:00,216.6,238.97,1.0
2026-06-20 03:15:00+00:00,216.48,238.32,1.0
2026-06-20 03:20:00+00:00,216.48,237.9,1.0
2026-06-20 03:25:00+00:00,216.48,238.49,1.0
2026-06-20 03:30:00+00:00,216.48,238.67,1.0
2026-06-20 03:35:00+00:00,216.4,239.23,1.0
2026-06-20 03:40:00+00:00,216.57,240.01,1.0
2026-06-20 03:45:00+00:00,216.61,240.29,1.0
2026-06-20 03:50:00+00:00,216.8,240.52,1.0
2026-06-20 03:55:00+00:00,216.92,239.91,1.0
2026-06-20 04:00:00+00:00,216.93,239.46,1.0
2026-06-20 04:05:00+00:00,217.02,239.54,1.0
2026-06-20 04:10:00+00:00,217.16,239.91,1.0
2026-06-20 04:15:00+00:00,217.31,239.9,1.0
2026-06-20 04:20:00+00:00,217.37,240.07,1.0
2026-06-20 04:25:00+00:00,217.54,240.03,1.0
2026-06-20 04:30:00+00:00,217.48,240.15,1.0
2026-06-20 04:35:00+00:00,217.38,239.81,1.0
2026-06-20 04:40:00+00:00,217.4,239.86,1.0
2026-06-20 04:45:00+00:00,217.4,239.83,1.0
2026-06-20 04:50:00+00:00,216.82,239.36,1.0
2026-06-20 04:55:00+00:00,216.71,238.43,1.0
2026-06-20 05:00:00+00:00,216.74,238.82,1.0
2026-06-20 05:05:00+00:00,216.84,240.03,1.0
2026-06-20 05:10:00+00:00,217.84,239.7,1.0
2026-06-20 05:15:00+00:00,217.52,239.92,1.0
2026-06-20 05:20:00+00:00,217.4,240.1,1.0
2026-06-20 05:25:00+00:00,217.36,239.87,1.0
2026-06-20 05:30:00+00:00,217.98,240.26,1.0
2026-06-20 05:35:00+00:00,217.95,240.6,1.0
2026-06-20 05:40:00+00:00,218.0,240.46,1.0
2026-06-20 05:45:00+00:00,217.88,240.98,1.0
2026-06-20 05:50:00+00:00,218.07,241.16,1.0
2026-06-20 05:55:00+00:00,217.49,241.52,1.0
2026-06-20 06:00:00+00:00,217.7,241.44,1.0
2026-06-20 06:05:00+00:00,217.05,242.08,1.0
2026-06-20 06:10:00+00:00,216.96,242.19,1.0
2026-06-20 06:15:00+00:00,217.84,242.54,1.0
2026-06-20 06:20:00+00:00,218.04,243.44,1.0
2026-06-20 06:25:00+00:00,217.66,243.21,1.0
2026-06-20 06:30:00+00:00,217.64,243.45,1.0
2026-06-20 06:35:00+00:00,217.86,243.39,1.0
2026-06-20 06:40:00+00:00,218.04,243.49,1.0
2026-06-20 06:45:00+00:00,218.06,243.41,1.0
2026-06-20 06:50:00+00:00,217.94,243.47,1.0
2026-06-20 06:55:00+00:00,217.89,243.05,1.0
2026-06-20 07:00:00+00:00,217.22,242.8,1.0
2026-06-20 07:05:00+00:00,217.24,242.28,1.0
2026-06-20 07:10:00+00:00,216.85,241.56,1.0
2026-06-20 07:15:00+00:00,216.84,241.67,1.0
2026-06-20 07:20:00+00:00,217.03,241.62,1.0
2026-06-20 07:25:00+00:00,216.62,240.8,1.0
2026-06-20 07:30:00+00:00,217.27,240.8,1.0
2026-06-20 07:35:00+00:00,216.8,240.33,1.0
2026-06-20 07:40:00+00:00,216.66,240.29,1.0
2026-06-20 07:45:00+00:00,216.82,240.0,1.0
2026-06-20 07:50:00+00:00,217.42,239.92,1.0
2026-06-20 07:55:00+00:00,217.53,240.63,1.0
2026-06-20 08:00:00+00:00,217.76,241.11,1.0
2026-06-20 08:05:00+00:00,217.53,240.71,1.0
2026-06-20 08:10:00+00:00,217.48,240.7,1.0
2026-06-20 08:15:00+00:00,217.34,241.0,1.0
2026-06-20 08:20:00+00:00,217.34,241.36,1.0
2026-06-20 08:25:00+00:00,217.15,240.31,1.0
2026-06-20 08:30:00+00:00,217.06,240.48,1.0
2026-06-20 08:35:00+00:00,217.14,240.55,1.0
2026-06-20 08:40:00+00:00,216.63,240.03,1.0
2026-06-20 08:45:00+00:00,216.51,239.9,1.0
2026-06-20 08:50:00+00:00,216.4,239.92,1.0
2026-06-20 08:55:00+00:00,216.36,240.05,1.0
2026-06-20 09:00:00+00:00,216.44,240.11,1.0
2026-06-20 09:05:00+00:00,216.34,240.25,1.0
2026-06-20 09:10:00+00:00,216.54,240.57,1.0
2026-06-20 09:15:00+00:00,216.48,240.45,1.0
2026-06-20 09:20:00+00:00,216.37,240.04,1.0
2026-06-20 09:25:00+00:00,216.22,240.23,1.0
2026-06-20 09:30:00+00:00,216.3,239.99,1.0
2026-06-20 09:35:00+00:00,216.57,240.64,1.0
2026-06-20 09:40:00+00:00,216.49,240.17,1.0
2026-06-20 09:45:00+00:00,216.43,240.58,1.0
2026-06-20 09:50:00+00:00,216.71,240.93,1.0
2026-06-20 09:55:00+00:00,216.8,241.26,1.0
2026-06-20 10:00:00+00:00,216.74,240.75,1.0
2026-06-20 10:05:00+00:00,216.7,240.43,1.0
2026-06-20 10:10:00+00:00,216.44,239.79,1.0
2026-06-20 10:15:00+00:00,216.79,240.13,1.0
2026-06-20 10:20:00+00:00,216.52,239.95,1.0
2026-06-20 10:25:00+00:00,216.74,240.5,1.0
2026-06-20 10:30:00+00:00,216.44,239.96,1.0
2026-06-20 10:35:00+00:00,216.34,239.94,1.0
2026-06-20 10:40:00+00:00,216.2,240.15,1.0
2026-06-20 10:45:00+00:00,216.36,239.79,1.0
2026-06-20 10:50:00+00:00,216.51,239.96,1.0
2026-06-20 10:55:00+00:00,216.72,239.93,1.0
2026-06-20 11:00:00+00:00,216.8,239.9,1.0
2026-06-20 11:05:00+00:00,216.6,239.64,1.0
2026-06-20 11:10:00+00:00,216.77,240.0,1.0
2026-06-20 11:15:00+00:00,216.9,240.06,1.0
2026-06-20 11:20:00+00:00,216.94,240.28,1.0
2026-06-20 11:25:00+00:00,216.69,240.2,1.0
2026-06-20 11:30:00+00:00,216.52,239.75,1.0
2026-06-20 11:35:00+00:00,216.63,240.12,1.0
2026-06-20 11:40:00+00:00,216.84,240.15,1.0
2026-06-20 11:45:00+00:00,216.86,240.35,1.0
2026-06-20 11:50:00+00:00,216.72,240.02,1.0
2026-06-20 11:55:00+00:00,216.86,240.33,1.0
2026-06-20 12:00:00+00:00,216.72,240.05,1.0
2026-06-20 12:05:00+00:00,216.82,240.32,1.0
2026-06-20 12:10:00+00:00,216.65,240.04,1.0
2026-06-20 12:15:00+00:00,216.74,240.17,1.0
2026-06-20 12:20:00+00:00,216.82,240.18,1.0
2026-06-20 12:25:00+00:00,216.78,240.34,1.0
2026-06-20 12:30:00+00:00,216.74,240.5,1.0
2026-06-20 12:35:00+00:00,216.51,239.99,1.0
2026-06-20 12:40:00+00:00,216.63,240.04,1.0
2026-06-20 12:45:00+00:00,216.63,240.24,1.0
2026-06-20 12:50:00+00:00,216.86,240.24,1.0
2026-06-20 12:55:00+00:00,216.98,241.04,1.0
2026-06-20 13:00:00+00:00,216.96,240.88,1.0
2026-06-20 13:05:00+00:00,217.35,241.1,1.0
2026-06-20 13:10:00+00:00,216.8,240.48,1.0
2026-06-20 13:15:00+00:00,216.08,239.05,1.0
2026-06-20 13:20:00+00:00,215.26,236.87,1.0
2026-06-20 13:25:00+00:00,215.6,236.98,1.0
2026-06-20 13:30:00+00:00,215.56,236.8,1.0
2026-06-20 13:35:00+00:00,215.44,236.5,1.0
2026-06-20 13:40:00+00:00,215.38,237.36,1.0
2026-06-20 13:45:00+00:00,215.52,236.59,1.0
2026-06-20 13:50:00+00:00,216.16,237.3,1.0
2026-06-20 13:55:00+00:00,216.2,237.8,1.0
2026-06-20 14:00:00+00:00,215.56,237.17,1.0
2026-06-20 14:05:00+00:00,215.38,237.44,1.0
2026-06-20 14:10:00+00:00,215.24,237.59,1.0
2026-06-20 14:15:00+00:00,215.64,237.85,1.0
2026-06-20 14:20:00+00:00,215.88,237.8,1.0
2026-06-20 14:25:00+00:00,215.97,238.16,1.0
2026-06-20 14:30:00+00:00,215.9,238.21,1.0
2026-06-20 14:35:00+00:00,215.71,237.87,1.0
2026-06-20 14:40:00+00:00,216.24,238.83,1.0
2026-06-20 14:45:00+00:00,216.74,240.94,1.0
2026-06-20 14:50:00+00:00,216.66,241.2,1.0
2026-06-20 14:55:00+00:00,216.64,240.77,1.0
2026-06-20 15:00:00+00:00,217.0,241.18,1.0
2026-06-20 15:05:00+00:00,216.88,240.79,1.0
2026-06-20 15:10:00+00:00,216.78,241.72,1.0
2026-06-20 15:15:00+00:00,217.34,241.76,1.0
2026-06-20 15:20:00+00:00,217.18,241.93,1.0
2026-06-20 15:25:00+00:00,216.86,241.5,1.0
2026-06-20 15:30:00+00:00,216.64,241.07,1.0
2026-06-20 15:35:00+00:00,216.76,241.26,1.0
2026-06-20 15:40:00+00:00,216.69,241.04,1.0
2026-06-20 15:45:00+00:00,217.1,241.34,1.0
2026-06-20 15:50:00+00:00,217.34,240.4,1.0
2026-06-20 15:55:00+00:00,217.52,240.49,1.0
2026-06-20 16:00:00+00:00,217.3,240.39,1.0
2026-06-20 16:05:00+00:00,217.28,240.92,1.0
2026-06-20 16:10:00+00:00,217.5,240.96,1.0
2026-06-20 16:15:00+00:00,217.6,241.51,1.0
2026-06-20 16:20:00+00:00,217.72,241.28,1.0
2026-06-20 16:25:00+00:00,217.54,241.0,1.0
2026-06-20 16:30:00+00:00,217.52,241.26,1.0
2026-06-20 16:35:00+00:00,217.68,241.25,1.0
2026-06-20 16:40:00+00:00,217.56,241.5,1.0
2026-06-20 16:45:00+00:00,217.72,241.51,1.0
2026-06-20 16:50:00+00:00,217.6,241.61,1.0
2026-06-20 16:55:00+00:00,217.5,241.58,1.0
2026-06-20 17:00:00+00:00,217.38,241.35,1.0
2026-06-20 17:05:00+00:00,216.88,240.97,1.0
2026-06-20 17:10:00+00:00,217.22,240.89,1.0
2026-06-20 17:15:00+00:00,217.34,241.19,1.0
2026-06-20 17:20:00+00:00,217.59,240.94,1.0
2026-06-20 17:25:00+00:00,217.82,241.63,1.0
2026-06-20 17:30:00+00:00,217.77,241.0,1.0
2026-06-20 17:35:00+00:00,217.27,240.23,1.0
2026-06-20 17:40:00+00:00,217.2,239.99,1.0
2026-06-20 17:45:00+00:00,217.32,239.73,1.0
2026-06-20 17:50:00+00:00,217.28,239.71,1.0
2026-06-20 17:55:00+00:00,217.06,239.44,1.0
2026-06-20 18:00:00+00:00,217.08,239.25,1.0
2026-06-20 18:05:00+00:00,216.92,238.81,1.0
2026-06-20 18:10:00+00:00,216.7,238.82,1.0
2026-06-20 18:15:00+00:00,217.14,239.01,1.0
2026-06-20 18:20:00+00:00,217.2,239.06,1.0
2026-06-20 18:25:00+00:00,217.16,238.74,1.0
2026-06-20 18:30:00+00:00,217.2,238.51,1.0
2026-06-20 18:35:00+00:00,217.32,238.47,1.0
2026-06-20 18:40:00+00:00,217.33,238.47,1.0
2026-06-20 18:45:00+00:00,217.34,238.47,1.0
2026-06-20 18:50:00+00:00,217.14,238.57,1.0
2026-06-20 18:55:00+00:00,217.16,238.47,1.0
2026-06-20 19:00:00+00:00,217.3,238.47,1.0
2026-06-20 19:05:00+00:00,217.48,238.37,1.0
2026-06-20 19:10:00+00:00,217.34,238.53,1.0
2026-06-20 19:15:00+00:00,217.5,239.23,1.0
2026-06-20 19:20:00+00:00,217.53,239.51,1.0
2026-06-20 19:25:00+00:00,217.46,239.45,1.0
2026-06-20 19:30:00+00:00,217.36,239.51,1.0
2026-06-20 19:35:00+00:00,217.44,239.51,1.0
2026-06-20 19:40:00+00:00,217.36,239.66,1.0
2026-06-20 19:45:00+00:00,217.49,239.73,1.0
2026-06-20 19:50:00+00:00,217.44,239.75,1.0
2026-06-20 19:55:00+00:00,217.46,239.33,1.0
2026-06-20 20:00:00+00:00,217.48,239.59,1.0
2026-06-20 20:05:00+00:00,217.62,239.99,1.0
2026-06-20 20:10:00+00:00,217.74,239.95,1.0
2026-06-20 20:15:00+00:00,217.97,239.98,1.0
2026-06-20 20:20:00+00:00,218.07,239.97,1.0
2026-06-20 20:25:00+00:00,218.04,240.09,1.0
2026-06-20 20:30:00+00:00,217.82,240.03,1.0
2026-06-20 20:35:00+00:00,217.86,240.03,1.0
2026-06-20 20:40:00+00:00,217.87,239.98,1.0
2026-06-20 20:45:00+00:00,217.89,240.05,1.0
2026-06-20 20:50:00+00:00,217.96,240.17,1.0
2026-06-20 20:55:00+00:00,217.94,240.26,1.0
2026-06-20 21:00:00+00:00,218.05,239.93,1.0
2026-06-20 21:05:00+00:00,217.93,239.87,1.0
2026-06-20 21:10:00+00:00,217.96,240.14,1.0
2026-06-20 21:15:00+00:00,217.95,240.01,1.0
2026-06-20 21:20:00+00:00,217.86,239.68,1.0
2026-06-20 21:25:00+00:00,217.62,239.7,1.0
2026-06-20 21:30:00+00:00,217.84,239.72,1.0
2026-06-20 21:35:00+00:00,217.92,240.22,1.0
2026-06-20 21:40:00+00:00,217.92,240.28,1.0
2026-06-20 21:45:00+00:00,218.06,240.49,1.0
2026-06-20 21:50:00+00:00,218.0,240.61,1.0
2026-06-20 21:55:00+00:00,218.1,240.73,1.0
2026-06-20 22:00:00+00:00,218.07,240.8,1.0
2026-06-20 22:05:00+00:00,217.75,240.64,1.0
2026-06-20 22:10:00+00:00,217.78,240.45,1.0
2026-06-20 22:15:00+00:00,217.68,240.21,1.0
2026-06-20 22:20:00+00:00,217.74,240.76,1.0
2026-06-20 22:25:00+00:00,218.01,240.57,1.0
2026-06-20 22:30:00+00:00,218.65,240.81,1.0
2026-06-20 22:35:00+00:00,218.68,240.7,1.0
2026-06-20 22:40:00+00:00,218.87,240.7,1.0
2026-06-20 22:45:00+00:00,218.7,240.8,1.0
2026-06-20 22:50:00+00:00,218.23,240.62,1.0
2026-06-20 22:55:00+00:00,218.26,240.82,1.0
2026-06-20 23:00:00+00:00,218.35,241.06,1.0
2026-06-20 23:05:00+00:00,218.42,241.14,1.0
2026-06-20 23:10:00+00:00,218.38,241.53,1.0
2026-06-20 23:15:00+00:00,218.42,241.54,1.0
2026-06-20 23:20:00+00:00,218.3,241.53,1.0
2026-06-20 23:25:00+00:00,218.37,241.61,1.0
2026-06-20 23:30:00+00:00,218.34,241.51,1.0
2026-06-20 23:35:00+00:00,218.37,241.73,1.0
2026-06-20 23:40:00+00:00,218.44,241.92,1.0
2026-06-20 23:45:00+00:00,218.1,241.42,1.0
2026-06-20 23:50:00+00:00,218.4,241.85,1.0
2026-06-20 23:55:00+00:00,218.72,241.82,1.0
2026-06-21 00:00:00+00:00,218.81,241.02,1.0
2026-06-21 00:05:00+00:00,218.83,241.16,1.0
2026-06-21 00:10:00+00:00,218.72,241.27,1.0
2026-06-21 00:15:00+00:00,218.44,241.32,1.0
2026-06-21 00:20:00+00:00,218.26,241.5,1.0
2026-06-21 00:25:00+00:00,218.28,241.41,1.0
2026-06-21 00:30:00+00:00,218.32,241.33,1.0
2026-06-21 00:35:00+00:00,218.83,241.58,1.0
2026-06-21 00:40:00+00:00,218.88,241.66,1.0
2026-06-21 00:45:00+00:00,218.84,241.52,1.0
2026-06-21 00:50:00+00:00,219.21,241.95,1.0
2026-06-21 00:55:00+00:00,218.92,242.7,1.0
2026-06-21 01:00:00+00:00,218.78,242.93,1.0
2026-06-21 01:05:00+00:00,218.62,242.02,1.0
2026-06-21 01:10:00+00:00,218.5,242.12,1.0
2026-06-21 01:15:00+00:00,218.43,242.36,1.0
2026-06-21 01:20:00+00:00,218.48,242.39,1.0
2026-06-21 01:25:00+00:00,218.59,242.31,1.0
2026-06-21 01:30:00+00:00,218.58,242.4,1.0
2026-06-21 01:35:00+00:00,218.42,242.47,1.0
2026-06-21 01:40:00+00:00,218.45,242.67,1.0
2026-06-21 01:45:00+00:00,218.66,242.5,1.0
2026-06-21 01:50:00+00:00,218.48,242.44,1.0
2026-06-21 01:55:00+00:00,218.7,242.43,1.0
2026-06-21 02:00:00+00:00,218.7,242.01,1.0
2026-06-21 02:05:00+00:00,218.73,242.15,1.0
2026-06-21 02:10:00+00:00,218.6,242.22,1.0
2026-06-21 02:15:00+00:00,218.73,242.03,1.0
2026-06-21 02:20:00+00:00,218.69,242.07,1.0
2026-06-21 02:25:00+00:00,218.65,242.14,1.0
2026-06-21 02:30:00+00:00,218.7,242.1,1.0
2026-06-21 02:35:00+00:00,218.64,242.31,1.0
2026-06-21 02:40:00+00:00,218.54,242.07,1.0
2026-06-21 02:45:00+00:00,218.53,241.95,1.0
2026-06-21 02:50:00+00:00,218.76,242.14,1.0
2026-06-21 02:55:00+00:00,218.72,242.12,1.0
2026-06-21 03:00:00+00:00,218.66,242.01,1.0
2026-06-21 03:05:00+00:00,218.68,242.08,1.0
2026-06-21 03:10:00+00:00,218.76,242.08,1.0
2026-06-21 03:15:00+00:00,218.78,242.06,1.0
2026-06-21 03:20:00+00:00,218.94,242.07,1.0
2026-06-21 03:25:00+00:00,218.86,241.95,1.0
2026-06-21 03:30:00+00:00,219.04,241.76,1.0
2026-06-21 03:35:00+00:00,219.02,242.15,1.0
2026-06-21 03:40:00+00:00,219.2,242.37,1.0
2026-06-21 03:45:00+00:00,218.97,242.29,1.0
2026-06-21 03:50:00+00:00,219.0,242.28,1.0
2026-06-21 03:55:00+00:00,218.75,242.19,1.0
2026-06-21 04:00:00+00:00,218.86,242.33,1.0
2026-06-21 04:05:00+00:00,218.85,242.4,1.0
2026-06-21 04:10:00+00:00,218.79,242.35,1.0
2026-06-21 04:15:00+00:00,218.56,242.1,1.0
2026-06-21 04:20:00+00:00,218.66,242.18,1.0
2026-06-21 04:25:00+00:00,218.74,242.47,1.0
2026-06-21 04:30:00+00:00,218.68,242.73,1.0
2026-06-21 04:35:00+00:00,218.6,242.77,1.0
2026-06-21 04:40:00+00:00,218.72,242.71,1.0
2026-06-21 04:45:00+00:00,218.79,242.8,1.0
2026-06-21 04:50:00+00:00,218.9,242.69,1.0
2026-06-21 04:55:00+00:00,219.0,242.78,1.0
2026-06-21 05:00:00+00:00,218.87,242.37,1.0
2026-06-21 05:05:00+00:00,218.9,242.57,1.0
2026-06-21 05:10:00+00:00,219.02,242.27,1.0
2026-06-21 05:15:00+00:00,218.69,242.13,1.0
2026-06-21 05:20:00+00:00,219.1,242.4,1.0
2026-06-21 05:25:00+00:00,219.12,242.58,1.0
2026-06-21 05:30:00+00:00,219.09,242.57,1.0
2026-06-21 05:35:00+00:00,219.06,242.48,1.0
2026-06-21 05:40:00+00:00,219.08,242.41,1.0
2026-06-21 05:45:00+00:00,218.93,242.41,1.0
2026-06-21 05:50:00+00:00,219.02,242.63,1.0
2026-06-21 05:55:00+00:00,219.28,243.2,1.0
2026-06-21 06:00:00+00:00,219.22,243.13,1.0
2026-06-21 06:05:00+00:00,219.34,243.07,1.0
2026-06-21 06:10:00+00:00,219.18,243.26,1.0
2026-06-21 06:15:00+00:00,219.18,243.11,1.0
2026-06-21 06:20:00+00:00,219.08,243.4,1.0
2026-06-21 06:25:00+00:00,219.0,243.29,1.0
2026-06-21 06:30:00+00:00,218.92,243.36,1.0
2026-06-21 06:35:00+00:00,219.3,243.18,1.0
2026-06-21 06:40:00+00:00,219.25,243.17,1.0
2026-06-21 06:45:00+00:00,219.3,243.5,1.0
2026-06-21 06:50:00+00:00,219.23,243.26,1.0
2026-06-21 06:55:00+00:00,219.19,243.06,1.0
2026-06-21 07:00:00+00:00,219.22,242.35,1.0
2026-06-21 07:05:00+00:00,219.41,243.86,1.0
2026-06-21 07:10:00+00:00,219.43,243.71,1.0
2026-06-21 07:15:00+00:00,219.33,243.72,1.0
2026-06-21 07:20:00+00:00,219.34,243.53,1.0
2026-06-21 07:25:00+00:00,219.28,243.78,1.0
2026-06-21 07:30:00+00:00,219.43,243.88,1.0
2026-06-21 07:35:00+00:00,219.51,243.66,1.0
2026-06-21 07:40:00+00:00,219.5,243.61,1.0
2026-06-21 07:45:00+00:00,219.54,243.38,1.0
2026-06-21 07:50:00+00:00,219.36,243.36,1.0
2026-06-21 07:55:00+00:00,219.21,242.23,1.0
2026-06-21 08:00:00+00:00,219.39,242.88,1.0
2026-06-21 08:05:00+00:00,219.38,242.55,1.0
2026-06-21 08:10:00+00:00,219.2,242.45,1.0
2026-06-21 08:15:00+00:00,219.09,242.7,1.0
2026-06-21 08:20:00+00:00,218.58,242.61,1.0
2026-06-21 08:25:00+00:00,218.6,242.4,1.0
2026-06-21 08:30:00+00:00,218.32,242.38,1.0
2026-06-21 08:35:00+00:00,218.41,242.66,1.0
2026-06-21 08:40:00+00:00,218.67,242.61,1.0
2026-06-21 08:45:00+00:00,218.65,242.54,1.0
2026-06-21 08:50:00+00:00,218.51,242.82,1.0
2026-06-21 08:55:00+00:00,218.19,242.48,1.0
2026-06-21 09:00:00+00:00,218.06,242.7,1.0
2026-06-21 09:05:00+00:00,218.02,242.54,1.0
2026-06-21 09:10:00+00:00,218.16,242.73,1.0
2026-06-21 09:15:00+00:00,218.38,242.67,1.0
2026-06-21 09:20:00+00:00,218.47,242.38,1.0
2026-06-21 09:25:00+00:00,218.69,242.73,1.0
2026-06-21 09:30:00+00:00,218.7,242.37,1.0
2026-06-21 09:35:00+00:00,218.46,242.35,1.0
2026-06-21 09:40:00+00:00,218.34,242.1,1.0
2026-06-21 09:45:00+00:00,218.24,241.8,1.0
2026-06-21 09:50:00+00:00,218.39,242.24,1.0
2026-06-21 09:55:00+00:00,218.61,242.31,1.0
2026-06-21 10:00:00+00:00,218.66,242.15,1.0
2026-06-21 10:05:00+00:00,218.71,242.09,1.0
2026-06-21 10:10:00+00:00,218.76,242.31,1.0
2026-06-21 10:15:00+00:00,218.69,242.07,1.0
2026-06-21 10:20:00+00:00,218.55,242.36,1.0
2026-06-21 10:25:00+00:00,218.45,242.26,1.0
2026-06-21 10:30:00+00:00,218.72,242.27,1.0
2026-06-21 10:35:00+00:00,218.41,242.52,1.0
2026-06-21 10:40:00+00:00,218.38,242.34,1.0
2026-06-21 10:45:00+00:00,218.62,242.49,1.0
2026-06-21 10:50:00+00:00,218.81,242.77,1.0
2026-06-21 10:55:00+00:00,218.53,242.65,1.0
2026-06-21 11:00:00+00:00,218.53,242.87,1.0
2026-06-21 11:05:00+00:00,218.56,242.88,1.0
2026-06-21 11:10:00+00:00,218.26,242.69,1.0
2026-06-21 11:15:00+00:00,218.15,242.27,1.0
2026-06-21 11:20:00+00:00,218.25,242.34,1.0
2026-06-21 11:25:00+00:00,218.32,242.48,1.0
2026-06-21 11:30:00+00:00,218.13,242.51,1.0
2026-06-21 11:35:00+00:00,218.08,242.59,1.0
2026-06-21 11:40:00+00:00,218.09,242.78,1.0
2026-06-21 11:45:00+00:00,218.09,242.92,1.0
2026-06-21 11:50:00+00:00,218.09,242.75,1.0
2026-06-21 11:55:00+00:00,218.05,242.87,1.0
2026-06-21 12:00:00+00:00,217.9,242.58,1.0
2026-06-21 12:05:00+00:00,218.15,242.69,1.0
2026-06-21 12:10:00+00:00,218.17,242.83,1.0
2026-06-21 12:15:00+00:00,218.03,242.79,1.0
2026-06-21 12:20:00+00:00,217.97,242.19,1.0
2026-06-21 12:25:00+00:00,218.06,241.86,1.0
2026-06-21 12:30:00+00:00,218.2,242.21,1.0
2026-06-21 12:35:00+00:00,218.62,242.38,1.0
2026-06-21 12:40:00+00:00,218.76,242.29,1.0
2026-06-21 12:45:00+00:00,218.82,242.48,1.0
2026-06-21 12:50:00+00:00,218.93,242.49,1.0
2026-06-21 12:55:00+00:00,218.59,242.28,1.0
2026-06-21 13:00:00+00:00,218.49,242.04,1.0
2026-06-21 13:05:00+00:00,218.36,241.97,1.0
2026-06-21 13:10:00+00:00,218.3,241.31,1.0
2026-06-21 13:15:00+00:00,218.37,241.82,1.0
2026-06-21 13:20:00+00:00,218.34,241.73,1.0
2026-06-21 13:25:00+00:00,218.36,241.67,1.0
2026-06-21 13:30:00+00:00,218.24,241.5,1.0
2026-06-21 13:35:00+00:00,217.77,241.2,1.0
2026-06-21 13:40:00+00:00,217.74,240.9,1.0
2026-06-21 13:45:00+00:00,217.73,240.53,1.0
2026-06-21 13:50:00+00:00,218.03,241.33,1.0
2026-06-21 13:55:00+00:00,217.92,241.11,1.0
2026-06-21 14:00:00+00:00,218.5,241.76,1.0
2026-06-21 14:05:00+00:00,218.21,241.86,1.0
2026-06-21 14:10:00+00:00,218.12,241.29,1.0
2026-06-21 14:15:00+00:00,217.9,240.95,1.0
2026-06-21 14:20:00+00:00,217.96,241.1,1.0
2026-06-21 14:25:00+00:00,217.98,241.13,1.0
2026-06-21 14:30:00+00:00,217.88,240.92,1.0
2026-06-21 14:35:00+00:00,217.53,240.41,1.0
2026-06-21 14:40:00+00:00,217.82,240.05,1.0
2026-06-21 14:45:00+00:00,217.61,240.56,1.0
2026-06-21 14:50:00+00:00,217.64,240.67,1.0
2026-06-21 14:55:00+00:00,217.69,240.61,1.0
2026-06-21 15:00:00+00:00,217.78,240.59,1.0
2026-06-21 15:05:00+00:00,217.67,240.78,1.0
2026-06-21 15:10:00+00:00,217.68,241.1,1.0
2026-06-21 15:15:00+00:00,217.62,241.21,1.0
2026-06-21 15:20:00+00:00,217.91,241.98,1.0
2026-06-21 15:25:00+00:00,218.31,242.07,1.0
2026-06-21 15:30:00+00:00,218.16,242.06,1.0
2026-06-21 15:35:00+00:00,218.31,242.22,1.0
2026-06-21 15:40:00+00:00,218.2,242.12,1.0
2026-06-21 15:45:00+00:00,218.25,242.1,1.0
2026-06-21 15:50:00+00:00,218.24,242.02,1.0
2026-06-21 15:55:00+00:00,218.18,241.59,1.0
2026-06-21 16:00:00+00:00,217.96,241.58,1.0
2026-06-21 16:05:00+00:00,217.72,240.91,1.0
2026-06-21 16:10:00+00:00,217.65,241.04,1.0
2026-06-21 16:15:00+00:00,217.75,241.2,1.0
2026-06-21 16:20:00+00:00,217.94,241.53,1.0
2026-06-21 16:25:00+00:00,217.85,241.4,1.0
2026-06-21 16:30:00+00:00,217.8,240.97,1.0
2026-06-21 16:35:00+00:00,217.62,241.65,1.0
2026-06-21 16:40:00+00:00,217.84,241.34,1.0
2026-06-21 16:45:00+00:00,217.97,241.41,1.0
2026-06-21 16:50:00+00:00,218.06,241.57,1.0
2026-06-21 16:55:00+00:00,217.94,241.58,1.0
2026-06-21 17:00:00+00:00,218.08,241.58,1.0
2026-06-21 17:05:00+00:00,217.97,241.6,1.0
2026-06-21 17:10:00+00:00,217.95,241.58,1.0
2026-06-21 17:15:00+00:00,218.07,241.61,1.0
2026-06-21 17:20:00+00:00,217.88,241.64,1.0
2026-06-21 17:25:00+00:00,217.86,241.72,1.0
2026-06-21 17:30:00+00:00,217.85,241.95,1.0
2026-06-21 17:35:00+00:00,217.97,241.81,1.0
2026-06-21 17:40:00+00:00,217.95,241.75,1.0
2026-06-21 17:45:00+00:00,217.99,241.72,1.0
2026-06-21 17:50:00+00:00,218.37,241.84,1.0
2026-06-21 17:55:00+00:00,218.42,241.73,1.0
2026-06-21 18:00:00+00:00,218.12,241.09,1.0
2026-06-21 18:05:00+00:00,218.13,241.06,1.0
2026-06-21 18:10:00+00:00,218.11,241.12,1.0
2026-06-21 18:15:00+00:00,218.08,240.81,1.0
2026-06-21 18:20:00+00:00,218.09,240.93,1.0
2026-06-21 18:25:00+00:00,218.03,240.24,1.0
2026-06-21 18:30:00+00:00,218.11,240.49,1.0
2026-06-21 18:35:00+00:00,218.3,240.42,1.0
2026-06-21 18:40:00+00:00,218.37,240.38,1.0
2026-06-21 18:45:00+00:00,218.59,240.6,1.0
2026-06-21 18:50:00+00:00,218.52,240.52,1.0
2026-06-21 18:55:00+00:00,218.55,240.31,1.0
2026-06-21 19:00:00+00:00,218.44,240.33,1.0
2026-06-21 19:05:00+00:00,218.47,240.15,1.0
2026-06-21 19:10:00+00:00,218.54,240.41,1.0
2026-06-21 19:15:00+00:00,218.33,240.42,1.0
2026-06-21 19:20:00+00:00,218.51,240.31,1.0
2026-06-21 19:25:00+00:00,218.4,240.33,1.0
2026-06-21 19:30:00+00:00,218.38,240.35,1.0
2026-06-21 19:35:00+00:00,218.43,240.23,1.0
2026-06-21 19:40:00+00:00,218.42,240.26,1.0
2026-06-21 19:45:00+00:00,218.5,240.38,1.0
2026-06-21 19:50:00+00:00,218.54,240.33,1.0
2026-06-21 19:55:00+00:00,218.49,240.47,1.0
2026-06-21 20:00:00+00:00,218.43,240.72,1.0
2026-06-21 20:05:00+00:00,218.64,240.88,1.0
2026-06-21 20:10:00+00:00,218.49,240.4,1.0
2026-06-21 20:15:00+00:00,218.45,240.41,1.0
2026-06-21 20:20:00+00:00,218.38,240.49,1.0
2026-06-21 20:25:00+00:00,218.3,240.52,1.0
2026-06-21 20:30:00+00:00,218.24,240.52,1.0
2026-06-21 20:35:00+00:00,218.01,240.53,1.0
2026-06-21 20:40:00+00:00,217.94,240.15,1.0
2026-06-21 20:45:00+00:00,217.68,239.72,1.0
2026-06-21 20:50:00+00:00,217.72,239.89,1.0
2026-06-21 20:55:00+00:00,217.88,239.87,1.0
2026-06-21 21:00:00+00:00,217.87,239.72,1.0
2026-06-21 21:05:00+00:00,217.34,239.35,1.0
2026-06-21 21:10:00+00:00,217.33,239.73,1.0
2026-06-21 21:15:00+00:00,217.33,239.3,1.0
2026-06-21 21:20:00+00:00,217.53,239.87,1.0
2026-06-21 21:25:00+00:00,218.16,240.37,1.0
2026-06-21 21:30:00+00:00,218.09,240.51,1.0
2026-06-21 21:35:00+00:00,218.0,241.0,1.0
2026-06-21 21:40:00+00:00,217.96,241.1,1.0
2026-06-21 21:45:00+00:00,217.9,241.06,1.0
2026-06-21 21:50:00+00:00,217.56,240.74,1.0
2026-06-21 21:55:00+00:00,217.43,240.47,1.0
2026-06-21 22:00:00+00:00,217.66,240.43,1.0
2026-06-21 22:05:00+00:00,217.24,239.69,1.0
2026-06-21 22:10:00+00:00,217.0,239.2,1.0
2026-06-21 22:15:00+00:00,216.95,239.12,1.0
2026-06-21 22:20:00+00:00,217.24,239.84,1.0
2026-06-21 22:25:00+00:00,216.99,239.41,1.0
2026-06-21 22:30:00+00:00,216.81,238.96,1.0
2026-06-21 22:35:00+00:00,216.68,238.76,1.0
2026-06-21 22:40:00+00:00,216.74,238.86,1.0
2026-06-21 22:45:00+00:00,216.96,238.98,1.0
2026-06-21 22:50:00+00:00,217.18,239.42,1.0
2026-06-21 22:55:00+00:00,216.86,238.69,1.0
2026-06-21 23:00:00+00:00,216.53,233.65,1.0
2026-06-21 23:05:00+00:00,216.2,233.42,1.0
2026-06-21 23:10:00+00:00,215.53,233.18,1.0
2026-06-21 23:15:00+00:00,215.85,233.1,1.0
2026-06-21 23:20:00+00:00,216.35,232.88,1.0
2026-06-21 23:25:00+00:00,215.69,231.88,1.0
2026-06-21 23:30:00+00:00,215.64,230.94,1.0
2026-06-21 23:35:00+00:00,215.49,230.11,1.0
2026-06-21 23:40:00+00:00,215.69,230.93,1.0
2026-06-21 23:45:00+00:00,215.64,226.52,1.0
2026-06-21 23:50:00+00:00,214.85,227.11,1.0
2026-06-21 23:55:00+00:00,215.39,228.87,1.0
2026-06-22 00:00:00+00:00,214.16,230.73,1.0
2026-06-22 00:05:00+00:00,212.83,228.77,1.0
2026-06-22 00:10:00+00:00,212.02,227.41,1.0
2026-06-22 00:15:00+00:00,212.45,227.97,1.0
2026-06-22 00:20:00+00:00,212.93,228.66,1.0
2026-06-22 00:25:00+00:00,213.58,230.17,1.0
2026-06-22 00:30:00+00:00,214.67,232.12,1.0
2026-06-22 00:35:00+00:00,214.58,232.08,1.0
2026-06-22 00:40:00+00:00,215.47,234.17,1.0
2026-06-22 00:45:00+00:00,215.9,234.08,1.0
2026-06-22 00:50:00+00:00,216.29,234.54,1.0
2026-06-22 00:55:00+00:00,216.64,235.76,1.0
2026-06-22 01:00:00+00:00,216.22,235.73,1.0
2026-06-22 01:05:00+00:00,216.92,238.47,1.0
2026-06-22 01:10:00+00:00,217.06,238.13,1.0
2026-06-22 01:15:00+00:00,217.3,238.95,1.0
2026-06-22 01:20:00+00:00,217.71,238.59,1.0
2026-06-22 01:25:00+00:00,217.76,237.66,1.0
2026-06-22 01:30:00+00:00,217.6,237.68,1.0
2026-06-22 01:35:00+00:00,217.9,238.5,1.0
2026-06-22 01:40:00+00:00,216.91,237.31,1.0
2026-06-22 01:45:00+00:00,216.5,235.96,1.0
2026-06-22 01:50:00+00:00,215.92,234.87,1.0
2026-06-22 01:55:00+00:00,215.8,234.87,1.0
2026-06-22 02:00:00+00:00,216.33,235.67,1.0
2026-06-22 02:05:00+00:00,216.52,235.91,1.0
2026-06-22 02:10:00+00:00,215.75,235.08,1.0
2026-06-22 02:15:00+00:00,215.73,234.73,1.0
2026-06-22 02:20:00+00:00,216.22,234.98,1.0
2026-06-22 02:25:00+00:00,215.77,234.67,1.0
2026-06-22 02:30:00+00:00,215.37,234.02,1.0
2026-06-22 02:35:00+00:00,215.56,235.2,1.0
2026-06-22 02:40:00+00:00,215.02,234.84,1.0
2026-06-22 02:45:00+00:00,214.69,233.48,1.0
2026-06-22 02:50:00+00:00,215.02,233.12,1.0
2026-06-22 02:55:00+00:00,214.86,233.06,1.0
2026-06-22 03:00:00+00:00,214.96,233.03,1.0
2026-06-22 03:05:00+00:00,214.82,232.83,1.0
2026-06-22 03:10:00+00:00,215.0,233.08,1.0
2026-06-22 03:15:00+00:00,215.82,233.65,1.0
2026-06-22 03:20:00+00:00,216.22,234.05,1.0
2026-06-22 03:25:00+00:00,215.47,233.77,1.0
2026-06-22 03:30:00+00:00,215.76,233.8,1.0
2026-06-22 03:35:00+00:00,215.68,233.74,1.0
2026-06-22 03:40:00+00:00,215.6,233.1,1.0
2026-06-22 03:45:00+00:00,215.72,233.1,1.0
2026-06-22 03:50:00+00:00,215.02,232.24,1.0
2026-06-22 03:55:00+00:00,214.64,232.13,1.0
2026-06-22 04:00:00+00:00,214.62,232.31,1.0
2026-06-22 04:05:00+00:00,215.09,232.79,1.0
2026-06-22 04:10:00+00:00,213.66,230.28,1.0
2026-06-22 04:15:00+00:00,214.12,230.47,1.0
2026-06-22 04:20:00+00:00,214.38,231.23,1.0
2026-06-22 04:25:00+00:00,213.24,229.86,1.0
2026-06-22 04:30:00+00:00,213.62,230.32,1.0
2026-06-22 04:35:00+00:00,212.6,228.49,1.0
2026-06-22 04:40:00+00:00,212.47,228.04,1.0
2026-06-22 04:45:00+00:00,213.38,229.4,1.0
2026-06-22 04:50:00+00:00,213.04,228.41,1.0
2026-06-22 04:55:00+00:00,213.34,228.34,1.0
2026-06-22 05:00:00+00:00,212.72,227.87,1.0
2026-06-22 05:05:00+00:00,214.12,229.68,1.0
2026-06-22 05:10:00+00:00,214.36,230.39,1.0
2026-06-22 05:15:00+00:00,214.42,231.37,1.0
2026-06-22 05:20:00+00:00,214.83,231.94,1.0
2026-06-22 05:25:00+00:00,214.81,231.97,1.0
2026-06-22 05:30:00+00:00,214.27,231.6,1.0
2026-06-22 05:35:00+00:00,214.3,231.93,1.0
2026-06-22 05:40:00+00:00,214.5,232.01,1.0
2026-06-22 05:45:00+00:00,214.05,231.42,1.0
2026-06-22 05:50:00+00:00,213.86,231.73,1.0
2026-06-22 05:55:00+00:00,213.7,231.59,1.0
2026-06-22 06:00:00+00:00,214.64,232.28,1.0
2026-06-22 06:05:00+00:00,215.45,232.8,1.0
2026-06-22 06:10:00+00:00,214.78,231.38,1.0
2026-06-22 06:15:00+00:00,214.76,230.91,1.0
2026-06-22 06:20:00+00:00,214.67,231.07,1.0
2026-06-22 06:25:00+00:00,214.87,231.44,1.0
2026-06-22 06:30:00+00:00,214.76,231.28,1.0
2026-06-22 06:35:00+00:00,214.94,231.64,1.0
2026-06-22 06:40:00+00:00,214.76,232.01,1.0
2026-06-22 06:45:00+00:00,214.7,231.13,1.0
2026-06-22 06:50:00+00:00,215.24,231.93,1.0
2026-06-22 06:55:00+00:00,215.29,231.64,1.0
2026-06-22 07:00:00+00:00,215.36,231.23,1.0
2026-06-22 07:05:00+00:00,215.16,230.99,1.0
2026-06-22 07:10:00+00:00,214.99,230.4,1.0
2026-06-22 07:15:00+00:00,215.01,230.5,1.0
2026-06-22 07:20:00+00:00,214.82,230.37,1.0
2026-06-22 07:25:00+00:00,214.86,229.63,1.0
2026-06-22 07:30:00+00:00,214.91,229.87,1.0
2026-06-22 07:35:00+00:00,214.78,230.34,1.0
2026-06-22 07:40:00+00:00,214.59,229.72,1.0
2026-06-22 07:45:00+00:00,214.95,230.09,1.0
2026-06-22 07:50:00+00:00,214.9,229.7,1.0
2026-06-22 07:55:00+00:00,215.09,229.31,1.0
2026-06-22 08:00:00+00:00,214.6,230.54,1.0
2026-06-22 08:05:00+00:00,214.7,230.4,1.0
2026-06-22 08:10:00+00:00,214.86,230.79,1.0
2026-06-22 08:15:00+00:00,214.92,230.89,1.0
2026-06-22 08:20:00+00:00,215.0,231.23,1.0
2026-06-22 08:25:00+00:00,215.0,231.16,1.0
2026-06-22 08:30:00+00:00,215.02,231.13,1.0
2026-06-22 08:35:00+00:00,215.14,231.59,1.0
2026-06-22 08:40:00+00:00,215.36,231.68,1.0
2026-06-22 08:45:00+00:00,215.28,231.45,1.0
2026-06-22 08:50:00+00:00,215.2,231.16,1.0
2026-06-22 08:55:00+00:00,215.16,231.36,1.0
2026-06-22 09:00:00+00:00,215.7,231.66,1.0
2026-06-22 09:05:00+00:00,215.76,231.27,1.0
2026-06-22 09:10:00+00:00,215.54,231.16,1.0
2026-06-22 09:15:00+00:00,215.37,231.06,1.0
2026-06-22 09:20:00+00:00,215.68,231.06,1.0
2026-06-22 09:25:00+00:00,215.76,231.26,1.0
2026-06-22 09:30:00+00:00,215.56,231.35,1.0
2026-06-22 09:35:00+00:00,215.42,231.1,1.0
2026-06-22 09:40:00+00:00,215.38,231.18,1.0
2026-06-22 09:45:00+00:00,215.62,231.41,1.0
2026-06-22 09:50:00+00:00,215.62,232.02,1.0
2026-06-22 09:55:00+00:00,215.56,232.28,1.0
2026-06-22 10:00:00+00:00,216.01,232.22,1.0
2026-06-22 10:05:00+00:00,216.56,232.55,1.0
2026-06-22 10:10:00+00:00,216.62,232.79,1.0
2026-06-22 10:15:00+00:00,216.53,232.96,1.0
2026-06-22 10:20:00+00:00,216.44,233.24,1.0
2026-06-22 10:25:00+00:00,216.67,233.58,1.0
2026-06-22 10:30:00+00:00,216.22,233.65,1.0
2026-06-22 10:35:00+00:00,216.14,233.15,1.0
2026-06-22 10:40:00+00:00,216.27,233.48,1.0
2026-06-22 10:45:00+00:00,216.36,233.28,1.0
2026-06-22 10:50:00+00:00,216.3,232.09,1.0
2026-06-22 10:55:00+00:00,216.29,232.42,1.0
2026-06-22 11:00:00+00:00,216.67,232.45,1.0
2026-06-22 11:05:00+00:00,217.13,233.09,1.0
2026-06-22 11:10:00+00:00,216.83,233.0,1.0
2026-06-22 11:15:00+00:00,217.03,233.31,1.0
2026-06-22 11:20:00+00:00,217.05,233.77,1.0
2026-06-22 11:25:00+00:00,216.84,235.02,1.0
2026-06-22 11:30:00+00:00,217.06,234.93,1.0
2026-06-22 11:35:00+00:00,217.19,235.37,1.0
2026-06-22 11:40:00+00:00,217.02,235.08,1.0
2026-06-22 11:45:00+00:00,217.18,235.16,1.0
2026-06-22 11:50:00+00:00,216.91,235.01,1.0
2026-06-22 11:55:00+00:00,216.94,235.12,1.0
2026-06-22 12:00:00+00:00,217.02,235.35,1.0
2026-06-22 12:05:00+00:00,217.06,235.26,1.0
2026-06-22 12:10:00+00:00,217.36,235.55,1.0
2026-06-22 12:15:00+00:00,217.34,235.5,1.0
2026-06-22 12:20:00+00:00,217.51,236.0,1.0
2026-06-22 12:25:00+00:00,217.66,236.5,1.0
2026-06-22 12:30:00+00:00,217.67,236.15,1.0
2026-06-22 12:35:00+00:00,217.63,236.11,1.0
2026-06-22 12:40:00+00:00,217.25,235.19,1.0
2026-06-22 12:45:00+00:00,217.19,235.26,1.0
2026-06-22 12:50:00+00:00,217.07,235.2,1.0
2026-06-22 12:55:00+00:00,217.1,235.21,1.0
2026-06-22 13:00:00+00:00,217.72,236.52,1.0
2026-06-22 13:05:00+00:00,217.68,236.42,1.0
2026-06-22 13:10:00+00:00,218.44,235.93,1.0
2026-06-22 13:15:00+00:00,218.24,236.2,1.0
2026-06-22 13:20:00+00:00,218.32,236.37,1.0
2026-06-22 13:25:00+00:00,218.06,235.83,1.0
2026-06-22 13:30:00+00:00,218.46,235.59,1.0
2026-06-22 13:35:00+00:00,220.08,237.59,1.0
2026-06-22 13:40:00+00:00,217.83,234.56,1.0
2026-06-22 13:45:00+00:00,218.94,236.44,1.0
2026-06-22 13:50:00+00:00,218.43,236.4,1.0
2026-06-22 13:55:00+00:00,219.19,237.08,1.0
2026-06-22 14:00:00+00:00,219.67,237.37,1.0
2026-06-22 14:05:00+00:00,219.96,237.63,1.0
2026-06-22 14:10:00+00:00,219.5,237.2,1.0
2026-06-22 14:15:00+00:00,219.34,236.72,1.0
2026-06-22 14:20:00+00:00,218.92,235.97,1.0
2026-06-22 14:25:00+00:00,218.57,235.98,1.0
2026-06-22 14:30:00+00:00,217.89,235.23,1.0
2026-06-22 14:35:00+00:00,218.44,235.37,1.0
2026-06-22 14:40:00+00:00,217.75,234.86,1.0
2026-06-22 14:45:00+00:00,218.12,235.53,1.0
2026-06-22 14:50:00+00:00,217.2,234.69,1.0
2026-06-22 14:55:00+00:00,218.28,234.35,1.0
2026-06-22 15:00:00+00:00,218.85,235.5,1.0
2026-06-22 15:05:00+00:00,218.72,235.89,1.0
2026-06-22 15:10:00+00:00,218.7,235.52,1.0
2026-06-22 15:15:00+00:00,218.09,233.8,1.0
2026-06-22 15:20:00+00:00,218.03,234.65,1.0
2026-06-22 15:25:00+00:00,217.62,234.34,1.0
2026-06-22 15:30:00+00:00,217.58,234.09,1.0
2026-06-22 15:35:00+00:00,217.8,234.17,1.0
2026-06-22 15:40:00+00:00,218.42,234.59,1.0
2026-06-22 15:45:00+00:00,217.3,234.16,1.0
2026-06-22 15:50:00+00:00,217.25,234.08,1.0
2026-06-22 15:55:00+00:00,217.64,233.93,1.0
2026-06-22 16:00:00+00:00,217.36,233.97,1.0
2026-06-22 16:05:00+00:00,217.83,234.42,1.0
2026-06-22 16:10:00+00:00,218.24,235.44,1.0
2026-06-22 16:15:00+00:00,218.34,235.75,1.0
2026-06-22 16:20:00+00:00,218.6,235.5,1.0
2026-06-22 16:25:00+00:00,218.58,235.81,1.0
2026-06-22 16:30:00+00:00,218.24,235.75,1.0
2026-06-22 16:35:00+00:00,218.24,235.43,1.0
2026-06-22 16:40:00+00:00,218.29,234.88,1.0
2026-06-22 16:45:00+00:00,218.74,235.63,1.0
2026-06-22 16:50:00+00:00,219.0,236.16,1.0
2026-06-22 16:55:00+00:00,219.16,236.3,1.0
2026-06-22 17:00:00+00:00,219.2,237.22,1.0
2026-06-22 17:05:00+00:00,218.67,236.49,1.0
2026-06-22 17:10:00+00:00,218.92,236.87,1.0
2026-06-22 17:15:00+00:00,219.4,237.25,1.0
2026-06-22 17:20:00+00:00,219.7,236.84,1.0
2026-06-22 17:25:00+00:00,219.67,236.7,1.0
2026-06-22 17:30:00+00:00,219.48,236.89,1.0
2026-06-22 17:35:00+00:00,219.56,237.09,1.0
2026-06-22 17:40:00+00:00,219.28,236.68,1.0
2026-06-22 17:45:00+00:00,219.53,237.12,1.0
2026-06-22 17:50:00+00:00,219.72,237.44,1.0
2026-06-22 17:55:00+00:00,219.28,236.97,1.0
2026-06-22 18:00:00+00:00,219.25,237.54,1.0
2026-06-22 18:05:00+00:00,219.24,237.77,1.0
2026-06-22 18:10:00+00:00,218.95,237.64,1.0
2026-06-22 18:15:00+00:00,219.06,237.9,1.0
2026-06-22 18:20:00+00:00,219.21,237.93,1.0
2026-06-22 18:25:00+00:00,218.97,237.59,1.0
2026-06-22 18:30:00+00:00,218.66,237.3,1.0
2026-06-22 18:35:00+00:00,218.45,237.41,1.0
2026-06-22 18:40:00+00:00,218.12,237.13,1.0
2026-06-22 18:45:00+00:00,218.5,237.5,1.0
2026-06-22 18:50:00+00:00,218.28,237.12,1.0
2026-06-22 18:55:00+00:00,218.14,236.76,1.0
2026-06-22 19:00:00+00:00,218.5,237.03,1.0
2026-06-22 19:05:00+00:00,218.02,236.96,1.0
2026-06-22 19:10:00+00:00,218.28,236.82,1.0
2026-06-22 19:15:00+00:00,218.21,237.13,1.0
2026-06-22 19:20:00+00:00,217.82,236.93,1.0
2026-06-22 19:25:00+00:00,217.62,235.99,1.0
2026-06-22 19:30:00+00:00,218.12,236.03,1.0
2026-06-22 19:35:00+00:00,218.02,236.31,1.0
2026-06-22 19:40:00+00:00,217.88,236.39,1.0
2026-06-22 19:45:00+00:00,218.0,236.28,1.0
2026-06-22 19:50:00+00:00,218.37,236.57,1.0
2026-06-22 19:55:00+00:00,218.58,237.07,1.0
2026-06-22 20:00:00+00:00,218.58,236.99,1.0
2026-06-22 20:05:00+00:00,218.2,236.94,1.0
2026-06-22 20:10:00+00:00,218.53,237.14,1.0
2026-06-22 20:15:00+00:00,218.79,237.07,1.0
2026-06-22 20:20:00+00:00,218.56,237.18,1.0
2026-06-22 20:25:00+00:00,218.5,237.06,1.0
2026-06-22 20:30:00+00:00,218.48,237.11,1.0
2026-06-22 20:35:00+00:00,218.55,237.13,1.0
2026-06-22 20:40:00+00:00,218.68,237.18,1.0
2026-06-22 20:45:00+00:00,218.69,237.17,1.0
2026-06-22 20:50:00+00:00,218.61,237.01,1.0
2026-06-22 20:55:00+00:00,218.81,237.09,1.0
2026-06-22 21:00:00+00:00,218.74,237.12,1.0
2026-06-22 21:05:00+00:00,218.9,236.93,1.0
2026-06-22 21:10:00+00:00,218.95,236.56,1.0
2026-06-22 21:15:00+00:00,218.8,236.97,1.0
2026-06-22 21:20:00+00:00,218.9,237.11,1.0
2026-06-22 21:25:00+00:00,218.7,237.04,1.0
2026-06-22 21:30:00+00:00,218.67,237.43,1.0
2026-06-22 21:35:00+00:00,218.3,236.89,1.0
2026-06-22 21:40:00+00:00,218.33,236.73,1.0
2026-06-22 21:45:00+00:00,218.51,237.04,1.0
2026-06-22 21:50:00+00:00,218.35,237.44,1.0
2026-06-22 21:55:00+00:00,218.29,237.54,1.0
2026-06-22 22:00:00+00:00,218.46,237.65,1.0
2026-06-22 22:05:00+00:00,218.68,237.7,1.0
2026-06-22 22:10:00+00:00,218.37,237.51,1.0
2026-06-22 22:15:00+00:00,218.38,237.69,1.0
2026-06-22 22:20:00+00:00,218.36,237.74,1.0
2026-06-22 22:25:00+00:00,218.11,237.3,1.0
2026-06-22 22:30:00+00:00,217.78,237.39,1.0
2026-06-22 22:35:00+00:00,217.28,235.97,1.0
2026-06-22 22:40:00+00:00,217.12,235.32,1.0
2026-06-22 22:45:00+00:00,217.17,235.15,1.0
2026-06-22 22:50:00+00:00,217.57,235.37,1.0
2026-06-22 22:55:00+00:00,217.56,235.66,1.0
2026-06-22 23:00:00+00:00,217.6,234.89,1.0
2026-06-22 23:05:00+00:00,217.52,234.16,1.0
2026-06-22 23:10:00+00:00,217.34,233.43,1.0
2026-06-22 23:15:00+00:00,216.92,231.76,1.0
2026-06-22 23:20:00+00:00,217.39,232.98,1.0
2026-06-22 23:25:00+00:00,217.6,232.47,1.0
2026-06-22 23:30:00+00:00,217.53,232.67,1.0
2026-06-22 23:35:00+00:00,217.35,232.53,1.0
2026-06-22 23:40:00+00:00,217.26,232.15,1.0
2026-06-22 23:45:00+00:00,216.61,231.66,1.0
2026-06-22 23:50:00+00:00,217.06,231.46,1.0
2026-06-22 23:55:00+00:00,216.26,230.58,1.0
2026-06-23 00:00:00+00:00,216.65,230.87,1.0
2026-06-23 00:05:00+00:00,216.32,231.29,1.0
2026-06-23 00:10:00+00:00,215.47,230.32,1.0
2026-06-23 00:15:00+00:00,213.32,229.13,1.0
2026-06-23 00:20:00+00:00,211.01,224.64,1.0
2026-06-23 00:25:00+00:00,211.86,224.97,1.0
2026-06-23 00:30:00+00:00,212.34,225.9,1.0
2026-06-23 00:35:00+00:00,211.53,225.48,1.0
2026-06-23 00:40:00+00:00,212.54,227.36,1.0
2026-06-23 00:45:00+00:00,212.87,227.51,1.0
2026-06-23 00:50:00+00:00,211.89,225.65,1.0
2026-06-23 00:55:00+00:00,211.64,225.33,1.0
2026-06-23 01:00:00+00:00,211.77,225.19,1.0
2026-06-23 01:05:00+00:00,211.62,224.67,1.0
2026-06-23 01:10:00+00:00,211.74,225.15,1.0
2026-06-23 01:15:00+00:00,211.14,224.12,1.0
2026-06-23 01:20:00+00:00,210.62,223.5,1.0
2026-06-23 01:25:00+00:00,211.03,223.9,1.0
2026-06-23 01:30:00+00:00,209.81,222.15,1.0
2026-06-23 01:35:00+00:00,209.3,222.15,1.0
2026-06-23 01:40:00+00:00,208.49,220.73,1.0
2026-06-23 01:45:00+00:00,207.14,218.71,1.0
2026-06-23 01:50:00+00:00,206.51,218.93,1.0
2026-06-23 01:55:00+00:00,206.18,219.58,1.0
2026-06-23 02:00:00+00:00,206.65,219.81,1.0
2026-06-23 02:05:00+00:00,205.91,219.09,1.0
2026-06-23 02:10:00+00:00,206.92,220.71,1.0
2026-06-23 02:15:00+00:00,206.6,220.17,1.0
2026-06-23 02:20:00+00:00,206.65,220.97,1.0
2026-06-23 02:25:00+00:00,206.82,223.1,1.0
2026-06-23 02:30:00+00:00,206.16,221.65,1.0
2026-06-23 02:35:00+00:00,205.62,221.32,1.0
2026-06-23 02:40:00+00:00,205.85,221.96,1.0
2026-06-23 02:45:00+00:00,205.5,221.27,1.0
2026-06-23 02:50:00+00:00,206.3,222.52,1.0
2026-06-23 02:55:00+00:00,206.02,222.18,1.0
2026-06-23 03:00:00+00:00,205.24,220.58,1.0
2026-06-23 03:05:00+00:00,204.16,218.77,1.0
2026-06-23 03:10:00+00:00,203.84,217.72,1.0
2026-06-23 03:15:00+00:00,203.61,217.36,1.0
2026-06-23 03:20:00+00:00,203.78,217.67,1.0
2026-06-23 03:25:00+00:00,203.24,216.26,1.0
2026-06-23 03:30:00+00:00,201.78,214.4,1.0
2026-06-23 03:35:00+00:00,202.04,215.18,1.0
2026-06-23 03:40:00+00:00,202.48,216.14,1.0
2026-06-23 03:45:00+00:00,202.62,216.66,1.0
2026-06-23 03:50:00+00:00,203.84,218.36,1.0
2026-06-23 03:55:00+00:00,205.16,220.79,1.0
2026-06-23 04:00:00+00:00,205.29,220.67,1.0
2026-06-23 04:05:00+00:00,204.78,219.96,1.0
2026-06-23 04:10:00+00:00,204.21,219.58,1.0
2026-06-23 04:15:00+00:00,203.42,218.25,1.0
2026-06-23 04:20:00+00:00,203.57,217.75,1.0
2026-06-23 04:25:00+00:00,203.6,218.22,1.0
2026-06-23 04:30:00+00:00,203.42,218.27,1.0
2026-06-23 04:35:00+00:00,203.18,217.67,1.0
2026-06-23 04:40:00+00:00,202.27,216.34,1.0
2026-06-23 04:45:00+00:00,201.8,215.94,1.0
2026-06-23 04:50:00+00:00,201.4,215.31,1.0
2026-06-23 04:55:00+00:00,200.22,213.89,1.0
2026-06-23 05:00:00+00:00,201.9,215.4,1.0
2026-06-23 05:05:00+00:00,200.84,213.63,1.0
2026-06-23 05:10:00+00:00,200.52,212.9,1.0
2026-06-23 05:15:00+00:00,200.25,213.26,1.0
2026-06-23 05:20:00+00:00,199.95,211.17,1.0
2026-06-23 05:25:00+00:00,199.88,210.65,1.0
2026-06-23 05:30:00+00:00,198.86,210.57,1.0
2026-06-23 05:35:00+00:00,198.86,210.65,1.0
2026-06-23 05:40:00+00:00,199.06,211.48,1.0
2026-06-23 05:45:00+00:00,199.05,211.04,1.0
2026-06-23 05:50:00+00:00,198.67,210.07,1.0
2026-06-23 05:55:00+00:00,198.63,209.13,1.0
2026-06-23 06:00:00+00:00,198.81,209.31,1.0
2026-06-23 06:05:00+00:00,197.0,206.12,1.0
2026-06-23 06:10:00+00:00,195.58,204.79,1.0
2026-06-23 06:15:00+00:00,195.22,204.45,1.0
2026-06-23 06:20:00+00:00,193.9,202.91,1.0
2026-06-23 06:25:00+00:00,193.65,205.58,1.0
2026-06-23 06:30:00+00:00,194.61,205.18,1.0
2026-06-23 06:35:00+00:00,194.58,206.23,1.0
2026-06-23 06:40:00+00:00,194.48,204.65,1.0
2026-06-23 06:45:00+00:00,194.98,205.26,1.0
2026-06-23 06:50:00+00:00,195.74,206.16,1.0
2026-06-23 06:55:00+00:00,195.56,206.42,1.0
2026-06-23 07:00:00+00:00,195.47,207.33,1.0
2026-06-23 07:05:00+00:00,196.32,209.95,1.0
2026-06-23 07:10:00+00:00,196.59,210.47,1.0
2026-06-23 07:15:00+00:00,196.44,209.48,1.0
2026-06-23 07:20:00+00:00,196.78,209.6,1.0
2026-06-23 07:25:00+00:00,196.94,209.36,1.0
2026-06-23 07:30:00+00:00,196.61,208.93,1.0
2026-06-23 07:35:00+00:00,196.7,208.91,1.0
2026-06-23 07:40:00+00:00,196.38,207.97,1.0
2026-06-23 07:45:00+00:00,196.2,206.91,1.0
2026-06-23 07:50:00+00:00,195.38,206.46,1.0
2026-06-23 07:55:00+00:00,195.57,205.75,1.0
2026-06-23 08:00:00+00:00,195.16,205.23,1.0
2026-06-23 08:05:00+00:00,196.26,205.69,1.0
2026-06-23 08:10:00+00:00,195.74,204.91,1.0
2026-06-23 08:15:00+00:00,195.37,204.79,1.0
2026-06-23 08:20:00+00:00,194.74,204.12,1.0
2026-06-23 08:25:00+00:00,194.8,203.67,1.0
2026-06-23 08:30:00+00:00,195.12,204.54,1.0
2026-06-23 08:35:00+00:00,195.13,203.59,1.0
2026-06-23 08:40:00+00:00,195.81,204.36,1.0
2026-06-23 08:45:00+00:00,195.17,203.96,1.0
2026-06-23 08:50:00+00:00,195.38,204.67,1.0
2026-06-23 08:55:00+00:00,195.28,204.66,1.0
2026-06-23 09:00:00+00:00,195.3,205.8,1.0
2026-06-23 09:05:00+00:00,195.59,205.87,1.0
2026-06-23 09:10:00+00:00,196.29,206.35,1.0
2026-06-23 09:15:00+00:00,196.57,206.58,1.0
2026-06-23 09:20:00+00:00,197.29,207.27,1.0
2026-06-23 09:25:00+00:00,197.01,207.47,1.0
2026-06-23 09:30:00+00:00,197.01,207.08,1.0
2026-06-23 09:35:00+00:00,196.73,207.0,1.0
2026-06-23 09:40:00+00:00,196.46,207.21,1.0
2026-06-23 09:45:00+00:00,196.75,207.47,1.0
2026-06-23 09:50:00+00:00,197.0,207.51,1.0
2026-06-23 09:55:00+00:00,196.97,207.25,1.0
2026-06-23 10:00:00+00:00,197.14,207.42,1.0
2026-06-23 10:05:00+00:00,196.79,206.88,1.0
2026-06-23 10:10:00+00:00,196.23,206.41,1.0
2026-06-23 10:15:00+00:00,196.45,206.63,1.0
2026-06-23 10:20:00+00:00,195.89,206.17,1.0
2026-06-23 10:25:00+00:00,195.23,205.53,1.0
2026-06-23 10:30:00+00:00,194.84,204.87,1.0
2026-06-23 10:35:00+00:00,194.61,204.6,1.0
2026-06-23 10:40:00+00:00,194.35,204.28,1.0
2026-06-23 10:45:00+00:00,194.42,203.95,1.0
2026-06-23 10:50:00+00:00,194.48,204.05,1.0
2026-06-23 10:55:00+00:00,194.98,204.17,1.0
2026-06-23 11:00:00+00:00,194.81,204.4,1.0
2026-06-23 11:05:00+00:00,195.35,204.69,1.0
2026-06-23 11:10:00+00:00,195.95,205.59,1.0
2026-06-23 11:15:00+00:00,195.71,205.45,1.0
2026-06-23 11:20:00+00:00,196.07,206.53,1.0
2026-06-23 11:25:00+00:00,195.68,206.04,1.0
2026-06-23 11:30:00+00:00,195.79,205.75,1.0
2026-06-23 11:35:00+00:00,196.31,206.41,1.0
2026-06-23 11:40:00+00:00,197.02,207.48,1.0
2026-06-23 11:45:00+00:00,197.04,207.2,1.0
2026-06-23 11:50:00+00:00,197.02,207.45,1.0
2026-06-23 11:55:00+00:00,197.17,207.41,1.0
2026-06-23 12:00:00+00:00,197.24,207.48,1.0
2026-06-23 12:05:00+00:00,196.65,206.97,1.0
2026-06-23 12:10:00+00:00,196.06,206.6,1.0
2026-06-23 12:15:00+00:00,195.92,206.66,1.0
2026-06-23 12:20:00+00:00,195.39,205.94,1.0
2026-06-23 12:25:00+00:00,195.39,205.72,1.0
2026-06-23 12:30:00+00:00,194.58,205.15,1.0
2026-06-23 12:35:00+00:00,194.89,205.13,1.0
2026-06-23 12:40:00+00:00,194.98,204.91,1.0
2026-06-23 12:45:00+00:00,194.79,204.89,1.0
2026-06-23 12:50:00+00:00,194.59,204.99,1.0
2026-06-23 12:55:00+00:00,194.48,204.75,1.0
2026-06-23 13:00:00+00:00,194.04,203.87,1.0
2026-06-23 13:05:00+00:00,193.79,203.44,1.0
2026-06-23 13:10:00+00:00,193.95,203.6,1.0
2026-06-23 13:15:00+00:00,193.85,203.81,1.0
2026-06-23 13:20:00+00:00,194.48,203.65,1.0
2026-06-23 13:25:00+00:00,193.82,203.28,1.0
2026-06-23 13:30:00+00:00,195.04,204.15,1.0
2026-06-23 13:35:00+00:00,195.94,205.33,1.0
2026-06-23 13:40:00+00:00,195.53,206.17,1.0
2026-06-23 13:45:00+00:00,196.66,208.11,1.0
2026-06-23 13:50:00+00:00,197.94,208.5,1.0
2026-06-23 13:55:00+00:00,197.92,208.47,1.0
2026-06-23 14:00:00+00:00,199.07,209.41,1.0
2026-06-23 14:05:00+00:00,198.51,209.72,1.0
2026-06-23 14:10:00+00:00,199.59,210.45,1.0
2026-06-23 14:15:00+00:00,200.42,210.88,1.0
2026-06-23 14:20:00+00:00,199.1,209.87,1.0
2026-06-23 14:25:00+00:00,198.66,209.26,1.0
2026-06-23 14:30:00+00:00,197.4,209.3,1.0
2026-06-23 14:35:00+00:00,197.01,208.87,1.0
2026-06-23 14:40:00+00:00,196.91,207.69,1.0
2026-06-23 14:45:00+00:00,196.89,208.2,1.0
2026-06-23 14:50:00+00:00,196.83,207.71,1.0
2026-06-23 14:55:00+00:00,197.71,208.13,1.0
2026-06-23 15:00:00+00:00,197.66,207.84,1.0
2026-06-23 15:05:00+00:00,196.94,207.55,1.0
2026-06-23 15:10:00+00:00,196.91,207.48,1.0
2026-06-23 15:15:00+00:00,195.71,206.95,1.0
2026-06-23 15:20:00+00:00,195.72,206.12,1.0
2026-06-23 15:25:00+00:00,195.44,205.53,1.0
2026-06-23 15:30:00+00:00,196.28,206.54,1.0
2026-06-23 15:35:00+00:00,195.61,206.04,1.0
2026-06-23 15:40:00+00:00,195.98,206.2,1.0
2026-06-23 15:45:00+00:00,195.76,205.99,1.0
2026-06-23 15:50:00+00:00,196.9,208.33,1.0
2026-06-23 15:55:00+00:00,196.99,208.07,1.0
2026-06-23 16:00:00+00:00,197.4,208.36,1.0
2026-06-23 16:05:00+00:00,197.17,208.6,1.0
2026-06-23 16:10:00+00:00,197.48,209.29,1.0
2026-06-23 16:15:00+00:00,196.82,209.02,1.0
2026-06-23 16:20:00+00:00,196.8,209.42,1.0
2026-06-23 16:25:00+00:00,196.55,209.32,1.0
2026-06-23 16:30:00+00:00,196.48,209.16,1.0
2026-06-23 16:35:00+00:00,196.61,209.51,1.0
2026-06-23 16:40:00+00:00,196.95,209.43,1.0
2026-06-23 16:45:00+00:00,196.32,208.9,1.0
2026-06-23 16:50:00+00:00,195.91,208.4,1.0
2026-06-23 16:55:00+00:00,195.92,208.02,1.0
2026-06-23 17:00:00+00:00,195.26,207.3,1.0
2026-06-23 17:05:00+00:00,194.97,207.65,1.0
2026-06-23 17:10:00+00:00,195.18,207.87,1.0
2026-06-23 17:15:00+00:00,194.98,207.65,1.0
2026-06-23 17:20:00+00:00,195.28,208.04,1.0
2026-06-23 17:25:00+00:00,195.28,207.55,1.0
2026-06-23 17:30:00+00:00,195.48,207.7,1.0
2026-06-23 17:35:00+00:00,195.14,207.65,1.0
2026-06-23 17:40:00+00:00,194.98,207.58,1.0
2026-06-23 17:45:00+00:00,195.09,207.17,1.0
2026-06-23 17:50:00+00:00,194.44,205.99,1.0
2026-06-23 17:55:00+00:00,193.75,206.1,1.0
2026-06-23 18:00:00+00:00,194.28,206.06,1.0
2026-06-23 18:05:00+00:00,193.99,205.58,1.0
2026-06-23 18:10:00+00:00,194.0,205.59,1.0
2026-06-23 18:15:00+00:00,193.91,205.33,1.0
2026-06-23 18:20:00+00:00,194.08,205.77,1.0
2026-06-23 18:25:00+00:00,193.81,206.02,1.0
2026-06-23 18:30:00+00:00,193.58,205.8,1.0
2026-06-23 18:35:00+00:00,193.35,205.51,1.0
2026-06-23 18:40:00+00:00,192.6,204.46,1.0
2026-06-23 18:45:00+00:00,193.14,204.64,1.0
2026-06-23 18:50:00+00:00,193.34,204.93,1.0
2026-06-23 18:55:00+00:00,194.18,205.18,1.0
2026-06-23 19:00:00+00:00,195.43,205.91,1.0
2026-06-23 19:05:00+00:00,194.4,204.96,1.0
2026-06-23 19:10:00+00:00,194.81,205.38,1.0
2026-06-23 19:15:00+00:00,193.78,205.39,1.0
2026-06-23 19:20:00+00:00,194.64,206.42,1.0
2026-06-23 19:25:00+00:00,194.52,206.5,1.0
2026-06-23 19:30:00+00:00,194.72,206.83,1.0
2026-06-23 19:35:00+00:00,194.42,206.92,1.0
2026-06-23 19:40:00+00:00,194.02,206.33,1.0
2026-06-23 19:45:00+00:00,193.45,206.37,1.0
2026-06-23 19:50:00+00:00,193.88,206.62,1.0
2026-06-23 19:55:00+00:00,192.26,205.63,1.0
2026-06-23 20:00:00+00:00,192.64,204.62,1.0
2026-06-23 20:05:00+00:00,192.61,203.93,1.0
2026-06-23 20:10:00+00:00,193.04,204.87,1.0
2026-06-23 20:15:00+00:00,194.15,206.3,1.0
2026-06-23 20:20:00+00:00,194.34,206.28,1.0
2026-06-23 20:25:00+00:00,194.25,205.59,1.0
2026-06-23 20:30:00+00:00,194.23,205.41,1.0
2026-06-23 20:35:00+00:00,194.6,205.78,1.0
2026-06-23 20:40:00+00:00,194.43,205.3,1.0
2026-06-23 20:45:00+00:00,194.2,204.67,1.0
2026-06-23 20:50:00+00:00,194.22,205.13,1.0
2026-06-23 20:55:00+00:00,194.81,205.69,1.0
2026-06-23 21:00:00+00:00,195.01,206.05,1.0
2026-06-23 21:05:00+00:00,194.99,206.67,1.0
2026-06-23 21:10:00+00:00,195.13,206.94,1.0
2026-06-23 21:15:00+00:00,195.77,207.3,1.0
2026-06-23 21:20:00+00:00,195.5,208.15,1.0
2026-06-23 21:25:00+00:00,195.8,208.37,1.0
2026-06-23 21:30:00+00:00,195.63,208.37,1.0
2026-06-23 21:35:00+00:00,195.54,208.33,1.0
2026-06-23 21:40:00+00:00,195.74,208.34,1.0
2026-06-23 21:45:00+00:00,196.24,208.8,1.0
2026-06-23 21:50:00+00:00,196.56,208.62,1.0
2026-06-23 21:55:00+00:00,196.74,208.5,1.0
2026-06-23 22:00:00+00:00,196.96,207.47,1.0
2026-06-23 22:05:00+00:00,197.44,208.12,1.0
2026-06-23 22:10:00+00:00,197.99,208.13,1.0
2026-06-23 22:15:00+00:00,198.95,208.42,1.0
2026-06-23 22:20:00+00:00,197.6,207.1,1.0
2026-06-23 22:25:00+00:00,196.83,206.88,1.0
2026-06-23 22:30:00+00:00,196.98,206.8,1.0
2026-06-23 22:35:00+00:00,196.95,206.93,1.0
2026-06-23 22:40:00+00:00,195.96,206.2,1.0
2026-06-23 22:45:00+00:00,196.49,206.76,1.0
2026-06-23 22:50:00+00:00,195.92,206.67,1.0
2026-06-23 22:55:00+00:00,196.43,207.22,1.0
2026-06-23 23:00:00+00:00,193.39,199.72,1.0
2026-06-23 23:05:00+00:00,194.42,201.7,1.0
2026-06-23 23:10:00+00:00,194.77,202.98,1.0
2026-06-23 23:15:00+00:00,195.08,204.34,1.0
2026-06-23 23:20:00+00:00,195.62,204.54,1.0
2026-06-23 23:25:00+00:00,195.75,204.05,1.0
2026-06-23 23:30:00+00:00,194.62,203.13,1.0
2026-06-23 23:35:00+00:00,194.41,202.6,1.0
2026-06-23 23:40:00+00:00,195.3,203.96,1.0
2026-06-23 23:45:00+00:00,196.62,206.14,1.0
2026-06-23 23:50:00+00:00,195.82,205.29,1.0
2026-06-23 23:55:00+00:00,196.22,206.51,1.0
2026-06-24 00:00:00+00:00,195.55,210.99,1.0
2026-06-24 00:05:00+00:00,198.87,216.5,1.0
2026-06-24 00:10:00+00:00,199.21,217.82,1.0
2026-06-24 00:15:00+00:00,199.63,218.7,1.0
2026-06-24 00:20:00+00:00,197.48,216.14,1.0
2026-06-24 00:25:00+00:00,199.69,220.89,1.0
2026-06-24 00:30:00+00:00,199.99,221.95,1.0
2026-06-24 00:35:00+00:00,200.22,221.26,1.0
2026-06-24 00:40:00+00:00,200.4,221.51,1.0
2026-06-24 00:45:00+00:00,200.23,220.36,1.0
2026-06-24 00:50:00+00:00,199.91,219.71,1.0
2026-06-24 00:55:00+00:00,200.01,220.58,1.0
2026-06-24 01:00:00+00:00,197.93,216.85,1.0
2026-06-24 01:05:00+00:00,197.15,215.52,1.0
2026-06-24 01:10:00+00:00,197.99,216.01,1.0
2026-06-24 01:15:00+00:00,197.44,215.45,1.0
2026-06-24 01:20:00+00:00,198.7,217.15,1.0
2026-06-24 01:25:00+00:00,198.5,217.0,1.0
2026-06-24 01:30:00+00:00,199.7,217.96,1.0
2026-06-24 01:35:00+00:00,199.72,218.08,1.0
2026-06-24 01:40:00+00:00,199.33,216.86,1.0
2026-06-24 01:45:00+00:00,199.18,216.96,1.0
2026-06-24 01:50:00+00:00,200.01,218.15,1.0
2026-06-24 01:55:00+00:00,199.9,218.04,1.0
2026-06-24 02:00:00+00:00,199.97,218.65,1.0
2026-06-24 02:05:00+00:00,199.66,217.55,1.0
2026-06-24 02:10:00+00:00,199.64,218.4,1.0
2026-06-24 02:15:00+00:00,199.41,217.55,1.0
2026-06-24 02:20:00+00:00,198.64,216.31,1.0
2026-06-24 02:25:00+00:00,199.15,216.95,1.0
2026-06-24 02:30:00+00:00,198.58,215.33,1.0
2026-06-24 02:35:00+00:00,197.33,213.93,1.0
2026-06-24 02:40:00+00:00,196.2,212.36,1.0
2026-06-24 02:45:00+00:00,194.48,211.0,1.0
2026-06-24 02:50:00+00:00,193.36,209.95,1.0
2026-06-24 02:55:00+00:00,191.81,208.15,1.0
2026-06-24 03:00:00+00:00,191.6,208.81,1.0
2026-06-24 03:05:00+00:00,192.73,210.08,1.0
2026-06-24 03:10:00+00:00,193.16,211.23,1.0
2026-06-24 03:15:00+00:00,191.55,209.11,1.0
2026-06-24 03:20:00+00:00,191.68,209.57,1.0
2026-06-24 03:25:00+00:00,195.19,213.72,1.0
2026-06-24 03:30:00+00:00,195.16,213.64,1.0
2026-06-24 03:35:00+00:00,195.06,213.14,1.0
2026-06-24 03:40:00+00:00,195.09,212.76,1.0
2026-06-24 03:45:00+00:00,194.8,212.42,1.0
2026-06-24 03:50:00+00:00,194.99,212.58,1.0
2026-06-24 03:55:00+00:00,195.53,213.16,1.0
2026-06-24 04:00:00+00:00,193.79,211.49,1.0
2026-06-24 04:05:00+00:00,193.87,211.69,1.0
2026-06-24 04:10:00+00:00,193.77,212.03,1.0
2026-06-24 04:15:00+00:00,193.18,210.22,1.0
2026-06-24 04:20:00+00:00,192.65,209.28,1.0
2026-06-24 04:25:00+00:00,192.98,210.45,1.0
2026-06-24 04:30:00+00:00,194.17,212.76,1.0
2026-06-24 04:35:00+00:00,195.0,213.98,1.0
2026-06-24 04:40:00+00:00,195.58,214.39,1.0
2026-06-24 04:45:00+00:00,196.42,215.89,1.0
2026-06-24 04:50:00+00:00,196.23,216.1,1.0
2026-06-24 04:55:00+00:00,196.71,216.72,1.0
2026-06-24 05:00:00+00:00,197.51,216.85,1.0
2026-06-24 05:05:00+00:00,198.02,217.06,1.0
2026-06-24 05:10:00+00:00,198.48,217.5,1.0
2026-06-24 05:15:00+00:00,198.96,217.91,1.0
2026-06-24 05:20:00+00:00,199.14,218.5,1.0
2026-06-24 05:25:00+00:00,198.2,217.21,1.0
2026-06-24 05:30:00+00:00,198.65,218.44,1.0
2026-06-24 05:35:00+00:00,199.82,220.23,1.0
2026-06-24 05:40:00+00:00,198.27,218.18,1.0
2026-06-24 05:45:00+00:00,198.52,218.68,1.0
2026-06-24 05:50:00+00:00,197.98,217.97,1.0
2026-06-24 05:55:00+00:00,198.08,218.43,1.0
2026-06-24 06:00:00+00:00,198.1,218.53,1.0
2026-06-24 06:05:00+00:00,199.23,220.47,1.0
2026-06-24 06:10:00+00:00,199.23,220.07,1.0
2026-06-24 06:15:00+00:00,199.21,219.69,1.0
2026-06-24 06:20:00+00:00,198.39,220.35,1.0
2026-06-24 06:25:00+00:00,198.35,219.84,1.0
2026-06-24 06:30:00+00:00,199.04,219.04,1.0
2026-06-24 06:35:00+00:00,198.67,218.29,1.0
2026-06-24 06:40:00+00:00,198.57,219.3,1.0
2026-06-24 06:45:00+00:00,198.42,219.73,1.0
2026-06-24 06:50:00+00:00,198.34,219.87,1.0
2026-06-24 06:55:00+00:00,198.4,219.8,1.0
2026-06-24 07:00:00+00:00,198.23,219.87,1.0
2026-06-24 07:05:00+00:00,197.68,219.87,1.0
2026-06-24 07:10:00+00:00,197.77,220.12,1.0
2026-06-24 07:15:00+00:00,197.93,219.88,1.0
2026-06-24 07:20:00+00:00,198.2,219.89,1.0
2026-06-24 07:25:00+00:00,197.9,219.32,1.0
2026-06-24 07:30:00+00:00,198.39,219.72,1.0
2026-06-24 07:35:00+00:00,198.38,219.91,1.0
2026-06-24 07:40:00+00:00,198.59,220.26,1.0
2026-06-24 07:45:00+00:00,198.61,220.7,1.0
2026-06-24 07:50:00+00:00,198.75,220.16,1.0
2026-06-24 07:55:00+00:00,198.57,220.25,1.0
2026-06-24 08:00:00+00:00,199.39,221.34,1.0
2026-06-24 08:05:00+00:00,199.63,221.41,1.0
2026-06-24 08:10:00+00:00,200.19,221.36,1.0
2026-06-24 08:15:00+00:00,199.88,221.17,1.0
2026-06-24 08:20:00+00:00,199.8,220.94,1.0
2026-06-24 08:25:00+00:00,199.98,221.16,1.0
2026-06-24 08:30:00+00:00,199.96,221.05,1.0
2026-06-24 08:35:00+00:00,199.89,220.89,1.0
2026-06-24 08:40:00+00:00,200.06,220.96,1.0
2026-06-24 08:45:00+00:00,199.88,220.62,1.0
2026-06-24 08:50:00+00:00,199.8,220.64,1.0
2026-06-24 08:55:00+00:00,199.93,220.54,1.0
2026-06-24 09:00:00+00:00,198.85,219.78,1.0
2026-06-24 09:05:00+00:00,198.85,219.74,1.0
2026-06-24 09:10:00+00:00,199.1,220.49,1.0
2026-06-24 09:15:00+00:00,198.58,219.79,1.0
2026-06-24 09:20:00+00:00,198.53,219.47,1.0
2026-06-24 09:25:00+00:00,198.39,219.1,1.0
2026-06-24 09:30:00+00:00,198.3,219.26,1.0
2026-06-24 09:35:00+00:00,198.21,218.96,1.0
2026-06-24 09:40:00+00:00,197.79,218.3,1.0
2026-06-24 09:45:00+00:00,198.29,218.41,1.0
2026-06-24 09:50:00+00:00,198.9,219.16,1.0
2026-06-24 09:55:00+00:00,199.19,219.42,1.0
2026-06-24 10:00:00+00:00,198.94,219.07,1.0
2026-06-24 10:05:00+00:00,199.17,219.43,1.0
2026-06-24 10:10:00+00:00,199.39,219.76,1.0
2026-06-24 10:15:00+00:00,199.4,219.54,1.0
2026-06-24 10:20:00+00:00,199.34,219.68,1.0
2026-06-24 10:25:00+00:00,199.5,219.51,1.0
2026-06-24 10:30:00+00:00,199.4,219.38,1.0
2026-06-24 10:35:00+00:00,199.34,219.66,1.0
2026-06-24 10:40:00+00:00,199.72,220.28,1.0
2026-06-24 10:45:00+00:00,199.47,220.12,1.0
2026-06-24 10:50:00+00:00,199.1,220.08,1.0
2026-06-24 10:55:00+00:00,199.16,220.37,1.0
2026-06-24 11:00:00+00:00,199.21,220.3,1.0
2026-06-24 11:05:00+00:00,199.05,219.71,1.0
2026-06-24 11:10:00+00:00,198.65,219.63,1.0
2026-06-24 11:15:00+00:00,198.75,218.9,1.0
2026-06-24 11:20:00+00:00,199.0,219.37,1.0
2026-06-24 11:25:00+00:00,198.72,219.31,1.0
2026-06-24 11:30:00+00:00,199.32,220.12,1.0
2026-06-24 11:35:00+00:00,199.54,220.34,1.0
2026-06-24 11:40:00+00:00,199.59,220.39,1.0
2026-06-24 11:45:00+00:00,200.12,220.84,1.0
2026-06-24 11:50:00+00:00,200.6,222.06,1.0
2026-06-24 11:55:00+00:00,201.01,221.9,1.0
2026-06-24 12:00:00+00:00,200.99,221.85,1.0
2026-06-24 12:05:00+00:00,201.0,221.68,1.0
2026-06-24 12:10:00+00:00,200.87,221.98,1.0
2026-06-24 12:15:00+00:00,201.12,222.35,1.0
2026-06-24 12:20:00+00:00,200.83,221.76,1.0
2026-06-24 12:25:00+00:00,200.41,221.67,1.0
2026-06-24 12:30:00+00:00,200.08,220.84,1.0
2026-06-24 12:35:00+00:00,199.86,220.74,1.0
2026-06-24 12:40:00+00:00,199.79,220.43,1.0
2026-06-24 12:45:00+00:00,199.5,219.97,1.0
2026-06-24 12:50:00+00:00,199.44,220.65,1.0
2026-06-24 12:55:00+00:00,199.24,220.12,1.0
2026-06-24 13:00:00+00:00,198.81,219.45,1.0
2026-06-24 13:05:00+00:00,198.52,219.45,1.0
2026-06-24 13:10:00+00:00,198.14,219.64,1.0
2026-06-24 13:15:00+00:00,198.77,219.67,1.0
2026-06-24 13:20:00+00:00,198.66,219.48,1.0
2026-06-24 13:25:00+00:00,198.86,218.8,1.0
2026-06-24 13:30:00+00:00,199.08,218.66,1.0
2026-06-24 13:35:00+00:00,196.95,216.31,1.0
2026-06-24 13:40:00+00:00,196.52,215.42,1.0
2026-06-24 13:45:00+00:00,196.46,215.9,1.0
2026-06-24 13:50:00+00:00,197.97,217.12,1.0
2026-06-24 13:55:00+00:00,196.71,216.48,1.0
2026-06-24 14:00:00+00:00,196.54,216.25,1.0
2026-06-24 14:05:00+00:00,196.98,217.96,1.0
2026-06-24 14:10:00+00:00,196.6,217.0,1.0
2026-06-24 14:15:00+00:00,195.62,215.7,1.0
2026-06-24 14:20:00+00:00,196.53,216.92,1.0
2026-06-24 14:25:00+00:00,197.37,217.39,1.0
2026-06-24 14:30:00+00:00,198.34,218.56,1.0
2026-06-24 14:35:00+00:00,197.58,218.0,1.0
2026-06-24 14:40:00+00:00,198.16,218.87,1.0
2026-06-24 14:45:00+00:00,198.28,218.8,1.0
2026-06-24 14:50:00+00:00,197.55,217.86,1.0
2026-06-24 14:55:00+00:00,198.13,218.11,1.0
2026-06-24 15:00:00+00:00,197.66,217.21,1.0
2026-06-24 15:05:00+00:00,197.08,217.33,1.0
2026-06-24 15:10:00+00:00,196.86,216.96,1.0
2026-06-24 15:15:00+00:00,197.13,217.02,1.0
2026-06-24 15:20:00+00:00,196.57,216.34,1.0
2026-06-24 15:25:00+00:00,197.28,217.43,1.0
2026-06-24 15:30:00+00:00,196.91,217.29,1.0
2026-06-24 15:35:00+00:00,196.6,217.28,1.0
2026-06-24 15:40:00+00:00,196.55,217.86,1.0
2026-06-24 15:45:00+00:00,196.82,218.16,1.0
2026-06-24 15:50:00+00:00,196.61,218.15,1.0
2026-06-24 15:55:00+00:00,196.48,217.39,1.0
2026-06-24 16:00:00+00:00,196.68,217.33,1.0
2026-06-24 16:05:00+00:00,196.77,217.2,1.0
2026-06-24 16:10:00+00:00,196.88,217.06,1.0
2026-06-24 16:15:00+00:00,197.1,217.66,1.0
2026-06-24 16:20:00+00:00,197.23,218.41,1.0
2026-06-24 16:25:00+00:00,197.21,218.63,1.0
2026-06-24 16:30:00+00:00,196.88,218.55,1.0
2026-06-24 16:35:00+00:00,196.22,217.73,1.0
2026-06-24 16:40:00+00:00,195.96,217.41,1.0
2026-06-24 16:45:00+00:00,195.6,216.34,1.0
2026-06-24 16:50:00+00:00,195.27,215.23,1.0
2026-06-24 16:55:00+00:00,195.05,215.59,1.0
2026-06-24 17:00:00+00:00,195.28,216.27,1.0
2026-06-24 17:05:00+00:00,194.07,215.32,1.0
2026-06-24 17:10:00+00:00,193.91,215.43,1.0
2026-06-24 17:15:00+00:00,193.17,214.41,1.0
2026-06-24 17:20:00+00:00,192.96,214.04,1.0
2026-06-24 17:25:00+00:00,192.51,213.82,1.0
2026-06-24 17:30:00+00:00,193.2,213.94,1.0
2026-06-24 17:35:00+00:00,192.92,213.77,1.0
2026-06-24 17:40:00+00:00,192.41,213.02,1.0
2026-06-24 17:45:00+00:00,192.66,213.41,1.0
2026-06-24 17:50:00+00:00,192.68,213.71,1.0
2026-06-24 17:55:00+00:00,192.16,213.15,1.0
2026-06-24 18:00:00+00:00,192.04,213.66,1.0
2026-06-24 18:05:00+00:00,192.64,213.93,1.0
2026-06-24 18:10:00+00:00,192.68,213.44,1.0
2026-06-24 18:15:00+00:00,193.96,215.11,1.0
2026-06-24 18:20:00+00:00,194.18,215.28,1.0
2026-06-24 18:25:00+00:00,194.25,215.18,1.0
2026-06-24 18:30:00+00:00,193.94,214.81,1.0
2026-06-24 18:35:00+00:00,193.43,214.28,1.0
2026-06-24 18:40:00+00:00,193.16,214.28,1.0
2026-06-24 18:45:00+00:00,192.35,212.9,1.0
2026-06-24 18:50:00+00:00,192.6,213.64,1.0
2026-06-24 18:55:00+00:00,192.53,213.67,1.0
2026-06-24 19:00:00+00:00,193.02,214.25,1.0
2026-06-24 19:05:00+00:00,191.93,213.32,1.0
2026-06-24 19:10:00+00:00,192.12,213.71,1.0
2026-06-24 19:15:00+00:00,192.15,213.25,1.0
2026-06-24 19:20:00+00:00,192.86,214.23,1.0
2026-06-24 19:25:00+00:00,193.7,214.79,1.0
2026-06-24 19:30:00+00:00,193.94,215.05,1.0
2026-06-24 19:35:00+00:00,194.67,215.57,1.0
2026-06-24 19:40:00+00:00,194.31,215.32,1.0
2026-06-24 19:45:00+00:00,195.24,215.85,1.0
2026-06-24 19:50:00+00:00,196.4,216.51,1.0
2026-06-24 19:55:00+00:00,197.07,217.89,1.0
2026-06-24 20:00:00+00:00,200.63,223.75,1.0
2026-06-24 20:05:00+00:00,205.06,230.25,1.0
2026-06-24 20:10:00+00:00,204.9,231.99,1.0
2026-06-24 20:15:00+00:00,205.51,231.69,1.0
2026-06-24 20:20:00+00:00,208.18,235.76,1.0
2026-06-24 20:25:00+00:00,208.27,234.33,1.0
2026-06-24 20:30:00+00:00,206.5,230.34,1.0
2026-06-24 20:35:00+00:00,208.22,234.81,1.0
2026-06-24 20:40:00+00:00,208.91,233.32,1.0
2026-06-24 20:45:00+00:00,208.82,234.63,1.0
2026-06-24 20:50:00+00:00,208.95,234.35,1.0
2026-06-24 20:55:00+00:00,209.56,234.24,1.0
2026-06-24 21:00:00+00:00,209.58,234.4,1.0
2026-06-24 21:05:00+00:00,209.91,235.38,1.0
2026-06-24 21:10:00+00:00,209.21,234.67,1.0
2026-06-24 21:15:00+00:00,209.29,235.19,1.0
2026-06-24 21:20:00+00:00,209.25,234.06,1.0
2026-06-24 21:25:00+00:00,210.72,234.84,1.0
2026-06-24 21:30:00+00:00,210.75,234.59,1.0
2026-06-24 21:35:00+00:00,210.88,234.61,1.0
2026-06-24 21:40:00+00:00,210.78,234.29,1.0
2026-06-24 21:45:00+00:00,211.21,234.87,1.0
2026-06-24 21:50:00+00:00,211.77,236.0,1.0
2026-06-24 21:55:00+00:00,212.5,235.58,1.0
2026-06-24 22:00:00+00:00,212.05,236.82,1.0
2026-06-24 22:05:00+00:00,212.23,236.13,1.0
2026-06-24 22:10:00+00:00,212.55,236.11,1.0
2026-06-24 22:15:00+00:00,212.66,236.31,1.0
2026-06-24 22:20:00+00:00,213.01,236.93,1.0
2026-06-24 22:25:00+00:00,213.45,237.29,1.0
2026-06-24 22:30:00+00:00,213.58,236.99,1.0
2026-06-24 22:35:00+00:00,213.63,237.19,1.0
2026-06-24 22:40:00+00:00,213.6,234.6,1.0
2026-06-24 22:45:00+00:00,212.19,232.19,1.0
2026-06-24 22:50:00+00:00,212.36,232.78,1.0
2026-06-24 22:55:00+00:00,212.32,232.49,1.0
2026-06-24 23:00:00+00:00,213.26,235.57,1.0
2026-06-24 23:05:00+00:00,212.3,234.54,1.0
2026-06-24 23:10:00+00:00,212.38,234.08,1.0
2026-06-24 23:15:00+00:00,212.34,233.84,1.0
2026-06-24 23:20:00+00:00,212.59,234.22,1.0
2026-06-24 23:25:00+00:00,212.36,233.75,1.0
2026-06-24 23:30:00+00:00,212.54,233.74,1.0
2026-06-24 23:35:00+00:00,212.36,233.95,1.0
2026-06-24 23:40:00+00:00,212.4,233.98,1.0
2026-06-24 23:45:00+00:00,212.04,234.43,1.0
2026-06-24 23:50:00+00:00,211.83,234.13,1.0
2026-06-24 23:55:00+00:00,211.96,234.55,1.0
2026-06-25 00:00:00+00:00,209.77,232.56,1.0
2026-06-25 00:05:00+00:00,207.94,231.03,1.0
2026-06-25 00:10:00+00:00,208.89,232.68,1.0
2026-06-25 00:15:00+00:00,208.02,233.47,1.0
2026-06-25 00:20:00+00:00,208.52,233.34,1.0
2026-06-25 00:25:00+00:00,208.67,233.05,1.0
2026-06-25 00:30:00+00:00,208.9,234.55,1.0
2026-06-25 00:35:00+00:00,207.72,232.13,1.0
2026-06-25 00:40:00+00:00,206.06,229.36,1.0
2026-06-25 00:45:00+00:00,205.53,229.54,1.0
2026-06-25 00:50:00+00:00,206.46,231.37,1.0
2026-06-25 00:55:00+00:00,205.85,230.71,1.0
2026-06-25 01:00:00+00:00,205.36,230.0,1.0
2026-06-25 01:05:00+00:00,206.31,231.04,1.0
2026-06-25 01:10:00+00:00,206.18,231.3,1.0
2026-06-25 01:15:00+00:00,206.45,232.44,1.0
2026-06-25 01:20:00+00:00,206.23,232.44,1.0
2026-06-25 01:25:00+00:00,206.02,233.12,1.0
2026-06-25 01:30:00+00:00,206.35,234.12,1.0
2026-06-25 01:35:00+00:00,207.36,234.87,1.0
2026-06-25 01:40:00+00:00,207.36,233.64,1.0
2026-06-25 01:45:00+00:00,207.88,234.35,1.0
2026-06-25 01:50:00+00:00,207.75,233.95,1.0
2026-06-25 01:55:00+00:00,207.4,232.65,1.0
2026-06-25 02:00:00+00:00,207.72,232.98,1.0
2026-06-25 02:05:00+00:00,207.56,232.32,1.0
2026-06-25 02:10:00+00:00,206.04,230.92,1.0
2026-06-25 02:15:00+00:00,206.91,231.64,1.0
2026-06-25 02:20:00+00:00,206.82,231.16,1.0
2026-06-25 02:25:00+00:00,207.1,231.13,1.0
2026-06-25 02:30:00+00:00,207.32,231.06,1.0
2026-06-25 02:35:00+00:00,207.64,231.43,1.0
2026-06-25 02:40:00+00:00,207.28,231.11,1.0
2026-06-25 02:45:00+00:00,207.28,231.61,1.0
2026-06-25 02:50:00+00:00,207.67,231.88,1.0
2026-06-25 02:55:00+00:00,208.08,232.06,1.0
2026-06-25 03:00:00+00:00,208.21,232.31,1.0
2026-06-25 03:05:00+00:00,208.06,232.03,1.0
2026-06-25 03:10:00+00:00,208.09,231.78,1.0
2026-06-25 03:15:00+00:00,208.44,232.3,1.0
2026-06-25 03:20:00+00:00,208.37,232.12,1.0
2026-06-25 03:25:00+00:00,208.11,231.93,1.0
2026-06-25 03:30:00+00:00,207.88,232.1,1.0
2026-06-25 03:35:00+00:00,207.43,231.61,1.0
2026-06-25 03:40:00+00:00,207.44,231.44,1.0
2026-06-25 03:45:00+00:00,207.52,231.44,1.0
2026-06-25 03:50:00+00:00,207.74,231.85,1.0
2026-06-25 03:55:00+00:00,207.98,232.02,1.0
2026-06-25 04:00:00+00:00,208.27,231.97,1.0
2026-06-25 04:05:00+00:00,208.42,232.13,1.0
2026-06-25 04:10:00+00:00,208.22,232.18,1.0
2026-06-25 04:15:00+00:00,208.36,232.17,1.0
2026-06-25 04:20:00+00:00,208.54,231.65,1.0
2026-06-25 04:25:00+00:00,208.35,231.57,1.0
2026-06-25 04:30:00+00:00,208.1,231.19,1.0
2026-06-25 04:35:00+00:00,208.38,232.0,1.0
2026-06-25 04:40:00+00:00,208.58,231.94,1.0
2026-06-25 04:45:00+00:00,208.79,232.42,1.0
2026-06-25 04:50:00+00:00,208.99,233.19,1.0
2026-06-25 04:55:00+00:00,208.99,233.27,1.0
2026-06-25 05:00:00+00:00,208.56,232.86,1.0
2026-06-25 05:05:00+00:00,208.94,232.74,1.0
2026-06-25 05:10:00+00:00,209.29,233.34,1.0
2026-06-25 05:15:00+00:00,209.34,233.32,1.0
2026-06-25 05:20:00+00:00,209.86,233.94,1.0
2026-06-25 05:25:00+00:00,210.1,234.64,1.0
2026-06-25 05:30:00+00:00,210.84,234.97,1.0
2026-06-25 05:35:00+00:00,210.72,233.83,1.0
2026-06-25 05:40:00+00:00,210.59,233.9,1.0
2026-06-25 05:45:00+00:00,210.29,233.81,1.0
2026-06-25 05:50:00+00:00,209.66,232.33,1.0
2026-06-25 05:55:00+00:00,209.27,232.27,1.0
2026-06-25 06:00:00+00:00,209.7,232.14,1.0
2026-06-25 06:05:00+00:00,210.16,233.43,1.0
2026-06-25 06:10:00+00:00,209.7,233.3,1.0
2026-06-25 06:15:00+00:00,208.92,232.27,1.0
2026-06-25 06:20:00+00:00,208.49,230.93,1.0
2026-06-25 06:25:00+00:00,207.91,230.29,1.0
2026-06-25 06:30:00+00:00,207.92,229.98,1.0
2026-06-25 06:35:00+00:00,207.98,231.17,1.0
2026-06-25 06:40:00+00:00,207.91,232.28,1.0
2026-06-25 06:45:00+00:00,207.98,231.96,1.0
2026-06-25 06:50:00+00:00,207.62,231.92,1.0
2026-06-25 06:55:00+00:00,207.79,232.1,1.0
2026-06-25 07:00:00+00:00,208.35,232.31,1.0
2026-06-25 07:05:00+00:00,208.14,232.96,1.0
2026-06-25 07:10:00+00:00,207.73,232.8,1.0
2026-06-25 07:15:00+00:00,208.22,233.16,1.0
2026-06-25 07:20:00+00:00,208.3,233.22,1.0
2026-06-25 07:25:00+00:00,208.12,233.08,1.0
2026-06-25 07:30:00+00:00,208.15,232.06,1.0
2026-06-25 07:35:00+00:00,208.08,232.11,1.0
2026-06-25 07:40:00+00:00,208.0,231.88,1.0
2026-06-25 07:45:00+00:00,207.7,231.8,1.0
2026-06-25 07:50:00+00:00,207.67,232.05,1.0
2026-06-25 07:55:00+00:00,207.86,232.32,1.0
2026-06-25 08:00:00+00:00,208.02,232.76,1.0
2026-06-25 08:05:00+00:00,207.51,232.49,1.0
2026-06-25 08:10:00+00:00,207.48,232.41,1.0
2026-06-25 08:15:00+00:00,207.25,232.28,1.0
2026-06-25 08:20:00+00:00,207.59,232.55,1.0
2026-06-25 08:25:00+00:00,207.74,232.6,1.0
2026-06-25 08:30:00+00:00,207.62,232.36,1.0
2026-06-25 08:35:00+00:00,207.91,232.63,1.0
2026-06-25 08:40:00+00:00,207.78,232.43,1.0
2026-06-25 08:45:00+00:00,207.96,231.84,1.0
2026-06-25 08:50:00+00:00,208.05,231.64,1.0
2026-06-25 08:55:00+00:00,207.96,231.55,1.0
2026-06-25 09:00:00+00:00,207.97,231.57,1.0
2026-06-25 09:05:00+00:00,207.7,231.32,1.0
2026-06-25 09:10:00+00:00,207.68,231.73,1.0
2026-06-25 09:15:00+00:00,207.68,231.7,1.0
2026-06-25 09:20:00+00:00,207.62,231.35,1.0
2026-06-25 09:25:00+00:00,207.63,231.54,1.0
2026-06-25 09:30:00+00:00,207.89,231.7,1.0
2026-06-25 09:35:00+00:00,207.81,231.63,1.0
2026-06-25 09:40:00+00:00,207.8,231.73,1.0
2026-06-25 09:45:00+00:00,207.69,231.86,1.0
2026-06-25 09:50:00+00:00,207.86,232.07,1.0
2026-06-25 09:55:00+00:00,207.75,232.0,1.0
2026-06-25 10:00:00+00:00,207.88,232.16,1.0
2026-06-25 10:05:00+00:00,208.12,232.38,1.0
2026-06-25 10:10:00+00:00,208.11,232.57,1.0
2026-06-25 10:15:00+00:00,208.0,232.7,1.0
2026-06-25 10:20:00+00:00,208.0,232.8,1.0
2026-06-25 10:25:00+00:00,208.06,232.84,1.0
2026-06-25 10:30:00+00:00,208.1,232.57,1.0
2026-06-25 10:35:00+00:00,208.07,233.25,1.0
2026-06-25 10:40:00+00:00,208.03,232.76,1.0
2026-06-25 10:45:00+00:00,208.25,233.12,1.0
2026-06-25 10:50:00+00:00,208.31,232.93,1.0
2026-06-25 10:55:00+00:00,208.16,232.78,1.0
2026-06-25 11:00:00+00:00,208.42,233.04,1.0
2026-06-25 11:05:00+00:00,208.12,232.73,1.0
2026-06-25 11:10:00+00:00,207.94,232.65,1.0
2026-06-25 11:15:00+00:00,207.75,232.45,1.0
2026-06-25 11:20:00+00:00,207.45,231.87,1.0
2026-06-25 11:25:00+00:00,207.36,231.8,1.0
2026-06-25 11:30:00+00:00,207.25,231.66,1.0
2026-06-25 11:35:00+00:00,207.6,232.15,1.0
2026-06-25 11:40:00+00:00,207.74,232.11,1.0
2026-06-25 11:45:00+00:00,207.69,232.24,1.0
2026-06-25 11:50:00+00:00,207.51,232.16,1.0
2026-06-25 11:55:00+00:00,207.37,232.14,1.0
2026-06-25 12:00:00+00:00,207.23,232.07,1.0
2026-06-25 12:05:00+00:00,207.94,232.82,1.0
2026-06-25 12:10:00+00:00,207.64,232.39,1.0
2026-06-25 12:15:00+00:00,207.48,232.24,1.0
2026-06-25 12:20:00+00:00,207.37,232.39,1.0
2026-06-25 12:25:00+00:00,207.11,231.91,1.0
2026-06-25 12:30:00+00:00,208.7,233.34,1.0
2026-06-25 12:35:00+00:00,208.72,233.87,1.0
2026-06-25 12:40:00+00:00,208.64,233.93,1.0
2026-06-25 12:45:00+00:00,209.29,234.45,1.0
2026-06-25 12:50:00+00:00,209.54,233.58,1.0
2026-06-25 12:55:00+00:00,209.48,233.36,1.0
2026-06-25 13:00:00+00:00,208.85,232.4,1.0
2026-06-25 13:05:00+00:00,208.78,232.57,1.0
2026-06-25 13:10:00+00:00,209.11,233.07,1.0
2026-06-25 13:15:00+00:00,208.96,232.8,1.0
2026-06-25 13:20:00+00:00,208.88,232.44,1.0
2026-06-25 13:25:00+00:00,209.15,232.67,1.0
2026-06-25 13:30:00+00:00,209.24,232.67,1.0
2026-06-25 13:35:00+00:00,209.25,231.79,1.0
2026-06-25 13:40:00+00:00,206.5,228.38,1.0
2026-06-25 13:45:00+00:00,204.88,226.34,1.0
2026-06-25 13:50:00+00:00,200.77,222.41,1.0
2026-06-25 13:55:00+00:00,199.1,220.06,1.0
2026-06-25 14:00:00+00:00,201.85,223.42,1.0
2026-06-25 14:05:00+00:00,203.75,226.75,1.0
2026-06-25 14:10:00+00:00,202.2,224.61,1.0
2026-06-25 14:15:00+00:00,203.21,225.39,1.0
2026-06-25 14:20:00+00:00,202.65,224.45,1.0
2026-06-25 14:25:00+00:00,202.64,224.97,1.0
2026-06-25 14:30:00+00:00,203.7,226.09,1.0
2026-06-25 14:35:00+00:00,203.97,225.86,1.0
2026-06-25 14:40:00+00:00,202.92,224.88,1.0
2026-06-25 14:45:00+00:00,203.56,225.52,1.0
2026-06-25 14:50:00+00:00,204.4,227.28,1.0
2026-06-25 14:55:00+00:00,203.58,225.93,1.0
2026-06-25 15:00:00+00:00,204.46,227.03,1.0
2026-06-25 15:05:00+00:00,203.31,226.31,1.0
2026-06-25 15:10:00+00:00,201.84,224.54,1.0
2026-06-25 15:15:00+00:00,202.47,225.48,1.0
2026-06-25 15:20:00+00:00,202.82,225.35,1.0
2026-06-25 15:25:00+00:00,202.24,224.85,1.0
2026-06-25 15:30:00+00:00,202.51,225.33,1.0
2026-06-25 15:35:00+00:00,202.92,225.72,1.0
2026-06-25 15:40:00+00:00,203.24,226.26,1.0
2026-06-25 15:45:00+00:00,203.42,226.68,1.0
2026-06-25 15:50:00+00:00,203.6,226.9,1.0
2026-06-25 15:55:00+00:00,203.19,226.7,1.0
2026-06-25 16:00:00+00:00,203.46,225.98,1.0
2026-06-25 16:05:00+00:00,204.54,227.61,1.0
2026-06-25 16:10:00+00:00,205.01,227.9,1.0
2026-06-25 16:15:00+00:00,204.88,227.81,1.0
2026-06-25 16:20:00+00:00,204.69,227.51,1.0
2026-06-25 16:25:00+00:00,204.98,228.22,1.0
2026-06-25 16:30:00+00:00,204.21,226.8,1.0
2026-06-25 16:35:00+00:00,203.94,226.52,1.0
2026-06-25 16:40:00+00:00,203.41,225.92,1.0
2026-06-25 16:45:00+00:00,204.01,226.94,1.0
2026-06-25 16:50:00+00:00,204.1,227.44,1.0
2026-06-25 16:55:00+00:00,203.96,227.67,1.0
2026-06-25 17:00:00+00:00,204.06,228.03,1.0
2026-06-25 17:05:00+00:00,204.14,228.03,1.0
2026-06-25 17:10:00+00:00,204.28,228.53,1.0
2026-06-25 17:15:00+00:00,204.49,227.84,1.0
2026-06-25 17:20:00+00:00,204.79,228.14,1.0
2026-06-25 17:25:00+00:00,205.03,228.81,1.0
2026-06-25 17:30:00+00:00,204.81,228.59,1.0
2026-06-25 17:35:00+00:00,204.91,229.28,1.0
2026-06-25 17:40:00+00:00,204.86,229.16,1.0
2026-06-25 17:45:00+00:00,204.75,228.57,1.0
2026-06-25 17:50:00+00:00,204.93,228.8,1.0
2026-06-25 17:55:00+00:00,205.28,228.98,1.0
2026-06-25 18:00:00+00:00,204.65,228.08,1.0
2026-06-25 18:05:00+00:00,204.7,228.45,1.0
2026-06-25 18:10:00+00:00,204.67,228.25,1.0
2026-06-25 18:15:00+00:00,204.94,228.33,1.0
2026-06-25 18:20:00+00:00,204.98,228.26,1.0
2026-06-25 18:25:00+00:00,205.55,228.37,1.0
2026-06-25 18:30:00+00:00,204.56,226.73,1.0
2026-06-25 18:35:00+00:00,204.28,226.3,1.0
2026-06-25 18:40:00+00:00,204.18,226.32,1.0
2026-06-25 18:45:00+00:00,204.18,225.87,1.0
2026-06-25 18:50:00+00:00,204.6,226.28,1.0
2026-06-25 18:55:00+00:00,204.67,226.26,1.0
2026-06-25 19:00:00+00:00,204.02,225.53,1.0
2026-06-25 19:05:00+00:00,204.1,225.25,1.0
2026-06-25 19:10:00+00:00,203.98,224.89,1.0
2026-06-25 19:15:00+00:00,203.56,224.21,1.0
2026-06-25 19:20:00+00:00,203.74,224.48,1.0
2026-06-25 19:25:00+00:00,204.18,225.02,1.0
2026-06-25 19:30:00+00:00,204.16,224.7,1.0
2026-06-25 19:35:00+00:00,203.88,224.55,1.0
2026-06-25 19:40:00+00:00,204.17,225.27,1.0
2026-06-25 19:45:00+00:00,203.83,224.8,1.0
2026-06-25 19:50:00+00:00,204.4,225.52,1.0
2026-06-25 19:55:00+00:00,205.15,226.6,1.0
2026-06-25 20:00:00+00:00,205.19,227.09,1.0
2026-06-25 20:05:00+00:00,204.98,226.54,1.0
2026-06-25 20:10:00+00:00,204.85,226.28,1.0
2026-06-25 20:15:00+00:00,205.06,226.63,1.0
2026-06-25 20:20:00+00:00,205.14,227.02,1.0
2026-06-25 20:25:00+00:00,204.91,226.72,1.0
2026-06-25 20:30:00+00:00,204.57,226.05,1.0
2026-06-25 20:35:00+00:00,204.16,225.62,1.0
2026-06-25 20:40:00+00:00,204.12,226.15,1.0
2026-06-25 20:45:00+00:00,204.16,225.95,1.0
2026-06-25 20:50:00+00:00,204.08,225.94,1.0
2026-06-25 20:55:00+00:00,204.21,226.09,1.0
2026-06-25 21:00:00+00:00,204.44,225.9,1.0
2026-06-25 21:05:00+00:00,204.31,225.81,1.0
2026-06-25 21:10:00+00:00,204.46,225.75,1.0
2026-06-25 21:15:00+00:00,203.81,225.34,1.0
2026-06-25 21:20:00+00:00,203.61,225.22,1.0
2026-06-25 21:25:00+00:00,203.62,225.57,1.0
2026-06-25 21:30:00+00:00,204.61,226.23,1.0
2026-06-25 21:35:00+00:00,204.8,226.27,1.0
2026-06-25 21:40:00+00:00,204.85,226.47,1.0
2026-06-25 21:45:00+00:00,204.24,226.17,1.0
2026-06-25 21:50:00+00:00,203.7,225.22,1.0
2026-06-25 21:55:00+00:00,204.16,225.3,1.0
2026-06-25 22:00:00+00:00,203.74,225.03,1.0
2026-06-25 22:05:00+00:00,204.0,224.7,1.0
2026-06-25 22:10:00+00:00,203.98,224.25,1.0
2026-06-25 22:15:00+00:00,204.01,224.49,1.0
2026-06-25 22:20:00+00:00,204.0,224.4,1.0
2026-06-25 22:25:00+00:00,203.36,223.83,1.0
2026-06-25 22:30:00+00:00,203.41,224.75,1.0
2026-06-25 22:35:00+00:00,203.3,224.5,1.0
2026-06-25 22:40:00+00:00,203.31,224.81,1.0
2026-06-25 22:45:00+00:00,203.14,224.94,1.0
2026-06-25 22:50:00+00:00,203.56,225.37,1.0
2026-06-25 22:55:00+00:00,203.64,225.82,1.0
2026-06-25 23:00:00+00:00,203.64,228.0,1.0
2026-06-25 23:05:00+00:00,203.88,230.01,1.0
2026-06-25 23:10:00+00:00,205.1,232.2,1.0
2026-06-25 23:15:00+00:00,205.49,231.83,1.0
2026-06-25 23:20:00+00:00,205.33,231.25,1.0
2026-06-25 23:25:00+00:00,204.98,230.7,1.0
2026-06-25 23:30:00+00:00,204.71,230.71,1.0
2026-06-25 23:35:00+00:00,204.66,231.44,1.0
2026-06-25 23:40:00+00:00,205.22,232.1,1.0
2026-06-25 23:45:00+00:00,204.72,229.72,1.0
2026-06-25 23:50:00+00:00,204.68,230.23,1.0
2026-06-25 23:55:00+00:00,204.54,229.76,1.0
2026-06-26 00:00:00+00:00,204.02,228.88,1.0
2026-06-26 00:05:00+00:00,204.21,229.59,1.0
2026-06-26 00:10:00+00:00,204.03,228.45,1.0
2026-06-26 00:15:00+00:00,202.41,225.91,1.0
2026-06-26 00:20:00+00:00,201.85,224.84,1.0
2026-06-26 00:25:00+00:00,201.94,225.33,1.0
2026-06-26 00:30:00+00:00,200.49,222.24,1.0
2026-06-26 00:35:00+00:00,201.05,223.51,1.0
2026-06-26 00:40:00+00:00,201.04,223.6,1.0
2026-06-26 00:45:00+00:00,201.72,224.33,1.0
2026-06-26 00:50:00+00:00,201.55,224.08,1.0
2026-06-26 00:55:00+00:00,200.8,222.98,1.0
2026-06-26 01:00:00+00:00,200.61,222.59,1.0
2026-06-26 01:05:00+00:00,200.49,222.75,1.0
2026-06-26 01:10:00+00:00,201.14,223.85,1.0
2026-06-26 01:15:00+00:00,202.26,225.08,1.0
2026-06-26 01:20:00+00:00,201.87,224.61,1.0
2026-06-26 01:25:00+00:00,201.0,223.82,1.0
2026-06-26 01:30:00+00:00,200.3,222.3,1.0
2026-06-26 01:35:00+00:00,200.89,223.33,1.0
2026-06-26 01:40:00+00:00,200.02,221.75,1.0
2026-06-26 01:45:00+00:00,200.37,221.85,1.0
2026-06-26 01:50:00+00:00,199.44,220.8,1.0
2026-06-26 01:55:00+00:00,198.88,220.24,1.0
2026-06-26 02:00:00+00:00,198.14,219.55,1.0
2026-06-26 02:05:00+00:00,198.06,219.21,1.0
2026-06-26 02:10:00+00:00,197.42,217.64,1.0
2026-06-26 02:15:00+00:00,196.46,216.14,1.0
2026-06-26 02:20:00+00:00,196.03,215.49,1.0
2026-06-26 02:25:00+00:00,196.78,217.13,1.0
2026-06-26 02:30:00+00:00,196.48,216.62,1.0
2026-06-26 02:35:00+00:00,195.37,215.29,1.0
2026-06-26 02:40:00+00:00,195.02,214.93,1.0
2026-06-26 02:45:00+00:00,194.04,213.94,1.0
2026-06-26 02:50:00+00:00,193.08,212.59,1.0
2026-06-26 02:55:00+00:00,193.39,213.35,1.0
2026-06-26 03:00:00+00:00,192.89,212.65,1.0
2026-06-26 03:05:00+00:00,191.7,211.13,1.0
2026-06-26 03:10:00+00:00,192.07,212.0,1.0
2026-06-26 03:15:00+00:00,192.04,212.04,1.0
2026-06-26 03:20:00+00:00,191.84,211.01,1.0
2026-06-26 03:25:00+00:00,192.14,210.63,1.0
2026-06-26 03:30:00+00:00,192.13,210.85,1.0
2026-06-26 03:35:00+00:00,191.91,210.85,1.0
2026-06-26 03:40:00+00:00,191.71,212.33,1.0
2026-06-26 03:45:00+00:00,190.34,209.48,1.0
2026-06-26 03:50:00+00:00,192.25,212.49,1.0
2026-06-26 03:55:00+00:00,193.64,214.19,1.0
2026-06-26 04:00:00+00:00,193.23,213.84,1.0
2026-06-26 04:05:00+00:00,193.4,213.58,1.0
2026-06-26 04:10:00+00:00,193.77,214.62,1.0
2026-06-26 04:15:00+00:00,193.71,215.36,1.0
2026-06-26 04:20:00+00:00,192.88,213.94,1.0
2026-06-26 04:25:00+00:00,193.2,214.31,1.0
2026-06-26 04:30:00+00:00,191.98,212.38,1.0
2026-06-26 04:35:00+00:00,191.87,211.97,1.0
2026-06-26 04:40:00+00:00,192.38,212.64,1.0
2026-06-26 04:45:00+00:00,191.26,211.82,1.0
2026-06-26 04:50:00+00:00,191.48,212.1,1.0
2026-06-26 04:55:00+00:00,192.26,212.85,1.0
2026-06-26 05:00:00+00:00,192.21,212.61,1.0
2026-06-26 05:05:00+00:00,193.23,213.49,1.0
2026-06-26 05:10:00+00:00,194.63,215.74,1.0
2026-06-26 05:15:00+00:00,193.92,214.84,1.0
2026-06-26 05:20:00+00:00,194.17,215.58,1.0
2026-06-26 05:25:00+00:00,196.16,217.37,1.0
2026-06-26 05:30:00+00:00,197.16,219.04,1.0
2026-06-26 05:35:00+00:00,195.99,216.86,1.0
2026-06-26 05:40:00+00:00,194.21,215.31,1.0
2026-06-26 05:45:00+00:00,194.34,216.02,1.0
2026-06-26 05:50:00+00:00,194.81,216.88,1.0
2026-06-26 05:55:00+00:00,193.96,215.0,1.0
2026-06-26 06:00:00+00:00,193.99,215.07,1.0
2026-06-26 06:05:00+00:00,193.21,214.23,1.0
2026-06-26 06:10:00+00:00,195.23,216.27,1.0
2026-06-26 06:15:00+00:00,196.17,218.36,1.0
2026-06-26 06:20:00+00:00,197.26,219.2,1.0
2026-06-26 06:25:00+00:00,198.12,219.7,1.0
2026-06-26 06:30:00+00:00,197.79,220.43,1.0
2026-06-26 06:35:00+00:00,197.69,219.35,1.0
2026-06-26 06:40:00+00:00,197.88,221.37,1.0
2026-06-26 06:45:00+00:00,198.21,222.94,1.0
2026-06-26 06:50:00+00:00,198.23,222.37,1.0
2026-06-26 06:55:00+00:00,198.27,222.19,1.0
2026-06-26 07:00:00+00:00,198.25,221.43,1.0
2026-06-26 07:05:00+00:00,198.22,221.98,1.0
2026-06-26 07:10:00+00:00,198.59,223.15,1.0
2026-06-26 07:15:00+00:00,198.76,222.83,1.0
2026-06-26 07:20:00+00:00,198.53,222.73,1.0
2026-06-26 07:25:00+00:00,198.56,223.06,1.0
2026-06-26 07:30:00+00:00,198.74,223.03,1.0
2026-06-26 07:35:00+00:00,199.03,222.39,1.0
2026-06-26 07:40:00+00:00,198.56,221.77,1.0
2026-06-26 07:45:00+00:00,198.68,221.53,1.0
2026-06-26 07:50:00+00:00,199.08,221.71,1.0
2026-06-26 07:55:00+00:00,198.74,221.27,1.0
2026-06-26 08:00:00+00:00,198.13,220.99,1.0
2026-06-26 08:05:00+00:00,198.28,220.96,1.0
2026-06-26 08:10:00+00:00,198.06,220.91,1.0
2026-06-26 08:15:00+00:00,197.91,220.6,1.0
2026-06-26 08:20:00+00:00,198.19,221.02,1.0
2026-06-26 08:25:00+00:00,198.18,221.14,1.0
2026-06-26 08:30:00+00:00,197.58,220.67,1.0
2026-06-26 08:35:00+00:00,197.4,220.13,1.0
2026-06-26 08:40:00+00:00,197.17,219.76,1.0
2026-06-26 08:45:00+00:00,196.9,219.32,1.0
2026-06-26 08:50:00+00:00,196.64,219.91,1.0
2026-06-26 08:55:00+00:00,196.89,220.31,1.0
2026-06-26 09:00:00+00:00,196.64,219.59,1.0
2026-06-26 09:05:00+00:00,196.91,219.99,1.0
2026-06-26 09:10:00+00:00,196.93,220.14,1.0
2026-06-26 09:15:00+00:00,196.92,219.88,1.0
2026-06-26 09:20:00+00:00,196.45,219.53,1.0
2026-06-26 09:25:00+00:00,196.69,219.65,1.0
2026-06-26 09:30:00+00:00,196.7,219.65,1.0
2026-06-26 09:35:00+00:00,196.83,219.64,1.0
2026-06-26 09:40:00+00:00,196.98,219.86,1.0
2026-06-26 09:45:00+00:00,196.91,220.14,1.0
2026-06-26 09:50:00+00:00,196.56,220.04,1.0
2026-06-26 09:55:00+00:00,196.47,220.04,1.0
2026-06-26 10:00:00+00:00,196.05,219.13,1.0
2026-06-26 10:05:00+00:00,196.73,219.79,1.0
2026-06-26 10:10:00+00:00,196.66,219.33,1.0
2026-06-26 10:15:00+00:00,196.28,218.91,1.0
2026-06-26 10:20:00+00:00,196.3,219.1,1.0
2026-06-26 10:25:00+00:00,196.32,219.46,1.0
2026-06-26 10:30:00+00:00,196.45,219.49,1.0
2026-06-26 10:35:00+00:00,195.98,219.2,1.0
2026-06-26 10:40:00+00:00,196.21,219.18,1.0
2026-06-26 10:45:00+00:00,196.44,219.32,1.0
2026-06-26 10:50:00+00:00,196.24,219.28,1.0
2026-06-26 10:55:00+00:00,196.27,219.67,1.0
2026-06-26 11:00:00+00:00,197.08,220.39,1.0
2026-06-26 11:05:00+00:00,197.24,221.06,1.0
2026-06-26 11:10:00+00:00,197.22,220.74,1.0
2026-06-26 11:15:00+00:00,196.96,220.27,1.0
2026-06-26 11:20:00+00:00,196.93,220.6,1.0
2026-06-26 11:25:00+00:00,196.88,219.87,1.0
2026-06-26 11:30:00+00:00,196.88,219.49,1.0
2026-06-26 11:35:00+00:00,196.96,219.58,1.0
2026-06-26 11:40:00+00:00,196.79,219.11,1.0
2026-06-26 11:45:00+00:00,196.67,218.82,1.0
2026-06-26 11:50:00+00:00,195.99,217.82,1.0
2026-06-26 11:55:00+00:00,196.38,218.62,1.0
2026-06-26 12:00:00+00:00,196.73,219.0,1.0
2026-06-26 12:05:00+00:00,196.92,219.07,1.0
2026-06-26 12:10:00+00:00,196.84,218.97,1.0
2026-06-26 12:15:00+00:00,196.67,219.05,1.0
2026-06-26 12:20:00+00:00,196.28,218.81,1.0
2026-06-26 12:25:00+00:00,196.56,219.39,1.0
2026-06-26 12:30:00+00:00,196.14,219.11,1.0
2026-06-26 12:35:00+00:00,195.61,218.86,1.0
2026-06-26 12:40:00+00:00,195.36,217.88,1.0
2026-06-26 12:45:00+00:00,194.99,217.08,1.0
2026-06-26 12:50:00+00:00,195.4,217.16,1.0
2026-06-26 12:55:00+00:00,194.88,216.55,1.0
2026-06-26 13:00:00+00:00,194.42,216.37,1.0
2026-06-26 13:05:00+00:00,194.04,216.06,1.0
2026-06-26 13:10:00+00:00,194.23,216.46,1.0
2026-06-26 13:15:00+00:00,193.51,215.75,1.0
2026-06-26 13:20:00+00:00,194.24,216.57,1.0
2026-06-26 13:25:00+00:00,195.12,217.51,1.0
2026-06-26 13:30:00+00:00,195.07,216.79,1.0
2026-06-26 13:35:00+00:00,194.78,217.77,1.0
2026-06-26 13:40:00+00:00,196.19,218.7,1.0
2026-06-26 13:45:00+00:00,194.6,217.51,1.0
2026-06-26 13:50:00+00:00,195.82,218.62,1.0
2026-06-26 13:55:00+00:00,198.08,221.84,1.0
2026-06-26 14:00:00+00:00,199.55,223.79,1.0
2026-06-26 14:05:00+00:00,199.93,223.94,1.0
2026-06-26 14:10:00+00:00,200.28,224.24,1.0
2026-06-26 14:15:00+00:00,199.52,223.24,1.0
2026-06-26 14:20:00+00:00,200.32,224.17,1.0
2026-06-26 14:25:00+00:00,199.72,223.55,1.0
2026-06-26 14:30:00+00:00,199.17,222.44,1.0
2026-06-26 14:35:00+00:00,198.32,221.76,1.0
2026-06-26 14:40:00+00:00,198.5,222.29,1.0
2026-06-26 14:45:00+00:00,198.9,221.85,1.0
2026-06-26 14:50:00+00:00,198.56,221.88,1.0
2026-06-26 14:55:00+00:00,198.62,221.62,1.0
2026-06-26 15:00:00+00:00,198.42,221.86,1.0
2026-06-26 15:05:00+00:00,198.87,222.1,1.0
2026-06-26 15:10:00+00:00,197.62,220.92,1.0
2026-06-26 15:15:00+00:00,198.4,221.26,1.0
2026-06-26 15:20:00+00:00,199.0,222.3,1.0
2026-06-26 15:25:00+00:00,199.95,222.9,1.0
2026-06-26 15:30:00+00:00,199.52,222.19,1.0
2026-06-26 15:35:00+00:00,200.5,223.28,1.0
2026-06-26 15:40:00+00:00,201.01,223.48,1.0
2026-06-26 15:45:00+00:00,200.23,222.62,1.0
2026-06-26 15:50:00+00:00,199.54,222.07,1.0
2026-06-26 15:55:00+00:00,200.48,222.8,1.0
2026-06-26 16:00:00+00:00,200.64,223.73,1.0
2026-06-26 16:05:00+00:00,200.19,222.55,1.0
2026-06-26 16:10:00+00:00,200.26,222.8,1.0
2026-06-26 16:15:00+00:00,200.54,223.01,1.0
2026-06-26 16:20:00+00:00,200.2,222.73,1.0
2026-06-26 16:25:00+00:00,200.86,223.55,1.0
2026-06-26 16:30:00+00:00,201.54,224.4,1.0
2026-06-26 16:35:00+00:00,201.19,224.1,1.0
2026-06-26 16:40:00+00:00,201.47,224.5,1.0
2026-06-26 16:45:00+00:00,201.56,224.45,1.0
2026-06-26 16:50:00+00:00,201.92,224.59,1.0
2026-06-26 16:55:00+00:00,201.76,224.64,1.0
2026-06-26 17:00:00+00:00,201.61,224.75,1.0
2026-06-26 17:05:00+00:00,201.97,224.73,1.0
2026-06-26 17:10:00+00:00,201.6,224.8,1.0
2026-06-26 17:15:00+00:00,201.14,224.28,1.0
2026-06-26 17:20:00+00:00,201.38,224.72,1.0
2026-06-26 17:25:00+00:00,201.63,225.22,1.0
2026-06-26 17:30:00+00:00,201.53,225.01,1.0
2026-06-26 17:35:00+00:00,201.26,225.33,1.0
2026-06-26 17:40:00+00:00,201.74,226.27,1.0
2026-06-26 17:45:00+00:00,201.59,225.63,1.0
2026-06-26 17:50:00+00:00,201.68,225.48,1.0
2026-06-26 17:55:00+00:00,201.24,225.47,1.0
2026-06-26 18:00:00+00:00,201.14,225.33,1.0
2026-06-26 18:05:00+00:00,200.92,225.71,1.0
2026-06-26 18:10:00+00:00,200.59,225.51,1.0
2026-06-26 18:15:00+00:00,199.6,224.62,1.0
2026-06-26 18:20:00+00:00,199.55,224.24,1.0
2026-06-26 18:25:00+00:00,199.0,223.23,1.0
2026-06-26 18:30:00+00:00,199.29,223.9,1.0
2026-06-26 18:35:00+00:00,199.04,223.46,1.0
2026-06-26 18:40:00+00:00,198.86,223.37,1.0
2026-06-26 18:45:00+00:00,198.82,223.54,1.0
2026-06-26 18:50:00+00:00,198.65,223.47,1.0
2026-06-26 18:55:00+00:00,198.19,222.95,1.0
2026-06-26 19:00:00+00:00,197.84,222.3,1.0
2026-06-26 19:05:00+00:00,199.08,224.29,1.0
2026-06-26 19:10:00+00:00,199.28,224.15,1.0
2026-06-26 19:15:00+00:00,199.02,223.66,1.0
2026-06-26 19:20:00+00:00,198.26,223.12,1.0
2026-06-26 19:25:00+00:00,198.24,223.17,1.0
2026-06-26 19:30:00+00:00,198.17,223.03,1.0
2026-06-26 19:35:00+00:00,197.75,222.61,1.0
2026-06-26 19:40:00+00:00,198.75,223.62,1.0
2026-06-26 19:45:00+00:00,198.38,223.17,1.0
2026-06-26 19:50:00+00:00,197.53,222.69,1.0
2026-06-26 19:55:00+00:00,197.34,222.49,1.0
2026-06-26 20:00:00+00:00,196.84,222.36,1.0
2026-06-26 20:05:00+00:00,196.77,222.18,1.0
2026-06-26 20:10:00+00:00,197.25,222.55,1.0
2026-06-26 20:15:00+00:00,197.35,222.94,1.0
2026-06-26 20:20:00+00:00,197.42,223.18,1.0
2026-06-26 20:25:00+00:00,197.54,223.3,1.0
2026-06-26 20:30:00+00:00,197.49,222.68,1.0
2026-06-26 20:35:00+00:00,197.51,222.94,1.0
2026-06-26 20:40:00+00:00,197.19,222.77,1.0
2026-06-26 20:45:00+00:00,197.16,222.73,1.0
2026-06-26 20:50:00+00:00,197.19,222.95,1.0
2026-06-26 20:55:00+00:00,197.08,222.57,1.0
2026-06-26 21:00:00+00:00,196.94,222.18,1.0
2026-06-26 21:05:00+00:00,197.01,222.39,1.0
2026-06-26 21:10:00+00:00,197.12,222.17,1.0
2026-06-26 21:15:00+00:00,197.12,222.34,1.0
2026-06-26 21:20:00+00:00,196.9,222.37,1.0
2026-06-26 21:25:00+00:00,196.79,222.54,1.0
2026-06-26 21:30:00+00:00,196.82,222.24,1.0
2026-06-26 21:35:00+00:00,197.2,222.51,1.0
2026-06-26 21:40:00+00:00,197.18,222.56,1.0
2026-06-26 21:45:00+00:00,196.72,221.57,1.0
2026-06-26 21:50:00+00:00,197.18,222.54,1.0
2026-06-26 21:55:00+00:00,197.22,223.13,1.0
2026-06-26 22:00:00+00:00,197.02,222.6,1.0
2026-06-26 22:05:00+00:00,197.3,222.78,1.0
2026-06-26 22:10:00+00:00,196.99,222.61,1.0
2026-06-26 22:15:00+00:00,197.2,222.72,1.0
2026-06-26 22:20:00+00:00,197.32,222.38,1.0
2026-06-26 22:25:00+00:00,197.03,222.39,1.0
2026-06-26 22:30:00+00:00,197.15,222.58,1.0
2026-06-26 22:35:00+00:00,197.34,223.25,1.0
2026-06-26 22:40:00+00:00,197.32,222.79,1.0
2026-06-26 22:45:00+00:00,197.45,222.82,1.0
2026-06-26 22:50:00+00:00,197.51,223.06,1.0
2026-06-26 22:55:00+00:00,197.48,223.03,1.0
2026-06-26 23:00:00+00:00,197.64,223.07,1.0
2026-06-26 23:05:00+00:00,197.66,223.29,1.0
2026-06-26 23:10:00+00:00,197.57,223.44,1.0
2026-06-26 23:15:00+00:00,197.5,223.16,1.0
2026-06-26 23:20:00+00:00,197.68,223.19,1.0
2026-06-26 23:25:00+00:00,197.6,223.51,1.0
2026-06-26 23:30:00+00:00,197.55,223.97,1.0
2026-06-26 23:35:00+00:00,197.62,224.25,1.0
2026-06-26 23:40:00+00:00,197.72,224.28,1.0
2026-06-26 23:45:00+00:00,197.58,225.09,1.0
2026-06-26 23:50:00+00:00,197.6,225.95,1.0
2026-06-26 23:55:00+00:00,197.48,226.59,1.0
2026-06-27 00:00:00+00:00,197.35,226.59,1.0
2026-06-27 00:05:00+00:00,197.52,226.69,1.0
2026-06-27 00:10:00+00:00,197.67,226.52,1.0
2026-06-27 00:15:00+00:00,197.81,226.45,1.0
2026-06-27 00:20:00+00:00,197.72,226.71,1.0
2026-06-27 00:25:00+00:00,197.58,226.94,1.0
2026-06-27 00:30:00+00:00,197.28,225.57,1.0
2026-06-27 00:35:00+00:00,197.53,225.0,1.0
2026-06-27 00:40:00+00:00,197.51,224.42,1.0
2026-06-27 00:45:00+00:00,197.59,224.6,1.0
2026-06-27 00:50:00+00:00,197.65,224.17,1.0
2026-06-27 00:55:00+00:00,197.76,224.28,1.0
2026-06-27 01:00:00+00:00,197.42,223.18,1.0
2026-06-27 01:05:00+00:00,197.86,224.6,1.0
2026-06-27 01:10:00+00:00,197.79,225.17,1.0
2026-06-27 01:15:00+00:00,197.88,225.82,1.0
2026-06-27 01:20:00+00:00,197.89,225.6,1.0
2026-06-27 01:25:00+00:00,197.9,225.91,1.0
2026-06-27 01:30:00+00:00,198.12,226.09,1.0
2026-06-27 01:35:00+00:00,197.89,225.96,1.0
2026-06-27 01:40:00+00:00,198.12,226.17,1.0
2026-06-27 01:45:00+00:00,198.02,225.79,1.0
2026-06-27 01:50:00+00:00,197.7,225.2,1.0
2026-06-27 01:55:00+00:00,197.54,224.83,1.0
2026-06-27 02:00:00+00:00,197.89,225.29,1.0
2026-06-27 02:05:00+00:00,198.12,225.8,1.0
2026-06-27 02:10:00+00:00,198.13,225.25,1.0
2026-06-27 02:15:00+00:00,198.21,225.47,1.0
2026-06-27 02:20:00+00:00,198.55,226.02,1.0
2026-06-27 02:25:00+00:00,198.29,226.14,1.0
2026-06-27 02:30:00+00:00,198.34,225.78,1.0
2026-06-27 02:35:00+00:00,198.13,225.81,1.0
2026-06-27 02:40:00+00:00,198.04,224.99,1.0
2026-06-27 02:45:00+00:00,197.91,225.1,1.0
2026-06-27 02:50:00+00:00,198.0,225.14,1.0
2026-06-27 02:55:00+00:00,197.66,224.42,1.0
2026-06-27 03:00:00+00:00,197.81,224.48,1.0
2026-06-27 03:05:00+00:00,197.78,224.87,1.0
2026-06-27 03:10:00+00:00,198.22,225.57,1.0
2026-06-27 03:15:00+00:00,198.53,225.68,1.0
2026-06-27 03:20:00+00:00,198.4,225.9,1.0
2026-06-27 03:25:00+00:00,198.32,225.81,1.0
2026-06-27 03:30:00+00:00,198.11,225.44,1.0
2026-06-27 03:35:00+00:00,197.8,225.24,1.0
2026-06-27 03:40:00+00:00,197.93,225.23,1.0
2026-06-27 03:45:00+00:00,197.95,224.86,1.0
2026-06-27 03:50:00+00:00,197.83,224.51,1.0
2026-06-27 03:55:00+00:00,197.88,224.59,1.0
2026-06-27 04:00:00+00:00,197.98,224.82,1.0
2026-06-27 04:05:00+00:00,198.25,224.92,1.0
2026-06-27 04:10:00+00:00,198.36,225.01,1.0
2026-06-27 04:15:00+00:00,198.49,224.9,1.0
2026-06-27 04:20:00+00:00,198.44,224.88,1.0
2026-06-27 04:25:00+00:00,198.41,224.66,1.0
2026-06-27 04:30:00+00:00,198.72,224.96,1.0
2026-06-27 04:35:00+00:00,198.75,225.02,1.0
2026-06-27 04:40:00+00:00,198.53,224.94,1.0
2026-06-27 04:45:00+00:00,198.36,224.75,1.0
2026-06-27 04:50:00+00:00,198.4,224.91,1.0
2026-06-27 04:55:00+00:00,198.45,224.84,1.0
2026-06-27 05:00:00+00:00,198.5,224.91,1.0
2026-06-27 05:05:00+00:00,198.68,225.11,1.0
2026-06-27 05:10:00+00:00,198.59,224.88,1.0
2026-06-27 05:15:00+00:00,198.73,225.01,1.0
2026-06-27 05:20:00+00:00,198.67,225.0,1.0
2026-06-27 05:25:00+00:00,198.51,224.82,1.0
2026-06-27 05:30:00+00:00,198.85,225.07,1.0
2026-06-27 05:35:00+00:00,198.77,225.05,1.0
2026-06-27 05:40:00+00:00,198.62,225.08,1.0
2026-06-27 05:45:00+00:00,198.46,224.92,1.0
2026-06-27 05:50:00+00:00,198.46,224.97,1.0
2026-06-27 05:55:00+00:00,198.37,224.81,1.0
2026-06-27 06:00:00+00:00,198.19,224.75,1.0
2026-06-27 06:05:00+00:00,198.21,224.56,1.0
2026-06-27 06:10:00+00:00,198.11,224.58,1.0
2026-06-27 06:15:00+00:00,198.4,224.85,1.0
2026-06-27 06:20:00+00:00,198.38,224.86,1.0
2026-06-27 06:25:00+00:00,198.29,224.92,1.0
2026-06-27 06:30:00+00:00,198.63,225.47,1.0
2026-06-27 06:35:00+00:00,198.72,225.75,1.0
2026-06-27 06:40:00+00:00,198.79,226.05,1.0
2026-06-27 06:45:00+00:00,198.8,225.83,1.0
2026-06-27 06:50:00+00:00,198.65,225.62,1.0
2026-06-27 06:55:00+00:00,198.79,225.81,1.0
2026-06-27 07:00:00+00:00,198.68,225.68,1.0
2026-06-27 07:05:00+00:00,198.58,225.48,1.0
2026-06-27 07:10:00+00:00,198.63,225.46,1.0
2026-06-27 07:15:00+00:00,198.68,225.36,1.0
2026-06-27 07:20:00+00:00,198.69,225.38,1.0
2026-06-27 07:25:00+00:00,198.66,225.52,1.0
2026-06-27 07:30:00+00:00,198.71,225.56,1.0
2026-06-27 07:35:00+00:00,198.65,225.47,1.0
2026-06-27 07:40:00+00:00,198.73,225.58,1.0
2026-06-27 07:45:00+00:00,198.82,225.64,1.0
2026-06-27 07:50:00+00:00,198.88,225.54,1.0
2026-06-27 07:55:00+00:00,199.03,225.67,1.0
2026-06-27 08:00:00+00:00,198.88,225.41,1.0
2026-06-27 08:05:00+00:00,198.93,225.21,1.0
2026-06-27 08:10:00+00:00,198.95,225.11,1.0
2026-06-27 08:15:00+00:00,198.83,224.85,1.0
2026-06-27 08:20:00+00:00,198.71,224.96,1.0
2026-06-27 08:25:00+00:00,198.87,225.13,1.0
2026-06-27 08:30:00+00:00,198.69,225.15,1.0
2026-06-27 08:35:00+00:00,198.76,225.18,1.0
2026-06-27 08:40:00+00:00,198.84,225.27,1.0
2026-06-27 08:45:00+00:00,198.71,225.21,1.0
2026-06-27 08:50:00+00:00,198.81,224.93,1.0
2026-06-27 08:55:00+00:00,198.78,224.93,1.0
2026-06-27 09:00:00+00:00,198.86,224.82,1.0
2026-06-27 09:05:00+00:00,198.83,224.69,1.0
2026-06-27 09:10:00+00:00,198.74,224.72,1.0
2026-06-27 09:15:00+00:00,198.74,224.85,1.0
2026-06-27 09:20:00+00:00,198.76,224.99,1.0
2026-06-27 09:25:00+00:00,198.88,224.88,1.0
2026-06-27 09:30:00+00:00,198.92,225.02,1.0
2026-06-27 09:35:00+00:00,198.94,225.37,1.0
2026-06-27 09:40:00+00:00,198.86,225.2,1.0
2026-06-27 09:45:00+00:00,198.93,225.41,1.0
2026-06-27 09:50:00+00:00,198.84,225.44,1.0
2026-06-27 09:55:00+00:00,198.95,225.43,1.0
2026-06-27 10:00:00+00:00,198.95,225.13,1.0
2026-06-27 10:05:00+00:00,198.95,225.28,1.0
2026-06-27 10:10:00+00:00,199.11,225.18,1.0
2026-06-27 10:15:00+00:00,199.04,225.41,1.0
2026-06-27 10:20:00+00:00,199.2,225.44,1.0
2026-06-27 10:25:00+00:00,199.06,225.4,1.0
2026-06-27 10:30:00+00:00,198.98,225.56,1.0
2026-06-27 10:35:00+00:00,199.01,225.61,1.0
2026-06-27 10:40:00+00:00,198.97,225.83,1.0
2026-06-27 10:45:00+00:00,198.98,225.88,1.0
2026-06-27 10:50:00+00:00,199.01,225.71,1.0
2026-06-27 10:55:00+00:00,198.94,226.0,1.0
2026-06-27 11:00:00+00:00,199.08,226.21,1.0
2026-06-27 11:05:00+00:00,198.99,226.35,1.0
2026-06-27 11:10:00+00:00,198.97,226.32,1.0
2026-06-27 11:15:00+00:00,198.76,226.32,1.0
2026-06-27 11:20:00+00:00,198.93,226.07,1.0
2026-06-27 11:25:00+00:00,199.04,225.99,1.0
2026-06-27 11:30:00+00:00,198.99,225.99,1.0
2026-06-27 11:35:00+00:00,198.99,226.0,1.0
2026-06-27 11:40:00+00:00,198.99,225.96,1.0
2026-06-27 11:45:00+00:00,198.93,225.91,1.0
2026-06-27 11:50:00+00:00,199.02,225.81,1.0
2026-06-27 11:55:00+00:00,199.0,225.83,1.0
2026-06-27 12:00:00+00:00,199.04,225.74,1.0
2026-06-27 12:05:00+00:00,198.99,225.75,1.0
2026-06-27 12:10:00+00:00,199.03,225.62,1.0
2026-06-27 12:15:00+00:00,199.03,225.56,1.0
2026-06-27 12:20:00+00:00,199.01,225.56,1.0
2026-06-27 12:25:00+00:00,199.08,226.0,1.0
2026-06-27 12:30:00+00:00,199.15,225.78,1.0
2026-06-27 12:35:00+00:00,199.04,225.91,1.0
2026-06-27 12:40:00+00:00,198.99,225.98,1.0
2026-06-27 12:45:00+00:00,199.15,225.94,1.0
2026-06-27 12:50:00+00:00,199.27,226.15,1.0
2026-06-27 12:55:00+00:00,199.27,226.4,1.0
2026-06-27 13:00:00+00:00,199.47,226.48,1.0
2026-06-27 13:05:00+00:00,199.47,226.32,1.0
2026-06-27 13:10:00+00:00,199.51,226.35,1.0
2026-06-27 13:15:00+00:00,199.56,226.31,1.0
2026-06-27 13:20:00+00:00,199.55,226.4,1.0
2026-06-27 13:25:00+00:00,199.59,226.53,1.0
2026-06-27 13:30:00+00:00,199.55,226.71,1.0
2026-06-27 13:35:00+00:00,199.8,227.09,1.0
2026-06-27 13:40:00+00:00,199.5,226.91,1.0
2026-06-27 13:45:00+00:00,199.49,226.87,1.0
2026-06-27 13:50:00+00:00,199.62,227.25,1.0
2026-06-27 13:55:00+00:00,199.75,227.47,1.0
2026-06-27 14:00:00+00:00,199.44,227.14,1.0
2026-06-27 14:05:00+00:00,199.51,227.11,1.0
2026-06-27 14:10:00+00:00,199.67,227.34,1.0
2026-06-27 14:15:00+00:00,199.58,227.24,1.0
2026-06-27 14:20:00+00:00,199.55,226.89,1.0
2026-06-27 14:25:00+00:00,199.42,226.75,1.0
2026-06-27 14:30:00+00:00,199.45,226.66,1.0
2026-06-27 14:35:00+00:00,199.52,226.63,1.0
2026-06-27 14:40:00+00:00,199.46,226.57,1.0
2026-06-27 14:45:00+00:00,199.45,226.36,1.0
2026-06-27 14:50:00+00:00,199.48,226.43,1.0
2026-06-27 14:55:00+00:00,199.53,227.0,1.0
2026-06-27 15:00:00+00:00,199.44,226.74,1.0
2026-06-27 15:05:00+00:00,199.5,226.92,1.0
2026-06-27 15:10:00+00:00,199.77,226.91,1.0
2026-06-27 15:15:00+00:00,199.55,226.53,1.0
2026-06-27 15:20:00+00:00,199.65,226.4,1.0
2026-06-27 15:25:00+00:00,199.57,226.56,1.0
2026-06-27 15:30:00+00:00,199.6,226.66,1.0
2026-06-27 15:35:00+00:00,199.74,226.7,1.0
2026-06-27 15:40:00+00:00,199.7,226.55,1.0
2026-06-27 15:45:00+00:00,199.66,226.61,1.0
2026-06-27 15:50:00+00:00,199.71,226.57,1.0
2026-06-27 15:55:00+00:00,199.71,226.79,1.0
2026-06-27 16:00:00+00:00,199.68,226.32,1.0
2026-06-27 16:05:00+00:00,199.66,226.3,1.0
2026-06-27 16:10:00+00:00,199.44,226.18,1.0
2026-06-27 16:15:00+00:00,199.41,226.04,1.0
2026-06-27 16:20:00+00:00,199.43,226.14,1.0
2026-06-27 16:25:00+00:00,199.47,225.98,1.0
2026-06-27 16:30:00+00:00,199.47,226.04,1.0
2026-06-27 16:35:00+00:00,199.68,226.09,1.0
2026-06-27 16:40:00+00:00,199.5,226.06,1.0
2026-06-27 16:45:00+00:00,199.51,226.26,1.0
2026-06-27 16:50:00+00:00,199.58,226.22,1.0
2026-06-27 16:55:00+00:00,199.5,226.28,1.0
2026-06-27 17:00:00+00:00,198.84,225.5,1.0
2026-06-27 17:05:00+00:00,198.95,225.26,1.0
2026-06-27 17:10:00+00:00,198.92,225.56,1.0
2026-06-27 17:15:00+00:00,198.97,225.07,1.0
2026-06-27 17:20:00+00:00,198.82,224.04,1.0
2026-06-27 17:25:00+00:00,198.9,224.1,1.0
2026-06-27 17:30:00+00:00,198.7,224.24,1.0
2026-06-27 17:35:00+00:00,198.74,224.63,1.0
2026-06-27 17:40:00+00:00,198.68,224.47,1.0
2026-06-27 17:45:00+00:00,198.66,224.23,1.0
2026-06-27 17:50:00+00:00,198.63,224.42,1.0
2026-06-27 17:55:00+00:00,198.56,224.42,1.0
2026-06-27 18:00:00+00:00,198.73,224.07,1.0
2026-06-27 18:05:00+00:00,198.75,224.1,1.0
2026-06-27 18:10:00+00:00,198.78,224.42,1.0
2026-06-27 18:15:00+00:00,198.99,224.38,1.0
2026-06-27 18:20:00+00:00,198.92,224.65,1.0
2026-06-27 18:25:00+00:00,199.0,224.7,1.0
2026-06-27 18:30:00+00:00,199.07,224.8,1.0
2026-06-27 18:35:00+00:00,199.05,224.9,1.0
2026-06-27 18:40:00+00:00,199.03,224.74,1.0
2026-06-27 18:45:00+00:00,199.05,224.87,1.0
2026-06-27 18:50:00+00:00,199.24,224.84,1.0
2026-06-27 18:55:00+00:00,199.1,224.86,1.0
2026-06-27 19:00:00+00:00,199.18,224.83,1.0
2026-06-27 19:05:00+00:00,199.27,224.87,1.0
2026-06-27 19:10:00+00:00,199.31,225.03,1.0
2026-06-27 19:15:00+00:00,199.15,224.83,1.0
2026-06-27 19:20:00+00:00,198.91,224.7,1.0
2026-06-27 19:25:00+00:00,198.55,224.16,1.0
2026-06-27 19:30:00+00:00,198.16,223.93,1.0
2026-06-27 19:35:00+00:00,198.2,223.71,1.0
2026-06-27 19:40:00+00:00,198.22,223.8,1.0
2026-06-27 19:45:00+00:00,198.15,223.84,1.0
2026-06-27 19:50:00+00:00,198.1,223.71,1.0
2026-06-27 19:55:00+00:00,198.02,223.61,1.0
2026-06-27 20:00:00+00:00,198.24,224.2,1.0
2026-06-27 20:05:00+00:00,198.33,224.25,1.0
2026-06-27 20:10:00+00:00,198.35,224.25,1.0
2026-06-27 20:15:00+00:00,198.39,224.17,1.0
2026-06-27 20:20:00+00:00,198.44,224.42,1.0
2026-06-27 20:25:00+00:00,198.56,224.31,1.0
2026-06-27 20:30:00+00:00,198.64,224.54,1.0
2026-06-27 20:35:00+00:00,198.71,224.65,1.0
2026-06-27 20:40:00+00:00,198.8,224.75,1.0
2026-06-27 20:45:00+00:00,198.71,224.27,1.0
2026-06-27 20:50:00+00:00,198.71,224.15,1.0
2026-06-27 20:55:00+00:00,198.64,223.98,1.0
2026-06-27 21:00:00+00:00,198.67,224.01,1.0
2026-06-27 21:05:00+00:00,198.69,223.93,1.0
2026-06-27 21:10:00+00:00,199.11,223.85,1.0
2026-06-27 21:15:00+00:00,199.07,224.11,1.0
2026-06-27 21:20:00+00:00,198.97,224.06,1.0
2026-06-27 21:25:00+00:00,199.1,224.41,1.0
2026-06-27 21:30:00+00:00,199.19,224.51,1.0
2026-06-27 21:35:00+00:00,199.08,224.5,1.0
2026-06-27 21:40:00+00:00,198.95,224.13,1.0
2026-06-27 21:45:00+00:00,198.69,223.92,1.0
2026-06-27 21:50:00+00:00,198.45,223.41,1.0
2026-06-27 21:55:00+00:00,198.46,223.37,1.0
2026-06-27 22:00:00+00:00,197.96,222.92,1.0
2026-06-27 22:05:00+00:00,198.03,223.25,1.0
2026-06-27 22:10:00+00:00,197.65,223.03,1.0
2026-06-27 22:15:00+00:00,197.46,223.05,1.0
2026-06-27 22:20:00+00:00,197.4,223.14,1.0
2026-06-27 22:25:00+00:00,197.48,223.59,1.0
2026-06-27 22:30:00+00:00,197.67,223.93,1.0
2026-06-27 22:35:00+00:00,197.76,223.54,1.0
2026-06-27 22:40:00+00:00,197.73,223.61,1.0
2026-06-27 22:45:00+00:00,197.9,223.62,1.0
2026-06-27 22:50:00+00:00,198.0,223.74,1.0
2026-06-27 22:55:00+00:00,197.83,223.59,1.0
2026-06-27 23:00:00+00:00,198.05,223.7,1.0
2026-06-27 23:05:00+00:00,198.15,223.71,1.0
2026-06-27 23:10:00+00:00,197.95,223.32,1.0
2026-06-27 23:15:00+00:00,197.76,223.14,1.0
2026-06-27 23:20:00+00:00,197.56,222.8,1.0
2026-06-27 23:25:00+00:00,197.64,222.79,1.0
2026-06-27 23:30:00+00:00,197.79,223.03,1.0
2026-06-27 23:35:00+00:00,197.81,223.1,1.0
2026-06-27 23:40:00+00:00,197.74,223.22,1.0
2026-06-27 23:45:00+00:00,198.06,223.03,1.0
2026-06-27 23:50:00+00:00,198.12,223.3,1.0
2026-06-27 23:55:00+00:00,198.0,223.3,1.0
2026-06-28 00:00:00+00:00,197.8,222.98,1.0
2026-06-28 00:05:00+00:00,197.78,223.06,1.0
2026-06-28 00:10:00+00:00,197.82,223.16,1.0
2026-06-28 00:15:00+00:00,197.89,223.14,1.0
2026-06-28 00:20:00+00:00,198.17,223.36,1.0
2026-06-28 00:25:00+00:00,198.28,223.7,1.0
2026-06-28 00:30:00+00:00,198.19,223.67,1.0
2026-06-28 00:35:00+00:00,198.04,223.35,1.0
2026-06-28 00:40:00+00:00,197.9,223.18,1.0
2026-06-28 00:45:00+00:00,197.58,222.66,1.0
2026-06-28 00:50:00+00:00,197.48,222.75,1.0
2026-06-28 00:55:00+00:00,197.03,222.12,1.0
2026-06-28 01:00:00+00:00,196.89,221.31,1.0
2026-06-28 01:05:00+00:00,197.04,221.7,1.0
2026-06-28 01:10:00+00:00,197.02,221.74,1.0
2026-06-28 01:15:00+00:00,196.85,221.86,1.0
2026-06-28 01:20:00+00:00,197.18,222.07,1.0
2026-06-28 01:25:00+00:00,197.2,222.55,1.0
2026-06-28 01:30:00+00:00,197.34,222.72,1.0
2026-06-28 01:35:00+00:00,197.25,222.73,1.0
2026-06-28 01:40:00+00:00,197.29,222.97,1.0
2026-06-28 01:45:00+00:00,197.1,222.62,1.0
2026-06-28 01:50:00+00:00,197.06,222.58,1.0
2026-06-28 01:55:00+00:00,197.14,222.86,1.0
2026-06-28 02:00:00+00:00,197.25,223.09,1.0
2026-06-28 02:05:00+00:00,197.12,222.99,1.0
2026-06-28 02:10:00+00:00,197.23,223.16,1.0
2026-06-28 02:15:00+00:00,197.38,223.55,1.0
2026-06-28 02:20:00+00:00,196.69,222.98,1.0
2026-06-28 02:25:00+00:00,196.73,222.85,1.0
2026-06-28 02:30:00+00:00,196.8,222.88,1.0
2026-06-28 02:35:00+00:00,195.78,222.12,1.0
2026-06-28 02:40:00+00:00,195.92,222.39,1.0
2026-06-28 02:45:00+00:00,195.93,222.27,1.0
2026-06-28 02:50:00+00:00,196.18,222.54,1.0
2026-06-28 02:55:00+00:00,196.15,222.62,1.0
2026-06-28 03:00:00+00:00,195.96,222.72,1.0
2026-06-28 03:05:00+00:00,196.34,223.19,1.0
2026-06-28 03:10:00+00:00,196.44,223.39,1.0
2026-06-28 03:15:00+00:00,196.86,223.4,1.0
2026-06-28 03:20:00+00:00,196.44,223.32,1.0
2026-06-28 03:25:00+00:00,196.42,223.28,1.0
2026-06-28 03:30:00+00:00,196.34,223.46,1.0
2026-06-28 03:35:00+00:00,196.67,223.65,1.0
2026-06-28 03:40:00+00:00,196.54,223.37,1.0
2026-06-28 03:45:00+00:00,196.69,223.45,1.0
2026-06-28 03:50:00+00:00,196.58,223.18,1.0
2026-06-28 03:55:00+00:00,196.55,223.21,1.0
2026-06-28 04:00:00+00:00,196.24,223.23,1.0
2026-06-28 04:05:00+00:00,196.33,223.26,1.0
2026-06-28 04:10:00+00:00,196.44,223.27,1.0
2026-06-28 04:15:00+00:00,196.24,223.27,1.0
2026-06-28 04:20:00+00:00,196.37,223.41,1.0
2026-06-28 04:25:00+00:00,196.25,223.32,1.0
2026-06-28 04:30:00+00:00,196.26,223.2,1.0
2026-06-28 04:35:00+00:00,196.23,223.2,1.0
2026-06-28 04:40:00+00:00,196.38,223.37,1.0
2026-06-28 04:45:00+00:00,196.21,223.41,1.0
2026-06-28 04:50:00+00:00,196.19,223.5,1.0
2026-06-28 04:55:00+00:00,196.58,223.56,1.0
2026-06-28 05:00:00+00:00,196.28,223.23,1.0
2026-06-28 05:05:00+00:00,196.25,223.34,1.0
2026-06-28 05:10:00+00:00,196.17,223.22,1.0
2026-06-28 05:15:00+00:00,196.3,223.37,1.0
2026-06-28 05:20:00+00:00,196.25,223.16,1.0
2026-06-28 05:25:00+00:00,196.16,222.76,1.0
2026-06-28 05:30:00+00:00,196.42,222.91,1.0
2026-06-28 05:35:00+00:00,196.29,223.1,1.0
2026-06-28 05:40:00+00:00,196.21,223.11,1.0
2026-06-28 05:45:00+00:00,196.06,222.92,1.0
2026-06-28 05:50:00+00:00,196.05,222.67,1.0
2026-06-28 05:55:00+00:00,196.09,222.82,1.0
2026-06-28 06:00:00+00:00,196.09,222.72,1.0
2026-06-28 06:05:00+00:00,196.25,223.0,1.0
2026-06-28 06:10:00+00:00,196.05,222.54,1.0
2026-06-28 06:15:00+00:00,196.42,222.77,1.0
2026-06-28 06:20:00+00:00,196.35,222.84,1.0
2026-06-28 06:25:00+00:00,196.42,222.73,1.0
2026-06-28 06:30:00+00:00,196.42,222.93,1.0
2026-06-28 06:35:00+00:00,196.4,222.76,1.0
2026-06-28 06:40:00+00:00,196.29,222.88,1.0
2026-06-28 06:45:00+00:00,196.26,222.86,1.0
2026-06-28 06:50:00+00:00,196.32,222.96,1.0
2026-06-28 06:55:00+00:00,196.25,223.07,1.0
2026-06-28 07:00:00+00:00,196.45,223.13,1.0
2026-06-28 07:05:00+00:00,196.68,223.15,1.0
2026-06-28 07:10:00+00:00,196.96,223.49,1.0
2026-06-28 07:15:00+00:00,197.0,223.66,1.0
2026-06-28 07:20:00+00:00,196.93,223.56,1.0
2026-06-28 07:25:00+00:00,196.95,223.65,1.0
2026-06-28 07:30:00+00:00,196.94,223.62,1.0
2026-06-28 07:35:00+00:00,197.36,224.44,1.0
2026-06-28 07:40:00+00:00,197.72,225.11,1.0
2026-06-28 07:45:00+00:00,197.68,225.18,1.0
2026-06-28 07:50:00+00:00,197.58,224.99,1.0
2026-06-28 07:55:00+00:00,197.7,224.68,1.0
2026-06-28 08:00:00+00:00,197.52,224.79,1.0
2026-06-28 08:05:00+00:00,197.54,224.7,1.0
2026-06-28 08:10:00+00:00,197.67,224.85,1.0
2026-06-28 08:15:00+00:00,197.79,224.94,1.0
2026-06-28 08:20:00+00:00,197.88,225.05,1.0
2026-06-28 08:25:00+00:00,197.95,224.6,1.0
2026-06-28 08:30:00+00:00,197.96,224.66,1.0
2026-06-28 08:35:00+00:00,198.2,225.17,1.0
2026-06-28 08:40:00+00:00,198.6,225.01,1.0
2026-06-28 08:45:00+00:00,198.55,225.34,1.0
2026-06-28 08:50:00+00:00,198.31,224.98,1.0
2026-06-28 08:55:00+00:00,198.1,224.88,1.0
2026-06-28 09:00:00+00:00,197.99,224.83,1.0
2026-06-28 09:05:00+00:00,198.08,225.06,1.0
2026-06-28 09:10:00+00:00,198.3,225.52,1.0
2026-06-28 09:15:00+00:00,198.38,225.53,1.0
2026-06-28 09:20:00+00:00,198.3,225.43,1.0
2026-06-28 09:25:00+00:00,198.46,225.45,1.0
2026-06-28 09:30:00+00:00,198.41,225.38,1.0
2026-06-28 09:35:00+00:00,198.42,225.05,1.0
2026-06-28 09:40:00+00:00,198.48,225.17,1.0
2026-06-28 09:45:00+00:00,198.33,225.12,1.0
2026-06-28 09:50:00+00:00,198.01,224.56,1.0
2026-06-28 09:55:00+00:00,198.06,224.47,1.0
2026-06-28 10:00:00+00:00,197.79,224.33,1.0
2026-06-28 10:05:00+00:00,197.69,224.25,1.0
2026-06-28 10:10:00+00:00,197.75,224.38,1.0
2026-06-28 10:15:00+00:00,197.69,224.18,1.0
2026-06-28 10:20:00+00:00,197.96,225.71,1.0
2026-06-28 10:25:00+00:00,197.99,225.96,1.0
2026-06-28 10:30:00+00:00,197.96,226.17,1.0
2026-06-28 10:35:00+00:00,197.81,225.93,1.0
2026-06-28 10:40:00+00:00,197.78,225.86,1.0
2026-06-28 10:45:00+00:00,197.83,225.99,1.0
2026-06-28 10:50:00+00:00,197.78,225.95,1.0
2026-06-28 10:55:00+00:00,197.9,225.99,1.0
2026-06-28 11:00:00+00:00,198.15,226.46,1.0
2026-06-28 11:05:00+00:00,197.94,226.31,1.0
2026-06-28 11:10:00+00:00,198.05,226.34,1.0
2026-06-28 11:15:00+00:00,198.28,226.63,1.0
2026-06-28 11:20:00+00:00,198.56,226.78,1.0
2026-06-28 11:25:00+00:00,198.54,226.75,1.0
2026-06-28 11:30:00+00:00,198.57,226.33,1.0
2026-06-28 11:35:00+00:00,198.79,226.35,1.0
2026-06-28 11:40:00+00:00,198.81,226.0,1.0
2026-06-28 11:45:00+00:00,198.86,225.98,1.0
2026-06-28 11:50:00+00:00,198.95,226.06,1.0
2026-06-28 11:55:00+00:00,198.92,225.98,1.0
2026-06-28 12:00:00+00:00,198.54,224.91,1.0
2026-06-28 12:05:00+00:00,198.83,224.79,1.0
2026-06-28 12:10:00+00:00,198.53,224.81,1.0
2026-06-28 12:15:00+00:00,198.6,224.16,1.0
2026-06-28 12:20:00+00:00,198.52,224.43,1.0
2026-06-28 12:25:00+00:00,198.62,224.88,1.0
2026-06-28 12:30:00+00:00,198.59,224.33,1.0
2026-06-28 12:35:00+00:00,198.54,224.0,1.0
2026-06-28 12:40:00+00:00,198.61,224.35,1.0
2026-06-28 12:45:00+00:00,198.79,224.68,1.0
2026-06-28 12:50:00+00:00,198.8,224.73,1.0
2026-06-28 12:55:00+00:00,198.9,224.95,1.0
2026-06-28 13:00:00+00:00,198.62,224.76,1.0
2026-06-28 13:05:00+00:00,198.6,224.45,1.0
2026-06-28 13:10:00+00:00,198.62,224.91,1.0
2026-06-28 13:15:00+00:00,198.7,224.93,1.0
2026-06-28 13:20:00+00:00,198.95,225.18,1.0
2026-06-28 13:25:00+00:00,198.88,225.21,1.0
2026-06-28 13:30:00+00:00,198.94,225.15,1.0
2026-06-28 13:35:00+00:00,199.06,225.45,1.0
2026-06-28 13:40:00+00:00,199.11,225.38,1.0
2026-06-28 13:45:00+00:00,199.32,225.66,1.0
2026-06-28 13:50:00+00:00,199.2,225.83,1.0
2026-06-28 13:55:00+00:00,199.15,225.66,1.0
2026-06-28 14:00:00+00:00,199.2,225.98,1.0
2026-06-28 14:05:00+00:00,199.39,226.36,1.0
2026-06-28 14:10:00+00:00,199.43,226.66,1.0
2026-06-28 14:15:00+00:00,199.4,226.48,1.0
2026-06-28 14:20:00+00:00,199.29,226.31,1.0
2026-06-28 14:25:00+00:00,199.23,226.21,1.0
2026-06-28 14:30:00+00:00,199.31,227.02,1.0
2026-06-28 14:35:00+00:00,199.27,227.2,1.0
2026-06-28 14:40:00+00:00,199.35,227.01,1.0
2026-06-28 14:45:00+00:00,199.31,227.3,1.0
2026-06-28 14:50:00+00:00,199.2,227.23,1.0
2026-06-28 14:55:00+00:00,199.16,227.08,1.0
2026-06-28 15:00:00+00:00,199.54,227.74,1.0
2026-06-28 15:05:00+00:00,199.38,227.57,1.0
2026-06-28 15:10:00+00:00,199.51,227.51,1.0
2026-06-28 15:15:00+00:00,199.4,227.47,1.0
2026-06-28 15:20:00+00:00,199.42,227.41,1.0
2026-06-28 15:25:00+00:00,199.48,227.24,1.0
2026-06-28 15:30:00+00:00,199.42,227.49,1.0
2026-06-28 15:35:00+00:00,199.21,227.29,1.0
2026-06-28 15:40:00+00:00,199.24,227.31,1.0
2026-06-28 15:45:00+00:00,199.21,227.21,1.0
2026-06-28 15:50:00+00:00,199.07,227.24,1.0
2026-06-28 15:55:00+00:00,199.07,227.25,1.0
2026-06-28 16:00:00+00:00,199.1,227.52,1.0
2026-06-28 16:05:00+00:00,199.34,227.36,1.0
2026-06-28 16:10:00+00:00,199.46,227.49,1.0
2026-06-28 16:15:00+00:00,199.65,227.44,1.0
2026-06-28 16:20:00+00:00,199.63,227.6,1.0
2026-06-28 16:25:00+00:00,199.72,227.43,1.0
2026-06-28 16:30:00+00:00,199.44,227.09,1.0
2026-06-28 16:35:00+00:00,199.47,227.19,1.0
2026-06-28 16:40:00+00:00,199.59,227.33,1.0
2026-06-28 16:45:00+00:00,199.41,227.26,1.0
2026-06-28 16:50:00+00:00,199.53,227.28,1.0
2026-06-28 16:55:00+00:00,199.77,227.57,1.0
2026-06-28 17:00:00+00:00,199.82,227.66,1.0
2026-06-28 17:05:00+00:00,199.91,227.46,1.0
2026-06-28 17:10:00+00:00,199.81,226.92,1.0
2026-06-28 17:15:00+00:00,199.75,226.9,1.0
2026-06-28 17:20:00+00:00,199.63,226.31,1.0
2026-06-28 17:25:00+00:00,199.7,226.25,1.0
2026-06-28 17:30:00+00:00,199.84,226.29,1.0
2026-06-28 17:35:00+00:00,199.74,226.29,1.0
2026-06-28 17:40:00+00:00,199.89,226.19,1.0
2026-06-28 17:45:00+00:00,199.87,226.18,1.0
2026-06-28 17:50:00+00:00,200.19,226.32,1.0
2026-06-28 17:55:00+00:00,200.11,226.4,1.0
2026-06-28 18:00:00+00:00,200.09,226.65,1.0
2026-06-28 18:05:00+00:00,200.1,226.7,1.0
2026-06-28 18:10:00+00:00,200.11,226.66,1.0
2026-06-28 18:15:00+00:00,200.01,226.71,1.0
2026-06-28 18:20:00+00:00,200.05,226.65,1.0
2026-06-28 18:25:00+00:00,199.88,226.65,1.0
2026-06-28 18:30:00+00:00,199.87,226.67,1.0
2026-06-28 18:35:00+00:00,199.8,226.64,1.0
2026-06-28 18:40:00+00:00,199.71,226.58,1.0
2026-06-28 18:45:00+00:00,199.73,226.56,1.0
2026-06-28 18:50:00+00:00,199.74,226.67,1.0
2026-06-28 18:55:00+00:00,199.73,226.71,1.0
2026-06-28 19:00:00+00:00,199.69,226.57,1.0
2026-06-28 19:05:00+00:00,199.66,226.58,1.0
2026-06-28 19:10:00+00:00,199.67,226.41,1.0
2026-06-28 19:15:00+00:00,199.68,226.5,1.0
2026-06-28 19:20:00+00:00,199.74,226.62,1.0
2026-06-28 19:25:00+00:00,199.79,226.79,1.0
2026-06-28 19:30:00+00:00,200.05,226.75,1.0
2026-06-28 19:35:00+00:00,199.86,226.78,1.0
2026-06-28 19:40:00+00:00,199.86,226.58,1.0
2026-06-28 19:45:00+00:00,199.61,225.82,1.0
2026-06-28 19:50:00+00:00,199.7,225.81,1.0
2026-06-28 19:55:00+00:00,199.65,225.83,1.0
2026-06-28 20:00:00+00:00,199.69,225.81,1.0
2026-06-28 20:05:00+00:00,199.77,225.82,1.0
2026-06-28 20:10:00+00:00,200.02,226.19,1.0
2026-06-28 20:15:00+00:00,199.99,226.43,1.0
2026-06-28 20:20:00+00:00,200.31,226.45,1.0
2026-06-28 20:25:00+00:00,200.4,226.52,1.0
2026-06-28 20:30:00+00:00,200.7,226.65,1.0
2026-06-28 20:35:00+00:00,201.09,226.96,1.0
2026-06-28 20:40:00+00:00,201.23,227.56,1.0
2026-06-28 20:45:00+00:00,201.31,227.37,1.0
2026-06-28 20:50:00+00:00,201.3,227.62,1.0
2026-06-28 20:55:00+00:00,201.04,227.2,1.0
2026-06-28 21:00:00+00:00,201.04,226.91,1.0
2026-06-28 21:05:00+00:00,201.18,226.68,1.0
2026-06-28 21:10:00+00:00,201.2,226.33,1.0
2026-06-28 21:15:00+00:00,201.38,226.54,1.0
2026-06-28 21:20:00+00:00,201.26,226.5,1.0
2026-06-28 21:25:00+00:00,201.18,226.77,1.0
2026-06-28 21:30:00+00:00,201.39,226.72,1.0
2026-06-28 21:35:00+00:00,201.58,226.88,1.0
2026-06-28 21:40:00+00:00,201.61,226.94,1.0
2026-06-28 21:45:00+00:00,201.06,226.46,1.0
2026-06-28 21:50:00+00:00,200.77,225.52,1.0
2026-06-28 21:55:00+00:00,200.34,225.44,1.0
2026-06-28 22:00:00+00:00,201.69,227.67,1.0
2026-06-28 22:05:00+00:00,201.76,227.24,1.0
2026-06-28 22:10:00+00:00,201.44,226.92,1.0
2026-06-28 22:15:00+00:00,200.94,226.44,1.0
2026-06-28 22:20:00+00:00,201.2,227.13,1.0
2026-06-28 22:25:00+00:00,201.15,227.59,1.0
2026-06-28 22:30:00+00:00,201.68,227.85,1.0
2026-06-28 22:35:00+00:00,201.76,228.17,1.0
2026-06-28 22:40:00+00:00,201.83,227.78,1.0
2026-06-28 22:45:00+00:00,202.18,227.79,1.0
2026-06-28 22:50:00+00:00,202.15,227.65,1.0
2026-06-28 22:55:00+00:00,202.03,227.49,1.0
2026-06-28 23:00:00+00:00,200.68,223.58,1.0
2026-06-28 23:05:00+00:00,200.4,222.46,1.0
2026-06-28 23:10:00+00:00,200.11,220.67,1.0
2026-06-28 23:15:00+00:00,200.07,219.77,1.0
2026-06-28 23:20:00+00:00,200.0,220.75,1.0
2026-06-28 23:25:00+00:00,200.58,220.93,1.0
2026-06-28 23:30:00+00:00,200.67,221.53,1.0
2026-06-28 23:35:00+00:00,200.81,221.36,1.0
2026-06-28 23:40:00+00:00,200.19,222.08,1.0
2026-06-28 23:45:00+00:00,199.6,220.85,1.0
2026-06-28 23:50:00+00:00,199.21,220.42,1.0
2026-06-28 23:55:00+00:00,198.46,220.0,1.0
2026-06-29 00:00:00+00:00,194.73,213.45,1.0
2026-06-29 00:05:00+00:00,195.32,214.37,1.0
2026-06-29 00:10:00+00:00,194.32,213.37,1.0
2026-06-29 00:15:00+00:00,194.1,213.9,1.0
2026-06-29 00:20:00+00:00,193.16,212.04,1.0
2026-06-29 00:25:00+00:00,191.89,210.14,1.0
2026-06-29 00:30:00+00:00,191.88,210.36,1.0
2026-06-29 00:35:00+00:00,192.88,210.63,1.0
2026-06-29 00:40:00+00:00,194.04,212.1,1.0
2026-06-29 00:45:00+00:00,192.96,210.81,1.0
2026-06-29 00:50:00+00:00,194.77,212.96,1.0
2026-06-29 00:55:00+00:00,195.21,214.14,1.0
2026-06-29 01:00:00+00:00,194.28,212.96,1.0
2026-06-29 01:05:00+00:00,194.96,213.93,1.0
2026-06-29 01:10:00+00:00,194.44,212.71,1.0
2026-06-29 01:15:00+00:00,194.7,212.37,1.0
2026-06-29 01:20:00+00:00,194.46,212.14,1.0
2026-06-29 01:25:00+00:00,194.14,211.69,1.0
2026-06-29 01:30:00+00:00,194.8,211.78,1.0
2026-06-29 01:35:00+00:00,195.93,213.14,1.0
2026-06-29 01:40:00+00:00,196.56,214.35,1.0
2026-06-29 01:45:00+00:00,195.68,213.53,1.0
2026-06-29 01:50:00+00:00,195.36,212.89,1.0
2026-06-29 01:55:00+00:00,194.7,211.42,1.0
2026-06-29 02:00:00+00:00,193.96,210.69,1.0
2026-06-29 02:05:00+00:00,193.89,210.31,1.0
2026-06-29 02:10:00+00:00,192.88,209.2,1.0
2026-06-29 02:15:00+00:00,193.7,210.18,1.0
2026-06-29 02:20:00+00:00,193.84,210.33,1.0
2026-06-29 02:25:00+00:00,194.12,210.92,1.0
2026-06-29 02:30:00+00:00,193.59,210.02,1.0
2026-06-29 02:35:00+00:00,193.42,210.02,1.0
2026-06-29 02:40:00+00:00,194.5,211.0,1.0
2026-06-29 02:45:00+00:00,194.23,210.41,1.0
2026-06-29 02:50:00+00:00,193.65,209.69,1.0
2026-06-29 02:55:00+00:00,193.67,209.88,1.0
2026-06-29 03:00:00+00:00,194.6,210.66,1.0
2026-06-29 03:05:00+00:00,193.82,209.88,1.0
2026-06-29 03:10:00+00:00,193.3,209.36,1.0
2026-06-29 03:15:00+00:00,193.29,209.31,1.0
2026-06-29 03:20:00+00:00,193.29,209.27,1.0
2026-06-29 03:25:00+00:00,193.56,209.26,1.0
2026-06-29 03:30:00+00:00,192.74,207.95,1.0
2026-06-29 03:35:00+00:00,192.91,207.52,1.0
2026-06-29 03:40:00+00:00,192.49,207.21,1.0
2026-06-29 03:45:00+00:00,193.4,208.7,1.0
2026-06-29 03:50:00+00:00,194.51,210.06,1.0
2026-06-29 03:55:00+00:00,195.22,210.07,1.0
2026-06-29 04:00:00+00:00,195.04,209.8,1.0
2026-06-29 04:05:00+00:00,194.86,209.38,1.0
2026-06-29 04:10:00+00:00,194.53,209.17,1.0
2026-06-29 04:15:00+00:00,193.88,208.42,1.0
2026-06-29 04:20:00+00:00,193.78,207.85,1.0
2026-06-29 04:25:00+00:00,193.59,207.6,1.0
2026-06-29 04:30:00+00:00,193.18,207.18,1.0
2026-06-29 04:35:00+00:00,193.25,207.2,1.0
2026-06-29 04:40:00+00:00,193.36,207.01,1.0
2026-06-29 04:45:00+00:00,193.85,207.4,1.0
2026-06-29 04:50:00+00:00,193.84,207.44,1.0
2026-06-29 04:55:00+00:00,193.06,206.75,1.0
2026-06-29 05:00:00+00:00,193.34,207.48,1.0
2026-06-29 05:05:00+00:00,194.13,208.4,1.0
2026-06-29 05:10:00+00:00,194.3,208.48,1.0
2026-06-29 05:15:00+00:00,194.8,209.17,1.0
2026-06-29 05:20:00+00:00,195.05,209.5,1.0
2026-06-29 05:25:00+00:00,194.81,209.42,1.0
2026-06-29 05:30:00+00:00,196.25,210.89,1.0
2026-06-29 05:35:00+00:00,196.48,211.28,1.0
2026-06-29 05:40:00+00:00,198.28,213.28,1.0
2026-06-29 05:45:00+00:00,198.57,212.91,1.0
2026-06-29 05:50:00+00:00,200.16,214.88,1.0
2026-06-29 05:55:00+00:00,200.49,215.0,1.0
2026-06-29 06:00:00+00:00,198.9,212.92,1.0
2026-06-29 06:05:00+00:00,198.25,211.68,1.0
2026-06-29 06:10:00+00:00,197.95,211.24,1.0
2026-06-29 06:15:00+00:00,198.15,211.8,1.0
2026-06-29 06:20:00+00:00,197.92,211.05,1.0
2026-06-29 06:25:00+00:00,197.38,211.03,1.0
2026-06-29 06:30:00+00:00,197.87,211.47,1.0
2026-06-29 06:35:00+00:00,197.77,211.32,1.0
2026-06-29 06:40:00+00:00,197.59,210.3,1.0
2026-06-29 06:45:00+00:00,197.34,209.92,1.0
2026-06-29 06:50:00+00:00,197.67,209.92,1.0
2026-06-29 06:55:00+00:00,197.4,209.55,1.0
2026-06-29 07:00:00+00:00,197.46,209.92,1.0
2026-06-29 07:05:00+00:00,197.46,210.18,1.0
2026-06-29 07:10:00+00:00,197.61,210.15,1.0
2026-06-29 07:15:00+00:00,197.82,210.08,1.0
2026-06-29 07:20:00+00:00,197.89,209.94,1.0
2026-06-29 07:25:00+00:00,197.93,210.04,1.0
2026-06-29 07:30:00+00:00,197.85,209.96,1.0
2026-06-29 07:35:00+00:00,197.95,210.1,1.0
2026-06-29 07:40:00+00:00,197.9,209.96,1.0
2026-06-29 07:45:00+00:00,197.83,210.1,1.0
2026-06-29 07:50:00+00:00,197.64,209.82,1.0
2026-06-29 07:55:00+00:00,197.78,209.5,1.0
2026-06-29 08:00:00+00:00,198.0,211.21,1.0
2026-06-29 08:05:00+00:00,198.16,211.68,1.0
2026-06-29 08:10:00+00:00,197.98,211.58,1.0
2026-06-29 08:15:00+00:00,198.06,211.62,1.0
2026-06-29 08:20:00+00:00,198.15,211.57,1.0
2026-06-29 08:25:00+00:00,198.06,211.13,1.0
2026-06-29 08:30:00+00:00,198.09,211.15,1.0
2026-06-29 08:35:00+00:00,198.01,211.31,1.0
2026-06-29 08:40:00+00:00,198.07,211.37,1.0
2026-06-29 08:45:00+00:00,197.6,211.35,1.0
2026-06-29 08:50:00+00:00,197.47,211.21,1.0
2026-06-29 08:55:00+00:00,197.69,211.32,1.0
2026-06-29 09:00:00+00:00,197.65,211.05,1.0
2026-06-29 09:05:00+00:00,196.99,210.58,1.0
2026-06-29 09:10:00+00:00,196.97,210.72,1.0
2026-06-29 09:15:00+00:00,197.21,210.83,1.0
2026-06-29 09:20:00+00:00,197.1,211.03,1.0
2026-06-29 09:25:00+00:00,197.43,211.24,1.0
2026-06-29 09:30:00+00:00,197.15,211.19,1.0
2026-06-29 09:35:00+00:00,197.2,211.2,1.0
2026-06-29 09:40:00+00:00,197.11,211.2,1.0
2026-06-29 09:45:00+00:00,197.0,211.1,1.0
2026-06-29 09:50:00+00:00,196.68,211.02,1.0
2026-06-29 09:55:00+00:00,196.98,211.21,1.0
2026-06-29 10:00:00+00:00,197.15,211.12,1.0
2026-06-29 10:05:00+00:00,197.12,211.32,1.0
2026-06-29 10:10:00+00:00,196.76,211.11,1.0
2026-06-29 10:15:00+00:00,196.98,211.25,1.0
2026-06-29 10:20:00+00:00,197.01,211.1,1.0
2026-06-29 10:25:00+00:00,197.24,211.23,1.0
2026-06-29 10:30:00+00:00,197.16,211.39,1.0
2026-06-29 10:35:00+00:00,197.36,211.52,1.0
2026-06-29 10:40:00+00:00,197.13,211.38,1.0
2026-06-29 10:45:00+00:00,197.1,211.46,1.0
2026-06-29 10:50:00+00:00,197.15,211.83,1.0
2026-06-29 10:55:00+00:00,197.16,211.78,1.0
2026-06-29 11:00:00+00:00,197.63,212.23,1.0
2026-06-29 11:05:00+00:00,197.52,212.12,1.0
2026-06-29 11:10:00+00:00,197.07,211.23,1.0
2026-06-29 11:15:00+00:00,196.86,211.33,1.0
2026-06-29 11:20:00+00:00,196.94,211.43,1.0
2026-06-29 11:25:00+00:00,196.79,211.33,1.0
2026-06-29 11:30:00+00:00,196.93,211.43,1.0
2026-06-29 11:35:00+00:00,196.62,211.3,1.0
2026-06-29 11:40:00+00:00,196.47,211.58,1.0
2026-06-29 11:45:00+00:00,196.74,211.81,1.0
2026-06-29 11:50:00+00:00,196.56,211.84,1.0
2026-06-29 11:55:00+00:00,196.63,211.88,1.0
2026-06-29 12:00:00+00:00,196.71,212.12,1.0
2026-06-29 12:05:00+00:00,196.55,212.33,1.0
2026-06-29 12:10:00+00:00,196.81,212.38,1.0
2026-06-29 12:15:00+00:00,197.22,212.38,1.0
2026-06-29 12:20:00+00:00,197.0,212.25,1.0
2026-06-29 12:25:00+00:00,197.03,212.04,1.0
2026-06-29 12:30:00+00:00,196.95,211.84,1.0
2026-06-29 12:35:00+00:00,196.31,210.8,1.0
2026-06-29 12:40:00+00:00,196.15,210.68,1.0
2026-06-29 12:45:00+00:00,195.82,210.39,1.0
2026-06-29 12:50:00+00:00,196.26,210.68,1.0
2026-06-29 12:55:00+00:00,196.37,210.76,1.0
2026-06-29 13:00:00+00:00,196.57,210.94,1.0
2026-06-29 13:05:00+00:00,196.77,211.27,1.0
2026-06-29 13:10:00+00:00,196.72,211.37,1.0
2026-06-29 13:15:00+00:00,196.48,211.34,1.0
2026-06-29 13:20:00+00:00,196.12,210.93,1.0
2026-06-29 13:25:00+00:00,196.17,210.53,1.0
2026-06-29 13:30:00+00:00,196.11,210.28,1.0
2026-06-29 13:35:00+00:00,194.13,208.5,1.0
2026-06-29 13:40:00+00:00,194.98,209.02,1.0
2026-06-29 13:45:00+00:00,194.08,208.18,1.0
2026-06-29 13:50:00+00:00,193.23,207.46,1.0
2026-06-29 13:55:00+00:00,191.95,206.57,1.0
2026-06-29 14:00:00+00:00,192.0,205.62,1.0
2026-06-29 14:05:00+00:00,190.98,205.35,1.0
2026-06-29 14:10:00+00:00,189.13,203.43,1.0
2026-06-29 14:15:00+00:00,190.12,203.94,1.0
2026-06-29 14:20:00+00:00,190.11,203.77,1.0
2026-06-29 14:25:00+00:00,191.45,205.38,1.0
2026-06-29 14:30:00+00:00,192.02,205.88,1.0
2026-06-29 14:35:00+00:00,191.45,205.75,1.0
2026-06-29 14:40:00+00:00,190.76,205.05,1.0
2026-06-29 14:45:00+00:00,190.73,205.49,1.0
2026-06-29 14:50:00+00:00,191.96,206.62,1.0
2026-06-29 14:55:00+00:00,191.92,206.2,1.0
2026-06-29 15:00:00+00:00,191.83,206.31,1.0
2026-06-29 15:05:00+00:00,191.94,207.22,1.0
2026-06-29 15:10:00+00:00,191.99,207.34,1.0
2026-06-29 15:15:00+00:00,191.53,207.21,1.0
2026-06-29 15:20:00+00:00,191.08,206.51,1.0
2026-06-29 15:25:00+00:00,192.82,207.88,1.0
2026-06-29 15:30:00+00:00,192.64,207.77,1.0
2026-06-29 15:35:00+00:00,193.27,208.07,1.0
2026-06-29 15:40:00+00:00,193.68,208.25,1.0
2026-06-29 15:45:00+00:00,193.69,208.31,1.0
2026-06-29 15:50:00+00:00,193.82,208.34,1.0
2026-06-29 15:55:00+00:00,193.41,207.96,1.0
2026-06-29 16:00:00+00:00,194.01,208.01,1.0
2026-06-29 16:05:00+00:00,194.04,207.98,1.0
2026-06-29 16:10:00+00:00,194.26,207.86,1.0
2026-06-29 16:15:00+00:00,194.9,208.82,1.0
2026-06-29 16:20:00+00:00,194.82,209.01,1.0
2026-06-29 16:25:00+00:00,194.19,207.95,1.0
2026-06-29 16:30:00+00:00,194.14,207.6,1.0
2026-06-29 16:35:00+00:00,194.33,208.3,1.0
2026-06-29 16:40:00+00:00,195.02,209.06,1.0
2026-06-29 16:45:00+00:00,195.11,209.44,1.0
2026-06-29 16:50:00+00:00,195.2,209.36,1.0
2026-06-29 16:55:00+00:00,195.28,209.43,1.0
2026-06-29 17:00:00+00:00,195.51,209.74,1.0
2026-06-29 17:05:00+00:00,195.44,209.66,1.0
2026-06-29 17:10:00+00:00,195.71,209.94,1.0
2026-06-29 17:15:00+00:00,195.56,209.93,1.0
2026-06-29 17:20:00+00:00,194.84,208.87,1.0
2026-06-29 17:25:00+00:00,195.37,209.23,1.0
2026-06-29 17:30:00+00:00,195.11,209.66,1.0
2026-06-29 17:35:00+00:00,195.23,209.62,1.0
2026-06-29 17:40:00+00:00,195.16,209.76,1.0
2026-06-29 17:45:00+00:00,195.18,209.71,1.0
2026-06-29 17:50:00+00:00,195.16,209.71,1.0
2026-06-29 17:55:00+00:00,195.0,209.6,1.0
2026-06-29 18:00:00+00:00,195.38,209.75,1.0
2026-06-29 18:05:00+00:00,195.55,209.79,1.0
2026-06-29 18:10:00+00:00,196.02,210.1,1.0
2026-06-29 18:15:00+00:00,196.33,210.46,1.0
2026-06-29 18:20:00+00:00,196.35,210.74,1.0
2026-06-29 18:25:00+00:00,195.78,210.6,1.0
2026-06-29 18:30:00+00:00,195.97,210.64,1.0
2026-06-29 18:35:00+00:00,196.2,210.72,1.0
2026-06-29 18:40:00+00:00,196.82,210.99,1.0
2026-06-29 18:45:00+00:00,196.8,211.52,1.0
2026-06-29 18:50:00+00:00,196.65,211.04,1.0
2026-06-29 18:55:00+00:00,196.27,210.96,1.0
2026-06-29 19:00:00+00:00,195.96,210.79,1.0
2026-06-29 19:05:00+00:00,196.18,211.07,1.0
2026-06-29 19:10:00+00:00,196.32,211.1,1.0
2026-06-29 19:15:00+00:00,196.55,211.59,1.0
2026-06-29 19:20:00+00:00,196.81,211.92,1.0
2026-06-29 19:25:00+00:00,196.67,211.99,1.0
2026-06-29 19:30:00+00:00,196.55,211.36,1.0
2026-06-29 19:35:00+00:00,196.86,211.91,1.0
2026-06-29 19:40:00+00:00,196.67,211.3,1.0
2026-06-29 19:45:00+00:00,197.02,211.5,1.0
2026-06-29 19:50:00+00:00,196.81,211.23,1.0
2026-06-29 19:55:00+00:00,197.64,212.19,1.0
2026-06-29 20:00:00+00:00,197.87,212.59,1.0
2026-06-29 20:05:00+00:00,197.73,212.58,1.0
2026-06-29 20:10:00+00:00,197.83,212.38,1.0
2026-06-29 20:15:00+00:00,197.94,212.47,1.0
2026-06-29 20:20:00+00:00,197.98,212.89,1.0
2026-06-29 20:25:00+00:00,197.84,212.35,1.0
2026-06-29 20:30:00+00:00,197.68,212.25,1.0
2026-06-29 20:35:00+00:00,197.64,212.22,1.0
2026-06-29 20:40:00+00:00,197.75,212.24,1.0
2026-06-29 20:45:00+00:00,197.91,212.25,1.0
2026-06-29 20:50:00+00:00,197.88,212.19,1.0
2026-06-29 20:55:00+00:00,197.68,212.3,1.0
2026-06-29 21:00:00+00:00,197.57,212.03,1.0
2026-06-29 21:05:00+00:00,197.71,211.97,1.0
2026-06-29 21:10:00+00:00,197.53,212.78,1.0
2026-06-29 21:15:00+00:00,197.54,212.6,1.0
2026-06-29 21:20:00+00:00,197.67,212.5,1.0
2026-06-29 21:25:00+00:00,197.8,212.15,1.0
2026-06-29 21:30:00+00:00,197.47,211.96,1.0
2026-06-29 21:35:00+00:00,197.6,212.16,1.0
2026-06-29 21:40:00+00:00,197.3,212.72,1.0
2026-06-29 21:45:00+00:00,197.32,212.43,1.0
2026-06-29 21:50:00+00:00,197.31,212.46,1.0
2026-06-29 21:55:00+00:00,197.33,212.79,1.0
2026-06-29 22:00:00+00:00,197.49,212.75,1.0
2026-06-29 22:05:00+00:00,197.95,212.99,1.0
2026-06-29 22:10:00+00:00,198.29,213.04,1.0
2026-06-29 22:15:00+00:00,198.15,213.0,1.0
2026-06-29 22:20:00+00:00,198.22,213.06,1.0
2026-06-29 22:25:00+00:00,198.31,213.08,1.0
2026-06-29 22:30:00+00:00,198.23,212.81,1.0
2026-06-29 22:35:00+00:00,197.87,212.5,1.0
2026-06-29 22:40:00+00:00,197.64,212.36,1.0
2026-06-29 22:45:00+00:00,197.65,212.28,1.0
2026-06-29 22:50:00+00:00,197.63,212.1,1.0
2026-06-29 22:55:00+00:00,197.68,212.02,1.0
2026-06-29 23:00:00+00:00,198.26,212.58,1.0
2026-06-29 23:05:00+00:00,198.04,212.53,1.0
2026-06-29 23:10:00+00:00,197.68,211.7,1.0
2026-06-29 23:15:00+00:00,197.67,211.93,1.0
2026-06-29 23:20:00+00:00,197.59,212.13,1.0
2026-06-29 23:25:00+00:00,197.78,212.46,1.0
2026-06-29 23:30:00+00:00,198.19,213.57,1.0
2026-06-29 23:35:00+00:00,198.16,213.52,1.0
2026-06-29 23:40:00+00:00,198.14,213.37,1.0
2026-06-29 23:45:00+00:00,197.84,212.63,1.0
2026-06-29 23:50:00+00:00,197.98,213.15,1.0
2026-06-29 23:55:00+00:00,197.78,212.22,1.0
2026-06-30 00:00:00+00:00,198.98,216.93,1.0
2026-06-30 00:05:00+00:00,197.1,214.1,1.0
2026-06-30 00:10:00+00:00,197.16,214.39,1.0
2026-06-30 00:15:00+00:00,196.76,213.35,1.0
2026-06-30 00:20:00+00:00,196.13,212.22,1.0
2026-06-30 00:25:00+00:00,195.24,211.36,1.0
2026-06-30 00:30:00+00:00,194.46,210.55,1.0
2026-06-30 00:35:00+00:00,193.98,209.51,1.0
2026-06-30 00:40:00+00:00,192.94,208.43,1.0
2026-06-30 00:45:00+00:00,193.44,210.42,1.0
2026-06-30 00:50:00+00:00,194.28,211.41,1.0
2026-06-30 00:55:00+00:00,194.22,211.07,1.0
2026-06-30 01:00:00+00:00,194.01,210.37,1.0
2026-06-30 01:05:00+00:00,193.66,210.25,1.0
2026-06-30 01:10:00+00:00,193.9,210.31,1.0
2026-06-30 01:15:00+00:00,195.18,212.1,1.0
2026-06-30 01:20:00+00:00,195.0,212.8,1.0
2026-06-30 01:25:00+00:00,196.23,213.9,1.0
2026-06-30 01:30:00+00:00,196.66,213.62,1.0
2026-06-30 01:35:00+00:00,195.36,211.97,1.0
2026-06-30 01:40:00+00:00,195.64,212.09,1.0
2026-06-30 01:45:00+00:00,195.72,211.86,1.0
2026-06-30 01:50:00+00:00,196.46,212.53,1.0
2026-06-30 01:55:00+00:00,196.82,213.56,1.0
2026-06-30 02:00:00+00:00,196.13,213.02,1.0
2026-06-30 02:05:00+00:00,196.15,213.1,1.0
2026-06-30 02:10:00+00:00,195.65,212.6,1.0
2026-06-30 02:15:00+00:00,196.13,212.72,1.0
2026-06-30 02:20:00+00:00,197.33,214.66,1.0
2026-06-30 02:25:00+00:00,197.85,215.45,1.0
2026-06-30 02:30:00+00:00,197.42,215.49,1.0
2026-06-30 02:35:00+00:00,197.55,214.87,1.0
2026-06-30 02:40:00+00:00,197.18,214.7,1.0
2026-06-30 02:45:00+00:00,198.1,215.75,1.0
2026-06-30 02:50:00+00:00,198.25,216.12,1.0
2026-06-30 02:55:00+00:00,198.64,216.6,1.0
2026-06-30 03:00:00+00:00,198.29,216.01,1.0
2026-06-30 03:05:00+00:00,198.89,216.76,1.0
2026-06-30 03:10:00+00:00,198.21,215.91,1.0
2026-06-30 03:15:00+00:00,198.81,216.52,1.0
2026-06-30 03:20:00+00:00,198.37,215.72,1.0
2026-06-30 03:25:00+00:00,198.65,216.24,1.0
2026-06-30 03:30:00+00:00,198.57,215.93,1.0
2026-06-30 03:35:00+00:00,198.93,216.66,1.0
2026-06-30 03:40:00+00:00,198.68,216.21,1.0
2026-06-30 03:45:00+00:00,198.36,215.53,1.0
2026-06-30 03:50:00+00:00,198.1,215.06,1.0
2026-06-30 03:55:00+00:00,197.84,214.61,1.0
2026-06-30 04:00:00+00:00,199.46,217.57,1.0
2026-06-30 04:05:00+00:00,198.97,216.9,1.0
2026-06-30 04:10:00+00:00,198.98,216.82,1.0
2026-06-30 04:15:00+00:00,199.3,217.95,1.0
2026-06-30 04:20:00+00:00,199.91,218.76,1.0
2026-06-30 04:25:00+00:00,200.91,219.94,1.0
2026-06-30 04:30:00+00:00,201.74,220.58,1.0
2026-06-30 04:35:00+00:00,201.89,221.22,1.0
2026-06-30 04:40:00+00:00,201.89,221.31,1.0
2026-06-30 04:45:00+00:00,201.57,220.95,1.0
2026-06-30 04:50:00+00:00,201.36,220.24,1.0
2026-06-30 04:55:00+00:00,201.42,219.57,1.0
2026-06-30 05:00:00+00:00,201.48,220.2,1.0
2026-06-30 05:05:00+00:00,201.56,220.11,1.0
2026-06-30 05:10:00+00:00,201.49,220.1,1.0
2026-06-30 05:15:00+00:00,200.54,218.9,1.0
2026-06-30 05:20:00+00:00,201.06,219.45,1.0
2026-06-30 05:25:00+00:00,200.36,218.29,1.0
2026-06-30 05:30:00+00:00,199.66,218.24,1.0
2026-06-30 05:35:00+00:00,199.53,217.78,1.0
2026-06-30 05:40:00+00:00,199.81,218.28,1.0
2026-06-30 05:45:00+00:00,200.22,218.46,1.0
2026-06-30 05:50:00+00:00,199.85,217.76,1.0
2026-06-30 05:55:00+00:00,199.65,218.12,1.0
2026-06-30 06:00:00+00:00,199.69,217.8,1.0
2026-06-30 06:05:00+00:00,199.44,217.75,1.0
2026-06-30 06:10:00+00:00,199.02,216.72,1.0
2026-06-30 06:15:00+00:00,198.61,216.58,1.0
2026-06-30 06:20:00+00:00,198.41,216.21,1.0
2026-06-30 06:25:00+00:00,198.08,216.0,1.0
2026-06-30 06:30:00+00:00,197.97,216.28,1.0
2026-06-30 06:35:00+00:00,198.1,216.21,1.0
2026-06-30 06:40:00+00:00,198.25,216.06,1.0
2026-06-30 06:45:00+00:00,198.68,216.39,1.0
2026-06-30 06:50:00+00:00,198.55,216.42,1.0
2026-06-30 06:55:00+00:00,198.55,216.36,1.0
2026-06-30 07:00:00+00:00,198.67,216.36,1.0
2026-06-30 07:05:00+00:00,198.27,216.3,1.0
2026-06-30 07:10:00+00:00,198.3,216.29,1.0
2026-06-30 07:15:00+00:00,198.3,216.16,1.0
2026-06-30 07:20:00+00:00,198.46,216.45,1.0
2026-06-30 07:25:00+00:00,198.19,216.12,1.0
2026-06-30 07:30:00+00:00,198.08,216.06,1.0
2026-06-30 07:35:00+00:00,198.05,215.96,1.0
2026-06-30 07:40:00+00:00,198.12,216.19,1.0
2026-06-30 07:45:00+00:00,197.83,215.9,1.0
2026-06-30 07:50:00+00:00,197.55,215.63,1.0
2026-06-30 07:55:00+00:00,197.37,215.62,1.0
2026-06-30 08:00:00+00:00,197.4,215.25,1.0
2026-06-30 08:05:00+00:00,197.44,215.1,1.0
2026-06-30 08:10:00+00:00,196.95,214.81,1.0
2026-06-30 08:15:00+00:00,197.02,214.76,1.0
2026-06-30 08:20:00+00:00,197.35,214.96,1.0
2026-06-30 08:25:00+00:00,197.37,215.19,1.0
2026-06-30 08:30:00+00:00,196.98,214.94,1.0
2026-06-30 08:35:00+00:00,196.87,214.8,1.0
2026-06-30 08:40:00+00:00,197.02,214.59,1.0
2026-06-30 08:45:00+00:00,196.62,214.54,1.0
2026-06-30 08:50:00+00:00,196.97,214.65,1.0
2026-06-30 08:55:00+00:00,197.1,214.94,1.0
2026-06-30 09:00:00+00:00,197.3,215.22,1.0
2026-06-30 09:05:00+00:00,197.06,214.93,1.0
2026-06-30 09:10:00+00:00,197.41,214.98,1.0
2026-06-30 09:15:00+00:00,197.08,214.83,1.0
2026-06-30 09:20:00+00:00,196.89,214.68,1.0
2026-06-30 09:25:00+00:00,196.67,214.56,1.0
2026-06-30 09:30:00+00:00,196.38,214.33,1.0
2026-06-30 09:35:00+00:00,196.46,214.42,1.0
2026-06-30 09:40:00+00:00,196.4,214.42,1.0
2026-06-30 09:45:00+00:00,196.71,214.69,1.0
2026-06-30 09:50:00+00:00,196.66,214.54,1.0
2026-06-30 09:55:00+00:00,196.43,214.31,1.0
2026-06-30 10:00:00+00:00,196.38,214.44,1.0
2026-06-30 10:05:00+00:00,196.36,214.55,1.0
2026-06-30 10:10:00+00:00,196.44,214.47,1.0
2026-06-30 10:15:00+00:00,196.56,214.44,1.0
2026-06-30 10:20:00+00:00,196.22,214.3,1.0
2026-06-30 10:25:00+00:00,196.34,214.35,1.0
2026-06-30 10:30:00+00:00,196.28,214.5,1.0
2026-06-30 10:35:00+00:00,196.24,214.49,1.0
2026-06-30 10:40:00+00:00,196.14,214.35,1.0
2026-06-30 10:45:00+00:00,196.35,214.51,1.0
2026-06-30 10:50:00+00:00,196.65,214.87,1.0
2026-06-30 10:55:00+00:00,197.27,215.53,1.0
2026-06-30 11:00:00+00:00,197.61,215.81,1.0
2026-06-30 11:05:00+00:00,197.82,215.79,1.0
2026-06-30 11:10:00+00:00,197.86,215.68,1.0
2026-06-30 11:15:00+00:00,197.64,215.32,1.0
2026-06-30 11:20:00+00:00,197.5,215.28,1.0
2026-06-30 11:25:00+00:00,197.72,215.44,1.0
2026-06-30 11:30:00+00:00,197.48,215.23,1.0
2026-06-30 11:35:00+00:00,197.57,215.35,1.0
2026-06-30 11:40:00+00:00,198.04,215.59,1.0
2026-06-30 11:45:00+00:00,198.13,215.69,1.0
2026-06-30 11:50:00+00:00,198.12,216.16,1.0
2026-06-30 11:55:00+00:00,198.12,216.21,1.0
2026-06-30 12:00:00+00:00,197.8,215.8,1.0
2026-06-30 12:05:00+00:00,198.03,215.76,1.0
2026-06-30 12:10:00+00:00,197.82,215.5,1.0
2026-06-30 12:15:00+00:00,197.82,215.52,1.0
2026-06-30 12:20:00+00:00,197.62,215.2,1.0
2026-06-30 12:25:00+00:00,197.38,214.99,1.0
2026-06-30 12:30:00+00:00,197.25,214.76,1.0
2026-06-30 12:35:00+00:00,198.08,215.66,1.0
2026-06-30 12:40:00+00:00,198.06,215.6,1.0
2026-06-30 12:45:00+00:00,197.82,215.25,1.0
2026-06-30 12:50:00+00:00,197.78,215.21,1.0
2026-06-30 12:55:00+00:00,197.58,214.76,1.0
2026-06-30 13:00:00+00:00,197.61,214.8,1.0
2026-06-30 13:05:00+00:00,197.41,214.77,1.0
2026-06-30 13:10:00+00:00,197.43,214.78,1.0
2026-06-30 13:15:00+00:00,197.4,214.85,1.0
2026-06-30 13:20:00+00:00,196.99,214.56,1.0
2026-06-30 13:25:00+00:00,197.55,215.15,1.0
2026-06-30 13:30:00+00:00,197.73,215.66,1.0
2026-06-30 13:35:00+00:00,198.35,216.06,1.0
2026-06-30 13:40:00+00:00,197.89,215.74,1.0
2026-06-30 13:45:00+00:00,198.04,215.18,1.0
2026-06-30 13:50:00+00:00,198.99,216.05,1.0
2026-06-30 13:55:00+00:00,199.76,217.51,1.0
2026-06-30 14:00:00+00:00,199.22,217.26,1.0
2026-06-30 14:05:00+00:00,199.5,217.26,1.0
2026-06-30 14:10:00+00:00,200.29,218.04,1.0
2026-06-30 14:15:00+00:00,200.63,217.75,1.0
2026-06-30 14:20:00+00:00,201.48,218.92,1.0
2026-06-30 14:25:00+00:00,201.18,218.74,1.0
2026-06-30 14:30:00+00:00,201.0,218.01,1.0
2026-06-30 14:35:00+00:00,200.1,217.21,1.0
2026-06-30 14:40:00+00:00,200.16,217.23,1.0
2026-06-30 14:45:00+00:00,199.64,216.71,1.0
2026-06-30 14:50:00+00:00,199.23,215.92,1.0
2026-06-30 14:55:00+00:00,199.15,216.0,1.0
2026-06-30 15:00:00+00:00,199.96,217.59,1.0
2026-06-30 15:05:00+00:00,200.36,217.49,1.0
2026-06-30 15:10:00+00:00,200.28,217.01,1.0
2026-06-30 15:15:00+00:00,199.9,216.7,1.0
2026-06-30 15:20:00+00:00,199.89,216.68,1.0
2026-06-30 15:25:00+00:00,199.95,216.73,1.0
2026-06-30 15:30:00+00:00,200.44,217.13,1.0
2026-06-30 15:35:00+00:00,199.91,216.77,1.0
2026-06-30 15:40:00+00:00,200.08,216.78,1.0
2026-06-30 15:45:00+00:00,200.25,216.83,1.0
2026-06-30 15:50:00+00:00,200.5,217.1,1.0
2026-06-30 15:55:00+00:00,200.45,216.78,1.0
2026-06-30 16:00:00+00:00,200.86,217.73,1.0
2026-06-30 16:05:00+00:00,201.17,218.18,1.0
2026-06-30 16:10:00+00:00,201.59,218.57,1.0
2026-06-30 16:15:00+00:00,201.9,219.19,1.0
2026-06-30 16:20:00+00:00,201.97,218.95,1.0
2026-06-30 16:25:00+00:00,201.8,218.82,1.0
2026-06-30 16:30:00+00:00,201.41,218.8,1.0
2026-06-30 16:35:00+00:00,201.47,218.84,1.0
2026-06-30 16:40:00+00:00,201.75,218.38,1.0
2026-06-30 16:45:00+00:00,202.05,218.72,1.0
2026-06-30 16:50:00+00:00,202.04,218.39,1.0
2026-06-30 16:55:00+00:00,201.62,218.2,1.0
2026-06-30 17:00:00+00:00,201.98,218.42,1.0
2026-06-30 17:05:00+00:00,202.2,218.88,1.0
2026-06-30 17:10:00+00:00,202.0,218.19,1.0
2026-06-30 17:15:00+00:00,202.12,218.02,1.0
2026-06-30 17:20:00+00:00,201.95,217.89,1.0
2026-06-30 17:25:00+00:00,202.01,217.87,1.0
2026-06-30 17:30:00+00:00,201.8,218.04,1.0
2026-06-30 17:35:00+00:00,201.67,218.5,1.0
2026-06-30 17:40:00+00:00,201.98,219.21,1.0
2026-06-30 17:45:00+00:00,201.86,219.54,1.0
2026-06-30 17:50:00+00:00,202.01,219.68,1.0
2026-06-30 17:55:00+00:00,202.12,219.41,1.0
2026-06-30 18:00:00+00:00,201.98,218.88,1.0
2026-06-30 18:05:00+00:00,202.04,218.71,1.0
2026-06-30 18:10:00+00:00,201.98,218.92,1.0
2026-06-30 18:15:00+00:00,202.18,219.19,1.0
2026-06-30 18:20:00+00:00,201.96,218.75,1.0
2026-06-30 18:25:00+00:00,201.75,218.75,1.0
2026-06-30 18:30:00+00:00,201.42,218.86,1.0
2026-06-30 18:35:00+00:00,201.24,218.74,1.0
2026-06-30 18:40:00+00:00,201.63,219.12,1.0
2026-06-30 18:45:00+00:00,201.87,219.49,1.0
2026-06-30 18:50:00+00:00,201.82,219.54,1.0
2026-06-30 18:55:00+00:00,201.84,219.5,1.0
2026-06-30 19:00:00+00:00,201.98,219.61,1.0
2026-06-30 19:05:00+00:00,201.95,219.62,1.0
2026-06-30 19:10:00+00:00,202.12,219.75,1.0
2026-06-30 19:15:00+00:00,201.97,219.35,1.0
2026-06-30 19:20:00+00:00,201.76,219.07,1.0
2026-06-30 19:25:00+00:00,201.51,218.62,1.0
2026-06-30 19:30:00+00:00,201.34,218.63,1.0
2026-06-30 19:35:00+00:00,201.47,218.52,1.0
2026-06-30 19:40:00+00:00,201.45,218.49,1.0
2026-06-30 19:45:00+00:00,201.39,219.31,1.0
2026-06-30 19:50:00+00:00,200.84,218.65,1.0
2026-06-30 19:55:00+00:00,202.19,219.62,1.0
2026-06-30 20:00:00+00:00,202.1,219.82,1.0
2026-06-30 20:05:00+00:00,201.87,219.68,1.0
2026-06-30 20:10:00+00:00,201.38,219.14,1.0
2026-06-30 20:15:00+00:00,201.36,218.99,1.0
2026-06-30 20:20:00+00:00,201.25,219.06,1.0
2026-06-30 20:25:00+00:00,200.92,217.19,1.0
2026-06-30 20:30:00+00:00,200.83,217.99,1.0
2026-06-30 20:35:00+00:00,200.62,217.79,1.0
2026-06-30 20:40:00+00:00,200.88,218.12,1.0
2026-06-30 20:45:00+00:00,200.85,218.06,1.0
2026-06-30 20:50:00+00:00,200.9,218.1,1.0
2026-06-30 20:55:00+00:00,200.93,218.04,1.0
2026-06-30 21:00:00+00:00,200.83,218.02,1.0
2026-06-30 21:05:00+00:00,200.54,217.84,1.0
2026-06-30 21:10:00+00:00,200.24,217.76,1.0
2026-06-30 21:15:00+00:00,200.56,217.97,1.0
2026-06-30 21:20:00+00:00,200.63,218.11,1.0
2026-06-30 21:25:00+00:00,200.72,218.22,1.0
2026-06-30 21:30:00+00:00,200.48,218.15,1.0
2026-06-30 21:35:00+00:00,200.6,218.32,1.0
2026-06-30 21:40:00+00:00,200.57,218.28,1.0
2026-06-30 21:45:00+00:00,200.61,218.43,1.0
2026-06-30 21:50:00+00:00,200.63,218.28,1.0
2026-06-30 21:55:00+00:00,200.67,218.74,1.0
2026-06-30 22:00:00+00:00,200.79,218.63,1.0
2026-06-30 22:05:00+00:00,200.85,218.92,1.0
2026-06-30 22:10:00+00:00,200.87,218.69,1.0
2026-06-30 22:15:00+00:00,201.09,218.67,1.0
2026-06-30 22:20:00+00:00,201.29,218.8,1.0
2026-06-30 22:25:00+00:00,201.31,219.54,1.0
2026-06-30 22:30:00+00:00,201.18,219.53,1.0
2026-06-30 22:35:00+00:00,201.18,219.8,1.0
2026-06-30 22:40:00+00:00,201.24,219.51,1.0
2026-06-30 22:45:00+00:00,201.05,218.84,1.0
2026-06-30 22:50:00+00:00,200.87,218.35,1.0
2026-06-30 22:55:00+00:00,200.92,218.71,1.0
2026-06-30 23:00:00+00:00,200.78,217.89,1.0
2026-06-30 23:05:00+00:00,200.98,218.33,1.0
2026-06-30 23:10:00+00:00,200.86,218.09,1.0
2026-06-30 23:15:00+00:00,200.88,218.34,1.0
2026-06-30 23:20:00+00:00,200.85,218.01,1.0
2026-06-30 23:25:00+00:00,200.79,218.07,1.0
2026-06-30 23:30:00+00:00,200.95,217.66,1.0
2026-06-30 23:35:00+00:00,200.69,217.33,1.0
2026-06-30 23:40:00+00:00,200.55,217.84,1.0
2026-06-30 23:45:00+00:00,200.8,218.13,1.0
2026-06-30 23:50:00+00:00,200.54,217.2,1.0
2026-06-30 23:55:00+00:00,200.73,216.88,1.0
2026-07-01 00:00:00+00:00,200.57,217.34,1.0
2026-07-01 00:05:00+00:00,199.7,215.77,1.0
2026-07-01 00:10:00+00:00,198.98,214.48,1.0
2026-07-01 00:15:00+00:00,198.25,212.29,1.0
2026-07-01 00:20:00+00:00,197.42,211.69,1.0
2026-07-01 00:25:00+00:00,198.16,213.86,1.0
2026-07-01 00:30:00+00:00,197.47,212.52,1.0
2026-07-01 00:35:00+00:00,197.57,212.65,1.0
2026-07-01 00:40:00+00:00,197.06,211.14,1.0
2026-07-01 00:45:00+00:00,196.92,210.5,1.0
2026-07-01 00:50:00+00:00,195.62,209.65,1.0
2026-07-01 00:55:00+00:00,194.72,208.43,1.0
2026-07-01 01:00:00+00:00,194.83,208.63,1.0
2026-07-01 01:05:00+00:00,193.64,207.2,1.0
2026-07-01 01:10:00+00:00,193.28,207.0,1.0
2026-07-01 01:15:00+00:00,192.92,206.34,1.0
2026-07-01 01:20:00+00:00,193.74,207.55,1.0
2026-07-01 01:25:00+00:00,193.68,206.54,1.0
2026-07-01 01:30:00+00:00,193.83,206.73,1.0
2026-07-01 01:35:00+00:00,194.34,207.43,1.0
2026-07-01 01:40:00+00:00,193.39,206.37,1.0
2026-07-01 01:45:00+00:00,192.55,205.9,1.0
2026-07-01 01:50:00+00:00,192.64,205.61,1.0
2026-07-01 01:55:00+00:00,192.42,204.78,1.0
2026-07-01 02:00:00+00:00,191.4,203.3,1.0
2026-07-01 02:05:00+00:00,190.53,202.03,1.0
2026-07-01 02:10:00+00:00,190.59,202.96,1.0
2026-07-01 02:15:00+00:00,191.16,203.48,1.0
2026-07-01 02:20:00+00:00,191.64,204.88,1.0
2026-07-01 02:25:00+00:00,192.19,204.73,1.0
2026-07-01 02:30:00+00:00,192.26,204.66,1.0
2026-07-01 02:35:00+00:00,192.8,205.4,1.0
2026-07-01 02:40:00+00:00,193.96,207.16,1.0
2026-07-01 02:45:00+00:00,193.83,206.46,1.0
2026-07-01 02:50:00+00:00,193.54,206.14,1.0
2026-07-01 02:55:00+00:00,193.32,205.77,1.0
2026-07-01 03:00:00+00:00,193.93,206.67,1.0
2026-07-01 03:05:00+00:00,194.45,207.33,1.0
2026-07-01 03:10:00+00:00,194.61,207.36,1.0
2026-07-01 03:15:00+00:00,193.85,206.57,1.0
2026-07-01 03:20:00+00:00,193.56,205.93,1.0
2026-07-01 03:25:00+00:00,193.48,206.07,1.0
2026-07-01 03:30:00+00:00,193.7,206.37,1.0
2026-07-01 03:35:00+00:00,194.88,207.35,1.0
2026-07-01 03:40:00+00:00,194.43,206.81,1.0
2026-07-01 03:45:00+00:00,195.52,207.99,1.0
2026-07-01 03:50:00+00:00,195.57,207.99,1.0
2026-07-01 03:55:00+00:00,195.37,207.63,1.0
2026-07-01 04:00:00+00:00,195.04,206.7,1.0
2026-07-01 04:05:00+00:00,194.95,206.61,1.0
2026-07-01 04:10:00+00:00,194.31,205.9,1.0
2026-07-01 04:15:00+00:00,194.41,206.25,1.0
2026-07-01 04:20:00+00:00,194.47,206.26,1.0
2026-07-01 04:25:00+00:00,194.99,206.97,1.0
2026-07-01 04:30:00+00:00,195.18,206.97,1.0
2026-07-01 04:35:00+00:00,194.87,206.73,1.0
2026-07-01 04:40:00+00:00,195.5,207.23,1.0
2026-07-01 04:45:00+00:00,196.07,207.78,1.0
2026-07-01 04:50:00+00:00,196.37,208.47,1.0
2026-07-01 04:55:00+00:00,195.35,207.12,1.0
2026-07-01 05:00:00+00:00,194.98,206.97,1.0
2026-07-01 05:05:00+00:00,195.43,207.02,1.0
2026-07-01 05:10:00+00:00,195.26,206.46,1.0
2026-07-01 05:15:00+00:00,195.02,205.86,1.0
2026-07-01 05:20:00+00:00,194.85,205.76,1.0
2026-07-01 05:25:00+00:00,194.34,205.12,1.0
2026-07-01 05:30:00+00:00,194.47,205.28,1.0
2026-07-01 05:35:00+00:00,194.04,204.44,1.0
2026-07-01 05:40:00+00:00,194.24,205.01,1.0
2026-07-01 05:45:00+00:00,193.84,204.22,1.0
2026-07-01 05:50:00+00:00,194.44,205.02,1.0
2026-07-01 05:55:00+00:00,194.05,204.83,1.0
2026-07-01 06:00:00+00:00,193.78,204.33,1.0
2026-07-01 06:05:00+00:00,193.96,204.35,1.0
2026-07-01 06:10:00+00:00,194.02,204.55,1.0
2026-07-01 06:15:00+00:00,193.82,204.45,1.0
2026-07-01 06:20:00+00:00,193.5,203.74,1.0
2026-07-01 06:25:00+00:00,193.79,203.95,1.0
2026-07-01 06:30:00+00:00,193.4,203.61,1.0
2026-07-01 06:35:00+00:00,193.49,204.05,1.0
2026-07-01 06:40:00+00:00,193.56,204.3,1.0
2026-07-01 06:45:00+00:00,193.59,203.76,1.0
2026-07-01 06:50:00+00:00,193.38,203.66,1.0
2026-07-01 06:55:00+00:00,193.34,203.24,1.0
2026-07-01 07:00:00+00:00,193.46,203.46,1.0
2026-07-01 07:05:00+00:00,193.25,203.46,1.0
2026-07-01 07:10:00+00:00,193.15,202.84,1.0
2026-07-01 07:15:00+00:00,193.11,203.47,1.0
2026-07-01 07:20:00+00:00,193.48,203.29,1.0
2026-07-01 07:25:00+00:00,193.28,203.27,1.0
2026-07-01 07:30:00+00:00,193.57,203.44,1.0
2026-07-01 07:35:00+00:00,193.57,203.42,1.0
2026-07-01 07:40:00+00:00,193.36,203.28,1.0
2026-07-01 07:45:00+00:00,193.59,203.19,1.0
2026-07-01 07:50:00+00:00,193.38,202.92,1.0
2026-07-01 07:55:00+00:00,193.36,202.78,1.0
2026-07-01 08:00:00+00:00,193.02,203.05,1.0
2026-07-01 08:05:00+00:00,193.37,203.2,1.0
2026-07-01 08:10:00+00:00,193.36,203.16,1.0
2026-07-01 08:15:00+00:00,193.3,203.41,1.0
2026-07-01 08:20:00+00:00,193.13,203.29,1.0
2026-07-01 08:25:00+00:00,192.94,203.0,1.0
2026-07-01 08:30:00+00:00,192.93,203.03,1.0
2026-07-01 08:35:00+00:00,192.97,202.9,1.0
2026-07-01 08:40:00+00:00,193.32,203.15,1.0
2026-07-01 08:45:00+00:00,192.89,203.01,1.0
2026-07-01 08:50:00+00:00,193.23,203.13,1.0
2026-07-01 08:55:00+00:00,193.27,203.42,1.0
2026-07-01 09:00:00+00:00,192.53,202.89,1.0
2026-07-01 09:05:00+00:00,192.23,202.75,1.0
2026-07-01 09:10:00+00:00,192.45,202.67,1.0
2026-07-01 09:15:00+00:00,192.7,202.65,1.0
2026-07-01 09:20:00+00:00,192.76,202.77,1.0
2026-07-01 09:25:00+00:00,192.52,202.75,1.0
2026-07-01 09:30:00+00:00,192.68,202.75,1.0
2026-07-01 09:35:00+00:00,192.65,202.74,1.0
2026-07-01 09:40:00+00:00,192.59,202.73,1.0
2026-07-01 09:45:00+00:00,192.94,202.82,1.0
2026-07-01 09:50:00+00:00,193.06,202.99,1.0
2026-07-01 09:55:00+00:00,193.17,202.9,1.0
2026-07-01 10:00:00+00:00,193.41,203.06,1.0
2026-07-01 10:05:00+00:00,193.07,202.83,1.0
2026-07-01 10:10:00+00:00,192.86,202.88,1.0
2026-07-01 10:15:00+00:00,193.24,202.95,1.0
2026-07-01 10:20:00+00:00,193.33,203.17,1.0
2026-07-01 10:25:00+00:00,193.53,203.21,1.0
2026-07-01 10:30:00+00:00,193.59,203.24,1.0
2026-07-01 10:35:00+00:00,193.41,202.98,1.0
2026-07-01 10:40:00+00:00,193.37,203.15,1.0
2026-07-01 10:45:00+00:00,193.42,203.17,1.0
2026-07-01 10:50:00+00:00,193.63,203.34,1.0
2026-07-01 10:55:00+00:00,193.73,203.62,1.0
2026-07-01 11:00:00+00:00,194.12,203.98,1.0
2026-07-01 11:05:00+00:00,193.88,203.97,1.0
2026-07-01 11:10:00+00:00,194.07,204.01,1.0
2026-07-01 11:15:00+00:00,194.21,204.3,1.0
2026-07-01 11:20:00+00:00,194.24,204.25,1.0
2026-07-01 11:25:00+00:00,194.41,204.33,1.0
2026-07-01 11:30:00+00:00,194.21,204.12,1.0
2026-07-01 11:35:00+00:00,194.03,204.18,1.0
2026-07-01 11:40:00+00:00,194.3,204.28,1.0
2026-07-01 11:45:00+00:00,193.98,204.15,1.0
2026-07-01 11:50:00+00:00,193.67,203.85,1.0
2026-07-01 11:55:00+00:00,193.58,203.8,1.0
2026-07-01 12:00:00+00:00,193.27,203.89,1.0
2026-07-01 12:05:00+00:00,193.78,204.11,1.0
2026-07-01 12:10:00+00:00,193.74,204.42,1.0
2026-07-01 12:15:00+00:00,194.05,204.92,1.0
2026-07-01 12:20:00+00:00,194.16,204.86,1.0
2026-07-01 12:25:00+00:00,193.96,204.82,1.0
2026-07-01 12:30:00+00:00,193.44,203.94,1.0
2026-07-01 12:35:00+00:00,192.02,202.56,1.0
2026-07-01 12:40:00+00:00,191.96,202.75,1.0
2026-07-01 12:45:00+00:00,191.27,201.36,1.0
2026-07-01 12:50:00+00:00,190.77,200.82,1.0
2026-07-01 12:55:00+00:00,190.8,200.82,1.0
2026-07-01 13:00:00+00:00,190.9,201.96,1.0
2026-07-01 13:05:00+00:00,190.67,200.79,1.0
2026-07-01 13:10:00+00:00,190.34,200.45,1.0
2026-07-01 13:15:00+00:00,190.94,200.8,1.0
2026-07-01 13:20:00+00:00,191.34,202.25,1.0
2026-07-01 13:25:00+00:00,190.0,200.77,1.0
2026-07-01 13:30:00+00:00,188.82,200.54,1.0
2026-07-01 13:35:00+00:00,188.38,200.74,1.0
2026-07-01 13:40:00+00:00,189.26,201.09,1.0
2026-07-01 13:45:00+00:00,190.38,202.29,1.0
2026-07-01 13:50:00+00:00,190.11,202.2,1.0
2026-07-01 13:55:00+00:00,190.62,201.96,1.0
2026-07-01 14:00:00+00:00,190.82,202.55,1.0
2026-07-01 14:05:00+00:00,191.1,203.31,1.0
2026-07-01 14:10:00+00:00,191.75,203.64,1.0
2026-07-01 14:15:00+00:00,191.83,203.54,1.0
2026-07-01 14:20:00+00:00,191.78,203.41,1.0
2026-07-01 14:25:00+00:00,191.34,202.6,1.0
2026-07-01 14:30:00+00:00,190.19,201.33,1.0
2026-07-01 14:35:00+00:00,190.45,201.81,1.0
2026-07-01 14:40:00+00:00,189.58,201.19,1.0
2026-07-01 14:45:00+00:00,189.57,200.33,1.0
2026-07-01 14:50:00+00:00,189.06,200.18,1.0
2026-07-01 14:55:00+00:00,188.51,198.68,1.0
2026-07-01 15:00:00+00:00,189.38,199.13,1.0
2026-07-01 15:05:00+00:00,188.63,198.46,1.0
2026-07-01 15:10:00+00:00,189.61,199.31,1.0
2026-07-01 15:15:00+00:00,189.84,199.46,1.0
2026-07-01 15:20:00+00:00,189.81,199.15,1.0
2026-07-01 15:25:00+00:00,190.47,199.54,1.0
2026-07-01 15:30:00+00:00,190.11,200.13,1.0
2026-07-01 15:35:00+00:00,189.81,199.95,1.0
2026-07-01 15:40:00+00:00,189.25,199.81,1.0
2026-07-01 15:45:00+00:00,188.57,199.16,1.0
2026-07-01 15:50:00+00:00,188.23,199.12,1.0
2026-07-01 15:55:00+00:00,188.31,199.23,1.0
2026-07-01 16:00:00+00:00,188.74,198.63,1.0
2026-07-01 16:05:00+00:00,188.71,198.63,1.0
2026-07-01 16:10:00+00:00,188.58,198.88,1.0
2026-07-01 16:15:00+00:00,188.92,199.43,1.0
2026-07-01 16:20:00+00:00,189.03,199.71,1.0
2026-07-01 16:25:00+00:00,188.7,199.51,1.0
2026-07-01 16:30:00+00:00,188.71,199.66,1.0
2026-07-01 16:35:00+00:00,188.24,199.29,1.0
2026-07-01 16:40:00+00:00,188.21,198.99,1.0
2026-07-01 16:45:00+00:00,188.32,199.13,1.0
2026-07-01 16:50:00+00:00,187.98,198.71,1.0
2026-07-01 16:55:00+00:00,187.73,198.47,1.0
2026-07-01 17:00:00+00:00,187.91,198.58,1.0
2026-07-01 17:05:00+00:00,187.61,197.2,1.0
2026-07-01 17:10:00+00:00,187.79,197.74,1.0
2026-07-01 17:15:00+00:00,188.11,198.06,1.0
2026-07-01 17:20:00+00:00,188.65,198.46,1.0
2026-07-01 17:25:00+00:00,188.26,198.31,1.0
2026-07-01 17:30:00+00:00,187.87,197.73,1.0
2026-07-01 17:35:00+00:00,188.07,197.78,1.0
2026-07-01 17:40:00+00:00,187.88,197.62,1.0
2026-07-01 17:45:00+00:00,187.5,197.39,1.0
2026-07-01 17:50:00+00:00,187.49,197.54,1.0
2026-07-01 17:55:00+00:00,187.07,197.03,1.0
2026-07-01 18:00:00+00:00,187.41,197.52,1.0
2026-07-01 18:05:00+00:00,187.5,197.38,1.0
2026-07-01 18:10:00+00:00,187.41,197.37,1.0
2026-07-01 18:15:00+00:00,187.25,197.49,1.0
2026-07-01 18:20:00+00:00,187.43,197.64,1.0
2026-07-01 18:25:00+00:00,187.31,197.68,1.0
2026-07-01 18:30:00+00:00,187.14,197.1,1.0
2026-07-01 18:35:00+00:00,186.77,196.6,1.0
2026-07-01 18:40:00+00:00,186.97,196.36,1.0
2026-07-01 18:45:00+00:00,186.59,196.25,1.0
2026-07-01 18:50:00+00:00,186.41,196.38,1.0
2026-07-01 18:55:00+00:00,186.85,196.49,1.0
2026-07-01 19:00:00+00:00,187.58,197.47,1.0
2026-07-01 19:05:00+00:00,187.94,198.0,1.0
2026-07-01 19:10:00+00:00,187.62,197.65,1.0
2026-07-01 19:15:00+00:00,187.71,197.53,1.0
2026-07-01 19:20:00+00:00,187.71,197.62,1.0
2026-07-01 19:25:00+00:00,187.52,197.67,1.0
2026-07-01 19:30:00+00:00,187.94,197.79,1.0
2026-07-01 19:35:00+00:00,187.26,197.08,1.0
2026-07-01 19:40:00+00:00,186.83,197.24,1.0
2026-07-01 19:45:00+00:00,186.6,197.16,1.0
2026-07-01 19:50:00+00:00,186.2,195.97,1.0
2026-07-01 19:55:00+00:00,185.57,195.78,1.0
2026-07-01 20:00:00+00:00,185.25,194.72,1.0
2026-07-01 20:05:00+00:00,185.71,194.85,1.0
2026-07-01 20:10:00+00:00,186.31,195.53,1.0
2026-07-01 20:15:00+00:00,185.97,193.73,1.0
2026-07-01 20:20:00+00:00,186.28,195.56,1.0
2026-07-01 20:25:00+00:00,186.16,195.13,1.0
2026-07-01 20:30:00+00:00,186.07,195.13,1.0
2026-07-01 20:35:00+00:00,185.96,195.47,1.0
2026-07-01 20:40:00+00:00,186.14,195.83,1.0
2026-07-01 20:45:00+00:00,186.34,196.13,1.0
2026-07-01 20:50:00+00:00,186.43,195.99,1.0
2026-07-01 20:55:00+00:00,186.34,196.27,1.0
2026-07-01 21:00:00+00:00,186.3,196.31,1.0
2026-07-01 21:05:00+00:00,187.14,196.92,1.0
2026-07-01 21:10:00+00:00,187.31,197.34,1.0
2026-07-01 21:15:00+00:00,187.54,197.5,1.0
2026-07-01 21:20:00+00:00,187.51,197.65,1.0
2026-07-01 21:25:00+00:00,187.39,197.83,1.0
2026-07-01 21:30:00+00:00,187.36,197.83,1.0
2026-07-01 21:35:00+00:00,187.36,197.71,1.0
2026-07-01 21:40:00+00:00,187.42,197.76,1.0
2026-07-01 21:45:00+00:00,187.51,197.64,1.0
2026-07-01 21:50:00+00:00,187.56,197.57,1.0
2026-07-01 21:55:00+00:00,187.55,197.38,1.0
2026-07-01 22:00:00+00:00,187.14,197.02,1.0
2026-07-01 22:05:00+00:00,187.07,196.69,1.0
2026-07-01 22:10:00+00:00,186.85,196.63,1.0
2026-07-01 22:15:00+00:00,186.85,196.94,1.0
2026-07-01 22:20:00+00:00,187.34,197.6,1.0
2026-07-01 22:25:00+00:00,186.96,197.04,1.0
2026-07-01 22:30:00+00:00,187.24,196.92,1.0
2026-07-01 22:35:00+00:00,187.41,197.17,1.0
2026-07-01 22:40:00+00:00,187.37,196.94,1.0
2026-07-01 22:45:00+00:00,187.26,197.08,1.0
2026-07-01 22:50:00+00:00,187.32,197.05,1.0
2026-07-01 22:55:00+00:00,187.5,196.71,1.0
2026-07-01 23:00:00+00:00,186.83,194.05,1.0
2026-07-01 23:05:00+00:00,187.37,193.69,1.0
2026-07-01 23:10:00+00:00,186.49,191.91,1.0
2026-07-01 23:15:00+00:00,186.39,192.6,1.0
2026-07-01 23:20:00+00:00,186.6,192.82,1.0
2026-07-01 23:25:00+00:00,186.86,192.76,1.0
2026-07-01 23:30:00+00:00,186.66,192.03,1.0
2026-07-01 23:35:00+00:00,186.66,192.5,1.0
2026-07-01 23:40:00+00:00,186.8,192.42,1.0
2026-07-01 23:45:00+00:00,185.57,191.38,1.0
2026-07-01 23:50:00+00:00,185.23,191.32,1.0
2026-07-01 23:55:00+00:00,184.8,190.53,1.0
2026-07-02 00:00:00+00:00,183.45,189.63,1.0
2026-07-02 00:05:00+00:00,184.05,190.43,1.0
2026-07-02 00:10:00+00:00,182.99,188.66,1.0
2026-07-02 00:15:00+00:00,182.6,188.03,1.0
2026-07-02 00:20:00+00:00,183.96,190.67,1.0
2026-07-02 00:25:00+00:00,183.54,190.39,1.0
2026-07-02 00:30:00+00:00,183.02,189.36,1.0
2026-07-02 00:35:00+00:00,183.04,188.38,1.0
2026-07-02 00:40:00+00:00,181.97,187.6,1.0
2026-07-02 00:45:00+00:00,182.47,188.45,1.0
2026-07-02 00:50:00+00:00,183.62,189.21,1.0
2026-07-02 00:55:00+00:00,183.46,188.52,1.0
2026-07-02 01:00:00+00:00,183.79,188.81,1.0
2026-07-02 01:05:00+00:00,184.68,190.38,1.0
2026-07-02 01:10:00+00:00,185.3,190.72,1.0
2026-07-02 01:15:00+00:00,186.14,191.69,1.0
2026-07-02 01:20:00+00:00,186.99,192.82,1.0
2026-07-02 01:25:00+00:00,187.7,193.44,1.0
2026-07-02 01:30:00+00:00,188.43,193.45,1.0
2026-07-02 01:35:00+00:00,188.82,193.47,1.0
2026-07-02 01:40:00+00:00,188.9,193.71,1.0
2026-07-02 01:45:00+00:00,189.18,194.59,1.0
2026-07-02 01:50:00+00:00,189.32,195.0,1.0
2026-07-02 01:55:00+00:00,189.23,194.92,1.0
2026-07-02 02:00:00+00:00,189.72,195.22,1.0
2026-07-02 02:05:00+00:00,189.78,196.43,1.0
2026-07-02 02:10:00+00:00,190.09,196.66,1.0
2026-07-02 02:15:00+00:00,189.54,195.28,1.0
2026-07-02 02:20:00+00:00,188.04,193.95,1.0
2026-07-02 02:25:00+00:00,187.78,193.8,1.0
2026-07-02 02:30:00+00:00,188.34,194.19,1.0
2026-07-02 02:35:00+00:00,188.88,194.63,1.0
2026-07-02 02:40:00+00:00,188.89,194.12,1.0
2026-07-02 02:45:00+00:00,188.1,193.03,1.0
2026-07-02 02:50:00+00:00,187.52,192.59,1.0
2026-07-02 02:55:00+00:00,188.52,193.64,1.0
2026-07-02 03:00:00+00:00,187.83,192.75,1.0
2026-07-02 03:05:00+00:00,187.09,192.33,1.0
2026-07-02 03:10:00+00:00,187.64,192.98,1.0
2026-07-02 03:15:00+00:00,187.33,192.34,1.0
2026-07-02 03:20:00+00:00,186.52,191.41,1.0
2026-07-02 03:25:00+00:00,186.62,190.91,1.0
2026-07-02 03:30:00+00:00,187.22,191.89,1.0
2026-07-02 03:35:00+00:00,187.1,191.23,1.0
2026-07-02 03:40:00+00:00,186.73,190.85,1.0
2026-07-02 03:45:00+00:00,186.73,190.5,1.0
2026-07-02 03:50:00+00:00,186.77,190.61,1.0
2026-07-02 03:55:00+00:00,186.51,190.54,1.0
2026-07-02 04:00:00+00:00,186.34,190.34,1.0
2026-07-02 04:05:00+00:00,186.15,190.26,1.0
2026-07-02 04:10:00+00:00,185.5,189.55,1.0
2026-07-02 04:15:00+00:00,185.04,189.26,1.0
2026-07-02 04:20:00+00:00,185.33,189.25,1.0
2026-07-02 04:25:00+00:00,186.26,190.06,1.0
2026-07-02 04:30:00+00:00,185.41,188.42,1.0
2026-07-02 04:35:00+00:00,185.02,187.86,1.0
2026-07-02 04:40:00+00:00,184.92,188.04,1.0
2026-07-02 04:45:00+00:00,184.93,188.26,1.0
2026-07-02 04:50:00+00:00,185.76,189.0,1.0
2026-07-02 04:55:00+00:00,186.04,189.2,1.0
2026-07-02 05:00:00+00:00,186.81,190.03,1.0
2026-07-02 05:05:00+00:00,186.75,189.84,1.0
2026-07-02 05:10:00+00:00,185.96,188.94,1.0
2026-07-02 05:15:00+00:00,185.85,188.75,1.0
2026-07-02 05:20:00+00:00,185.71,189.01,1.0
2026-07-02 05:25:00+00:00,185.21,188.62,1.0
2026-07-02 05:30:00+00:00,184.64,188.02,1.0
2026-07-02 05:35:00+00:00,184.22,187.53,1.0
2026-07-02 05:40:00+00:00,184.07,187.52,1.0
2026-07-02 05:45:00+00:00,183.62,187.46,1.0
2026-07-02 05:50:00+00:00,183.49,187.61,1.0
2026-07-02 05:55:00+00:00,183.03,186.73,1.0
2026-07-02 06:00:00+00:00,182.37,184.92,1.0
2026-07-02 06:05:00+00:00,181.42,184.66,1.0
2026-07-02 06:10:00+00:00,180.38,182.8,1.0
2026-07-02 06:15:00+00:00,181.32,184.99,1.0
2026-07-02 06:20:00+00:00,180.86,184.52,1.0
2026-07-02 06:25:00+00:00,179.62,183.41,1.0
2026-07-02 06:30:00+00:00,181.76,185.46,1.0
2026-07-02 06:35:00+00:00,181.44,185.15,1.0
2026-07-02 06:40:00+00:00,181.48,184.94,1.0
2026-07-02 06:45:00+00:00,181.38,184.44,1.0
2026-07-02 06:50:00+00:00,181.64,184.94,1.0
2026-07-02 06:55:00+00:00,181.66,184.5,1.0
2026-07-02 07:00:00+00:00,181.88,185.13,1.0
2026-07-02 07:05:00+00:00,181.73,184.91,1.0
2026-07-02 07:10:00+00:00,181.09,183.66,1.0
2026-07-02 07:15:00+00:00,181.37,183.73,1.0
2026-07-02 07:20:00+00:00,181.32,184.06,1.0
2026-07-02 07:25:00+00:00,181.05,184.31,1.0
2026-07-02 07:30:00+00:00,181.2,185.12,1.0
2026-07-02 07:35:00+00:00,181.33,184.92,1.0
2026-07-02 07:40:00+00:00,181.59,185.23,1.0
2026-07-02 07:45:00+00:00,181.59,185.29,1.0
2026-07-02 07:50:00+00:00,181.35,185.8,1.0
2026-07-02 07:55:00+00:00,181.37,185.18,1.0
2026-07-02 08:00:00+00:00,182.1,186.62,1.0
2026-07-02 08:05:00+00:00,181.48,185.84,1.0
2026-07-02 08:10:00+00:00,180.98,185.56,1.0
2026-07-02 08:15:00+00:00,181.47,186.2,1.0
2026-07-02 08:20:00+00:00,181.63,186.53,1.0
2026-07-02 08:25:00+00:00,181.58,186.38,1.0
2026-07-02 08:30:00+00:00,182.22,187.16,1.0
2026-07-02 08:35:00+00:00,182.22,187.56,1.0
2026-07-02 08:40:00+00:00,182.11,187.8,1.0
2026-07-02 08:45:00+00:00,182.41,187.9,1.0
2026-07-02 08:50:00+00:00,182.72,188.06,1.0
2026-07-02 08:55:00+00:00,183.28,188.55,1.0
2026-07-02 09:00:00+00:00,181.75,187.82,1.0
2026-07-02 09:05:00+00:00,181.45,187.25,1.0
2026-07-02 09:10:00+00:00,181.58,187.27,1.0
2026-07-02 09:15:00+00:00,181.67,187.16,1.0
2026-07-02 09:20:00+00:00,181.27,187.08,1.0
2026-07-02 09:25:00+00:00,181.73,187.25,1.0
2026-07-02 09:30:00+00:00,182.01,187.36,1.0
2026-07-02 09:35:00+00:00,182.16,187.36,1.0
2026-07-02 09:40:00+00:00,182.15,187.61,1.0
2026-07-02 09:45:00+00:00,181.69,187.22,1.0
2026-07-02 09:50:00+00:00,181.58,187.19,1.0
2026-07-02 09:55:00+00:00,180.98,186.68,1.0
2026-07-02 10:00:00+00:00,180.34,186.01,1.0
2026-07-02 10:05:00+00:00,180.69,186.17,1.0
2026-07-02 10:10:00+00:00,180.94,186.2,1.0
2026-07-02 10:15:00+00:00,181.1,186.17,1.0
2026-07-02 10:20:00+00:00,181.03,185.98,1.0
2026-07-02 10:25:00+00:00,181.31,186.86,1.0
2026-07-02 10:30:00+00:00,181.59,187.27,1.0
2026-07-02 10:35:00+00:00,181.87,187.2,1.0
2026-07-02 10:40:00+00:00,181.52,186.93,1.0
2026-07-02 10:45:00+00:00,181.28,186.92,1.0
2026-07-02 10:50:00+00:00,181.31,186.8,1.0
2026-07-02 10:55:00+00:00,181.65,187.25,1.0
2026-07-02 11:00:00+00:00,181.45,187.41,1.0
2026-07-02 11:05:00+00:00,181.39,187.41,1.0
2026-07-02 11:10:00+00:00,181.78,187.43,1.0
2026-07-02 11:15:00+00:00,181.43,187.19,1.0
2026-07-02 11:20:00+00:00,181.68,187.52,1.0
2026-07-02 11:25:00+00:00,181.79,187.55,1.0
2026-07-02 11:30:00+00:00,181.62,187.21,1.0
2026-07-02 11:35:00+00:00,182.08,187.75,1.0
2026-07-02 11:40:00+00:00,182.53,188.68,1.0
2026-07-02 11:45:00+00:00,182.6,188.91,1.0
2026-07-02 11:50:00+00:00,182.39,188.72,1.0
2026-07-02 11:55:00+00:00,182.08,188.46,1.0
2026-07-02 12:00:00+00:00,182.92,189.18,1.0
2026-07-02 12:05:00+00:00,183.08,189.36,1.0
2026-07-02 12:10:00+00:00,184.13,189.95,1.0
2026-07-02 12:15:00+00:00,183.89,190.1,1.0
2026-07-02 12:20:00+00:00,184.14,190.52,1.0
2026-07-02 12:25:00+00:00,184.51,191.51,1.0
2026-07-02 12:30:00+00:00,187.65,193.74,1.0
2026-07-02 12:35:00+00:00,187.69,193.82,1.0
2026-07-02 12:40:00+00:00,186.55,192.68,1.0
2026-07-02 12:45:00+00:00,186.69,192.61,1.0
2026-07-02 12:50:00+00:00,185.63,191.32,1.0
2026-07-02 12:55:00+00:00,185.53,191.39,1.0
2026-07-02 13:00:00+00:00,185.76,190.97,1.0
2026-07-02 13:05:00+00:00,184.62,189.99,1.0
2026-07-02 13:10:00+00:00,185.56,191.0,1.0
2026-07-02 13:15:00+00:00,186.04,191.56,1.0
2026-07-02 13:20:00+00:00,185.71,191.31,1.0
2026-07-02 13:25:00+00:00,184.6,189.98,1.0
2026-07-02 13:30:00+00:00,187.17,192.38,1.0
2026-07-02 13:35:00+00:00,184.87,189.78,1.0
2026-07-02 13:40:00+00:00,186.33,191.03,1.0
2026-07-02 13:45:00+00:00,187.17,192.11,1.0
2026-07-02 13:50:00+00:00,188.04,198.12,1.0
2026-07-02 13:55:00+00:00,188.39,198.02,1.0
2026-07-02 14:00:00+00:00,187.81,196.88,1.0
2026-07-02 14:05:00+00:00,186.71,194.91,1.0
2026-07-02 14:10:00+00:00,186.97,194.1,1.0
2026-07-02 14:15:00+00:00,185.75,192.48,1.0
2026-07-02 14:20:00+00:00,184.62,190.63,1.0
2026-07-02 14:25:00+00:00,183.54,190.0,1.0
2026-07-02 14:30:00+00:00,182.33,188.6,1.0
2026-07-02 14:35:00+00:00,183.11,189.1,1.0
2026-07-02 14:40:00+00:00,182.02,186.19,1.0
2026-07-02 14:45:00+00:00,182.12,186.82,1.0
2026-07-02 14:50:00+00:00,181.26,186.1,1.0
2026-07-02 14:55:00+00:00,182.17,187.38,1.0
2026-07-02 15:00:00+00:00,180.17,185.43,1.0
2026-07-02 15:05:00+00:00,180.56,185.43,1.0
2026-07-02 15:10:00+00:00,180.79,185.34,1.0
2026-07-02 15:15:00+00:00,179.7,184.51,1.0
2026-07-02 15:20:00+00:00,181.07,185.16,1.0
2026-07-02 15:25:00+00:00,180.66,184.62,1.0
2026-07-02 15:30:00+00:00,182.3,186.06,1.0
2026-07-02 15:35:00+00:00,182.32,186.33,1.0
2026-07-02 15:40:00+00:00,181.68,185.53,1.0
2026-07-02 15:45:00+00:00,181.51,185.48,1.0
2026-07-02 15:50:00+00:00,181.22,185.59,1.0
2026-07-02 15:55:00+00:00,181.1,185.66,1.0
2026-07-02 16:00:00+00:00,180.13,184.87,1.0
2026-07-02 16:05:00+00:00,179.76,184.69,1.0
2026-07-02 16:10:00+00:00,180.56,184.9,1.0
2026-07-02 16:15:00+00:00,179.93,183.84,1.0
2026-07-02 16:20:00+00:00,179.07,183.24,1.0
2026-07-02 16:25:00+00:00,179.12,183.66,1.0
2026-07-02 16:30:00+00:00,178.32,182.52,1.0
2026-07-02 16:35:00+00:00,178.17,183.03,1.0
2026-07-02 16:40:00+00:00,178.63,183.87,1.0
2026-07-02 16:45:00+00:00,178.18,183.85,1.0
2026-07-02 16:50:00+00:00,177.92,183.21,1.0
2026-07-02 16:55:00+00:00,177.83,182.29,1.0
2026-07-02 17:00:00+00:00,177.43,182.16,1.0
2026-07-02 17:05:00+00:00,177.45,181.7,1.0
2026-07-02 17:10:00+00:00,177.57,181.93,1.0
2026-07-02 17:15:00+00:00,177.6,182.17,1.0
2026-07-02 17:20:00+00:00,177.36,182.55,1.0
2026-07-02 17:25:00+00:00,177.21,182.24,1.0
2026-07-02 17:30:00+00:00,176.71,181.58,1.0
2026-07-02 17:35:00+00:00,175.94,180.98,1.0
2026-07-02 17:40:00+00:00,175.7,180.93,1.0
2026-07-02 17:45:00+00:00,174.89,178.73,1.0
2026-07-02 17:50:00+00:00,175.56,179.09,1.0
2026-07-02 17:55:00+00:00,174.71,176.27,1.0
2026-07-02 18:00:00+00:00,175.08,177.66,1.0
2026-07-02 18:05:00+00:00,177.08,179.96,1.0
2026-07-02 18:10:00+00:00,176.73,179.53,1.0
2026-07-02 18:15:00+00:00,176.5,179.59,1.0
2026-07-02 18:20:00+00:00,176.86,179.96,1.0
2026-07-02 18:25:00+00:00,177.3,180.62,1.0
2026-07-02 18:30:00+00:00,177.41,180.04,1.0
2026-07-02 18:35:00+00:00,177.81,180.8,1.0
2026-07-02 18:40:00+00:00,177.56,180.94,1.0
2026-07-02 18:45:00+00:00,178.0,181.63,1.0
2026-07-02 18:50:00+00:00,178.32,182.04,1.0
2026-07-02 18:55:00+00:00,178.44,181.88,1.0
2026-07-02 19:00:00+00:00,177.35,181.31,1.0
2026-07-02 19:05:00+00:00,177.94,181.96,1.0
2026-07-02 19:10:00+00:00,177.64,181.88,1.0
2026-07-02 19:15:00+00:00,177.05,180.95,1.0
2026-07-02 19:20:00+00:00,176.23,180.1,1.0
2026-07-02 19:25:00+00:00,177.33,181.09,1.0
2026-07-02 19:30:00+00:00,177.61,181.14,1.0
2026-07-02 19:35:00+00:00,177.9,181.29,1.0
2026-07-02 19:40:00+00:00,178.47,181.5,1.0
2026-07-02 19:45:00+00:00,178.64,181.5,1.0
2026-07-02 19:50:00+00:00,179.48,182.23,1.0
2026-07-02 19:55:00+00:00,180.27,184.39,1.0
2026-07-02 20:00:00+00:00,179.96,183.81,1.0
2026-07-02 20:05:00+00:00,180.38,184.51,1.0
2026-07-02 20:10:00+00:00,180.32,183.83,1.0
2026-07-02 20:15:00+00:00,180.3,183.9,1.0
2026-07-02 20:20:00+00:00,180.09,183.59,1.0
2026-07-02 20:25:00+00:00,179.82,183.59,1.0
2026-07-02 20:30:00+00:00,180.11,183.95,1.0
2026-07-02 20:35:00+00:00,180.18,184.02,1.0
2026-07-02 20:40:00+00:00,179.97,184.11,1.0
2026-07-02 20:45:00+00:00,179.82,184.19,1.0
2026-07-02 20:50:00+00:00,179.63,184.24,1.0
2026-07-02 20:55:00+00:00,179.85,184.36,1.0
2026-07-02 21:00:00+00:00,180.11,184.59,1.0
2026-07-02 21:05:00+00:00,179.9,183.83,1.0
2026-07-02 21:10:00+00:00,179.42,183.45,1.0
2026-07-02 21:15:00+00:00,179.69,183.44,1.0
2026-07-02 21:20:00+00:00,179.2,183.81,1.0
2026-07-02 21:25:00+00:00,179.88,184.55,1.0
2026-07-02 21:30:00+00:00,179.74,184.44,1.0
2026-07-02 21:35:00+00:00,179.68,184.15,1.0
2026-07-02 21:40:00+00:00,179.83,184.19,1.0
2026-07-02 21:45:00+00:00,179.91,184.0,1.0
2026-07-02 21:50:00+00:00,179.63,183.79,1.0
2026-07-02 21:55:00+00:00,179.85,183.64,1.0
2026-07-02 22:00:00+00:00,180.14,183.53,1.0
2026-07-02 22:05:00+00:00,180.06,183.38,1.0
2026-07-02 22:10:00+00:00,179.99,183.38,1.0
2026-07-02 22:15:00+00:00,179.74,183.26,1.0
2026-07-02 22:20:00+00:00,179.76,183.23,1.0
2026-07-02 22:25:00+00:00,179.77,182.71,1.0
2026-07-02 22:30:00+00:00,180.27,183.53,1.0
2026-07-02 22:35:00+00:00,180.16,183.35,1.0
2026-07-02 22:40:00+00:00,180.5,183.76,1.0
2026-07-02 22:45:00+00:00,179.97,183.12,1.0
2026-07-02 22:50:00+00:00,179.74,182.61,1.0
2026-07-02 22:55:00+00:00,179.79,182.58,1.0
2026-07-02 23:00:00+00:00,178.55,181.98,1.0
2026-07-02 23:05:00+00:00,179.18,183.37,1.0
2026-07-02 23:10:00+00:00,179.67,184.07,1.0
2026-07-02 23:15:00+00:00,180.3,185.32,1.0
2026-07-02 23:20:00+00:00,181.55,188.3,1.0
2026-07-02 23:25:00+00:00,181.02,189.51,1.0
2026-07-02 23:30:00+00:00,181.06,188.22,1.0
2026-07-02 23:35:00+00:00,181.06,188.6,1.0
2026-07-02 23:40:00+00:00,180.79,187.26,1.0
2026-07-02 23:45:00+00:00,181.39,188.33,1.0
2026-07-02 23:50:00+00:00,180.97,188.02,1.0
2026-07-02 23:55:00+00:00,180.84,188.27,1.0
2026-07-03 00:00:00+00:00,180.86,190.28,1.0
2026-07-03 00:05:00+00:00,180.3,190.04,1.0
2026-07-03 00:10:00+00:00,181.27,192.84,1.0
2026-07-03 00:15:00+00:00,180.63,190.35,1.0
2026-07-03 00:20:00+00:00,179.41,189.08,1.0
2026-07-03 00:25:00+00:00,179.12,188.33,1.0
2026-07-03 00:30:00+00:00,178.32,184.83,1.0
2026-07-03 00:35:00+00:00,180.73,190.09,1.0
2026-07-03 00:40:00+00:00,179.2,187.71,1.0
2026-07-03 00:45:00+00:00,179.44,188.17,1.0
2026-07-03 00:50:00+00:00,178.54,187.26,1.0
2026-07-03 00:55:00+00:00,178.88,186.72,1.0
2026-07-03 01:00:00+00:00,181.04,190.48,1.0
2026-07-03 01:05:00+00:00,182.18,192.38,1.0
2026-07-03 01:10:00+00:00,182.1,191.97,1.0
2026-07-03 01:15:00+00:00,183.33,193.36,1.0
2026-07-03 01:20:00+00:00,184.12,194.08,1.0
2026-07-03 01:25:00+00:00,183.97,194.4,1.0
2026-07-03 01:30:00+00:00,184.64,195.03,1.0
2026-07-03 01:35:00+00:00,185.49,196.6,1.0
2026-07-03 01:40:00+00:00,185.07,195.52,1.0
2026-07-03 01:45:00+00:00,184.82,195.28,1.0
2026-07-03 01:50:00+00:00,183.83,195.71,1.0
2026-07-03 01:55:00+00:00,185.48,197.14,1.0
2026-07-03 02:00:00+00:00,185.83,197.07,1.0
2026-07-03 02:05:00+00:00,185.78,198.43,1.0
2026-07-03 02:10:00+00:00,184.17,196.06,1.0
2026-07-03 02:15:00+00:00,184.12,197.74,1.0
2026-07-03 02:20:00+00:00,184.15,198.16,1.0
2026-07-03 02:25:00+00:00,184.4,198.46,1.0
2026-07-03 02:30:00+00:00,184.22,198.5,1.0
2026-07-03 02:35:00+00:00,184.22,198.98,1.0
2026-07-03 02:40:00+00:00,183.71,198.39,1.0
2026-07-03 02:45:00+00:00,183.9,199.1,1.0
2026-07-03 02:50:00+00:00,184.05,198.85,1.0
2026-07-03 02:55:00+00:00,184.25,198.97,1.0
2026-07-03 03:00:00+00:00,183.49,197.81,1.0
2026-07-03 03:05:00+00:00,183.14,197.21,1.0
2026-07-03 03:10:00+00:00,183.12,197.19,1.0
2026-07-03 03:15:00+00:00,183.37,197.5,1.0
2026-07-03 03:20:00+00:00,183.33,197.57,1.0
2026-07-03 03:25:00+00:00,183.9,198.42,1.0
2026-07-03 03:30:00+00:00,183.88,198.13,1.0
2026-07-03 03:35:00+00:00,183.26,196.95,1.0
2026-07-03 03:40:00+00:00,182.67,195.43,1.0
2026-07-03 03:45:00+00:00,183.28,197.03,1.0
2026-07-03 03:50:00+00:00,183.29,197.48,1.0
2026-07-03 03:55:00+00:00,183.85,198.95,1.0
2026-07-03 04:00:00+00:00,184.42,199.45,1.0
2026-07-03 04:05:00+00:00,184.58,199.86,1.0
2026-07-03 04:10:00+00:00,184.92,200.3,1.0
2026-07-03 04:15:00+00:00,184.77,200.76,1.0
2026-07-03 04:20:00+00:00,185.33,200.52,1.0
2026-07-03 04:25:00+00:00,186.37,201.64,1.0
2026-07-03 04:30:00+00:00,186.43,201.65,1.0
2026-07-03 04:35:00+00:00,187.71,202.96,1.0
2026-07-03 04:40:00+00:00,187.07,202.52,1.0
2026-07-03 04:45:00+00:00,186.63,202.06,1.0
2026-07-03 04:50:00+00:00,187.03,202.67,1.0
2026-07-03 04:55:00+00:00,186.98,201.62,1.0
2026-07-03 05:00:00+00:00,187.22,200.69,1.0
2026-07-03 05:05:00+00:00,186.1,200.69,1.0
2026-07-03 05:10:00+00:00,186.02,201.07,1.0
2026-07-03 05:15:00+00:00,185.88,201.36,1.0
2026-07-03 05:20:00+00:00,186.03,200.09,1.0
2026-07-03 05:25:00+00:00,186.69,201.52,1.0
2026-07-03 05:30:00+00:00,186.96,201.67,1.0
2026-07-03 05:35:00+00:00,186.66,202.04,1.0
2026-07-03 05:40:00+00:00,185.63,200.36,1.0
2026-07-03 05:45:00+00:00,185.18,199.85,1.0
2026-07-03 05:50:00+00:00,185.6,200.98,1.0
2026-07-03 05:55:00+00:00,185.85,200.6,1.0
2026-07-03 06:00:00+00:00,186.46,201.93,1.0
2026-07-03 06:05:00+00:00,186.78,203.22,1.0
2026-07-03 06:10:00+00:00,186.83,203.35,1.0
2026-07-03 06:15:00+00:00,186.36,202.65,1.0
2026-07-03 06:20:00+00:00,186.16,202.74,1.0
2026-07-03 06:25:00+00:00,186.27,202.65,1.0
2026-07-03 06:30:00+00:00,185.9,201.84,1.0
2026-07-03 06:35:00+00:00,185.3,200.95,1.0
2026-07-03 06:40:00+00:00,185.24,202.5,1.0
2026-07-03 06:45:00+00:00,185.53,202.02,1.0
2026-07-03 06:50:00+00:00,185.18,201.44,1.0
2026-07-03 06:55:00+00:00,184.89,200.96,1.0
2026-07-03 07:00:00+00:00,185.67,201.94,1.0
2026-07-03 07:05:00+00:00,185.34,201.28,1.0
2026-07-03 07:10:00+00:00,185.47,201.68,1.0
2026-07-03 07:15:00+00:00,185.31,201.6,1.0
2026-07-03 07:20:00+00:00,185.53,202.05,1.0
2026-07-03 07:25:00+00:00,185.69,202.0,1.0
2026-07-03 07:30:00+00:00,185.76,202.83,1.0
2026-07-03 07:35:00+00:00,185.42,202.79,1.0
2026-07-03 07:40:00+00:00,185.24,202.99,1.0
2026-07-03 07:45:00+00:00,185.47,202.78,1.0
2026-07-03 07:50:00+00:00,185.45,202.7,1.0
2026-07-03 07:55:00+00:00,185.19,202.7,1.0
2026-07-03 08:00:00+00:00,186.41,203.1,1.0
2026-07-03 08:05:00+00:00,186.39,203.09,1.0
2026-07-03 08:10:00+00:00,186.38,203.32,1.0
2026-07-03 08:15:00+00:00,186.56,204.53,1.0
2026-07-03 08:20:00+00:00,186.58,204.8,1.0
2026-07-03 08:25:00+00:00,186.74,204.85,1.0
2026-07-03 08:30:00+00:00,186.52,204.86,1.0
2026-07-03 08:35:00+00:00,186.67,205.44,1.0
2026-07-03 08:40:00+00:00,187.38,205.4,1.0
2026-07-03 08:45:00+00:00,187.24,205.43,1.0
2026-07-03 08:50:00+00:00,187.12,204.91,1.0
2026-07-03 08:55:00+00:00,187.02,204.62,1.0
2026-07-03 09:00:00+00:00,186.9,204.41,1.0
2026-07-03 09:05:00+00:00,186.55,204.28,1.0
2026-07-03 09:10:00+00:00,187.15,204.43,1.0
2026-07-03 09:15:00+00:00,187.04,204.56,1.0
2026-07-03 09:20:00+00:00,187.1,204.49,1.0
2026-07-03 09:25:00+00:00,186.92,204.52,1.0
2026-07-03 09:30:00+00:00,186.48,204.56,1.0
2026-07-03 09:35:00+00:00,187.65,204.86,1.0
2026-07-03 09:40:00+00:00,187.63,205.26,1.0
2026-07-03 09:45:00+00:00,188.07,205.04,1.0
2026-07-03 09:50:00+00:00,187.82,205.05,1.0
2026-07-03 09:55:00+00:00,187.79,204.78,1.0
2026-07-03 10:00:00+00:00,188.1,204.9,1.0
2026-07-03 10:05:00+00:00,188.01,204.91,1.0
2026-07-03 10:10:00+00:00,188.48,205.33,1.0
2026-07-03 10:15:00+00:00,188.3,204.99,1.0
2026-07-03 10:20:00+00:00,188.29,204.87,1.0
2026-07-03 10:25:00+00:00,188.29,204.77,1.0
2026-07-03 10:30:00+00:00,188.34,204.86,1.0
2026-07-03 10:35:00+00:00,188.42,204.94,1.0
2026-07-03 10:40:00+00:00,188.52,205.25,1.0
2026-07-03 10:45:00+00:00,188.37,205.18,1.0
2026-07-03 10:50:00+00:00,188.51,205.05,1.0
2026-07-03 10:55:00+00:00,188.63,205.3,1.0
2026-07-03 11:00:00+00:00,188.62,205.44,1.0
2026-07-03 11:05:00+00:00,188.6,205.56,1.0
2026-07-03 11:10:00+00:00,188.8,205.9,1.0
2026-07-03 11:15:00+00:00,188.9,205.9,1.0
2026-07-03 11:20:00+00:00,189.08,206.33,1.0
2026-07-03 11:25:00+00:00,188.97,205.85,1.0
2026-07-03 11:30:00+00:00,188.87,205.92,1.0
2026-07-03 11:35:00+00:00,188.92,205.55,1.0
2026-07-03 11:40:00+00:00,188.75,204.92,1.0
2026-07-03 11:45:00+00:00,188.49,204.77,1.0
2026-07-03 11:50:00+00:00,188.61,205.07,1.0
2026-07-03 11:55:00+00:00,188.71,205.42,1.0
2026-07-03 12:00:00+00:00,189.05,205.16,1.0
2026-07-03 12:05:00+00:00,188.89,204.99,1.0
2026-07-03 12:10:00+00:00,188.9,205.37,1.0
2026-07-03 12:15:00+00:00,188.76,204.65,1.0
2026-07-03 12:20:00+00:00,188.75,204.53,1.0
2026-07-03 12:25:00+00:00,188.73,204.72,1.0
2026-07-03 12:30:00+00:00,189.1,205.21,1.0
2026-07-03 12:35:00+00:00,188.92,204.73,1.0
2026-07-03 12:40:00+00:00,189.07,204.79,1.0
2026-07-03 12:45:00+00:00,189.08,205.0,1.0
2026-07-03 12:50:00+00:00,188.7,204.44,1.0
2026-07-03 12:55:00+00:00,188.76,204.46,1.0
2026-07-03 13:00:00+00:00,188.49,204.19,1.0
2026-07-03 13:05:00+00:00,188.14,203.54,1.0
2026-07-03 13:10:00+00:00,188.29,204.14,1.0
2026-07-03 13:15:00+00:00,188.7,204.04,1.0
2026-07-03 13:20:00+00:00,188.58,203.91,1.0
2026-07-03 13:25:00+00:00,188.92,204.51,1.0
2026-07-03 13:30:00+00:00,189.02,204.37,1.0
2026-07-03 13:35:00+00:00,188.98,204.11,1.0
2026-07-03 13:40:00+00:00,189.01,204.3,1.0
2026-07-03 13:45:00+00:00,188.63,203.99,1.0
2026-07-03 13:50:00+00:00,188.72,204.22,1.0
2026-07-03 13:55:00+00:00,188.84,204.31,1.0
2026-07-03 14:00:00+00:00,188.68,204.04,1.0
2026-07-03 14:05:00+00:00,188.25,204.02,1.0
2026-07-03 14:10:00+00:00,188.22,203.68,1.0
2026-07-03 14:15:00+00:00,188.22,203.32,1.0
2026-07-03 14:20:00+00:00,188.09,203.78,1.0
2026-07-03 14:25:00+00:00,188.19,204.36,1.0
2026-07-03 14:30:00+00:00,188.1,203.92,1.0
2026-07-03 14:35:00+00:00,187.89,203.55,1.0
2026-07-03 14:40:00+00:00,187.99,203.85,1.0
2026-07-03 14:45:00+00:00,188.17,203.98,1.0
2026-07-03 14:50:00+00:00,188.71,204.58,1.0
2026-07-03 14:55:00+00:00,188.55,204.69,1.0
2026-07-03 15:00:00+00:00,188.62,204.59,1.0
2026-07-03 15:05:00+00:00,188.6,204.39,1.0
2026-07-03 15:10:00+00:00,188.32,204.0,1.0
2026-07-03 15:15:00+00:00,188.33,203.9,1.0
2026-07-03 15:20:00+00:00,188.32,203.84,1.0
2026-07-03 15:25:00+00:00,188.46,203.83,1.0
2026-07-03 15:30:00+00:00,188.34,203.92,1.0
2026-07-03 15:35:00+00:00,188.07,203.56,1.0
2026-07-03 15:40:00+00:00,188.01,203.57,1.0
2026-07-03 15:45:00+00:00,188.03,203.84,1.0
2026-07-03 15:50:00+00:00,187.91,203.67,1.0
2026-07-03 15:55:00+00:00,188.02,203.98,1.0
2026-07-03 16:00:00+00:00,188.15,204.35,1.0
2026-07-03 16:05:00+00:00,188.18,204.5,1.0
2026-07-03 16:10:00+00:00,188.23,203.64,1.0
2026-07-03 16:15:00+00:00,188.24,203.73,1.0
2026-07-03 16:20:00+00:00,188.21,203.7,1.0
2026-07-03 16:25:00+00:00,188.27,203.49,1.0
2026-07-03 16:30:00+00:00,188.27,203.64,1.0
2026-07-03 16:35:00+00:00,188.18,203.65,1.0
2026-07-03 16:40:00+00:00,188.25,203.49,1.0
2026-07-03 16:45:00+00:00,187.98,203.25,1.0
2026-07-03 16:50:00+00:00,187.95,203.68,1.0
2026-07-03 16:55:00+00:00,188.0,204.05,1.0
2026-07-03 17:00:00+00:00,188.06,204.36,1.0
2026-07-03 17:05:00+00:00,188.12,204.08,1.0
2026-07-03 17:10:00+00:00,188.28,204.2,1.0
2026-07-03 17:15:00+00:00,188.17,203.58,1.0
2026-07-03 17:20:00+00:00,188.28,203.57,1.0
2026-07-03 17:25:00+00:00,188.04,203.27,1.0
2026-07-03 17:30:00+00:00,188.02,203.2,1.0
2026-07-03 17:35:00+00:00,188.01,203.15,1.0
2026-07-03 17:40:00+00:00,188.07,203.15,1.0
2026-07-03 17:45:00+00:00,188.13,203.59,1.0
2026-07-03 17:50:00+00:00,188.19,203.72,1.0
2026-07-03 17:55:00+00:00,188.19,203.53,1.0
2026-07-03 18:00:00+00:00,189.29,204.23,1.0
2026-07-03 18:05:00+00:00,189.23,204.22,1.0
2026-07-03 18:10:00+00:00,189.5,204.43,1.0
2026-07-03 18:15:00+00:00,189.27,204.34,1.0
2026-07-03 18:20:00+00:00,189.06,203.73,1.0
2026-07-03 18:25:00+00:00,189.1,203.31,1.0
2026-07-03 18:30:00+00:00,188.93,203.21,1.0
2026-07-03 18:35:00+00:00,188.93,203.01,1.0
2026-07-03 18:40:00+00:00,188.89,203.35,1.0
2026-07-03 18:45:00+00:00,188.78,203.43,1.0
2026-07-03 18:50:00+00:00,188.77,203.68,1.0
2026-07-03 18:55:00+00:00,189.02,203.49,1.0
2026-07-03 19:00:00+00:00,189.24,203.55,1.0
2026-07-03 19:05:00+00:00,189.07,203.56,1.0
2026-07-03 19:10:00+00:00,189.5,203.99,1.0
2026-07-03 19:15:00+00:00,189.89,204.93,1.0
2026-07-03 19:20:00+00:00,189.75,204.67,1.0
2026-07-03 19:25:00+00:00,189.73,204.62,1.0
2026-07-03 19:30:00+00:00,189.45,204.44,1.0
2026-07-03 19:35:00+00:00,189.39,204.71,1.0
2026-07-03 19:40:00+00:00,189.07,204.15,1.0
2026-07-03 19:45:00+00:00,188.86,204.08,1.0
2026-07-03 19:50:00+00:00,188.79,203.54,1.0
2026-07-03 19:55:00+00:00,188.51,203.59,1.0
2026-07-03 20:00:00+00:00,188.23,203.33,1.0
2026-07-03 20:05:00+00:00,188.19,203.48,1.0
2026-07-03 20:10:00+00:00,188.1,203.62,1.0
2026-07-03 20:15:00+00:00,188.13,203.42,1.0
2026-07-03 20:20:00+00:00,188.03,203.15,1.0
2026-07-03 20:25:00+00:00,188.09,203.59,1.0
2026-07-03 20:30:00+00:00,188.22,203.85,1.0
2026-07-03 20:35:00+00:00,188.39,203.9,1.0
2026-07-03 20:40:00+00:00,188.33,203.79,1.0
2026-07-03 20:45:00+00:00,188.35,203.72,1.0
2026-07-03 20:50:00+00:00,188.53,203.99,1.0
2026-07-03 20:55:00+00:00,188.59,203.91,1.0
2026-07-03 21:00:00+00:00,188.66,203.76,1.0
2026-07-03 21:05:00+00:00,188.98,203.49,1.0
2026-07-03 21:10:00+00:00,188.92,203.94,1.0
2026-07-03 21:15:00+00:00,188.74,203.64,1.0
2026-07-03 21:20:00+00:00,188.63,203.58,1.0
2026-07-03 21:25:00+00:00,188.78,203.69,1.0
2026-07-03 21:30:00+00:00,188.9,203.73,1.0
2026-07-03 21:35:00+00:00,189.01,204.21,1.0
2026-07-03 21:40:00+00:00,189.2,204.42,1.0
2026-07-03 21:45:00+00:00,189.19,204.33,1.0
2026-07-03 21:50:00+00:00,189.18,204.05,1.0
2026-07-03 21:55:00+00:00,189.47,204.38,1.0
2026-07-03 22:00:00+00:00,189.42,204.67,1.0
2026-07-03 22:05:00+00:00,189.42,204.6,1.0
2026-07-03 22:10:00+00:00,189.35,204.48,1.0
2026-07-03 22:15:00+00:00,189.3,204.21,1.0
2026-07-03 22:20:00+00:00,189.26,204.35,1.0
2026-07-03 22:25:00+00:00,189.17,204.4,1.0
2026-07-03 22:30:00+00:00,189.01,204.04,1.0
2026-07-03 22:35:00+00:00,189.09,204.05,1.0
2026-07-03 22:40:00+00:00,189.21,204.33,1.0
2026-07-03 22:45:00+00:00,189.18,204.24,1.0
2026-07-03 22:50:00+00:00,189.24,204.23,1.0
2026-07-03 22:55:00+00:00,189.41,204.41,1.0
2026-07-03 23:00:00+00:00,189.6,204.36,1.0
2026-07-03 23:05:00+00:00,189.59,204.42,1.0
2026-07-03 23:10:00+00:00,189.54,204.6,1.0
2026-07-03 23:15:00+00:00,189.46,204.56,1.0
2026-07-03 23:20:00+00:00,189.19,204.41,1.0
2026-07-03 23:25:00+00:00,189.31,204.46,1.0
2026-07-03 23:30:00+00:00,189.22,204.31,1.0
2026-07-03 23:35:00+00:00,189.27,204.41,1.0
2026-07-03 23:40:00+00:00,189.31,204.29,1.0
2026-07-03 23:45:00+00:00,189.35,204.22,1.0
2026-07-03 23:50:00+00:00,189.13,204.03,1.0
2026-07-03 23:55:00+00:00,189.27,204.37,1.0
2026-07-04 00:00:00+00:00,188.92,203.79,1.0
2026-07-04 00:05:00+00:00,188.9,203.74,1.0
2026-07-04 00:10:00+00:00,188.84,203.79,1.0
2026-07-04 00:15:00+00:00,189.13,204.14,1.0
2026-07-04 00:20:00+00:00,189.1,203.79,1.0
2026-07-04 00:25:00+00:00,189.05,203.73,1.0
2026-07-04 00:30:00+00:00,188.85,203.33,1.0
2026-07-04 00:35:00+00:00,188.94,203.43,1.0
2026-07-04 00:40:00+00:00,189.37,204.2,1.0
2026-07-04 00:45:00+00:00,189.36,204.29,1.0
2026-07-04 00:50:00+00:00,189.48,204.45,1.0
2026-07-04 00:55:00+00:00,189.34,204.29,1.0
2026-07-04 01:00:00+00:00,189.15,203.67,1.0
2026-07-04 01:05:00+00:00,189.03,203.36,1.0
2026-07-04 01:10:00+00:00,189.42,203.94,1.0
2026-07-04 01:15:00+00:00,189.5,204.04,1.0
2026-07-04 01:20:00+00:00,189.36,204.13,1.0
2026-07-04 01:25:00+00:00,189.29,204.09,1.0
2026-07-04 01:30:00+00:00,189.27,204.08,1.0
2026-07-04 01:35:00+00:00,189.36,204.23,1.0
2026-07-04 01:40:00+00:00,189.28,204.23,1.0
2026-07-04 01:45:00+00:00,189.18,204.18,1.0
2026-07-04 01:50:00+00:00,189.15,204.27,1.0
2026-07-04 01:55:00+00:00,189.09,204.25,1.0
2026-07-04 02:00:00+00:00,189.1,204.35,1.0
2026-07-04 02:05:00+00:00,189.07,204.55,1.0
2026-07-04 02:10:00+00:00,189.04,204.45,1.0
2026-07-04 02:15:00+00:00,189.06,204.52,1.0
2026-07-04 02:20:00+00:00,189.12,204.68,1.0
2026-07-04 02:25:00+00:00,189.08,204.42,1.0
2026-07-04 02:30:00+00:00,189.02,204.24,1.0
2026-07-04 02:35:00+00:00,189.18,204.51,1.0
2026-07-04 02:40:00+00:00,189.38,204.53,1.0
2026-07-04 02:45:00+00:00,189.54,204.63,1.0
2026-07-04 02:50:00+00:00,189.48,204.63,1.0
2026-07-04 02:55:00+00:00,189.66,204.63,1.0
2026-07-04 03:00:00+00:00,189.64,204.81,1.0
2026-07-04 03:05:00+00:00,189.67,204.64,1.0
2026-07-04 03:10:00+00:00,189.53,204.74,1.0
2026-07-04 03:15:00+00:00,189.45,204.63,1.0
2026-07-04 03:20:00+00:00,189.57,204.55,1.0
2026-07-04 03:25:00+00:00,189.67,204.73,1.0
2026-07-04 03:30:00+00:00,189.82,204.99,1.0
2026-07-04 03:35:00+00:00,189.84,205.18,1.0
2026-07-04 03:40:00+00:00,189.79,204.88,1.0
2026-07-04 03:45:00+00:00,189.69,204.86,1.0
2026-07-04 03:50:00+00:00,189.62,204.68,1.0
2026-07-04 03:55:00+00:00,189.78,204.83,1.0
2026-07-04 04:00:00+00:00,189.79,204.87,1.0
2026-07-04 04:05:00+00:00,189.69,204.97,1.0
2026-07-04 04:10:00+00:00,189.54,204.86,1.0
2026-07-04 04:15:00+00:00,189.54,204.75,1.0
2026-07-04 04:20:00+00:00,189.54,204.85,1.0
2026-07-04 04:25:00+00:00,189.54,204.83,1.0
2026-07-04 04:30:00+00:00,189.7,205.03,1.0
2026-07-04 04:35:00+00:00,189.76,204.95,1.0
2026-07-04 04:40:00+00:00,189.75,204.85,1.0
2026-07-04 04:45:00+00:00,189.82,205.16,1.0
2026-07-04 04:50:00+00:00,189.8,205.11,1.0
2026-07-04 04:55:00+00:00,189.61,204.91,1.0
2026-07-04 05:00:00+00:00,189.36,204.39,1.0
2026-07-04 05:05:00+00:00,189.14,204.05,1.0
2026-07-04 05:10:00+00:00,189.19,204.18,1.0
2026-07-04 05:15:00+00:00,189.19,204.01,1.0
2026-07-04 05:20:00+00:00,189.38,204.24,1.0
2026-07-04 05:25:00+00:00,189.36,204.61,1.0
2026-07-04 05:30:00+00:00,189.53,204.82,1.0
2026-07-04 05:35:00+00:00,189.77,205.12,1.0
2026-07-04 05:40:00+00:00,189.75,205.12,1.0
2026-07-04 05:45:00+00:00,189.66,205.12,1.0
2026-07-04 05:50:00+00:00,189.59,205.2,1.0
2026-07-04 05:55:00+00:00,189.52,204.77,1.0
2026-07-04 06:00:00+00:00,189.58,205.02,1.0
2026-07-04 06:05:00+00:00,189.58,204.89,1.0
2026-07-04 06:10:00+00:00,189.64,204.83,1.0
2026-07-04 06:15:00+00:00,189.67,205.12,1.0
2026-07-04 06:20:00+00:00,189.47,205.03,1.0
2026-07-04 06:25:00+00:00,189.56,205.04,1.0
2026-07-04 06:30:00+00:00,189.54,205.23,1.0
2026-07-04 06:35:00+00:00,189.54,205.11,1.0
2026-07-04 06:40:00+00:00,189.53,205.18,1.0
2026-07-04 06:45:00+00:00,189.56,205.08,1.0
2026-07-04 06:50:00+00:00,189.44,204.96,1.0
2026-07-04 06:55:00+00:00,189.36,204.82,1.0
2026-07-04 07:00:00+00:00,189.34,204.84,1.0
2026-07-04 07:05:00+00:00,189.36,205.13,1.0
2026-07-04 07:10:00+00:00,189.21,204.89,1.0
2026-07-04 07:15:00+00:00,189.26,205.07,1.0
2026-07-04 07:20:00+00:00,189.27,205.08,1.0
2026-07-04 07:25:00+00:00,189.15,204.77,1.0
2026-07-04 07:30:00+00:00,189.14,204.85,1.0
2026-07-04 07:35:00+00:00,189.09,204.77,1.0
2026-07-04 07:40:00+00:00,189.11,205.19,1.0
2026-07-04 07:45:00+00:00,189.23,205.08,1.0
2026-07-04 07:50:00+00:00,189.07,205.12,1.0
2026-07-04 07:55:00+00:00,189.11,205.3,1.0
2026-07-04 08:00:00+00:00,189.2,205.43,1.0
2026-07-04 08:05:00+00:00,189.07,205.4,1.0
2026-07-04 08:10:00+00:00,189.03,205.43,1.0
2026-07-04 08:15:00+00:00,189.09,205.5,1.0
2026-07-04 08:20:00+00:00,189.22,205.47,1.0
2026-07-04 08:25:00+00:00,189.22,205.38,1.0
2026-07-04 08:30:00+00:00,189.24,205.33,1.0
2026-07-04 08:35:00+00:00,189.27,205.0,1.0
2026-07-04 08:40:00+00:00,189.05,205.12,1.0
2026-07-04 08:45:00+00:00,189.18,204.97,1.0
2026-07-04 08:50:00+00:00,189.24,204.98,1.0
2026-07-04 08:55:00+00:00,189.23,204.87,1.0
2026-07-04 09:00:00+00:00,189.23,204.74,1.0
2026-07-04 09:05:00+00:00,189.45,205.21,1.0
2026-07-04 09:10:00+00:00,189.26,205.06,1.0
2026-07-04 09:15:00+00:00,189.31,205.11,1.0
2026-07-04 09:20:00+00:00,189.38,205.21,1.0
2026-07-04 09:25:00+00:00,189.42,205.36,1.0
2026-07-04 09:30:00+00:00,189.37,205.35,1.0
2026-07-04 09:35:00+00:00,189.45,205.23,1.0
2026-07-04 09:40:00+00:00,189.46,205.25,1.0
2026-07-04 09:45:00+00:00,189.41,205.3,1.0
2026-07-04 09:50:00+00:00,189.51,205.3,1.0
2026-07-04 09:55:00+00:00,189.47,205.21,1.0
2026-07-04 10:00:00+00:00,189.47,205.13,1.0
2026-07-04 10:05:00+00:00,189.5,205.42,1.0
2026-07-04 10:10:00+00:00,189.58,205.36,1.0
2026-07-04 10:15:00+00:00,189.6,205.43,1.0
2026-07-04 10:20:00+00:00,189.64,205.46,1.0
2026-07-04 10:25:00+00:00,189.76,205.78,1.0
2026-07-04 10:30:00+00:00,189.72,205.65,1.0
2026-07-04 10:35:00+00:00,189.67,205.9,1.0
2026-07-04 10:40:00+00:00,189.64,205.77,1.0
2026-07-04 10:45:00+00:00,189.67,205.78,1.0
2026-07-04 10:50:00+00:00,189.69,205.8,1.0
2026-07-04 10:55:00+00:00,189.64,205.84,1.0
2026-07-04 11:00:00+00:00,189.58,205.58,1.0
2026-07-04 11:05:00+00:00,189.46,205.5,1.0
2026-07-04 11:10:00+00:00,189.5,205.49,1.0
2026-07-04 11:15:00+00:00,189.47,205.47,1.0
2026-07-04 11:20:00+00:00,189.44,205.54,1.0
2026-07-04 11:25:00+00:00,189.41,205.47,1.0
2026-07-04 11:30:00+00:00,189.43,205.64,1.0
2026-07-04 11:35:00+00:00,189.35,205.57,1.0
2026-07-04 11:40:00+00:00,189.23,205.5,1.0
2026-07-04 11:45:00+00:00,189.31,205.46,1.0
2026-07-04 11:50:00+00:00,189.34,205.55,1.0
2026-07-04 11:55:00+00:00,189.4,205.76,1.0
2026-07-04 12:00:00+00:00,189.3,205.99,1.0
2026-07-04 12:05:00+00:00,189.4,205.86,1.0
2026-07-04 12:10:00+00:00,189.33,205.84,1.0
2026-07-04 12:15:00+00:00,189.34,205.78,1.0
2026-07-04 12:20:00+00:00,189.44,205.87,1.0
2026-07-04 12:25:00+00:00,189.46,205.8,1.0
2026-07-04 12:30:00+00:00,189.47,205.76,1.0
2026-07-04 12:35:00+00:00,189.59,205.79,1.0
2026-07-04 12:40:00+00:00,189.6,205.87,1.0
2026-07-04 12:45:00+00:00,189.5,205.81,1.0
2026-07-04 12:50:00+00:00,189.42,205.7,1.0
2026-07-04 12:55:00+00:00,189.43,205.63,1.0
2026-07-04 13:00:00+00:00,189.44,205.68,1.0
2026-07-04 13:05:00+00:00,189.43,205.67,1.0
2026-07-04 13:10:00+00:00,189.43,205.73,1.0
2026-07-04 13:15:00+00:00,189.48,205.7,1.0
2026-07-04 13:20:00+00:00,189.46,205.9,1.0
2026-07-04 13:25:00+00:00,189.48,205.82,1.0
2026-07-04 13:30:00+00:00,189.46,205.71,1.0
2026-07-04 13:35:00+00:00,189.39,205.75,1.0
2026-07-04 13:40:00+00:00,189.47,205.93,1.0
2026-07-04 13:45:00+00:00,189.31,205.71,1.0
2026-07-04 13:50:00+00:00,189.08,205.49,1.0
2026-07-04 13:55:00+00:00,189.06,205.57,1.0
2026-07-04 14:00:00+00:00,188.99,205.35,1.0
2026-07-04 14:05:00+00:00,189.05,205.47,1.0
2026-07-04 14:10:00+00:00,188.98,205.09,1.0
2026-07-04 14:15:00+00:00,189.06,205.11,1.0
2026-07-04 14:20:00+00:00,189.06,205.02,1.0
2026-07-04 14:25:00+00:00,189.14,205.03,1.0
2026-07-04 14:30:00+00:00,189.09,205.09,1.0
2026-07-04 14:35:00+00:00,189.13,205.21,1.0
2026-07-04 14:40:00+00:00,189.17,205.15,1.0
2026-07-04 14:45:00+00:00,189.19,204.99,1.0
2026-07-04 14:50:00+00:00,189.21,205.06,1.0
2026-07-04 14:55:00+00:00,189.14,205.11,1.0
2026-07-04 15:00:00+00:00,189.14,204.81,1.0
2026-07-04 15:05:00+00:00,189.41,205.28,1.0
2026-07-04 15:10:00+00:00,189.3,205.19,1.0
2026-07-04 15:15:00+00:00,189.38,205.19,1.0
2026-07-04 15:20:00+00:00,189.47,205.44,1.0
2026-07-04 15:25:00+00:00,189.3,205.33,1.0
2026-07-04 15:30:00+00:00,189.3,205.07,1.0
2026-07-04 15:35:00+00:00,189.34,205.0,1.0
2026-07-04 15:40:00+00:00,189.3,205.03,1.0
2026-07-04 15:45:00+00:00,189.49,205.23,1.0
2026-07-04 15:50:00+00:00,189.57,205.12,1.0
2026-07-04 15:55:00+00:00,189.55,205.19,1.0
2026-07-04 16:00:00+00:00,189.53,205.53,1.0
2026-07-04 16:05:00+00:00,189.55,205.55,1.0
2026-07-04 16:10:00+00:00,189.4,205.2,1.0
2026-07-04 16:15:00+00:00,189.42,205.4,1.0
2026-07-04 16:20:00+00:00,189.42,205.35,1.0
2026-07-04 16:25:00+00:00,189.25,205.18,1.0
2026-07-04 16:30:00+00:00,189.26,205.18,1.0
2026-07-04 16:35:00+00:00,189.27,205.0,1.0
2026-07-04 16:40:00+00:00,189.15,204.99,1.0
2026-07-04 16:45:00+00:00,189.19,205.0,1.0
2026-07-04 16:50:00+00:00,189.19,204.95,1.0
2026-07-04 16:55:00+00:00,189.17,204.87,1.0
2026-07-04 17:00:00+00:00,188.88,204.73,1.0
2026-07-04 17:05:00+00:00,188.89,204.56,1.0
2026-07-04 17:10:00+00:00,188.91,204.7,1.0
2026-07-04 17:15:00+00:00,188.96,204.69,1.0
2026-07-04 17:20:00+00:00,189.02,204.73,1.0
2026-07-04 17:25:00+00:00,189.06,204.8,1.0
2026-07-04 17:30:00+00:00,189.15,204.9,1.0
2026-07-04 17:35:00+00:00,189.11,205.06,1.0
2026-07-04 17:40:00+00:00,189.27,204.99,1.0
2026-07-04 17:45:00+00:00,189.42,205.31,1.0
2026-07-04 17:50:00+00:00,189.37,205.35,1.0
2026-07-04 17:55:00+00:00,189.28,205.2,1.0
2026-07-04 18:00:00+00:00,189.25,205.31,1.0
2026-07-04 18:05:00+00:00,189.28,205.16,1.0
2026-07-04 18:10:00+00:00,189.41,205.37,1.0
2026-07-04 18:15:00+00:00,189.23,205.17,1.0
2026-07-04 18:20:00+00:00,189.1,205.06,1.0
2026-07-04 18:25:00+00:00,189.19,205.03,1.0
2026-07-04 18:30:00+00:00,189.3,205.14,1.0
2026-07-04 18:35:00+00:00,189.29,205.25,1.0
2026-07-04 18:40:00+00:00,189.28,205.35,1.0
2026-07-04 18:45:00+00:00,189.23,205.41,1.0
2026-07-04 18:50:00+00:00,189.35,205.49,1.0
2026-07-04 18:55:00+00:00,189.32,205.49,1.0
2026-07-04 19:00:00+00:00,189.3,205.58,1.0
2026-07-04 19:05:00+00:00,189.25,205.62,1.0
2026-07-04 19:10:00+00:00,189.2,205.59,1.0
2026-07-04 19:15:00+00:00,189.28,205.57,1.0
2026-07-04 19:20:00+00:00,189.49,205.82,1.0
2026-07-04 19:25:00+00:00,189.58,206.09,1.0
2026-07-04 19:30:00+00:00,189.59,206.16,1.0
2026-07-04 19:35:00+00:00,189.56,206.18,1.0
2026-07-04 19:40:00+00:00,189.65,206.24,1.0
2026-07-04 19:45:00+00:00,189.57,206.32,1.0
2026-07-04 19:50:00+00:00,189.56,206.24,1.0
2026-07-04 19:55:00+00:00,189.6,205.99,1.0
2026-07-04 20:00:00+00:00,189.7,205.62,1.0
2026-07-04 20:05:00+00:00,189.48,205.46,1.0
2026-07-04 20:10:00+00:00,189.5,205.47,1.0
2026-07-04 20:15:00+00:00,189.3,205.38,1.0
2026-07-04 20:20:00+00:00,189.29,205.42,1.0
2026-07-04 20:25:00+00:00,189.31,205.38,1.0
2026-07-04 20:30:00+00:00,189.36,205.46,1.0
2026-07-04 20:35:00+00:00,189.33,205.46,1.0
2026-07-04 20:40:00+00:00,189.46,205.5,1.0
2026-07-04 20:45:00+00:00,189.49,205.57,1.0
2026-07-04 20:50:00+00:00,189.5,205.42,1.0
2026-07-04 20:55:00+00:00,189.47,205.59,1.0
2026-07-04 21:00:00+00:00,189.65,205.87,1.0
2026-07-04 21:05:00+00:00,189.64,205.65,1.0
2026-07-04 21:10:00+00:00,189.78,205.72,1.0
2026-07-04 21:15:00+00:00,189.75,205.94,1.0
2026-07-04 21:20:00+00:00,189.74,205.89,1.0
2026-07-04 21:25:00+00:00,189.75,205.9,1.0
2026-07-04 21:30:00+00:00,189.8,205.95,1.0
2026-07-04 21:35:00+00:00,189.8,205.95,1.0
2026-07-04 21:40:00+00:00,189.74,205.5,1.0
2026-07-04 21:45:00+00:00,189.75,205.77,1.0
2026-07-04 21:50:00+00:00,189.74,205.88,1.0
2026-07-04 21:55:00+00:00,189.85,205.97,1.0
2026-07-04 22:00:00+00:00,189.94,205.83,1.0
2026-07-04 22:05:00+00:00,189.93,205.9,1.0
2026-07-04 22:10:00+00:00,189.89,206.07,1.0
2026-07-04 22:15:00+00:00,189.96,206.31,1.0
2026-07-04 22:20:00+00:00,189.9,206.27,1.0
2026-07-04 22:25:00+00:00,189.9,206.36,1.0
2026-07-04 22:30:00+00:00,189.93,206.46,1.0
2026-07-04 22:35:00+00:00,189.93,206.45,1.0
2026-07-04 22:40:00+00:00,190.0,206.57,1.0
2026-07-04 22:45:00+00:00,190.05,206.55,1.0
2026-07-04 22:50:00+00:00,189.99,206.75,1.0
2026-07-04 22:55:00+00:00,190.0,206.86,1.0
2026-07-04 23:00:00+00:00,189.94,206.86,1.0
2026-07-04 23:05:00+00:00,189.98,206.78,1.0
2026-07-04 23:10:00+00:00,189.72,206.17,1.0
2026-07-04 23:15:00+00:00,189.79,206.29,1.0
2026-07-04 23:20:00+00:00,189.87,206.34,1.0
2026-07-04 23:25:00+00:00,189.92,206.59,1.0
2026-07-04 23:30:00+00:00,190.0,206.75,1.0
2026-07-04 23:35:00+00:00,190.0,206.69,1.0
2026-07-04 23:40:00+00:00,189.85,206.77,1.0
2026-07-04 23:45:00+00:00,189.81,206.68,1.0
2026-07-04 23:50:00+00:00,190.0,206.7,1.0
2026-07-04 23:55:00+00:00,189.79,206.6,1.0
2026-07-05 00:00:00+00:00,189.66,206.32,1.0
2026-07-05 00:05:00+00:00,189.63,206.29,1.0
2026-07-05 00:10:00+00:00,189.66,206.36,1.0
2026-07-05 00:15:00+00:00,189.7,206.46,1.0
2026-07-05 00:20:00+00:00,189.67,206.56,1.0
2026-07-05 00:25:00+00:00,189.98,206.83,1.0
2026-07-05 00:30:00+00:00,189.93,206.75,1.0
2026-07-05 00:35:00+00:00,190.08,207.21,1.0
2026-07-05 00:40:00+00:00,189.94,207.01,1.0
2026-07-05 00:45:00+00:00,189.84,206.92,1.0
2026-07-05 00:50:00+00:00,189.89,206.81,1.0
2026-07-05 00:55:00+00:00,189.83,206.79,1.0
2026-07-05 01:00:00+00:00,190.06,206.85,1.0
2026-07-05 01:05:00+00:00,189.78,206.76,1.0
2026-07-05 01:10:00+00:00,189.84,206.9,1.0
2026-07-05 01:15:00+00:00,189.66,206.72,1.0
2026-07-05 01:20:00+00:00,189.65,206.95,1.0
2026-07-05 01:25:00+00:00,189.77,207.11,1.0
2026-07-05 01:30:00+00:00,189.74,207.11,1.0
2026-07-05 01:35:00+00:00,189.84,207.0,1.0
2026-07-05 01:40:00+00:00,189.83,207.24,1.0
2026-07-05 01:45:00+00:00,189.82,207.22,1.0
2026-07-05 01:50:00+00:00,189.92,207.44,1.0
2026-07-05 01:55:00+00:00,189.9,207.52,1.0
2026-07-05 02:00:00+00:00,189.94,207.95,1.0
2026-07-05 02:05:00+00:00,189.91,207.82,1.0
2026-07-05 02:10:00+00:00,189.8,207.56,1.0
2026-07-05 02:15:00+00:00,189.93,207.9,1.0
2026-07-05 02:20:00+00:00,189.9,208.07,1.0
2026-07-05 02:25:00+00:00,189.94,208.39,1.0
2026-07-05 02:30:00+00:00,190.23,208.49,1.0
2026-07-05 02:35:00+00:00,190.17,208.41,1.0
2026-07-05 02:40:00+00:00,190.05,208.18,1.0
2026-07-05 02:45:00+00:00,189.92,207.9,1.0
2026-07-05 02:50:00+00:00,190.02,207.89,1.0
2026-07-05 02:55:00+00:00,190.04,207.73,1.0
2026-07-05 03:00:00+00:00,190.1,207.74,1.0
2026-07-05 03:05:00+00:00,190.19,207.65,1.0
2026-07-05 03:10:00+00:00,190.1,207.7,1.0
2026-07-05 03:15:00+00:00,190.11,207.69,1.0
2026-07-05 03:20:00+00:00,189.91,207.73,1.0
2026-07-05 03:25:00+00:00,189.78,207.79,1.0
2026-07-05 03:30:00+00:00,189.93,208.03,1.0
2026-07-05 03:35:00+00:00,190.08,208.17,1.0
2026-07-05 03:40:00+00:00,190.08,208.33,1.0
2026-07-05 03:45:00+00:00,190.13,208.31,1.0
2026-07-05 03:50:00+00:00,190.17,208.18,1.0
2026-07-05 03:55:00+00:00,190.13,208.22,1.0
2026-07-05 04:00:00+00:00,190.15,208.24,1.0
2026-07-05 04:05:00+00:00,190.4,208.21,1.0
2026-07-05 04:10:00+00:00,190.52,208.23,1.0
2026-07-05 04:15:00+00:00,190.61,208.19,1.0
2026-07-05 04:20:00+00:00,190.67,208.26,1.0
2026-07-05 04:25:00+00:00,190.67,208.26,1.0
2026-07-05 04:30:00+00:00,190.62,208.16,1.0
2026-07-05 04:35:00+00:00,190.68,208.29,1.0
2026-07-05 04:40:00+00:00,190.76,208.38,1.0
2026-07-05 04:45:00+00:00,190.77,208.3,1.0
2026-07-05 04:50:00+00:00,190.71,208.23,1.0
2026-07-05 04:55:00+00:00,190.83,208.21,1.0
2026-07-05 05:00:00+00:00,190.83,208.26,1.0
2026-07-05 05:05:00+00:00,190.59,208.03,1.0
2026-07-05 05:10:00+00:00,190.59,208.03,1.0
2026-07-05 05:15:00+00:00,190.68,208.03,1.0
2026-07-05 05:20:00+00:00,190.75,208.38,1.0
2026-07-05 05:25:00+00:00,190.85,208.52,1.0
2026-07-05 05:30:00+00:00,190.98,208.59,1.0
2026-07-05 05:35:00+00:00,190.83,208.33,1.0
2026-07-05 05:40:00+00:00,190.81,208.45,1.0
2026-07-05 05:45:00+00:00,190.86,208.36,1.0
2026-07-05 05:50:00+00:00,190.18,208.17,1.0
2026-07-05 05:55:00+00:00,190.25,208.18,1.0
2026-07-05 06:00:00+00:00,190.3,208.09,1.0
2026-07-05 06:05:00+00:00,190.3,207.95,1.0
2026-07-05 06:10:00+00:00,190.41,207.95,1.0
2026-07-05 06:15:00+00:00,190.49,208.3,1.0
2026-07-05 06:20:00+00:00,190.48,208.11,1.0
2026-07-05 06:25:00+00:00,190.27,207.87,1.0
2026-07-05 06:30:00+00:00,190.32,208.19,1.0
2026-07-05 06:35:00+00:00,190.29,208.02,1.0
2026-07-05 06:40:00+00:00,190.45,208.14,1.0
2026-07-05 06:45:00+00:00,190.61,208.18,1.0
2026-07-05 06:50:00+00:00,190.72,208.28,1.0
2026-07-05 06:55:00+00:00,190.77,208.32,1.0
2026-07-05 07:00:00+00:00,190.76,208.19,1.0
2026-07-05 07:05:00+00:00,190.71,208.15,1.0
2026-07-05 07:10:00+00:00,190.67,208.15,1.0
2026-07-05 07:15:00+00:00,190.66,207.89,1.0
2026-07-05 07:20:00+00:00,190.71,210.9,1.0
2026-07-05 07:25:00+00:00,190.82,210.19,1.0
2026-07-05 07:30:00+00:00,191.02,210.02,1.0
2026-07-05 07:35:00+00:00,190.94,209.92,1.0
2026-07-05 07:40:00+00:00,191.03,209.94,1.0
2026-07-05 07:45:00+00:00,191.04,209.8,1.0
2026-07-05 07:50:00+00:00,191.03,209.81,1.0
2026-07-05 07:55:00+00:00,190.85,209.56,1.0
2026-07-05 08:00:00+00:00,190.57,208.43,1.0
2026-07-05 08:05:00+00:00,190.54,208.38,1.0
2026-07-05 08:10:00+00:00,190.6,208.65,1.0
2026-07-05 08:15:00+00:00,190.89,208.68,1.0
2026-07-05 08:20:00+00:00,190.94,208.88,1.0
2026-07-05 08:25:00+00:00,190.94,209.14,1.0
2026-07-05 08:30:00+00:00,190.8,209.25,1.0
2026-07-05 08:35:00+00:00,190.28,208.94,1.0
2026-07-05 08:40:00+00:00,190.32,208.72,1.0
2026-07-05 08:45:00+00:00,190.5,208.7,1.0
2026-07-05 08:50:00+00:00,190.51,208.85,1.0
2026-07-05 08:55:00+00:00,190.43,208.59,1.0
2026-07-05 09:00:00+00:00,190.51,208.56,1.0
2026-07-05 09:05:00+00:00,190.21,208.65,1.0
2026-07-05 09:10:00+00:00,189.86,208.44,1.0
2026-07-05 09:15:00+00:00,189.72,208.34,1.0
2026-07-05 09:20:00+00:00,189.59,208.24,1.0
2026-07-05 09:25:00+00:00,189.21,208.1,1.0
2026-07-05 09:30:00+00:00,189.53,208.35,1.0
2026-07-05 09:35:00+00:00,189.47,208.31,1.0
2026-07-05 09:40:00+00:00,189.5,209.69,1.0
2026-07-05 09:45:00+00:00,189.72,209.54,1.0
2026-07-05 09:50:00+00:00,189.22,209.85,1.0
2026-07-05 09:55:00+00:00,189.29,209.53,1.0
2026-07-05 10:00:00+00:00,189.23,210.74,1.0
2026-07-05 10:05:00+00:00,189.14,209.82,1.0
2026-07-05 10:10:00+00:00,189.34,209.96,1.0
2026-07-05 10:15:00+00:00,189.39,210.16,1.0
2026-07-05 10:20:00+00:00,189.37,209.89,1.0
2026-07-05 10:25:00+00:00,189.3,209.6,1.0
2026-07-05 10:30:00+00:00,189.34,209.75,1.0
2026-07-05 10:35:00+00:00,189.43,210.44,1.0
2026-07-05 10:40:00+00:00,189.43,210.51,1.0
2026-07-05 10:45:00+00:00,189.94,210.78,1.0
2026-07-05 10:50:00+00:00,190.18,210.53,1.0
2026-07-05 10:55:00+00:00,189.99,210.41,1.0
2026-07-05 11:00:00+00:00,189.91,210.53,1.0
2026-07-05 11:05:00+00:00,189.95,211.29,1.0
2026-07-05 11:10:00+00:00,190.01,211.18,1.0
2026-07-05 11:15:00+00:00,189.87,211.04,1.0
2026-07-05 11:20:00+00:00,189.86,211.03,1.0
2026-07-05 11:25:00+00:00,189.83,211.0,1.0
2026-07-05 11:30:00+00:00,189.98,211.44,1.0
2026-07-05 11:35:00+00:00,189.99,211.5,1.0
2026-07-05 11:40:00+00:00,189.74,211.75,1.0
2026-07-05 11:45:00+00:00,189.68,211.95,1.0
2026-07-05 11:50:00+00:00,189.87,211.85,1.0
2026-07-05 11:55:00+00:00,190.01,212.04,1.0
2026-07-05 12:00:00+00:00,189.93,211.98,1.0
2026-07-05 12:05:00+00:00,189.9,211.83,1.0
2026-07-05 12:10:00+00:00,189.86,211.0,1.0
2026-07-05 12:15:00+00:00,189.92,212.14,1.0
2026-07-05 12:20:00+00:00,190.04,212.1,1.0
2026-07-05 12:25:00+00:00,190.06,212.08,1.0
2026-07-05 12:30:00+00:00,189.95,211.64,1.0
2026-07-05 12:35:00+00:00,190.04,211.98,1.0
2026-07-05 12:40:00+00:00,190.1,211.99,1.0
2026-07-05 12:45:00+00:00,190.18,211.92,1.0
2026-07-05 12:50:00+00:00,190.33,211.72,1.0
2026-07-05 12:55:00+00:00,190.33,211.8,1.0
2026-07-05 13:00:00+00:00,190.36,211.65,1.0
2026-07-05 13:05:00+00:00,190.17,211.41,1.0
2026-07-05 13:10:00+00:00,190.41,211.63,1.0
2026-07-05 13:15:00+00:00,190.53,211.85,1.0
2026-07-05 13:20:00+00:00,190.49,211.84,1.0
2026-07-05 13:25:00+00:00,190.54,211.63,1.0
2026-07-05 13:30:00+00:00,190.73,211.63,1.0
2026-07-05 13:35:00+00:00,190.73,211.72,1.0
2026-07-05 13:40:00+00:00,190.65,211.72,1.0
2026-07-05 13:45:00+00:00,190.67,211.68,1.0
2026-07-05 13:50:00+00:00,190.67,210.88,1.0
2026-07-05 13:55:00+00:00,190.58,210.86,1.0
2026-07-05 14:00:00+00:00,190.48,210.26,1.0
2026-07-05 14:05:00+00:00,190.59,210.89,1.0
2026-07-05 14:10:00+00:00,190.66,210.84,1.0
2026-07-05 14:15:00+00:00,190.78,210.6,1.0
2026-07-05 14:20:00+00:00,190.74,211.01,1.0
2026-07-05 14:25:00+00:00,190.71,210.78,1.0
2026-07-05 14:30:00+00:00,190.52,210.54,1.0
2026-07-05 14:35:00+00:00,190.43,210.26,1.0
2026-07-05 14:40:00+00:00,190.49,210.15,1.0
2026-07-05 14:45:00+00:00,190.36,209.75,1.0
2026-07-05 14:50:00+00:00,190.3,210.11,1.0
2026-07-05 14:55:00+00:00,190.35,210.26,1.0
2026-07-05 15:00:00+00:00,190.34,210.24,1.0
2026-07-05 15:05:00+00:00,190.35,210.14,1.0
2026-07-05 15:10:00+00:00,190.36,210.4,1.0
2026-07-05 15:15:00+00:00,190.3,210.55,1.0
2026-07-05 15:20:00+00:00,190.27,210.53,1.0
2026-07-05 15:25:00+00:00,190.19,210.34,1.0
2026-07-05 15:30:00+00:00,190.04,210.23,1.0
2026-07-05 15:35:00+00:00,189.8,210.35,1.0
2026-07-05 15:40:00+00:00,189.46,210.47,1.0
2026-07-05 15:45:00+00:00,189.54,210.59,1.0
2026-07-05 15:50:00+00:00,189.53,210.68,1.0
2026-07-05 15:55:00+00:00,190.07,210.96,1.0
2026-07-05 16:00:00+00:00,190.1,210.85,1.0
2026-07-05 16:05:00+00:00,190.15,210.44,1.0
2026-07-05 16:10:00+00:00,190.06,210.07,1.0
2026-07-05 16:15:00+00:00,189.89,210.13,1.0
2026-07-05 16:20:00+00:00,189.55,210.1,1.0
2026-07-05 16:25:00+00:00,189.52,210.26,1.0
2026-07-05 16:30:00+00:00,189.92,210.47,1.0
2026-07-05 16:35:00+00:00,190.06,210.64,1.0
2026-07-05 16:40:00+00:00,190.06,210.55,1.0
2026-07-05 16:45:00+00:00,190.12,210.47,1.0
2026-07-05 16:50:00+00:00,190.12,209.99,1.0
2026-07-05 16:55:00+00:00,190.05,209.96,1.0
2026-07-05 17:00:00+00:00,190.05,209.8,1.0
2026-07-05 17:05:00+00:00,190.06,209.88,1.0
2026-07-05 17:10:00+00:00,189.98,209.51,1.0
2026-07-05 17:15:00+00:00,189.96,209.57,1.0
2026-07-05 17:20:00+00:00,190.09,209.78,1.0
2026-07-05 17:25:00+00:00,189.98,209.47,1.0
2026-07-05 17:30:00+00:00,189.92,209.18,1.0
2026-07-05 17:35:00+00:00,189.97,209.34,1.0
2026-07-05 17:40:00+00:00,189.98,209.34,1.0
2026-07-05 17:45:00+00:00,190.01,209.33,1.0
2026-07-05 17:50:00+00:00,190.02,209.28,1.0
2026-07-05 17:55:00+00:00,190.23,209.52,1.0
2026-07-05 18:00:00+00:00,190.32,209.68,1.0
2026-07-05 18:05:00+00:00,190.2,209.6,1.0
2026-07-05 18:10:00+00:00,190.16,209.77,1.0
2026-07-05 18:15:00+00:00,190.18,209.74,1.0
2026-07-05 18:20:00+00:00,190.25,209.82,1.0
2026-07-05 18:25:00+00:00,190.22,209.83,1.0
2026-07-05 18:30:00+00:00,190.22,209.9,1.0
2026-07-05 18:35:00+00:00,190.27,210.01,1.0
2026-07-05 18:40:00+00:00,190.26,210.25,1.0
2026-07-05 18:45:00+00:00,190.26,210.38,1.0
2026-07-05 18:50:00+00:00,190.29,209.67,1.0
2026-07-05 18:55:00+00:00,190.34,209.93,1.0
2026-07-05 19:00:00+00:00,190.31,210.01,1.0
2026-07-05 19:05:00+00:00,190.27,210.02,1.0
2026-07-05 19:10:00+00:00,190.24,209.98,1.0
2026-07-05 19:15:00+00:00,190.24,209.98,1.0
2026-07-05 19:20:00+00:00,190.3,210.14,1.0
2026-07-05 19:25:00+00:00,190.36,209.95,1.0
2026-07-05 19:30:00+00:00,190.37,210.08,1.0
2026-07-05 19:35:00+00:00,190.39,210.24,1.0
2026-07-05 19:40:00+00:00,190.39,210.28,1.0
2026-07-05 19:45:00+00:00,190.47,210.61,1.0
2026-07-05 19:50:00+00:00,190.44,210.56,1.0
2026-07-05 19:55:00+00:00,190.49,210.63,1.0
2026-07-05 20:00:00+00:00,190.41,210.62,1.0
2026-07-05 20:05:00+00:00,190.44,210.09,1.0
2026-07-05 20:10:00+00:00,190.43,210.32,1.0
2026-07-05 20:15:00+00:00,190.42,210.21,1.0
2026-07-05 20:20:00+00:00,190.44,210.22,1.0
2026-07-05 20:25:00+00:00,190.33,210.15,1.0
2026-07-05 20:30:00+00:00,190.35,209.77,1.0
2026-07-05 20:35:00+00:00,190.36,209.94,1.0
2026-07-05 20:40:00+00:00,190.42,210.03,1.0
2026-07-05 20:45:00+00:00,190.29,209.87,1.0
2026-07-05 20:50:00+00:00,190.14,209.51,1.0
2026-07-05 20:55:00+00:00,190.32,209.53,1.0
2026-07-05 21:00:00+00:00,190.38,209.41,1.0
2026-07-05 21:05:00+00:00,190.19,209.25,1.0
2026-07-05 21:10:00+00:00,189.96,208.66,1.0
2026-07-05 21:15:00+00:00,190.08,209.08,1.0
2026-07-05 21:20:00+00:00,189.96,208.91,1.0
2026-07-05 21:25:00+00:00,190.0,208.99,1.0
2026-07-05 21:30:00+00:00,190.11,209.02,1.0
2026-07-05 21:35:00+00:00,190.16,209.13,1.0
2026-07-05 21:40:00+00:00,190.32,208.96,1.0
2026-07-05 21:45:00+00:00,190.26,209.08,1.0
2026-07-05 21:50:00+00:00,190.32,209.35,1.0
2026-07-05 21:55:00+00:00,190.31,209.72,1.0
2026-07-05 22:00:00+00:00,190.07,209.38,1.0
2026-07-05 22:05:00+00:00,190.23,208.94,1.0
2026-07-05 22:10:00+00:00,190.32,209.44,1.0
2026-07-05 22:15:00+00:00,190.6,209.8,1.0
2026-07-05 22:20:00+00:00,190.79,209.93,1.0
2026-07-05 22:25:00+00:00,191.0,210.0,1.0
2026-07-05 22:30:00+00:00,191.14,209.97,1.0
2026-07-05 22:35:00+00:00,190.93,209.87,1.0
2026-07-05 22:40:00+00:00,190.81,209.78,1.0
2026-07-05 22:45:00+00:00,190.79,209.63,1.0
2026-07-05 22:50:00+00:00,190.84,209.54,1.0
2026-07-05 22:55:00+00:00,190.76,208.0,1.0
2026-07-05 23:00:00+00:00,191.76,211.19,1.0
2026-07-05 23:05:00+00:00,191.63,211.21,1.0
2026-07-05 23:10:00+00:00,191.82,211.14,1.0
2026-07-05 23:15:00+00:00,191.8,211.77,1.0
2026-07-05 23:20:00+00:00,191.41,211.69,1.0
2026-07-05 23:25:00+00:00,191.24,211.88,1.0
2026-07-05 23:30:00+00:00,191.02,210.41,1.0
2026-07-05 23:35:00+00:00,190.1,210.22,1.0
2026-07-05 23:40:00+00:00,189.91,209.87,1.0
2026-07-05 23:45:00+00:00,190.89,209.75,1.0
2026-07-05 23:50:00+00:00,191.09,209.87,1.0
2026-07-05 23:55:00+00:00,191.02,210.46,1.0
2026-07-06 00:00:00+00:00,192.2,209.72,1.0
2026-07-06 00:05:00+00:00,193.45,210.5,1.0
2026-07-06 00:10:00+00:00,194.56,211.11,1.0
2026-07-06 00:15:00+00:00,194.89,211.23,1.0
2026-07-06 00:20:00+00:00,194.52,209.48,1.0
2026-07-06 00:25:00+00:00,192.86,207.43,1.0
2026-07-06 00:30:00+00:00,194.22,210.09,1.0
2026-07-06 00:35:00+00:00,194.32,210.74,1.0
2026-07-06 00:40:00+00:00,195.2,211.58,1.0
2026-07-06 00:45:00+00:00,195.6,211.29,1.0
2026-07-06 00:50:00+00:00,194.48,209.86,1.0
2026-07-06 00:55:00+00:00,194.22,209.74,1.0
2026-07-06 01:00:00+00:00,193.49,208.9,1.0
2026-07-06 01:05:00+00:00,193.87,209.25,1.0
2026-07-06 01:10:00+00:00,193.51,208.81,1.0
2026-07-06 01:15:00+00:00,194.29,209.63,1.0
2026-07-06 01:20:00+00:00,193.06,207.86,1.0
2026-07-06 01:25:00+00:00,192.63,207.45,1.0
2026-07-06 01:30:00+00:00,193.31,208.45,1.0
2026-07-06 01:35:00+00:00,192.62,206.29,1.0
2026-07-06 01:40:00+00:00,192.16,205.83,1.0
2026-07-06 01:45:00+00:00,190.56,204.43,1.0
2026-07-06 01:50:00+00:00,189.11,202.77,1.0
2026-07-06 01:55:00+00:00,190.19,205.18,1.0
2026-07-06 02:00:00+00:00,191.09,205.98,1.0
2026-07-06 02:05:00+00:00,189.51,204.41,1.0
2026-07-06 02:10:00+00:00,188.1,202.28,1.0
2026-07-06 02:15:00+00:00,188.4,202.71,1.0
2026-07-06 02:20:00+00:00,188.43,202.93,1.0
2026-07-06 02:25:00+00:00,186.79,199.73,1.0
2026-07-06 02:30:00+00:00,187.3,201.06,1.0
2026-07-06 02:35:00+00:00,186.93,200.8,1.0
2026-07-06 02:40:00+00:00,185.92,199.22,1.0
2026-07-06 02:45:00+00:00,185.76,199.36,1.0
2026-07-06 02:50:00+00:00,187.06,201.07,1.0
2026-07-06 02:55:00+00:00,187.41,201.84,1.0
2026-07-06 03:00:00+00:00,188.13,202.42,1.0
2026-07-06 03:05:00+00:00,188.02,202.56,1.0
2026-07-06 03:10:00+00:00,188.3,202.22,1.0
2026-07-06 03:15:00+00:00,187.88,201.83,1.0
2026-07-06 03:20:00+00:00,188.02,201.82,1.0
2026-07-06 03:25:00+00:00,188.73,203.16,1.0
2026-07-06 03:30:00+00:00,188.86,203.39,1.0
2026-07-06 03:35:00+00:00,188.9,203.8,1.0
2026-07-06 03:40:00+00:00,188.06,202.52,1.0
2026-07-06 03:45:00+00:00,187.82,202.43,1.0
2026-07-06 03:50:00+00:00,187.55,202.34,1.0
2026-07-06 03:55:00+00:00,188.14,203.3,1.0
2026-07-06 04:00:00+00:00,187.68,202.93,1.0
2026-07-06 04:05:00+00:00,186.96,202.19,1.0
2026-07-06 04:10:00+00:00,188.56,204.42,1.0
2026-07-06 04:15:00+00:00,188.81,204.7,1.0
2026-07-06 04:20:00+00:00,188.89,204.34,1.0
2026-07-06 04:25:00+00:00,189.01,204.59,1.0
2026-07-06 04:30:00+00:00,189.62,205.57,1.0
2026-07-06 04:35:00+00:00,189.95,205.41,1.0
2026-07-06 04:40:00+00:00,190.62,206.42,1.0
2026-07-06 04:45:00+00:00,189.99,205.31,1.0
2026-07-06 04:50:00+00:00,190.69,206.48,1.0
2026-07-06 04:55:00+00:00,190.66,206.55,1.0
2026-07-06 05:00:00+00:00,189.32,205.07,1.0
2026-07-06 05:05:00+00:00,190.09,206.53,1.0
2026-07-06 05:10:00+00:00,190.36,207.12,1.0
2026-07-06 05:15:00+00:00,190.43,207.54,1.0
2026-07-06 05:20:00+00:00,189.49,206.23,1.0
2026-07-06 05:25:00+00:00,188.8,205.41,1.0
2026-07-06 05:30:00+00:00,188.27,203.64,1.0
2026-07-06 05:35:00+00:00,188.88,204.66,1.0
2026-07-06 05:40:00+00:00,189.11,204.7,1.0
2026-07-06 05:45:00+00:00,188.34,203.52,1.0
2026-07-06 05:50:00+00:00,190.34,205.93,1.0
2026-07-06 05:55:00+00:00,190.08,205.83,1.0
2026-07-06 06:00:00+00:00,190.71,206.41,1.0
2026-07-06 06:05:00+00:00,190.12,205.81,1.0
2026-07-06 06:10:00+00:00,189.98,205.76,1.0
2026-07-06 06:15:00+00:00,190.12,206.38,1.0
2026-07-06 06:20:00+00:00,189.96,207.16,1.0
2026-07-06 06:25:00+00:00,190.52,207.59,1.0
2026-07-06 06:30:00+00:00,190.67,207.58,1.0
2026-07-06 06:35:00+00:00,190.56,207.24,1.0
2026-07-06 06:40:00+00:00,190.26,206.98,1.0
2026-07-06 06:45:00+00:00,190.21,207.2,1.0
2026-07-06 06:50:00+00:00,190.18,207.29,1.0
2026-07-06 06:55:00+00:00,190.2,207.7,1.0
2026-07-06 07:00:00+00:00,190.24,207.75,1.0
2026-07-06 07:05:00+00:00,190.3,208.33,1.0
2026-07-06 07:10:00+00:00,190.64,208.08,1.0
2026-07-06 07:15:00+00:00,190.71,208.05,1.0
2026-07-06 07:20:00+00:00,190.44,207.67,1.0
2026-07-06 07:25:00+00:00,190.6,207.2,1.0
2026-07-06 07:30:00+00:00,190.94,207.65,1.0
2026-07-06 07:35:00+00:00,190.71,207.71,1.0
2026-07-06 07:40:00+00:00,190.95,207.96,1.0
2026-07-06 07:45:00+00:00,190.95,208.4,1.0
2026-07-06 07:50:00+00:00,190.81,208.1,1.0
2026-07-06 07:55:00+00:00,190.61,207.65,1.0
2026-07-06 08:00:00+00:00,190.65,208.45,1.0
2026-07-06 08:05:00+00:00,191.08,208.39,1.0
2026-07-06 08:10:00+00:00,190.51,207.97,1.0
2026-07-06 08:15:00+00:00,190.63,207.93,1.0
2026-07-06 08:20:00+00:00,190.44,208.11,1.0
2026-07-06 08:25:00+00:00,190.42,208.14,1.0
2026-07-06 08:30:00+00:00,190.06,207.83,1.0
2026-07-06 08:35:00+00:00,190.13,207.96,1.0
2026-07-06 08:40:00+00:00,190.18,207.96,1.0
2026-07-06 08:45:00+00:00,190.08,207.99,1.0
2026-07-06 08:50:00+00:00,190.07,207.86,1.0
2026-07-06 08:55:00+00:00,190.19,207.98,1.0
2026-07-06 09:00:00+00:00,189.86,207.97,1.0
2026-07-06 09:05:00+00:00,190.08,208.01,1.0
2026-07-06 09:10:00+00:00,189.84,207.93,1.0
2026-07-06 09:15:00+00:00,189.87,207.89,1.0
2026-07-06 09:20:00+00:00,189.92,207.93,1.0
2026-07-06 09:25:00+00:00,190.05,207.9,1.0
2026-07-06 09:30:00+00:00,189.7,207.43,1.0
2026-07-06 09:35:00+00:00,189.66,207.57,1.0
2026-07-06 09:40:00+00:00,189.67,207.62,1.0
2026-07-06 09:45:00+00:00,189.63,207.6,1.0
2026-07-06 09:50:00+00:00,189.93,207.93,1.0
2026-07-06 09:55:00+00:00,189.8,207.77,1.0
2026-07-06 10:00:00+00:00,189.89,207.94,1.0
2026-07-06 10:05:00+00:00,189.85,207.9,1.0
2026-07-06 10:10:00+00:00,190.14,208.32,1.0
2026-07-06 10:15:00+00:00,190.19,208.31,1.0
2026-07-06 10:20:00+00:00,190.02,208.54,1.0
2026-07-06 10:25:00+00:00,190.08,208.31,1.0
2026-07-06 10:30:00+00:00,190.2,208.65,1.0
2026-07-06 10:35:00+00:00,190.36,208.63,1.0
2026-07-06 10:40:00+00:00,190.02,207.95,1.0
2026-07-06 10:45:00+00:00,190.03,207.92,1.0
2026-07-06 10:50:00+00:00,189.96,207.96,1.0
2026-07-06 10:55:00+00:00,190.37,208.51,1.0
2026-07-06 11:00:00+00:00,189.72,207.44,1.0
2026-07-06 11:05:00+00:00,189.82,207.42,1.0
2026-07-06 11:10:00+00:00,189.85,207.38,1.0
2026-07-06 11:15:00+00:00,189.96,207.95,1.0
2026-07-06 11:20:00+00:00,189.82,207.86,1.0
2026-07-06 11:25:00+00:00,189.93,208.19,1.0
2026-07-06 11:30:00+00:00,190.21,207.84,1.0
2026-07-06 11:35:00+00:00,189.8,207.55,1.0
2026-07-06 11:40:00+00:00,190.0,207.67,1.0
2026-07-06 11:45:00+00:00,190.22,207.64,1.0
2026-07-06 11:50:00+00:00,190.26,207.71,1.0
2026-07-06 11:55:00+00:00,189.96,207.56,1.0
2026-07-06 12:00:00+00:00,190.21,207.29,1.0
2026-07-06 12:05:00+00:00,190.23,208.05,1.0
2026-07-06 12:10:00+00:00,190.4,208.06,1.0
2026-07-06 12:15:00+00:00,190.42,207.78,1.0
2026-07-06 12:20:00+00:00,189.66,207.27,1.0
2026-07-06 12:25:00+00:00,189.79,207.44,1.0
2026-07-06 12:30:00+00:00,189.53,207.22,1.0
2026-07-06 12:35:00+00:00,189.72,207.58,1.0
2026-07-06 12:40:00+00:00,189.72,207.43,1.0
2026-07-06 12:45:00+00:00,189.8,207.57,1.0
2026-07-06 12:50:00+00:00,190.02,207.94,1.0
2026-07-06 12:55:00+00:00,190.1,207.84,1.0
2026-07-06 13:00:00+00:00,190.04,207.43,1.0
2026-07-06 13:05:00+00:00,190.12,207.54,1.0
2026-07-06 13:10:00+00:00,189.72,206.89,1.0
2026-07-06 13:15:00+00:00,189.74,206.61,1.0
2026-07-06 13:20:00+00:00,189.75,206.91,1.0
2026-07-06 13:25:00+00:00,189.95,206.88,1.0
2026-07-06 13:30:00+00:00,190.36,207.4,1.0
2026-07-06 13:35:00+00:00,190.39,207.38,1.0
2026-07-06 13:40:00+00:00,191.38,208.8,1.0
2026-07-06 13:45:00+00:00,191.42,208.29,1.0
2026-07-06 13:50:00+00:00,191.28,208.49,1.0
2026-07-06 13:55:00+00:00,190.43,208.07,1.0
2026-07-06 14:00:00+00:00,190.3,207.98,1.0
2026-07-06 14:05:00+00:00,190.9,208.4,1.0
2026-07-06 14:10:00+00:00,191.79,209.34,1.0
2026-07-06 14:15:00+00:00,191.54,209.48,1.0
2026-07-06 14:20:00+00:00,191.38,209.4,1.0
2026-07-06 14:25:00+00:00,191.11,209.07,1.0
2026-07-06 14:30:00+00:00,191.53,208.99,1.0
2026-07-06 14:35:00+00:00,191.08,208.37,1.0
2026-07-06 14:40:00+00:00,191.3,208.69,1.0
2026-07-06 14:45:00+00:00,190.92,208.11,1.0
2026-07-06 14:50:00+00:00,190.72,207.94,1.0
2026-07-06 14:55:00+00:00,190.72,208.22,1.0
2026-07-06 15:00:00+00:00,190.81,207.64,1.0
2026-07-06 15:05:00+00:00,190.51,207.42,1.0
2026-07-06 15:10:00+00:00,189.85,207.0,1.0
2026-07-06 15:15:00+00:00,189.81,207.05,1.0
2026-07-06 15:20:00+00:00,190.21,207.43,1.0
2026-07-06 15:25:00+00:00,190.96,207.9,1.0
2026-07-06 15:30:00+00:00,191.06,207.91,1.0
2026-07-06 15:35:00+00:00,190.94,207.39,1.0
2026-07-06 15:40:00+00:00,191.16,207.5,1.0
2026-07-06 15:45:00+00:00,191.36,207.34,1.0
2026-07-06 15:50:00+00:00,191.19,207.36,1.0
2026-07-06 15:55:00+00:00,191.53,207.8,1.0
2026-07-06 16:00:00+00:00,191.3,208.02,1.0
2026-07-06 16:05:00+00:00,191.92,208.72,1.0
2026-07-06 16:10:00+00:00,191.83,209.02,1.0
2026-07-06 16:15:00+00:00,192.23,209.64,1.0
2026-07-06 16:20:00+00:00,191.99,209.66,1.0
2026-07-06 16:25:00+00:00,191.82,209.69,1.0
2026-07-06 16:30:00+00:00,191.7,209.75,1.0
2026-07-06 16:35:00+00:00,191.61,209.54,1.0
2026-07-06 16:40:00+00:00,191.71,210.03,1.0
2026-07-06 16:45:00+00:00,191.83,210.23,1.0
2026-07-06 16:50:00+00:00,191.5,210.07,1.0
2026-07-06 16:55:00+00:00,191.23,209.62,1.0
2026-07-06 17:00:00+00:00,191.03,209.48,1.0
2026-07-06 17:05:00+00:00,191.49,210.08,1.0
2026-07-06 17:10:00+00:00,191.43,210.52,1.0
2026-07-06 17:15:00+00:00,191.1,210.57,1.0
2026-07-06 17:20:00+00:00,190.89,210.36,1.0
2026-07-06 17:25:00+00:00,190.53,209.62,1.0
2026-07-06 17:30:00+00:00,190.35,209.11,1.0
2026-07-06 17:35:00+00:00,190.35,208.53,1.0
2026-07-06 17:40:00+00:00,189.81,208.06,1.0
2026-07-06 17:45:00+00:00,190.37,209.28,1.0
2026-07-06 17:50:00+00:00,190.14,208.89,1.0
2026-07-06 17:55:00+00:00,189.79,207.69,1.0
2026-07-06 18:00:00+00:00,190.1,208.43,1.0
2026-07-06 18:05:00+00:00,190.46,208.7,1.0
2026-07-06 18:10:00+00:00,190.23,208.3,1.0
2026-07-06 18:15:00+00:00,190.68,208.85,1.0
2026-07-06 18:20:00+00:00,190.51,209.07,1.0
2026-07-06 18:25:00+00:00,190.23,208.76,1.0
2026-07-06 18:30:00+00:00,190.04,208.17,1.0
2026-07-06 18:35:00+00:00,190.07,207.96,1.0
2026-07-06 18:40:00+00:00,190.26,208.21,1.0
2026-07-06 18:45:00+00:00,190.16,208.11,1.0
2026-07-06 18:50:00+00:00,189.94,207.71,1.0
2026-07-06 18:55:00+00:00,190.09,208.4,1.0
2026-07-06 19:00:00+00:00,190.02,207.91,1.0
2026-07-06 19:05:00+00:00,190.35,208.42,1.0
2026-07-06 19:10:00+00:00,190.47,208.86,1.0
2026-07-06 19:15:00+00:00,190.61,208.92,1.0
2026-07-06 19:20:00+00:00,190.86,209.77,1.0
2026-07-06 19:25:00+00:00,190.73,210.08,1.0
2026-07-06 19:30:00+00:00,190.64,209.53,1.0
2026-07-06 19:35:00+00:00,190.55,209.78,1.0
2026-07-06 19:40:00+00:00,190.9,209.5,1.0
2026-07-06 19:45:00+00:00,190.93,209.94,1.0
2026-07-06 19:50:00+00:00,190.56,209.29,1.0
2026-07-06 19:55:00+00:00,190.07,209.01,1.0
2026-07-06 20:00:00+00:00,190.39,212.4,1.0
2026-07-06 20:05:00+00:00,190.33,215.55,1.0
2026-07-06 20:10:00+00:00,190.35,216.13,1.0
2026-07-06 20:15:00+00:00,190.38,213.61,1.0
2026-07-06 20:20:00+00:00,190.42,213.51,1.0
2026-07-06 20:25:00+00:00,190.42,213.47,1.0
2026-07-06 20:30:00+00:00,190.47,213.55,1.0
2026-07-06 20:35:00+00:00,190.52,213.48,1.0
2026-07-06 20:40:00+00:00,190.6,214.04,1.0
2026-07-06 20:45:00+00:00,190.89,215.01,1.0
2026-07-06 20:50:00+00:00,190.79,214.75,1.0
2026-07-06 20:55:00+00:00,190.84,214.05,1.0
2026-07-06 21:00:00+00:00,190.82,213.2,1.0
2026-07-06 21:05:00+00:00,191.46,213.94,1.0
2026-07-06 21:10:00+00:00,190.87,214.22,1.0
2026-07-06 21:15:00+00:00,191.27,213.61,1.0
2026-07-06 21:20:00+00:00,191.21,213.79,1.0
2026-07-06 21:25:00+00:00,190.97,214.1,1.0
2026-07-06 21:30:00+00:00,191.05,214.05,1.0
2026-07-06 21:35:00+00:00,191.24,214.47,1.0
2026-07-06 21:40:00+00:00,191.35,214.5,1.0
2026-07-06 21:45:00+00:00,191.53,214.95,1.0
2026-07-06 21:50:00+00:00,191.66,214.39,1.0
2026-07-06 21:55:00+00:00,191.86,214.06,1.0
2026-07-06 22:00:00+00:00,191.69,214.37,1.0
2026-07-06 22:05:00+00:00,191.7,215.59,1.0
2026-07-06 22:10:00+00:00,191.73,214.91,1.0
2026-07-06 22:15:00+00:00,191.98,214.61,1.0
2026-07-06 22:20:00+00:00,191.9,214.37,1.0
2026-07-06 22:25:00+00:00,191.73,213.67,1.0
2026-07-06 22:30:00+00:00,191.64,212.14,1.0
2026-07-06 22:35:00+00:00,191.92,210.58,1.0
2026-07-06 22:40:00+00:00,189.66,205.53,1.0
2026-07-06 22:45:00+00:00,188.4,206.3,1.0
2026-07-06 22:50:00+00:00,187.6,203.26,1.0
2026-07-06 22:55:00+00:00,187.28,203.81,1.0
2026-07-06 23:00:00+00:00,187.88,204.27,1.0
2026-07-06 23:05:00+00:00,188.34,204.62,1.0
2026-07-06 23:10:00+00:00,188.27,203.2,1.0
2026-07-06 23:15:00+00:00,188.28,203.28,1.0
2026-07-06 23:20:00+00:00,188.26,202.93,1.0
2026-07-06 23:25:00+00:00,188.51,204.45,1.0
2026-07-06 23:30:00+00:00,188.26,204.04,1.0
2026-07-06 23:35:00+00:00,187.25,201.78,1.0
2026-07-06 23:40:00+00:00,187.3,201.21,1.0
2026-07-06 23:45:00+00:00,186.55,200.75,1.0
2026-07-06 23:50:00+00:00,186.92,201.97,1.0
2026-07-06 23:55:00+00:00,187.19,201.49,1.0
2026-07-07 00:00:00+00:00,187.13,200.58,1.0
2026-07-07 00:05:00+00:00,186.11,198.96,1.0
2026-07-07 00:10:00+00:00,184.17,195.92,1.0
2026-07-07 00:15:00+00:00,185.97,198.61,1.0
2026-07-07 00:20:00+00:00,185.99,197.6,1.0
2026-07-07 00:25:00+00:00,185.32,197.25,1.0
2026-07-07 00:30:00+00:00,184.67,196.93,1.0
2026-07-07 00:35:00+00:00,183.75,196.27,1.0
2026-07-07 00:40:00+00:00,183.77,196.07,1.0
2026-07-07 00:45:00+00:00,184.37,197.55,1.0
2026-07-07 00:50:00+00:00,184.7,197.59,1.0
2026-07-07 00:55:00+00:00,183.78,196.17,1.0
2026-07-07 01:00:00+00:00,183.94,196.67,1.0
2026-07-07 01:05:00+00:00,184.55,197.69,1.0
2026-07-07 01:10:00+00:00,183.75,196.84,1.0
2026-07-07 01:15:00+00:00,183.29,196.22,1.0
2026-07-07 01:20:00+00:00,183.12,195.97,1.0
2026-07-07 01:25:00+00:00,181.82,193.94,1.0
2026-07-07 01:30:00+00:00,181.92,194.91,1.0
2026-07-07 01:35:00+00:00,182.49,195.34,1.0
2026-07-07 01:40:00+00:00,184.18,198.06,1.0
2026-07-07 01:45:00+00:00,184.94,198.96,1.0
2026-07-07 01:50:00+00:00,184.86,198.15,1.0
2026-07-07 01:55:00+00:00,183.18,195.5,1.0
2026-07-07 02:00:00+00:00,182.92,194.91,1.0
2026-07-07 02:05:00+00:00,183.03,195.42,1.0
2026-07-07 02:10:00+00:00,182.63,194.96,1.0
2026-07-07 02:15:00+00:00,182.34,194.17,1.0
2026-07-07 02:20:00+00:00,181.8,193.48,1.0
2026-07-07 02:25:00+00:00,181.59,193.26,1.0
2026-07-07 02:30:00+00:00,181.14,192.42,1.0
2026-07-07 02:35:00+00:00,181.72,193.39,1.0
2026-07-07 02:40:00+00:00,181.42,192.85,1.0
2026-07-07 02:45:00+00:00,180.95,192.01,1.0
2026-07-07 02:50:00+00:00,180.97,192.78,1.0
2026-07-07 02:55:00+00:00,180.99,192.89,1.0
2026-07-07 03:00:00+00:00,181.77,193.88,1.0
2026-07-07 03:05:00+00:00,182.0,194.05,1.0
2026-07-07 03:10:00+00:00,181.73,193.74,1.0
2026-07-07 03:15:00+00:00,180.8,192.6,1.0
2026-07-07 03:20:00+00:00,180.47,191.95,1.0
2026-07-07 03:25:00+00:00,179.87,191.41,1.0
2026-07-07 03:30:00+00:00,180.28,192.86,1.0
2026-07-07 03:35:00+00:00,180.38,192.6,1.0
2026-07-07 03:40:00+00:00,180.06,192.31,1.0
2026-07-07 03:45:00+00:00,179.73,191.44,1.0
2026-07-07 03:50:00+00:00,179.22,190.66,1.0
2026-07-07 03:55:00+00:00,179.62,191.41,1.0
2026-07-07 04:00:00+00:00,179.98,192.16,1.0
2026-07-07 04:05:00+00:00,179.56,191.54,1.0
2026-07-07 04:10:00+00:00,179.34,191.43,1.0
2026-07-07 04:15:00+00:00,178.94,190.69,1.0
2026-07-07 04:20:00+00:00,178.82,190.73,1.0
2026-07-07 04:25:00+00:00,178.91,190.87,1.0
2026-07-07 04:30:00+00:00,178.87,190.6,1.0
2026-07-07 04:35:00+00:00,178.83,190.46,1.0
2026-07-07 04:40:00+00:00,178.49,189.88,1.0
2026-07-07 04:45:00+00:00,178.04,189.16,1.0
2026-07-07 04:50:00+00:00,177.98,189.17,1.0
2026-07-07 04:55:00+00:00,178.38,190.04,1.0
2026-07-07 05:00:00+00:00,177.83,188.87,1.0
2026-07-07 05:05:00+00:00,177.73,189.13,1.0
2026-07-07 05:10:00+00:00,177.57,189.21,1.0
2026-07-07 05:15:00+00:00,177.86,189.22,1.0
2026-07-07 05:20:00+00:00,178.33,189.99,1.0
2026-07-07 05:25:00+00:00,179.22,192.68,1.0
2026-07-07 05:30:00+00:00,179.32,192.52,1.0
2026-07-07 05:35:00+00:00,180.6,193.79,1.0
2026-07-07 05:40:00+00:00,181.52,194.65,1.0
2026-07-07 05:45:00+00:00,181.18,193.95,1.0
2026-07-07 05:50:00+00:00,182.18,196.12,1.0
2026-07-07 05:55:00+00:00,182.32,196.12,1.0
2026-07-07 06:00:00+00:00,182.64,195.91,1.0
2026-07-07 06:05:00+00:00,181.48,193.87,1.0
2026-07-07 06:10:00+00:00,181.29,193.32,1.0
2026-07-07 06:15:00+00:00,181.65,192.7,1.0
2026-07-07 06:20:00+00:00,182.78,193.16,1.0
2026-07-07 06:25:00+00:00,182.81,194.81,1.0
2026-07-07 06:30:00+00:00,183.99,195.4,1.0
2026-07-07 06:35:00+00:00,183.62,194.78,1.0
2026-07-07 06:40:00+00:00,183.86,195.85,1.0
2026-07-07 06:45:00+00:00,183.67,194.8,1.0
2026-07-07 06:50:00+00:00,183.78,195.94,1.0
2026-07-07 06:55:00+00:00,183.83,195.37,1.0
2026-07-07 07:00:00+00:00,183.86,195.06,1.0
2026-07-07 07:05:00+00:00,183.75,194.79,1.0
2026-07-07 07:10:00+00:00,183.63,194.62,1.0
2026-07-07 07:15:00+00:00,184.0,194.74,1.0
2026-07-07 07:20:00+00:00,183.63,194.64,1.0
2026-07-07 07:25:00+00:00,183.57,194.27,1.0
2026-07-07 07:30:00+00:00,183.51,193.83,1.0
2026-07-07 07:35:00+00:00,183.49,193.84,1.0
2026-07-07 07:40:00+00:00,183.51,193.68,1.0
2026-07-07 07:45:00+00:00,183.76,194.05,1.0
2026-07-07 07:50:00+00:00,183.3,193.3,1.0
2026-07-07 07:55:00+00:00,183.11,192.57,1.0
2026-07-07 08:00:00+00:00,183.32,195.56,1.0
2026-07-07 08:05:00+00:00,183.19,194.23,1.0
2026-07-07 08:10:00+00:00,183.32,194.64,1.0
2026-07-07 08:15:00+00:00,183.55,194.76,1.0
2026-07-07 08:20:00+00:00,183.45,194.73,1.0
2026-07-07 08:25:00+00:00,183.47,194.43,1.0
2026-07-07 08:30:00+00:00,183.42,194.14,1.0
2026-07-07 08:35:00+00:00,183.53,194.14,1.0
2026-07-07 08:40:00+00:00,183.48,193.87,1.0
2026-07-07 08:45:00+00:00,183.37,193.92,1.0
2026-07-07 08:50:00+00:00,183.34,193.69,1.0
2026-07-07 08:55:00+00:00,183.21,193.47,1.0
2026-07-07 09:00:00+00:00,183.61,194.0,1.0
2026-07-07 09:05:00+00:00,183.61,194.38,1.0
2026-07-07 09:10:00+00:00,183.74,194.38,1.0
2026-07-07 09:15:00+00:00,183.42,193.99,1.0
2026-07-07 09:20:00+00:00,183.2,193.83,1.0
2026-07-07 09:25:00+00:00,182.84,193.58,1.0
2026-07-07 09:30:00+00:00,182.42,193.6,1.0
2026-07-07 09:35:00+00:00,182.52,193.46,1.0
2026-07-07 09:40:00+00:00,182.46,193.53,1.0
2026-07-07 09:45:00+00:00,182.13,192.95,1.0
2026-07-07 09:50:00+00:00,182.42,193.07,1.0
2026-07-07 09:55:00+00:00,182.55,192.96,1.0
2026-07-07 10:00:00+00:00,182.44,193.02,1.0
2026-07-07 10:05:00+00:00,182.47,192.95,1.0
2026-07-07 10:10:00+00:00,182.48,193.0,1.0
2026-07-07 10:15:00+00:00,182.84,193.43,1.0
2026-07-07 10:20:00+00:00,182.84,193.46,1.0
2026-07-07 10:25:00+00:00,182.85,193.48,1.0
2026-07-07 10:30:00+00:00,182.23,192.91,1.0
2026-07-07 10:35:00+00:00,182.39,193.07,1.0
2026-07-07 10:40:00+00:00,182.19,192.91,1.0
2026-07-07 10:45:00+00:00,181.59,192.33,1.0
2026-07-07 10:50:00+00:00,182.17,193.1,1.0
2026-07-07 10:55:00+00:00,182.32,193.36,1.0
2026-07-07 11:00:00+00:00,181.89,192.7,1.0
2026-07-07 11:05:00+00:00,181.68,192.28,1.0
2026-07-07 11:10:00+00:00,181.63,192.33,1.0
2026-07-07 11:15:00+00:00,181.79,192.51,1.0
2026-07-07 11:20:00+00:00,182.06,192.56,1.0
2026-07-07 11:25:00+00:00,181.65,192.08,1.0
2026-07-07 11:30:00+00:00,181.12,191.7,1.0
2026-07-07 11:35:00+00:00,181.35,191.77,1.0
2026-07-07 11:40:00+00:00,181.48,192.13,1.0
2026-07-07 11:45:00+00:00,181.73,192.32,1.0
2026-07-07 11:50:00+00:00,181.59,192.18,1.0
2026-07-07 11:55:00+00:00,182.02,192.87,1.0
2026-07-07 12:00:00+00:00,182.52,193.15,1.0
2026-07-07 12:05:00+00:00,183.27,193.8,1.0
2026-07-07 12:10:00+00:00,183.62,194.12,1.0
2026-07-07 12:15:00+00:00,183.17,193.93,1.0
2026-07-07 12:20:00+00:00,183.31,194.19,1.0
2026-07-07 12:25:00+00:00,183.6,194.52,1.0
2026-07-07 12:30:00+00:00,183.13,193.95,1.0
2026-07-07 12:35:00+00:00,183.45,194.26,1.0
2026-07-07 12:40:00+00:00,183.32,194.25,1.0
2026-07-07 12:45:00+00:00,182.88,193.57,1.0
2026-07-07 12:50:00+00:00,182.28,193.18,1.0
2026-07-07 12:55:00+00:00,182.7,193.49,1.0
2026-07-07 13:00:00+00:00,182.67,192.87,1.0
2026-07-07 13:05:00+00:00,182.72,193.33,1.0
2026-07-07 13:10:00+00:00,182.86,193.65,1.0
2026-07-07 13:15:00+00:00,182.41,193.11,1.0
2026-07-07 13:20:00+00:00,181.94,192.59,1.0
2026-07-07 13:25:00+00:00,181.5,192.32,1.0
2026-07-07 13:30:00+00:00,180.84,191.56,1.0
2026-07-07 13:35:00+00:00,181.67,192.16,1.0
2026-07-07 13:40:00+00:00,183.13,193.68,1.0
2026-07-07 13:45:00+00:00,182.67,193.75,1.0
2026-07-07 13:50:00+00:00,180.77,192.01,1.0
2026-07-07 13:55:00+00:00,180.94,192.83,1.0
2026-07-07 14:00:00+00:00,180.87,192.62,1.0
2026-07-07 14:05:00+00:00,180.84,192.22,1.0
2026-07-07 14:10:00+00:00,179.48,190.51,1.0
2026-07-07 14:15:00+00:00,179.68,191.05,1.0
2026-07-07 14:20:00+00:00,178.62,189.98,1.0
2026-07-07 14:25:00+00:00,179.23,190.79,1.0
2026-07-07 14:30:00+00:00,178.83,190.48,1.0
2026-07-07 14:35:00+00:00,178.08,188.82,1.0
2026-07-07 14:40:00+00:00,177.88,187.66,1.0
2026-07-07 14:45:00+00:00,179.06,189.2,1.0
2026-07-07 14:50:00+00:00,179.31,189.73,1.0
2026-07-07 14:55:00+00:00,179.49,189.9,1.0
2026-07-07 15:00:00+00:00,179.04,189.87,1.0
2026-07-07 15:05:00+00:00,179.88,190.7,1.0
2026-07-07 15:10:00+00:00,179.98,191.16,1.0
2026-07-07 15:15:00+00:00,178.92,190.32,1.0
2026-07-07 15:20:00+00:00,178.32,189.4,1.0
2026-07-07 15:25:00+00:00,178.48,189.63,1.0
2026-07-07 15:30:00+00:00,178.67,189.39,1.0
2026-07-07 15:35:00+00:00,178.35,188.83,1.0
2026-07-07 15:40:00+00:00,179.13,189.86,1.0
2026-07-07 15:45:00+00:00,179.21,189.84,1.0
2026-07-07 15:50:00+00:00,179.96,190.96,1.0
2026-07-07 15:55:00+00:00,180.3,191.71,1.0
2026-07-07 16:00:00+00:00,180.89,192.57,1.0
2026-07-07 16:05:00+00:00,180.31,192.27,1.0
2026-07-07 16:10:00+00:00,181.0,192.92,1.0
2026-07-07 16:15:00+00:00,180.88,193.18,1.0
2026-07-07 16:20:00+00:00,181.54,193.81,1.0
2026-07-07 16:25:00+00:00,181.7,194.02,1.0
2026-07-07 16:30:00+00:00,181.69,193.48,1.0
2026-07-07 16:35:00+00:00,181.5,193.44,1.0
2026-07-07 16:40:00+00:00,181.37,193.71,1.0
2026-07-07 16:45:00+00:00,181.27,193.75,1.0
2026-07-07 16:50:00+00:00,181.3,193.77,1.0
2026-07-07 16:55:00+00:00,181.36,193.88,1.0
2026-07-07 17:00:00+00:00,181.51,194.31,1.0
2026-07-07 17:05:00+00:00,182.08,194.62,1.0
2026-07-07 17:10:00+00:00,181.93,194.01,1.0
2026-07-07 17:15:00+00:00,181.92,194.27,1.0
2026-07-07 17:20:00+00:00,182.69,195.82,1.0
2026-07-07 17:25:00+00:00,182.55,195.33,1.0
2026-07-07 17:30:00+00:00,182.76,195.47,1.0
2026-07-07 17:35:00+00:00,183.14,196.24,1.0
2026-07-07 17:40:00+00:00,183.45,196.76,1.0
2026-07-07 17:45:00+00:00,183.7,196.37,1.0
2026-07-07 17:50:00+00:00,183.69,196.97,1.0
2026-07-07 17:55:00+00:00,184.04,196.79,1.0
2026-07-07 18:00:00+00:00,183.65,196.33,1.0
2026-07-07 18:05:00+00:00,183.33,196.22,1.0
2026-07-07 18:10:00+00:00,183.24,196.05,1.0
2026-07-07 18:15:00+00:00,182.93,195.61,1.0
2026-07-07 18:20:00+00:00,183.24,195.96,1.0
2026-07-07 18:25:00+00:00,182.76,195.41,1.0
2026-07-07 18:30:00+00:00,182.65,195.14,1.0
2026-07-07 18:35:00+00:00,182.68,195.43,1.0
2026-07-07 18:40:00+00:00,182.09,195.11,1.0
2026-07-07 18:45:00+00:00,181.65,194.73,1.0
2026-07-07 18:50:00+00:00,181.1,194.21,1.0
2026-07-07 18:55:00+00:00,180.96,193.75,1.0
2026-07-07 19:00:00+00:00,180.85,193.18,1.0
2026-07-07 19:05:00+00:00,180.48,192.84,1.0
2026-07-07 19:10:00+00:00,180.62,192.47,1.0
2026-07-07 19:15:00+00:00,179.92,192.02,1.0
2026-07-07 19:20:00+00:00,179.75,191.85,1.0
2026-07-07 19:25:00+00:00,180.46,192.84,1.0
2026-07-07 19:30:00+00:00,181.04,192.8,1.0
2026-07-07 19:35:00+00:00,180.71,192.92,1.0
2026-07-07 19:40:00+00:00,180.52,193.5,1.0
2026-07-07 19:45:00+00:00,180.84,193.97,1.0
2026-07-07 19:50:00+00:00,181.15,194.23,1.0
2026-07-07 19:55:00+00:00,181.57,194.64,1.0
2026-07-07 20:00:00+00:00,181.76,196.47,1.0
2026-07-07 20:05:00+00:00,181.94,196.89,1.0
2026-07-07 20:10:00+00:00,181.77,196.48,1.0
2026-07-07 20:15:00+00:00,181.74,196.14,1.0
2026-07-07 20:20:00+00:00,181.82,196.51,1.0
2026-07-07 20:25:00+00:00,181.67,195.38,1.0
2026-07-07 20:30:00+00:00,181.69,195.7,1.0
2026-07-07 20:35:00+00:00,181.76,195.73,1.0
2026-07-07 20:40:00+00:00,181.83,195.61,1.0
2026-07-07 20:45:00+00:00,181.83,195.72,1.0
2026-07-07 20:50:00+00:00,181.95,196.05,1.0
2026-07-07 20:55:00+00:00,181.89,196.29,1.0
2026-07-07 21:00:00+00:00,181.8,196.32,1.0
2026-07-07 21:05:00+00:00,181.76,195.74,1.0
2026-07-07 21:10:00+00:00,181.68,195.49,1.0
2026-07-07 21:15:00+00:00,181.54,194.86,1.0
2026-07-07 21:20:00+00:00,181.12,193.94,1.0
2026-07-07 21:25:00+00:00,181.64,194.1,1.0
2026-07-07 21:30:00+00:00,181.42,194.14,1.0
2026-07-07 21:35:00+00:00,181.44,194.0,1.0
2026-07-07 21:40:00+00:00,181.26,193.67,1.0
2026-07-07 21:45:00+00:00,181.36,193.97,1.0
2026-07-07 21:50:00+00:00,180.93,193.04,1.0
2026-07-07 21:55:00+00:00,181.13,193.38,1.0
2026-07-07 22:00:00+00:00,181.23,193.48,1.0
2026-07-07 22:05:00+00:00,181.11,193.54,1.0
2026-07-07 22:10:00+00:00,181.07,193.91,1.0
2026-07-07 22:15:00+00:00,181.33,194.14,1.0
2026-07-07 22:20:00+00:00,181.41,194.17,1.0
2026-07-07 22:25:00+00:00,181.23,193.94,1.0
2026-07-07 22:30:00+00:00,181.22,194.17,1.0
2026-07-07 22:35:00+00:00,181.32,193.72,1.0
2026-07-07 22:40:00+00:00,181.24,193.14,1.0
2026-07-07 22:45:00+00:00,180.94,193.15,1.0
2026-07-07 22:50:00+00:00,180.87,192.86,1.0
2026-07-07 22:55:00+00:00,180.92,193.0,1.0
2026-07-07 23:00:00+00:00,180.08,188.55,1.0
2026-07-07 23:05:00+00:00,180.01,188.86,1.0
2026-07-07 23:10:00+00:00,179.96,188.37,1.0
2026-07-07 23:15:00+00:00,179.72,187.45,1.0
2026-07-07 23:20:00+00:00,179.87,189.1,1.0
2026-07-07 23:25:00+00:00,180.15,189.92,1.0
2026-07-07 23:30:00+00:00,180.05,189.51,1.0
2026-07-07 23:35:00+00:00,179.63,189.06,1.0
2026-07-07 23:40:00+00:00,179.42,188.41,1.0
2026-07-07 23:45:00+00:00,179.59,189.98,1.0
2026-07-07 23:50:00+00:00,179.18,189.91,1.0
2026-07-07 23:55:00+00:00,179.07,189.62,1.0
2026-07-08 00:00:00+00:00,179.8,191.7,1.0
2026-07-08 00:05:00+00:00,178.96,190.92,1.0
2026-07-08 00:10:00+00:00,180.98,194.07,1.0
2026-07-08 00:15:00+00:00,180.92,193.14,1.0
2026-07-08 00:20:00+00:00,182.75,195.71,1.0
2026-07-08 00:25:00+00:00,182.68,194.57,1.0
2026-07-08 00:30:00+00:00,181.52,192.8,1.0
2026-07-08 00:35:00+00:00,184.02,195.23,1.0
2026-07-08 00:40:00+00:00,185.2,197.11,1.0
2026-07-08 00:45:00+00:00,185.03,196.3,1.0
2026-07-08 00:50:00+00:00,186.2,198.3,1.0
2026-07-08 00:55:00+00:00,186.84,198.76,1.0
2026-07-08 01:00:00+00:00,185.62,195.96,1.0
2026-07-08 01:05:00+00:00,185.18,195.46,1.0
2026-07-08 01:10:00+00:00,186.39,197.31,1.0
2026-07-08 01:15:00+00:00,185.2,195.12,1.0
2026-07-08 01:20:00+00:00,184.37,193.97,1.0
2026-07-08 01:25:00+00:00,184.9,194.43,1.0
2026-07-08 01:30:00+00:00,183.69,192.87,1.0
2026-07-08 01:35:00+00:00,182.48,191.6,1.0
2026-07-08 01:40:00+00:00,182.83,191.69,1.0
2026-07-08 01:45:00+00:00,183.45,192.47,1.0
2026-07-08 01:50:00+00:00,182.05,190.68,1.0
2026-07-08 01:55:00+00:00,181.98,190.5,1.0
2026-07-08 02:00:00+00:00,180.88,189.3,1.0
2026-07-08 02:05:00+00:00,180.61,189.08,1.0
2026-07-08 02:10:00+00:00,180.0,189.0,1.0
2026-07-08 02:15:00+00:00,181.4,190.85,1.0
2026-07-08 02:20:00+00:00,181.74,191.43,1.0
2026-07-08 02:25:00+00:00,181.63,191.21,1.0
2026-07-08 02:30:00+00:00,180.95,190.03,1.0
2026-07-08 02:35:00+00:00,181.18,190.58,1.0
2026-07-08 02:40:00+00:00,181.67,190.94,1.0
2026-07-08 02:45:00+00:00,181.66,190.99,1.0
2026-07-08 02:50:00+00:00,181.29,190.68,1.0
2026-07-08 02:55:00+00:00,181.18,190.54,1.0
2026-07-08 03:00:00+00:00,182.09,191.57,1.0
2026-07-08 03:05:00+00:00,182.88,192.53,1.0
2026-07-08 03:10:00+00:00,182.97,192.7,1.0
2026-07-08 03:15:00+00:00,182.76,192.15,1.0
2026-07-08 03:20:00+00:00,183.42,193.06,1.0
2026-07-08 03:25:00+00:00,183.35,193.33,1.0
2026-07-08 03:30:00+00:00,182.98,192.89,1.0
2026-07-08 03:35:00+00:00,182.53,192.34,1.0
2026-07-08 03:40:00+00:00,182.22,191.93,1.0
2026-07-08 03:45:00+00:00,181.73,191.22,1.0
2026-07-08 03:50:00+00:00,181.54,191.01,1.0
2026-07-08 03:55:00+00:00,181.04,190.39,1.0
2026-07-08 04:00:00+00:00,180.18,189.6,1.0
2026-07-08 04:05:00+00:00,179.82,189.02,1.0
2026-07-08 04:10:00+00:00,178.64,187.58,1.0
2026-07-08 04:15:00+00:00,178.07,187.21,1.0
2026-07-08 04:20:00+00:00,178.94,188.51,1.0
2026-07-08 04:25:00+00:00,178.03,187.33,1.0
2026-07-08 04:30:00+00:00,176.81,185.78,1.0
2026-07-08 04:35:00+00:00,176.28,185.43,1.0
2026-07-08 04:40:00+00:00,176.55,185.43,1.0
2026-07-08 04:45:00+00:00,176.0,184.79,1.0
2026-07-08 04:50:00+00:00,174.72,182.42,1.0
2026-07-08 04:55:00+00:00,177.27,185.9,1.0
2026-07-08 05:00:00+00:00,177.03,186.31,1.0
2026-07-08 05:05:00+00:00,177.16,186.34,1.0
2026-07-08 05:10:00+00:00,176.54,185.55,1.0
2026-07-08 05:15:00+00:00,176.44,184.34,1.0
2026-07-08 05:20:00+00:00,175.51,183.62,1.0
2026-07-08 05:25:00+00:00,175.29,183.63,1.0
2026-07-08 05:30:00+00:00,176.07,184.59,1.0
2026-07-08 05:35:00+00:00,175.43,183.99,1.0
2026-07-08 05:40:00+00:00,175.8,184.4,1.0
2026-07-08 05:45:00+00:00,176.15,185.17,1.0
2026-07-08 05:50:00+00:00,177.18,187.08,1.0
2026-07-08 05:55:00+00:00,177.18,186.39,1.0
2026-07-08 06:00:00+00:00,176.96,185.92,1.0
2026-07-08 06:05:00+00:00,176.25,185.08,1.0
2026-07-08 06:10:00+00:00,176.02,184.14,1.0
2026-07-08 06:15:00+00:00,177.02,185.93,1.0
2026-07-08 06:20:00+00:00,177.36,186.35,1.0
2026-07-08 06:25:00+00:00,176.91,184.63,1.0
2026-07-08 06:30:00+00:00,176.9,185.12,1.0
2026-07-08 06:35:00+00:00,177.08,184.87,1.0
2026-07-08 06:40:00+00:00,176.88,183.79,1.0
2026-07-08 06:45:00+00:00,176.81,184.3,1.0
2026-07-08 06:50:00+00:00,176.81,183.91,1.0
2026-07-08 06:55:00+00:00,176.41,183.81,1.0
2026-07-08 07:00:00+00:00,176.28,183.81,1.0
2026-07-08 07:05:00+00:00,176.35,183.73,1.0
2026-07-08 07:10:00+00:00,176.39,184.31,1.0
2026-07-08 07:15:00+00:00,176.36,184.19,1.0
2026-07-08 07:20:00+00:00,176.54,184.62,1.0
2026-07-08 07:25:00+00:00,176.52,184.76,1.0
2026-07-08 07:30:00+00:00,176.66,184.81,1.0
2026-07-08 07:35:00+00:00,176.31,184.23,1.0
2026-07-08 07:40:00+00:00,176.63,184.29,1.0
2026-07-08 07:45:00+00:00,176.65,184.66,1.0
2026-07-08 07:50:00+00:00,176.74,184.29,1.0
2026-07-08 07:55:00+00:00,176.42,183.79,1.0
2026-07-08 08:00:00+00:00,175.91,184.09,1.0
2026-07-08 08:05:00+00:00,175.92,183.93,1.0
2026-07-08 08:10:00+00:00,176.03,184.37,1.0
2026-07-08 08:15:00+00:00,174.65,181.27,1.0
2026-07-08 08:20:00+00:00,173.43,179.37,1.0
2026-07-08 08:25:00+00:00,172.6,178.2,1.0
2026-07-08 08:30:00+00:00,172.27,178.22,1.0
2026-07-08 08:35:00+00:00,171.23,176.14,1.0
2026-07-08 08:40:00+00:00,171.33,177.54,1.0
2026-07-08 08:45:00+00:00,171.47,177.97,1.0
2026-07-08 08:50:00+00:00,171.69,178.34,1.0
2026-07-08 08:55:00+00:00,171.27,177.91,1.0
2026-07-08 09:00:00+00:00,170.79,176.52,1.0
2026-07-08 09:05:00+00:00,169.45,175.7,1.0
2026-07-08 09:10:00+00:00,168.95,174.16,1.0
2026-07-08 09:15:00+00:00,169.47,174.02,1.0
2026-07-08 09:20:00+00:00,169.39,174.06,1.0
2026-07-08 09:25:00+00:00,169.28,174.92,1.0
2026-07-08 09:30:00+00:00,170.28,176.74,1.0
2026-07-08 09:35:00+00:00,170.42,176.66,1.0
2026-07-08 09:40:00+00:00,170.43,176.71,1.0
2026-07-08 09:45:00+00:00,170.46,176.69,1.0
2026-07-08 09:50:00+00:00,170.53,176.92,1.0
2026-07-08 09:55:00+00:00,170.22,176.49,1.0
2026-07-08 10:00:00+00:00,170.17,176.75,1.0
2026-07-08 10:05:00+00:00,169.92,176.46,1.0
2026-07-08 10:10:00+00:00,169.84,176.46,1.0
2026-07-08 10:15:00+00:00,170.46,177.08,1.0
2026-07-08 10:20:00+00:00,170.82,177.61,1.0
2026-07-08 10:25:00+00:00,171.42,178.03,1.0
2026-07-08 10:30:00+00:00,171.75,178.56,1.0
2026-07-08 10:35:00+00:00,171.66,178.35,1.0
2026-07-08 10:40:00+00:00,171.85,178.51,1.0
2026-07-08 10:45:00+00:00,171.59,178.1,1.0
2026-07-08 10:50:00+00:00,171.51,178.18,1.0
2026-07-08 10:55:00+00:00,171.26,178.33,1.0
2026-07-08 11:00:00+00:00,171.17,178.41,1.0
2026-07-08 11:05:00+00:00,171.21,178.55,1.0
2026-07-08 11:10:00+00:00,171.33,178.65,1.0
2026-07-08 11:15:00+00:00,171.39,178.62,1.0
2026-07-08 11:20:00+00:00,171.36,178.39,1.0
2026-07-08 11:25:00+00:00,171.34,178.33,1.0
2026-07-08 11:30:00+00:00,171.85,178.98,1.0
2026-07-08 11:35:00+00:00,171.88,178.96,1.0
2026-07-08 11:40:00+00:00,173.61,179.98,1.0
2026-07-08 11:45:00+00:00,173.21,180.77,1.0
2026-07-08 11:50:00+00:00,173.24,180.81,1.0
2026-07-08 11:55:00+00:00,173.28,180.64,1.0
2026-07-08 12:00:00+00:00,173.61,181.7,1.0
2026-07-08 12:05:00+00:00,174.18,182.38,1.0
2026-07-08 12:10:00+00:00,173.6,181.23,1.0
2026-07-08 12:15:00+00:00,173.71,181.42,1.0
2026-07-08 12:20:00+00:00,173.46,180.99,1.0
2026-07-08 12:25:00+00:00,174.03,181.86,1.0
2026-07-08 12:30:00+00:00,174.04,181.93,1.0
2026-07-08 12:35:00+00:00,174.51,182.45,1.0
2026-07-08 12:40:00+00:00,174.85,182.75,1.0
2026-07-08 12:45:00+00:00,174.79,182.54,1.0
2026-07-08 12:50:00+00:00,175.64,183.93,1.0
2026-07-08 12:55:00+00:00,174.44,182.62,1.0
2026-07-08 13:00:00+00:00,175.21,183.12,1.0
2026-07-08 13:05:00+00:00,175.05,182.87,1.0
2026-07-08 13:10:00+00:00,175.11,183.1,1.0
2026-07-08 13:15:00+00:00,174.9,182.75,1.0
2026-07-08 13:20:00+00:00,174.33,182.45,1.0
2026-07-08 13:25:00+00:00,174.88,182.99,1.0
2026-07-08 13:30:00+00:00,177.62,187.82,1.0
2026-07-08 13:35:00+00:00,177.7,186.96,1.0
2026-07-08 13:40:00+00:00,177.83,186.58,1.0
2026-07-08 13:45:00+00:00,177.31,185.8,1.0
2026-07-08 13:50:00+00:00,177.6,186.23,1.0
2026-07-08 13:55:00+00:00,178.07,188.08,1.0
2026-07-08 14:00:00+00:00,177.51,186.97,1.0
2026-07-08 14:05:00+00:00,177.28,186.55,1.0
2026-07-08 14:10:00+00:00,176.65,185.79,1.0
2026-07-08 14:15:00+00:00,176.94,185.97,1.0
2026-07-08 14:20:00+00:00,177.65,186.43,1.0
2026-07-08 14:25:00+00:00,177.73,186.44,1.0
2026-07-08 14:30:00+00:00,178.08,186.83,1.0
2026-07-08 14:35:00+00:00,177.17,185.69,1.0
2026-07-08 14:40:00+00:00,177.06,185.94,1.0
2026-07-08 14:45:00+00:00,176.33,184.74,1.0
2026-07-08 14:50:00+00:00,176.86,185.85,1.0
2026-07-08 14:55:00+00:00,176.98,185.31,1.0
2026-07-08 15:00:00+00:00,176.65,185.04,1.0
2026-07-08 15:05:00+00:00,176.77,185.62,1.0
2026-07-08 15:10:00+00:00,175.96,184.68,1.0
2026-07-08 15:15:00+00:00,175.77,183.7,1.0
2026-07-08 15:20:00+00:00,174.94,182.09,1.0
2026-07-08 15:25:00+00:00,174.85,182.7,1.0
2026-07-08 15:30:00+00:00,175.48,183.3,1.0
2026-07-08 15:35:00+00:00,175.68,184.15,1.0
2026-07-08 15:40:00+00:00,176.03,183.57,1.0
2026-07-08 15:45:00+00:00,175.89,183.41,1.0
2026-07-08 15:50:00+00:00,175.7,183.27,1.0
2026-07-08 15:55:00+00:00,176.02,183.82,1.0
2026-07-08 16:00:00+00:00,176.48,184.94,1.0
2026-07-08 16:05:00+00:00,177.02,185.44,1.0
2026-07-08 16:10:00+00:00,177.74,185.89,1.0
2026-07-08 16:15:00+00:00,177.95,186.21,1.0
2026-07-08 16:20:00+00:00,178.16,186.11,1.0
2026-07-08 16:25:00+00:00,178.31,185.83,1.0
2026-07-08 16:30:00+00:00,178.27,185.44,1.0
2026-07-08 16:35:00+00:00,178.7,186.02,1.0
2026-07-08 16:40:00+00:00,179.29,187.16,1.0
2026-07-08 16:45:00+00:00,179.83,187.46,1.0
2026-07-08 16:50:00+00:00,180.07,187.44,1.0
2026-07-08 16:55:00+00:00,180.34,187.71,1.0
2026-07-08 17:00:00+00:00,180.2,187.73,1.0
2026-07-08 17:05:00+00:00,180.55,188.35,1.0
2026-07-08 17:10:00+00:00,180.28,188.38,1.0
2026-07-08 17:15:00+00:00,180.65,189.41,1.0
2026-07-08 17:20:00+00:00,181.21,189.68,1.0
2026-07-08 17:25:00+00:00,181.74,190.56,1.0
2026-07-08 17:30:00+00:00,181.77,190.5,1.0
2026-07-08 17:35:00+00:00,181.69,190.27,1.0
2026-07-08 17:40:00+00:00,181.16,189.55,1.0
2026-07-08 17:45:00+00:00,180.71,189.21,1.0
2026-07-08 17:50:00+00:00,180.65,189.05,1.0
2026-07-08 17:55:00+00:00,180.01,189.11,1.0
2026-07-08 18:00:00+00:00,180.66,189.09,1.0
2026-07-08 18:05:00+00:00,181.0,189.61,1.0
2026-07-08 18:10:00+00:00,181.17,189.91,1.0
2026-07-08 18:15:00+00:00,181.06,189.49,1.0
2026-07-08 18:20:00+00:00,180.96,189.55,1.0
2026-07-08 18:25:00+00:00,180.71,189.43,1.0
2026-07-08 18:30:00+00:00,180.26,189.27,1.0
2026-07-08 18:35:00+00:00,180.77,189.52,1.0
2026-07-08 18:40:00+00:00,180.77,189.62,1.0
2026-07-08 18:45:00+00:00,180.97,189.9,1.0
2026-07-08 18:50:00+00:00,180.97,189.88,1.0
2026-07-08 18:55:00+00:00,181.23,190.44,1.0
2026-07-08 19:00:00+00:00,181.59,191.01,1.0
2026-07-08 19:05:00+00:00,182.03,191.65,1.0
2026-07-08 19:10:00+00:00,182.16,192.23,1.0
2026-07-08 19:15:00+00:00,182.0,192.56,1.0
2026-07-08 19:20:00+00:00,182.04,192.66,1.0
2026-07-08 19:25:00+00:00,182.37,193.52,1.0
2026-07-08 19:30:00+00:00,182.15,192.94,1.0
2026-07-08 19:35:00+00:00,182.28,193.17,1.0
2026-07-08 19:40:00+00:00,182.39,194.12,1.0
2026-07-08 19:45:00+00:00,181.98,193.78,1.0
2026-07-08 19:50:00+00:00,182.72,194.22,1.0
2026-07-08 19:55:00+00:00,182.78,193.98,1.0
2026-07-08 20:00:00+00:00,182.84,193.62,1.0
2026-07-08 20:05:00+00:00,183.18,194.43,1.0
2026-07-08 20:10:00+00:00,182.86,194.04,1.0
2026-07-08 20:15:00+00:00,182.02,193.56,1.0
2026-07-08 20:20:00+00:00,182.29,193.71,1.0
2026-07-08 20:25:00+00:00,182.29,193.39,1.0
2026-07-08 20:30:00+00:00,182.11,192.91,1.0
2026-07-08 20:35:00+00:00,181.77,192.94,1.0
2026-07-08 20:40:00+00:00,181.82,193.61,1.0
2026-07-08 20:45:00+00:00,182.05,193.43,1.0
2026-07-08 20:50:00+00:00,181.81,193.22,1.0
2026-07-08 20:55:00+00:00,181.72,193.15,1.0
2026-07-08 21:00:00+00:00,181.78,193.48,1.0
2026-07-08 21:05:00+00:00,181.93,193.79,1.0
2026-07-08 21:10:00+00:00,181.81,193.62,1.0
2026-07-08 21:15:00+00:00,181.91,193.32,1.0
2026-07-08 21:20:00+00:00,181.72,193.48,1.0
2026-07-08 21:25:00+00:00,181.8,193.27,1.0
2026-07-08 21:30:00+00:00,181.97,193.5,1.0
2026-07-08 21:35:00+00:00,182.14,193.73,1.0
2026-07-08 21:40:00+00:00,182.36,194.65,1.0
2026-07-08 21:45:00+00:00,182.4,194.95,1.0
2026-07-08 21:50:00+00:00,182.45,194.0,1.0
2026-07-08 21:55:00+00:00,182.13,194.29,1.0
2026-07-08 22:00:00+00:00,182.27,194.54,1.0
2026-07-08 22:05:00+00:00,182.13,193.21,1.0
2026-07-08 22:10:00+00:00,182.02,192.78,1.0
2026-07-08 22:15:00+00:00,182.31,193.05,1.0
2026-07-08 22:20:00+00:00,182.2,193.47,1.0
2026-07-08 22:25:00+00:00,182.14,193.29,1.0
2026-07-08 22:30:00+00:00,182.59,193.07,1.0
2026-07-08 22:35:00+00:00,182.8,193.05,1.0
2026-07-08 22:40:00+00:00,183.07,193.46,1.0
2026-07-08 22:45:00+00:00,182.8,193.68,1.0
2026-07-08 22:50:00+00:00,183.05,193.38,1.0
2026-07-08 22:55:00+00:00,183.52,193.93,1.0
2026-07-08 23:00:00+00:00,182.23,191.37,1.0
2026-07-08 23:05:00+00:00,182.29,190.61,1.0
2026-07-08 23:10:00+00:00,181.61,189.66,1.0
2026-07-08 23:15:00+00:00,181.21,189.68,1.0
2026-07-08 23:20:00+00:00,181.59,190.58,1.0
2026-07-08 23:25:00+00:00,181.08,190.18,1.0
2026-07-08 23:30:00+00:00,181.57,190.63,1.0
2026-07-08 23:35:00+00:00,181.8,190.17,1.0
2026-07-08 23:40:00+00:00,181.16,191.29,1.0
2026-07-08 23:45:00+00:00,182.34,192.15,1.0
2026-07-08 23:50:00+00:00,182.64,192.62,1.0
2026-07-08 23:55:00+00:00,182.82,193.01,1.0
2026-07-09 00:00:00+00:00,181.2,191.75,1.0
2026-07-09 00:05:00+00:00,181.66,194.07,1.0
2026-07-09 00:10:00+00:00,182.78,194.09,1.0
2026-07-09 00:15:00+00:00,182.3,193.05,1.0
2026-07-09 00:20:00+00:00,182.51,192.62,1.0
2026-07-09 00:25:00+00:00,182.23,192.89,1.0
2026-07-09 00:30:00+00:00,181.31,191.35,1.0
2026-07-09 00:35:00+00:00,180.89,190.87,1.0
2026-07-09 00:40:00+00:00,181.7,191.98,1.0
2026-07-09 00:45:00+00:00,181.86,192.44,1.0
2026-07-09 00:50:00+00:00,179.97,189.45,1.0
2026-07-09 00:55:00+00:00,180.69,190.54,1.0
2026-07-09 01:00:00+00:00,181.12,191.0,1.0
2026-07-09 01:05:00+00:00,182.22,192.95,1.0
2026-07-09 01:10:00+00:00,182.15,192.82,1.0
2026-07-09 01:15:00+00:00,182.71,193.18,1.0
2026-07-09 01:20:00+00:00,182.05,192.27,1.0
2026-07-09 01:25:00+00:00,181.22,191.01,1.0
2026-07-09 01:30:00+00:00,180.03,189.57,1.0
2026-07-09 01:35:00+00:00,180.01,189.66,1.0
2026-07-09 01:40:00+00:00,180.52,190.54,1.0
2026-07-09 01:45:00+00:00,179.75,189.1,1.0
2026-07-09 01:50:00+00:00,177.75,187.32,1.0
2026-07-09 01:55:00+00:00,176.94,186.62,1.0
2026-07-09 02:00:00+00:00,176.38,185.71,1.0
2026-07-09 02:05:00+00:00,177.91,187.81,1.0
2026-07-09 02:10:00+00:00,177.89,187.89,1.0
2026-07-09 02:15:00+00:00,179.11,189.41,1.0
2026-07-09 02:20:00+00:00,178.51,188.17,1.0
2026-07-09 02:25:00+00:00,178.38,188.17,1.0
2026-07-09 02:30:00+00:00,177.21,186.62,1.0
2026-07-09 02:35:00+00:00,176.5,185.79,1.0
2026-07-09 02:40:00+00:00,175.3,184.4,1.0
2026-07-09 02:45:00+00:00,174.8,183.23,1.0
2026-07-09 02:50:00+00:00,173.64,181.87,1.0
2026-07-09 02:55:00+00:00,173.71,181.98,1.0
2026-07-09 03:00:00+00:00,172.83,180.02,1.0
2026-07-09 03:05:00+00:00,173.34,180.91,1.0
2026-07-09 03:10:00+00:00,172.88,180.03,1.0
2026-07-09 03:15:00+00:00,172.41,180.32,1.0
2026-07-09 03:20:00+00:00,174.3,182.0,1.0
2026-07-09 03:25:00+00:00,175.35,183.16,1.0
2026-07-09 03:30:00+00:00,175.51,183.57,1.0
2026-07-09 03:35:00+00:00,175.38,182.92,1.0
2026-07-09 03:40:00+00:00,176.0,184.47,1.0
2026-07-09 03:45:00+00:00,176.03,184.29,1.0
2026-07-09 03:50:00+00:00,176.46,184.8,1.0
2026-07-09 03:55:00+00:00,175.94,183.94,1.0
2026-07-09 04:00:00+00:00,176.14,184.54,1.0
2026-07-09 04:05:00+00:00,175.66,183.53,1.0
2026-07-09 04:10:00+00:00,175.54,183.93,1.0
2026-07-09 04:15:00+00:00,175.52,183.48,1.0
2026-07-09 04:20:00+00:00,174.56,181.88,1.0
2026-07-09 04:25:00+00:00,174.96,182.8,1.0
2026-07-09 04:30:00+00:00,176.11,184.49,1.0
2026-07-09 04:35:00+00:00,175.88,184.29,1.0
2026-07-09 04:40:00+00:00,175.55,183.76,1.0
2026-07-09 04:45:00+00:00,175.14,183.36,1.0
2026-07-09 04:50:00+00:00,176.14,184.62,1.0
2026-07-09 04:55:00+00:00,175.65,183.97,1.0
2026-07-09 05:00:00+00:00,174.85,182.82,1.0
2026-07-09 05:05:00+00:00,174.68,182.59,1.0
2026-07-09 05:10:00+00:00,175.74,183.61,1.0
2026-07-09 05:15:00+00:00,174.92,182.07,1.0
2026-07-09 05:20:00+00:00,174.48,181.72,1.0
2026-07-09 05:25:00+00:00,174.76,182.08,1.0
2026-07-09 05:30:00+00:00,174.79,182.36,1.0
2026-07-09 05:35:00+00:00,174.96,182.74,1.0
2026-07-09 05:40:00+00:00,175.1,183.03,1.0
2026-07-09 05:45:00+00:00,175.61,183.85,1.0
2026-07-09 05:50:00+00:00,176.4,184.66,1.0
2026-07-09 05:55:00+00:00,177.23,186.08,1.0
2026-07-09 06:00:00+00:00,176.72,184.78,1.0
2026-07-09 06:05:00+00:00,176.44,185.14,1.0
2026-07-09 06:10:00+00:00,176.34,185.15,1.0
2026-07-09 06:15:00+00:00,176.67,185.55,1.0
2026-07-09 06:20:00+00:00,177.1,186.35,1.0
2026-07-09 06:25:00+00:00,176.98,185.77,1.0
2026-07-09 06:30:00+00:00,177.03,185.44,1.0
2026-07-09 06:35:00+00:00,177.01,186.04,1.0
2026-07-09 06:40:00+00:00,177.32,186.33,1.0
2026-07-09 06:45:00+00:00,177.34,186.15,1.0
2026-07-09 06:50:00+00:00,177.33,186.35,1.0
2026-07-09 06:55:00+00:00,177.49,186.63,1.0
2026-07-09 07:00:00+00:00,177.45,186.21,1.0
2026-07-09 07:05:00+00:00,177.61,186.88,1.0
2026-07-09 07:10:00+00:00,178.19,187.04,1.0
2026-07-09 07:15:00+00:00,177.75,187.64,1.0
2026-07-09 07:20:00+00:00,177.87,188.02,1.0
2026-07-09 07:25:00+00:00,178.12,188.06,1.0
2026-07-09 07:30:00+00:00,178.34,189.16,1.0
2026-07-09 07:35:00+00:00,178.12,188.03,1.0
2026-07-09 07:40:00+00:00,178.45,187.93,1.0
2026-07-09 07:45:00+00:00,178.31,188.37,1.0
2026-07-09 07:50:00+00:00,178.1,188.47,1.0
2026-07-09 07:55:00+00:00,178.3,187.3,1.0
2026-07-09 08:00:00+00:00,178.31,188.8,1.0
2026-07-09 08:05:00+00:00,178.47,188.94,1.0
2026-07-09 08:10:00+00:00,177.72,188.38,1.0
2026-07-09 08:15:00+00:00,177.92,188.55,1.0
2026-07-09 08:20:00+00:00,177.94,188.74,1.0
2026-07-09 08:25:00+00:00,178.07,188.26,1.0
2026-07-09 08:30:00+00:00,177.96,187.61,1.0
2026-07-09 08:35:00+00:00,178.25,187.76,1.0
2026-07-09 08:40:00+00:00,178.45,187.73,1.0
2026-07-09 08:45:00+00:00,177.95,186.95,1.0
2026-07-09 08:50:00+00:00,178.13,187.45,1.0
2026-07-09 08:55:00+00:00,178.15,187.57,1.0
2026-07-09 09:00:00+00:00,178.11,187.12,1.0
2026-07-09 09:05:00+00:00,178.11,187.23,1.0
2026-07-09 09:10:00+00:00,177.93,186.94,1.0
2026-07-09 09:15:00+00:00,177.86,187.14,1.0
2026-07-09 09:20:00+00:00,177.77,187.15,1.0
2026-07-09 09:25:00+00:00,178.18,187.49,1.0
2026-07-09 09:30:00+00:00,178.07,187.2,1.0
2026-07-09 09:35:00+00:00,177.92,186.92,1.0
2026-07-09 09:40:00+00:00,177.76,186.75,1.0
2026-07-09 09:45:00+00:00,177.77,186.75,1.0
2026-07-09 09:50:00+00:00,177.99,187.2,1.0
2026-07-09 09:55:00+00:00,177.83,187.2,1.0
2026-07-09 10:00:00+00:00,177.87,187.38,1.0
2026-07-09 10:05:00+00:00,177.84,187.2,1.0
2026-07-09 10:10:00+00:00,177.96,187.25,1.0
2026-07-09 10:15:00+00:00,178.31,187.67,1.0
2026-07-09 10:20:00+00:00,178.11,187.67,1.0
2026-07-09 10:25:00+00:00,178.2,187.98,1.0
2026-07-09 10:30:00+00:00,178.18,188.32,1.0
2026-07-09 10:35:00+00:00,178.48,188.5,1.0
2026-07-09 10:40:00+00:00,178.54,188.29,1.0
2026-07-09 10:45:00+00:00,178.04,187.59,1.0
2026-07-09 10:50:00+00:00,177.75,187.26,1.0
2026-07-09 10:55:00+00:00,177.97,187.73,1.0
2026-07-09 11:00:00+00:00,178.09,188.35,1.0
2026-07-09 11:05:00+00:00,178.03,187.54,1.0
2026-07-09 11:10:00+00:00,178.16,187.75,1.0
2026-07-09 11:15:00+00:00,178.03,187.57,1.0
2026-07-09 11:20:00+00:00,178.72,188.65,1.0
2026-07-09 11:25:00+00:00,179.1,188.95,1.0
2026-07-09 11:30:00+00:00,179.57,189.5,1.0
2026-07-09 11:35:00+00:00,179.92,189.64,1.0
2026-07-09 11:40:00+00:00,180.17,190.08,1.0
2026-07-09 11:45:00+00:00,180.51,190.65,1.0
2026-07-09 11:50:00+00:00,180.47,190.55,1.0
2026-07-09 11:55:00+00:00,180.53,190.54,1.0
2026-07-09 12:00:00+00:00,180.79,189.73,1.0
2026-07-09 12:05:00+00:00,181.46,190.77,1.0
2026-07-09 12:10:00+00:00,181.02,190.68,1.0
2026-07-09 12:15:00+00:00,181.25,190.43,1.0
2026-07-09 12:20:00+00:00,181.64,190.94,1.0
2026-07-09 12:25:00+00:00,181.64,190.76,1.0
2026-07-09 12:30:00+00:00,182.18,192.1,1.0
2026-07-09 12:35:00+00:00,182.8,192.21,1.0
2026-07-09 12:40:00+00:00,181.96,191.4,1.0
2026-07-09 12:45:00+00:00,181.52,192.02,1.0
2026-07-09 12:50:00+00:00,182.47,193.22,1.0
2026-07-09 12:55:00+00:00,182.24,193.45,1.0
2026-07-09 13:00:00+00:00,183.26,194.35,1.0
2026-07-09 13:05:00+00:00,183.06,194.24,1.0
2026-07-09 13:10:00+00:00,183.27,194.51,1.0
2026-07-09 13:15:00+00:00,182.98,193.59,1.0
2026-07-09 13:20:00+00:00,183.29,193.92,1.0
2026-07-09 13:25:00+00:00,183.65,194.51,1.0
2026-07-09 13:30:00+00:00,184.32,196.37,1.0
2026-07-09 13:35:00+00:00,184.66,196.6,1.0
2026-07-09 13:40:00+00:00,184.74,196.31,1.0
2026-07-09 13:45:00+00:00,184.49,196.01,1.0
2026-07-09 13:50:00+00:00,184.9,196.66,1.0
2026-07-09 13:55:00+00:00,185.0,196.7,1.0
2026-07-09 14:00:00+00:00,185.32,197.26,1.0
2026-07-09 14:05:00+00:00,184.68,196.35,1.0
2026-07-09 14:10:00+00:00,184.13,195.01,1.0
2026-07-09 14:15:00+00:00,183.06,194.75,1.0
2026-07-09 14:20:00+00:00,183.23,194.57,1.0
2026-07-09 14:25:00+00:00,183.1,194.4,1.0
2026-07-09 14:30:00+00:00,182.77,194.73,1.0
2026-07-09 14:35:00+00:00,183.15,195.2,1.0
2026-07-09 14:40:00+00:00,183.4,194.84,1.0
2026-07-09 14:45:00+00:00,183.56,195.06,1.0
2026-07-09 14:50:00+00:00,182.82,194.68,1.0
2026-07-09 14:55:00+00:00,182.89,195.04,1.0
2026-07-09 15:00:00+00:00,183.35,195.63,1.0
2026-07-09 15:05:00+00:00,183.7,195.82,1.0
2026-07-09 15:10:00+00:00,183.62,195.9,1.0
2026-07-09 15:15:00+00:00,183.03,195.33,1.0
2026-07-09 15:20:00+00:00,183.66,195.76,1.0
2026-07-09 15:25:00+00:00,183.44,196.12,1.0
2026-07-09 15:30:00+00:00,183.7,195.18,1.0
2026-07-09 15:35:00+00:00,184.1,195.66,1.0
2026-07-09 15:40:00+00:00,184.47,195.65,1.0
2026-07-09 15:45:00+00:00,184.73,195.71,1.0
2026-07-09 15:50:00+00:00,184.06,195.03,1.0
2026-07-09 15:55:00+00:00,183.98,194.8,1.0
2026-07-09 16:00:00+00:00,184.1,196.06,1.0
2026-07-09 16:05:00+00:00,184.26,196.19,1.0
2026-07-09 16:10:00+00:00,183.95,195.5,1.0
2026-07-09 16:15:00+00:00,184.04,195.41,1.0
2026-07-09 16:20:00+00:00,183.86,194.97,1.0
2026-07-09 16:25:00+00:00,183.48,194.57,1.0
2026-07-09 16:30:00+00:00,182.98,194.04,1.0
2026-07-09 16:35:00+00:00,183.24,193.73,1.0
2026-07-09 16:40:00+00:00,183.62,194.42,1.0
2026-07-09 16:45:00+00:00,183.79,194.58,1.0
2026-07-09 16:50:00+00:00,184.03,194.54,1.0
2026-07-09 16:55:00+00:00,183.65,194.05,1.0
2026-07-09 17:00:00+00:00,183.66,194.35,1.0
2026-07-09 17:05:00+00:00,184.04,194.74,1.0
2026-07-09 17:10:00+00:00,184.27,195.04,1.0
2026-07-09 17:15:00+00:00,184.65,194.75,1.0
2026-07-09 17:20:00+00:00,184.72,195.68,1.0
2026-07-09 17:25:00+00:00,184.96,195.76,1.0
2026-07-09 17:30:00+00:00,184.81,195.77,1.0
2026-07-09 17:35:00+00:00,184.88,195.99,1.0
2026-07-09 17:40:00+00:00,184.91,196.43,1.0
2026-07-09 17:45:00+00:00,185.17,196.6,1.0
2026-07-09 17:50:00+00:00,185.0,196.88,1.0
2026-07-09 17:55:00+00:00,185.08,196.66,1.0
2026-07-09 18:00:00+00:00,184.98,196.51,1.0
2026-07-09 18:05:00+00:00,185.33,196.82,1.0
2026-07-09 18:10:00+00:00,185.26,196.75,1.0
2026-07-09 18:15:00+00:00,185.25,197.05,1.0
2026-07-09 18:20:00+00:00,184.99,196.4,1.0
2026-07-09 18:25:00+00:00,184.82,196.06,1.0
2026-07-09 18:30:00+00:00,184.91,196.0,1.0
2026-07-09 18:35:00+00:00,184.73,195.46,1.0
2026-07-09 18:40:00+00:00,184.9,195.71,1.0
2026-07-09 18:45:00+00:00,185.05,195.62,1.0
2026-07-09 18:50:00+00:00,184.97,195.43,1.0
2026-07-09 18:55:00+00:00,185.08,195.75,1.0
2026-07-09 19:00:00+00:00,184.43,194.93,1.0
2026-07-09 19:05:00+00:00,184.4,194.7,1.0
2026-07-09 19:10:00+00:00,184.23,194.2,1.0
2026-07-09 19:15:00+00:00,184.79,194.86,1.0
2026-07-09 19:20:00+00:00,184.8,194.41,1.0
2026-07-09 19:25:00+00:00,184.73,193.99,1.0
2026-07-09 19:30:00+00:00,184.64,193.18,1.0
2026-07-09 19:35:00+00:00,184.61,193.43,1.0
2026-07-09 19:40:00+00:00,184.68,194.24,1.0
2026-07-09 19:45:00+00:00,184.61,194.03,1.0
2026-07-09 19:50:00+00:00,183.66,192.65,1.0
2026-07-09 19:55:00+00:00,184.69,193.2,1.0
2026-07-09 20:00:00+00:00,184.68,193.21,1.0
2026-07-09 20:05:00+00:00,184.56,193.99,1.0
2026-07-09 20:10:00+00:00,184.62,194.21,1.0
2026-07-09 20:15:00+00:00,184.56,194.05,1.0
2026-07-09 20:20:00+00:00,184.5,193.96,1.0
2026-07-09 20:25:00+00:00,184.54,193.85,1.0
2026-07-09 20:30:00+00:00,184.52,193.93,1.0
2026-07-09 20:35:00+00:00,184.48,193.96,1.0
2026-07-09 20:40:00+00:00,184.3,193.92,1.0
2026-07-09 20:45:00+00:00,184.41,193.87,1.0
2026-07-09 20:50:00+00:00,184.38,193.97,1.0
2026-07-09 20:55:00+00:00,184.66,194.41,1.0
2026-07-09 21:00:00+00:00,185.07,194.13,1.0
2026-07-09 21:05:00+00:00,184.98,194.23,1.0
2026-07-09 21:10:00+00:00,185.05,194.0,1.0
2026-07-09 21:15:00+00:00,184.92,194.17,1.0
2026-07-09 21:20:00+00:00,184.83,194.11,1.0
2026-07-09 21:25:00+00:00,184.9,194.16,1.0
2026-07-09 21:30:00+00:00,185.15,194.16,1.0
2026-07-09 21:35:00+00:00,185.13,194.3,1.0
2026-07-09 21:40:00+00:00,184.79,193.97,1.0
2026-07-09 21:45:00+00:00,184.72,194.23,1.0
2026-07-09 21:50:00+00:00,184.89,194.15,1.0
2026-07-09 21:55:00+00:00,185.11,194.52,1.0
2026-07-09 22:00:00+00:00,185.17,194.93,1.0
2026-07-09 22:05:00+00:00,185.54,195.31,1.0
2026-07-09 22:10:00+00:00,185.62,195.8,1.0
2026-07-09 22:15:00+00:00,185.59,195.78,1.0
2026-07-09 22:20:00+00:00,185.45,195.89,1.0
2026-07-09 22:25:00+00:00,185.38,196.02,1.0
2026-07-09 22:30:00+00:00,185.61,195.85,1.0
2026-07-09 22:35:00+00:00,185.63,195.82,1.0
2026-07-09 22:40:00+00:00,185.99,196.5,1.0
2026-07-09 22:45:00+00:00,186.08,196.26,1.0
2026-07-09 22:50:00+00:00,186.06,196.13,1.0
2026-07-09 22:55:00+00:00,186.0,195.93,1.0
2026-07-09 23:00:00+00:00,185.54,194.48,1.0
2026-07-09 23:05:00+00:00,185.44,192.92,1.0
2026-07-09 23:10:00+00:00,185.41,193.23,1.0
2026-07-09 23:15:00+00:00,185.31,193.27,1.0
2026-07-09 23:20:00+00:00,185.19,193.15,1.0
2026-07-09 23:25:00+00:00,185.27,193.42,1.0
2026-07-09 23:30:00+00:00,185.09,193.65,1.0
2026-07-09 23:35:00+00:00,185.04,193.72,1.0
2026-07-09 23:40:00+00:00,184.64,193.67,1.0
2026-07-09 23:45:00+00:00,185.51,193.79,1.0
2026-07-09 23:50:00+00:00,185.43,194.31,1.0
2026-07-09 23:55:00+00:00,185.05,194.59,1.0
2026-07-10 00:00:00+00:00,183.15,192.68,1.0
2026-07-10 00:05:00+00:00,181.59,190.61,1.0
2026-07-10 00:10:00+00:00,181.88,190.91,1.0
2026-07-10 00:15:00+00:00,181.23,190.14,1.0
2026-07-10 00:20:00+00:00,179.8,188.29,1.0
2026-07-10 00:25:00+00:00,180.52,189.42,1.0
2026-07-10 00:30:00+00:00,180.14,188.56,1.0
2026-07-10 00:35:00+00:00,180.5,189.39,1.0
2026-07-10 00:40:00+00:00,181.39,190.42,1.0
2026-07-10 00:45:00+00:00,181.28,190.49,1.0
2026-07-10 00:50:00+00:00,181.96,192.06,1.0
2026-07-10 00:55:00+00:00,182.38,194.03,1.0
2026-07-10 01:00:00+00:00,181.73,193.04,1.0
2026-07-10 01:05:00+00:00,182.04,192.81,1.0
2026-07-10 01:10:00+00:00,182.08,192.74,1.0
2026-07-10 01:15:00+00:00,182.51,193.45,1.0
2026-07-10 01:20:00+00:00,182.79,194.14,1.0
2026-07-10 01:25:00+00:00,182.67,193.56,1.0
2026-07-10 01:30:00+00:00,183.4,194.63,1.0
2026-07-10 01:35:00+00:00,183.61,194.6,1.0
2026-07-10 01:40:00+00:00,183.15,193.69,1.0
2026-07-10 01:45:00+00:00,183.92,194.81,1.0
2026-07-10 01:50:00+00:00,183.06,193.52,1.0
2026-07-10 01:55:00+00:00,182.89,193.98,1.0
2026-07-10 02:00:00+00:00,182.52,193.33,1.0
2026-07-10 02:05:00+00:00,182.61,193.04,1.0
2026-07-10 02:10:00+00:00,182.52,192.89,1.0
2026-07-10 02:15:00+00:00,182.76,193.03,1.0
2026-07-10 02:20:00+00:00,182.35,192.44,1.0
2026-07-10 02:25:00+00:00,182.56,193.06,1.0
2026-07-10 02:30:00+00:00,183.34,193.97,1.0
2026-07-10 02:35:00+00:00,183.13,193.4,1.0
2026-07-10 02:40:00+00:00,183.11,193.74,1.0
2026-07-10 02:45:00+00:00,183.32,193.99,1.0
2026-07-10 02:50:00+00:00,183.18,193.79,1.0
2026-07-10 02:55:00+00:00,183.84,194.74,1.0
2026-07-10 03:00:00+00:00,183.72,194.08,1.0
2026-07-10 03:05:00+00:00,183.89,194.48,1.0
2026-07-10 03:10:00+00:00,183.55,194.2,1.0
2026-07-10 03:15:00+00:00,183.92,194.75,1.0
2026-07-10 03:20:00+00:00,183.87,194.54,1.0
2026-07-10 03:25:00+00:00,183.65,194.23,1.0
2026-07-10 03:30:00+00:00,183.86,194.62,1.0
2026-07-10 03:35:00+00:00,184.08,195.15,1.0
2026-07-10 03:40:00+00:00,184.11,195.1,1.0
2026-07-10 03:45:00+00:00,184.01,195.01,1.0
2026-07-10 03:50:00+00:00,184.4,195.88,1.0
2026-07-10 03:55:00+00:00,184.87,196.78,1.0
2026-07-10 04:00:00+00:00,185.0,196.57,1.0
2026-07-10 04:05:00+00:00,185.37,196.95,1.0
2026-07-10 04:10:00+00:00,185.38,196.68,1.0
2026-07-10 04:15:00+00:00,185.37,196.94,1.0
2026-07-10 04:20:00+00:00,184.81,196.05,1.0
2026-07-10 04:25:00+00:00,184.8,196.24,1.0
2026-07-10 04:30:00+00:00,184.25,195.58,1.0
2026-07-10 04:35:00+00:00,184.85,196.59,1.0
2026-07-10 04:40:00+00:00,184.83,196.53,1.0
2026-07-10 04:45:00+00:00,184.64,196.38,1.0
2026-07-10 04:50:00+00:00,183.96,195.51,1.0
2026-07-10 04:55:00+00:00,183.58,194.95,1.0
2026-07-10 05:00:00+00:00,183.29,194.17,1.0
2026-07-10 05:05:00+00:00,182.74,193.48,1.0
2026-07-10 05:10:00+00:00,183.46,194.75,1.0
2026-07-10 05:15:00+00:00,183.38,194.44,1.0
2026-07-10 05:20:00+00:00,183.6,194.42,1.0
2026-07-10 05:25:00+00:00,183.11,193.78,1.0
2026-07-10 05:30:00+00:00,183.51,194.35,1.0
2026-07-10 05:35:00+00:00,183.0,193.86,1.0
2026-07-10 05:40:00+00:00,182.91,193.52,1.0
2026-07-10 05:45:00+00:00,182.77,192.81,1.0
2026-07-10 05:50:00+00:00,182.61,192.35,1.0
2026-07-10 05:55:00+00:00,182.91,192.3,1.0
2026-07-10 06:00:00+00:00,182.65,191.54,1.0
2026-07-10 06:05:00+00:00,182.67,191.9,1.0
2026-07-10 06:10:00+00:00,182.6,191.61,1.0
2026-07-10 06:15:00+00:00,182.15,190.54,1.0
2026-07-10 06:20:00+00:00,181.38,190.12,1.0
2026-07-10 06:25:00+00:00,181.72,190.82,1.0
2026-07-10 06:30:00+00:00,182.15,190.85,1.0
2026-07-10 06:35:00+00:00,181.82,190.38,1.0
2026-07-10 06:40:00+00:00,181.79,190.0,1.0
2026-07-10 06:45:00+00:00,182.03,190.76,1.0
2026-07-10 06:50:00+00:00,182.15,190.72,1.0
2026-07-10 06:55:00+00:00,182.08,190.29,1.0
2026-07-10 07:00:00+00:00,181.87,190.29,1.0
2026-07-10 07:05:00+00:00,181.54,189.94,1.0
2026-07-10 07:10:00+00:00,181.75,189.43,1.0
2026-07-10 07:15:00+00:00,181.61,189.07,1.0
2026-07-10 07:20:00+00:00,181.8,189.4,1.0
2026-07-10 07:25:00+00:00,181.88,189.54,1.0
2026-07-10 07:30:00+00:00,181.76,189.48,1.0
2026-07-10 07:35:00+00:00,181.75,189.09,1.0
2026-07-10 07:40:00+00:00,181.74,189.18,1.0
2026-07-10 07:45:00+00:00,181.73,188.95,1.0
2026-07-10 07:50:00+00:00,181.67,188.66,1.0
2026-07-10 07:55:00+00:00,181.94,188.84,1.0
2026-07-10 08:00:00+00:00,181.33,188.87,1.0
2026-07-10 08:05:00+00:00,181.51,188.49,1.0
2026-07-10 08:10:00+00:00,181.6,188.57,1.0
2026-07-10 08:15:00+00:00,181.72,188.48,1.0
2026-07-10 08:20:00+00:00,181.38,188.42,1.0
2026-07-10 08:25:00+00:00,181.29,188.28,1.0
2026-07-10 08:30:00+00:00,181.47,188.44,1.0
2026-07-10 08:35:00+00:00,181.49,188.76,1.0
2026-07-10 08:40:00+00:00,181.59,189.31,1.0
2026-07-10 08:45:00+00:00,181.86,189.45,1.0
2026-07-10 08:50:00+00:00,181.76,189.5,1.0
2026-07-10 08:55:00+00:00,181.68,189.5,1.0
2026-07-10 09:00:00+00:00,180.92,189.13,1.0
2026-07-10 09:05:00+00:00,181.06,188.28,1.0
2026-07-10 09:10:00+00:00,181.39,188.64,1.0
2026-07-10 09:15:00+00:00,181.71,188.95,1.0
2026-07-10 09:20:00+00:00,181.58,189.1,1.0
2026-07-10 09:25:00+00:00,181.62,189.41,1.0
2026-07-10 09:30:00+00:00,181.55,189.42,1.0
2026-07-10 09:35:00+00:00,182.06,189.93,1.0
2026-07-10 09:40:00+00:00,182.18,189.98,1.0
2026-07-10 09:45:00+00:00,182.4,189.83,1.0
2026-07-10 09:50:00+00:00,182.48,190.14,1.0
2026-07-10 09:55:00+00:00,182.36,189.96,1.0
2026-07-10 10:00:00+00:00,182.52,190.41,1.0
2026-07-10 10:05:00+00:00,182.52,190.6,1.0
2026-07-10 10:10:00+00:00,182.37,190.39,1.0
2026-07-10 10:15:00+00:00,182.38,190.17,1.0
2026-07-10 10:20:00+00:00,182.36,190.1,1.0
2026-07-10 10:25:00+00:00,182.55,190.32,1.0
2026-07-10 10:30:00+00:00,182.89,190.64,1.0
2026-07-10 10:35:00+00:00,182.82,190.59,1.0
2026-07-10 10:40:00+00:00,182.88,190.15,1.0
2026-07-10 10:45:00+00:00,182.58,189.64,1.0
2026-07-10 10:50:00+00:00,182.79,190.14,1.0
2026-07-10 10:55:00+00:00,182.82,190.81,1.0
2026-07-10 11:00:00+00:00,183.43,191.25,1.0
2026-07-10 11:05:00+00:00,183.37,191.18,1.0
2026-07-10 11:10:00+00:00,183.54,191.7,1.0
2026-07-10 11:15:00+00:00,183.65,191.52,1.0
2026-07-10 11:20:00+00:00,183.86,191.75,1.0
2026-07-10 11:25:00+00:00,183.25,190.81,1.0
2026-07-10 11:30:00+00:00,183.06,190.55,1.0
2026-07-10 11:35:00+00:00,182.71,190.21,1.0
2026-07-10 11:40:00+00:00,183.05,190.24,1.0
2026-07-10 11:45:00+00:00,182.87,189.81,1.0
2026-07-10 11:50:00+00:00,182.24,189.42,1.0
2026-07-10 11:55:00+00:00,182.55,189.32,1.0
2026-07-10 12:00:00+00:00,182.01,188.37,1.0
2026-07-10 12:05:00+00:00,182.38,188.68,1.0
2026-07-10 12:10:00+00:00,183.06,189.62,1.0
2026-07-10 12:15:00+00:00,182.98,189.48,1.0
2026-07-10 12:20:00+00:00,182.92,189.63,1.0
2026-07-10 12:25:00+00:00,182.95,189.75,1.0
2026-07-10 12:30:00+00:00,182.91,189.71,1.0
2026-07-10 12:35:00+00:00,183.03,190.36,1.0
2026-07-10 12:40:00+00:00,182.71,189.99,1.0
2026-07-10 12:45:00+00:00,182.65,189.32,1.0
2026-07-10 12:50:00+00:00,182.14,188.89,1.0
2026-07-10 12:55:00+00:00,181.59,188.62,1.0
2026-07-10 13:00:00+00:00,181.52,188.43,1.0
2026-07-10 13:05:00+00:00,181.3,187.95,1.0
2026-07-10 13:10:00+00:00,181.46,188.16,1.0
2026-07-10 13:15:00+00:00,181.75,187.87,1.0
2026-07-10 13:20:00+00:00,181.58,187.88,1.0
2026-07-10 13:25:00+00:00,181.58,187.26,1.0
2026-07-10 13:30:00+00:00,181.41,186.26,1.0
2026-07-10 13:35:00+00:00,181.09,186.2,1.0
2026-07-10 13:40:00+00:00,180.42,184.82,1.0
2026-07-10 13:45:00+00:00,181.37,186.6,1.0
2026-07-10 13:50:00+00:00,182.22,187.01,1.0
2026-07-10 13:55:00+00:00,181.88,186.45,1.0
2026-07-10 14:00:00+00:00,182.8,188.18,1.0
2026-07-10 14:05:00+00:00,183.14,189.31,1.0
2026-07-10 14:10:00+00:00,182.83,188.71,1.0
2026-07-10 14:15:00+00:00,182.64,188.72,1.0
2026-07-10 14:20:00+00:00,182.36,188.62,1.0
2026-07-10 14:25:00+00:00,182.75,188.62,1.0
2026-07-10 14:30:00+00:00,182.23,188.85,1.0
2026-07-10 14:35:00+00:00,182.78,189.87,1.0
2026-07-10 14:40:00+00:00,182.86,189.98,1.0
2026-07-10 14:45:00+00:00,183.17,190.28,1.0
2026-07-10 14:50:00+00:00,182.72,189.63,1.0
2026-07-10 14:55:00+00:00,182.24,188.99,1.0
2026-07-10 15:00:00+00:00,182.53,189.9,1.0
2026-07-10 15:05:00+00:00,182.84,189.71,1.0
2026-07-10 15:10:00+00:00,183.02,189.66,1.0
2026-07-10 15:15:00+00:00,184.02,190.76,1.0
2026-07-10 15:20:00+00:00,184.29,191.4,1.0
2026-07-10 15:25:00+00:00,184.73,192.21,1.0
2026-07-10 15:30:00+00:00,184.65,192.22,1.0
2026-07-10 15:35:00+00:00,183.62,190.35,1.0
2026-07-10 15:40:00+00:00,181.23,187.08,1.0
2026-07-10 15:45:00+00:00,181.73,187.46,1.0
2026-07-10 15:50:00+00:00,182.16,187.68,1.0
2026-07-10 15:55:00+00:00,183.05,188.46,1.0
2026-07-10 16:00:00+00:00,183.44,189.65,1.0
2026-07-10 16:05:00+00:00,183.01,189.58,1.0
2026-07-10 16:10:00+00:00,183.3,190.3,1.0
2026-07-10 16:15:00+00:00,183.21,191.3,1.0
2026-07-10 16:20:00+00:00,183.38,192.21,1.0
2026-07-10 16:25:00+00:00,183.57,192.97,1.0
2026-07-10 16:30:00+00:00,183.62,193.0,1.0
2026-07-10 16:35:00+00:00,183.11,192.34,1.0
2026-07-10 16:40:00+00:00,183.18,192.28,1.0
2026-07-10 16:45:00+00:00,183.41,192.46,1.0
2026-07-10 16:50:00+00:00,183.69,192.45,1.0
2026-07-10 16:55:00+00:00,183.28,191.98,1.0
2026-07-10 17:00:00+00:00,182.78,191.6,1.0
2026-07-10 17:05:00+00:00,182.82,191.67,1.0
2026-07-10 17:10:00+00:00,182.98,191.39,1.0
2026-07-10 17:15:00+00:00,182.82,190.92,1.0
2026-07-10 17:20:00+00:00,183.34,191.63,1.0
2026-07-10 17:25:00+00:00,183.45,191.64,1.0
2026-07-10 17:30:00+00:00,183.45,191.6,1.0
2026-07-10 17:35:00+00:00,183.57,191.83,1.0
2026-07-10 17:40:00+00:00,183.78,192.09,1.0
2026-07-10 17:45:00+00:00,183.86,192.24,1.0
2026-07-10 17:50:00+00:00,183.67,191.56,1.0
2026-07-10 17:55:00+00:00,183.54,191.32,1.0
2026-07-10 18:00:00+00:00,183.84,191.69,1.0
2026-07-10 18:05:00+00:00,184.15,192.18,1.0
2026-07-10 18:10:00+00:00,183.68,191.99,1.0
2026-07-10 18:15:00+00:00,183.62,191.9,1.0
2026-07-10 18:20:00+00:00,183.74,192.05,1.0
2026-07-10 18:25:00+00:00,183.71,191.45,1.0
2026-07-10 18:30:00+00:00,183.84,191.69,1.0
2026-07-10 18:35:00+00:00,183.53,191.19,1.0
2026-07-10 18:40:00+00:00,183.54,191.08,1.0
2026-07-10 18:45:00+00:00,183.45,191.17,1.0
2026-07-10 18:50:00+00:00,183.53,191.03,1.0
2026-07-10 18:55:00+00:00,183.73,191.26,1.0
2026-07-10 19:00:00+00:00,184.0,191.57,1.0
2026-07-10 19:05:00+00:00,183.84,191.12,1.0
2026-07-10 19:10:00+00:00,183.77,191.13,1.0
2026-07-10 19:15:00+00:00,183.75,191.05,1.0
2026-07-10 19:20:00+00:00,183.66,190.88,1.0
2026-07-10 19:25:00+00:00,183.6,190.87,1.0
2026-07-10 19:30:00+00:00,183.42,190.98,1.0
2026-07-10 19:35:00+00:00,183.48,191.09,1.0
2026-07-10 19:40:00+00:00,183.47,191.21,1.0
2026-07-10 19:45:00+00:00,183.22,191.1,1.0
2026-07-10 19:50:00+00:00,183.38,191.28,1.0
2026-07-10 19:55:00+00:00,183.56,191.49,1.0
2026-07-10 20:00:00+00:00,183.63,191.68,1.0
2026-07-10 20:05:00+00:00,183.63,191.62,1.0
2026-07-10 20:10:00+00:00,183.53,191.83,1.0
2026-07-10 20:15:00+00:00,183.54,191.73,1.0
2026-07-10 20:20:00+00:00,183.47,191.39,1.0
2026-07-10 20:25:00+00:00,183.39,191.34,1.0
2026-07-10 20:30:00+00:00,183.31,191.31,1.0
2026-07-10 20:35:00+00:00,183.35,191.36,1.0
2026-07-10 20:40:00+00:00,183.47,191.61,1.0
2026-07-10 20:45:00+00:00,183.42,191.53,1.0
2026-07-10 20:50:00+00:00,183.33,191.55,1.0
2026-07-10 20:55:00+00:00,183.31,191.52,1.0
2026-07-10 21:00:00+00:00,183.22,191.49,1.0
2026-07-10 21:05:00+00:00,183.2,191.4,1.0
2026-07-10 21:10:00+00:00,183.34,191.6,1.0
2026-07-10 21:15:00+00:00,183.34,191.48,1.0
2026-07-10 21:20:00+00:00,183.3,191.62,1.0
2026-07-10 21:25:00+00:00,183.27,191.41,1.0
2026-07-10 21:30:00+00:00,183.24,191.11,1.0
2026-07-10 21:35:00+00:00,183.32,191.28,1.0
2026-07-10 21:40:00+00:00,183.35,191.41,1.0
2026-07-10 21:45:00+00:00,183.41,191.32,1.0
2026-07-10 21:50:00+00:00,183.37,191.28,1.0
2026-07-10 21:55:00+00:00,183.26,191.2,1.0
2026-07-10 22:00:00+00:00,183.27,191.04,1.0
2026-07-10 22:05:00+00:00,183.31,191.12,1.0
2026-07-10 22:10:00+00:00,183.35,191.19,1.0
2026-07-10 22:15:00+00:00,183.28,191.12,1.0
2026-07-10 22:20:00+00:00,183.49,191.16,1.0
2026-07-10 22:25:00+00:00,183.45,190.93,1.0
2026-07-10 22:30:00+00:00,183.42,191.02,1.0
2026-07-10 22:35:00+00:00,183.31,190.87,1.0
2026-07-10 22:40:00+00:00,183.22,190.82,1.0
2026-07-10 22:45:00+00:00,183.18,190.94,1.0
2026-07-10 22:50:00+00:00,183.2,191.12,1.0
2026-07-10 22:55:00+00:00,183.25,191.18,1.0
2026-07-10 23:00:00+00:00,183.25,191.19,1.0
2026-07-10 23:05:00+00:00,183.31,191.14,1.0
2026-07-10 23:10:00+00:00,183.3,191.22,1.0
2026-07-10 23:15:00+00:00,183.27,191.11,1.0
2026-07-10 23:20:00+00:00,183.24,191.07,1.0
2026-07-10 23:25:00+00:00,183.2,190.89,1.0
2026-07-10 23:30:00+00:00,183.18,190.84,1.0
2026-07-10 23:35:00+00:00,183.18,190.89,1.0
2026-07-10 23:40:00+00:00,183.21,190.98,1.0
2026-07-10 23:45:00+00:00,183.18,191.02,1.0
2026-07-10 23:50:00+00:00,183.3,191.33,1.0
2026-07-10 23:55:00+00:00,183.42,191.42,1.0
2026-07-11 00:00:00+00:00,183.42,191.53,1.0
2026-07-11 00:05:00+00:00,183.29,191.3,1.0
2026-07-11 00:10:00+00:00,183.41,191.57,1.0
2026-07-11 00:15:00+00:00,183.05,191.21,1.0
2026-07-11 00:20:00+00:00,183.0,191.1,1.0
2026-07-11 00:25:00+00:00,182.92,190.87,1.0
2026-07-11 00:30:00+00:00,182.95,190.72,1.0
2026-07-11 00:35:00+00:00,183.23,190.74,1.0
2026-07-11 00:40:00+00:00,183.09,190.97,1.0
2026-07-11 00:45:00+00:00,183.0,190.58,1.0
2026-07-11 00:50:00+00:00,182.91,190.62,1.0
2026-07-11 00:55:00+00:00,183.15,190.46,1.0
2026-07-11 01:00:00+00:00,183.19,190.54,1.0
2026-07-11 01:05:00+00:00,183.34,190.92,1.0
2026-07-11 01:10:00+00:00,183.31,190.71,1.0
2026-07-11 01:15:00+00:00,183.38,190.45,1.0
2026-07-11 01:20:00+00:00,183.15,190.79,1.0
2026-07-11 01:25:00+00:00,183.23,190.93,1.0
2026-07-11 01:30:00+00:00,183.18,190.88,1.0
2026-07-11 01:35:00+00:00,183.11,190.8,1.0
2026-07-11 01:40:00+00:00,182.9,190.52,1.0
2026-07-11 01:45:00+00:00,183.04,190.66,1.0
2026-07-11 01:50:00+00:00,183.09,190.39,1.0
2026-07-11 01:55:00+00:00,183.1,190.4,1.0
2026-07-11 02:00:00+00:00,183.09,190.4,1.0
2026-07-11 02:05:00+00:00,183.03,190.54,1.0
2026-07-11 02:10:00+00:00,183.24,190.97,1.0
2026-07-11 02:15:00+00:00,183.39,191.57,1.0
2026-07-11 02:20:00+00:00,183.4,191.66,1.0
2026-07-11 02:25:00+00:00,183.37,191.75,1.0
2026-07-11 02:30:00+00:00,183.38,191.61,1.0
2026-07-11 02:35:00+00:00,183.28,191.47,1.0
2026-07-11 02:40:00+00:00,183.33,191.49,1.0
2026-07-11 02:45:00+00:00,183.44,191.37,1.0
2026-07-11 02:50:00+00:00,183.41,191.33,1.0
2026-07-11 02:55:00+00:00,183.27,191.41,1.0
2026-07-11 03:00:00+00:00,183.25,191.52,1.0
2026-07-11 03:05:00+00:00,183.47,191.46,1.0
2026-07-11 03:10:00+00:00,183.39,191.44,1.0
2026-07-11 03:15:00+00:00,183.39,191.34,1.0
2026-07-11 03:20:00+00:00,183.39,191.49,1.0
2026-07-11 03:25:00+00:00,183.38,191.31,1.0
2026-07-11 03:30:00+00:00,183.37,191.39,1.0
2026-07-11 03:35:00+00:00,183.37,191.34,1.0
2026-07-11 03:40:00+00:00,183.41,191.38,1.0
2026-07-11 03:45:00+00:00,183.4,191.34,1.0
2026-07-11 03:50:00+00:00,183.32,191.34,1.0
2026-07-11 03:55:00+00:00,183.31,191.29,1.0
2026-07-11 04:00:00+00:00,183.26,191.3,1.0
2026-07-11 04:05:00+00:00,183.33,191.44,1.0
2026-07-11 04:10:00+00:00,183.37,191.48,1.0
2026-07-11 04:15:00+00:00,183.33,191.37,1.0
2026-07-11 04:20:00+00:00,183.16,191.33,1.0
2026-07-11 04:25:00+00:00,183.14,190.98,1.0
2026-07-11 04:30:00+00:00,183.02,190.68,1.0
2026-07-11 04:35:00+00:00,183.18,191.11,1.0
2026-07-11 04:40:00+00:00,183.12,191.04,1.0
2026-07-11 04:45:00+00:00,183.12,191.1,1.0
2026-07-11 04:50:00+00:00,183.05,191.04,1.0
2026-07-11 04:55:00+00:00,183.06,191.05,1.0
2026-07-11 05:00:00+00:00,183.08,191.1,1.0
2026-07-11 05:05:00+00:00,183.02,191.09,1.0
2026-07-11 05:10:00+00:00,183.01,191.05,1.0
2026-07-11 05:15:00+00:00,183.04,191.09,1.0
2026-07-11 05:20:00+00:00,183.15,191.26,1.0
2026-07-11 05:25:00+00:00,183.2,191.31,1.0
2026-07-11 05:30:00+00:00,183.31,191.42,1.0
2026-07-11 05:35:00+00:00,183.2,191.2,1.0
2026-07-11 05:40:00+00:00,183.16,191.1,1.0
2026-07-11 05:45:00+00:00,183.15,191.04,1.0
2026-07-11 05:50:00+00:00,183.12,191.16,1.0
2026-07-11 05:55:00+00:00,183.16,191.32,1.0
2026-07-11 06:00:00+00:00,183.19,191.59,1.0
2026-07-11 06:05:00+00:00,183.29,191.38,1.0
2026-07-11 06:10:00+00:00,183.17,191.23,1.0
2026-07-11 06:15:00+00:00,183.21,191.38,1.0
2026-07-11 06:20:00+00:00,183.25,191.55,1.0
2026-07-11 06:25:00+00:00,183.24,191.58,1.0
2026-07-11 06:30:00+00:00,183.19,191.54,1.0
2026-07-11 06:35:00+00:00,183.25,191.55,1.0
2026-07-11 06:40:00+00:00,183.33,191.7,1.0
2026-07-11 06:45:00+00:00,183.36,191.72,1.0
2026-07-11 06:50:00+00:00,183.46,192.0,1.0
2026-07-11 06:55:00+00:00,183.4,191.87,1.0
2026-07-11 07:00:00+00:00,183.34,191.89,1.0
2026-07-11 07:05:00+00:00,183.24,191.83,1.0
2026-07-11 07:10:00+00:00,183.29,192.02,1.0
2026-07-11 07:15:00+00:00,183.55,192.23,1.0
2026-07-11 07:20:00+00:00,183.33,192.13,1.0
2026-07-11 07:25:00+00:00,183.27,191.63,1.0
2026-07-11 07:30:00+00:00,183.19,191.62,1.0
2026-07-11 07:35:00+00:00,183.19,191.66,1.0
2026-07-11 07:40:00+00:00,183.12,191.68,1.0
2026-07-11 07:45:00+00:00,183.06,191.74,1.0
2026-07-11 07:50:00+00:00,183.06,191.56,1.0
2026-07-11 07:55:00+00:00,183.09,191.6,1.0
2026-07-11 08:00:00+00:00,183.16,191.68,1.0
2026-07-11 08:05:00+00:00,183.22,191.45,1.0
2026-07-11 08:10:00+00:00,183.26,191.5,1.0
2026-07-11 08:15:00+00:00,183.35,191.68,1.0
2026-07-11 08:20:00+00:00,183.3,191.65,1.0
2026-07-11 08:25:00+00:00,183.24,191.65,1.0
2026-07-11 08:30:00+00:00,183.35,191.65,1.0
2026-07-11 08:35:00+00:00,183.24,191.66,1.0
2026-07-11 08:40:00+00:00,183.26,191.68,1.0
2026-07-11 08:45:00+00:00,183.26,191.54,1.0
2026-07-11 08:50:00+00:00,183.29,191.58,1.0
2026-07-11 08:55:00+00:00,183.21,191.73,1.0
2026-07-11 09:00:00+00:00,183.13,191.51,1.0
2026-07-11 09:05:00+00:00,183.18,191.59,1.0
2026-07-11 09:10:00+00:00,183.17,191.6,1.0
2026-07-11 09:15:00+00:00,183.17,191.6,1.0
2026-07-11 09:20:00+00:00,183.32,192.13,1.0
2026-07-11 09:25:00+00:00,183.56,192.09,1.0
2026-07-11 09:30:00+00:00,183.5,192.19,1.0
2026-07-11 09:35:00+00:00,183.36,191.78,1.0
2026-07-11 09:40:00+00:00,183.3,191.7,1.0
2026-07-11 09:45:00+00:00,183.26,191.56,1.0
2026-07-11 09:50:00+00:00,183.28,191.77,1.0
2026-07-11 09:55:00+00:00,183.27,191.91,1.0
2026-07-11 10:00:00+00:00,183.23,191.76,1.0
2026-07-11 10:05:00+00:00,183.28,191.82,1.0
2026-07-11 10:10:00+00:00,183.25,191.73,1.0
2026-07-11 10:15:00+00:00,183.22,191.79,1.0
2026-07-11 10:20:00+00:00,183.25,191.65,1.0
2026-07-11 10:25:00+00:00,183.31,191.79,1.0
2026-07-11 10:30:00+00:00,183.35,191.83,1.0
2026-07-11 10:35:00+00:00,183.37,191.76,1.0
2026-07-11 10:40:00+00:00,183.38,191.84,1.0
2026-07-11 10:45:00+00:00,183.41,192.02,1.0
2026-07-11 10:50:00+00:00,183.37,192.11,1.0
2026-07-11 10:55:00+00:00,183.44,192.18,1.0
2026-07-11 11:00:00+00:00,183.35,191.9,1.0
2026-07-11 11:05:00+00:00,183.36,191.91,1.0
2026-07-11 11:10:00+00:00,183.35,192.03,1.0
2026-07-11 11:15:00+00:00,183.35,191.87,1.0
2026-07-11 11:20:00+00:00,183.43,191.91,1.0
2026-07-11 11:25:00+00:00,183.45,192.05,1.0
2026-07-11 11:30:00+00:00,183.42,192.04,1.0
2026-07-11 11:35:00+00:00,183.42,191.97,1.0
2026-07-11 11:40:00+00:00,183.43,192.0,1.0
2026-07-11 11:45:00+00:00,183.4,191.97,1.0
2026-07-11 11:50:00+00:00,183.41,191.99,1.0
2026-07-11 11:55:00+00:00,183.48,192.09,1.0
2026-07-11 12:00:00+00:00,183.53,192.11,1.0
2026-07-11 12:05:00+00:00,183.51,192.1,1.0
2026-07-11 12:10:00+00:00,183.53,192.21,1.0
2026-07-11 12:15:00+00:00,183.48,192.1,1.0
2026-07-11 12:20:00+00:00,183.48,192.04,1.0
2026-07-11 12:25:00+00:00,183.62,192.37,1.0
2026-07-11 12:30:00+00:00,183.6,192.53,1.0
2026-07-11 12:35:00+00:00,183.48,192.28,1.0
2026-07-11 12:40:00+00:00,183.39,192.17,1.0
2026-07-11 12:45:00+00:00,183.38,192.2,1.0
2026-07-11 12:50:00+00:00,183.32,192.09,1.0
2026-07-11 12:55:00+00:00,183.35,192.09,1.0
2026-07-11 13:00:00+00:00,183.35,192.08,1.0
2026-07-11 13:05:00+00:00,183.32,191.87,1.0
2026-07-11 13:10:00+00:00,183.32,192.09,1.0
2026-07-11 13:15:00+00:00,183.31,191.97,1.0
2026-07-11 13:20:00+00:00,183.28,192.03,1.0
2026-07-11 13:25:00+00:00,183.26,191.86,1.0
2026-07-11 13:30:00+00:00,183.4,192.07,1.0
2026-07-11 13:35:00+00:00,183.48,192.2,1.0
2026-07-11 13:40:00+00:00,183.49,192.16,1.0
2026-07-11 13:45:00+00:00,183.41,192.12,1.0
2026-07-11 13:50:00+00:00,183.39,192.03,1.0
2026-07-11 13:55:00+00:00,183.42,191.98,1.0
2026-07-11 14:00:00+00:00,183.34,191.81,1.0
2026-07-11 14:05:00+00:00,183.33,191.66,1.0
2026-07-11 14:10:00+00:00,183.28,191.47,1.0
2026-07-11 14:15:00+00:00,183.24,191.32,1.0
2026-07-11 14:20:00+00:00,183.34,191.37,1.0
2026-07-11 14:25:00+00:00,183.33,191.76,1.0
2026-07-11 14:30:00+00:00,183.38,191.68,1.0
2026-07-11 14:35:00+00:00,183.39,191.7,1.0
2026-07-11 14:40:00+00:00,183.46,191.69,1.0
2026-07-11 14:45:00+00:00,183.37,191.43,1.0
2026-07-11 14:50:00+00:00,183.36,191.43,1.0
2026-07-11 14:55:00+00:00,183.37,191.39,1.0
2026-07-11 15:00:00+00:00,183.33,191.41,1.0
2026-07-11 15:05:00+00:00,183.35,191.5,1.0
2026-07-11 15:10:00+00:00,183.46,191.63,1.0
2026-07-11 15:15:00+00:00,183.39,191.65,1.0
2026-07-11 15:20:00+00:00,183.53,191.81,1.0
2026-07-11 15:25:00+00:00,183.41,191.55,1.0
2026-07-11 15:30:00+00:00,183.4,191.54,1.0
2026-07-11 15:35:00+00:00,183.34,191.41,1.0
2026-07-11 15:40:00+00:00,183.29,191.45,1.0
2026-07-11 15:45:00+00:00,183.23,191.32,1.0
2026-07-11 15:50:00+00:00,183.35,191.48,1.0
2026-07-11 15:55:00+00:00,183.36,191.42,1.0
2026-07-11 16:00:00+00:00,183.33,191.35,1.0
2026-07-11 16:05:00+00:00,183.35,191.5,1.0
2026-07-11 16:10:00+00:00,183.27,191.54,1.0
2026-07-11 16:15:00+00:00,183.26,191.6,1.0
2026-07-11 16:20:00+00:00,183.4,191.76,1.0
2026-07-11 16:25:00+00:00,183.39,191.8,1.0
2026-07-11 16:30:00+00:00,183.47,191.95,1.0
2026-07-11 16:35:00+00:00,183.43,191.94,1.0
2026-07-11 16:40:00+00:00,183.36,191.71,1.0
2026-07-11 16:45:00+00:00,183.39,191.75,1.0
2026-07-11 16:50:00+00:00,183.37,191.75,1.0
2026-07-11 16:55:00+00:00,183.45,191.8,1.0
2026-07-11 17:00:00+00:00,183.46,191.76,1.0
2026-07-11 17:05:00+00:00,183.61,192.23,1.0
2026-07-11 17:10:00+00:00,183.65,192.22,1.0
2026-07-11 17:15:00+00:00,183.55,192.16,1.0
2026-07-11 17:20:00+00:00,183.54,192.11,1.0
2026-07-11 17:25:00+00:00,183.57,192.36,1.0
2026-07-11 17:30:00+00:00,183.53,192.3,1.0
2026-07-11 17:35:00+00:00,183.54,192.37,1.0
2026-07-11 17:40:00+00:00,183.54,192.45,1.0
2026-07-11 17:45:00+00:00,183.59,192.26,1.0
2026-07-11 17:50:00+00:00,183.61,192.45,1.0
2026-07-11 17:55:00+00:00,183.62,192.36,1.0
2026-07-11 18:00:00+00:00,183.5,192.03,1.0
2026-07-11 18:05:00+00:00,183.48,192.13,1.0
2026-07-11 18:10:00+00:00,183.45,192.09,1.0
2026-07-11 18:15:00+00:00,183.48,192.29,1.0
2026-07-11 18:20:00+00:00,183.44,192.28,1.0
2026-07-11 18:25:00+00:00,183.34,192.18,1.0
2026-07-11 18:30:00+00:00,183.36,192.24,1.0
2026-07-11 18:35:00+00:00,183.34,192.23,1.0
2026-07-11 18:40:00+00:00,183.34,192.26,1.0
2026-07-11 18:45:00+00:00,183.25,192.2,1.0
2026-07-11 18:50:00+00:00,183.24,192.13,1.0
2026-07-11 18:55:00+00:00,183.31,192.15,1.0
2026-07-11 19:00:00+00:00,183.35,192.27,1.0
2026-07-11 19:05:00+00:00,183.39,192.31,1.0
2026-07-11 19:10:00+00:00,183.38,192.19,1.0
2026-07-11 19:15:00+00:00,183.31,192.23,1.0
2026-07-11 19:20:00+00:00,183.38,192.25,1.0
2026-07-11 19:25:00+00:00,183.32,192.32,1.0
2026-07-11 19:30:00+00:00,183.37,192.43,1.0
2026-07-11 19:35:00+00:00,183.36,192.53,1.0
2026-07-11 19:40:00+00:00,183.41,192.59,1.0
2026-07-11 19:45:00+00:00,183.54,192.68,1.0
2026-07-11 19:50:00+00:00,183.56,192.74,1.0
2026-07-11 19:55:00+00:00,183.55,192.62,1.0
2026-07-11 20:00:00+00:00,183.56,192.64,1.0
2026-07-11 20:05:00+00:00,183.55,192.7,1.0
2026-07-11 20:10:00+00:00,183.53,192.65,1.0
2026-07-11 20:15:00+00:00,183.49,192.64,1.0
2026-07-11 20:20:00+00:00,183.51,192.74,1.0
2026-07-11 20:25:00+00:00,183.42,192.54,1.0
2026-07-11 20:30:00+00:00,183.48,192.59,1.0
2026-07-11 20:35:00+00:00,183.44,192.59,1.0
2026-07-11 20:40:00+00:00,183.44,192.55,1.0
2026-07-11 20:45:00+00:00,183.44,192.64,1.0
2026-07-11 20:50:00+00:00,183.47,192.72,1.0
2026-07-11 20:55:00+00:00,183.53,192.75,1.0
2026-07-11 21:00:00+00:00,183.53,192.81,1.0
2026-07-11 21:05:00+00:00,183.51,192.72,1.0
2026-07-11 21:10:00+00:00,183.63,192.43,1.0
2026-07-11 21:15:00+00:00,183.49,192.51,1.0
2026-07-11 21:20:00+00:00,183.41,192.5,1.0
2026-07-11 21:25:00+00:00,183.44,192.52,1.0
2026-07-11 21:30:00+00:00,183.46,192.53,1.0
2026-07-11 21:35:00+00:00,183.46,192.57,1.0
2026-07-11 21:40:00+00:00,183.35,192.27,1.0
2026-07-11 21:45:00+00:00,183.35,192.28,1.0
2026-07-11 21:50:00+00:00,183.34,192.18,1.0
2026-07-11 21:55:00+00:00,183.57,192.71,1.0
2026-07-11 22:00:00+00:00,183.6,192.71,1.0
2026-07-11 22:05:00+00:00,183.74,193.07,1.0
2026-07-11 22:10:00+00:00,183.67,192.9,1.0
2026-07-11 22:15:00+00:00,183.62,192.9,1.0
2026-07-11 22:20:00+00:00,183.41,192.33,1.0
2026-07-11 22:25:00+00:00,183.41,192.09,1.0
2026-07-11 22:30:00+00:00,183.37,192.24,1.0
2026-07-11 22:35:00+00:00,183.31,191.93,1.0
2026-07-11 22:40:00+00:00,183.28,191.74,1.0
2026-07-11 22:45:00+00:00,183.36,191.66,1.0
2026-07-11 22:50:00+00:00,183.2,191.32,1.0
2026-07-11 22:55:00+00:00,183.28,191.41,1.0
2026-07-11 23:00:00+00:00,183.22,191.13,1.0
2026-07-11 23:05:00+00:00,183.0,191.02,1.0
2026-07-11 23:10:00+00:00,182.92,190.67,1.0
2026-07-11 23:15:00+00:00,182.77,190.61,1.0
2026-07-11 23:20:00+00:00,182.4,190.5,1.0
2026-07-11 23:25:00+00:00,182.43,190.61,1.0
2026-07-11 23:30:00+00:00,182.49,190.82,1.0
2026-07-11 23:35:00+00:00,182.32,190.71,1.0
2026-07-11 23:40:00+00:00,182.2,190.71,1.0
2026-07-11 23:45:00+00:00,182.33,190.84,1.0
2026-07-11 23:50:00+00:00,182.37,190.88,1.0
2026-07-11 23:55:00+00:00,182.26,190.86,1.0
2026-07-12 00:00:00+00:00,182.32,191.24,1.0
2026-07-12 00:05:00+00:00,182.24,191.08,1.0
2026-07-12 00:10:00+00:00,182.14,191.04,1.0
2026-07-12 00:15:00+00:00,182.16,190.93,1.0
2026-07-12 00:20:00+00:00,182.14,190.81,1.0
2026-07-12 00:25:00+00:00,182.14,190.76,1.0
2026-07-12 00:30:00+00:00,182.25,190.9,1.0
2026-07-12 00:35:00+00:00,182.31,191.03,1.0
2026-07-12 00:40:00+00:00,182.5,191.14,1.0
2026-07-12 00:45:00+00:00,182.15,191.03,1.0
2026-07-12 00:50:00+00:00,182.16,191.02,1.0
2026-07-12 00:55:00+00:00,182.05,190.7,1.0
2026-07-12 01:00:00+00:00,181.87,190.06,1.0
2026-07-12 01:05:00+00:00,181.58,189.9,1.0
2026-07-12 01:10:00+00:00,181.5,190.19,1.0
2026-07-12 01:15:00+00:00,181.93,190.47,1.0
2026-07-12 01:20:00+00:00,182.33,190.56,1.0
2026-07-12 01:25:00+00:00,182.15,190.68,1.0
2026-07-12 01:30:00+00:00,181.98,190.65,1.0
2026-07-12 01:35:00+00:00,181.79,190.42,1.0
2026-07-12 01:40:00+00:00,181.54,190.37,1.0
2026-07-12 01:45:00+00:00,181.86,190.66,1.0
2026-07-12 01:50:00+00:00,181.83,190.64,1.0
2026-07-12 01:55:00+00:00,181.69,190.53,1.0
2026-07-12 02:00:00+00:00,181.45,190.29,1.0
2026-07-12 02:05:00+00:00,181.34,190.19,1.0
2026-07-12 02:10:00+00:00,181.89,190.13,1.0
2026-07-12 02:15:00+00:00,181.75,189.87,1.0
2026-07-12 02:20:00+00:00,181.81,190.05,1.0
2026-07-12 02:25:00+00:00,182.02,190.32,1.0
2026-07-12 02:30:00+00:00,182.15,190.43,1.0
2026-07-12 02:35:00+00:00,182.07,190.39,1.0
2026-07-12 02:40:00+00:00,182.11,190.31,1.0
2026-07-12 02:45:00+00:00,182.02,190.27,1.0
2026-07-12 02:50:00+00:00,182.07,190.29,1.0
2026-07-12 02:55:00+00:00,182.07,190.37,1.0
2026-07-12 03:00:00+00:00,182.11,190.51,1.0
2026-07-12 03:05:00+00:00,182.17,190.92,1.0
2026-07-12 03:10:00+00:00,182.11,190.75,1.0
2026-07-12 03:15:00+00:00,182.17,190.99,1.0
2026-07-12 03:20:00+00:00,182.21,191.02,1.0
2026-07-12 03:25:00+00:00,182.25,191.02,1.0
2026-07-12 03:30:00+00:00,182.45,191.34,1.0
2026-07-12 03:35:00+00:00,182.39,191.32,1.0
2026-07-12 03:40:00+00:00,182.46,191.13,1.0
2026-07-12 03:45:00+00:00,182.4,191.09,1.0
2026-07-12 03:50:00+00:00,182.41,191.01,1.0
2026-07-12 03:55:00+00:00,182.41,190.97,1.0
2026-07-12 04:00:00+00:00,182.42,191.07,1.0
2026-07-12 04:05:00+00:00,182.57,191.12,1.0
2026-07-12 04:10:00+00:00,182.59,191.26,1.0
2026-07-12 04:15:00+00:00,182.36,190.97,1.0
2026-07-12 04:20:00+00:00,182.43,190.98,1.0
2026-07-12 04:25:00+00:00,182.41,191.07,1.0
2026-07-12 04:30:00+00:00,182.56,191.09,1.0
2026-07-12 04:35:00+00:00,182.56,191.18,1.0
2026-07-12 04:40:00+00:00,182.56,191.23,1.0
2026-07-12 04:45:00+00:00,182.48,191.1,1.0
2026-07-12 04:50:00+00:00,182.49,190.95,1.0
2026-07-12 04:55:00+00:00,182.6,190.95,1.0
2026-07-12 05:00:00+00:00,182.6,190.92,1.0
2026-07-12 05:05:00+00:00,182.67,190.7,1.0
2026-07-12 05:10:00+00:00,182.81,190.71,1.0
2026-07-12 05:15:00+00:00,182.91,190.7,1.0
2026-07-12 05:20:00+00:00,183.0,190.84,1.0
2026-07-12 05:25:00+00:00,183.04,190.99,1.0
2026-07-12 05:30:00+00:00,183.02,191.0,1.0
2026-07-12 05:35:00+00:00,183.0,190.81,1.0
2026-07-12 05:40:00+00:00,183.0,190.63,1.0
2026-07-12 05:45:00+00:00,182.99,190.77,1.0
2026-07-12 05:50:00+00:00,182.97,190.66,1.0
2026-07-12 05:55:00+00:00,182.99,190.69,1.0
2026-07-12 06:00:00+00:00,182.9,190.74,1.0
2026-07-12 06:05:00+00:00,182.9,190.44,1.0
2026-07-12 06:10:00+00:00,182.74,190.13,1.0
2026-07-12 06:15:00+00:00,182.65,190.25,1.0
2026-07-12 06:20:00+00:00,182.85,190.28,1.0
2026-07-12 06:25:00+00:00,182.69,190.09,1.0
2026-07-12 06:30:00+00:00,182.7,190.16,1.0
2026-07-12 06:35:00+00:00,182.71,190.27,1.0
2026-07-12 06:40:00+00:00,182.84,190.46,1.0
2026-07-12 06:45:00+00:00,182.77,190.5,1.0
2026-07-12 06:50:00+00:00,182.77,190.59,1.0
2026-07-12 06:55:00+00:00,182.78,190.63,1.0
2026-07-12 07:00:00+00:00,182.78,190.63,1.0
2026-07-12 07:05:00+00:00,182.81,190.57,1.0
2026-07-12 07:10:00+00:00,182.82,190.62,1.0
2026-07-12 07:15:00+00:00,182.75,190.46,1.0
2026-07-12 07:20:00+00:00,182.65,190.6,1.0
2026-07-12 07:25:00+00:00,182.68,190.66,1.0
2026-07-12 07:30:00+00:00,182.76,190.58,1.0
2026-07-12 07:35:00+00:00,182.67,190.51,1.0
2026-07-12 07:40:00+00:00,182.73,190.72,1.0
2026-07-12 07:45:00+00:00,182.69,190.7,1.0
2026-07-12 07:50:00+00:00,182.73,190.67,1.0
2026-07-12 07:55:00+00:00,182.74,190.61,1.0
2026-07-12 08:00:00+00:00,182.72,190.74,1.0
2026-07-12 08:05:00+00:00,182.81,190.68,1.0
2026-07-12 08:10:00+00:00,182.83,190.73,1.0
2026-07-12 08:15:00+00:00,182.67,190.73,1.0
2026-07-12 08:20:00+00:00,182.47,190.7,1.0
2026-07-12 08:25:00+00:00,182.39,190.6,1.0
2026-07-12 08:30:00+00:00,182.78,190.72,1.0
2026-07-12 08:35:00+00:00,183.13,190.79,1.0
2026-07-12 08:40:00+00:00,183.08,190.94,1.0
2026-07-12 08:45:00+00:00,183.06,190.92,1.0
2026-07-12 08:50:00+00:00,183.07,191.04,1.0
2026-07-12 08:55:00+00:00,183.11,191.17,1.0
2026-07-12 09:00:00+00:00,183.05,191.21,1.0
2026-07-12 09:05:00+00:00,183.11,191.31,1.0
2026-07-12 09:10:00+00:00,183.07,191.26,1.0
2026-07-12 09:15:00+00:00,183.07,191.28,1.0
2026-07-12 09:20:00+00:00,182.99,191.24,1.0
2026-07-12 09:25:00+00:00,182.88,191.1,1.0
2026-07-12 09:30:00+00:00,183.06,191.36,1.0
2026-07-12 09:35:00+00:00,183.12,191.51,1.0
2026-07-12 09:40:00+00:00,183.39,191.7,1.0
2026-07-12 09:45:00+00:00,183.32,191.54,1.0
2026-07-12 09:50:00+00:00,183.27,191.51,1.0
2026-07-12 09:55:00+00:00,183.34,191.43,1.0
2026-07-12 10:00:00+00:00,183.35,191.53,1.0
2026-07-12 10:05:00+00:00,183.35,191.71,1.0
2026-07-12 10:10:00+00:00,183.35,191.81,1.0
2026-07-12 10:15:00+00:00,183.3,191.6,1.0
2026-07-12 10:20:00+00:00,183.33,191.5,1.0
2026-07-12 10:25:00+00:00,183.32,191.6,1.0
2026-07-12 10:30:00+00:00,183.23,191.51,1.0
2026-07-12 10:35:00+00:00,183.18,191.45,1.0
2026-07-12 10:40:00+00:00,183.23,191.43,1.0
2026-07-12 10:45:00+00:00,183.13,191.37,1.0
2026-07-12 10:50:00+00:00,183.12,191.4,1.0
2026-07-12 10:55:00+00:00,183.17,191.43,1.0
2026-07-12 11:00:00+00:00,183.2,191.57,1.0
2026-07-12 11:05:00+00:00,183.26,191.75,1.0
2026-07-12 11:10:00+00:00,183.31,191.95,1.0
2026-07-12 11:15:00+00:00,183.38,192.18,1.0
2026-07-12 11:20:00+00:00,183.43,192.15,1.0
2026-07-12 11:25:00+00:00,183.28,192.04,1.0
2026-07-12 11:30:00+00:00,183.37,192.21,1.0
2026-07-12 11:35:00+00:00,183.3,192.15,1.0
2026-07-12 11:40:00+00:00,183.24,191.97,1.0
2026-07-12 11:45:00+00:00,183.29,192.06,1.0
2026-07-12 11:50:00+00:00,183.31,192.13,1.0
2026-07-12 11:55:00+00:00,183.3,192.15,1.0
2026-07-12 12:00:00+00:00,183.42,192.12,1.0
2026-07-12 12:05:00+00:00,183.44,192.18,1.0
2026-07-12 12:10:00+00:00,183.52,192.13,1.0
2026-07-12 12:15:00+00:00,183.57,192.13,1.0
2026-07-12 12:20:00+00:00,183.55,192.08,1.0
2026-07-12 12:25:00+00:00,183.53,192.17,1.0
2026-07-12 12:30:00+00:00,183.49,192.35,1.0
2026-07-12 12:35:00+00:00,183.33,191.36,1.0
2026-07-12 12:40:00+00:00,183.36,191.48,1.0
2026-07-12 12:45:00+00:00,183.37,191.32,1.0
2026-07-12 12:50:00+00:00,183.43,191.42,1.0
2026-07-12 12:55:00+00:00,183.29,191.18,1.0
2026-07-12 13:00:00+00:00,183.33,191.3,1.0
2026-07-12 13:05:00+00:00,183.42,191.33,1.0
2026-07-12 13:10:00+00:00,183.33,191.41,1.0
2026-07-12 13:15:00+00:00,183.44,191.66,1.0
2026-07-12 13:20:00+00:00,183.48,191.6,1.0
2026-07-12 13:25:00+00:00,183.42,191.58,1.0
2026-07-12 13:30:00+00:00,183.42,191.61,1.0
2026-07-12 13:35:00+00:00,183.27,191.36,1.0
2026-07-12 13:40:00+00:00,183.37,191.47,1.0
2026-07-12 13:45:00+00:00,183.39,191.64,1.0
2026-07-12 13:50:00+00:00,183.41,191.61,1.0
2026-07-12 13:55:00+00:00,183.34,191.6,1.0
2026-07-12 14:00:00+00:00,183.33,191.64,1.0
2026-07-12 14:05:00+00:00,183.35,191.6,1.0
2026-07-12 14:10:00+00:00,183.34,191.45,1.0
2026-07-12 14:15:00+00:00,183.14,191.39,1.0
2026-07-12 14:20:00+00:00,183.25,191.43,1.0
2026-07-12 14:25:00+00:00,183.16,191.34,1.0
2026-07-12 14:30:00+00:00,183.16,191.38,1.0
2026-07-12 14:35:00+00:00,183.23,191.33,1.0
2026-07-12 14:40:00+00:00,183.25,191.31,1.0
2026-07-12 14:45:00+00:00,183.3,191.58,1.0
2026-07-12 14:50:00+00:00,183.39,191.75,1.0
2026-07-12 14:55:00+00:00,183.35,191.58,1.0
2026-07-12 15:00:00+00:00,183.16,191.18,1.0
2026-07-12 15:05:00+00:00,183.14,191.23,1.0
2026-07-12 15:10:00+00:00,183.17,191.41,1.0
2026-07-12 15:15:00+00:00,183.14,191.42,1.0
2026-07-12 15:20:00+00:00,183.13,191.55,1.0
2026-07-12 15:25:00+00:00,183.12,191.54,1.0
2026-07-12 15:30:00+00:00,182.94,191.29,1.0
2026-07-12 15:35:00+00:00,182.94,191.37,1.0
2026-07-12 15:40:00+00:00,183.06,191.46,1.0
2026-07-12 15:45:00+00:00,183.15,191.43,1.0
2026-07-12 15:50:00+00:00,183.17,191.57,1.0
2026-07-12 15:55:00+00:00,183.18,191.53,1.0
2026-07-12 16:00:00+00:00,183.19,191.68,1.0
2026-07-12 16:05:00+00:00,183.11,191.74,1.0
2026-07-12 16:10:00+00:00,183.05,191.59,1.0
2026-07-12 16:15:00+00:00,183.03,191.46,1.0
2026-07-12 16:20:00+00:00,182.98,191.6,1.0
2026-07-12 16:25:00+00:00,183.02,191.46,1.0
2026-07-12 16:30:00+00:00,182.98,191.43,1.0
2026-07-12 16:35:00+00:00,183.02,191.55,1.0
2026-07-12 16:40:00+00:00,183.05,191.7,1.0
2026-07-12 16:45:00+00:00,183.19,192.11,1.0
2026-07-12 16:50:00+00:00,183.13,191.99,1.0
2026-07-12 16:55:00+00:00,183.12,192.07,1.0
2026-07-12 17:00:00+00:00,183.09,192.17,1.0
2026-07-12 17:05:00+00:00,183.04,192.12,1.0
2026-07-12 17:10:00+00:00,182.96,191.81,1.0
2026-07-12 17:15:00+00:00,182.86,191.79,1.0
2026-07-12 17:20:00+00:00,182.94,191.8,1.0
2026-07-12 17:25:00+00:00,182.91,191.79,1.0
2026-07-12 17:30:00+00:00,183.03,191.94,1.0
2026-07-12 17:35:00+00:00,183.12,191.79,1.0
2026-07-12 17:40:00+00:00,183.02,191.67,1.0
2026-07-12 17:45:00+00:00,183.09,191.74,1.0
2026-07-12 17:50:00+00:00,183.06,191.63,1.0
2026-07-12 17:55:00+00:00,183.01,191.63,1.0
2026-07-12 18:00:00+00:00,183.0,191.59,1.0
2026-07-12 18:05:00+00:00,182.98,191.48,1.0
2026-07-12 18:10:00+00:00,183.03,191.57,1.0
2026-07-12 18:15:00+00:00,183.1,191.69,1.0
2026-07-12 18:20:00+00:00,183.15,191.78,1.0
2026-07-12 18:25:00+00:00,183.22,191.75,1.0
2026-07-12 18:30:00+00:00,183.28,191.98,1.0
2026-07-12 18:35:00+00:00,183.42,192.36,1.0
2026-07-12 18:40:00+00:00,183.49,192.6,1.0
2026-07-12 18:45:00+00:00,183.55,192.15,1.0
2026-07-12 18:50:00+00:00,183.47,192.08,1.0
2026-07-12 18:55:00+00:00,183.55,192.16,1.0
2026-07-12 19:00:00+00:00,183.55,192.34,1.0
2026-07-12 19:05:00+00:00,183.56,192.37,1.0
2026-07-12 19:10:00+00:00,183.98,192.56,1.0
2026-07-12 19:15:00+00:00,184.29,192.69,1.0
2026-07-12 19:20:00+00:00,184.18,192.53,1.0
2026-07-12 19:25:00+00:00,184.26,192.68,1.0
2026-07-12 19:30:00+00:00,184.42,192.77,1.0
2026-07-12 19:35:00+00:00,184.26,192.76,1.0
2026-07-12 19:40:00+00:00,184.11,192.79,1.0
2026-07-12 19:45:00+00:00,184.14,192.75,1.0
2026-07-12 19:50:00+00:00,184.14,192.7,1.0
2026-07-12 19:55:00+00:00,184.13,192.79,1.0
2026-07-12 20:00:00+00:00,184.01,192.67,1.0
2026-07-12 20:05:00+00:00,184.15,192.76,1.0
2026-07-12 20:10:00+00:00,184.04,192.75,1.0
2026-07-12 20:15:00+00:00,183.95,192.72,1.0
2026-07-12 20:20:00+00:00,183.89,192.7,1.0
2026-07-12 20:25:00+00:00,183.85,192.68,1.0
2026-07-12 20:30:00+00:00,183.71,192.65,1.0
2026-07-12 20:35:00+00:00,183.67,192.64,1.0
2026-07-12 20:40:00+00:00,183.72,192.83,1.0
2026-07-12 20:45:00+00:00,183.5,192.68,1.0
2026-07-12 20:50:00+00:00,183.52,192.49,1.0
2026-07-12 20:55:00+00:00,183.52,192.52,1.0
2026-07-12 21:00:00+00:00,183.51,192.49,1.0
2026-07-12 21:05:00+00:00,183.51,192.5,1.0
2026-07-12 21:10:00+00:00,183.04,192.03,1.0
2026-07-12 21:15:00+00:00,183.2,192.12,1.0
2026-07-12 21:20:00+00:00,183.17,192.01,1.0
2026-07-12 21:25:00+00:00,183.32,192.09,1.0
2026-07-12 21:30:00+00:00,183.23,192.07,1.0
2026-07-12 21:35:00+00:00,183.22,192.08,1.0
2026-07-12 21:40:00+00:00,183.24,191.99,1.0
2026-07-12 21:45:00+00:00,183.22,191.92,1.0
2026-07-12 21:50:00+00:00,183.19,191.85,1.0
2026-07-12 21:55:00+00:00,183.07,191.85,1.0
2026-07-12 22:00:00+00:00,182.88,190.42,1.0
2026-07-12 22:05:00+00:00,182.44,190.2,1.0
2026-07-12 22:10:00+00:00,182.33,189.68,1.0
2026-07-12 22:15:00+00:00,182.54,189.77,1.0
2026-07-12 22:20:00+00:00,182.52,189.79,1.0
2026-07-12 22:25:00+00:00,182.63,189.52,1.0
2026-07-12 22:30:00+00:00,182.46,189.95,1.0
2026-07-12 22:35:00+00:00,182.43,190.22,1.0
2026-07-12 22:40:00+00:00,182.41,190.33,1.0
2026-07-12 22:45:00+00:00,182.41,190.25,1.0
2026-07-12 22:50:00+00:00,182.8,190.62,1.0
2026-07-12 22:55:00+00:00,183.08,191.24,1.0
2026-07-12 23:00:00+00:00,182.46,189.68,1.0
2026-07-12 23:05:00+00:00,182.69,190.1,1.0
2026-07-12 23:10:00+00:00,181.86,188.7,1.0
2026-07-12 23:15:00+00:00,182.29,190.21,1.0
2026-07-12 23:20:00+00:00,182.07,189.51,1.0
2026-07-12 23:25:00+00:00,182.32,190.39,1.0
2026-07-12 23:30:00+00:00,182.32,190.36,1.0
2026-07-12 23:35:00+00:00,182.44,190.47,1.0
2026-07-12 23:40:00+00:00,182.03,190.0,1.0
2026-07-12 23:45:00+00:00,182.18,188.63,1.0
2026-07-12 23:50:00+00:00,181.66,188.12,1.0
2026-07-12 23:55:00+00:00,181.55,189.12,1.0
2026-07-13 00:00:00+00:00,182.83,193.3,1.0
2026-07-13 00:05:00+00:00,181.91,190.91,1.0
2026-07-13 00:10:00+00:00,183.05,194.15,1.0
2026-07-13 00:15:00+00:00,181.2,190.77,1.0
2026-07-13 00:20:00+00:00,182.35,192.04,1.0
2026-07-13 00:25:00+00:00,181.94,191.88,1.0
2026-07-13 00:30:00+00:00,180.35,190.26,1.0
2026-07-13 00:35:00+00:00,179.32,188.77,1.0
2026-07-13 00:40:00+00:00,179.2,187.44,1.0
2026-07-13 00:45:00+00:00,178.95,187.16,1.0
2026-07-13 00:50:00+00:00,178.16,185.39,1.0
2026-07-13 00:55:00+00:00,177.73,184.33,1.0
2026-07-13 01:00:00+00:00,177.68,184.61,1.0
2026-07-13 01:05:00+00:00,177.24,184.12,1.0
2026-07-13 01:10:00+00:00,177.75,185.22,1.0
2026-07-13 01:15:00+00:00,176.92,183.66,1.0
2026-07-13 01:20:00+00:00,175.74,182.21,1.0
2026-07-13 01:25:00+00:00,175.83,182.61,1.0
2026-07-13 01:30:00+00:00,175.09,181.11,1.0
2026-07-13 01:35:00+00:00,176.17,183.08,1.0
2026-07-13 01:40:00+00:00,174.95,181.34,1.0
2026-07-13 01:45:00+00:00,173.6,179.67,1.0
2026-07-13 01:50:00+00:00,173.06,179.69,1.0
2026-07-13 01:55:00+00:00,172.61,178.8,1.0
2026-07-13 02:00:00+00:00,171.64,177.87,1.0
2026-07-13 02:05:00+00:00,171.86,178.23,1.0
2026-07-13 02:10:00+00:00,172.48,178.84,1.0
2026-07-13 02:15:00+00:00,173.35,180.07,1.0
2026-07-13 02:20:00+00:00,173.72,180.82,1.0
2026-07-13 02:25:00+00:00,173.76,180.8,1.0
2026-07-13 02:30:00+00:00,172.74,179.3,1.0
2026-07-13 02:35:00+00:00,172.75,179.51,1.0
2026-07-13 02:40:00+00:00,173.12,179.85,1.0
2026-07-13 02:45:00+00:00,172.47,179.06,1.0
2026-07-13 02:50:00+00:00,172.05,178.33,1.0
2026-07-13 02:55:00+00:00,171.09,177.75,1.0
2026-07-13 03:00:00+00:00,170.67,177.0,1.0
2026-07-13 03:05:00+00:00,170.35,176.65,1.0
2026-07-13 03:10:00+00:00,170.19,176.21,1.0
2026-07-13 03:15:00+00:00,170.48,176.67,1.0
2026-07-13 03:20:00+00:00,170.06,175.95,1.0
2026-07-13 03:25:00+00:00,170.07,176.11,1.0
2026-07-13 03:30:00+00:00,170.08,175.52,1.0
2026-07-13 03:35:00+00:00,170.28,176.5,1.0
2026-07-13 03:40:00+00:00,169.99,176.47,1.0
2026-07-13 03:45:00+00:00,170.18,177.19,1.0
2026-07-13 03:50:00+00:00,169.5,175.86,1.0
2026-07-13 03:55:00+00:00,169.12,175.18,1.0
2026-07-13 04:00:00+00:00,168.62,174.38,1.0
2026-07-13 04:05:00+00:00,168.5,174.22,1.0
2026-07-13 04:10:00+00:00,168.49,173.61,1.0
2026-07-13 04:15:00+00:00,168.4,173.15,1.0
2026-07-13 04:20:00+00:00,168.33,173.46,1.0
2026-07-13 04:25:00+00:00,168.48,173.36,1.0
2026-07-13 04:30:00+00:00,168.7,172.97,1.0
2026-07-13 04:35:00+00:00,168.71,173.16,1.0
2026-07-13 04:40:00+00:00,168.66,173.51,1.0
2026-07-13 04:45:00+00:00,168.85,173.63,1.0
2026-07-13 04:50:00+00:00,168.98,173.74,1.0
2026-07-13 04:55:00+00:00,168.93,173.41,1.0
2026-07-13 05:00:00+00:00,169.22,173.84,1.0
2026-07-13 05:05:00+00:00,169.53,175.06,1.0
2026-07-13 05:10:00+00:00,169.47,174.71,1.0
2026-07-13 05:15:00+00:00,168.69,172.85,1.0
2026-07-13 05:20:00+00:00,166.74,170.91,1.0
2026-07-13 05:25:00+00:00,166.61,170.78,1.0
2026-07-13 05:30:00+00:00,167.3,172.01,1.0
2026-07-13 05:35:00+00:00,168.52,172.83,1.0
2026-07-13 05:40:00+00:00,168.65,172.73,1.0
2026-07-13 05:45:00+00:00,167.84,171.72,1.0
2026-07-13 05:50:00+00:00,167.49,171.89,1.0
2026-07-13 05:55:00+00:00,168.31,173.64,1.0
2026-07-13 06:00:00+00:00,168.09,173.14,1.0
2026-07-13 06:05:00+00:00,166.69,171.28,1.0
2026-07-13 06:10:00+00:00,166.08,170.05,1.0
2026-07-13 06:15:00+00:00,166.44,170.89,1.0
2026-07-13 06:20:00+00:00,166.73,170.41,1.0
2026-07-13 06:25:00+00:00,166.8,170.86,1.0
2026-07-13 06:30:00+00:00,167.05,170.99,1.0
2026-07-13 06:35:00+00:00,167.21,171.46,1.0
2026-07-13 06:40:00+00:00,167.08,170.96,1.0
2026-07-13 06:45:00+00:00,167.04,171.04,1.0
2026-07-13 06:50:00+00:00,167.43,171.49,1.0
2026-07-13 06:55:00+00:00,167.77,171.73,1.0
2026-07-13 07:00:00+00:00,167.73,171.77,1.0
2026-07-13 07:05:00+00:00,167.82,172.68,1.0
2026-07-13 07:10:00+00:00,167.94,172.68,1.0
2026-07-13 07:15:00+00:00,168.16,172.77,1.0
2026-07-13 07:20:00+00:00,168.56,173.02,1.0
2026-07-13 07:25:00+00:00,168.94,172.72,1.0
2026-07-13 07:30:00+00:00,168.6,172.29,1.0
2026-07-13 07:35:00+00:00,168.71,172.4,1.0
2026-07-13 07:40:00+00:00,168.11,171.92,1.0
2026-07-13 07:45:00+00:00,168.24,171.94,1.0
2026-07-13 07:50:00+00:00,168.23,171.9,1.0
2026-07-13 07:55:00+00:00,167.93,171.45,1.0
2026-07-13 08:00:00+00:00,168.69,173.41,1.0
2026-07-13 08:05:00+00:00,168.99,173.78,1.0
2026-07-13 08:10:00+00:00,169.01,174.16,1.0
2026-07-13 08:15:00+00:00,169.36,174.16,1.0
2026-07-13 08:20:00+00:00,169.07,173.74,1.0
2026-07-13 08:25:00+00:00,169.02,173.81,1.0
2026-07-13 08:30:00+00:00,169.02,173.67,1.0
2026-07-13 08:35:00+00:00,169.19,173.96,1.0
2026-07-13 08:40:00+00:00,169.56,174.21,1.0
2026-07-13 08:45:00+00:00,169.71,174.21,1.0
2026-07-13 08:50:00+00:00,169.77,174.79,1.0
2026-07-13 08:55:00+00:00,169.54,174.85,1.0
2026-07-13 09:00:00+00:00,169.71,175.67,1.0
2026-07-13 09:05:00+00:00,169.85,175.24,1.0
2026-07-13 09:10:00+00:00,170.24,175.47,1.0
2026-07-13 09:15:00+00:00,170.2,175.24,1.0
2026-07-13 09:20:00+00:00,170.2,175.62,1.0
2026-07-13 09:25:00+00:00,169.93,174.9,1.0
2026-07-13 09:30:00+00:00,169.75,174.97,1.0
2026-07-13 09:35:00+00:00,170.04,175.49,1.0
2026-07-13 09:40:00+00:00,170.16,175.56,1.0
2026-07-13 09:45:00+00:00,169.95,174.77,1.0
2026-07-13 09:50:00+00:00,169.81,174.65,1.0
2026-07-13 09:55:00+00:00,170.17,175.41,1.0
2026-07-13 10:00:00+00:00,170.01,175.1,1.0
2026-07-13 10:05:00+00:00,169.49,174.56,1.0
2026-07-13 10:10:00+00:00,169.31,174.16,1.0
2026-07-13 10:15:00+00:00,169.48,174.2,1.0
2026-07-13 10:20:00+00:00,169.32,173.74,1.0
2026-07-13 10:25:00+00:00,168.95,173.15,1.0
2026-07-13 10:30:00+00:00,168.74,172.84,1.0
2026-07-13 10:35:00+00:00,168.85,172.99,1.0
2026-07-13 10:40:00+00:00,168.44,172.96,1.0
2026-07-13 10:45:00+00:00,168.76,173.35,1.0
2026-07-13 10:50:00+00:00,168.89,173.58,1.0
2026-07-13 10:55:00+00:00,168.92,173.65,1.0
2026-07-13 11:00:00+00:00,169.47,174.16,1.0
2026-07-13 11:05:00+00:00,169.58,174.14,1.0
2026-07-13 11:10:00+00:00,169.48,174.37,1.0
2026-07-13 11:15:00+00:00,169.08,173.95,1.0
2026-07-13 11:20:00+00:00,169.25,174.46,1.0
2026-07-13 11:25:00+00:00,169.45,174.17,1.0
2026-07-13 11:30:00+00:00,169.74,174.55,1.0
2026-07-13 11:35:00+00:00,169.73,174.42,1.0
2026-07-13 11:40:00+00:00,169.64,174.01,1.0
2026-07-13 11:45:00+00:00,169.59,173.8,1.0
2026-07-13 11:50:00+00:00,169.34,173.86,1.0
2026-07-13 11:55:00+00:00,169.29,174.34,1.0
2026-07-13 12:00:00+00:00,168.98,173.54,1.0
2026-07-13 12:05:00+00:00,168.89,173.34,1.0
2026-07-13 12:10:00+00:00,169.2,173.37,1.0
2026-07-13 12:15:00+00:00,168.95,173.34,1.0
2026-07-13 12:20:00+00:00,168.74,173.1,1.0
2026-07-13 12:25:00+00:00,168.49,172.65,1.0
2026-07-13 12:30:00+00:00,168.58,172.81,1.0
2026-07-13 12:35:00+00:00,168.76,173.12,1.0
2026-07-13 12:40:00+00:00,169.06,173.4,1.0
2026-07-13 12:45:00+00:00,169.54,174.14,1.0
2026-07-13 12:50:00+00:00,169.52,173.94,1.0
2026-07-13 12:55:00+00:00,169.67,174.25,1.0
2026-07-13 13:00:00+00:00,169.94,174.6,1.0
2026-07-13 13:05:00+00:00,169.81,174.46,1.0
2026-07-13 13:10:00+00:00,169.85,174.56,1.0
2026-07-13 13:15:00+00:00,169.89,174.22,1.0
2026-07-13 13:20:00+00:00,170.04,174.5,1.0
2026-07-13 13:25:00+00:00,170.55,175.01,1.0
2026-07-13 13:30:00+00:00,170.08,174.7,1.0
2026-07-13 13:35:00+00:00,169.55,173.33,1.0
2026-07-13 13:40:00+00:00,169.45,173.55,1.0
2026-07-13 13:45:00+00:00,170.31,174.31,1.0
2026-07-13 13:50:00+00:00,170.12,174.43,1.0
2026-07-13 13:55:00+00:00,171.1,175.29,1.0
2026-07-13 14:00:00+00:00,170.58,175.25,1.0
2026-07-13 14:05:00+00:00,171.0,175.76,1.0
2026-07-13 14:10:00+00:00,170.92,175.5,1.0
2026-07-13 14:15:00+00:00,170.22,175.6,1.0
2026-07-13 14:20:00+00:00,171.14,176.47,1.0
2026-07-13 14:25:00+00:00,171.69,177.66,1.0
2026-07-13 14:30:00+00:00,171.49,177.09,1.0
2026-07-13 14:35:00+00:00,171.35,176.64,1.0
2026-07-13 14:40:00+00:00,171.02,176.34,1.0
2026-07-13 14:45:00+00:00,171.4,177.06,1.0
2026-07-13 14:50:00+00:00,170.89,177.07,1.0
2026-07-13 14:55:00+00:00,172.04,177.92,1.0
2026-07-13 15:00:00+00:00,171.77,177.61,1.0
2026-07-13 15:05:00+00:00,171.61,177.4,1.0
2026-07-13 15:10:00+00:00,171.72,177.48,1.0
2026-07-13 15:15:00+00:00,171.75,177.53,1.0
2026-07-13 15:20:00+00:00,171.94,178.4,1.0
2026-07-13 15:25:00+00:00,171.55,177.9,1.0
2026-07-13 15:30:00+00:00,171.25,177.35,1.0
2026-07-13 15:35:00+00:00,170.77,176.7,1.0
2026-07-13 15:40:00+00:00,170.37,176.45,1.0
2026-07-13 15:45:00+00:00,170.24,176.46,1.0
2026-07-13 15:50:00+00:00,169.9,176.06,1.0
2026-07-13 15:55:00+00:00,169.94,175.92,1.0
2026-07-13 16:00:00+00:00,169.76,175.24,1.0
2026-07-13 16:05:00+00:00,169.7,175.47,1.0
2026-07-13 16:10:00+00:00,169.57,175.44,1.0
2026-07-13 16:15:00+00:00,169.21,175.44,1.0
2026-07-13 16:20:00+00:00,168.88,175.19,1.0
2026-07-13 16:25:00+00:00,168.73,174.67,1.0
2026-07-13 16:30:00+00:00,168.34,173.62,1.0
2026-07-13 16:35:00+00:00,168.56,174.26,1.0
2026-07-13 16:40:00+00:00,168.69,174.38,1.0
2026-07-13 16:45:00+00:00,168.32,173.81,1.0
2026-07-13 16:50:00+00:00,168.41,173.74,1.0
2026-07-13 16:55:00+00:00,168.34,174.06,1.0
2026-07-13 17:00:00+00:00,168.43,173.44,1.0
2026-07-13 17:05:00+00:00,168.99,174.17,1.0
2026-07-13 17:10:00+00:00,168.84,174.09,1.0
2026-07-13 17:15:00+00:00,168.87,174.15,1.0
2026-07-13 17:20:00+00:00,168.44,173.75,1.0
2026-07-13 17:25:00+00:00,168.67,173.72,1.0
2026-07-13 17:30:00+00:00,168.87,173.63,1.0
2026-07-13 17:35:00+00:00,168.4,173.03,1.0
2026-07-13 17:40:00+00:00,168.45,173.33,1.0
2026-07-13 17:45:00+00:00,168.14,172.59,1.0
2026-07-13 17:50:00+00:00,167.96,172.46,1.0
2026-07-13 17:55:00+00:00,167.76,171.77,1.0
2026-07-13 18:00:00+00:00,168.08,172.17,1.0
2026-07-13 18:05:00+00:00,168.76,172.69,1.0
2026-07-13 18:10:00+00:00,168.81,172.64,1.0
2026-07-13 18:15:00+00:00,168.56,172.29,1.0
2026-07-13 18:20:00+00:00,168.76,172.81,1.0
2026-07-13 18:25:00+00:00,168.4,172.03,1.0
2026-07-13 18:30:00+00:00,168.09,171.99,1.0
2026-07-13 18:35:00+00:00,168.16,172.17,1.0
2026-07-13 18:40:00+00:00,168.1,171.96,1.0
2026-07-13 18:45:00+00:00,168.17,172.01,1.0
2026-07-13 18:50:00+00:00,168.16,172.02,1.0
2026-07-13 18:55:00+00:00,168.13,171.79,1.0
2026-07-13 19:00:00+00:00,168.61,172.53,1.0
2026-07-13 19:05:00+00:00,168.37,172.19,1.0
2026-07-13 19:10:00+00:00,168.44,172.51,1.0
2026-07-13 19:15:00+00:00,168.25,172.84,1.0
2026-07-13 19:20:00+00:00,168.04,172.06,1.0
2026-07-13 19:25:00+00:00,167.7,172.02,1.0
2026-07-13 19:30:00+00:00,168.05,172.81,1.0
2026-07-13 19:35:00+00:00,167.73,172.38,1.0
2026-07-13 19:40:00+00:00,167.96,172.49,1.0
2026-07-13 19:45:00+00:00,168.05,172.66,1.0
2026-07-13 19:50:00+00:00,168.21,172.23,1.0
2026-07-13 19:55:00+00:00,168.28,172.17,1.0
2026-07-13 20:00:00+00:00,167.94,172.32,1.0
2026-07-13 20:05:00+00:00,167.84,172.34,1.0
2026-07-13 20:10:00+00:00,167.76,172.33,1.0
2026-07-13 20:15:00+00:00,167.49,172.03,1.0
2026-07-13 20:20:00+00:00,167.45,172.21,1.0
2026-07-13 20:25:00+00:00,167.5,172.39,1.0
2026-07-13 20:30:00+00:00,167.37,172.15,1.0
2026-07-13 20:35:00+00:00,167.24,171.96,1.0
2026-07-13 20:40:00+00:00,167.34,172.17,1.0
2026-07-13 20:45:00+00:00,167.14,171.92,1.0
2026-07-13 20:50:00+00:00,167.35,172.14,1.0
2026-07-13 20:55:00+00:00,167.41,172.08,1.0
2026-07-13 21:00:00+00:00,167.37,171.9,1.0
2026-07-13 21:05:00+00:00,167.46,171.96,1.0
2026-07-13 21:10:00+00:00,167.34,171.94,1.0
2026-07-13 21:15:00+00:00,167.32,171.84,1.0
2026-07-13 21:20:00+00:00,167.15,171.84,1.0
2026-07-13 21:25:00+00:00,167.34,171.99,1.0
2026-07-13 21:30:00+00:00,167.45,172.04,1.0
2026-07-13 21:35:00+00:00,167.38,171.92,1.0
2026-07-13 21:40:00+00:00,167.17,171.77,1.0
2026-07-13 21:45:00+00:00,167.1,171.98,1.0
2026-07-13 21:50:00+00:00,167.13,171.76,1.0
2026-07-13 21:55:00+00:00,167.03,171.38,1.0
2026-07-13 22:00:00+00:00,167.14,171.5,1.0
2026-07-13 22:05:00+00:00,167.18,171.57,1.0
2026-07-13 22:10:00+00:00,167.16,171.42,1.0
2026-07-13 22:15:00+00:00,167.04,171.31,1.0
2026-07-13 22:20:00+00:00,166.97,171.11,1.0
2026-07-13 22:25:00+00:00,166.93,171.16,1.0
2026-07-13 22:30:00+00:00,167.09,171.45,1.0
2026-07-13 22:35:00+00:00,167.09,171.02,1.0
2026-07-13 22:40:00+00:00,167.12,171.21,1.0
2026-07-13 22:45:00+00:00,167.12,171.0,1.0
2026-07-13 22:50:00+00:00,166.84,170.67,1.0
2026-07-13 22:55:00+00:00,166.57,170.38,1.0
2026-07-13 23:00:00+00:00,165.86,165.51,1.0
2026-07-13 23:05:00+00:00,165.7,164.35,1.0
2026-07-13 23:10:00+00:00,166.43,165.65,1.0
2026-07-13 23:15:00+00:00,167.53,167.3,1.0
2026-07-13 23:20:00+00:00,167.25,167.01,1.0
2026-07-13 23:25:00+00:00,167.03,167.49,1.0
2026-07-13 23:30:00+00:00,166.86,167.81,1.0
2026-07-13 23:35:00+00:00,165.76,165.69,1.0
2026-07-13 23:40:00+00:00,165.38,166.04,1.0
2026-07-13 23:45:00+00:00,166.27,168.08,1.0
2026-07-13 23:50:00+00:00,167.33,169.59,1.0
2026-07-13 23:55:00+00:00,167.66,171.13,1.0
2026-07-14 00:00:00+00:00,164.44,170.53,1.0
2026-07-14 00:05:00+00:00,164.49,170.56,1.0
2026-07-14 00:10:00+00:00,166.76,174.26,1.0
2026-07-14 00:15:00+00:00,165.96,173.24,1.0
2026-07-14 00:20:00+00:00,167.49,176.83,1.0
2026-07-14 00:25:00+00:00,166.21,174.92,1.0
2026-07-14 00:30:00+00:00,166.98,176.93,1.0
2026-07-14 00:35:00+00:00,166.4,177.08,1.0
2026-07-14 00:40:00+00:00,164.97,174.3,1.0
2026-07-14 00:45:00+00:00,166.7,176.92,1.0
2026-07-14 00:50:00+00:00,168.43,179.47,1.0
2026-07-14 00:55:00+00:00,168.79,179.3,1.0
2026-07-14 01:00:00+00:00,170.21,180.93,1.0
2026-07-14 01:05:00+00:00,169.67,180.5,1.0
2026-07-14 01:10:00+00:00,168.53,178.41,1.0
2026-07-14 01:15:00+00:00,169.23,179.58,1.0
2026-07-14 01:20:00+00:00,169.09,179.11,1.0
2026-07-14 01:25:00+00:00,169.65,179.46,1.0
2026-07-14 01:30:00+00:00,168.68,177.78,1.0
2026-07-14 01:35:00+00:00,167.9,177.4,1.0
2026-07-14 01:40:00+00:00,167.95,177.8,1.0
2026-07-14 01:45:00+00:00,167.84,177.81,1.0
2026-07-14 01:50:00+00:00,167.07,176.83,1.0
2026-07-14 01:55:00+00:00,166.0,175.25,1.0
2026-07-14 02:00:00+00:00,165.44,174.2,1.0
2026-07-14 02:05:00+00:00,165.72,174.47,1.0
2026-07-14 02:10:00+00:00,164.47,173.1,1.0
2026-07-14 02:15:00+00:00,164.5,172.9,1.0
2026-07-14 02:20:00+00:00,163.61,171.4,1.0
2026-07-14 02:25:00+00:00,164.0,171.98,1.0
2026-07-14 02:30:00+00:00,162.55,169.18,1.0
2026-07-14 02:35:00+00:00,164.55,172.84,1.0
2026-07-14 02:40:00+00:00,164.83,173.94,1.0
2026-07-14 02:45:00+00:00,164.99,174.57,1.0
2026-07-14 02:50:00+00:00,163.93,172.68,1.0
2026-07-14 02:55:00+00:00,164.08,173.13,1.0
2026-07-14 03:00:00+00:00,162.77,171.09,1.0
2026-07-14 03:05:00+00:00,162.1,169.95,1.0
2026-07-14 03:10:00+00:00,160.78,168.27,1.0
2026-07-14 03:15:00+00:00,160.7,167.91,1.0
2026-07-14 03:20:00+00:00,159.99,167.22,1.0
2026-07-14 03:25:00+00:00,162.01,170.28,1.0
2026-07-14 03:30:00+00:00,162.51,171.5,1.0
2026-07-14 03:35:00+00:00,162.71,172.12,1.0
2026-07-14 03:40:00+00:00,162.87,172.46,1.0
2026-07-14 03:45:00+00:00,163.6,172.65,1.0
2026-07-14 03:50:00+00:00,164.11,173.57,1.0
2026-07-14 03:55:00+00:00,164.45,173.78,1.0
2026-07-14 04:00:00+00:00,164.52,173.86,1.0
2026-07-14 04:05:00+00:00,163.49,172.29,1.0
2026-07-14 04:10:00+00:00,162.91,172.2,1.0
2026-07-14 04:15:00+00:00,162.6,171.62,1.0
2026-07-14 04:20:00+00:00,164.06,173.81,1.0
2026-07-14 04:25:00+00:00,164.65,175.08,1.0
2026-07-14 04:30:00+00:00,165.35,175.97,1.0
2026-07-14 04:35:00+00:00,166.1,176.57,1.0
2026-07-14 04:40:00+00:00,165.97,175.86,1.0
2026-07-14 04:45:00+00:00,166.84,177.36,1.0
2026-07-14 04:50:00+00:00,167.47,177.59,1.0
2026-07-14 04:55:00+00:00,167.77,178.17,1.0
2026-07-14 05:00:00+00:00,168.18,178.2,1.0
2026-07-14 05:05:00+00:00,168.46,178.34,1.0
2026-07-14 05:10:00+00:00,168.5,177.83,1.0
2026-07-14 05:15:00+00:00,168.52,177.72,1.0
2026-07-14 05:20:00+00:00,168.86,178.08,1.0
2026-07-14 05:25:00+00:00,168.99,178.31,1.0
2026-07-14 05:30:00+00:00,169.31,178.04,1.0
2026-07-14 05:35:00+00:00,168.64,177.72,1.0
2026-07-14 05:40:00+00:00,168.85,177.64,1.0
2026-07-14 05:45:00+00:00,168.48,177.14,1.0
2026-07-14 05:50:00+00:00,167.76,176.47,1.0
2026-07-14 05:55:00+00:00,167.48,175.9,1.0
2026-07-14 06:00:00+00:00,167.69,176.0,1.0
2026-07-14 06:05:00+00:00,167.96,176.61,1.0
2026-07-14 06:10:00+00:00,167.22,175.47,1.0
2026-07-14 06:15:00+00:00,167.41,176.54,1.0
2026-07-14 06:20:00+00:00,167.64,176.71,1.0
2026-07-14 06:25:00+00:00,167.59,176.49,1.0
2026-07-14 06:30:00+00:00,167.79,176.38,1.0
2026-07-14 06:35:00+00:00,167.72,176.02,1.0
2026-07-14 06:40:00+00:00,168.07,176.2,1.0
2026-07-14 06:45:00+00:00,168.06,176.59,1.0
2026-07-14 06:50:00+00:00,167.58,176.22,1.0
2026-07-14 06:55:00+00:00,167.71,176.26,1.0
2026-07-14 07:00:00+00:00,167.87,176.5,1.0
2026-07-14 07:05:00+00:00,167.89,176.49,1.0
2026-07-14 07:10:00+00:00,167.89,176.54,1.0
2026-07-14 07:15:00+00:00,167.97,176.71,1.0
2026-07-14 07:20:00+00:00,168.88,180.38,1.0
2026-07-14 07:25:00+00:00,169.11,180.17,1.0
2026-07-14 07:30:00+00:00,169.07,178.95,1.0
2026-07-14 07:35:00+00:00,169.05,179.34,1.0
2026-07-14 07:40:00+00:00,168.95,179.02,1.0
2026-07-14 07:45:00+00:00,169.21,178.87,1.0
2026-07-14 07:50:00+00:00,169.1,179.09,1.0
2026-07-14 07:55:00+00:00,168.66,178.03,1.0
2026-07-14 08:00:00+00:00,169.24,178.44,1.0
2026-07-14 08:05:00+00:00,168.8,178.02,1.0
2026-07-14 08:10:00+00:00,168.84,178.06,1.0
2026-07-14 08:15:00+00:00,169.02,178.02,1.0
2026-07-14 08:20:00+00:00,169.04,177.99,1.0
2026-07-14 08:25:00+00:00,169.03,178.22,1.0
2026-07-14 08:30:00+00:00,169.14,178.94,1.0
2026-07-14 08:35:00+00:00,169.31,179.29,1.0
2026-07-14 08:40:00+00:00,169.22,179.17,1.0
2026-07-14 08:45:00+00:00,168.89,178.17,1.0
2026-07-14 08:50:00+00:00,168.78,178.07,1.0
2026-07-14 08:55:00+00:00,168.75,178.05,1.0
2026-07-14 09:00:00+00:00,168.45,178.38,1.0
2026-07-14 09:05:00+00:00,168.26,178.06,1.0
2026-07-14 09:10:00+00:00,168.44,177.82,1.0
2026-07-14 09:15:00+00:00,168.0,177.18,1.0
2026-07-14 09:20:00+00:00,167.77,177.12,1.0
2026-07-14 09:25:00+00:00,167.8,177.16,1.0
2026-07-14 09:30:00+00:00,168.16,177.17,1.0
2026-07-14 09:35:00+00:00,168.37,177.6,1.0
2026-07-14 09:40:00+00:00,168.33,177.66,1.0
2026-07-14 09:45:00+00:00,168.66,178.32,1.0
2026-07-14 09:50:00+00:00,168.6,177.95,1.0
2026-07-14 09:55:00+00:00,168.4,177.7,1.0
2026-07-14 10:00:00+00:00,168.6,177.89,1.0
2026-07-14 10:05:00+00:00,168.56,177.86,1.0
2026-07-14 10:10:00+00:00,168.19,177.84,1.0
2026-07-14 10:15:00+00:00,168.26,177.79,1.0
2026-07-14 10:20:00+00:00,168.36,177.76,1.0
2026-07-14 10:25:00+00:00,168.4,177.95,1.0
2026-07-14 10:30:00+00:00,168.42,177.7,1.0
2026-07-14 10:35:00+00:00,168.91,178.4,1.0
2026-07-14 10:40:00+00:00,168.8,178.34,1.0
2026-07-14 10:45:00+00:00,168.87,178.39,1.0
2026-07-14 10:50:00+00:00,168.87,178.6,1.0
2026-07-14 10:55:00+00:00,169.07,178.33,1.0
2026-07-14 11:00:00+00:00,168.62,178.06,1.0
2026-07-14 11:05:00+00:00,168.87,178.76,1.0
2026-07-14 11:10:00+00:00,169.35,179.25,1.0
2026-07-14 11:15:00+00:00,169.61,179.92,1.0
2026-07-14 11:20:00+00:00,170.08,180.64,1.0
2026-07-14 11:25:00+00:00,169.95,180.3,1.0
2026-07-14 11:30:00+00:00,170.11,180.26,1.0
2026-07-14 11:35:00+00:00,169.99,179.93,1.0
2026-07-14 11:40:00+00:00,169.91,180.11,1.0
2026-07-14 11:45:00+00:00,170.14,180.3,1.0
2026-07-14 11:50:00+00:00,170.28,180.13,1.0
2026-07-14 11:55:00+00:00,170.06,179.82,1.0
2026-07-14 12:00:00+00:00,169.75,179.69,1.0
2026-07-14 12:05:00+00:00,169.51,180.47,1.0
2026-07-14 12:10:00+00:00,169.56,180.32,1.0
2026-07-14 12:15:00+00:00,169.71,180.21,1.0
2026-07-14 12:20:00+00:00,170.22,180.87,1.0
2026-07-14 12:25:00+00:00,170.65,180.82,1.0
2026-07-14 12:30:00+00:00,173.06,183.31,1.0
2026-07-14 12:35:00+00:00,172.11,182.56,1.0
2026-07-14 12:40:00+00:00,172.86,183.43,1.0
2026-07-14 12:45:00+00:00,173.1,183.69,1.0
2026-07-14 12:50:00+00:00,172.39,183.09,1.0
2026-07-14 12:55:00+00:00,172.19,182.55,1.0
2026-07-14 13:00:00+00:00,172.59,182.52,1.0
2026-07-14 13:05:00+00:00,172.8,182.65,1.0
2026-07-14 13:10:00+00:00,172.53,182.54,1.0
2026-07-14 13:15:00+00:00,172.32,182.46,1.0
2026-07-14 13:20:00+00:00,173.07,183.85,1.0
2026-07-14 13:25:00+00:00,173.73,183.75,1.0
2026-07-14 13:30:00+00:00,172.77,183.82,1.0
2026-07-14 13:35:00+00:00,174.17,185.93,1.0
2026-07-14 13:40:00+00:00,173.76,184.79,1.0
2026-07-14 13:45:00+00:00,173.95,185.11,1.0
2026-07-14 13:50:00+00:00,173.77,184.95,1.0
2026-07-14 13:55:00+00:00,173.86,185.05,1.0
2026-07-14 14:00:00+00:00,173.59,184.18,1.0
2026-07-14 14:05:00+00:00,172.72,183.43,1.0
2026-07-14 14:10:00+00:00,172.78,183.4,1.0
2026-07-14 14:15:00+00:00,173.16,183.31,1.0
2026-07-14 14:20:00+00:00,173.06,183.44,1.0
2026-07-14 14:25:00+00:00,172.77,183.02,1.0
2026-07-14 14:30:00+00:00,173.19,183.5,1.0
2026-07-14 14:35:00+00:00,173.74,183.8,1.0
2026-07-14 14:40:00+00:00,173.96,184.24,1.0
2026-07-14 14:45:00+00:00,174.09,184.36,1.0
2026-07-14 14:50:00+00:00,174.39,184.6,1.0
2026-07-14 14:55:00+00:00,175.17,185.76,1.0
2026-07-14 15:00:00+00:00,175.45,185.5,1.0
2026-07-14 15:05:00+00:00,175.9,186.04,1.0
2026-07-14 15:10:00+00:00,175.77,186.54,1.0
2026-07-14 15:15:00+00:00,175.78,185.88,1.0
2026-07-14 15:20:00+00:00,175.91,186.08,1.0
2026-07-14 15:25:00+00:00,175.94,186.0,1.0
2026-07-14 15:30:00+00:00,175.52,185.78,1.0
2026-07-14 15:35:00+00:00,175.83,186.37,1.0
2026-07-14 15:40:00+00:00,175.64,187.01,1.0
2026-07-14 15:45:00+00:00,175.87,187.32,1.0
2026-07-14 15:50:00+00:00,175.33,186.44,1.0
2026-07-14 15:55:00+00:00,175.12,186.28,1.0
2026-07-14 16:00:00+00:00,174.72,186.15,1.0
2026-07-14 16:05:00+00:00,175.3,186.33,1.0
2026-07-14 16:10:00+00:00,175.42,186.51,1.0
2026-07-14 16:15:00+00:00,175.63,186.77,1.0
2026-07-14 16:20:00+00:00,176.01,187.11,1.0
2026-07-14 16:25:00+00:00,176.82,187.7,1.0
2026-07-14 16:30:00+00:00,177.2,187.54,1.0
2026-07-14 16:35:00+00:00,177.17,187.57,1.0
2026-07-14 16:40:00+00:00,177.41,188.07,1.0
2026-07-14 16:45:00+00:00,176.42,187.72,1.0
2026-07-14 16:50:00+00:00,176.16,187.51,1.0
2026-07-14 16:55:00+00:00,176.23,187.66,1.0
2026-07-14 17:00:00+00:00,176.15,187.56,1.0
2026-07-14 17:05:00+00:00,176.43,187.65,1.0
2026-07-14 17:10:00+00:00,176.03,187.13,1.0
2026-07-14 17:15:00+00:00,176.1,187.33,1.0
2026-07-14 17:20:00+00:00,176.27,186.96,1.0
2026-07-14 17:25:00+00:00,176.33,186.89,1.0
2026-07-14 17:30:00+00:00,176.06,186.67,1.0
2026-07-14 17:35:00+00:00,176.03,186.91,1.0
2026-07-14 17:40:00+00:00,175.98,186.64,1.0
2026-07-14 17:45:00+00:00,175.85,186.6,1.0
2026-07-14 17:50:00+00:00,176.15,186.89,1.0
2026-07-14 17:55:00+00:00,176.1,187.07,1.0
2026-07-14 18:00:00+00:00,175.99,187.21,1.0
2026-07-14 18:05:00+00:00,176.09,187.14,1.0
2026-07-14 18:10:00+00:00,176.1,187.04,1.0
2026-07-14 18:15:00+00:00,176.33,187.02,1.0
2026-07-14 18:20:00+00:00,176.25,186.91,1.0
2026-07-14 18:25:00+00:00,176.55,186.82,1.0
2026-07-14 18:30:00+00:00,176.43,186.81,1.0
2026-07-14 18:35:00+00:00,176.43,186.64,1.0
2026-07-14 18:40:00+00:00,175.78,185.72,1.0
2026-07-14 18:45:00+00:00,175.81,185.58,1.0
2026-07-14 18:50:00+00:00,176.02,186.19,1.0
2026-07-14 18:55:00+00:00,175.7,186.06,1.0
2026-07-14 19:00:00+00:00,175.21,185.67,1.0
2026-07-14 19:05:00+00:00,175.03,185.42,1.0
2026-07-14 19:10:00+00:00,175.34,185.53,1.0
2026-07-14 19:15:00+00:00,175.91,185.49,1.0
2026-07-14 19:20:00+00:00,176.21,185.72,1.0
2026-07-14 19:25:00+00:00,176.17,185.7,1.0
2026-07-14 19:30:00+00:00,175.98,186.27,1.0
2026-07-14 19:35:00+00:00,175.93,185.82,1.0
2026-07-14 19:40:00+00:00,176.06,186.01,1.0
2026-07-14 19:45:00+00:00,176.5,186.19,1.0
2026-07-14 19:50:00+00:00,176.41,185.79,1.0
2026-07-14 19:55:00+00:00,177.03,186.33,1.0
2026-07-14 20:00:00+00:00,177.11,186.18,1.0
2026-07-14 20:05:00+00:00,177.0,187.23,1.0
2026-07-14 20:10:00+00:00,177.0,187.71,1.0
2026-07-14 20:15:00+00:00,176.82,187.68,1.0
2026-07-14 20:20:00+00:00,176.78,187.84,1.0
2026-07-14 20:25:00+00:00,176.95,187.62,1.0
2026-07-14 20:30:00+00:00,176.85,187.19,1.0
2026-07-14 20:35:00+00:00,176.93,187.77,1.0
2026-07-14 20:40:00+00:00,176.79,187.92,1.0
2026-07-14 20:45:00+00:00,176.72,187.66,1.0
2026-07-14 20:50:00+00:00,176.74,187.94,1.0
2026-07-14 20:55:00+00:00,176.79,187.79,1.0
2026-07-14 21:00:00+00:00,176.43,187.33,1.0
2026-07-14 21:05:00+00:00,176.33,187.92,1.0
2026-07-14 21:10:00+00:00,175.89,187.22,1.0
2026-07-14 21:15:00+00:00,175.85,187.68,1.0
2026-07-14 21:20:00+00:00,176.27,188.03,1.0
2026-07-14 21:25:00+00:00,176.33,188.22,1.0
2026-07-14 21:30:00+00:00,176.49,188.3,1.0
2026-07-14 21:35:00+00:00,176.59,188.06,1.0
2026-07-14 21:40:00+00:00,176.53,188.24,1.0
2026-07-14 21:45:00+00:00,176.17,188.3,1.0
2026-07-14 21:50:00+00:00,175.87,188.05,1.0
2026-07-14 21:55:00+00:00,175.8,188.01,1.0
2026-07-14 22:00:00+00:00,175.75,188.22,1.0
2026-07-14 22:05:00+00:00,176.06,188.01,1.0
2026-07-14 22:10:00+00:00,175.91,187.97,1.0
2026-07-14 22:15:00+00:00,176.38,188.18,1.0
2026-07-14 22:20:00+00:00,176.34,187.58,1.0
2026-07-14 22:25:00+00:00,176.09,187.38,1.0
2026-07-14 22:30:00+00:00,176.3,187.33,1.0
2026-07-14 22:35:00+00:00,176.84,186.95,1.0
2026-07-14 22:40:00+00:00,177.4,187.47,1.0
2026-07-14 22:45:00+00:00,177.51,187.31,1.0
2026-07-14 22:50:00+00:00,177.29,187.09,1.0
2026-07-14 22:55:00+00:00,177.56,186.88,1.0
2026-07-14 23:00:00+00:00,177.61,188.42,1.0
2026-07-14 23:05:00+00:00,177.34,187.72,1.0
2026-07-14 23:10:00+00:00,177.37,187.79,1.0
2026-07-14 23:15:00+00:00,177.4,187.61,1.0
2026-07-14 23:20:00+00:00,177.24,187.36,1.0
2026-07-14 23:25:00+00:00,177.68,188.09,1.0
2026-07-14 23:30:00+00:00,177.82,188.16,1.0
2026-07-14 23:35:00+00:00,177.76,188.32,1.0
2026-07-14 23:40:00+00:00,177.81,188.49,1.0
2026-07-14 23:45:00+00:00,178.74,189.11,1.0
2026-07-14 23:50:00+00:00,178.92,189.89,1.0
2026-07-14 23:55:00+00:00,178.68,190.09,1.0
2026-07-15 00:00:00+00:00,177.8,187.69,1.0
2026-07-15 00:05:00+00:00,177.45,186.81,1.0
2026-07-15 00:10:00+00:00,178.04,187.08,1.0
2026-07-15 00:15:00+00:00,179.44,188.12,1.0
2026-07-15 00:20:00+00:00,178.96,188.11,1.0
2026-07-15 00:25:00+00:00,179.42,188.19,1.0
2026-07-15 00:30:00+00:00,179.08,187.31,1.0
2026-07-15 00:35:00+00:00,178.26,186.26,1.0
2026-07-15 00:40:00+00:00,178.38,186.12,1.0
2026-07-15 00:45:00+00:00,178.84,186.26,1.0
2026-07-15 00:50:00+00:00,179.12,186.28,1.0
2026-07-15 00:55:00+00:00,179.33,186.19,1.0
2026-07-15 01:00:00+00:00,178.12,185.13,1.0
2026-07-15 01:05:00+00:00,177.48,183.91,1.0
2026-07-15 01:10:00+00:00,177.44,184.75,1.0
2026-07-15 01:15:00+00:00,178.36,186.36,1.0
2026-07-15 01:20:00+00:00,178.12,186.18,1.0
2026-07-15 01:25:00+00:00,178.6,186.71,1.0
2026-07-15 01:30:00+00:00,177.66,185.33,1.0
2026-07-15 01:35:00+00:00,178.14,186.41,1.0
2026-07-15 01:40:00+00:00,176.35,184.35,1.0
2026-07-15 01:45:00+00:00,177.19,185.5,1.0
2026-07-15 01:50:00+00:00,177.88,186.35,1.0
2026-07-15 01:55:00+00:00,178.61,187.03,1.0
2026-07-15 02:00:00+00:00,179.4,187.87,1.0
2026-07-15 02:05:00+00:00,179.62,187.75,1.0
2026-07-15 02:10:00+00:00,179.44,187.65,1.0
2026-07-15 02:15:00+00:00,179.44,187.79,1.0
2026-07-15 02:20:00+00:00,179.01,186.83,1.0
2026-07-15 02:25:00+00:00,179.0,187.41,1.0
2026-07-15 02:30:00+00:00,179.48,187.91,1.0
2026-07-15 02:35:00+00:00,179.53,187.95,1.0
2026-07-15 02:40:00+00:00,179.98,188.65,1.0
2026-07-15 02:45:00+00:00,180.16,189.01,1.0
2026-07-15 02:50:00+00:00,179.56,188.22,1.0
2026-07-15 02:55:00+00:00,179.19,187.31,1.0
2026-07-15 03:00:00+00:00,179.87,188.2,1.0
2026-07-15 03:05:00+00:00,180.12,188.39,1.0
2026-07-15 03:10:00+00:00,179.96,188.22,1.0
2026-07-15 03:15:00+00:00,180.12,188.41,1.0
2026-07-15 03:20:00+00:00,180.31,188.6,1.0
2026-07-15 03:25:00+00:00,180.7,189.18,1.0
2026-07-15 03:30:00+00:00,180.85,189.88,1.0
2026-07-15 03:35:00+00:00,180.84,189.98,1.0
2026-07-15 03:40:00+00:00,180.56,189.28,1.0
2026-07-15 03:45:00+00:00,181.22,190.16,1.0
2026-07-15 03:50:00+00:00,181.37,190.38,1.0
2026-07-15 03:55:00+00:00,181.2,190.34,1.0
2026-07-15 04:00:00+00:00,181.37,190.4,1.0
2026-07-15 04:05:00+00:00,180.91,190.05,1.0
2026-07-15 04:10:00+00:00,180.84,190.45,1.0
2026-07-15 04:15:00+00:00,180.7,190.04,1.0
2026-07-15 04:20:00+00:00,180.73,190.25,1.0
2026-07-15 04:25:00+00:00,180.26,189.35,1.0
2026-07-15 04:30:00+00:00,179.98,189.29,1.0
2026-07-15 04:35:00+00:00,180.57,190.17,1.0
2026-07-15 04:40:00+00:00,180.3,189.99,1.0
2026-07-15 04:45:00+00:00,180.37,190.19,1.0
2026-07-15 04:50:00+00:00,180.04,189.7,1.0
2026-07-15 04:55:00+00:00,180.27,189.85,1.0
2026-07-15 05:00:00+00:00,179.35,188.14,1.0
2026-07-15 05:05:00+00:00,179.58,188.52,1.0
2026-07-15 05:10:00+00:00,178.75,187.34,1.0
2026-07-15 05:15:00+00:00,179.11,187.67,1.0
2026-07-15 05:20:00+00:00,178.34,186.94,1.0
2026-07-15 05:25:00+00:00,177.89,187.01,1.0
2026-07-15 05:30:00+00:00,178.17,187.33,1.0
2026-07-15 05:35:00+00:00,178.6,187.65,1.0
2026-07-15 05:40:00+00:00,178.16,186.79,1.0
2026-07-15 05:45:00+00:00,179.37,188.26,1.0
2026-07-15 05:50:00+00:00,179.35,188.34,1.0
2026-07-15 05:55:00+00:00,180.13,189.11,1.0
2026-07-15 06:00:00+00:00,180.11,188.88,1.0
2026-07-15 06:05:00+00:00,180.27,189.26,1.0
2026-07-15 06:10:00+00:00,179.8,189.11,1.0
2026-07-15 06:15:00+00:00,178.93,187.99,1.0
2026-07-15 06:20:00+00:00,178.54,187.68,1.0
2026-07-15 06:25:00+00:00,178.83,187.54,1.0
2026-07-15 06:30:00+00:00,178.8,187.18,1.0
2026-07-15 06:35:00+00:00,178.57,186.96,1.0
2026-07-15 06:40:00+00:00,178.41,186.38,1.0
2026-07-15 06:45:00+00:00,177.89,186.21,1.0
2026-07-15 06:50:00+00:00,177.81,186.05,1.0
2026-07-15 06:55:00+00:00,177.9,186.6,1.0
2026-07-15 07:00:00+00:00,177.85,186.67,1.0
2026-07-15 07:05:00+00:00,177.98,186.79,1.0
2026-07-15 07:10:00+00:00,178.0,186.45,1.0
2026-07-15 07:15:00+00:00,177.82,185.99,1.0
2026-07-15 07:20:00+00:00,177.49,185.42,1.0
2026-07-15 07:25:00+00:00,177.13,184.93,1.0
2026-07-15 07:30:00+00:00,177.18,185.06,1.0
2026-07-15 07:35:00+00:00,177.32,185.33,1.0
2026-07-15 07:40:00+00:00,177.15,185.4,1.0
2026-07-15 07:45:00+00:00,177.06,185.12,1.0
2026-07-15 07:50:00+00:00,177.23,185.29,1.0
2026-07-15 07:55:00+00:00,177.22,185.82,1.0
2026-07-15 08:00:00+00:00,176.13,184.53,1.0
2026-07-15 08:05:00+00:00,175.98,184.29,1.0
2026-07-15 08:10:00+00:00,175.69,183.93,1.0
2026-07-15 08:15:00+00:00,174.98,183.59,1.0
2026-07-15 08:20:00+00:00,174.75,183.37,1.0
2026-07-15 08:25:00+00:00,175.59,184.22,1.0
2026-07-15 08:30:00+00:00,175.08,184.01,1.0
2026-07-15 08:35:00+00:00,175.37,184.26,1.0
2026-07-15 08:40:00+00:00,175.49,184.26,1.0
2026-07-15 08:45:00+00:00,175.64,184.46,1.0
2026-07-15 08:50:00+00:00,175.6,184.43,1.0
2026-07-15 08:55:00+00:00,175.98,184.72,1.0
2026-07-15 09:00:00+00:00,176.78,185.35,1.0
2026-07-15 09:05:00+00:00,176.89,185.34,1.0
2026-07-15 09:10:00+00:00,176.6,185.17,1.0
2026-07-15 09:15:00+00:00,176.33,184.71,1.0
2026-07-15 09:20:00+00:00,176.6,185.06,1.0
2026-07-15 09:25:00+00:00,176.2,184.91,1.0
2026-07-15 09:30:00+00:00,175.95,184.6,1.0
2026-07-15 09:35:00+00:00,175.9,184.52,1.0
2026-07-15 09:40:00+00:00,176.16,184.66,1.0
2026-07-15 09:45:00+00:00,175.84,184.43,1.0
2026-07-15 09:50:00+00:00,175.55,184.35,1.0
2026-07-15 09:55:00+00:00,175.48,184.38,1.0
2026-07-15 10:00:00+00:00,175.32,184.03,1.0
2026-07-15 10:05:00+00:00,175.27,184.08,1.0
2026-07-15 10:10:00+00:00,175.45,184.33,1.0
2026-07-15 10:15:00+00:00,175.29,184.26,1.0
2026-07-15 10:20:00+00:00,175.34,184.26,1.0
2026-07-15 10:25:00+00:00,175.12,183.9,1.0
2026-07-15 10:30:00+00:00,174.96,183.22,1.0
2026-07-15 10:35:00+00:00,175.34,184.04,1.0
2026-07-15 10:40:00+00:00,175.01,183.43,1.0
2026-07-15 10:45:00+00:00,175.34,183.86,1.0
2026-07-15 10:50:00+00:00,175.43,183.79,1.0
2026-07-15 10:55:00+00:00,175.46,183.89,1.0
2026-07-15 11:00:00+00:00,175.75,184.36,1.0
2026-07-15 11:05:00+00:00,175.77,184.24,1.0
2026-07-15 11:10:00+00:00,175.4,183.69,1.0
2026-07-15 11:15:00+00:00,175.13,183.57,1.0
2026-07-15 11:20:00+00:00,175.17,183.43,1.0
2026-07-15 11:25:00+00:00,175.15,182.92,1.0
2026-07-15 11:30:00+00:00,175.39,183.3,1.0
2026-07-15 11:35:00+00:00,175.62,183.59,1.0
2026-07-15 11:40:00+00:00,175.65,183.87,1.0
2026-07-15 11:45:00+00:00,175.44,183.54,1.0
2026-07-15 11:50:00+00:00,175.44,183.48,1.0
2026-07-15 11:55:00+00:00,175.33,183.47,1.0
2026-07-15 12:00:00+00:00,175.08,182.86,1.0
2026-07-15 12:05:00+00:00,174.75,182.87,1.0
2026-07-15 12:10:00+00:00,174.65,182.85,1.0
2026-07-15 12:15:00+00:00,174.61,182.57,1.0
2026-07-15 12:20:00+00:00,174.44,182.84,1.0
2026-07-15 12:25:00+00:00,175.0,183.36,1.0
2026-07-15 12:30:00+00:00,175.33,184.22,1.0
2026-07-15 12:35:00+00:00,175.48,184.02,1.0
2026-07-15 12:40:00+00:00,175.59,184.0,1.0
2026-07-15 12:45:00+00:00,175.93,184.5,1.0
2026-07-15 12:50:00+00:00,176.03,184.79,1.0
2026-07-15 12:55:00+00:00,176.21,185.58,1.0
2026-07-15 13:00:00+00:00,176.46,185.54,1.0
2026-07-15 13:05:00+00:00,176.16,185.37,1.0
2026-07-15 13:10:00+00:00,175.62,184.08,1.0
2026-07-15 13:15:00+00:00,175.75,184.13,1.0
2026-07-15 13:20:00+00:00,175.8,184.18,1.0
2026-07-15 13:25:00+00:00,175.84,184.22,1.0
2026-07-15 13:30:00+00:00,175.21,183.55,1.0
2026-07-15 13:35:00+00:00,174.21,181.36,1.0
2026-07-15 13:40:00+00:00,174.11,179.69,1.0
2026-07-15 13:45:00+00:00,173.51,179.08,1.0
2026-07-15 13:50:00+00:00,173.8,179.22,1.0
2026-07-15 13:55:00+00:00,174.78,179.96,1.0
2026-07-15 14:00:00+00:00,174.32,179.5,1.0
2026-07-15 14:05:00+00:00,174.43,178.56,1.0
2026-07-15 14:10:00+00:00,173.7,177.91,1.0
2026-07-15 14:15:00+00:00,173.19,177.44,1.0
2026-07-15 14:20:00+00:00,170.93,176.02,1.0
2026-07-15 14:25:00+00:00,171.82,175.94,1.0
2026-07-15 14:30:00+00:00,171.29,175.5,1.0
2026-07-15 14:35:00+00:00,169.71,173.87,1.0
2026-07-15 14:40:00+00:00,169.84,174.33,1.0
2026-07-15 14:45:00+00:00,169.98,174.3,1.0
2026-07-15 14:50:00+00:00,169.25,173.27,1.0
2026-07-15 14:55:00+00:00,169.24,173.82,1.0
2026-07-15 15:00:00+00:00,168.67,173.02,1.0
2026-07-15 15:05:00+00:00,169.8,174.17,1.0
2026-07-15 15:10:00+00:00,168.98,172.91,1.0
2026-07-15 15:15:00+00:00,169.32,173.71,1.0
2026-07-15 15:20:00+00:00,168.94,172.69,1.0
2026-07-15 15:25:00+00:00,169.96,173.74,1.0
2026-07-15 15:30:00+00:00,170.19,173.81,1.0
2026-07-15 15:35:00+00:00,169.98,173.88,1.0
2026-07-15 15:40:00+00:00,170.16,173.77,1.0
2026-07-15 15:45:00+00:00,169.9,173.85,1.0
2026-07-15 15:50:00+00:00,169.79,173.98,1.0
2026-07-15 15:55:00+00:00,169.52,174.0,1.0
2026-07-15 16:00:00+00:00,168.41,171.81,1.0
2026-07-15 16:05:00+00:00,167.84,171.69,1.0
2026-07-15 16:10:00+00:00,167.48,171.31,1.0
2026-07-15 16:15:00+00:00,167.59,171.39,1.0
2026-07-15 16:20:00+00:00,166.89,170.18,1.0
2026-07-15 16:25:00+00:00,167.17,171.04,1.0
2026-07-15 16:30:00+00:00,166.37,169.97,1.0
2026-07-15 16:35:00+00:00,166.09,169.28,1.0
2026-07-15 16:40:00+00:00,166.58,169.38,1.0
2026-07-15 16:45:00+00:00,166.93,170.1,1.0
2026-07-15 16:50:00+00:00,167.21,170.1,1.0
2026-07-15 16:55:00+00:00,167.06,170.53,1.0
2026-07-15 17:00:00+00:00,167.18,171.62,1.0
2026-07-15 17:05:00+00:00,167.74,172.03,1.0
2026-07-15 17:10:00+00:00,167.33,171.84,1.0
2026-07-15 17:15:00+00:00,168.08,172.76,1.0
2026-07-15 17:20:00+00:00,168.7,173.34,1.0
2026-07-15 17:25:00+00:00,169.26,173.37,1.0
2026-07-15 17:30:00+00:00,169.73,173.93,1.0
2026-07-15 17:35:00+00:00,169.7,174.12,1.0
2026-07-15 17:40:00+00:00,170.12,175.16,1.0
2026-07-15 17:45:00+00:00,170.38,175.57,1.0
2026-07-15 17:50:00+00:00,170.69,176.15,1.0
2026-07-15 17:55:00+00:00,170.58,175.43,1.0
2026-07-15 18:00:00+00:00,171.22,176.33,1.0
2026-07-15 18:05:00+00:00,171.83,176.85,1.0
2026-07-15 18:10:00+00:00,171.52,176.79,1.0
2026-07-15 18:15:00+00:00,171.47,176.87,1.0
2026-07-15 18:20:00+00:00,171.75,177.35,1.0
2026-07-15 18:25:00+00:00,171.89,177.48,1.0
2026-07-15 18:30:00+00:00,171.99,177.55,1.0
2026-07-15 18:35:00+00:00,171.27,176.7,1.0
2026-07-15 18:40:00+00:00,170.69,176.04,1.0
2026-07-15 18:45:00+00:00,170.6,176.38,1.0
2026-07-15 18:50:00+00:00,170.46,175.87,1.0
2026-07-15 18:55:00+00:00,170.14,175.77,1.0
2026-07-15 19:00:00+00:00,170.81,176.23,1.0
2026-07-15 19:05:00+00:00,170.79,176.58,1.0
2026-07-15 19:10:00+00:00,170.71,176.66,1.0
2026-07-15 19:15:00+00:00,170.27,176.44,1.0
2026-07-15 19:20:00+00:00,170.28,176.46,1.0
2026-07-15 19:25:00+00:00,170.89,176.64,1.0
2026-07-15 19:30:00+00:00,170.58,176.18,1.0
2026-07-15 19:35:00+00:00,170.89,176.4,1.0
2026-07-15 19:40:00+00:00,171.46,176.84,1.0
2026-07-15 19:45:00+00:00,171.17,176.26,1.0
2026-07-15 19:50:00+00:00,171.23,176.15,1.0
2026-07-15 19:55:00+00:00,171.83,176.51,1.0
2026-07-15 20:00:00+00:00,171.83,177.26,1.0
2026-07-15 20:05:00+00:00,171.59,176.53,1.0
2026-07-15 20:10:00+00:00,171.51,176.75,1.0
2026-07-15 20:15:00+00:00,171.7,177.14,1.0
2026-07-15 20:20:00+00:00,171.72,176.98,1.0
2026-07-15 20:25:00+00:00,171.71,176.74,1.0
2026-07-15 20:30:00+00:00,171.49,176.73,1.0
2026-07-15 20:35:00+00:00,171.5,176.84,1.0
2026-07-15 20:40:00+00:00,171.48,176.83,1.0
2026-07-15 20:45:00+00:00,171.59,176.83,1.0
2026-07-15 20:50:00+00:00,171.34,176.54,1.0
2026-07-15 20:55:00+00:00,171.32,176.54,1.0
2026-07-15 21:00:00+00:00,171.13,176.01,1.0
2026-07-15 21:05:00+00:00,171.01,176.11,1.0
2026-07-15 21:10:00+00:00,170.91,175.93,1.0
2026-07-15 21:15:00+00:00,170.64,175.6,1.0
2026-07-15 21:20:00+00:00,170.7,176.07,1.0
2026-07-15 21:25:00+00:00,170.65,175.89,1.0
2026-07-15 21:30:00+00:00,170.82,175.61,1.0
2026-07-15 21:35:00+00:00,171.02,175.75,1.0
2026-07-15 21:40:00+00:00,171.11,175.73,1.0
2026-07-15 21:45:00+00:00,170.94,175.78,1.0
2026-07-15 21:50:00+00:00,170.81,175.53,1.0
2026-07-15 21:55:00+00:00,170.7,175.37,1.0
2026-07-15 22:00:00+00:00,170.8,175.3,1.0
2026-07-15 22:05:00+00:00,170.78,175.36,1.0
2026-07-15 22:10:00+00:00,170.59,175.12,1.0
2026-07-15 22:15:00+00:00,170.25,174.68,1.0
2026-07-15 22:20:00+00:00,170.18,174.72,1.0
2026-07-15 22:25:00+00:00,169.6,174.51,1.0
2026-07-15 22:30:00+00:00,169.39,174.42,1.0
2026-07-15 22:35:00+00:00,169.04,174.52,1.0
2026-07-15 22:40:00+00:00,169.04,174.55,1.0
2026-07-15 22:45:00+00:00,169.05,174.55,1.0
2026-07-15 22:50:00+00:00,169.27,174.71,1.0
2026-07-15 22:55:00+00:00,169.7,174.87,1.0
2026-07-15 23:00:00+00:00,169.78,175.76,1.0
2026-07-15 23:05:00+00:00,170.58,176.95,1.0
2026-07-15 23:10:00+00:00,169.9,176.31,1.0
2026-07-15 23:15:00+00:00,170.05,176.84,1.0
2026-07-15 23:20:00+00:00,170.08,177.04,1.0
2026-07-15 23:25:00+00:00,169.95,176.82,1.0
2026-07-15 23:30:00+00:00,169.73,176.51,1.0
2026-07-15 23:35:00+00:00,169.14,176.39,1.0
2026-07-15 23:40:00+00:00,169.31,176.34,1.0
2026-07-15 23:45:00+00:00,169.32,175.75,1.0
2026-07-15 23:50:00+00:00,169.99,176.18,1.0
2026-07-15 23:55:00+00:00,170.79,176.73,1.0
2026-07-16 00:00:00+00:00,171.66,176.76,1.0
2026-07-16 00:05:00+00:00,171.09,176.99,1.0
2026-07-16 00:10:00+00:00,172.06,177.82,1.0
2026-07-16 00:15:00+00:00,169.72,174.69,1.0
2026-07-16 00:20:00+00:00,170.6,174.77,1.0
2026-07-16 00:25:00+00:00,170.5,174.62,1.0
2026-07-16 00:30:00+00:00,170.42,174.11,1.0
2026-07-16 00:35:00+00:00,169.57,173.38,1.0
2026-07-16 00:40:00+00:00,168.9,172.46,1.0
2026-07-16 00:45:00+00:00,169.05,173.0,1.0
2026-07-16 00:50:00+00:00,169.02,172.81,1.0
2026-07-16 00:55:00+00:00,168.5,172.5,1.0
2026-07-16 01:00:00+00:00,169.4,173.52,1.0
2026-07-16 01:05:00+00:00,168.49,172.18,1.0
2026-07-16 01:10:00+00:00,167.78,171.48,1.0
2026-07-16 01:15:00+00:00,167.06,170.81,1.0
2026-07-16 01:20:00+00:00,167.3,170.76,1.0
2026-07-16 01:25:00+00:00,167.42,170.69,1.0
2026-07-16 01:30:00+00:00,167.92,171.87,1.0
2026-07-16 01:35:00+00:00,168.65,172.5,1.0
2026-07-16 01:40:00+00:00,167.8,170.99,1.0
2026-07-16 01:45:00+00:00,168.74,172.65,1.0
2026-07-16 01:50:00+00:00,168.69,172.25,1.0
2026-07-16 01:55:00+00:00,167.67,171.28,1.0
2026-07-16 02:00:00+00:00,166.86,170.38,1.0
2026-07-16 02:05:00+00:00,166.69,170.46,1.0
2026-07-16 02:10:00+00:00,167.07,171.43,1.0
2026-07-16 02:15:00+00:00,167.5,171.77,1.0
2026-07-16 02:20:00+00:00,168.57,173.06,1.0
2026-07-16 02:25:00+00:00,168.8,173.31,1.0
2026-07-16 02:30:00+00:00,168.41,172.56,1.0
2026-07-16 02:35:00+00:00,168.76,173.01,1.0
2026-07-16 02:40:00+00:00,168.47,172.81,1.0
2026-07-16 02:45:00+00:00,169.92,174.65,1.0
2026-07-16 02:50:00+00:00,169.89,174.36,1.0
2026-07-16 02:55:00+00:00,169.66,174.03,1.0
2026-07-16 03:00:00+00:00,169.32,173.32,1.0
2026-07-16 03:05:00+00:00,170.26,174.91,1.0
2026-07-16 03:10:00+00:00,169.69,173.71,1.0
2026-07-16 03:15:00+00:00,169.01,173.06,1.0
2026-07-16 03:20:00+00:00,168.73,172.62,1.0
2026-07-16 03:25:00+00:00,168.59,172.41,1.0
2026-07-16 03:30:00+00:00,169.29,173.3,1.0
2026-07-16 03:35:00+00:00,168.82,172.54,1.0
2026-07-16 03:40:00+00:00,168.84,172.4,1.0
2026-07-16 03:45:00+00:00,168.68,172.57,1.0
2026-07-16 03:50:00+00:00,169.09,173.25,1.0
2026-07-16 03:55:00+00:00,169.65,174.35,1.0
2026-07-16 04:00:00+00:00,169.28,174.02,1.0
2026-07-16 04:05:00+00:00,168.96,173.58,1.0
2026-07-16 04:10:00+00:00,169.69,174.68,1.0
2026-07-16 04:15:00+00:00,168.64,173.08,1.0
2026-07-16 04:20:00+00:00,168.6,173.21,1.0
2026-07-16 04:25:00+00:00,168.26,172.59,1.0
2026-07-16 04:30:00+00:00,168.13,172.43,1.0
2026-07-16 04:35:00+00:00,168.04,172.38,1.0
2026-07-16 04:40:00+00:00,168.33,172.56,1.0
2026-07-16 04:45:00+00:00,168.42,172.81,1.0
2026-07-16 04:50:00+00:00,168.49,172.55,1.0
2026-07-16 04:55:00+00:00,168.49,172.54,1.0
2026-07-16 05:00:00+00:00,169.0,173.03,1.0
2026-07-16 05:05:00+00:00,168.64,172.31,1.0
2026-07-16 05:10:00+00:00,170.41,174.63,1.0
2026-07-16 05:15:00+00:00,171.18,175.62,1.0
2026-07-16 05:20:00+00:00,171.78,176.11,1.0
2026-07-16 05:25:00+00:00,171.74,176.46,1.0
2026-07-16 05:30:00+00:00,170.38,174.73,1.0
2026-07-16 05:35:00+00:00,169.04,173.15,1.0
2026-07-16 05:40:00+00:00,169.4,173.78,1.0
2026-07-16 05:45:00+00:00,169.19,173.78,1.0
2026-07-16 05:50:00+00:00,169.21,173.72,1.0
2026-07-16 05:55:00+00:00,169.3,173.94,1.0
2026-07-16 06:00:00+00:00,168.74,172.9,1.0
2026-07-16 06:05:00+00:00,168.55,172.59,1.0
2026-07-16 06:10:00+00:00,168.1,172.34,1.0
2026-07-16 06:15:00+00:00,168.98,173.84,1.0
2026-07-16 06:20:00+00:00,169.16,173.55,1.0
2026-07-16 06:25:00+00:00,168.88,173.55,1.0
2026-07-16 06:30:00+00:00,168.87,174.17,1.0
2026-07-16 06:35:00+00:00,169.11,173.72,1.0
2026-07-16 06:40:00+00:00,168.95,173.51,1.0
2026-07-16 06:45:00+00:00,169.25,173.39,1.0
2026-07-16 06:50:00+00:00,169.09,173.47,1.0
2026-07-16 06:55:00+00:00,169.55,173.63,1.0
2026-07-16 07:00:00+00:00,169.38,173.25,1.0
2026-07-16 07:05:00+00:00,169.25,172.97,1.0
2026-07-16 07:10:00+00:00,169.08,172.53,1.0
2026-07-16 07:15:00+00:00,168.91,172.32,1.0
2026-07-16 07:20:00+00:00,168.8,172.26,1.0
2026-07-16 07:25:00+00:00,168.75,172.33,1.0
2026-07-16 07:30:00+00:00,168.63,172.31,1.0
2026-07-16 07:35:00+00:00,168.34,171.54,1.0
2026-07-16 07:40:00+00:00,168.19,170.65,1.0
2026-07-16 07:45:00+00:00,168.21,170.21,1.0
2026-07-16 07:50:00+00:00,168.15,170.67,1.0
2026-07-16 07:55:00+00:00,168.15,170.23,1.0
2026-07-16 08:00:00+00:00,167.41,170.66,1.0
2026-07-16 08:05:00+00:00,167.13,170.17,1.0
2026-07-16 08:10:00+00:00,166.63,169.59,1.0
2026-07-16 08:15:00+00:00,166.91,170.05,1.0
2026-07-16 08:20:00+00:00,167.12,170.54,1.0
2026-07-16 08:25:00+00:00,167.38,170.94,1.0
2026-07-16 08:30:00+00:00,167.65,171.04,1.0
2026-07-16 08:35:00+00:00,167.46,171.35,1.0
2026-07-16 08:40:00+00:00,166.94,170.73,1.0
2026-07-16 08:45:00+00:00,167.47,171.34,1.0
2026-07-16 08:50:00+00:00,167.56,171.44,1.0
2026-07-16 08:55:00+00:00,168.16,171.37,1.0
2026-07-16 09:00:00+00:00,168.47,171.64,1.0
2026-07-16 09:05:00+00:00,168.38,171.61,1.0
2026-07-16 09:10:00+00:00,168.55,171.53,1.0
2026-07-16 09:15:00+00:00,168.75,171.92,1.0
2026-07-16 09:20:00+00:00,168.92,171.85,1.0
2026-07-16 09:25:00+00:00,168.59,171.76,1.0
2026-07-16 09:30:00+00:00,168.63,171.9,1.0
2026-07-16 09:35:00+00:00,168.69,171.76,1.0
2026-07-16 09:40:00+00:00,168.37,171.65,1.0
2026-07-16 09:45:00+00:00,168.1,171.5,1.0
2026-07-16 09:50:00+00:00,168.29,171.65,1.0
2026-07-16 09:55:00+00:00,167.96,171.44,1.0
2026-07-16 10:00:00+00:00,168.02,171.54,1.0
2026-07-16 10:05:00+00:00,168.19,171.61,1.0
2026-07-16 10:10:00+00:00,168.06,171.62,1.0
2026-07-16 10:15:00+00:00,167.97,171.49,1.0
2026-07-16 10:20:00+00:00,167.92,171.29,1.0
2026-07-16 10:25:00+00:00,167.83,170.94,1.0
2026-07-16 10:30:00+00:00,167.99,170.88,1.0
2026-07-16 10:35:00+00:00,167.45,170.5,1.0
2026-07-16 10:40:00+00:00,167.57,170.59,1.0
2026-07-16 10:45:00+00:00,167.48,170.87,1.0
2026-07-16 10:50:00+00:00,167.72,171.41,1.0
2026-07-16 10:55:00+00:00,167.96,171.19,1.0
2026-07-16 11:00:00+00:00,167.29,170.46,1.0
2026-07-16 11:05:00+00:00,167.06,170.36,1.0
2026-07-16 11:10:00+00:00,167.14,170.1,1.0
2026-07-16 11:15:00+00:00,166.55,169.83,1.0
2026-07-16 11:20:00+00:00,167.3,170.72,1.0
2026-07-16 11:25:00+00:00,166.79,170.21,1.0
2026-07-16 11:30:00+00:00,166.63,169.76,1.0
2026-07-16 11:35:00+00:00,166.53,169.69,1.0
2026-07-16 11:40:00+00:00,166.43,169.6,1.0
2026-07-16 11:45:00+00:00,165.97,168.89,1.0
2026-07-16 11:50:00+00:00,166.1,169.2,1.0
2026-07-16 11:55:00+00:00,166.48,169.9,1.0
2026-07-16 12:00:00+00:00,166.32,169.55,1.0
2026-07-16 12:05:00+00:00,166.05,169.47,1.0
2026-07-16 12:10:00+00:00,165.9,169.38,1.0
2026-07-16 12:15:00+00:00,166.19,169.08,1.0
2026-07-16 12:20:00+00:00,165.53,168.74,1.0
2026-07-16 12:25:00+00:00,165.9,169.23,1.0
2026-07-16 12:30:00+00:00,165.83,169.47,1.0
2026-07-16 12:35:00+00:00,165.39,168.56,1.0
2026-07-16 12:40:00+00:00,164.46,168.09,1.0
2026-07-16 12:45:00+00:00,164.88,168.16,1.0
2026-07-16 12:50:00+00:00,165.0,168.33,1.0
2026-07-16 12:55:00+00:00,164.85,168.07,1.0
2026-07-16 13:00:00+00:00,165.39,168.78,1.0
2026-07-16 13:05:00+00:00,165.95,169.21,1.0
2026-07-16 13:10:00+00:00,166.02,169.52,1.0
2026-07-16 13:15:00+00:00,166.23,169.64,1.0
2026-07-16 13:20:00+00:00,166.89,170.16,1.0
2026-07-16 13:25:00+00:00,166.88,170.32,1.0
2026-07-16 13:30:00+00:00,166.49,169.88,1.0
2026-07-16 13:35:00+00:00,165.9,169.15,1.0
2026-07-16 13:40:00+00:00,165.14,168.24,1.0
2026-07-16 13:45:00+00:00,164.47,167.09,1.0
2026-07-16 13:50:00+00:00,164.9,167.32,1.0
2026-07-16 13:55:00+00:00,165.8,168.19,1.0
2026-07-16 14:00:00+00:00,166.18,168.36,1.0
2026-07-16 14:05:00+00:00,167.26,169.64,1.0
2026-07-16 14:10:00+00:00,167.08,169.3,1.0
2026-07-16 14:15:00+00:00,167.3,169.6,1.0
2026-07-16 14:20:00+00:00,166.15,169.19,1.0
2026-07-16 14:25:00+00:00,166.58,169.87,1.0
2026-07-16 14:30:00+00:00,166.61,169.71,1.0
2026-07-16 14:35:00+00:00,166.8,169.52,1.0
2026-07-16 14:40:00+00:00,166.49,169.38,1.0
2026-07-16 14:45:00+00:00,166.35,168.78,1.0
2026-07-16 14:50:00+00:00,165.46,167.36,1.0
2026-07-16 14:55:00+00:00,166.13,168.66,1.0
2026-07-16 15:00:00+00:00,166.1,168.65,1.0
2026-07-16 15:05:00+00:00,165.7,167.75,1.0
2026-07-16 15:10:00+00:00,165.33,167.36,1.0
2026-07-16 15:15:00+00:00,165.26,166.7,1.0
2026-07-16 15:20:00+00:00,165.58,167.33,1.0
2026-07-16 15:25:00+00:00,166.3,168.05,1.0
2026-07-16 15:30:00+00:00,167.0,168.27,1.0
2026-07-16 15:35:00+00:00,167.1,168.9,1.0
2026-07-16 15:40:00+00:00,166.32,168.44,1.0
2026-07-16 15:45:00+00:00,166.57,168.98,1.0
2026-07-16 15:50:00+00:00,166.49,169.06,1.0
2026-07-16 15:55:00+00:00,166.18,168.52,1.0
2026-07-16 16:00:00+00:00,165.74,168.39,1.0
2026-07-16 16:05:00+00:00,165.67,167.77,1.0
2026-07-16 16:10:00+00:00,164.92,166.21,1.0
2026-07-16 16:15:00+00:00,164.86,166.87,1.0
2026-07-16 16:20:00+00:00,164.66,167.42,1.0
2026-07-16 16:25:00+00:00,164.7,167.1,1.0
2026-07-16 16:30:00+00:00,164.78,167.38,1.0
2026-07-16 16:35:00+00:00,164.61,167.19,1.0
2026-07-16 16:40:00+00:00,164.33,166.7,1.0
2026-07-16 16:45:00+00:00,164.01,166.67,1.0
2026-07-16 16:50:00+00:00,164.4,167.07,1.0
2026-07-16 16:55:00+00:00,164.73,167.72,1.0
2026-07-16 17:00:00+00:00,164.46,167.17,1.0
2026-07-16 17:05:00+00:00,163.63,166.61,1.0
2026-07-16 17:10:00+00:00,162.91,165.46,1.0
2026-07-16 17:15:00+00:00,162.76,164.77,1.0
2026-07-16 17:20:00+00:00,163.27,165.03,1.0
2026-07-16 17:25:00+00:00,164.0,166.07,1.0
2026-07-16 17:30:00+00:00,164.01,165.78,1.0
2026-07-16 17:35:00+00:00,164.05,165.63,1.0
2026-07-16 17:40:00+00:00,163.8,165.17,1.0
2026-07-16 17:45:00+00:00,163.8,165.4,1.0
2026-07-16 17:50:00+00:00,164.13,165.55,1.0
2026-07-16 17:55:00+00:00,163.8,165.59,1.0
2026-07-16 18:00:00+00:00,163.11,164.86,1.0
2026-07-16 18:05:00+00:00,163.29,165.33,1.0
2026-07-16 18:10:00+00:00,163.51,165.61,1.0
2026-07-16 18:15:00+00:00,164.07,166.43,1.0
2026-07-16 18:20:00+00:00,164.3,166.58,1.0
2026-07-16 18:25:00+00:00,163.9,166.19,1.0
2026-07-16 18:30:00+00:00,163.41,165.76,1.0
2026-07-16 18:35:00+00:00,163.26,165.66,1.0
2026-07-16 18:40:00+00:00,163.65,165.85,1.0
2026-07-16 18:45:00+00:00,163.57,165.94,1.0
2026-07-16 18:50:00+00:00,163.25,165.91,1.0
2026-07-16 18:55:00+00:00,162.95,165.35,1.0
2026-07-16 19:00:00+00:00,163.22,165.55,1.0
2026-07-16 19:05:00+00:00,162.98,165.19,1.0
2026-07-16 19:10:00+00:00,163.16,165.24,1.0
2026-07-16 19:15:00+00:00,163.1,165.1,1.0
2026-07-16 19:20:00+00:00,162.9,165.16,1.0
2026-07-16 19:25:00+00:00,162.81,165.29,1.0
2026-07-16 19:30:00+00:00,163.05,165.28,1.0
2026-07-16 19:35:00+00:00,163.18,165.4,1.0
2026-07-16 19:40:00+00:00,162.54,164.89,1.0
2026-07-16 19:45:00+00:00,162.25,164.8,1.0
2026-07-16 19:50:00+00:00,163.32,165.07,1.0
2026-07-16 19:55:00+00:00,163.46,164.98,1.0
2026-07-16 20:00:00+00:00,163.46,165.01,1.0
2026-07-16 20:05:00+00:00,163.59,165.15,1.0
2026-07-16 20:10:00+00:00,163.56,164.88,1.0
2026-07-16 20:15:00+00:00,163.78,165.2,1.0
2026-07-16 20:20:00+00:00,163.79,165.13,1.0
2026-07-16 20:25:00+00:00,163.83,165.23,1.0
2026-07-16 20:30:00+00:00,163.87,165.17,1.0
2026-07-16 20:35:00+00:00,164.08,165.52,1.0
2026-07-16 20:40:00+00:00,164.18,165.65,1.0
2026-07-16 20:45:00+00:00,164.48,165.95,1.0
2026-07-16 20:50:00+00:00,164.33,165.83,1.0
2026-07-16 20:55:00+00:00,164.46,166.04,1.0
2026-07-16 21:00:00+00:00,164.36,165.72,1.0
2026-07-16 21:05:00+00:00,164.46,165.75,1.0
2026-07-16 21:10:00+00:00,164.29,165.71,1.0
2026-07-16 21:15:00+00:00,164.29,165.71,1.0
2026-07-16 21:20:00+00:00,164.32,165.76,1.0
2026-07-16 21:25:00+00:00,164.62,165.82,1.0
2026-07-16 21:30:00+00:00,164.5,165.94,1.0
2026-07-16 21:35:00+00:00,164.5,165.96,1.0
2026-07-16 21:40:00+00:00,164.32,165.84,1.0
2026-07-16 21:45:00+00:00,164.3,165.64,1.0
2026-07-16 21:50:00+00:00,164.46,166.09,1.0
2026-07-16 21:55:00+00:00,164.28,165.71,1.0
2026-07-16 22:00:00+00:00,164.34,165.9,1.0
2026-07-16 22:05:00+00:00,164.46,166.08,1.0
2026-07-16 22:10:00+00:00,164.21,165.39,1.0
2026-07-16 22:15:00+00:00,163.27,164.69,1.0
2026-07-16 22:20:00+00:00,163.34,164.48,1.0
2026-07-16 22:25:00+00:00,163.02,163.97,1.0
2026-07-16 22:30:00+00:00,163.18,164.36,1.0
2026-07-16 22:35:00+00:00,163.21,164.2,1.0
2026-07-16 22:40:00+00:00,163.19,164.45,1.0
2026-07-16 22:45:00+00:00,162.72,163.67,1.0
2026-07-16 22:50:00+00:00,162.41,162.6,1.0
2026-07-16 22:55:00+00:00,163.72,163.72,1.0
2026-07-16 23:00:00+00:00,163.48,163.74,1.0
2026-07-16 23:05:00+00:00,162.98,163.25,1.0
2026-07-16 23:10:00+00:00,163.04,164.48,1.0
2026-07-16 23:15:00+00:00,162.87,163.6,1.0
2026-07-16 23:20:00+00:00,162.41,163.12,1.0
2026-07-16 23:25:00+00:00,162.44,163.63,1.0
2026-07-16 23:30:00+00:00,161.76,163.37,1.0
2026-07-16 23:35:00+00:00,162.73,164.33,1.0
2026-07-16 23:40:00+00:00,162.69,164.56,1.0
2026-07-16 23:45:00+00:00,162.49,164.33,1.0
2026-07-16 23:50:00+00:00,162.6,164.22,1.0
2026-07-16 23:55:00+00:00,162.22,164.11,1.0
2026-07-17 00:00:00+00:00,162.94,164.38,1.0
2026-07-17 00:05:00+00:00,162.22,163.13,1.0
2026-07-17 00:10:00+00:00,162.0,163.12,1.0
2026-07-17 00:15:00+00:00,161.95,162.95,1.0
2026-07-17 00:20:00+00:00,161.72,162.8,1.0
2026-07-17 00:25:00+00:00,161.67,162.68,1.0
2026-07-17 00:30:00+00:00,162.09,163.34,1.0
2026-07-17 00:35:00+00:00,162.2,163.95,1.0
2026-07-17 00:40:00+00:00,162.47,164.6,1.0
2026-07-17 00:45:00+00:00,162.52,164.55,1.0
2026-07-17 00:50:00+00:00,163.62,165.89,1.0
2026-07-17 00:55:00+00:00,162.95,165.58,1.0
2026-07-17 01:00:00+00:00,163.62,166.44,1.0
2026-07-17 01:05:00+00:00,163.03,165.64,1.0
2026-07-17 01:10:00+00:00,162.56,165.45,1.0
2026-07-17 01:15:00+00:00,162.59,165.15,1.0
2026-07-17 01:20:00+00:00,162.51,165.32,1.0
2026-07-17 01:25:00+00:00,162.79,166.08,1.0
2026-07-17 01:30:00+00:00,161.62,163.93,1.0
2026-07-17 01:35:00+00:00,161.77,163.67,1.0
2026-07-17 01:40:00+00:00,161.58,161.94,1.0
2026-07-17 01:45:00+00:00,161.45,160.85,1.0
2026-07-17 01:50:00+00:00,160.93,159.21,1.0
2026-07-17 01:55:00+00:00,161.05,160.04,1.0
2026-07-17 02:00:00+00:00,161.29,159.95,1.0
2026-07-17 02:05:00+00:00,160.87,159.28,1.0
2026-07-17 02:10:00+00:00,161.2,160.13,1.0
2026-07-17 02:15:00+00:00,161.1,160.06,1.0
2026-07-17 02:20:00+00:00,160.79,159.86,1.0
2026-07-17 02:25:00+00:00,160.63,159.38,1.0
2026-07-17 02:30:00+00:00,160.31,158.49,1.0
2026-07-17 02:35:00+00:00,160.12,157.53,1.0
2026-07-17 02:40:00+00:00,160.59,158.43,1.0
2026-07-17 02:45:00+00:00,160.19,158.25,1.0
2026-07-17 02:50:00+00:00,159.87,158.06,1.0
2026-07-17 02:55:00+00:00,159.93,158.63,1.0
2026-07-17 03:00:00+00:00,160.35,159.08,1.0
2026-07-17 03:05:00+00:00,160.41,159.62,1.0
2026-07-17 03:10:00+00:00,160.8,159.79,1.0
2026-07-17 03:15:00+00:00,160.98,160.47,1.0
2026-07-17 03:20:00+00:00,161.02,160.33,1.0
2026-07-17 03:25:00+00:00,161.16,160.7,1.0
2026-07-17 03:30:00+00:00,160.81,159.92,1.0
2026-07-17 03:35:00+00:00,160.8,159.57,1.0
2026-07-17 03:40:00+00:00,160.79,160.0,1.0
2026-07-17 03:45:00+00:00,160.52,159.68,1.0
2026-07-17 03:50:00+00:00,160.32,159.59,1.0
2026-07-17 03:55:00+00:00,160.34,159.59,1.0
2026-07-17 04:00:00+00:00,160.19,158.36,1.0
2026-07-17 04:05:00+00:00,160.1,158.45,1.0
2026-07-17 04:10:00+00:00,160.1,158.57,1.0
2026-07-17 04:15:00+00:00,159.99,158.69,1.0
2026-07-17 04:20:00+00:00,159.93,158.36,1.0
2026-07-17 04:25:00+00:00,159.75,158.36,1.0
2026-07-17 04:30:00+00:00,159.65,158.41,1.0
2026-07-17 04:35:00+00:00,159.75,158.59,1.0
2026-07-17 04:40:00+00:00,159.85,158.81,1.0
2026-07-17 04:45:00+00:00,159.87,159.12,1.0
2026-07-17 04:50:00+00:00,159.81,159.28,1.0
2026-07-17 04:55:00+00:00,159.54,158.86,1.0
2026-07-17 05:00:00+00:00,159.38,158.77,1.0
2026-07-17 05:05:00+00:00,159.36,158.5,1.0
2026-07-17 05:10:00+00:00,159.31,158.4,1.0
2026-07-17 05:15:00+00:00,159.31,158.0,1.0
2026-07-17 05:20:00+00:00,159.11,157.74,1.0
2026-07-17 05:25:00+00:00,159.15,157.64,1.0
2026-07-17 05:30:00+00:00,159.02,157.14,1.0
2026-07-17 05:35:00+00:00,158.66,156.61,1.0
2026-07-17 05:40:00+00:00,158.99,156.15,1.0
2026-07-17 05:45:00+00:00,158.89,156.12,1.0
2026-07-17 05:50:00+00:00,158.84,155.72,1.0
2026-07-17 05:55:00+00:00,158.59,154.98,1.0
2026-07-17 06:00:00+00:00,159.1,156.31,1.0
2026-07-17 06:05:00+00:00,158.14,155.96,1.0
2026-07-17 06:10:00+00:00,158.47,156.14,1.0
2026-07-17 06:15:00+00:00,158.71,156.55,1.0
2026-07-17 06:20:00+00:00,158.96,156.83,1.0
2026-07-17 06:25:00+00:00,158.96,157.1,1.0
2026-07-17 06:30:00+00:00,158.89,156.75,1.0
2026-07-17 06:35:00+00:00,158.34,155.51,1.0
2026-07-17 06:40:00+00:00,158.22,155.83,1.0
2026-07-17 06:45:00+00:00,158.15,155.37,1.0
2026-07-17 06:50:00+00:00,157.92,154.37,1.0
2026-07-17 06:55:00+00:00,157.89,154.86,1.0
2026-07-17 07:00:00+00:00,158.25,155.05,1.0
2026-07-17 07:05:00+00:00,157.91,155.26,1.0
2026-07-17 07:10:00+00:00,157.99,155.4,1.0
2026-07-17 07:15:00+00:00,157.74,155.6,1.0
2026-07-17 07:20:00+00:00,157.55,156.7,1.0
2026-07-17 07:25:00+00:00,158.13,158.93,1.0
2026-07-17 07:30:00+00:00,157.78,157.8,1.0
2026-07-17 07:35:00+00:00,157.79,158.19,1.0
2026-07-17 07:40:00+00:00,157.71,157.76,1.0
2026-07-17 07:45:00+00:00,157.54,157.38,1.0
2026-07-17 07:50:00+00:00,157.64,157.87,1.0
2026-07-17 07:55:00+00:00,157.13,156.48,1.0
2026-07-17 08:00:00+00:00,158.0,157.51,1.0
2026-07-17 08:05:00+00:00,157.9,156.98,1.0
2026-07-17 08:10:00+00:00,157.74,157.01,1.0
2026-07-17 08:15:00+00:00,157.11,155.97,1.0
2026-07-17 08:20:00+00:00,157.0,156.17,1.0
2026-07-17 08:25:00+00:00,156.79,156.32,1.0
2026-07-17 08:30:00+00:00,156.43,155.8,1.0
2026-07-17 08:35:00+00:00,156.14,155.86,1.0
2026-07-17 08:40:00+00:00,156.34,156.32,1.0
2026-07-17 08:45:00+00:00,156.07,155.97,1.0
2026-07-17 08:50:00+00:00,156.46,156.17,1.0
2026-07-17 08:55:00+00:00,156.46,156.26,1.0
2026-07-17 09:00:00+00:00,156.28,156.37,1.0
2026-07-17 09:05:00+00:00,156.49,156.63,1.0
2026-07-17 09:10:00+00:00,156.89,157.27,1.0
2026-07-17 09:15:00+00:00,156.29,156.49,1.0
2026-07-17 09:20:00+00:00,156.81,156.85,1.0
2026-07-17 09:25:00+00:00,157.13,157.72,1.0
2026-07-17 09:30:00+00:00,156.77,157.37,1.0
2026-07-17 09:35:00+00:00,157.55,158.53,1.0
2026-07-17 09:40:00+00:00,157.62,158.25,1.0
2026-07-17 09:45:00+00:00,157.6,158.33,1.0
2026-07-17 09:50:00+00:00,158.52,159.02,1.0
2026-07-17 09:55:00+00:00,158.61,159.03,1.0
2026-07-17 10:00:00+00:00,158.91,158.99,1.0
2026-07-17 10:05:00+00:00,160.41,160.46,1.0
2026-07-17 10:10:00+00:00,160.56,161.21,1.0
2026-07-17 10:15:00+00:00,160.1,161.17,1.0
2026-07-17 10:20:00+00:00,159.94,160.72,1.0
2026-07-17 10:25:00+00:00,159.94,161.22,1.0
2026-07-17 10:30:00+00:00,160.69,161.73,1.0
2026-07-17 10:35:00+00:00,161.21,161.71,1.0
2026-07-17 10:40:00+00:00,160.78,161.4,1.0
2026-07-17 10:45:00+00:00,160.78,161.65,1.0
2026-07-17 10:50:00+00:00,160.58,162.03,1.0
2026-07-17 10:55:00+00:00,160.3,161.32,1.0
2026-07-17 11:00:00+00:00,160.04,161.48,1.0
2026-07-17 11:05:00+00:00,159.84,161.33,1.0
2026-07-17 11:10:00+00:00,159.81,161.18,1.0
2026-07-17 11:15:00+00:00,159.38,160.82,1.0
2026-07-17 11:20:00+00:00,159.31,160.62,1.0
2026-07-17 11:25:00+00:00,159.69,161.21,1.0
2026-07-17 11:30:00+00:00,159.89,161.48,1.0
2026-07-17 11:35:00+00:00,159.67,161.06,1.0
2026-07-17 11:40:00+00:00,159.08,160.47,1.0
2026-07-17 11:45:00+00:00,159.28,160.73,1.0
2026-07-17 11:50:00+00:00,159.49,161.18,1.0
2026-07-17 11:55:00+00:00,159.33,160.79,1.0
2026-07-17 12:00:00+00:00,159.06,160.33,1.0
2026-07-17 12:05:00+00:00,158.81,159.71,1.0
2026-07-17 12:10:00+00:00,158.85,159.68,1.0
2026-07-17 12:15:00+00:00,158.76,159.32,1.0
2026-07-17 12:20:00+00:00,158.81,159.97,1.0
2026-07-17 12:25:00+00:00,158.49,159.68,1.0
2026-07-17 12:30:00+00:00,158.53,159.79,1.0
2026-07-17 12:35:00+00:00,158.56,159.72,1.0
2026-07-17 12:40:00+00:00,158.39,159.56,1.0
2026-07-17 12:45:00+00:00,157.94,158.97,1.0
2026-07-17 12:50:00+00:00,158.29,159.69,1.0
2026-07-17 12:55:00+00:00,158.39,159.76,1.0
2026-07-17 13:00:00+00:00,157.98,159.37,1.0
2026-07-17 13:05:00+00:00,157.51,158.39,1.0
2026-07-17 13:10:00+00:00,157.56,158.1,1.0
2026-07-17 13:15:00+00:00,157.35,158.12,1.0
2026-07-17 13:20:00+00:00,157.22,158.18,1.0
2026-07-17 13:25:00+00:00,157.13,157.88,1.0
2026-07-17 13:30:00+00:00,155.64,156.41,1.0
2026-07-17 13:35:00+00:00,155.12,156.04,1.0
2026-07-17 13:40:00+00:00,154.6,155.91,1.0
2026-07-17 13:45:00+00:00,156.29,157.96,1.0
2026-07-17 13:50:00+00:00,157.58,159.6,1.0
2026-07-17 13:55:00+00:00,159.36,161.03,1.0
2026-07-17 14:00:00+00:00,161.63,164.68,1.0
2026-07-17 14:05:00+00:00,162.4,165.6,1.0
2026-07-17 14:10:00+00:00,162.55,165.52,1.0
2026-07-17 14:15:00+00:00,163.8,168.23,1.0
2026-07-17 14:20:00+00:00,163.87,168.01,1.0
2026-07-17 14:25:00+00:00,163.71,166.65,1.0
2026-07-17 14:30:00+00:00,162.65,166.07,1.0
2026-07-17 14:35:00+00:00,165.14,169.4,1.0
2026-07-17 14:40:00+00:00,164.55,169.01,1.0
2026-07-17 14:45:00+00:00,163.56,167.37,1.0
2026-07-17 14:50:00+00:00,162.46,167.7,1.0
2026-07-17 14:55:00+00:00,162.58,166.71,1.0
2026-07-17 15:00:00+00:00,161.6,164.98,1.0
2026-07-17 15:05:00+00:00,162.84,166.75,1.0
2026-07-17 15:10:00+00:00,162.05,166.12,1.0
2026-07-17 15:15:00+00:00,163.3,167.76,1.0
2026-07-17 15:20:00+00:00,163.09,167.28,1.0
2026-07-17 15:25:00+00:00,164.23,169.07,1.0
2026-07-17 15:30:00+00:00,164.54,169.76,1.0
2026-07-17 15:35:00+00:00,165.45,169.57,1.0
2026-07-17 15:40:00+00:00,164.73,169.48,1.0
2026-07-17 15:45:00+00:00,165.5,170.23,1.0
2026-07-17 15:50:00+00:00,166.81,172.7,1.0
2026-07-17 15:55:00+00:00,167.52,174.27,1.0
2026-07-17 16:00:00+00:00,167.04,173.54,1.0
2026-07-17 16:05:00+00:00,167.85,174.28,1.0
2026-07-17 16:10:00+00:00,167.32,175.11,1.0
2026-07-17 16:15:00+00:00,167.42,175.09,1.0
2026-07-17 16:20:00+00:00,165.67,173.3,1.0
2026-07-17 16:25:00+00:00,166.65,174.06,1.0
2026-07-17 16:30:00+00:00,166.46,173.81,1.0
2026-07-17 16:35:00+00:00,166.09,172.39,1.0
2026-07-17 16:40:00+00:00,166.69,173.47,1.0
2026-07-17 16:45:00+00:00,166.93,173.73,1.0
2026-07-17 16:50:00+00:00,167.17,173.79,1.0
2026-07-17 16:55:00+00:00,167.16,173.55,1.0
2026-07-17 17:00:00+00:00,167.91,175.15,1.0
2026-07-17 17:05:00+00:00,168.85,176.76,1.0
2026-07-17 17:10:00+00:00,167.3,175.24,1.0
2026-07-17 17:15:00+00:00,167.5,176.04,1.0
2026-07-17 17:20:00+00:00,166.98,175.19,1.0
2026-07-17 17:25:00+00:00,167.51,175.64,1.0
2026-07-17 17:30:00+00:00,167.54,176.26,1.0
2026-07-17 17:35:00+00:00,166.98,175.3,1.0
2026-07-17 17:40:00+00:00,166.45,174.68,1.0
2026-07-17 17:45:00+00:00,166.58,174.7,1.0
2026-07-17 17:50:00+00:00,165.91,174.13,1.0
2026-07-17 17:55:00+00:00,165.46,174.05,1.0
2026-07-17 18:00:00+00:00,165.77,174.18,1.0
2026-07-17 18:05:00+00:00,164.89,173.49,1.0
2026-07-17 18:10:00+00:00,165.1,174.19,1.0
2026-07-17 18:15:00+00:00,165.64,174.12,1.0
2026-07-17 18:20:00+00:00,165.16,172.75,1.0
2026-07-17 18:25:00+00:00,165.51,172.88,1.0
2026-07-17 18:30:00+00:00,165.25,172.28,1.0
2026-07-17 18:35:00+00:00,165.24,172.61,1.0
2026-07-17 18:40:00+00:00,164.89,171.47,1.0
2026-07-17 18:45:00+00:00,164.86,172.25,1.0
2026-07-17 18:50:00+00:00,165.2,172.6,1.0
2026-07-17 18:55:00+00:00,164.92,171.63,1.0
2026-07-17 19:00:00+00:00,164.75,171.76,1.0
2026-07-17 19:05:00+00:00,164.16,171.49,1.0
2026-07-17 19:10:00+00:00,163.66,171.32,1.0
2026-07-17 19:15:00+00:00,163.7,171.45,1.0
2026-07-17 19:20:00+00:00,163.05,170.81,1.0
2026-07-17 19:25:00+00:00,163.72,171.46,1.0
2026-07-17 19:30:00+00:00,163.78,171.48,1.0
2026-07-17 19:35:00+00:00,163.56,171.22,1.0
2026-07-17 19:40:00+00:00,163.97,171.24,1.0
2026-07-17 19:45:00+00:00,163.75,171.36,1.0
2026-07-17 19:50:00+00:00,163.8,171.03,1.0
2026-07-17 19:55:00+00:00,162.42,170.0,1.0
2026-07-17 20:00:00+00:00,162.33,169.8,1.0
2026-07-17 20:05:00+00:00,162.03,169.13,1.0
2026-07-17 20:10:00+00:00,161.56,168.19,1.0
2026-07-17 20:15:00+00:00,161.22,168.26,1.0
2026-07-17 20:20:00+00:00,160.64,167.78,1.0
2026-07-17 20:25:00+00:00,161.22,168.02,1.0
2026-07-17 20:30:00+00:00,161.61,167.98,1.0
2026-07-17 20:35:00+00:00,161.27,167.63,1.0
2026-07-17 20:40:00+00:00,161.3,167.67,1.0
2026-07-17 20:45:00+00:00,161.3,167.39,1.0
2026-07-17 20:50:00+00:00,161.56,167.5,1.0
2026-07-17 20:55:00+00:00,161.35,167.39,1.0
2026-07-17 21:00:00+00:00,161.51,167.51,1.0
2026-07-17 21:05:00+00:00,161.66,167.56,1.0
2026-07-17 21:10:00+00:00,161.72,167.54,1.0
2026-07-17 21:15:00+00:00,161.46,167.37,1.0
2026-07-17 21:20:00+00:00,161.56,167.31,1.0
2026-07-17 21:25:00+00:00,161.47,167.38,1.0
2026-07-17 21:30:00+00:00,161.59,167.52,1.0
2026-07-17 21:35:00+00:00,161.59,167.56,1.0
2026-07-17 21:40:00+00:00,161.4,167.61,1.0
2026-07-17 21:45:00+00:00,161.3,167.25,1.0
2026-07-17 21:50:00+00:00,161.22,167.23,1.0
2026-07-17 21:55:00+00:00,161.22,167.43,1.0
2026-07-17 22:00:00+00:00,160.83,167.19,1.0
2026-07-17 22:05:00+00:00,161.13,167.53,1.0
2026-07-17 22:10:00+00:00,161.02,167.84,1.0
2026-07-17 22:15:00+00:00,161.11,167.77,1.0
2026-07-17 22:20:00+00:00,161.19,167.78,1.0
2026-07-17 22:25:00+00:00,161.13,167.5,1.0
2026-07-17 22:30:00+00:00,161.33,167.44,1.0
2026-07-17 22:35:00+00:00,161.51,167.71,1.0
2026-07-17 22:40:00+00:00,161.66,167.72,1.0
2026-07-17 22:45:00+00:00,161.57,167.57,1.0
2026-07-17 22:50:00+00:00,161.56,167.58,1.0
2026-07-17 22:55:00+00:00,161.45,167.55,1.0
2026-07-17 23:00:00+00:00,161.72,167.8,1.0
2026-07-17 23:05:00+00:00,161.6,167.59,1.0
2026-07-17 23:10:00+00:00,161.71,167.91,1.0
2026-07-17 23:15:00+00:00,161.59,167.74,1.0
2026-07-17 23:20:00+00:00,161.62,167.69,1.0
2026-07-17 23:25:00+00:00,161.82,167.7,1.0
2026-07-17 23:30:00+00:00,161.74,167.44,1.0
2026-07-17 23:35:00+00:00,161.79,168.13,1.0
2026-07-17 23:40:00+00:00,161.81,167.9,1.0
2026-07-17 23:45:00+00:00,161.57,167.66,1.0
2026-07-17 23:50:00+00:00,161.64,168.32,1.0
2026-07-17 23:55:00+00:00,161.64,168.78,1.0
2026-07-18 00:00:00+00:00,161.26,168.17,1.0
2026-07-18 00:05:00+00:00,161.9,169.13,1.0
2026-07-18 00:10:00+00:00,162.76,169.58,1.0
2026-07-18 00:15:00+00:00,162.64,168.79,1.0
2026-07-18 00:20:00+00:00,162.27,168.72,1.0
2026-07-18 00:25:00+00:00,162.6,169.03,1.0
2026-07-18 00:30:00+00:00,162.32,168.74,1.0
2026-07-18 00:35:00+00:00,162.12,168.76,1.0
2026-07-18 00:40:00+00:00,162.34,169.06,1.0
2026-07-18 00:45:00+00:00,162.47,169.08,1.0
2026-07-18 00:50:00+00:00,162.4,169.09,1.0
2026-07-18 00:55:00+00:00,162.57,169.24,1.0
2026-07-18 01:00:00+00:00,162.51,168.75,1.0
2026-07-18 01:05:00+00:00,162.52,169.36,1.0
2026-07-18 01:10:00+00:00,162.52,169.26,1.0
2026-07-18 01:15:00+00:00,162.53,169.09,1.0
2026-07-18 01:20:00+00:00,162.52,169.29,1.0
2026-07-18 01:25:00+00:00,162.52,169.11,1.0
2026-07-18 01:30:00+00:00,162.44,169.01,1.0
2026-07-18 01:35:00+00:00,162.73,169.39,1.0
2026-07-18 01:40:00+00:00,163.27,169.92,1.0
2026-07-18 01:45:00+00:00,163.1,169.72,1.0
2026-07-18 01:50:00+00:00,162.99,169.7,1.0
2026-07-18 01:55:00+00:00,163.3,170.04,1.0
2026-07-18 02:00:00+00:00,163.37,169.95,1.0
2026-07-18 02:05:00+00:00,163.19,169.7,1.0
2026-07-18 02:10:00+00:00,163.45,170.08,1.0
2026-07-18 02:15:00+00:00,163.66,170.17,1.0
2026-07-18 02:20:00+00:00,163.71,169.98,1.0
2026-07-18 02:25:00+00:00,163.42,170.06,1.0
2026-07-18 02:30:00+00:00,163.14,169.96,1.0
2026-07-18 02:35:00+00:00,163.11,169.8,1.0
2026-07-18 02:40:00+00:00,163.35,169.35,1.0
2026-07-18 02:45:00+00:00,163.59,169.66,1.0
2026-07-18 02:50:00+00:00,163.73,169.77,1.0
2026-07-18 02:55:00+00:00,163.43,169.43,1.0
2026-07-18 03:00:00+00:00,163.67,169.77,1.0
2026-07-18 03:05:00+00:00,163.71,169.73,1.0
2026-07-18 03:10:00+00:00,163.58,169.66,1.0
2026-07-18 03:15:00+00:00,163.5,169.58,1.0
2026-07-18 03:20:00+00:00,163.68,169.78,1.0
2026-07-18 03:25:00+00:00,163.62,169.89,1.0
2026-07-18 03:30:00+00:00,163.5,169.8,1.0
2026-07-18 03:35:00+00:00,163.61,169.75,1.0
2026-07-18 03:40:00+00:00,163.64,169.9,1.0
2026-07-18 03:45:00+00:00,164.16,170.18,1.0
2026-07-18 03:50:00+00:00,164.29,170.08,1.0
2026-07-18 03:55:00+00:00,164.44,170.12,1.0
2026-07-18 04:00:00+00:00,164.47,170.16,1.0
2026-07-18 04:05:00+00:00,164.91,170.47,1.0
2026-07-18 04:10:00+00:00,164.69,170.0,1.0
2026-07-18 04:15:00+00:00,164.16,169.89,1.0
2026-07-18 04:20:00+00:00,164.31,169.99,1.0
2026-07-18 04:25:00+00:00,164.11,169.81,1.0
2026-07-18 04:30:00+00:00,164.04,169.91,1.0
2026-07-18 04:35:00+00:00,164.27,170.01,1.0
2026-07-18 04:40:00+00:00,164.1,169.8,1.0
2026-07-18 04:45:00+00:00,164.16,169.73,1.0
2026-07-18 04:50:00+00:00,164.3,169.89,1.0
2026-07-18 04:55:00+00:00,164.19,169.79,1.0
2026-07-18 05:00:00+00:00,164.25,169.84,1.0
2026-07-18 05:05:00+00:00,164.32,169.68,1.0
2026-07-18 05:10:00+00:00,164.05,169.39,1.0
2026-07-18 05:15:00+00:00,164.17,169.45,1.0
2026-07-18 05:20:00+00:00,164.38,169.68,1.0
2026-07-18 05:25:00+00:00,164.68,169.82,1.0
2026-07-18 05:30:00+00:00,164.5,169.5,1.0
2026-07-18 05:35:00+00:00,164.52,169.61,1.0
2026-07-18 05:40:00+00:00,164.52,169.6,1.0
2026-07-18 05:45:00+00:00,164.57,169.57,1.0
2026-07-18 05:50:00+00:00,164.35,169.63,1.0
2026-07-18 05:55:00+00:00,164.16,169.57,1.0
2026-07-18 06:00:00+00:00,163.75,169.36,1.0
2026-07-18 06:05:00+00:00,163.9,169.35,1.0
2026-07-18 06:10:00+00:00,163.85,169.27,1.0
2026-07-18 06:15:00+00:00,163.93,169.21,1.0
2026-07-18 06:20:00+00:00,163.84,169.17,1.0
2026-07-18 06:25:00+00:00,163.84,169.21,1.0
2026-07-18 06:30:00+00:00,163.56,168.82,1.0
2026-07-18 06:35:00+00:00,163.57,168.91,1.0
2026-07-18 06:40:00+00:00,163.79,169.12,1.0
2026-07-18 06:45:00+00:00,163.72,169.03,1.0
2026-07-18 06:50:00+00:00,163.66,168.98,1.0
2026-07-18 06:55:00+00:00,163.61,169.0,1.0
2026-07-18 07:00:00+00:00,163.64,168.98,1.0
2026-07-18 07:05:00+00:00,163.67,169.04,1.0
2026-07-18 07:10:00+00:00,163.61,169.12,1.0
2026-07-18 07:15:00+00:00,163.75,169.17,1.0
2026-07-18 07:20:00+00:00,163.7,169.05,1.0
2026-07-18 07:25:00+00:00,163.62,169.19,1.0
2026-07-18 07:30:00+00:00,163.69,169.12,1.0
2026-07-18 07:35:00+00:00,163.76,169.14,1.0
2026-07-18 07:40:00+00:00,163.75,169.19,1.0
2026-07-18 07:45:00+00:00,163.72,169.13,1.0
2026-07-18 07:50:00+00:00,163.74,169.17,1.0
2026-07-18 07:55:00+00:00,163.73,169.22,1.0
2026-07-18 08:00:00+00:00,163.67,169.14,1.0
2026-07-18 08:05:00+00:00,163.7,168.93,1.0
2026-07-18 08:10:00+00:00,163.56,168.95,1.0
2026-07-18 08:15:00+00:00,163.67,169.13,1.0
2026-07-18 08:20:00+00:00,163.63,169.1,1.0
2026-07-18 08:25:00+00:00,163.61,169.16,1.0
2026-07-18 08:30:00+00:00,163.66,169.19,1.0
2026-07-18 08:35:00+00:00,163.65,169.28,1.0
2026-07-18 08:40:00+00:00,163.56,169.21,1.0
2026-07-18 08:45:00+00:00,163.59,168.66,1.0
2026-07-18 08:50:00+00:00,163.6,168.69,1.0
2026-07-18 08:55:00+00:00,164.1,169.09,1.0
2026-07-18 09:00:00+00:00,164.04,168.77,1.0
2026-07-18 09:05:00+00:00,163.85,168.57,1.0
2026-07-18 09:10:00+00:00,163.85,168.64,1.0
2026-07-18 09:15:00+00:00,163.56,168.4,1.0
2026-07-18 09:20:00+00:00,163.52,168.43,1.0
2026-07-18 09:25:00+00:00,163.4,168.33,1.0
2026-07-18 09:30:00+00:00,163.47,168.56,1.0
2026-07-18 09:35:00+00:00,163.42,168.38,1.0
2026-07-18 09:40:00+00:00,163.32,168.31,1.0
2026-07-18 09:45:00+00:00,163.37,168.48,1.0
2026-07-18 09:50:00+00:00,163.47,168.55,1.0
2026-07-18 09:55:00+00:00,163.4,168.43,1.0
2026-07-18 10:00:00+00:00,163.36,168.46,1.0
2026-07-18 10:05:00+00:00,163.35,168.58,1.0
2026-07-18 10:10:00+00:00,163.36,168.46,1.0
2026-07-18 10:15:00+00:00,163.4,168.35,1.0
2026-07-18 10:20:00+00:00,163.49,168.46,1.0
2026-07-18 10:25:00+00:00,163.46,168.48,1.0
2026-07-18 10:30:00+00:00,163.41,168.36,1.0
2026-07-18 10:35:00+00:00,163.43,168.41,1.0
2026-07-18 10:40:00+00:00,163.5,168.48,1.0
2026-07-18 10:45:00+00:00,163.3,168.67,1.0
2026-07-18 10:50:00+00:00,163.15,168.42,1.0
2026-07-18 10:55:00+00:00,163.18,168.51,1.0
2026-07-18 11:00:00+00:00,163.08,167.79,1.0
2026-07-18 11:05:00+00:00,163.16,168.0,1.0
2026-07-18 11:10:00+00:00,163.12,167.86,1.0
2026-07-18 11:15:00+00:00,163.1,167.95,1.0
2026-07-18 11:20:00+00:00,162.85,167.78,1.0
2026-07-18 11:25:00+00:00,162.94,167.77,1.0
2026-07-18 11:30:00+00:00,162.88,167.84,1.0
2026-07-18 11:35:00+00:00,162.65,167.73,1.0
2026-07-18 11:40:00+00:00,162.48,167.6,1.0
2026-07-18 11:45:00+00:00,162.59,167.65,1.0
2026-07-18 11:50:00+00:00,162.64,167.76,1.0
2026-07-18 11:55:00+00:00,162.68,167.53,1.0
2026-07-18 12:00:00+00:00,162.51,167.5,1.0
2026-07-18 12:05:00+00:00,162.61,167.32,1.0
2026-07-18 12:10:00+00:00,162.38,166.58,1.0
2026-07-18 12:15:00+00:00,162.24,166.48,1.0
2026-07-18 12:20:00+00:00,162.23,166.8,1.0
2026-07-18 12:25:00+00:00,162.13,166.27,1.0
2026-07-18 12:30:00+00:00,162.26,166.26,1.0
2026-07-18 12:35:00+00:00,162.01,166.01,1.0
2026-07-18 12:40:00+00:00,162.06,166.06,1.0
2026-07-18 12:45:00+00:00,162.16,165.97,1.0
2026-07-18 12:50:00+00:00,162.08,165.87,1.0
2026-07-18 12:55:00+00:00,162.08,166.05,1.0
2026-07-18 13:00:00+00:00,162.14,166.44,1.0
2026-07-18 13:05:00+00:00,162.13,166.52,1.0
2026-07-18 13:10:00+00:00,161.98,166.49,1.0
2026-07-18 13:15:00+00:00,162.11,166.45,1.0
2026-07-18 13:20:00+00:00,162.53,166.76,1.0
2026-07-18 13:25:00+00:00,162.51,166.68,1.0
2026-07-18 13:30:00+00:00,162.4,166.74,1.0
2026-07-18 13:35:00+00:00,162.61,166.98,1.0
2026-07-18 13:40:00+00:00,162.99,167.3,1.0
2026-07-18 13:45:00+00:00,163.13,167.38,1.0
2026-07-18 13:50:00+00:00,162.74,167.26,1.0
2026-07-18 13:55:00+00:00,162.8,167.02,1.0
2026-07-18 14:00:00+00:00,162.67,166.88,1.0
2026-07-18 14:05:00+00:00,162.41,166.73,1.0
2026-07-18 14:10:00+00:00,162.49,166.52,1.0
2026-07-18 14:15:00+00:00,162.59,166.94,1.0
2026-07-18 14:20:00+00:00,162.61,166.96,1.0
2026-07-18 14:25:00+00:00,162.69,166.76,1.0
2026-07-18 14:30:00+00:00,162.77,166.98,1.0
2026-07-18 14:35:00+00:00,162.7,166.88,1.0
2026-07-18 14:40:00+00:00,162.63,166.73,1.0
2026-07-18 14:45:00+00:00,162.66,166.96,1.0
2026-07-18 14:50:00+00:00,162.47,166.64,1.0
2026-07-18 14:55:00+00:00,162.53,166.76,1.0
2026-07-18 15:00:00+00:00,162.5,166.75,1.0
2026-07-18 15:05:00+00:00,162.5,166.67,1.0
2026-07-18 15:10:00+00:00,162.43,166.67,1.0
2026-07-18 15:15:00+00:00,162.41,166.69,1.0
2026-07-18 15:20:00+00:00,162.51,166.88,1.0
2026-07-18 15:25:00+00:00,162.44,166.72,1.0
2026-07-18 15:30:00+00:00,162.11,166.37,1.0
2026-07-18 15:35:00+00:00,162.26,166.34,1.0
2026-07-18 15:40:00+00:00,162.26,166.4,1.0
2026-07-18 15:45:00+00:00,162.24,166.47,1.0
2026-07-18 15:50:00+00:00,162.23,166.15,1.0
2026-07-18 15:55:00+00:00,162.24,166.22,1.0
2026-07-18 16:00:00+00:00,162.24,166.1,1.0
2026-07-18 16:05:00+00:00,162.13,166.01,1.0
2026-07-18 16:10:00+00:00,162.17,166.1,1.0
2026-07-18 16:15:00+00:00,162.19,165.96,1.0
2026-07-18 16:20:00+00:00,162.07,165.95,1.0
2026-07-18 16:25:00+00:00,162.11,166.0,1.0
2026-07-18 16:30:00+00:00,161.99,165.71,1.0
2026-07-18 16:35:00+00:00,162.02,165.7,1.0
2026-07-18 16:40:00+00:00,162.06,165.91,1.0
2026-07-18 16:45:00+00:00,162.12,165.94,1.0
2026-07-18 16:50:00+00:00,162.31,166.29,1.0
2026-07-18 16:55:00+00:00,162.35,166.27,1.0
2026-07-18 17:00:00+00:00,162.01,165.92,1.0
2026-07-18 17:05:00+00:00,161.98,165.94,1.0
2026-07-18 17:10:00+00:00,162.0,165.87,1.0
2026-07-18 17:15:00+00:00,161.82,165.65,1.0
2026-07-18 17:20:00+00:00,161.86,165.68,1.0
2026-07-18 17:25:00+00:00,161.7,165.32,1.0
2026-07-18 17:30:00+00:00,161.92,165.37,1.0
2026-07-18 17:35:00+00:00,161.93,165.56,1.0
2026-07-18 17:40:00+00:00,161.96,165.47,1.0
2026-07-18 17:45:00+00:00,162.04,165.69,1.0
2026-07-18 17:50:00+00:00,161.98,165.66,1.0
2026-07-18 17:55:00+00:00,161.97,165.43,1.0
2026-07-18 18:00:00+00:00,162.0,165.43,1.0
2026-07-18 18:05:00+00:00,161.99,165.49,1.0
2026-07-18 18:10:00+00:00,161.97,165.54,1.0
2026-07-18 18:15:00+00:00,162.05,165.71,1.0
2026-07-18 18:20:00+00:00,162.05,165.9,1.0
2026-07-18 18:25:00+00:00,161.95,165.8,1.0
2026-07-18 18:30:00+00:00,161.79,165.56,1.0
2026-07-18 18:35:00+00:00,161.7,165.56,1.0
2026-07-18 18:40:00+00:00,161.7,165.62,1.0
2026-07-18 18:45:00+00:00,161.7,165.56,1.0
2026-07-18 18:50:00+00:00,161.56,165.33,1.0
2026-07-18 18:55:00+00:00,161.5,165.47,1.0
2026-07-18 19:00:00+00:00,161.57,165.34,1.0
2026-07-18 19:05:00+00:00,161.64,165.39,1.0
2026-07-18 19:10:00+00:00,161.61,165.38,1.0
2026-07-18 19:15:00+00:00,161.63,165.42,1.0
2026-07-18 19:20:00+00:00,161.54,165.36,1.0
2026-07-18 19:25:00+00:00,161.52,165.37,1.0
2026-07-18 19:30:00+00:00,161.58,165.44,1.0
2026-07-18 19:35:00+00:00,161.61,165.41,1.0
2026-07-18 19:40:00+00:00,161.66,165.54,1.0
2026-07-18 19:45:00+00:00,161.54,165.43,1.0
2026-07-18 19:50:00+00:00,161.48,165.46,1.0
2026-07-18 19:55:00+00:00,161.55,165.46,1.0
2026-07-18 20:00:00+00:00,161.55,165.3,1.0
2026-07-18 20:05:00+00:00,161.56,165.33,1.0
2026-07-18 20:10:00+00:00,161.58,165.38,1.0
2026-07-18 20:15:00+00:00,161.89,165.55,1.0
2026-07-18 20:20:00+00:00,161.8,165.47,1.0
2026-07-18 20:25:00+00:00,161.77,165.41,1.0
2026-07-18 20:30:00+00:00,161.85,165.43,1.0
2026-07-18 20:35:00+00:00,161.82,165.37,1.0
2026-07-18 20:40:00+00:00,161.82,165.37,1.0
2026-07-18 20:45:00+00:00,161.91,165.47,1.0
2026-07-18 20:50:00+00:00,162.16,165.72,1.0
2026-07-18 20:55:00+00:00,162.01,165.58,1.0
2026-07-18 21:00:00+00:00,161.99,165.45,1.0
2026-07-18 21:05:00+00:00,162.14,165.49,1.0
2026-07-18 21:10:00+00:00,162.14,165.61,1.0
2026-07-18 21:15:00+00:00,162.63,165.83,1.0
2026-07-18 21:20:00+00:00,162.44,165.67,1.0
2026-07-18 21:25:00+00:00,162.36,165.58,1.0
2026-07-18 21:30:00+00:00,162.33,165.58,1.0
2026-07-18 21:35:00+00:00,162.31,165.53,1.0
2026-07-18 21:40:00+00:00,162.49,165.44,1.0
2026-07-18 21:45:00+00:00,162.49,165.52,1.0
2026-07-18 21:50:00+00:00,162.88,165.94,1.0
2026-07-18 21:55:00+00:00,162.89,166.09,1.0
2026-07-18 22:00:00+00:00,162.84,166.19,1.0
2026-07-18 22:05:00+00:00,162.81,165.98,1.0
2026-07-18 22:10:00+00:00,162.8,165.93,1.0
2026-07-18 22:15:00+00:00,162.58,165.83,1.0
2026-07-18 22:20:00+00:00,162.45,165.66,1.0
2026-07-18 22:25:00+00:00,162.43,165.58,1.0
2026-07-18 22:30:00+00:00,162.55,165.76,1.0
2026-07-18 22:35:00+00:00,162.47,165.57,1.0
2026-07-18 22:40:00+00:00,162.29,165.4,1.0
2026-07-18 22:45:00+00:00,162.31,165.52,1.0
2026-07-18 22:50:00+00:00,162.37,165.56,1.0
2026-07-18 22:55:00+00:00,162.22,165.46,1.0
2026-07-18 23:00:00+00:00,162.25,165.49,1.0
2026-07-18 23:05:00+00:00,162.25,165.48,1.0
2026-07-18 23:10:00+00:00,162.36,165.62,1.0
2026-07-18 23:15:00+00:00,162.51,165.73,1.0
2026-07-18 23:20:00+00:00,162.51,165.68,1.0
2026-07-18 23:25:00+00:00,162.47,165.61,1.0
2026-07-18 23:30:00+00:00,162.47,165.68,1.0
2026-07-18 23:35:00+00:00,162.52,165.81,1.0
2026-07-18 23:40:00+00:00,162.51,165.81,1.0
2026-07-18 23:45:00+00:00,162.48,165.72,1.0
2026-07-18 23:50:00+00:00,162.22,165.56,1.0
2026-07-18 23:55:00+00:00,162.15,165.58,1.0
2026-07-19 00:00:00+00:00,162.24,165.61,1.0
2026-07-19 00:05:00+00:00,162.25,165.74,1.0
2026-07-19 00:10:00+00:00,162.24,165.73,1.0
2026-07-19 00:15:00+00:00,162.04,165.57,1.0
2026-07-19 00:20:00+00:00,162.26,165.72,1.0
2026-07-19 00:25:00+00:00,162.25,165.71,1.0
2026-07-19 00:30:00+00:00,162.4,165.76,1.0
2026-07-19 00:35:00+00:00,162.46,165.92,1.0
2026-07-19 00:40:00+00:00,162.63,166.14,1.0
2026-07-19 00:45:00+00:00,162.72,166.22,1.0
2026-07-19 00:50:00+00:00,162.88,166.4,1.0
2026-07-19 00:55:00+00:00,162.86,166.61,1.0
2026-07-19 01:00:00+00:00,162.69,166.45,1.0
2026-07-19 01:05:00+00:00,162.65,166.3,1.0
2026-07-19 01:10:00+00:00,162.75,166.44,1.0
2026-07-19 01:15:00+00:00,162.78,166.66,1.0
2026-07-19 01:20:00+00:00,162.71,166.65,1.0
2026-07-19 01:25:00+00:00,162.75,166.65,1.0
2026-07-19 01:30:00+00:00,162.76,166.75,1.0
2026-07-19 01:35:00+00:00,162.97,167.17,1.0
2026-07-19 01:40:00+00:00,163.05,167.02,1.0
2026-07-19 01:45:00+00:00,162.86,166.87,1.0
2026-07-19 01:50:00+00:00,162.89,166.9,1.0
2026-07-19 01:55:00+00:00,162.87,166.89,1.0
2026-07-19 02:00:00+00:00,162.96,167.0,1.0
2026-07-19 02:05:00+00:00,163.04,167.28,1.0
2026-07-19 02:10:00+00:00,163.07,167.32,1.0
2026-07-19 02:15:00+00:00,162.99,167.06,1.0
2026-07-19 02:20:00+00:00,162.97,167.08,1.0
2026-07-19 02:25:00+00:00,162.66,166.56,1.0
2026-07-19 02:30:00+00:00,162.78,167.21,1.0
2026-07-19 02:35:00+00:00,162.81,167.18,1.0
2026-07-19 02:40:00+00:00,162.73,167.0,1.0
2026-07-19 02:45:00+00:00,162.68,166.96,1.0
2026-07-19 02:50:00+00:00,162.79,167.16,1.0
2026-07-19 02:55:00+00:00,162.79,167.27,1.0
2026-07-19 03:00:00+00:00,162.74,167.01,1.0
2026-07-19 03:05:00+00:00,162.67,167.14,1.0
2026-07-19 03:10:00+00:00,162.7,167.09,1.0
2026-07-19 03:15:00+00:00,162.63,166.92,1.0
2026-07-19 03:20:00+00:00,162.69,166.94,1.0
2026-07-19 03:25:00+00:00,162.69,166.98,1.0
2026-07-19 03:30:00+00:00,162.69,166.92,1.0
2026-07-19 03:35:00+00:00,162.67,166.95,1.0
2026-07-19 03:40:00+00:00,162.66,167.04,1.0
2026-07-19 03:45:00+00:00,162.58,167.12,1.0
2026-07-19 03:50:00+00:00,162.56,167.05,1.0
2026-07-19 03:55:00+00:00,162.64,167.1,1.0
2026-07-19 04:00:00+00:00,162.92,167.53,1.0
2026-07-19 04:05:00+00:00,163.27,168.02,1.0
2026-07-19 04:10:00+00:00,163.15,167.92,1.0
2026-07-19 04:15:00+00:00,163.05,167.87,1.0
2026-07-19 04:20:00+00:00,162.93,167.86,1.0
2026-07-19 04:25:00+00:00,163.25,168.12,1.0
2026-07-19 04:30:00+00:00,163.21,168.23,1.0
2026-07-19 04:35:00+00:00,163.16,168.15,1.0
2026-07-19 04:40:00+00:00,163.02,167.96,1.0
2026-07-19 04:45:00+00:00,162.88,167.65,1.0
2026-07-19 04:50:00+00:00,162.91,167.76,1.0
2026-07-19 04:55:00+00:00,163.05,167.97,1.0
2026-07-19 05:00:00+00:00,163.08,168.24,1.0
2026-07-19 05:05:00+00:00,163.0,167.87,1.0
2026-07-19 05:10:00+00:00,162.99,168.38,1.0
2026-07-19 05:15:00+00:00,162.94,168.07,1.0
2026-07-19 05:20:00+00:00,162.86,167.86,1.0
2026-07-19 05:25:00+00:00,162.88,167.69,1.0
2026-07-19 05:30:00+00:00,162.96,167.88,1.0
2026-07-19 05:35:00+00:00,163.01,167.88,1.0
2026-07-19 05:40:00+00:00,163.01,167.97,1.0
2026-07-19 05:45:00+00:00,163.12,167.98,1.0
2026-07-19 05:50:00+00:00,163.15,168.02,1.0
2026-07-19 05:55:00+00:00,163.1,168.03,1.0
2026-07-19 06:00:00+00:00,163.09,168.11,1.0
2026-07-19 06:05:00+00:00,163.11,168.1,1.0
2026-07-19 06:10:00+00:00,163.11,168.16,1.0
2026-07-19 06:15:00+00:00,163.24,168.51,1.0
2026-07-19 06:20:00+00:00,163.13,168.46,1.0
2026-07-19 06:25:00+00:00,163.06,168.33,1.0
2026-07-19 06:30:00+00:00,163.17,168.41,1.0
2026-07-19 06:35:00+00:00,163.1,168.43,1.0
2026-07-19 06:40:00+00:00,163.13,168.47,1.0
2026-07-19 06:45:00+00:00,163.18,168.49,1.0
2026-07-19 06:50:00+00:00,163.21,168.48,1.0
2026-07-19 06:55:00+00:00,163.35,168.58,1.0
2026-07-19 07:00:00+00:00,163.32,168.68,1.0
2026-07-19 07:05:00+00:00,163.39,168.69,1.0
2026-07-19 07:10:00+00:00,163.31,168.43,1.0
2026-07-19 07:15:00+00:00,163.39,168.65,1.0
2026-07-19 07:20:00+00:00,163.43,168.71,1.0
2026-07-19 07:25:00+00:00,163.37,168.67,1.0
2026-07-19 07:30:00+00:00,163.36,168.73,1.0
2026-07-19 07:35:00+00:00,163.64,168.96,1.0
2026-07-19 07:40:00+00:00,163.65,169.08,1.0
2026-07-19 07:45:00+00:00,163.48,169.06,1.0
2026-07-19 07:50:00+00:00,163.45,168.96,1.0
2026-07-19 07:55:00+00:00,163.47,168.96,1.0
2026-07-19 08:00:00+00:00,163.71,169.35,1.0
2026-07-19 08:05:00+00:00,163.99,169.6,1.0
2026-07-19 08:10:00+00:00,163.94,169.47,1.0
2026-07-19 08:15:00+00:00,163.99,169.62,1.0
2026-07-19 08:20:00+00:00,164.11,169.74,1.0
2026-07-19 08:25:00+00:00,163.93,169.4,1.0
2026-07-19 08:30:00+00:00,163.98,169.52,1.0
2026-07-19 08:35:00+00:00,164.14,169.74,1.0
2026-07-19 08:40:00+00:00,164.09,169.99,1.0
2026-07-19 08:45:00+00:00,164.33,169.96,1.0
2026-07-19 08:50:00+00:00,164.49,170.07,1.0
2026-07-19 08:55:00+00:00,164.55,170.14,1.0
2026-07-19 09:00:00+00:00,164.45,169.87,1.0
2026-07-19 09:05:00+00:00,164.41,169.62,1.0
2026-07-19 09:10:00+00:00,164.18,169.05,1.0
2026-07-19 09:15:00+00:00,163.94,168.82,1.0
2026-07-19 09:20:00+00:00,164.02,169.33,1.0
2026-07-19 09:25:00+00:00,164.17,169.12,1.0
2026-07-19 09:30:00+00:00,164.06,168.97,1.0
2026-07-19 09:35:00+00:00,164.06,168.99,1.0
2026-07-19 09:40:00+00:00,164.13,169.2,1.0
2026-07-19 09:45:00+00:00,164.22,169.23,1.0
2026-07-19 09:50:00+00:00,164.18,169.33,1.0
2026-07-19 09:55:00+00:00,164.29,169.3,1.0
2026-07-19 10:00:00+00:00,164.11,169.07,1.0
2026-07-19 10:05:00+00:00,163.89,168.28,1.0
2026-07-19 10:10:00+00:00,163.7,168.13,1.0
2026-07-19 10:15:00+00:00,163.8,168.39,1.0
2026-07-19 10:20:00+00:00,163.95,168.46,1.0
2026-07-19 10:25:00+00:00,163.82,168.06,1.0
2026-07-19 10:30:00+00:00,163.75,168.09,1.0
2026-07-19 10:35:00+00:00,163.86,168.24,1.0
2026-07-19 10:40:00+00:00,163.87,168.38,1.0
2026-07-19 10:45:00+00:00,163.89,168.55,1.0
2026-07-19 10:50:00+00:00,163.86,168.36,1.0
2026-07-19 10:55:00+00:00,163.84,168.33,1.0
2026-07-19 11:00:00+00:00,163.96,168.36,1.0
2026-07-19 11:05:00+00:00,163.87,168.33,1.0
2026-07-19 11:10:00+00:00,163.83,168.22,1.0
2026-07-19 11:15:00+00:00,163.79,168.25,1.0
2026-07-19 11:20:00+00:00,163.84,168.19,1.0
2026-07-19 11:25:00+00:00,163.82,168.15,1.0
2026-07-19 11:30:00+00:00,163.65,167.87,1.0
2026-07-19 11:35:00+00:00,163.6,167.85,1.0
2026-07-19 11:40:00+00:00,163.6,167.85,1.0
2026-07-19 11:45:00+00:00,163.65,167.95,1.0
2026-07-19 11:50:00+00:00,163.72,168.01,1.0
2026-07-19 11:55:00+00:00,163.84,168.02,1.0
2026-07-19 12:00:00+00:00,163.58,167.83,1.0
2026-07-19 12:05:00+00:00,163.55,167.89,1.0
2026-07-19 12:10:00+00:00,163.55,167.08,1.0
2026-07-19 12:15:00+00:00,163.56,167.08,1.0
2026-07-19 12:20:00+00:00,163.9,168.09,1.0
2026-07-19 12:25:00+00:00,163.95,168.05,1.0
2026-07-19 12:30:00+00:00,164.04,168.14,1.0
2026-07-19 12:35:00+00:00,164.13,168.4,1.0
2026-07-19 12:40:00+00:00,164.11,168.4,1.0
2026-07-19 12:45:00+00:00,164.0,168.21,1.0
2026-07-19 12:50:00+00:00,163.95,168.1,1.0
2026-07-19 12:55:00+00:00,163.96,168.1,1.0
2026-07-19 13:00:00+00:00,164.09,168.25,1.0
2026-07-19 13:05:00+00:00,164.03,168.25,1.0
2026-07-19 13:10:00+00:00,164.2,168.6,1.0
2026-07-19 13:15:00+00:00,164.29,168.73,1.0
2026-07-19 13:20:00+00:00,164.17,168.57,1.0
2026-07-19 13:25:00+00:00,164.12,168.5,1.0
2026-07-19 13:30:00+00:00,164.15,168.58,1.0
2026-07-19 13:35:00+00:00,164.31,168.79,1.0
2026-07-19 13:40:00+00:00,164.29,168.81,1.0
2026-07-19 13:45:00+00:00,164.25,168.97,1.0
2026-07-19 13:50:00+00:00,164.35,168.95,1.0
2026-07-19 13:55:00+00:00,164.24,169.17,1.0
2026-07-19 14:00:00+00:00,164.1,168.84,1.0
2026-07-19 14:05:00+00:00,164.09,168.87,1.0
2026-07-19 14:10:00+00:00,163.78,168.34,1.0
2026-07-19 14:15:00+00:00,163.82,168.37,1.0
2026-07-19 14:20:00+00:00,163.69,168.42,1.0
2026-07-19 14:25:00+00:00,163.78,168.31,1.0
2026-07-19 14:30:00+00:00,163.8,168.27,1.0
2026-07-19 14:35:00+00:00,163.83,168.45,1.0
2026-07-19 14:40:00+00:00,163.84,168.67,1.0
2026-07-19 14:45:00+00:00,163.95,168.82,1.0
2026-07-19 14:50:00+00:00,163.9,168.82,1.0
2026-07-19 14:55:00+00:00,163.78,168.58,1.0
2026-07-19 15:00:00+00:00,163.63,168.3,1.0
2026-07-19 15:05:00+00:00,163.44,168.1,1.0
2026-07-19 15:10:00+00:00,163.47,168.2,1.0
2026-07-19 15:15:00+00:00,163.38,168.12,1.0
2026-07-19 15:20:00+00:00,163.42,167.9,1.0
2026-07-19 15:25:00+00:00,163.23,167.84,1.0
2026-07-19 15:30:00+00:00,163.18,167.83,1.0
2026-07-19 15:35:00+00:00,163.14,167.78,1.0
2026-07-19 15:40:00+00:00,163.15,167.91,1.0
2026-07-19 15:45:00+00:00,163.03,167.86,1.0
2026-07-19 15:50:00+00:00,163.09,167.82,1.0
2026-07-19 15:55:00+00:00,163.02,167.62,1.0
2026-07-19 16:00:00+00:00,162.8,167.57,1.0
2026-07-19 16:05:00+00:00,162.02,167.06,1.0
2026-07-19 16:10:00+00:00,162.12,167.02,1.0
2026-07-19 16:15:00+00:00,161.91,166.63,1.0
2026-07-19 16:20:00+00:00,162.19,166.96,1.0
2026-07-19 16:25:00+00:00,162.2,167.04,1.0
2026-07-19 16:30:00+00:00,161.89,166.6,1.0
2026-07-19 16:35:00+00:00,162.24,167.08,1.0
2026-07-19 16:40:00+00:00,162.32,167.22,1.0
2026-07-19 16:45:00+00:00,162.33,166.9,1.0
2026-07-19 16:50:00+00:00,162.29,167.02,1.0
2026-07-19 16:55:00+00:00,162.22,167.03,1.0
2026-07-19 17:00:00+00:00,162.24,167.15,1.0
2026-07-19 17:05:00+00:00,162.33,167.42,1.0
2026-07-19 17:10:00+00:00,162.48,167.5,1.0
2026-07-19 17:15:00+00:00,162.57,167.56,1.0
2026-07-19 17:20:00+00:00,162.66,167.68,1.0
2026-07-19 17:25:00+00:00,162.72,167.85,1.0
2026-07-19 17:30:00+00:00,162.56,167.8,1.0
2026-07-19 17:35:00+00:00,162.83,168.14,1.0
2026-07-19 17:40:00+00:00,163.1,168.32,1.0
2026-07-19 17:45:00+00:00,162.94,168.33,1.0
2026-07-19 17:50:00+00:00,162.7,168.07,1.0
2026-07-19 17:55:00+00:00,162.61,168.12,1.0
2026-07-19 18:00:00+00:00,162.64,167.94,1.0
2026-07-19 18:05:00+00:00,162.37,167.34,1.0
2026-07-19 18:10:00+00:00,162.63,167.66,1.0
2026-07-19 18:15:00+00:00,162.56,167.51,1.0
2026-07-19 18:20:00+00:00,162.67,167.68,1.0
2026-07-19 18:25:00+00:00,162.59,167.56,1.0
2026-07-19 18:30:00+00:00,162.58,167.65,1.0
2026-07-19 18:35:00+00:00,162.55,167.63,1.0
2026-07-19 18:40:00+00:00,162.61,167.72,1.0
2026-07-19 18:45:00+00:00,162.77,167.92,1.0
2026-07-19 18:50:00+00:00,162.67,168.02,1.0
2026-07-19 18:55:00+00:00,162.75,168.05,1.0
2026-07-19 19:00:00+00:00,162.82,168.13,1.0
2026-07-19 19:05:00+00:00,163.11,168.34,1.0
2026-07-19 19:10:00+00:00,163.09,168.31,1.0
2026-07-19 19:15:00+00:00,162.86,168.05,1.0
2026-07-19 19:20:00+00:00,163.2,168.28,1.0
2026-07-19 19:25:00+00:00,163.2,168.42,1.0
2026-07-19 19:30:00+00:00,163.23,168.51,1.0
2026-07-19 19:35:00+00:00,163.39,168.63,1.0
2026-07-19 19:40:00+00:00,163.53,168.72,1.0
2026-07-19 19:45:00+00:00,163.46,168.34,1.0
2026-07-19 19:50:00+00:00,163.48,168.19,1.0
2026-07-19 19:55:00+00:00,163.43,167.95,1.0
2026-07-19 20:00:00+00:00,163.43,167.93,1.0
2026-07-19 20:05:00+00:00,163.56,168.0,1.0
2026-07-19 20:10:00+00:00,163.49,167.8,1.0
2026-07-19 20:15:00+00:00,163.52,167.77,1.0
2026-07-19 20:20:00+00:00,163.67,167.91,1.0
2026-07-19 20:25:00+00:00,163.9,167.98,1.0
2026-07-19 20:30:00+00:00,164.05,168.12,1.0
2026-07-19 20:35:00+00:00,164.21,168.22,1.0
2026-07-19 20:40:00+00:00,164.26,168.18,1.0
2026-07-19 20:45:00+00:00,164.1,168.28,1.0
2026-07-19 20:50:00+00:00,164.07,168.2,1.0
2026-07-19 20:55:00+00:00,164.1,168.15,1.0
2026-07-19 21:00:00+00:00,163.85,167.88,1.0
2026-07-19 21:05:00+00:00,163.86,167.85,1.0
2026-07-19 21:10:00+00:00,163.45,167.64,1.0
2026-07-19 21:15:00+00:00,163.49,167.84,1.0
2026-07-19 21:20:00+00:00,163.42,167.93,1.0
2026-07-19 21:25:00+00:00,163.46,168.07,1.0
2026-07-19 21:30:00+00:00,163.49,168.08,1.0
2026-07-19 21:35:00+00:00,163.76,168.24,1.0
2026-07-19 21:40:00+00:00,163.56,168.27,1.0
2026-07-19 21:45:00+00:00,163.53,168.33,1.0
2026-07-19 21:50:00+00:00,163.53,168.18,1.0
2026-07-19 21:55:00+00:00,163.31,167.63,1.0
2026-07-19 22:00:00+00:00,163.02,167.36,1.0
2026-07-19 22:05:00+00:00,163.19,167.3,1.0
2026-07-19 22:10:00+00:00,163.94,167.85,1.0
2026-07-19 22:15:00+00:00,163.91,167.87,1.0
2026-07-19 22:20:00+00:00,164.29,168.08,1.0
2026-07-19 22:25:00+00:00,163.77,167.79,1.0
2026-07-19 22:30:00+00:00,164.23,168.24,1.0
2026-07-19 22:35:00+00:00,163.74,167.89,1.0
2026-07-19 22:40:00+00:00,164.05,168.24,1.0
2026-07-19 22:45:00+00:00,163.74,168.11,1.0
2026-07-19 22:50:00+00:00,164.96,168.78,1.0
2026-07-19 22:55:00+00:00,166.47,169.29,1.0
2026-07-19 23:00:00+00:00,164.34,164.66,1.0
2026-07-19 23:05:00+00:00,164.74,165.26,1.0
2026-07-19 23:10:00+00:00,163.58,163.56,1.0
2026-07-19 23:15:00+00:00,164.24,164.15,1.0
2026-07-19 23:20:00+00:00,164.57,164.28,1.0
2026-07-19 23:25:00+00:00,164.9,164.82,1.0
2026-07-19 23:30:00+00:00,164.78,165.28,1.0
2026-07-19 23:35:00+00:00,164.11,164.96,1.0
2026-07-19 23:40:00+00:00,164.26,164.84,1.0
2026-07-19 23:45:00+00:00,162.94,163.07,1.0
2026-07-19 23:50:00+00:00,162.71,162.45,1.0
2026-07-19 23:55:00+00:00,162.75,163.35,1.0
2026-07-20 00:00:00+00:00,163.5,167.63,1.0
2026-07-20 00:05:00+00:00,165.57,171.3,1.0
2026-07-20 00:10:00+00:00,166.29,171.57,1.0
2026-07-20 00:15:00+00:00,167.14,172.67,1.0
2026-07-20 00:20:00+00:00,167.56,174.12,1.0
2026-07-20 00:25:00+00:00,166.6,172.65,1.0
2026-07-20 00:30:00+00:00,165.65,170.71,1.0
2026-07-20 00:35:00+00:00,167.05,172.22,1.0
2026-07-20 00:40:00+00:00,166.61,171.11,1.0
2026-07-20 00:45:00+00:00,166.42,171.01,1.0
2026-07-20 00:50:00+00:00,165.52,169.57,1.0
2026-07-20 00:55:00+00:00,165.04,169.03,1.0
2026-07-20 01:00:00+00:00,165.4,169.25,1.0
2026-07-20 01:05:00+00:00,166.29,170.1,1.0
2026-07-20 01:10:00+00:00,164.89,168.18,1.0
2026-07-20 01:15:00+00:00,164.62,167.94,1.0
2026-07-20 01:20:00+00:00,165.67,169.38,1.0
2026-07-20 01:25:00+00:00,164.85,168.22,1.0
2026-07-20 01:30:00+00:00,163.72,166.79,1.0
2026-07-20 01:35:00+00:00,164.33,167.67,1.0
2026-07-20 01:40:00+00:00,163.61,166.91,1.0
2026-07-20 01:45:00+00:00,163.47,166.39,1.0
2026-07-20 01:50:00+00:00,162.11,165.23,1.0
2026-07-20 01:55:00+00:00,162.89,166.12,1.0
2026-07-20 02:00:00+00:00,164.08,167.73,1.0
2026-07-20 02:05:00+00:00,164.31,168.15,1.0
2026-07-20 02:10:00+00:00,163.1,167.02,1.0
2026-07-20 02:15:00+00:00,162.08,165.34,1.0
2026-07-20 02:20:00+00:00,162.0,165.3,1.0
2026-07-20 02:25:00+00:00,161.77,164.96,1.0
2026-07-20 02:30:00+00:00,163.38,166.84,1.0
2026-07-20 02:35:00+00:00,162.86,166.27,1.0
2026-07-20 02:40:00+00:00,163.86,167.39,1.0
2026-07-20 02:45:00+00:00,163.95,167.22,1.0
2026-07-20 02:50:00+00:00,163.43,166.5,1.0
2026-07-20 02:55:00+00:00,163.15,166.31,1.0
2026-07-20 03:00:00+00:00,162.52,165.52,1.0
2026-07-20 03:05:00+00:00,162.36,165.5,1.0
2026-07-20 03:10:00+00:00,162.76,165.79,1.0
2026-07-20 03:15:00+00:00,162.18,165.07,1.0
2026-07-20 03:20:00+00:00,162.29,165.11,1.0
2026-07-20 03:25:00+00:00,161.58,164.5,1.0
2026-07-20 03:30:00+00:00,161.88,164.73,1.0
2026-07-20 03:35:00+00:00,162.36,165.25,1.0
2026-07-20 03:40:00+00:00,162.52,165.46,1.0
2026-07-20 03:45:00+00:00,162.26,164.93,1.0
2026-07-20 03:50:00+00:00,163.64,166.71,1.0
2026-07-20 03:55:00+00:00,162.46,165.05,1.0
2026-07-20 04:00:00+00:00,162.83,165.93,1.0
2026-07-20 04:05:00+00:00,162.01,164.95,1.0
2026-07-20 04:10:00+00:00,161.21,164.08,1.0
2026-07-20 04:15:00+00:00,160.97,163.76,1.0
2026-07-20 04:20:00+00:00,161.66,164.3,1.0
2026-07-20 04:25:00+00:00,162.06,164.67,1.0
2026-07-20 04:30:00+00:00,162.96,165.78,1.0
2026-07-20 04:35:00+00:00,163.79,167.17,1.0
2026-07-20 04:40:00+00:00,163.97,167.85,1.0
2026-07-20 04:45:00+00:00,164.43,168.24,1.0
2026-07-20 04:50:00+00:00,163.95,167.58,1.0
2026-07-20 04:55:00+00:00,163.67,166.86,1.0
2026-07-20 05:00:00+00:00,163.23,166.44,1.0
2026-07-20 05:05:00+00:00,162.38,165.6,1.0
2026-07-20 05:10:00+00:00,162.34,165.83,1.0
2026-07-20 05:15:00+00:00,162.2,165.37,1.0
2026-07-20 05:20:00+00:00,161.91,165.06,1.0
2026-07-20 05:25:00+00:00,161.95,165.04,1.0
2026-07-20 05:30:00+00:00,161.77,165.14,1.0
2026-07-20 05:35:00+00:00,161.59,164.9,1.0
2026-07-20 05:40:00+00:00,161.86,165.25,1.0
2026-07-20 05:45:00+00:00,161.95,165.69,1.0
2026-07-20 05:50:00+00:00,161.55,164.72,1.0
2026-07-20 05:55:00+00:00,162.06,165.34,1.0
2026-07-20 06:00:00+00:00,162.12,165.51,1.0
2026-07-20 06:05:00+00:00,161.79,164.9,1.0
2026-07-20 06:10:00+00:00,161.49,164.79,1.0
2026-07-20 06:15:00+00:00,162.65,166.45,1.0
2026-07-20 06:20:00+00:00,161.89,165.27,1.0
2026-07-20 06:25:00+00:00,161.82,164.77,1.0
2026-07-20 06:30:00+00:00,161.88,165.19,1.0
2026-07-20 06:35:00+00:00,161.76,164.67,1.0
2026-07-20 06:40:00+00:00,161.99,164.17,1.0
2026-07-20 06:45:00+00:00,161.85,164.59,1.0
2026-07-20 06:50:00+00:00,161.91,164.28,1.0
2026-07-20 06:55:00+00:00,161.98,164.12,1.0
2026-07-20 07:00:00+00:00,161.96,164.73,1.0
2026-07-20 07:05:00+00:00,161.95,165.02,1.0
2026-07-20 07:10:00+00:00,161.96,164.83,1.0
2026-07-20 07:15:00+00:00,161.22,164.79,1.0
2026-07-20 07:20:00+00:00,162.05,165.24,1.0
2026-07-20 07:25:00+00:00,162.33,165.65,1.0
2026-07-20 07:30:00+00:00,162.54,165.95,1.0
2026-07-20 07:35:00+00:00,162.34,165.76,1.0
2026-07-20 07:40:00+00:00,162.49,165.69,1.0
2026-07-20 07:45:00+00:00,162.34,165.6,1.0
2026-07-20 07:50:00+00:00,162.33,165.61,1.0
2026-07-20 07:55:00+00:00,162.48,165.88,1.0
2026-07-20 08:00:00+00:00,162.82,166.2,1.0
2026-07-20 08:05:00+00:00,162.69,166.36,1.0
2026-07-20 08:10:00+00:00,162.99,166.71,1.0
2026-07-20 08:15:00+00:00,163.01,166.37,1.0
2026-07-20 08:20:00+00:00,163.17,166.25,1.0
2026-07-20 08:25:00+00:00,163.0,166.37,1.0
2026-07-20 08:30:00+00:00,162.98,165.96,1.0
2026-07-20 08:35:00+00:00,162.77,165.85,1.0
2026-07-20 08:40:00+00:00,162.75,166.2,1.0
2026-07-20 08:45:00+00:00,163.03,166.57,1.0
2026-07-20 08:50:00+00:00,162.88,166.46,1.0
2026-07-20 08:55:00+00:00,162.7,166.29,1.0
2026-07-20 09:00:00+00:00,163.02,166.31,1.0
2026-07-20 09:05:00+00:00,163.14,166.71,1.0
2026-07-20 09:10:00+00:00,163.27,167.04,1.0
2026-07-20 09:15:00+00:00,163.54,167.26,1.0
2026-07-20 09:20:00+00:00,163.73,167.58,1.0
2026-07-20 09:25:00+00:00,163.7,167.24,1.0
2026-07-20 09:30:00+00:00,163.82,167.52,1.0
2026-07-20 09:35:00+00:00,164.15,168.05,1.0
2026-07-20 09:40:00+00:00,164.43,168.36,1.0
2026-07-20 09:45:00+00:00,164.65,168.92,1.0
2026-07-20 09:50:00+00:00,164.42,168.46,1.0
2026-07-20 09:55:00+00:00,164.31,168.29,1.0
2026-07-20 10:00:00+00:00,164.25,168.33,1.0
2026-07-20 10:05:00+00:00,164.34,168.3,1.0
2026-07-20 10:10:00+00:00,164.43,168.33,1.0
2026-07-20 10:15:00+00:00,164.29,168.17,1.0
2026-07-20 10:20:00+00:00,164.59,168.65,1.0
2026-07-20 10:25:00+00:00,164.54,168.79,1.0
2026-07-20 10:30:00+00:00,164.53,169.12,1.0
2026-07-20 10:35:00+00:00,164.6,169.3,1.0
2026-07-20 10:40:00+00:00,164.81,169.55,1.0
2026-07-20 10:45:00+00:00,165.04,169.77,1.0
2026-07-20 10:50:00+00:00,165.25,169.92,1.0
2026-07-20 10:55:00+00:00,165.04,170.03,1.0
2026-07-20 11:00:00+00:00,165.54,170.54,1.0
2026-07-20 11:05:00+00:00,165.6,170.36,1.0
2026-07-20 11:10:00+00:00,165.84,170.43,1.0
2026-07-20 11:15:00+00:00,165.52,170.55,1.0
2026-07-20 11:20:00+00:00,165.31,170.27,1.0
2026-07-20 11:25:00+00:00,165.43,170.17,1.0
2026-07-20 11:30:00+00:00,166.59,171.59,1.0
2026-07-20 11:35:00+00:00,166.4,171.66,1.0
2026-07-20 11:40:00+00:00,166.49,171.7,1.0
2026-07-20 11:45:00+00:00,165.91,170.9,1.0
2026-07-20 11:50:00+00:00,166.18,171.34,1.0
2026-07-20 11:55:00+00:00,166.27,171.31,1.0
2026-07-20 12:00:00+00:00,165.38,170.49,1.0
2026-07-20 12:05:00+00:00,165.33,170.4,1.0
2026-07-20 12:10:00+00:00,165.23,170.16,1.0
2026-07-20 12:15:00+00:00,165.29,170.1,1.0
2026-07-20 12:20:00+00:00,165.2,169.78,1.0
2026-07-20 12:25:00+00:00,165.67,170.54,1.0
2026-07-20 12:30:00+00:00,165.46,170.38,1.0
2026-07-20 12:35:00+00:00,165.69,170.69,1.0
2026-07-20 12:40:00+00:00,165.02,169.91,1.0
2026-07-20 12:45:00+00:00,165.29,170.14,1.0
2026-07-20 12:50:00+00:00,164.75,169.52,1.0
2026-07-20 12:55:00+00:00,164.96,169.82,1.0
2026-07-20 13:00:00+00:00,165.38,170.13,1.0
2026-07-20 13:05:00+00:00,165.26,170.06,1.0
2026-07-20 13:10:00+00:00,165.23,169.78,1.0
2026-07-20 13:15:00+00:00,165.43,170.32,1.0
2026-07-20 13:20:00+00:00,165.56,170.31,1.0
2026-07-20 13:25:00+00:00,165.4,169.98,1.0
2026-07-20 13:30:00+00:00,166.62,170.87,1.0
2026-07-20 13:35:00+00:00,166.78,170.66,1.0
2026-07-20 13:40:00+00:00,167.2,171.68,1.0
2026-07-20 13:45:00+00:00,166.58,171.55,1.0
2026-07-20 13:50:00+00:00,166.54,171.44,1.0
2026-07-20 13:55:00+00:00,165.75,170.52,1.0
2026-07-20 14:00:00+00:00,165.69,170.76,1.0
2026-07-20 14:05:00+00:00,165.05,169.88,1.0
2026-07-20 14:10:00+00:00,164.55,169.33,1.0
2026-07-20 14:15:00+00:00,164.65,169.52,1.0
2026-07-20 14:20:00+00:00,164.67,169.68,1.0
2026-07-20 14:25:00+00:00,165.22,170.22,1.0
2026-07-20 14:30:00+00:00,164.73,169.82,1.0
2026-07-20 14:35:00+00:00,164.66,169.58,1.0
2026-07-20 14:40:00+00:00,164.46,169.19,1.0
2026-07-20 14:45:00+00:00,164.1,169.16,1.0
2026-07-20 14:50:00+00:00,163.56,168.4,1.0
2026-07-20 14:55:00+00:00,163.23,168.43,1.0
2026-07-20 15:00:00+00:00,163.52,169.09,1.0
2026-07-20 15:05:00+00:00,164.19,169.86,1.0
2026-07-20 15:10:00+00:00,163.78,169.2,1.0
2026-07-20 15:15:00+00:00,164.06,169.67,1.0
2026-07-20 15:20:00+00:00,164.77,170.52,1.0
2026-07-20 15:25:00+00:00,164.92,170.79,1.0
2026-07-20 15:30:00+00:00,165.13,170.63,1.0
2026-07-20 15:35:00+00:00,164.73,170.62,1.0
2026-07-20 15:40:00+00:00,164.87,170.89,1.0
2026-07-20 15:45:00+00:00,164.61,169.9,1.0
2026-07-20 15:50:00+00:00,165.28,170.84,1.0
2026-07-20 15:55:00+00:00,165.61,171.06,1.0
2026-07-20 16:00:00+00:00,165.76,171.23,1.0
2026-07-20 16:05:00+00:00,166.07,171.69,1.0
2026-07-20 16:10:00+00:00,166.12,171.76,1.0
2026-07-20 16:15:00+00:00,166.14,171.95,1.0
2026-07-20 16:20:00+00:00,165.88,171.43,1.0
2026-07-20 16:25:00+00:00,165.66,171.24,1.0
2026-07-20 16:30:00+00:00,165.14,170.63,1.0
2026-07-20 16:35:00+00:00,165.35,170.91,1.0
2026-07-20 16:40:00+00:00,164.72,170.1,1.0
2026-07-20 16:45:00+00:00,165.18,170.67,1.0
2026-07-20 16:50:00+00:00,164.82,170.01,1.0
2026-07-20 16:55:00+00:00,164.85,170.05,1.0
2026-07-20 17:00:00+00:00,164.93,170.09,1.0
2026-07-20 17:05:00+00:00,165.08,170.43,1.0
2026-07-20 17:10:00+00:00,164.62,170.13,1.0
2026-07-20 17:15:00+00:00,165.0,170.42,1.0
2026-07-20 17:20:00+00:00,164.96,170.43,1.0
2026-07-20 17:25:00+00:00,164.95,170.45,1.0
2026-07-20 17:30:00+00:00,165.12,170.37,1.0
2026-07-20 17:35:00+00:00,164.8,170.39,1.0
2026-07-20 17:40:00+00:00,164.53,170.17,1.0
2026-07-20 17:45:00+00:00,164.85,170.22,1.0
2026-07-20 17:50:00+00:00,165.1,170.41,1.0
2026-07-20 17:55:00+00:00,164.98,170.38,1.0
2026-07-20 18:00:00+00:00,165.1,170.4,1.0
2026-07-20 18:05:00+00:00,165.14,170.47,1.0
2026-07-20 18:10:00+00:00,165.36,170.61,1.0
2026-07-20 18:15:00+00:00,165.24,170.57,1.0
2026-07-20 18:20:00+00:00,164.75,170.0,1.0
2026-07-20 18:25:00+00:00,164.7,169.7,1.0
2026-07-20 18:30:00+00:00,164.19,169.29,1.0
2026-07-20 18:35:00+00:00,164.26,169.38,1.0
2026-07-20 18:40:00+00:00,164.09,169.17,1.0
2026-07-20 18:45:00+00:00,164.07,168.87,1.0
2026-07-20 18:50:00+00:00,164.12,169.09,1.0
2026-07-20 18:55:00+00:00,163.91,168.84,1.0
2026-07-20 19:00:00+00:00,163.45,168.64,1.0
2026-07-20 19:05:00+00:00,163.56,168.52,1.0
2026-07-20 19:10:00+00:00,163.16,167.94,1.0
2026-07-20 19:15:00+00:00,163.25,168.17,1.0
2026-07-20 19:20:00+00:00,163.43,168.23,1.0
2026-07-20 19:25:00+00:00,163.93,168.9,1.0
2026-07-20 19:30:00+00:00,163.99,168.98,1.0
2026-07-20 19:35:00+00:00,163.88,168.91,1.0
2026-07-20 19:40:00+00:00,164.24,169.31,1.0
2026-07-20 19:45:00+00:00,164.28,169.48,1.0
2026-07-20 19:50:00+00:00,163.42,168.91,1.0
2026-07-20 19:55:00+00:00,162.8,168.66,1.0
2026-07-20 20:00:00+00:00,163.12,168.96,1.0
2026-07-20 20:05:00+00:00,162.93,168.81,1.0
2026-07-20 20:10:00+00:00,162.93,168.72,1.0
2026-07-20 20:15:00+00:00,162.75,168.34,1.0
2026-07-20 20:20:00+00:00,162.68,168.32,1.0
2026-07-20 20:25:00+00:00,162.75,168.46,1.0
2026-07-20 20:30:00+00:00,162.87,168.32,1.0
2026-07-20 20:35:00+00:00,162.78,168.07,1.0
2026-07-20 20:40:00+00:00,162.71,168.07,1.0
2026-07-20 20:45:00+00:00,162.8,168.07,1.0
2026-07-20 20:50:00+00:00,162.96,168.38,1.0
2026-07-20 20:55:00+00:00,162.81,168.21,1.0
2026-07-20 21:00:00+00:00,163.01,168.38,1.0
2026-07-20 21:05:00+00:00,162.98,168.48,1.0
2026-07-20 21:10:00+00:00,163.22,168.34,1.0
2026-07-20 21:15:00+00:00,163.18,168.44,1.0
2026-07-20 21:20:00+00:00,163.23,168.51,1.0
2026-07-20 21:25:00+00:00,163.28,168.57,1.0
2026-07-20 21:30:00+00:00,163.44,168.87,1.0
2026-07-20 21:35:00+00:00,163.73,168.93,1.0
2026-07-20 21:40:00+00:00,163.79,168.8,1.0
2026-07-20 21:45:00+00:00,163.79,168.45,1.0
2026-07-20 21:50:00+00:00,163.82,168.47,1.0
2026-07-20 21:55:00+00:00,164.0,168.54,1.0
2026-07-20 22:00:00+00:00,163.41,167.07,1.0
2026-07-20 22:05:00+00:00,163.47,167.41,1.0
2026-07-20 22:10:00+00:00,163.46,167.78,1.0
2026-07-20 22:15:00+00:00,163.45,167.36,1.0
2026-07-20 22:20:00+00:00,163.48,167.67,1.0
2026-07-20 22:25:00+00:00,163.64,167.83,1.0
2026-07-20 22:30:00+00:00,163.39,167.31,1.0
2026-07-20 22:35:00+00:00,163.38,167.45,1.0
2026-07-20 22:40:00+00:00,163.5,167.61,1.0
2026-07-20 22:45:00+00:00,163.38,167.66,1.0
2026-07-20 22:50:00+00:00,163.38,167.69,1.0
2026-07-20 22:55:00+00:00,163.55,167.85,1.0
2026-07-20 23:00:00+00:00,163.76,167.58,1.0
2026-07-20 23:05:00+00:00,164.34,168.45,1.0
2026-07-20 23:10:00+00:00,164.18,168.74,1.0
2026-07-20 23:15:00+00:00,164.36,168.73,1.0
2026-07-20 23:20:00+00:00,164.59,168.87,1.0
2026-07-20 23:25:00+00:00,164.63,168.71,1.0
2026-07-20 23:30:00+00:00,164.02,167.71,1.0
2026-07-20 23:35:00+00:00,163.96,167.88,1.0
2026-07-20 23:40:00+00:00,163.95,168.1,1.0
2026-07-20 23:45:00+00:00,162.99,166.98,1.0
2026-07-20 23:50:00+00:00,162.7,166.56,1.0
2026-07-20 23:55:00+00:00,162.82,167.98,1.0
2026-07-21 00:00:00+00:00,162.57,168.24,1.0
2026-07-21 00:05:00+00:00,160.75,166.42,1.0
2026-07-21 00:10:00+00:00,162.0,168.84,1.0
2026-07-21 00:15:00+00:00,162.38,169.23,1.0
2026-07-21 00:20:00+00:00,162.21,169.31,1.0
2026-07-21 00:25:00+00:00,161.98,169.1,1.0
2026-07-21 00:30:00+00:00,162.18,169.24,1.0
2026-07-21 00:35:00+00:00,163.0,170.46,1.0
2026-07-21 00:40:00+00:00,163.24,170.36,1.0
2026-07-21 00:45:00+00:00,163.77,171.04,1.0
2026-07-21 00:50:00+00:00,163.5,171.19,1.0
2026-07-21 00:55:00+00:00,162.54,169.87,1.0
2026-07-21 01:00:00+00:00,163.94,171.36,1.0
2026-07-21 01:05:00+00:00,165.16,172.45,1.0
2026-07-21 01:10:00+00:00,165.47,172.82,1.0
2026-07-21 01:15:00+00:00,164.98,172.36,1.0
2026-07-21 01:20:00+00:00,164.98,172.74,1.0
2026-07-21 01:25:00+00:00,165.54,173.66,1.0
2026-07-21 01:30:00+00:00,166.68,175.41,1.0
2026-07-21 01:35:00+00:00,166.14,175.24,1.0
2026-07-21 01:40:00+00:00,165.87,174.82,1.0
2026-07-21 01:45:00+00:00,166.43,175.33,1.0
2026-07-21 01:50:00+00:00,165.98,174.63,1.0
2026-07-21 01:55:00+00:00,165.36,173.92,1.0
2026-07-21 02:00:00+00:00,166.1,174.75,1.0
2026-07-21 02:05:00+00:00,165.08,173.35,1.0
2026-07-21 02:10:00+00:00,165.15,173.35,1.0
2026-07-21 02:15:00+00:00,164.72,172.86,1.0
2026-07-21 02:20:00+00:00,165.36,173.72,1.0
2026-07-21 02:25:00+00:00,164.95,173.1,1.0
2026-07-21 02:30:00+00:00,165.81,174.3,1.0
2026-07-21 02:35:00+00:00,166.26,174.6,1.0
2026-07-21 02:40:00+00:00,166.45,174.7,1.0
2026-07-21 02:45:00+00:00,166.58,175.12,1.0
2026-07-21 02:50:00+00:00,166.54,174.8,1.0
2026-07-21 02:55:00+00:00,167.13,175.39,1.0
2026-07-21 03:00:00+00:00,167.5,175.79,1.0
2026-07-21 03:05:00+00:00,167.21,175.4,1.0
2026-07-21 03:10:00+00:00,167.91,176.24,1.0
2026-07-21 03:15:00+00:00,168.26,176.25,1.0
2026-07-21 03:20:00+00:00,167.92,175.93,1.0
2026-07-21 03:25:00+00:00,167.94,175.9,1.0
2026-07-21 03:30:00+00:00,168.2,176.4,1.0
2026-07-21 03:35:00+00:00,168.96,177.34,1.0
2026-07-21 03:40:00+00:00,168.63,177.11,1.0
2026-07-21 03:45:00+00:00,169.27,177.32,1.0
2026-07-21 03:50:00+00:00,169.29,177.53,1.0
2026-07-21 03:55:00+00:00,169.3,177.84,1.0
2026-07-21 04:00:00+00:00,169.12,177.95,1.0
2026-07-21 04:05:00+00:00,169.03,178.06,1.0
2026-07-21 04:10:00+00:00,169.41,178.73,1.0
2026-07-21 04:15:00+00:00,169.63,178.68,1.0
2026-07-21 04:20:00+00:00,169.29,178.34,1.0
2026-07-21 04:25:00+00:00,169.39,178.29,1.0
2026-07-21 04:30:00+00:00,169.05,178.04,1.0
2026-07-21 04:35:00+00:00,169.18,177.99,1.0
2026-07-21 04:40:00+00:00,169.16,177.74,1.0
2026-07-21 04:45:00+00:00,169.44,178.3,1.0
2026-07-21 04:50:00+00:00,168.57,177.08,1.0
2026-07-21 04:55:00+00:00,168.38,176.81,1.0
2026-07-21 05:00:00+00:00,168.45,177.18,1.0
2026-07-21 05:05:00+00:00,168.47,176.78,1.0
2026-07-21 05:10:00+00:00,167.47,175.42,1.0
2026-07-21 05:15:00+00:00,166.74,174.66,1.0
2026-07-21 05:20:00+00:00,167.31,175.27,1.0
2026-07-21 05:25:00+00:00,167.99,176.23,1.0
2026-07-21 05:30:00+00:00,167.71,175.86,1.0
2026-07-21 05:35:00+00:00,168.06,176.33,1.0
2026-07-21 05:40:00+00:00,168.01,176.28,1.0
2026-07-21 05:45:00+00:00,168.48,176.98,1.0
2026-07-21 05:50:00+00:00,167.94,176.11,1.0
2026-07-21 05:55:00+00:00,167.89,176.02,1.0
2026-07-21 06:00:00+00:00,168.71,177.2,1.0
2026-07-21 06:05:00+00:00,168.72,177.08,1.0
2026-07-21 06:10:00+00:00,168.82,177.53,1.0
2026-07-21 06:15:00+00:00,167.95,176.47,1.0
2026-07-21 06:20:00+00:00,168.27,176.87,1.0
2026-07-21 06:25:00+00:00,168.07,176.36,1.0
2026-07-21 06:30:00+00:00,168.56,176.34,1.0
2026-07-21 06:35:00+00:00,168.63,176.29,1.0
2026-07-21 06:40:00+00:00,168.61,176.98,1.0
2026-07-21 06:45:00+00:00,168.49,176.9,1.0
2026-07-21 06:50:00+00:00,168.42,176.73,1.0
2026-07-21 06:55:00+00:00,168.62,176.58,1.0
2026-07-21 07:00:00+00:00,168.71,176.93,1.0
2026-07-21 07:05:00+00:00,168.72,176.89,1.0
2026-07-21 07:10:00+00:00,168.59,176.86,1.0
2026-07-21 07:15:00+00:00,168.63,176.88,1.0
2026-07-21 07:20:00+00:00,168.42,176.83,1.0
2026-07-21 07:25:00+00:00,168.45,176.61,1.0
2026-07-21 07:30:00+00:00,168.57,176.54,1.0
2026-07-21 07:35:00+00:00,168.58,176.43,1.0
2026-07-21 07:40:00+00:00,168.42,176.33,1.0
2026-07-21 07:45:00+00:00,168.45,176.4,1.0
2026-07-21 07:50:00+00:00,168.47,176.35,1.0
2026-07-21 07:55:00+00:00,168.58,176.61,1.0
2026-07-21 08:00:00+00:00,168.98,177.07,1.0
2026-07-21 08:05:00+00:00,168.91,177.32,1.0
2026-07-21 08:10:00+00:00,169.0,177.54,1.0
2026-07-21 08:15:00+00:00,168.78,177.79,1.0
2026-07-21 08:20:00+00:00,168.94,177.7,1.0
2026-07-21 08:25:00+00:00,169.11,178.07,1.0
2026-07-21 08:30:00+00:00,169.17,178.25,1.0
2026-07-21 08:35:00+00:00,169.38,178.29,1.0
2026-07-21 08:40:00+00:00,169.42,178.25,1.0
2026-07-21 08:45:00+00:00,169.39,178.17,1.0
2026-07-21 08:50:00+00:00,169.39,178.1,1.0
2026-07-21 08:55:00+00:00,169.57,178.22,1.0
2026-07-21 09:00:00+00:00,169.63,178.62,1.0
2026-07-21 09:05:00+00:00,169.52,178.58,1.0
2026-07-21 09:10:00+00:00,169.41,178.61,1.0
2026-07-21 09:15:00+00:00,169.74,178.85,1.0
2026-07-21 09:20:00+00:00,169.63,178.95,1.0
2026-07-21 09:25:00+00:00,169.31,178.72,1.0
2026-07-21 09:30:00+00:00,169.49,178.92,1.0
2026-07-21 09:35:00+00:00,169.36,178.61,1.0
2026-07-21 09:40:00+00:00,169.31,178.65,1.0
2026-07-21 09:45:00+00:00,169.63,178.81,1.0
2026-07-21 09:50:00+00:00,169.38,178.74,1.0
2026-07-21 09:55:00+00:00,169.13,178.49,1.0
2026-07-21 10:00:00+00:00,169.27,178.64,1.0
2026-07-21 10:05:00+00:00,169.19,178.48,1.0
2026-07-21 10:10:00+00:00,169.39,178.56,1.0
2026-07-21 10:15:00+00:00,169.58,178.63,1.0
2026-07-21 10:20:00+00:00,169.66,178.83,1.0
2026-07-21 10:25:00+00:00,169.68,178.91,1.0
2026-07-21 10:30:00+00:00,169.77,179.26,1.0
2026-07-21 10:35:00+00:00,169.82,179.3,1.0
2026-07-21 10:40:00+00:00,169.67,179.1,1.0
2026-07-21 10:45:00+00:00,169.8,179.2,1.0
2026-07-21 10:50:00+00:00,169.63,179.08,1.0
2026-07-21 10:55:00+00:00,169.47,178.53,1.0
2026-07-21 11:00:00+00:00,169.28,178.72,1.0
2026-07-21 11:05:00+00:00,169.27,178.65,1.0
2026-07-21 11:10:00+00:00,169.45,179.02,1.0
2026-07-21 11:15:00+00:00,169.16,178.83,1.0
2026-07-21 11:20:00+00:00,169.25,179.22,1.0
2026-07-21 11:25:00+00:00,169.26,179.7,1.0
2026-07-21 11:30:00+00:00,169.37,179.78,1.0
2026-07-21 11:35:00+00:00,169.51,179.54,1.0
2026-07-21 11:40:00+00:00,169.61,179.91,1.0
2026-07-21 11:45:00+00:00,169.65,179.8,1.0
2026-07-21 11:50:00+00:00,169.44,179.29,1.0
2026-07-21 11:55:00+00:00,169.45,179.34,1.0
2026-07-21 12:00:00+00:00,169.32,179.27,1.0
2026-07-21 12:05:00+00:00,169.53,179.66,1.0
2026-07-21 12:10:00+00:00,169.62,180.11,1.0
2026-07-21 12:15:00+00:00,169.45,179.79,1.0
2026-07-21 12:20:00+00:00,169.41,179.78,1.0
2026-07-21 12:25:00+00:00,169.07,179.28,1.0
2026-07-21 12:30:00+00:00,169.02,178.97,1.0
2026-07-21 12:35:00+00:00,168.97,179.05,1.0
2026-07-21 12:40:00+00:00,168.67,178.75,1.0
2026-07-21 12:45:00+00:00,169.22,179.26,1.0
2026-07-21 12:50:00+00:00,169.18,179.19,1.0
2026-07-21 12:55:00+00:00,169.45,179.46,1.0
2026-07-21 13:00:00+00:00,169.37,179.22,1.0
2026-07-21 13:05:00+00:00,169.27,179.09,1.0
2026-07-21 13:10:00+00:00,169.24,179.12,1.0
2026-07-21 13:15:00+00:00,169.27,179.25,1.0
2026-07-21 13:20:00+00:00,169.4,179.28,1.0
2026-07-21 13:25:00+00:00,170.13,180.58,1.0
2026-07-21 13:30:00+00:00,169.52,179.38,1.0
2026-07-21 13:35:00+00:00,170.41,180.45,1.0
2026-07-21 13:40:00+00:00,169.69,179.73,1.0
2026-07-21 13:45:00+00:00,169.91,180.02,1.0
2026-07-21 13:50:00+00:00,169.75,179.98,1.0
2026-07-21 13:55:00+00:00,170.06,180.33,1.0
2026-07-21 14:00:00+00:00,169.75,179.82,1.0
2026-07-21 14:05:00+00:00,169.26,179.14,1.0
2026-07-21 14:10:00+00:00,169.86,179.64,1.0
2026-07-21 14:15:00+00:00,169.82,179.53,1.0
2026-07-21 14:20:00+00:00,169.81,179.14,1.0
2026-07-21 14:25:00+00:00,170.6,180.2,1.0
2026-07-21 14:30:00+00:00,170.82,180.71,1.0
2026-07-21 14:35:00+00:00,170.67,180.71,1.0
2026-07-21 14:40:00+00:00,171.07,181.09,1.0
2026-07-21 14:45:00+00:00,171.08,181.13,1.0
2026-07-21 14:50:00+00:00,171.34,181.58,1.0
2026-07-21 14:55:00+00:00,171.38,181.59,1.0
2026-07-21 15:00:00+00:00,171.62,181.59,1.0
2026-07-21 15:05:00+00:00,172.0,182.11,1.0
2026-07-21 15:10:00+00:00,172.3,182.39,1.0
2026-07-21 15:15:00+00:00,172.35,182.61,1.0
2026-07-21 15:20:00+00:00,172.68,183.02,1.0
2026-07-21 15:25:00+00:00,172.58,183.22,1.0
2026-07-21 15:30:00+00:00,172.45,182.9,1.0
2026-07-21 15:35:00+00:00,172.44,183.21,1.0
2026-07-21 15:40:00+00:00,172.14,183.07,1.0
2026-07-21 15:45:00+00:00,172.4,183.29,1.0
2026-07-21 15:50:00+00:00,172.2,183.08,1.0
2026-07-21 15:55:00+00:00,171.99,183.08,1.0
2026-07-21 16:00:00+00:00,172.9,184.25,1.0
2026-07-21 16:05:00+00:00,173.19,184.41,1.0
2026-07-21 16:10:00+00:00,173.18,184.78,1.0
2026-07-21 16:15:00+00:00,173.54,184.69,1.0
2026-07-21 16:20:00+00:00,173.97,185.12,1.0
2026-07-21 16:25:00+00:00,173.73,185.15,1.0
2026-07-21 16:30:00+00:00,173.61,184.99,1.0
2026-07-21 16:35:00+00:00,174.03,185.57,1.0
2026-07-21 16:40:00+00:00,173.81,185.59,1.0
2026-07-21 16:45:00+00:00,173.9,185.83,1.0
2026-07-21 16:50:00+00:00,174.13,186.04,1.0
2026-07-21 16:55:00+00:00,173.74,185.52,1.0
2026-07-21 17:00:00+00:00,174.11,186.02,1.0
2026-07-21 17:05:00+00:00,173.91,185.75,1.0
2026-07-21 17:10:00+00:00,173.43,185.3,1.0
2026-07-21 17:15:00+00:00,173.21,184.91,1.0
2026-07-21 17:20:00+00:00,173.48,184.91,1.0
2026-07-21 17:25:00+00:00,173.55,185.1,1.0
2026-07-21 17:30:00+00:00,173.5,185.13,1.0
2026-07-21 17:35:00+00:00,173.59,185.15,1.0
2026-07-21 17:40:00+00:00,173.64,185.2,1.0
2026-07-21 17:45:00+00:00,173.74,185.34,1.0
2026-07-21 17:50:00+00:00,173.53,185.08,1.0
2026-07-21 17:55:00+00:00,173.63,184.96,1.0
2026-07-21 18:00:00+00:00,173.58,185.21,1.0
2026-07-21 18:05:00+00:00,173.83,185.34,1.0
2026-07-21 18:10:00+00:00,173.58,185.02,1.0
2026-07-21 18:15:00+00:00,173.42,184.53,1.0
2026-07-21 18:20:00+00:00,173.35,184.48,1.0
2026-07-21 18:25:00+00:00,173.07,184.28,1.0
2026-07-21 18:30:00+00:00,173.15,184.31,1.0
2026-07-21 18:35:00+00:00,173.11,184.26,1.0
2026-07-21 18:40:00+00:00,173.29,184.59,1.0
2026-07-21 18:45:00+00:00,173.24,184.47,1.0
2026-07-21 18:50:00+00:00,173.14,184.21,1.0
2026-07-21 18:55:00+00:00,173.24,184.02,1.0
2026-07-21 19:00:00+00:00,173.11,183.96,1.0
2026-07-21 19:05:00+00:00,173.11,184.0,1.0
2026-07-21 19:10:00+00:00,173.05,183.82,1.0
2026-07-21 19:15:00+00:00,173.23,184.03,1.0
2026-07-21 19:20:00+00:00,173.11,184.06,1.0
2026-07-21 19:25:00+00:00,172.96,183.66,1.0
2026-07-21 19:30:00+00:00,173.12,183.64,1.0
2026-07-21 19:35:00+00:00,172.97,183.64,1.0
2026-07-21 19:40:00+00:00,173.17,183.98,1.0
2026-07-21 19:45:00+00:00,173.43,184.05,1.0
2026-07-21 19:50:00+00:00,173.19,183.92,1.0
2026-07-21 19:55:00+00:00,172.96,183.63,1.0
2026-07-21 20:00:00+00:00,172.96,183.87,1.0
2026-07-21 20:05:00+00:00,173.12,184.1,1.0
2026-07-21 20:10:00+00:00,173.3,184.37,1.0
2026-07-21 20:15:00+00:00,173.16,184.17,1.0
2026-07-21 20:20:00+00:00,173.26,184.24,1.0
2026-07-21 20:25:00+00:00,173.52,184.56,1.0
2026-07-21 20:30:00+00:00,173.6,184.92,1.0
2026-07-21 20:35:00+00:00,173.56,184.96,1.0
2026-07-21 20:40:00+00:00,173.61,184.99,1.0
2026-07-21 20:45:00+00:00,173.63,184.92,1.0
2026-07-21 20:50:00+00:00,173.9,185.23,1.0
2026-07-21 20:55:00+00:00,174.09,185.53,1.0
2026-07-21 21:00:00+00:00,174.37,185.87,1.0
2026-07-21 21:05:00+00:00,174.38,186.04,1.0
2026-07-21 21:10:00+00:00,174.22,185.87,1.0
2026-07-21 21:15:00+00:00,174.21,185.9,1.0
2026-07-21 21:20:00+00:00,174.45,186.26,1.0
2026-07-21 21:25:00+00:00,174.92,186.34,1.0
2026-07-21 21:30:00+00:00,174.61,186.22,1.0
2026-07-21 21:35:00+00:00,174.7,186.24,1.0
2026-07-21 21:40:00+00:00,174.78,186.16,1.0
2026-07-21 21:45:00+00:00,174.79,186.12,1.0
2026-07-21 21:50:00+00:00,174.71,186.11,1.0
2026-07-21 21:55:00+00:00,174.44,185.55,1.0
2026-07-21 22:00:00+00:00,174.02,184.51,1.0
2026-07-21 22:05:00+00:00,173.93,185.0,1.0
2026-07-21 22:10:00+00:00,174.32,185.54,1.0
2026-07-21 22:15:00+00:00,174.43,185.59,1.0
2026-07-21 22:20:00+00:00,174.07,184.86,1.0
2026-07-21 22:25:00+00:00,174.19,185.05,1.0
2026-07-21 22:30:00+00:00,174.27,185.27,1.0
2026-07-21 22:35:00+00:00,174.42,185.57,1.0
2026-07-21 22:40:00+00:00,174.44,185.81,1.0
2026-07-21 22:45:00+00:00,174.23,185.63,1.0
2026-07-21 22:50:00+00:00,174.47,185.84,1.0
2026-07-21 22:55:00+00:00,174.61,185.94,1.0
2026-07-21 23:00:00+00:00,174.2,184.72,1.0
2026-07-21 23:05:00+00:00,174.18,185.38,1.0
2026-07-21 23:10:00+00:00,174.09,185.17,1.0
2026-07-21 23:15:00+00:00,174.51,185.58,1.0
2026-07-21 23:20:00+00:00,174.44,185.66,1.0
2026-07-21 23:25:00+00:00,174.88,186.44,1.0
2026-07-21 23:30:00+00:00,174.78,185.84,1.0
2026-07-21 23:35:00+00:00,174.68,185.64,1.0
2026-07-21 23:40:00+00:00,174.58,185.69,1.0
2026-07-21 23:45:00+00:00,174.09,184.52,1.0
2026-07-21 23:50:00+00:00,173.95,184.67,1.0
2026-07-21 23:55:00+00:00,174.58,185.13,1.0
2026-07-22 00:00:00+00:00,175.84,185.83,1.0
2026-07-22 00:05:00+00:00,175.8,184.95,1.0
2026-07-22 00:10:00+00:00,176.38,185.59,1.0
2026-07-22 00:15:00+00:00,176.32,185.55,1.0
2026-07-22 00:20:00+00:00,175.72,185.32,1.0
2026-07-22 00:25:00+00:00,175.43,184.86,1.0
2026-07-22 00:30:00+00:00,175.57,185.26,1.0
2026-07-22 00:35:00+00:00,175.47,185.02,1.0
2026-07-22 00:40:00+00:00,175.14,184.75,1.0
2026-07-22 00:45:00+00:00,174.89,184.65,1.0
2026-07-22 00:50:00+00:00,174.27,183.78,1.0
2026-07-22 00:55:00+00:00,175.08,184.55,1.0
2026-07-22 01:00:00+00:00,175.0,184.54,1.0
2026-07-22 01:05:00+00:00,175.39,185.21,1.0
2026-07-22 01:10:00+00:00,175.69,185.41,1.0
2026-07-22 01:15:00+00:00,175.97,185.86,1.0
2026-07-22 01:20:00+00:00,175.82,185.94,1.0
2026-07-22 01:25:00+00:00,175.81,185.56,1.0
2026-07-22 01:30:00+00:00,175.36,184.92,1.0
2026-07-22 01:35:00+00:00,175.3,185.01,1.0
2026-07-22 01:40:00+00:00,175.27,184.89,1.0
2026-07-22 01:45:00+00:00,176.03,185.99,1.0
2026-07-22 01:50:00+00:00,176.04,185.82,1.0
2026-07-22 01:55:00+00:00,175.76,185.52,1.0
2026-07-22 02:00:00+00:00,175.75,185.58,1.0
2026-07-22 02:05:00+00:00,175.28,185.12,1.0
2026-07-22 02:10:00+00:00,175.37,185.56,1.0
2026-07-22 02:15:00+00:00,175.26,185.33,1.0
2026-07-22 02:20:00+00:00,175.61,185.57,1.0
2026-07-22 02:25:00+00:00,175.3,185.3,1.0
2026-07-22 02:30:00+00:00,174.89,184.46,1.0
2026-07-22 02:35:00+00:00,174.54,184.12,1.0
2026-07-22 02:40:00+00:00,174.41,184.01,1.0
2026-07-22 02:45:00+00:00,174.73,184.36,1.0
2026-07-22 02:50:00+00:00,174.58,184.24,1.0
2026-07-22 02:55:00+00:00,174.19,183.65,1.0
2026-07-22 03:00:00+00:00,173.88,183.07,1.0
2026-07-22 03:05:00+00:00,173.43,182.75,1.0
2026-07-22 03:10:00+00:00,172.96,182.02,1.0
2026-07-22 03:15:00+00:00,173.39,182.47,1.0
2026-07-22 03:20:00+00:00,174.09,183.79,1.0
2026-07-22 03:25:00+00:00,174.87,184.41,1.0
2026-07-22 03:30:00+00:00,173.7,183.04,1.0
2026-07-22 03:35:00+00:00,173.87,183.37,1.0
2026-07-22 03:40:00+00:00,173.98,183.49,1.0
2026-07-22 03:45:00+00:00,174.49,184.24,1.0
2026-07-22 03:50:00+00:00,173.44,183.04,1.0
2026-07-22 03:55:00+00:00,173.86,183.48,1.0
2026-07-22 04:00:00+00:00,174.3,184.17,1.0
2026-07-22 04:05:00+00:00,174.38,184.22,1.0
2026-07-22 04:10:00+00:00,174.02,183.79,1.0
2026-07-22 04:15:00+00:00,174.12,183.91,1.0
2026-07-22 04:20:00+00:00,174.25,184.29,1.0
2026-07-22 04:25:00+00:00,174.07,184.02,1.0
2026-07-22 04:30:00+00:00,173.71,183.39,1.0
2026-07-22 04:35:00+00:00,173.37,183.05,1.0
2026-07-22 04:40:00+00:00,173.41,183.12,1.0
2026-07-22 04:45:00+00:00,173.08,182.69,1.0
2026-07-22 04:50:00+00:00,172.77,182.1,1.0
2026-07-22 04:55:00+00:00,172.97,182.6,1.0
2026-07-22 05:00:00+00:00,172.25,181.66,1.0
2026-07-22 05:05:00+00:00,171.68,180.67,1.0
2026-07-22 05:10:00+00:00,171.54,180.32,1.0
2026-07-22 05:15:00+00:00,171.22,180.3,1.0
2026-07-22 05:20:00+00:00,170.69,179.32,1.0
2026-07-22 05:25:00+00:00,170.36,178.67,1.0
2026-07-22 05:30:00+00:00,171.17,180.07,1.0
2026-07-22 05:35:00+00:00,170.45,178.71,1.0
2026-07-22 05:40:00+00:00,169.86,177.9,1.0
2026-07-22 05:45:00+00:00,169.73,177.81,1.0
2026-07-22 05:50:00+00:00,169.82,178.26,1.0
2026-07-22 05:55:00+00:00,170.23,179.11,1.0
2026-07-22 06:00:00+00:00,169.37,177.45,1.0
2026-07-22 06:05:00+00:00,168.99,176.95,1.0
2026-07-22 06:10:00+00:00,169.24,177.98,1.0
2026-07-22 06:15:00+00:00,168.62,176.68,1.0
2026-07-22 06:20:00+00:00,168.52,176.86,1.0
2026-07-22 06:25:00+00:00,168.49,176.93,1.0
2026-07-22 06:30:00+00:00,168.41,176.95,1.0
2026-07-22 06:35:00+00:00,168.79,177.45,1.0
2026-07-22 06:40:00+00:00,168.94,177.57,1.0
2026-07-22 06:45:00+00:00,168.71,177.52,1.0
2026-07-22 06:50:00+00:00,168.9,177.99,1.0
2026-07-22 06:55:00+00:00,169.21,178.15,1.0
2026-07-22 07:00:00+00:00,168.62,177.2,1.0
2026-07-22 07:05:00+00:00,168.59,177.08,1.0
2026-07-22 07:10:00+00:00,168.84,177.4,1.0
2026-07-22 07:15:00+00:00,168.92,177.49,1.0
2026-07-22 07:20:00+00:00,168.89,177.25,1.0
2026-07-22 07:25:00+00:00,168.99,177.9,1.0
2026-07-22 07:30:00+00:00,168.49,177.24,1.0
2026-07-22 07:35:00+00:00,168.36,176.98,1.0
2026-07-22 07:40:00+00:00,168.45,176.87,1.0
2026-07-22 07:45:00+00:00,168.24,176.85,1.0
2026-07-22 07:50:00+00:00,168.23,176.88,1.0
2026-07-22 07:55:00+00:00,168.21,176.78,1.0
2026-07-22 08:00:00+00:00,168.36,176.8,1.0
2026-07-22 08:05:00+00:00,168.38,176.87,1.0
2026-07-22 08:10:00+00:00,168.02,176.56,1.0
2026-07-22 08:15:00+00:00,167.97,176.49,1.0
2026-07-22 08:20:00+00:00,168.34,176.76,1.0
2026-07-22 08:25:00+00:00,168.38,176.81,1.0
2026-07-22 08:30:00+00:00,168.49,176.97,1.0
2026-07-22 08:35:00+00:00,168.26,176.62,1.0
2026-07-22 08:40:00+00:00,168.18,176.49,1.0
2026-07-22 08:45:00+00:00,168.16,176.41,1.0
2026-07-22 08:50:00+00:00,168.24,176.27,1.0
2026-07-22 08:55:00+00:00,168.17,176.25,1.0
2026-07-22 09:00:00+00:00,168.3,176.34,1.0
2026-07-22 09:05:00+00:00,168.88,177.23,1.0
2026-07-22 09:10:00+00:00,168.79,176.93,1.0
2026-07-22 09:15:00+00:00,168.79,176.95,1.0
2026-07-22 09:20:00+00:00,168.81,177.03,1.0
2026-07-22 09:25:00+00:00,168.52,176.75,1.0
2026-07-22 09:30:00+00:00,168.03,176.24,1.0
2026-07-22 09:35:00+00:00,167.97,176.16,1.0
2026-07-22 09:40:00+00:00,168.01,176.13,1.0
2026-07-22 09:45:00+00:00,168.05,176.25,1.0
2026-07-22 09:50:00+00:00,167.83,176.07,1.0
2026-07-22 09:55:00+00:00,168.17,176.33,1.0
2026-07-22 10:00:00+00:00,168.4,176.71,1.0
2026-07-22 10:05:00+00:00,168.48,177.1,1.0
2026-07-22 10:10:00+00:00,168.43,176.89,1.0
2026-07-22 10:15:00+00:00,168.63,176.92,1.0
2026-07-22 10:20:00+00:00,168.99,177.36,1.0
2026-07-22 10:25:00+00:00,169.04,177.53,1.0
2026-07-22 10:30:00+00:00,168.8,177.18,1.0
2026-07-22 10:35:00+00:00,168.51,176.69,1.0
2026-07-22 10:40:00+00:00,168.49,176.6,1.0
2026-07-22 10:45:00+00:00,168.81,176.84,1.0
2026-07-22 10:50:00+00:00,168.73,176.9,1.0
2026-07-22 10:55:00+00:00,168.54,176.73,1.0
2026-07-22 11:00:00+00:00,168.47,176.63,1.0
2026-07-22 11:05:00+00:00,168.37,176.47,1.0
2026-07-22 11:10:00+00:00,168.24,177.23,1.0
2026-07-22 11:15:00+00:00,168.04,176.82,1.0
2026-07-22 11:20:00+00:00,168.19,176.85,1.0
2026-07-22 11:25:00+00:00,167.95,176.59,1.0
2026-07-22 11:30:00+00:00,167.94,176.2,1.0
2026-07-22 11:35:00+00:00,167.49,175.7,1.0
2026-07-22 11:40:00+00:00,166.54,174.49,1.0
2026-07-22 11:45:00+00:00,167.09,176.46,1.0
2026-07-22 11:50:00+00:00,167.21,175.78,1.0
2026-07-22 11:55:00+00:00,167.08,175.64,1.0
2026-07-22 12:00:00+00:00,166.7,175.38,1.0
2026-07-22 12:05:00+00:00,166.71,175.34,1.0
2026-07-22 12:10:00+00:00,166.98,175.43,1.0
2026-07-22 12:15:00+00:00,166.76,175.29,1.0
2026-07-22 12:20:00+00:00,166.36,174.61,1.0
2026-07-22 12:25:00+00:00,166.99,175.56,1.0
2026-07-22 12:30:00+00:00,167.38,177.0,1.0
2026-07-22 12:35:00+00:00,167.25,177.31,1.0
2026-07-22 12:40:00+00:00,167.33,177.31,1.0
2026-07-22 12:45:00+00:00,167.01,177.2,1.0
2026-07-22 12:50:00+00:00,167.38,176.72,1.0
2026-07-22 12:55:00+00:00,166.91,175.8,1.0
2026-07-22 13:00:00+00:00,167.17,175.94,1.0
2026-07-22 13:05:00+00:00,167.47,177.16,1.0
2026-07-22 13:10:00+00:00,167.47,177.06,1.0
2026-07-22 13:15:00+00:00,167.91,177.02,1.0
2026-07-22 13:20:00+00:00,168.16,177.68,1.0
2026-07-22 13:25:00+00:00,168.08,176.83,1.0
2026-07-22 13:30:00+00:00,169.42,178.5,1.0
2026-07-22 13:35:00+00:00,169.89,179.2,1.0
2026-07-22 13:40:00+00:00,170.27,179.91,1.0
2026-07-22 13:45:00+00:00,169.83,179.09,1.0
2026-07-22 13:50:00+00:00,170.82,180.11,1.0
2026-07-22 13:55:00+00:00,171.26,180.72,1.0
2026-07-22 14:00:00+00:00,171.16,180.45,1.0
2026-07-22 14:05:00+00:00,170.73,179.83,1.0
2026-07-22 14:10:00+00:00,171.42,180.73,1.0
2026-07-22 14:15:00+00:00,171.6,181.28,1.0
2026-07-22 14:20:00+00:00,171.41,180.78,1.0
2026-07-22 14:25:00+00:00,171.28,180.79,1.0
2026-07-22 14:30:00+00:00,171.16,180.62,1.0
2026-07-22 14:35:00+00:00,170.88,180.19,1.0
2026-07-22 14:40:00+00:00,170.35,179.7,1.0
2026-07-22 14:45:00+00:00,170.93,180.44,1.0
2026-07-22 14:50:00+00:00,170.34,179.77,1.0
2026-07-22 14:55:00+00:00,170.56,180.23,1.0
2026-07-22 15:00:00+00:00,171.13,180.83,1.0
2026-07-22 15:05:00+00:00,171.53,181.26,1.0
2026-07-22 15:10:00+00:00,171.75,181.47,1.0
2026-07-22 15:15:00+00:00,171.6,181.43,1.0
2026-07-22 15:20:00+00:00,171.59,181.42,1.0
2026-07-22 15:25:00+00:00,171.76,181.21,1.0
2026-07-22 15:30:00+00:00,171.22,180.54,1.0
2026-07-22 15:35:00+00:00,171.23,180.66,1.0
2026-07-22 15:40:00+00:00,171.28,180.51,1.0
2026-07-22 15:45:00+00:00,171.58,180.81,1.0
2026-07-22 15:50:00+00:00,171.52,180.83,1.0
2026-07-22 15:55:00+00:00,171.74,181.05,1.0
2026-07-22 16:00:00+00:00,171.58,181.12,1.0
2026-07-22 16:05:00+00:00,171.8,181.43,1.0
2026-07-22 16:10:00+00:00,171.89,181.75,1.0
2026-07-22 16:15:00+00:00,171.75,181.55,1.0
2026-07-22 16:20:00+00:00,171.37,181.12,1.0
2026-07-22 16:25:00+00:00,171.6,181.19,1.0
2026-07-22 16:30:00+00:00,171.79,181.7,1.0
2026-07-22 16:35:00+00:00,171.49,181.29,1.0
2026-07-22 16:40:00+00:00,171.25,180.37,1.0
2026-07-22 16:45:00+00:00,171.2,180.66,1.0
2026-07-22 16:50:00+00:00,171.43,181.0,1.0
2026-07-22 16:55:00+00:00,171.71,181.24,1.0
2026-07-22 17:00:00+00:00,171.54,181.3,1.0
2026-07-22 17:05:00+00:00,171.78,181.46,1.0
2026-07-22 17:10:00+00:00,171.57,181.23,1.0
2026-07-22 17:15:00+00:00,171.59,181.42,1.0
2026-07-22 17:20:00+00:00,171.75,181.61,1.0
2026-07-22 17:25:00+00:00,171.49,181.36,1.0
2026-07-22 17:30:00+00:00,171.22,180.95,1.0
2026-07-22 17:35:00+00:00,171.32,180.93,1.0
2026-07-22 17:40:00+00:00,171.06,181.04,1.0
2026-07-22 17:45:00+00:00,170.84,180.79,1.0
2026-07-22 17:50:00+00:00,170.59,180.6,1.0
2026-07-22 17:55:00+00:00,170.47,180.39,1.0
2026-07-22 18:00:00+00:00,170.52,180.45,1.0
2026-07-22 18:05:00+00:00,170.34,180.35,1.0
2026-07-22 18:10:00+00:00,170.2,179.95,1.0
2026-07-22 18:15:00+00:00,170.2,179.98,1.0
2026-07-22 18:20:00+00:00,170.34,180.06,1.0
2026-07-22 18:25:00+00:00,170.33,179.99,1.0
2026-07-22 18:30:00+00:00,169.99,179.36,1.0
2026-07-22 18:35:00+00:00,170.21,179.72,1.0
2026-07-22 18:40:00+00:00,170.2,179.78,1.0
2026-07-22 18:45:00+00:00,170.19,179.88,1.0
2026-07-22 18:50:00+00:00,170.61,180.21,1.0
2026-07-22 18:55:00+00:00,170.72,180.28,1.0
2026-07-22 19:00:00+00:00,170.66,180.58,1.0
2026-07-22 19:05:00+00:00,170.36,180.4,1.0
2026-07-22 19:10:00+00:00,170.02,180.02,1.0
2026-07-22 19:15:00+00:00,170.4,180.33,1.0
2026-07-22 19:20:00+00:00,170.52,180.61,1.0
2026-07-22 19:25:00+00:00,170.51,180.58,1.0
2026-07-22 19:30:00+00:00,170.41,180.51,1.0
2026-07-22 19:35:00+00:00,170.17,179.95,1.0
2026-07-22 19:40:00+00:00,170.2,180.02,1.0
2026-07-22 19:45:00+00:00,170.38,180.2,1.0
2026-07-22 19:50:00+00:00,170.42,179.95,1.0
2026-07-22 19:55:00+00:00,170.53,179.64,1.0
2026-07-22 20:00:00+00:00,170.66,179.77,1.0
2026-07-22 20:05:00+00:00,170.33,178.92,1.0
2026-07-22 20:10:00+00:00,171.89,181.0,1.0
2026-07-22 20:15:00+00:00,172.11,181.61,1.0
2026-07-22 20:20:00+00:00,172.29,181.62,1.0
2026-07-22 20:25:00+00:00,171.97,181.24,1.0
2026-07-22 20:30:00+00:00,172.11,181.52,1.0
2026-07-22 20:35:00+00:00,171.86,181.23,1.0
2026-07-22 20:40:00+00:00,171.34,180.62,1.0
2026-07-22 20:45:00+00:00,171.18,180.65,1.0
2026-07-22 20:50:00+00:00,171.55,181.26,1.0
2026-07-22 20:55:00+00:00,171.63,181.3,1.0
2026-07-22 21:00:00+00:00,173.05,183.12,1.0
2026-07-22 21:05:00+00:00,174.33,185.4,1.0
2026-07-22 21:10:00+00:00,173.93,184.63,1.0
2026-07-22 21:15:00+00:00,173.28,183.59,1.0
2026-07-22 21:20:00+00:00,173.79,183.99,1.0
2026-07-22 21:25:00+00:00,174.04,183.93,1.0
2026-07-22 21:30:00+00:00,174.03,184.08,1.0
2026-07-22 21:35:00+00:00,173.57,183.85,1.0
2026-07-22 21:40:00+00:00,173.69,184.66,1.0
2026-07-22 21:45:00+00:00,173.08,183.88,1.0
2026-07-22 21:50:00+00:00,172.61,183.18,1.0
2026-07-22 21:55:00+00:00,172.88,183.3,1.0
2026-07-22 22:00:00+00:00,172.53,183.18,1.0
2026-07-22 22:05:00+00:00,172.49,182.93,1.0
2026-07-22 22:10:00+00:00,172.63,183.0,1.0
2026-07-22 22:15:00+00:00,172.48,182.87,1.0
2026-07-22 22:20:00+00:00,172.31,182.6,1.0
2026-07-22 22:25:00+00:00,172.15,182.5,1.0
2026-07-22 22:30:00+00:00,172.06,182.32,1.0
2026-07-22 22:35:00+00:00,171.57,181.72,1.0
2026-07-22 22:40:00+00:00,171.28,181.5,1.0
2026-07-22 22:45:00+00:00,171.59,181.73,1.0
2026-07-22 22:50:00+00:00,171.65,181.91,1.0
2026-07-22 22:55:00+00:00,171.61,181.62,1.0
2026-07-22 23:00:00+00:00,171.28,181.62,1.0
2026-07-22 23:05:00+00:00,171.09,181.07,1.0
2026-07-22 23:10:00+00:00,171.15,181.56,1.0
2026-07-22 23:15:00+00:00,171.02,181.73,1.0
2026-07-22 23:20:00+00:00,171.46,181.92,1.0
2026-07-22 23:25:00+00:00,171.95,182.5,1.0
2026-07-22 23:30:00+00:00,171.99,182.51,1.0
2026-07-22 23:35:00+00:00,171.71,181.9,1.0
2026-07-22 23:40:00+00:00,171.76,181.92,1.0
2026-07-22 23:45:00+00:00,172.23,181.68,1.0
2026-07-22 23:50:00+00:00,172.68,181.73,1.0
2026-07-22 23:55:00+00:00,172.87,182.57,1.0
2026-07-23 00:00:00+00:00,173.02,182.61,1.0
2026-07-23 00:05:00+00:00,173.43,183.25,1.0
2026-07-23 00:10:00+00:00,174.12,185.11,1.0
2026-07-23 00:15:00+00:00,174.6,184.58,1.0
2026-07-23 00:20:00+00:00,173.95,183.53,1.0
2026-07-23 00:25:00+00:00,174.13,183.45,1.0
2026-07-23 00:30:00+00:00,173.97,183.23,1.0
2026-07-23 00:35:00+00:00,174.01,183.17,1.0
2026-07-23 00:40:00+00:00,174.55,183.65,1.0
2026-07-23 00:45:00+00:00,175.12,184.58,1.0
2026-07-23 00:50:00+00:00,174.6,183.95,1.0
2026-07-23 00:55:00+00:00,175.04,184.42,1.0
2026-07-23 01:00:00+00:00,175.27,184.75,1.0
2026-07-23 01:05:00+00:00,175.74,185.22,1.0
2026-07-23 01:10:00+00:00,175.95,185.45,1.0
2026-07-23 01:15:00+00:00,175.17,184.4,1.0
2026-07-23 01:20:00+00:00,174.8,184.01,1.0
2026-07-23 01:25:00+00:00,174.95,184.04,1.0
2026-07-23 01:30:00+00:00,175.18,184.34,1.0
2026-07-23 01:35:00+00:00,175.11,184.1,1.0
2026-07-23 01:40:00+00:00,174.72,183.8,1.0
2026-07-23 01:45:00+00:00,174.09,183.11,1.0
2026-07-23 01:50:00+00:00,174.77,183.95,1.0
2026-07-23 01:55:00+00:00,173.7,182.64,1.0
2026-07-23 02:00:00+00:00,174.66,183.59,1.0
2026-07-23 02:05:00+00:00,174.11,183.02,1.0
2026-07-23 02:10:00+00:00,173.52,182.08,1.0
2026-07-23 02:15:00+00:00,173.64,182.25,1.0
2026-07-23 02:20:00+00:00,172.89,181.23,1.0
2026-07-23 02:25:00+00:00,172.76,180.65,1.0
2026-07-23 02:30:00+00:00,173.19,181.69,1.0
2026-07-23 02:35:00+00:00,172.38,180.87,1.0
2026-07-23 02:40:00+00:00,172.94,181.62,1.0
2026-07-23 02:45:00+00:00,173.59,182.25,1.0
2026-07-23 02:50:00+00:00,174.22,182.86,1.0
2026-07-23 02:55:00+00:00,174.23,182.88,1.0
2026-07-23 03:00:00+00:00,173.77,182.26,1.0
2026-07-23 03:05:00+00:00,173.24,181.77,1.0
2026-07-23 03:10:00+00:00,173.47,182.19,1.0
2026-07-23 03:15:00+00:00,173.64,181.99,1.0
2026-07-23 03:20:00+00:00,173.73,182.15,1.0
2026-07-23 03:25:00+00:00,174.56,182.73,1.0
2026-07-23 03:30:00+00:00,174.2,182.47,1.0
2026-07-23 03:35:00+00:00,175.07,183.52,1.0
2026-07-23 03:40:00+00:00,175.06,183.44,1.0
2026-07-23 03:45:00+00:00,175.11,183.64,1.0
2026-07-23 03:50:00+00:00,175.45,184.01,1.0
2026-07-23 03:55:00+00:00,175.13,183.65,1.0
2026-07-23 04:00:00+00:00,174.89,183.42,1.0
2026-07-23 04:05:00+00:00,174.72,183.2,1.0
2026-07-23 04:10:00+00:00,175.48,183.91,1.0
2026-07-23 04:15:00+00:00,175.17,183.58,1.0
2026-07-23 04:20:00+00:00,175.91,184.48,1.0
2026-07-23 04:25:00+00:00,176.09,184.66,1.0
2026-07-23 04:30:00+00:00,176.12,184.71,1.0
2026-07-23 04:35:00+00:00,175.8,184.54,1.0
2026-07-23 04:40:00+00:00,175.57,184.32,1.0
2026-07-23 04:45:00+00:00,175.62,184.19,1.0
2026-07-23 04:50:00+00:00,175.36,183.7,1.0
2026-07-23 04:55:00+00:00,175.51,183.79,1.0
2026-07-23 05:00:00+00:00,175.06,183.03,1.0
2026-07-23 05:05:00+00:00,175.18,183.4,1.0
2026-07-23 05:10:00+00:00,174.96,182.93,1.0
2026-07-23 05:15:00+00:00,174.99,182.8,1.0
2026-07-23 05:20:00+00:00,175.67,183.47,1.0
2026-07-23 05:25:00+00:00,176.62,184.72,1.0
2026-07-23 05:30:00+00:00,176.65,184.54,1.0
2026-07-23 05:35:00+00:00,176.14,184.02,1.0
2026-07-23 05:40:00+00:00,176.24,184.12,1.0
2026-07-23 05:45:00+00:00,175.2,182.59,1.0
2026-07-23 05:50:00+00:00,175.18,182.56,1.0
2026-07-23 05:55:00+00:00,175.42,182.8,1.0
2026-07-23 06:00:00+00:00,175.67,183.1,1.0
2026-07-23 06:05:00+00:00,175.29,182.9,1.0
2026-07-23 06:10:00+00:00,176.33,184.18,1.0
2026-07-23 06:15:00+00:00,176.09,184.06,1.0
2026-07-23 06:20:00+00:00,176.26,184.71,1.0
2026-07-23 06:25:00+00:00,176.62,184.82,1.0
2026-07-23 06:30:00+00:00,176.65,184.81,1.0
2026-07-23 06:35:00+00:00,176.47,184.17,1.0
2026-07-23 06:40:00+00:00,176.53,184.55,1.0
2026-07-23 06:45:00+00:00,176.74,184.62,1.0
2026-07-23 06:50:00+00:00,176.59,184.34,1.0
2026-07-23 06:55:00+00:00,176.39,183.75,1.0
2026-07-23 07:00:00+00:00,176.13,183.31,1.0
2026-07-23 07:05:00+00:00,175.92,183.14,1.0
2026-07-23 07:10:00+00:00,175.75,182.82,1.0
2026-07-23 07:15:00+00:00,175.75,183.1,1.0
2026-07-23 07:20:00+00:00,175.63,183.26,1.0
2026-07-23 07:25:00+00:00,175.92,183.43,1.0
2026-07-23 07:30:00+00:00,175.63,183.38,1.0
2026-07-23 07:35:00+00:00,175.7,183.24,1.0
2026-07-23 07:40:00+00:00,175.18,182.99,1.0
2026-07-23 07:45:00+00:00,175.33,182.96,1.0
2026-07-23 07:50:00+00:00,175.26,182.96,1.0
2026-07-23 07:55:00+00:00,175.64,183.26,1.0
2026-07-23 08:00:00+00:00,175.77,183.4,1.0
2026-07-23 08:05:00+00:00,175.98,183.55,1.0
2026-07-23 08:10:00+00:00,175.88,183.59,1.0
2026-07-23 08:15:00+00:00,175.94,183.69,1.0
2026-07-23 08:20:00+00:00,175.92,183.7,1.0
2026-07-23 08:25:00+00:00,176.1,183.84,1.0
2026-07-23 08:30:00+00:00,176.38,183.93,1.0
2026-07-23 08:35:00+00:00,176.18,183.81,1.0
2026-07-23 08:40:00+00:00,176.14,183.98,1.0
2026-07-23 08:45:00+00:00,176.15,184.31,1.0
2026-07-23 08:50:00+00:00,176.49,184.44,1.0
2026-07-23 08:55:00+00:00,176.61,184.74,1.0
2026-07-23 09:00:00+00:00,177.14,185.08,1.0
2026-07-23 09:05:00+00:00,176.8,184.9,1.0
2026-07-23 09:10:00+00:00,176.37,184.62,1.0
2026-07-23 09:15:00+00:00,176.52,184.79,1.0
2026-07-23 09:20:00+00:00,177.05,185.27,1.0
2026-07-23 09:25:00+00:00,176.83,185.26,1.0
2026-07-23 09:30:00+00:00,176.63,185.18,1.0
2026-07-23 09:35:00+00:00,176.84,185.45,1.0
2026-07-23 09:40:00+00:00,176.93,185.45,1.0
2026-07-23 09:45:00+00:00,176.89,185.32,1.0
2026-07-23 09:50:00+00:00,176.81,185.33,1.0
2026-07-23 09:55:00+00:00,176.75,185.23,1.0
2026-07-23 10:00:00+00:00,176.8,185.05,1.0
2026-07-23 10:05:00+00:00,176.56,185.04,1.0
2026-07-23 10:10:00+00:00,176.54,185.12,1.0
2026-07-23 10:15:00+00:00,176.55,185.13,1.0
2026-07-23 10:20:00+00:00,176.67,185.23,1.0
2026-07-23 10:25:00+00:00,176.7,185.5,1.0
2026-07-23 10:30:00+00:00,176.91,185.63,1.0
2026-07-23 10:35:00+00:00,177.15,185.85,1.0
2026-07-23 10:40:00+00:00,177.12,185.86,1.0
2026-07-23 10:45:00+00:00,177.29,185.92,1.0
2026-07-23 10:50:00+00:00,177.3,186.04,1.0
2026-07-23 10:55:00+00:00,177.27,186.02,1.0
2026-07-23 11:00:00+00:00,177.05,185.87,1.0
2026-07-23 11:05:00+00:00,176.78,185.57,1.0
2026-07-23 11:10:00+00:00,177.03,185.79,1.0
2026-07-23 11:15:00+00:00,176.7,184.96,1.0
2026-07-23 11:20:00+00:00,175.85,184.36,1.0
2026-07-23 11:25:00+00:00,175.81,184.45,1.0
2026-07-23 11:30:00+00:00,175.7,184.37,1.0
2026-07-23 11:35:00+00:00,174.98,183.52,1.0
2026-07-23 11:40:00+00:00,174.88,182.98,1.0
2026-07-23 11:45:00+00:00,174.85,182.96,1.0
2026-07-23 11:50:00+00:00,174.89,183.69,1.0
2026-07-23 11:55:00+00:00,174.88,183.65,1.0
2026-07-23 12:00:00+00:00,174.73,183.51,1.0
2026-07-23 12:05:00+00:00,174.24,183.14,1.0
2026-07-23 12:10:00+00:00,174.01,182.86,1.0
2026-07-23 12:15:00+00:00,173.44,182.49,1.0
2026-07-23 12:20:00+00:00,173.17,181.83,1.0
2026-07-23 12:25:00+00:00,173.13,181.69,1.0
2026-07-23 12:30:00+00:00,172.82,181.07,1.0
2026-07-23 12:35:00+00:00,172.12,180.32,1.0
2026-07-23 12:40:00+00:00,171.83,179.91,1.0
2026-07-23 12:45:00+00:00,171.63,179.77,1.0
2026-07-23 12:50:00+00:00,171.91,179.66,1.0
2026-07-23 12:55:00+00:00,172.01,179.64,1.0
2026-07-23 13:00:00+00:00,171.43,178.99,1.0
2026-07-23 13:05:00+00:00,170.52,177.87,1.0
2026-07-23 13:10:00+00:00,170.64,177.74,1.0
2026-07-23 13:15:00+00:00,170.67,177.86,1.0
2026-07-23 13:20:00+00:00,170.81,178.14,1.0
2026-07-23 13:25:00+00:00,171.11,178.68,1.0
2026-07-23 13:30:00+00:00,172.51,180.0,1.0
2026-07-23 13:35:00+00:00,173.9,182.05,1.0
2026-07-23 13:40:00+00:00,174.87,183.66,1.0
2026-07-23 13:45:00+00:00,173.88,182.98,1.0
2026-07-23 13:50:00+00:00,174.24,183.23,1.0
2026-07-23 13:55:00+00:00,172.7,181.36,1.0
2026-07-23 14:00:00+00:00,173.27,182.05,1.0
2026-07-23 14:05:00+00:00,173.13,182.14,1.0
2026-07-23 14:10:00+00:00,173.25,182.23,1.0
2026-07-23 14:15:00+00:00,173.25,182.21,1.0
2026-07-23 14:20:00+00:00,173.51,182.37,1.0
2026-07-23 14:25:00+00:00,174.08,183.14,1.0
2026-07-23 14:30:00+00:00,173.2,182.27,1.0
2026-07-23 14:35:00+00:00,173.82,182.94,1.0
2026-07-23 14:40:00+00:00,172.58,181.67,1.0
2026-07-23 14:45:00+00:00,172.66,181.64,1.0
2026-07-23 14:50:00+00:00,172.05,180.75,1.0
2026-07-23 14:55:00+00:00,172.5,181.37,1.0
2026-07-23 15:00:00+00:00,172.36,180.94,1.0
2026-07-23 15:05:00+00:00,171.66,180.48,1.0
2026-07-23 15:10:00+00:00,171.08,179.7,1.0
2026-07-23 15:15:00+00:00,171.49,180.42,1.0
2026-07-23 15:20:00+00:00,170.79,179.39,1.0
2026-07-23 15:25:00+00:00,169.92,178.17,1.0
2026-07-23 15:30:00+00:00,170.16,178.29,1.0
2026-07-23 15:35:00+00:00,170.94,179.87,1.0
2026-07-23 15:40:00+00:00,170.98,179.9,1.0
2026-07-23 15:45:00+00:00,171.2,180.26,1.0
2026-07-23 15:50:00+00:00,171.78,181.16,1.0
2026-07-23 15:55:00+00:00,172.22,181.28,1.0
2026-07-23 16:00:00+00:00,172.81,182.26,1.0
2026-07-23 16:05:00+00:00,172.26,181.11,1.0
2026-07-23 16:10:00+00:00,172.52,181.14,1.0
2026-07-23 16:15:00+00:00,172.25,180.9,1.0
2026-07-23 16:20:00+00:00,172.95,181.52,1.0
2026-07-23 16:25:00+00:00,173.75,182.81,1.0
2026-07-23 16:30:00+00:00,173.34,182.52,1.0
2026-07-23 16:35:00+00:00,173.85,182.93,1.0
2026-07-23 16:40:00+00:00,173.38,182.51,1.0
2026-07-23 16:45:00+00:00,173.02,181.33,1.0
2026-07-23 16:50:00+00:00,172.54,180.44,1.0
2026-07-23 16:55:00+00:00,172.77,181.02,1.0
2026-07-23 17:00:00+00:00,172.29,180.73,1.0
2026-07-23 17:05:00+00:00,172.63,181.0,1.0
2026-07-23 17:10:00+00:00,172.79,181.22,1.0
2026-07-23 17:15:00+00:00,173.02,181.23,1.0
2026-07-23 17:20:00+00:00,173.46,181.52,1.0
2026-07-23 17:25:00+00:00,173.43,181.54,1.0
2026-07-23 17:30:00+00:00,173.19,181.07,1.0
2026-07-23 17:35:00+00:00,172.73,180.48,1.0
2026-07-23 17:40:00+00:00,172.79,180.84,1.0
2026-07-23 17:45:00+00:00,173.21,181.9,1.0
2026-07-23 17:50:00+00:00,173.03,181.79,1.0
2026-07-23 17:55:00+00:00,172.67,181.43,1.0
2026-07-23 18:00:00+00:00,172.64,181.08,1.0
2026-07-23 18:05:00+00:00,172.59,180.93,1.0
2026-07-23 18:10:00+00:00,172.75,181.33,1.0
2026-07-23 18:15:00+00:00,172.83,181.18,1.0
2026-07-23 18:20:00+00:00,173.27,181.71,1.0
2026-07-23 18:25:00+00:00,173.31,181.66,1.0
2026-07-23 18:30:00+00:00,173.66,181.96,1.0
2026-07-23 18:35:00+00:00,173.23,181.82,1.0
2026-07-23 18:40:00+00:00,172.89,181.26,1.0
2026-07-23 18:45:00+00:00,172.9,181.42,1.0
2026-07-23 18:50:00+00:00,172.37,180.75,1.0
2026-07-23 18:55:00+00:00,172.68,181.27,1.0
2026-07-23 19:00:00+00:00,172.08,180.54,1.0
2026-07-23 19:05:00+00:00,171.82,179.97,1.0
2026-07-23 19:10:00+00:00,171.99,180.13,1.0
2026-07-23 19:15:00+00:00,172.08,180.2,1.0
2026-07-23 19:20:00+00:00,172.71,180.58,1.0
2026-07-23 19:25:00+00:00,173.06,181.48,1.0
2026-07-23 19:30:00+00:00,172.73,181.19,1.0
2026-07-23 19:35:00+00:00,172.7,181.17,1.0
2026-07-23 19:40:00+00:00,172.44,180.72,1.0
2026-07-23 19:45:00+00:00,172.2,180.45,1.0
2026-07-23 19:50:00+00:00,172.82,180.75,1.0
2026-07-23 19:55:00+00:00,173.95,182.21,1.0
2026-07-23 20:00:00+00:00,174.29,183.13,1.0
2026-07-23 20:05:00+00:00,174.42,184.22,1.0
2026-07-23 20:10:00+00:00,174.45,184.05,1.0
2026-07-23 20:15:00+00:00,174.64,184.39,1.0
2026-07-23 20:20:00+00:00,174.51,183.7,1.0
2026-07-23 20:25:00+00:00,174.51,183.53,1.0
2026-07-23 20:30:00+00:00,174.36,183.2,1.0
2026-07-23 20:35:00+00:00,174.49,183.26,1.0
2026-07-23 20:40:00+00:00,174.31,183.06,1.0
2026-07-23 20:45:00+00:00,174.39,183.08,1.0
2026-07-23 20:50:00+00:00,174.41,183.27,1.0
2026-07-23 20:55:00+00:00,174.4,183.13,1.0
2026-07-23 21:00:00+00:00,174.73,183.32,1.0
2026-07-23 21:05:00+00:00,174.31,183.19,1.0
2026-07-23 21:10:00+00:00,173.73,182.63,1.0
2026-07-23 21:15:00+00:00,173.42,182.14,1.0
2026-07-23 21:20:00+00:00,173.74,182.25,1.0
2026-07-23 21:25:00+00:00,173.54,182.06,1.0
2026-07-23 21:30:00+00:00,173.66,182.12,1.0
2026-07-23 21:35:00+00:00,173.61,182.07,1.0
2026-07-23 21:40:00+00:00,173.58,182.48,1.0
2026-07-23 21:45:00+00:00,173.58,182.24,1.0
2026-07-23 21:50:00+00:00,173.35,181.96,1.0
2026-07-23 21:55:00+00:00,173.41,181.92,1.0
2026-07-23 22:00:00+00:00,172.5,181.35,1.0
2026-07-23 22:05:00+00:00,172.6,180.91,1.0
2026-07-23 22:10:00+00:00,172.4,179.98,1.0
2026-07-23 22:15:00+00:00,172.44,180.13,1.0
2026-07-23 22:20:00+00:00,172.69,180.4,1.0
2026-07-23 22:25:00+00:00,172.66,180.48,1.0
2026-07-23 22:30:00+00:00,172.54,180.84,1.0
2026-07-23 22:35:00+00:00,172.7,180.82,1.0
2026-07-23 22:40:00+00:00,173.01,181.09,1.0
2026-07-23 22:45:00+00:00,173.1,181.11,1.0
2026-07-23 22:50:00+00:00,173.25,181.31,1.0
2026-07-23 22:55:00+00:00,173.03,181.38,1.0
2026-07-23 23:00:00+00:00,173.28,181.76,1.0
2026-07-23 23:05:00+00:00,173.21,181.9,1.0
2026-07-23 23:10:00+00:00,173.34,182.26,1.0
2026-07-23 23:15:00+00:00,173.43,182.14,1.0
2026-07-23 23:20:00+00:00,173.44,182.08,1.0
2026-07-23 23:25:00+00:00,173.29,181.85,1.0
2026-07-23 23:30:00+00:00,173.03,181.56,1.0
2026-07-23 23:35:00+00:00,172.78,181.51,1.0
2026-07-23 23:40:00+00:00,173.16,181.56,1.0
2026-07-23 23:45:00+00:00,173.02,180.93,1.0
2026-07-23 23:50:00+00:00,172.76,180.78,1.0
2026-07-23 23:55:00+00:00,173.07,181.35,1.0
2026-07-24 00:00:00+00:00,172.72,180.1,1.0
2026-07-24 00:05:00+00:00,172.46,179.46,1.0
2026-07-24 00:10:00+00:00,171.65,178.4,1.0
2026-07-24 00:15:00+00:00,171.26,177.62,1.0
2026-07-24 00:20:00+00:00,172.02,178.59,1.0
2026-07-24 00:25:00+00:00,170.88,176.6,1.0
2026-07-24 00:30:00+00:00,170.36,176.12,1.0
2026-07-24 00:35:00+00:00,170.61,176.21,1.0
2026-07-24 00:40:00+00:00,171.0,176.63,1.0
2026-07-24 00:45:00+00:00,171.03,176.25,1.0
2026-07-24 00:50:00+00:00,171.51,176.71,1.0
2026-07-24 00:55:00+00:00,171.95,176.79,1.0
2026-07-24 01:00:00+00:00,172.91,178.1,1.0
2026-07-24 01:05:00+00:00,172.7,178.19,1.0
2026-07-24 01:10:00+00:00,171.96,177.1,1.0
2026-07-24 01:15:00+00:00,172.24,177.93,1.0
2026-07-24 01:20:00+00:00,171.8,177.38,1.0
2026-07-24 01:25:00+00:00,172.18,177.8,1.0
2026-07-24 01:30:00+00:00,172.7,178.18,1.0
2026-07-24 01:35:00+00:00,172.14,177.51,1.0
2026-07-24 01:40:00+00:00,172.37,177.78,1.0
2026-07-24 01:45:00+00:00,171.76,177.11,1.0
2026-07-24 01:50:00+00:00,171.74,176.98,1.0
2026-07-24 01:55:00+00:00,171.08,176.05,1.0
2026-07-24 02:00:00+00:00,170.7,175.47,1.0
2026-07-24 02:05:00+00:00,170.83,175.68,1.0
2026-07-24 02:10:00+00:00,170.75,175.51,1.0
2026-07-24 02:15:00+00:00,169.87,174.84,1.0
2026-07-24 02:20:00+00:00,169.89,174.65,1.0
2026-07-24 02:25:00+00:00,169.67,174.23,1.0
2026-07-24 02:30:00+00:00,169.19,173.68,1.0
2026-07-24 02:35:00+00:00,168.66,173.0,1.0
2026-07-24 02:40:00+00:00,168.1,171.64,1.0
2026-07-24 02:45:00+00:00,167.58,170.81,1.0
2026-07-24 02:50:00+00:00,167.21,170.64,1.0
2026-07-24 02:55:00+00:00,167.13,170.31,1.0
2026-07-24 03:00:00+00:00,167.65,170.75,1.0
2026-07-24 03:05:00+00:00,167.43,170.16,1.0
2026-07-24 03:10:00+00:00,167.72,170.47,1.0
2026-07-24 03:15:00+00:00,167.51,170.48,1.0
2026-07-24 03:20:00+00:00,167.85,171.21,1.0
2026-07-24 03:25:00+00:00,168.06,171.79,1.0
2026-07-24 03:30:00+00:00,167.82,171.17,1.0
2026-07-24 03:35:00+00:00,168.18,171.58,1.0
2026-07-24 03:40:00+00:00,168.09,171.39,1.0
2026-07-24 03:45:00+00:00,167.77,170.81,1.0
2026-07-24 03:50:00+00:00,167.53,170.34,1.0
2026-07-24 03:55:00+00:00,167.11,170.13,1.0
2026-07-24 04:00:00+00:00,167.09,170.32,1.0
2026-07-24 04:05:00+00:00,168.24,171.54,1.0
2026-07-24 04:10:00+00:00,167.2,170.14,1.0
2026-07-24 04:15:00+00:00,167.76,170.86,1.0
2026-07-24 04:20:00+00:00,168.12,171.4,1.0
2026-07-24 04:25:00+00:00,168.58,171.76,1.0
2026-07-24 04:30:00+00:00,168.32,171.46,1.0
2026-07-24 04:35:00+00:00,167.83,170.64,1.0
2026-07-24 04:40:00+00:00,167.66,170.18,1.0
2026-07-24 04:45:00+00:00,167.26,169.82,1.0
2026-07-24 04:50:00+00:00,167.87,170.75,1.0
2026-07-24 04:55:00+00:00,168.37,171.63,1.0
2026-07-24 05:00:00+00:00,168.26,171.36,1.0
2026-07-24 05:05:00+00:00,168.96,172.22,1.0
2026-07-24 05:10:00+00:00,169.61,172.96,1.0
2026-07-24 05:15:00+00:00,168.94,172.11,1.0
2026-07-24 05:20:00+00:00,169.2,172.47,1.0
2026-07-24 05:25:00+00:00,168.82,172.11,1.0
2026-07-24 05:30:00+00:00,169.16,173.08,1.0
2026-07-24 05:35:00+00:00,169.34,173.24,1.0
2026-07-24 05:40:00+00:00,169.06,173.13,1.0
2026-07-24 05:45:00+00:00,168.74,172.79,1.0
2026-07-24 05:50:00+00:00,167.92,172.0,1.0
2026-07-24 05:55:00+00:00,167.95,172.02,1.0
2026-07-24 06:00:00+00:00,167.18,170.89,1.0
2026-07-24 06:05:00+00:00,167.22,170.93,1.0
2026-07-24 06:10:00+00:00,167.45,170.97,1.0
2026-07-24 06:15:00+00:00,167.84,171.25,1.0
2026-07-24 06:20:00+00:00,167.83,170.82,1.0
2026-07-24 06:25:00+00:00,167.54,170.55,1.0
2026-07-24 06:30:00+00:00,167.86,171.1,1.0
2026-07-24 06:35:00+00:00,167.92,171.05,1.0
2026-07-24 06:40:00+00:00,167.79,171.54,1.0
2026-07-24 06:45:00+00:00,167.69,171.52,1.0
2026-07-24 06:50:00+00:00,168.05,171.65,1.0
2026-07-24 06:55:00+00:00,168.23,171.9,1.0
2026-07-24 07:00:00+00:00,168.73,172.49,1.0
2026-07-24 07:05:00+00:00,168.96,172.41,1.0
2026-07-24 07:10:00+00:00,169.13,172.78,1.0
2026-07-24 07:15:00+00:00,169.27,172.77,1.0
2026-07-24 07:20:00+00:00,169.22,172.75,1.0
2026-07-24 07:25:00+00:00,169.18,172.85,1.0
2026-07-24 07:30:00+00:00,169.13,172.93,1.0
2026-07-24 07:35:00+00:00,169.06,172.68,1.0
2026-07-24 07:40:00+00:00,169.09,172.67,1.0
2026-07-24 07:45:00+00:00,169.32,172.72,1.0
2026-07-24 07:50:00+00:00,169.44,172.79,1.0
2026-07-24 07:55:00+00:00,169.36,172.68,1.0
2026-07-24 08:00:00+00:00,168.91,172.35,1.0
2026-07-24 08:05:00+00:00,168.79,172.28,1.0
2026-07-24 08:10:00+00:00,168.76,172.19,1.0
2026-07-24 08:15:00+00:00,169.05,172.41,1.0
2026-07-24 08:20:00+00:00,168.89,172.26,1.0
2026-07-24 08:25:00+00:00,169.35,172.55,1.0
2026-07-24 08:30:00+00:00,169.53,172.78,1.0
2026-07-24 08:35:00+00:00,169.38,172.94,1.0
2026-07-24 08:40:00+00:00,169.31,172.97,1.0
2026-07-24 08:45:00+00:00,169.16,172.68,1.0
2026-07-24 08:50:00+00:00,169.23,172.63,1.0
2026-07-24 08:55:00+00:00,169.11,172.61,1.0
2026-07-24 09:00:00+00:00,169.2,172.98,1.0
2026-07-24 09:05:00+00:00,169.89,173.47,1.0
2026-07-24 09:10:00+00:00,169.43,173.17,1.0
2026-07-24 09:15:00+00:00,169.39,173.01,1.0
2026-07-24 09:20:00+00:00,169.32,173.05,1.0
2026-07-24 09:25:00+00:00,169.47,172.95,1.0
2026-07-24 09:30:00+00:00,169.66,173.07,1.0
2026-07-24 09:35:00+00:00,169.78,173.29,1.0
2026-07-24 09:40:00+00:00,169.82,173.46,1.0
2026-07-24 09:45:00+00:00,169.88,173.48,1.0
2026-07-24 09:50:00+00:00,169.92,173.52,1.0
2026-07-24 09:55:00+00:00,170.17,173.84,1.0
2026-07-24 10:00:00+00:00,169.99,173.72,1.0
2026-07-24 10:05:00+00:00,169.96,173.36,1.0
2026-07-24 10:10:00+00:00,169.88,173.39,1.0
2026-07-24 10:15:00+00:00,170.06,173.44,1.0
2026-07-24 10:20:00+00:00,170.03,173.52,1.0
2026-07-24 10:25:00+00:00,170.21,173.12,1.0
2026-07-24 10:30:00+00:00,170.14,173.2,1.0
2026-07-24 10:35:00+00:00,169.75,173.04,1.0
2026-07-24 10:40:00+00:00,169.7,173.15,1.0
2026-07-24 10:45:00+00:00,169.62,172.94,1.0
2026-07-24 10:50:00+00:00,169.42,172.85,1.0
2026-07-24 10:55:00+00:00,169.57,172.95,1.0
2026-07-24 11:00:00+00:00,170.29,174.02,1.0
2026-07-24 11:05:00+00:00,170.04,173.9,1.0
2026-07-24 11:10:00+00:00,170.41,174.21,1.0
2026-07-24 11:15:00+00:00,170.29,174.21,1.0
2026-07-24 11:20:00+00:00,170.31,174.27,1.0
2026-07-24 11:25:00+00:00,170.21,173.98,1.0
2026-07-24 11:30:00+00:00,170.04,173.63,1.0
2026-07-24 11:35:00+00:00,169.93,173.78,1.0
2026-07-24 11:40:00+00:00,169.77,173.68,1.0
2026-07-24 11:45:00+00:00,169.63,173.57,1.0
2026-07-24 11:50:00+00:00,169.64,173.64,1.0
2026-07-24 11:55:00+00:00,170.58,174.79,1.0
2026-07-24 12:00:00+00:00,170.33,174.39,1.0
2026-07-24 12:05:00+00:00,170.74,174.75,1.0
2026-07-24 12:10:00+00:00,170.94,175.24,1.0
2026-07-24 12:15:00+00:00,170.99,175.27,1.0
2026-07-24 12:20:00+00:00,171.07,175.28,1.0
2026-07-24 12:25:00+00:00,170.86,175.38,1.0
2026-07-24 12:30:00+00:00,170.53,175.03,1.0
2026-07-24 12:35:00+00:00,170.66,175.04,1.0
2026-07-24 12:40:00+00:00,170.17,174.46,1.0
2026-07-24 12:45:00+00:00,169.99,174.21,1.0
2026-07-24 12:50:00+00:00,169.6,173.89,1.0
2026-07-24 12:55:00+00:00,169.04,173.54,1.0
2026-07-24 13:00:00+00:00,169.09,173.65,1.0
2026-07-24 13:05:00+00:00,168.8,173.05,1.0
2026-07-24 13:10:00+00:00,169.11,173.43,1.0
2026-07-24 13:15:00+00:00,169.35,173.52,1.0
2026-07-24 13:20:00+00:00,169.47,173.61,1.0
2026-07-24 13:25:00+00:00,168.47,172.57,1.0
2026-07-24 13:30:00+00:00,168.78,173.06,1.0
2026-07-24 13:35:00+00:00,167.79,171.58,1.0
2026-07-24 13:40:00+00:00,167.06,170.43,1.0
2026-07-24 13:45:00+00:00,167.08,169.65,1.0
2026-07-24 13:50:00+00:00,164.98,167.11,1.0
2026-07-24 13:55:00+00:00,165.02,166.96,1.0
2026-07-24 14:00:00+00:00,164.66,166.29,1.0
2026-07-24 14:05:00+00:00,165.83,167.37,1.0
2026-07-24 14:10:00+00:00,166.0,168.0,1.0
2026-07-24 14:15:00+00:00,164.64,166.33,1.0
2026-07-24 14:20:00+00:00,165.8,167.31,1.0
2026-07-24 14:25:00+00:00,165.85,168.24,1.0
2026-07-24 14:30:00+00:00,164.44,166.5,1.0
2026-07-24 14:35:00+00:00,164.14,165.87,1.0
2026-07-24 14:40:00+00:00,164.43,166.45,1.0
2026-07-24 14:45:00+00:00,165.2,167.18,1.0
2026-07-24 14:50:00+00:00,165.43,167.69,1.0
2026-07-24 14:55:00+00:00,166.22,168.97,1.0
2026-07-24 15:00:00+00:00,165.7,168.44,1.0
2026-07-24 15:05:00+00:00,165.72,168.16,1.0
2026-07-24 15:10:00+00:00,167.41,169.94,1.0
2026-07-24 15:15:00+00:00,166.91,169.37,1.0
2026-07-24 15:20:00+00:00,167.18,169.48,1.0
2026-07-24 15:25:00+00:00,166.98,169.49,1.0
2026-07-24 15:30:00+00:00,166.55,169.22,1.0
2026-07-24 15:35:00+00:00,167.44,170.7,1.0
2026-07-24 15:40:00+00:00,166.76,170.26,1.0
2026-07-24 15:45:00+00:00,166.75,170.17,1.0
2026-07-24 15:50:00+00:00,167.15,170.3,1.0
2026-07-24 15:55:00+00:00,167.61,170.67,1.0
2026-07-24 16:00:00+00:00,167.61,170.64,1.0
2026-07-24 16:05:00+00:00,167.6,170.34,1.0
2026-07-24 16:10:00+00:00,166.95,169.56,1.0
2026-07-24 16:15:00+00:00,166.62,169.24,1.0
2026-07-24 16:20:00+00:00,166.82,169.39,1.0
2026-07-24 16:25:00+00:00,166.67,169.14,1.0
2026-07-24 16:30:00+00:00,166.38,169.12,1.0
2026-07-24 16:35:00+00:00,165.95,168.73,1.0
2026-07-24 16:40:00+00:00,165.63,168.66,1.0
2026-07-24 16:45:00+00:00,165.31,168.17,1.0
2026-07-24 16:50:00+00:00,165.26,167.99,1.0
2026-07-24 16:55:00+00:00,165.51,168.06,1.0
2026-07-24 17:00:00+00:00,165.33,168.19,1.0
2026-07-24 17:05:00+00:00,164.84,167.52,1.0
2026-07-24 17:10:00+00:00,165.08,167.65,1.0
2026-07-24 17:15:00+00:00,165.61,168.08,1.0
2026-07-24 17:20:00+00:00,165.82,168.37,1.0
2026-07-24 17:25:00+00:00,166.08,168.54,1.0
2026-07-24 17:30:00+00:00,166.33,168.84,1.0
2026-07-24 17:35:00+00:00,165.6,168.19,1.0
2026-07-24 17:40:00+00:00,165.42,167.86,1.0
2026-07-24 17:45:00+00:00,165.56,167.97,1.0
2026-07-24 17:50:00+00:00,165.69,168.13,1.0
2026-07-24 17:55:00+00:00,165.56,167.89,1.0
2026-07-24 18:00:00+00:00,165.54,167.83,1.0
2026-07-24 18:05:00+00:00,165.56,167.69,1.0
2026-07-24 18:10:00+00:00,165.12,167.28,1.0
2026-07-24 18:15:00+00:00,164.57,166.46,1.0
2026-07-24 18:20:00+00:00,164.59,166.25,1.0
2026-07-24 18:25:00+00:00,164.25,166.01,1.0
2026-07-24 18:30:00+00:00,164.02,165.86,1.0
2026-07-24 18:35:00+00:00,163.9,165.57,1.0
2026-07-24 18:40:00+00:00,163.64,165.55,1.0
2026-07-24 18:45:00+00:00,164.03,165.84,1.0
2026-07-24 18:50:00+00:00,163.96,165.81,1.0
2026-07-24 18:55:00+00:00,163.93,165.97,1.0
2026-07-24 19:00:00+00:00,163.85,165.84,1.0
2026-07-24 19:05:00+00:00,163.15,165.22,1.0
2026-07-24 19:10:00+00:00,163.09,165.18,1.0
2026-07-24 19:15:00+00:00,163.71,165.53,1.0
2026-07-24 19:20:00+00:00,163.52,165.81,1.0
2026-07-24 19:25:00+00:00,163.43,166.08,1.0
2026-07-24 19:30:00+00:00,163.73,166.55,1.0
2026-07-24 19:35:00+00:00,163.81,166.56,1.0
2026-07-24 19:40:00+00:00,163.72,166.61,1.0
2026-07-24 19:45:00+00:00,163.82,166.56,1.0
2026-07-24 19:50:00+00:00,163.48,165.92,1.0
2026-07-24 19:55:00+00:00,163.18,166.07,1.0
2026-07-24 20:00:00+00:00,163.29,166.07,1.0
2026-07-24 20:05:00+00:00,163.24,166.39,1.0
2026-07-24 20:10:00+00:00,163.39,166.43,1.0
2026-07-24 20:15:00+00:00,163.55,166.61,1.0
2026-07-24 20:20:00+00:00,163.68,166.71,1.0
2026-07-24 20:25:00+00:00,163.52,166.6,1.0
2026-07-24 20:30:00+00:00,163.24,166.38,1.0
2026-07-24 20:35:00+00:00,163.29,166.44,1.0
2026-07-24 20:40:00+00:00,163.44,166.5,1.0
2026-07-24 20:45:00+00:00,163.41,166.52,1.0
2026-07-24 20:50:00+00:00,163.58,166.72,1.0
2026-07-24 20:55:00+00:00,163.43,166.74,1.0
2026-07-24 21:00:00+00:00,163.26,166.59,1.0
2026-07-24 21:05:00+00:00,163.16,166.44,1.0
2026-07-24 21:10:00+00:00,163.13,166.13,1.0
2026-07-24 21:15:00+00:00,162.94,165.57,1.0
2026-07-24 21:20:00+00:00,162.93,165.34,1.0
2026-07-24 21:25:00+00:00,163.05,165.35,1.0
2026-07-24 21:30:00+00:00,163.17,165.15,1.0
2026-07-24 21:35:00+00:00,163.03,164.9,1.0
2026-07-24 21:40:00+00:00,163.31,165.16,1.0
2026-07-24 21:45:00+00:00,163.07,164.69,1.0
2026-07-24 21:50:00+00:00,162.81,164.39,1.0
2026-07-24 21:55:00+00:00,162.83,164.25,1.0
2026-07-24 22:00:00+00:00,163.13,164.32,1.0
2026-07-24 22:05:00+00:00,163.08,164.64,1.0
2026-07-24 22:10:00+00:00,163.13,164.5,1.0
2026-07-24 22:15:00+00:00,163.16,164.52,1.0
2026-07-24 22:20:00+00:00,163.23,164.68,1.0
2026-07-24 22:25:00+00:00,163.34,164.84,1.0
2026-07-24 22:30:00+00:00,163.48,165.1,1.0
2026-07-24 22:35:00+00:00,163.51,165.3,1.0
2026-07-24 22:40:00+00:00,163.45,165.15,1.0
2026-07-24 22:45:00+00:00,163.58,165.47,1.0
2026-07-24 22:50:00+00:00,163.73,165.62,1.0
2026-07-24 22:55:00+00:00,163.49,164.95,1.0
2026-07-24 23:00:00+00:00,163.71,165.37,1.0
2026-07-24 23:05:00+00:00,163.72,165.34,1.0
2026-07-24 23:10:00+00:00,163.69,165.18,1.0
2026-07-24 23:15:00+00:00,163.38,164.8,1.0
2026-07-24 23:20:00+00:00,163.29,164.59,1.0
2026-07-24 23:25:00+00:00,163.29,164.58,1.0
2026-07-24 23:30:00+00:00,162.91,164.38,1.0
2026-07-24 23:35:00+00:00,162.8,164.31,1.0
2026-07-24 23:40:00+00:00,162.88,164.4,1.0
2026-07-24 23:45:00+00:00,162.76,164.31,1.0
2026-07-24 23:50:00+00:00,162.88,164.54,1.0
2026-07-24 23:55:00+00:00,162.94,164.93,1.0
2026-07-25 00:00:00+00:00,164.39,166.19,1.0
2026-07-25 00:05:00+00:00,164.32,166.35,1.0
2026-07-25 00:10:00+00:00,164.1,165.93,1.0
2026-07-25 00:15:00+00:00,163.88,165.93,1.0
2026-07-25 00:20:00+00:00,164.04,165.9,1.0
2026-07-25 00:25:00+00:00,163.75,165.26,1.0
2026-07-25 00:30:00+00:00,164.16,165.87,1.0
2026-07-25 00:35:00+00:00,164.13,165.83,1.0
2026-07-25 00:40:00+00:00,163.91,165.5,1.0
2026-07-25 00:45:00+00:00,164.19,165.68,1.0
2026-07-25 00:50:00+00:00,164.27,165.78,1.0
2026-07-25 00:55:00+00:00,164.45,165.99,1.0
2026-07-25 01:00:00+00:00,164.5,165.98,1.0
2026-07-25 01:05:00+00:00,164.71,166.18,1.0
2026-07-25 01:10:00+00:00,164.52,166.09,1.0
2026-07-25 01:15:00+00:00,164.51,165.97,1.0
2026-07-25 01:20:00+00:00,164.52,166.01,1.0
2026-07-25 01:25:00+00:00,164.33,166.04,1.0
2026-07-25 01:30:00+00:00,164.35,166.0,1.0
2026-07-25 01:35:00+00:00,164.39,166.11,1.0
2026-07-25 01:40:00+00:00,164.31,166.03,1.0
2026-07-25 01:45:00+00:00,164.23,165.91,1.0
2026-07-25 01:50:00+00:00,164.34,165.96,1.0
2026-07-25 01:55:00+00:00,164.35,166.0,1.0
2026-07-25 02:00:00+00:00,164.26,165.78,1.0
2026-07-25 02:05:00+00:00,164.42,165.89,1.0
2026-07-25 02:10:00+00:00,164.36,165.88,1.0
2026-07-25 02:15:00+00:00,164.37,165.94,1.0
2026-07-25 02:20:00+00:00,164.37,166.04,1.0
2026-07-25 02:25:00+00:00,164.44,166.01,1.0
2026-07-25 02:30:00+00:00,164.39,166.05,1.0
2026-07-25 02:35:00+00:00,164.95,166.55,1.0
2026-07-25 02:40:00+00:00,164.8,167.5,1.0
2026-07-25 02:45:00+00:00,164.71,167.2,1.0
2026-07-25 02:50:00+00:00,165.3,167.68,1.0
2026-07-25 02:55:00+00:00,164.93,167.36,1.0
2026-07-25 03:00:00+00:00,165.13,167.73,1.0
2026-07-25 03:05:00+00:00,165.37,169.61,1.0
2026-07-25 03:10:00+00:00,165.0,168.4,1.0
2026-07-25 03:15:00+00:00,165.03,168.4,1.0
2026-07-25 03:20:00+00:00,165.02,168.1,1.0
2026-07-25 03:25:00+00:00,164.81,167.71,1.0
2026-07-25 03:30:00+00:00,165.01,168.46,1.0
2026-07-25 03:35:00+00:00,165.11,168.29,1.0
2026-07-25 03:40:00+00:00,165.13,168.31,1.0
2026-07-25 03:45:00+00:00,165.3,168.59,1.0
2026-07-25 03:50:00+00:00,165.26,168.48,1.0
2026-07-25 03:55:00+00:00,165.25,168.34,1.0
2026-07-25 04:00:00+00:00,165.31,168.4,1.0
2026-07-25 04:05:00+00:00,165.42,168.62,1.0
2026-07-25 04:10:00+00:00,165.71,169.24,1.0
2026-07-25 04:15:00+00:00,165.53,169.15,1.0
2026-07-25 04:20:00+00:00,165.39,169.05,1.0
2026-07-25 04:25:00+00:00,165.3,169.22,1.0
2026-07-25 04:30:00+00:00,165.14,168.8,1.0
2026-07-25 04:35:00+00:00,165.43,169.05,1.0
2026-07-25 04:40:00+00:00,165.39,168.93,1.0
2026-07-25 04:45:00+00:00,165.43,169.37,1.0
2026-07-25 04:50:00+00:00,165.48,170.1,1.0
2026-07-25 04:55:00+00:00,165.23,169.34,1.0
2026-07-25 05:00:00+00:00,165.35,169.37,1.0
2026-07-25 05:05:00+00:00,165.2,169.2,1.0
2026-07-25 05:10:00+00:00,165.15,169.03,1.0
2026-07-25 05:15:00+00:00,165.28,169.14,1.0
2026-07-25 05:20:00+00:00,165.22,169.14,1.0
2026-07-25 05:25:00+00:00,165.23,169.15,1.0
2026-07-25 05:30:00+00:00,165.27,169.14,1.0
2026-07-25 05:35:00+00:00,165.29,169.13,1.0
2026-07-25 05:40:00+00:00,165.29,169.22,1.0
2026-07-25 05:45:00+00:00,165.28,169.14,1.0
2026-07-25 05:50:00+00:00,165.46,169.75,1.0
2026-07-25 05:55:00+00:00,165.39,169.53,1.0
2026-07-25 06:00:00+00:00,165.41,169.59,1.0
2026-07-25 06:05:00+00:00,165.49,169.63,1.0
2026-07-25 06:10:00+00:00,165.53,169.6,1.0
2026-07-25 06:15:00+00:00,165.52,169.67,1.0
2026-07-25 06:20:00+00:00,165.53,169.82,1.0
2026-07-25 06:25:00+00:00,165.51,169.7,1.0
2026-07-25 06:30:00+00:00,165.52,169.75,1.0
2026-07-25 06:35:00+00:00,165.49,169.75,1.0
2026-07-25 06:40:00+00:00,165.47,169.65,1.0
2026-07-25 06:45:00+00:00,165.47,169.7,1.0
2026-07-25 06:50:00+00:00,165.58,169.76,1.0
2026-07-25 06:55:00+00:00,165.56,169.9,1.0
2026-07-25 07:00:00+00:00,165.54,169.9,1.0
2026-07-25 07:05:00+00:00,165.47,169.73,1.0
2026-07-25 07:10:00+00:00,165.47,169.76,1.0
2026-07-25 07:15:00+00:00,165.4,169.59,1.0
2026-07-25 07:20:00+00:00,165.37,169.41,1.0
2026-07-25 07:25:00+00:00,165.03,169.12,1.0
2026-07-25 07:30:00+00:00,165.08,169.25,1.0
2026-07-25 07:35:00+00:00,165.13,169.22,1.0
2026-07-25 07:40:00+00:00,165.12,169.34,1.0
2026-07-25 07:45:00+00:00,165.1,169.35,1.0
2026-07-25 07:50:00+00:00,165.1,169.4,1.0
2026-07-25 07:55:00+00:00,165.07,169.27,1.0
2026-07-25 08:00:00+00:00,165.03,169.23,1.0
2026-07-25 08:05:00+00:00,165.09,169.64,1.0
2026-07-25 08:10:00+00:00,165.13,169.68,1.0
2026-07-25 08:15:00+00:00,165.21,169.82,1.0
2026-07-25 08:20:00+00:00,165.2,169.75,1.0
2026-07-25 08:25:00+00:00,165.17,169.67,1.0
2026-07-25 08:30:00+00:00,165.19,169.62,1.0
2026-07-25 08:35:00+00:00,165.16,169.64,1.0
2026-07-25 08:40:00+00:00,165.22,169.53,1.0
2026-07-25 08:45:00+00:00,165.23,169.57,1.0
2026-07-25 08:50:00+00:00,165.29,169.53,1.0
2026-07-25 08:55:00+00:00,165.31,169.53,1.0
2026-07-25 09:00:00+00:00,165.31,169.51,1.0
2026-07-25 09:05:00+00:00,165.26,169.46,1.0
2026-07-25 09:10:00+00:00,165.12,169.5,1.0
2026-07-25 09:15:00+00:00,165.13,169.56,1.0
2026-07-25 09:20:00+00:00,165.16,169.7,1.0
2026-07-25 09:25:00+00:00,165.26,170.37,1.0
2026-07-25 09:30:00+00:00,165.01,170.25,1.0
2026-07-25 09:35:00+00:00,164.96,169.98,1.0
2026-07-25 09:40:00+00:00,164.97,169.94,1.0
2026-07-25 09:45:00+00:00,165.04,169.94,1.0
2026-07-25 09:50:00+00:00,165.11,170.06,1.0
2026-07-25 09:55:00+00:00,165.23,170.35,1.0
2026-07-25 10:00:00+00:00,165.3,170.38,1.0
2026-07-25 10:05:00+00:00,165.32,170.28,1.0
2026-07-25 10:10:00+00:00,165.32,170.12,1.0
2026-07-25 10:15:00+00:00,165.33,170.27,1.0
2026-07-25 10:20:00+00:00,165.27,170.07,1.0
2026-07-25 10:25:00+00:00,165.3,170.73,1.0
2026-07-25 10:30:00+00:00,165.34,170.71,1.0
2026-07-25 10:35:00+00:00,165.34,170.5,1.0
2026-07-25 10:40:00+00:00,165.36,170.47,1.0
2026-07-25 10:45:00+00:00,165.37,170.55,1.0
2026-07-25 10:50:00+00:00,165.4,170.66,1.0
2026-07-25 10:55:00+00:00,165.36,170.5,1.0
2026-07-25 11:00:00+00:00,165.38,170.53,1.0
2026-07-25 11:05:00+00:00,165.42,170.42,1.0
2026-07-25 11:10:00+00:00,165.39,170.49,1.0
2026-07-25 11:15:00+00:00,165.4,170.59,1.0
2026-07-25 11:20:00+00:00,165.46,170.52,1.0
2026-07-25 11:25:00+00:00,165.29,170.45,1.0
2026-07-25 11:30:00+00:00,165.19,170.09,1.0
2026-07-25 11:35:00+00:00,165.27,170.32,1.0
2026-07-25 11:40:00+00:00,165.28,170.23,1.0
2026-07-25 11:45:00+00:00,165.36,170.4,1.0
2026-07-25 11:50:00+00:00,165.34,170.36,1.0
2026-07-25 11:55:00+00:00,165.31,170.34,1.0
2026-07-25 12:00:00+00:00,165.52,170.55,1.0
2026-07-25 12:05:00+00:00,165.6,170.65,1.0
2026-07-25 12:10:00+00:00,165.58,170.62,1.0
2026-07-25 12:15:00+00:00,165.77,170.72,1.0
2026-07-25 12:20:00+00:00,165.85,170.7,1.0
2026-07-25 12:25:00+00:00,166.06,170.76,1.0
2026-07-25 12:30:00+00:00,165.95,170.67,1.0
2026-07-25 12:35:00+00:00,165.9,170.61,1.0
2026-07-25 12:40:00+00:00,165.92,170.68,1.0
2026-07-25 12:45:00+00:00,165.9,170.67,1.0
2026-07-25 12:50:00+00:00,165.91,170.68,1.0
2026-07-25 12:55:00+00:00,165.93,170.69,1.0
2026-07-25 13:00:00+00:00,165.88,170.63,1.0
2026-07-25 13:05:00+00:00,165.91,170.79,1.0
2026-07-25 13:10:00+00:00,165.88,170.7,1.0
2026-07-25 13:15:00+00:00,165.85,170.65,1.0
2026-07-25 13:20:00+00:00,165.84,170.67,1.0
2026-07-25 13:25:00+00:00,165.75,170.63,1.0
2026-07-25 13:30:00+00:00,165.74,170.64,1.0
2026-07-25 13:35:00+00:00,165.82,170.65,1.0
2026-07-25 13:40:00+00:00,166.08,170.87,1.0
2026-07-25 13:45:00+00:00,165.81,170.73,1.0
2026-07-25 13:50:00+00:00,165.57,170.46,1.0
2026-07-25 13:55:00+00:00,165.56,170.34,1.0
2026-07-25 14:00:00+00:00,165.37,170.25,1.0
2026-07-25 14:05:00+00:00,165.48,170.4,1.0
2026-07-25 14:10:00+00:00,165.46,170.26,1.0
2026-07-25 14:15:00+00:00,165.43,170.23,1.0
2026-07-25 14:20:00+00:00,165.51,170.32,1.0
2026-07-25 14:25:00+00:00,165.51,170.31,1.0
2026-07-25 14:30:00+00:00,165.48,170.27,1.0
2026-07-25 14:35:00+00:00,165.56,170.32,1.0
2026-07-25 14:40:00+00:00,165.65,170.43,1.0
2026-07-25 14:45:00+00:00,165.6,170.36,1.0
2026-07-25 14:50:00+00:00,165.6,170.49,1.0
2026-07-25 14:55:00+00:00,165.65,170.52,1.0
2026-07-25 15:00:00+00:00,165.58,170.53,1.0
2026-07-25 15:05:00+00:00,165.75,170.82,1.0
2026-07-25 15:10:00+00:00,165.72,170.75,1.0
2026-07-25 15:15:00+00:00,165.63,170.62,1.0
2026-07-25 15:20:00+00:00,165.58,170.74,1.0
2026-07-25 15:25:00+00:00,165.68,170.75,1.0
2026-07-25 15:30:00+00:00,165.53,170.6,1.0
2026-07-25 15:35:00+00:00,165.62,170.62,1.0
2026-07-25 15:40:00+00:00,165.65,170.56,1.0
2026-07-25 15:45:00+00:00,165.49,170.54,1.0
2026-07-25 15:50:00+00:00,165.48,170.58,1.0
2026-07-25 15:55:00+00:00,165.45,170.48,1.0
2026-07-25 16:00:00+00:00,165.52,170.61,1.0
2026-07-25 16:05:00+00:00,165.49,170.53,1.0
2026-07-25 16:10:00+00:00,165.57,170.62,1.0
2026-07-25 16:15:00+00:00,165.52,170.56,1.0
2026-07-25 16:20:00+00:00,165.58,170.67,1.0
2026-07-25 16:25:00+00:00,165.62,170.69,1.0
2026-07-25 16:30:00+00:00,165.79,170.99,1.0
2026-07-25 16:35:00+00:00,166.15,171.34,1.0
2026-07-25 16:40:00+00:00,165.92,171.19,1.0
2026-07-25 16:45:00+00:00,165.87,171.2,1.0
2026-07-25 16:50:00+00:00,165.87,171.18,1.0
2026-07-25 16:55:00+00:00,165.85,171.12,1.0
2026-07-25 17:00:00+00:00,165.87,171.25,1.0
2026-07-25 17:05:00+00:00,165.96,171.35,1.0
2026-07-25 17:10:00+00:00,166.04,171.38,1.0
2026-07-25 17:15:00+00:00,166.0,171.45,1.0
2026-07-25 17:20:00+00:00,166.08,171.52,1.0
2026-07-25 17:25:00+00:00,166.05,171.42,1.0
2026-07-25 17:30:00+00:00,166.16,171.32,1.0
2026-07-25 17:35:00+00:00,166.2,171.59,1.0
2026-07-25 17:40:00+00:00,166.2,171.65,1.0
2026-07-25 17:45:00+00:00,166.36,171.71,1.0
2026-07-25 17:50:00+00:00,166.31,171.7,1.0
2026-07-25 17:55:00+00:00,166.27,171.67,1.0
2026-07-25 18:00:00+00:00,166.25,171.93,1.0
2026-07-25 18:05:00+00:00,166.19,171.77,1.0
2026-07-25 18:10:00+00:00,166.28,171.74,1.0
2026-07-25 18:15:00+00:00,166.25,171.86,1.0
2026-07-25 18:20:00+00:00,166.24,171.95,1.0
2026-07-25 18:25:00+00:00,166.32,172.0,1.0
2026-07-25 18:30:00+00:00,166.41,172.1,1.0
2026-07-25 18:35:00+00:00,166.24,171.79,1.0
2026-07-25 18:40:00+00:00,166.21,171.81,1.0
2026-07-25 18:45:00+00:00,166.19,171.81,1.0
2026-07-25 18:50:00+00:00,166.19,172.06,1.0
2026-07-25 18:55:00+00:00,166.1,171.8,1.0
2026-07-25 19:00:00+00:00,166.14,171.79,1.0
2026-07-25 19:05:00+00:00,166.1,171.71,1.0
2026-07-25 19:10:00+00:00,166.25,172.21,1.0
2026-07-25 19:15:00+00:00,166.58,172.24,1.0
2026-07-25 19:20:00+00:00,166.61,172.74,1.0
2026-07-25 19:25:00+00:00,166.45,172.4,1.0
2026-07-25 19:30:00+00:00,166.49,172.62,1.0
2026-07-25 19:35:00+00:00,166.42,172.44,1.0
2026-07-25 19:40:00+00:00,166.4,172.43,1.0
2026-07-25 19:45:00+00:00,166.49,172.52,1.0
2026-07-25 19:50:00+00:00,166.46,172.56,1.0
2026-07-25 19:55:00+00:00,166.42,172.54,1.0
2026-07-25 20:00:00+00:00,166.72,172.85,1.0
2026-07-25 20:05:00+00:00,166.74,172.66,1.0
2026-07-25 20:10:00+00:00,166.69,172.75,1.0
2026-07-25 20:15:00+00:00,166.7,172.72,1.0
2026-07-25 20:20:00+00:00,166.72,173.01,1.0
2026-07-25 20:25:00+00:00,166.73,173.05,1.0
2026-07-25 20:30:00+00:00,166.73,173.09,1.0
2026-07-25 20:35:00+00:00,166.77,173.04,1.0
2026-07-25 20:40:00+00:00,166.78,172.87,1.0
2026-07-25 20:45:00+00:00,166.81,172.9,1.0
2026-07-25 20:50:00+00:00,166.8,172.97,1.0
2026-07-25 20:55:00+00:00,166.42,172.68,1.0
2026-07-25 21:00:00+00:00,166.35,172.42,1.0
2026-07-25 21:05:00+00:00,166.52,172.93,1.0
2026-07-25 21:10:00+00:00,166.53,172.97,1.0
2026-07-25 21:15:00+00:00,166.61,172.95,1.0
2026-07-25 21:20:00+00:00,166.52,173.01,1.0
2026-07-25 21:25:00+00:00,166.55,173.15,1.0
2026-07-25 21:30:00+00:00,166.61,172.81,1.0
2026-07-25 21:35:00+00:00,166.62,172.78,1.0
2026-07-25 21:40:00+00:00,166.53,172.44,1.0
2026-07-25 21:45:00+00:00,166.53,172.65,1.0
2026-07-25 21:50:00+00:00,166.52,172.53,1.0
2026-07-25 21:55:00+00:00,166.42,172.4,1.0
2026-07-25 22:00:00+00:00,166.47,172.59,1.0
2026-07-25 22:05:00+00:00,166.46,172.66,1.0
2026-07-25 22:10:00+00:00,166.46,172.47,1.0
2026-07-25 22:15:00+00:00,166.54,172.64,1.0
2026-07-25 22:20:00+00:00,166.45,172.62,1.0
2026-07-25 22:25:00+00:00,166.46,172.51,1.0
2026-07-25 22:30:00+00:00,166.61,172.64,1.0
2026-07-25 22:35:00+00:00,166.72,172.63,1.0
2026-07-25 22:40:00+00:00,166.81,172.7,1.0
2026-07-25 22:45:00+00:00,166.72,172.73,1.0
2026-07-25 22:50:00+00:00,166.59,172.63,1.0
2026-07-25 22:55:00+00:00,166.61,172.65,1.0
2026-07-25 23:00:00+00:00,166.52,172.6,1.0
2026-07-25 23:05:00+00:00,166.51,172.53,1.0
2026-07-25 23:10:00+00:00,166.47,172.47,1.0
2026-07-25 23:15:00+00:00,166.46,172.5,1.0
2026-07-25 23:20:00+00:00,166.51,172.56,1.0
2026-07-25 23:25:00+00:00,166.52,172.58,1.0
2026-07-25 23:30:00+00:00,166.55,172.57,1.0
2026-07-25 23:35:00+00:00,166.77,172.74,1.0
2026-07-25 23:40:00+00:00,166.69,172.88,1.0
2026-07-25 23:45:00+00:00,166.82,172.79,1.0
2026-07-25 23:50:00+00:00,166.75,172.79,1.0
2026-07-25 23:55:00+00:00,166.65,172.65,1.0
2026-07-26 00:00:00+00:00,166.74,172.82,1.0
2026-07-26 00:05:00+00:00,166.7,172.69,1.0
2026-07-26 00:10:00+00:00,166.93,172.69,1.0
2026-07-26 00:15:00+00:00,166.87,172.62,1.0
2026-07-26 00:20:00+00:00,167.02,172.83,1.0
2026-07-26 00:25:00+00:00,166.92,172.47,1.0
2026-07-26 00:30:00+00:00,166.58,172.34,1.0
2026-07-26 00:35:00+00:00,166.57,172.33,1.0
2026-07-26 00:40:00+00:00,166.52,171.89,1.0
2026-07-26 00:45:00+00:00,166.67,171.87,1.0
2026-07-26 00:50:00+00:00,166.74,172.07,1.0
2026-07-26 00:55:00+00:00,166.7,172.1,1.0
2026-07-26 01:00:00+00:00,166.89,172.16,1.0
2026-07-26 01:05:00+00:00,166.92,172.22,1.0
2026-07-26 01:10:00+00:00,167.05,172.51,1.0
2026-07-26 01:15:00+00:00,167.14,172.73,1.0
2026-07-26 01:20:00+00:00,167.25,172.88,1.0
2026-07-26 01:25:00+00:00,167.45,173.59,1.0
2026-07-26 01:30:00+00:00,167.33,173.44,1.0
2026-07-26 01:35:00+00:00,167.09,173.37,1.0
2026-07-26 01:40:00+00:00,166.95,173.04,1.0
2026-07-26 01:45:00+00:00,166.85,172.93,1.0
2026-07-26 01:50:00+00:00,166.93,172.96,1.0
2026-07-26 01:55:00+00:00,166.92,172.92,1.0
2026-07-26 02:00:00+00:00,166.93,172.82,1.0
2026-07-26 02:05:00+00:00,167.07,173.03,1.0
2026-07-26 02:10:00+00:00,167.03,172.97,1.0
2026-07-26 02:15:00+00:00,167.12,173.07,1.0
2026-07-26 02:20:00+00:00,167.26,173.09,1.0
2026-07-26 02:25:00+00:00,167.21,173.15,1.0
2026-07-26 02:30:00+00:00,167.12,173.0,1.0
2026-07-26 02:35:00+00:00,167.11,173.0,1.0
2026-07-26 02:40:00+00:00,167.17,173.21,1.0
2026-07-26 02:45:00+00:00,167.01,173.08,1.0
2026-07-26 02:50:00+00:00,167.05,173.01,1.0
2026-07-26 02:55:00+00:00,167.02,173.12,1.0
2026-07-26 03:00:00+00:00,167.07,173.17,1.0
2026-07-26 03:05:00+00:00,167.02,173.11,1.0
2026-07-26 03:10:00+00:00,167.0,173.16,1.0
2026-07-26 03:15:00+00:00,167.22,173.35,1.0
2026-07-26 03:20:00+00:00,167.28,173.37,1.0
2026-07-26 03:25:00+00:00,167.35,173.47,1.0
2026-07-26 03:30:00+00:00,167.49,173.41,1.0
2026-07-26 03:35:00+00:00,167.56,173.48,1.0
2026-07-26 03:40:00+00:00,167.57,173.45,1.0
2026-07-26 03:45:00+00:00,167.57,173.42,1.0
2026-07-26 03:50:00+00:00,167.42,173.22,1.0
2026-07-26 03:55:00+00:00,167.22,173.09,1.0
2026-07-26 04:00:00+00:00,167.33,173.21,1.0
2026-07-26 04:05:00+00:00,167.21,172.94,1.0
2026-07-26 04:10:00+00:00,167.37,173.09,1.0
2026-07-26 04:15:00+00:00,167.49,173.27,1.0
2026-07-26 04:20:00+00:00,167.62,173.59,1.0
2026-07-26 04:25:00+00:00,167.72,173.6,1.0
2026-07-26 04:30:00+00:00,167.53,173.41,1.0
2026-07-26 04:35:00+00:00,167.56,173.37,1.0
2026-07-26 04:40:00+00:00,167.61,173.47,1.0
2026-07-26 04:45:00+00:00,167.6,173.55,1.0
2026-07-26 04:50:00+00:00,167.6,173.56,1.0
2026-07-26 04:55:00+00:00,167.51,173.29,1.0
2026-07-26 05:00:00+00:00,167.54,173.21,1.0
2026-07-26 05:05:00+00:00,167.51,173.18,1.0
2026-07-26 05:10:00+00:00,167.49,173.06,1.0
2026-07-26 05:15:00+00:00,167.52,173.07,1.0
2026-07-26 05:20:00+00:00,167.39,173.01,1.0
2026-07-26 05:25:00+00:00,167.28,172.62,1.0
2026-07-26 05:30:00+00:00,167.32,172.88,1.0
2026-07-26 05:35:00+00:00,167.29,172.87,1.0
2026-07-26 05:40:00+00:00,167.36,172.77,1.0
2026-07-26 05:45:00+00:00,167.4,172.68,1.0
2026-07-26 05:50:00+00:00,167.56,172.84,1.0
2026-07-26 05:55:00+00:00,167.57,172.93,1.0
2026-07-26 06:00:00+00:00,167.59,172.87,1.0
2026-07-26 06:05:00+00:00,167.57,172.93,1.0
2026-07-26 06:10:00+00:00,167.61,172.81,1.0
2026-07-26 06:15:00+00:00,167.7,172.87,1.0
2026-07-26 06:20:00+00:00,167.61,172.85,1.0
2026-07-26 06:25:00+00:00,167.64,172.82,1.0
2026-07-26 06:30:00+00:00,167.66,172.91,1.0
2026-07-26 06:35:00+00:00,167.37,172.78,1.0
2026-07-26 06:40:00+00:00,167.4,172.75,1.0
2026-07-26 06:45:00+00:00,167.48,172.99,1.0
2026-07-26 06:50:00+00:00,167.68,173.11,1.0
2026-07-26 06:55:00+00:00,167.57,172.92,1.0
2026-07-26 07:00:00+00:00,167.59,172.88,1.0
2026-07-26 07:05:00+00:00,167.51,172.79,1.0
2026-07-26 07:10:00+00:00,167.54,172.68,1.0
2026-07-26 07:15:00+00:00,167.56,172.78,1.0
2026-07-26 07:20:00+00:00,167.53,172.6,1.0
2026-07-26 07:25:00+00:00,167.49,172.56,1.0
2026-07-26 07:30:00+00:00,167.54,172.56,1.0
2026-07-26 07:35:00+00:00,167.54,172.54,1.0
2026-07-26 07:40:00+00:00,167.55,172.53,1.0
2026-07-26 07:45:00+00:00,167.46,172.4,1.0
2026-07-26 07:50:00+00:00,167.51,172.53,1.0
2026-07-26 07:55:00+00:00,167.51,172.51,1.0
2026-07-26 08:00:00+00:00,167.48,172.42,1.0
2026-07-26 08:05:00+00:00,167.5,172.34,1.0
2026-07-26 08:10:00+00:00,167.33,172.23,1.0
2026-07-26 08:15:00+00:00,167.37,172.21,1.0
2026-07-26 08:20:00+00:00,167.33,172.12,1.0
2026-07-26 08:25:00+00:00,167.33,172.1,1.0
2026-07-26 08:30:00+00:00,167.31,172.02,1.0
2026-07-26 08:35:00+00:00,167.04,171.66,1.0
2026-07-26 08:40:00+00:00,167.15,171.77,1.0
2026-07-26 08:45:00+00:00,167.25,172.06,1.0
2026-07-26 08:50:00+00:00,167.4,172.37,1.0
2026-07-26 08:55:00+00:00,167.5,172.29,1.0
2026-07-26 09:00:00+00:00,167.31,171.74,1.0
2026-07-26 09:05:00+00:00,167.29,171.54,1.0
2026-07-26 09:10:00+00:00,167.29,171.69,1.0
2026-07-26 09:15:00+00:00,167.42,171.93,1.0
2026-07-26 09:20:00+00:00,167.35,171.84,1.0
2026-07-26 09:25:00+00:00,167.36,171.78,1.0
2026-07-26 09:30:00+00:00,167.39,171.81,1.0
2026-07-26 09:35:00+00:00,167.51,171.99,1.0
2026-07-26 09:40:00+00:00,167.46,171.98,1.0
2026-07-26 09:45:00+00:00,167.43,171.88,1.0
2026-07-26 09:50:00+00:00,167.36,171.87,1.0
2026-07-26 09:55:00+00:00,167.52,172.09,1.0
2026-07-26 10:00:00+00:00,167.64,172.26,1.0
2026-07-26 10:05:00+00:00,167.64,172.13,1.0
2026-07-26 10:10:00+00:00,167.75,172.21,1.0
2026-07-26 10:15:00+00:00,167.79,172.29,1.0
2026-07-26 10:20:00+00:00,167.8,172.22,1.0
2026-07-26 10:25:00+00:00,167.83,172.34,1.0
2026-07-26 10:30:00+00:00,167.91,172.4,1.0
2026-07-26 10:35:00+00:00,168.07,172.39,1.0
2026-07-26 10:40:00+00:00,168.1,172.42,1.0
2026-07-26 10:45:00+00:00,168.09,172.45,1.0
2026-07-26 10:50:00+00:00,168.17,172.43,1.0
2026-07-26 10:55:00+00:00,168.07,172.4,1.0
2026-07-26 11:00:00+00:00,167.97,172.41,1.0
2026-07-26 11:05:00+00:00,168.02,172.36,1.0
2026-07-26 11:10:00+00:00,167.87,172.1,1.0
2026-07-26 11:15:00+00:00,167.91,172.11,1.0
2026-07-26 11:20:00+00:00,168.11,172.37,1.0
2026-07-26 11:25:00+00:00,168.03,172.34,1.0
2026-07-26 11:30:00+00:00,168.07,172.47,1.0
2026-07-26 11:35:00+00:00,168.17,172.59,1.0
2026-07-26 11:40:00+00:00,168.27,172.57,1.0
2026-07-26 11:45:00+00:00,168.11,172.44,1.0
2026-07-26 11:50:00+00:00,168.05,172.51,1.0
2026-07-26 11:55:00+00:00,167.96,172.37,1.0
2026-07-26 12:00:00+00:00,167.88,172.04,1.0
2026-07-26 12:05:00+00:00,167.94,172.11,1.0
2026-07-26 12:10:00+00:00,167.87,172.28,1.0
2026-07-26 12:15:00+00:00,167.71,172.03,1.0
2026-07-26 12:20:00+00:00,167.43,171.82,1.0
2026-07-26 12:25:00+00:00,167.51,171.86,1.0
2026-07-26 12:30:00+00:00,167.61,171.92,1.0
2026-07-26 12:35:00+00:00,167.6,171.92,1.0
2026-07-26 12:40:00+00:00,167.58,171.89,1.0
2026-07-26 12:45:00+00:00,167.51,171.85,1.0
2026-07-26 12:50:00+00:00,167.56,171.88,1.0
2026-07-26 12:55:00+00:00,167.59,171.97,1.0
2026-07-26 13:00:00+00:00,167.51,171.84,1.0
2026-07-26 13:05:00+00:00,167.6,171.93,1.0
2026-07-26 13:10:00+00:00,167.61,171.82,1.0
2026-07-26 13:15:00+00:00,167.72,172.09,1.0
2026-07-26 13:20:00+00:00,167.78,172.2,1.0
2026-07-26 13:25:00+00:00,167.77,172.27,1.0
2026-07-26 13:30:00+00:00,167.73,172.18,1.0
2026-07-26 13:35:00+00:00,167.64,171.98,1.0
2026-07-26 13:40:00+00:00,167.7,171.97,1.0
2026-07-26 13:45:00+00:00,167.8,172.05,1.0
2026-07-26 13:50:00+00:00,167.82,172.06,1.0
2026-07-26 13:55:00+00:00,167.93,172.16,1.0
2026-07-26 14:00:00+00:00,168.09,172.37,1.0
2026-07-26 14:05:00+00:00,168.26,172.61,1.0
2026-07-26 14:10:00+00:00,168.12,172.49,1.0
2026-07-26 14:15:00+00:00,168.12,172.4,1.0
2026-07-26 14:20:00+00:00,168.09,172.34,1.0
2026-07-26 14:25:00+00:00,167.97,172.32,1.0
2026-07-26 14:30:00+00:00,167.94,172.14,1.0
2026-07-26 14:35:00+00:00,167.97,172.14,1.0
2026-07-26 14:40:00+00:00,167.85,172.22,1.0
2026-07-26 14:45:00+00:00,167.87,172.25,1.0
2026-07-26 14:50:00+00:00,167.74,172.16,1.0
2026-07-26 14:55:00+00:00,167.66,172.1,1.0
2026-07-26 15:00:00+00:00,167.56,171.8,1.0
2026-07-26 15:05:00+00:00,167.71,171.97,1.0
2026-07-26 15:10:00+00:00,167.65,171.93,1.0
2026-07-26 15:15:00+00:00,167.85,172.21,1.0
2026-07-26 15:20:00+00:00,167.85,172.27,1.0
2026-07-26 15:25:00+00:00,167.81,172.22,1.0
2026-07-26 15:30:00+00:00,167.77,172.17,1.0
2026-07-26 15:35:00+00:00,167.83,172.24,1.0
2026-07-26 15:40:00+00:00,167.72,172.13,1.0
2026-07-26 15:45:00+00:00,167.58,172.08,1.0
2026-07-26 15:50:00+00:00,167.63,172.04,1.0
2026-07-26 15:55:00+00:00,167.7,172.13,1.0
2026-07-26 16:00:00+00:00,167.7,172.16,1.0
2026-07-26 16:05:00+00:00,167.62,172.08,1.0
2026-07-26 16:10:00+00:00,167.61,172.07,1.0
2026-07-26 16:15:00+00:00,167.81,172.18,1.0
2026-07-26 16:20:00+00:00,167.78,172.21,1.0
2026-07-26 16:25:00+00:00,167.94,172.39,1.0
2026-07-26 16:30:00+00:00,168.0,172.37,1.0
2026-07-26 16:35:00+00:00,167.92,172.35,1.0
2026-07-26 16:40:00+00:00,167.91,172.26,1.0
2026-07-26 16:45:00+00:00,167.96,172.24,1.0
2026-07-26 16:50:00+00:00,167.94,172.26,1.0
2026-07-26 16:55:00+00:00,167.94,172.25,1.0
2026-07-26 17:00:00+00:00,167.9,172.25,1.0
2026-07-26 17:05:00+00:00,167.9,172.2,1.0
2026-07-26 17:10:00+00:00,167.94,172.19,1.0
2026-07-26 17:15:00+00:00,167.91,172.18,1.0
2026-07-26 17:20:00+00:00,167.82,172.04,1.0
2026-07-26 17:25:00+00:00,167.88,172.09,1.0
2026-07-26 17:30:00+00:00,167.88,172.12,1.0
2026-07-26 17:35:00+00:00,167.78,172.05,1.0
2026-07-26 17:40:00+00:00,167.98,172.22,1.0
2026-07-26 17:45:00+00:00,167.89,172.23,1.0
2026-07-26 17:50:00+00:00,167.96,172.41,1.0
2026-07-26 17:55:00+00:00,167.96,172.33,1.0
2026-07-26 18:00:00+00:00,168.01,172.38,1.0
2026-07-26 18:05:00+00:00,168.04,172.4,1.0
2026-07-26 18:10:00+00:00,168.02,172.47,1.0
2026-07-26 18:15:00+00:00,167.91,172.33,1.0
2026-07-26 18:20:00+00:00,167.52,172.26,1.0
2026-07-26 18:25:00+00:00,167.71,172.22,1.0
2026-07-26 18:30:00+00:00,167.82,172.33,1.0
2026-07-26 18:35:00+00:00,167.89,172.38,1.0
2026-07-26 18:40:00+00:00,167.84,172.36,1.0
2026-07-26 18:45:00+00:00,167.88,172.38,1.0
2026-07-26 18:50:00+00:00,167.88,172.35,1.0
2026-07-26 18:55:00+00:00,167.88,172.32,1.0
2026-07-26 19:00:00+00:00,167.87,172.22,1.0
2026-07-26 19:05:00+00:00,167.89,172.23,1.0
2026-07-26 19:10:00+00:00,167.87,172.19,1.0
2026-07-26 19:15:00+00:00,167.9,172.26,1.0
2026-07-26 19:20:00+00:00,167.9,172.28,1.0
2026-07-26 19:25:00+00:00,167.78,172.08,1.0
2026-07-26 19:30:00+00:00,167.77,172.03,1.0
2026-07-26 19:35:00+00:00,167.79,172.04,1.0
2026-07-26 19:40:00+00:00,167.83,172.05,1.0
2026-07-26 19:45:00+00:00,167.83,172.02,1.0
2026-07-26 19:50:00+00:00,167.76,172.08,1.0
2026-07-26 19:55:00+00:00,167.69,172.01,1.0
2026-07-26 20:00:00+00:00,167.64,171.94,1.0
2026-07-26 20:05:00+00:00,167.65,171.9,1.0
2026-07-26 20:10:00+00:00,167.56,171.89,1.0
2026-07-26 20:15:00+00:00,167.61,172.04,1.0
2026-07-26 20:20:00+00:00,167.65,171.98,1.0
2026-07-26 20:25:00+00:00,167.63,171.97,1.0
2026-07-26 20:30:00+00:00,167.54,171.88,1.0
2026-07-26 20:35:00+00:00,167.61,171.93,1.0
2026-07-26 20:40:00+00:00,167.58,171.91,1.0
2026-07-26 20:45:00+00:00,167.56,171.91,1.0
2026-07-26 20:50:00+00:00,167.6,171.94,1.0
2026-07-26 20:55:00+00:00,167.87,172.12,1.0
2026-07-26 21:00:00+00:00,167.86,172.05,1.0
2026-07-26 21:05:00+00:00,167.83,172.0,1.0
2026-07-26 21:10:00+00:00,167.81,172.31,1.0
2026-07-26 21:15:00+00:00,167.77,172.23,1.0
2026-07-26 21:20:00+00:00,167.85,172.25,1.0
2026-07-26 21:25:00+00:00,167.98,172.42,1.0
2026-07-26 21:30:00+00:00,167.96,172.32,1.0
2026-07-26 21:35:00+00:00,167.92,172.4,1.0
2026-07-26 21:40:00+00:00,168.04,172.65,1.0
2026-07-26 21:45:00+00:00,167.99,172.61,1.0
2026-07-26 21:50:00+00:00,168.0,172.56,1.0
2026-07-26 21:55:00+00:00,168.01,172.45,1.0
2026-07-26 22:00:00+00:00,168.95,173.75,1.0
2026-07-26 22:05:00+00:00,168.99,173.89,1.0
2026-07-26 22:10:00+00:00,169.1,173.9,1.0
2026-07-26 22:15:00+00:00,169.33,174.13,1.0
2026-07-26 22:20:00+00:00,169.48,174.08,1.0
2026-07-26 22:25:00+00:00,169.74,174.57,1.0
2026-07-26 22:30:00+00:00,169.71,174.62,1.0
2026-07-26 22:35:00+00:00,169.73,174.41,1.0
2026-07-26 22:40:00+00:00,169.54,174.39,1.0
2026-07-26 22:45:00+00:00,169.63,174.36,1.0
2026-07-26 22:50:00+00:00,169.33,173.93,1.0
2026-07-26 22:55:00+00:00,169.72,174.52,1.0
2026-07-26 23:00:00+00:00,170.54,176.82,1.0
2026-07-26 23:05:00+00:00,170.85,177.12,1.0
2026-07-26 23:10:00+00:00,170.7,177.48,1.0
2026-07-26 23:15:00+00:00,170.46,176.82,1.0
2026-07-26 23:20:00+00:00,170.49,176.65,1.0
2026-07-26 23:25:00+00:00,170.6,176.75,1.0
2026-07-26 23:30:00+00:00,170.55,176.77,1.0
2026-07-26 23:35:00+00:00,169.45,175.81,1.0
2026-07-26 23:40:00+00:00,170.19,176.33,1.0
2026-07-26 23:45:00+00:00,170.82,179.01,1.0
2026-07-26 23:50:00+00:00,170.67,178.34,1.0
2026-07-26 23:55:00+00:00,170.49,177.77,1.0
2026-07-27 00:00:00+00:00,168.85,175.53,1.0
2026-07-27 00:05:00+00:00,167.91,173.83,1.0
2026-07-27 00:10:00+00:00,168.84,174.76,1.0
2026-07-27 00:15:00+00:00,167.68,172.59,1.0
2026-07-27 00:20:00+00:00,169.04,174.82,1.0
2026-07-27 00:25:00+00:00,169.26,175.04,1.0
2026-07-27 00:30:00+00:00,168.98,174.49,1.0
2026-07-27 00:35:00+00:00,168.35,173.64,1.0
2026-07-27 00:40:00+00:00,167.73,172.75,1.0
2026-07-27 00:45:00+00:00,168.63,173.67,1.0
2026-07-27 00:50:00+00:00,169.35,174.58,1.0
2026-07-27 00:55:00+00:00,167.98,172.87,1.0
2026-07-27 01:00:00+00:00,167.07,172.15,1.0
2026-07-27 01:05:00+00:00,167.63,172.73,1.0
2026-07-27 01:10:00+00:00,166.53,171.29,1.0
2026-07-27 01:15:00+00:00,165.5,169.67,1.0
2026-07-27 01:20:00+00:00,165.2,169.55,1.0
2026-07-27 01:25:00+00:00,164.43,168.64,1.0
2026-07-27 01:30:00+00:00,165.89,170.18,1.0
2026-07-27 01:35:00+00:00,166.5,171.11,1.0
2026-07-27 01:40:00+00:00,165.94,170.5,1.0
2026-07-27 01:45:00+00:00,166.0,170.71,1.0
2026-07-27 01:50:00+00:00,165.19,169.72,1.0
2026-07-27 01:55:00+00:00,166.2,171.14,1.0
2026-07-27 02:00:00+00:00,165.13,169.72,1.0
2026-07-27 02:05:00+00:00,165.29,169.85,1.0
2026-07-27 02:10:00+00:00,165.24,169.62,1.0
2026-07-27 02:15:00+00:00,165.82,170.16,1.0
2026-07-27 02:20:00+00:00,165.58,169.5,1.0
2026-07-27 02:25:00+00:00,166.35,170.33,1.0
2026-07-27 02:30:00+00:00,165.4,169.26,1.0
2026-07-27 02:35:00+00:00,166.48,170.51,1.0
2026-07-27 02:40:00+00:00,166.24,170.46,1.0
2026-07-27 02:45:00+00:00,165.59,169.86,1.0
2026-07-27 02:50:00+00:00,165.26,169.47,1.0
2026-07-27 02:55:00+00:00,165.41,169.52,1.0
2026-07-27 03:00:00+00:00,165.57,169.96,1.0
2026-07-27 03:05:00+00:00,165.22,169.72,1.0
2026-07-27 03:10:00+00:00,166.46,171.23,1.0
2026-07-27 03:15:00+00:00,166.99,171.93,1.0
2026-07-27 03:20:00+00:00,166.76,171.8,1.0
2026-07-27 03:25:00+00:00,166.41,171.42,1.0
2026-07-27 03:30:00+00:00,166.38,171.09,1.0
2026-07-27 03:35:00+00:00,165.84,170.41,1.0
2026-07-27 03:40:00+00:00,165.99,170.61,1.0
2026-07-27 03:45:00+00:00,165.37,170.12,1.0
2026-07-27 03:50:00+00:00,165.45,169.86,1.0
2026-07-27 03:55:00+00:00,165.67,170.11,1.0
2026-07-27 04:00:00+00:00,165.84,170.29,1.0
2026-07-27 04:05:00+00:00,165.83,170.48,1.0
2026-07-27 04:10:00+00:00,166.19,170.9,1.0
2026-07-27 04:15:00+00:00,166.78,171.74,1.0
2026-07-27 04:20:00+00:00,166.68,171.24,1.0
2026-07-27 04:25:00+00:00,166.3,170.96,1.0
2026-07-27 04:30:00+00:00,166.53,171.21,1.0
2026-07-27 04:35:00+00:00,166.72,171.16,1.0
2026-07-27 04:40:00+00:00,167.26,171.91,1.0
2026-07-27 04:45:00+00:00,167.17,171.85,1.0
2026-07-27 04:50:00+00:00,167.52,172.24,1.0
2026-07-27 04:55:00+00:00,167.25,171.76,1.0
2026-07-27 05:00:00+00:00,167.34,171.99,1.0
2026-07-27 05:05:00+00:00,167.8,172.43,1.0
2026-07-27 05:10:00+00:00,167.94,172.73,1.0
2026-07-27 05:15:00+00:00,168.01,172.85,1.0
2026-07-27 05:20:00+00:00,168.17,172.99,1.0
2026-07-27 05:25:00+00:00,168.4,173.18,1.0
2026-07-27 05:30:00+00:00,168.41,173.45,1.0
2026-07-27 05:35:00+00:00,168.48,173.61,1.0
2026-07-27 05:40:00+00:00,168.13,173.03,1.0
2026-07-27 05:45:00+00:00,167.91,172.62,1.0
2026-07-27 05:50:00+00:00,167.94,172.81,1.0
2026-07-27 05:55:00+00:00,167.93,172.82,1.0
2026-07-27 06:00:00+00:00,168.21,173.4,1.0
2026-07-27 06:05:00+00:00,168.71,173.66,1.0
2026-07-27 06:10:00+00:00,168.51,173.35,1.0
2026-07-27 06:15:00+00:00,168.82,173.8,1.0
2026-07-27 06:20:00+00:00,168.38,173.66,1.0
2026-07-27 06:25:00+00:00,168.24,173.5,1.0
2026-07-27 06:30:00+00:00,168.27,173.27,1.0
2026-07-27 06:35:00+00:00,168.3,173.44,1.0
2026-07-27 06:40:00+00:00,168.31,173.07,1.0
2026-07-27 06:45:00+00:00,168.24,173.37,1.0
2026-07-27 06:50:00+00:00,168.21,173.34,1.0
2026-07-27 06:55:00+00:00,168.3,173.47,1.0
2026-07-27 07:00:00+00:00,168.6,173.82,1.0
2026-07-27 07:05:00+00:00,168.43,173.77,1.0
2026-07-27 07:10:00+00:00,168.59,173.58,1.0
2026-07-27 07:15:00+00:00,168.5,173.39,1.0
2026-07-27 07:20:00+00:00,168.43,173.1,1.0
2026-07-27 07:25:00+00:00,168.53,173.29,1.0
2026-07-27 07:30:00+00:00,168.56,173.34,1.0
2026-07-27 07:35:00+00:00,168.45,173.08,1.0
2026-07-27 07:40:00+00:00,168.36,173.19,1.0
2026-07-27 07:45:00+00:00,168.48,173.25,1.0
2026-07-27 07:50:00+00:00,168.36,173.2,1.0
2026-07-27 07:55:00+00:00,168.22,173.02,1.0
2026-07-27 08:00:00+00:00,168.22,173.16,1.0
2026-07-27 08:05:00+00:00,168.25,173.16,1.0
2026-07-27 08:10:00+00:00,168.13,173.08,1.0
2026-07-27 08:15:00+00:00,168.3,173.18,1.0
2026-07-27 08:20:00+00:00,168.24,173.23,1.0
2026-07-27 08:25:00+00:00,168.42,173.58,1.0
2026-07-27 08:30:00+00:00,168.26,173.45,1.0
2026-07-27 08:35:00+00:00,168.33,173.45,1.0
2026-07-27 08:40:00+00:00,168.39,173.42,1.0
2026-07-27 08:45:00+00:00,168.45,173.66,1.0
2026-07-27 08:50:00+00:00,168.65,173.83,1.0
2026-07-27 08:55:00+00:00,168.6,173.86,1.0
2026-07-27 09:00:00+00:00,168.29,173.56,1.0
2026-07-27 09:05:00+00:00,168.14,173.39,1.0
2026-07-27 09:10:00+00:00,168.39,173.6,1.0
2026-07-27 09:15:00+00:00,168.34,173.58,1.0
2026-07-27 09:20:00+00:00,168.43,173.74,1.0
2026-07-27 09:25:00+00:00,168.52,173.66,1.0
2026-07-27 09:30:00+00:00,168.73,173.72,1.0
2026-07-27 09:35:00+00:00,168.76,173.76,1.0
2026-07-27 09:40:00+00:00,168.83,173.82,1.0
2026-07-27 09:45:00+00:00,168.94,173.96,1.0
2026-07-27 09:50:00+00:00,169.09,174.14,1.0
2026-07-27 09:55:00+00:00,168.97,173.96,1.0
2026-07-27 10:00:00+00:00,168.95,173.96,1.0
2026-07-27 10:05:00+00:00,168.84,173.83,1.0
2026-07-27 10:10:00+00:00,168.71,173.67,1.0
2026-07-27 10:15:00+00:00,168.67,173.61,1.0
2026-07-27 10:20:00+00:00,168.59,173.52,1.0
2026-07-27 10:25:00+00:00,168.67,173.62,1.0
2026-07-27 10:30:00+00:00,168.58,173.45,1.0
2026-07-27 10:35:00+00:00,168.46,173.34,1.0
2026-07-27 10:40:00+00:00,168.62,173.43,1.0
2026-07-27 10:45:00+00:00,168.78,173.57,1.0
2026-07-27 10:50:00+00:00,168.73,173.57,1.0
2026-07-27 10:55:00+00:00,168.68,173.54,1.0
2026-07-27 11:00:00+00:00,168.26,172.96,1.0
2026-07-27 11:05:00+00:00,168.11,172.84,1.0
2026-07-27 11:10:00+00:00,168.05,173.15,1.0
2026-07-27 11:15:00+00:00,167.83,172.8,1.0
2026-07-27 11:20:00+00:00,167.75,172.55,1.0
2026-07-27 11:25:00+00:00,167.2,171.8,1.0
2026-07-27 11:30:00+00:00,167.46,172.17,1.0
2026-07-27 11:35:00+00:00,167.67,172.34,1.0
2026-07-27 11:40:00+00:00,167.58,172.28,1.0
2026-07-27 11:45:00+00:00,167.7,172.44,1.0
2026-07-27 11:50:00+00:00,167.55,172.28,1.0
2026-07-27 11:55:00+00:00,167.7,172.45,1.0
2026-07-27 12:00:00+00:00,168.0,172.92,1.0
2026-07-27 12:05:00+00:00,167.89,172.68,1.0
2026-07-27 12:10:00+00:00,167.3,171.66,1.0
2026-07-27 12:15:00+00:00,167.25,171.86,1.0
2026-07-27 12:20:00+00:00,167.2,171.64,1.0
2026-07-27 12:25:00+00:00,167.25,171.87,1.0
2026-07-27 12:30:00+00:00,167.2,171.59,1.0
2026-07-27 12:35:00+00:00,167.37,171.81,1.0
2026-07-27 12:40:00+00:00,167.39,171.92,1.0
2026-07-27 12:45:00+00:00,167.56,172.18,1.0
2026-07-27 12:50:00+00:00,167.69,172.37,1.0
2026-07-27 12:55:00+00:00,168.04,172.66,1.0
2026-07-27 13:00:00+00:00,167.85,172.56,1.0
2026-07-27 13:05:00+00:00,167.36,172.01,1.0
2026-07-27 13:10:00+00:00,167.5,172.19,1.0
2026-07-27 13:15:00+00:00,167.16,171.99,1.0
2026-07-27 13:20:00+00:00,167.3,172.06,1.0
2026-07-27 13:25:00+00:00,166.57,171.28,1.0
2026-07-27 13:30:00+00:00,165.86,170.35,1.0
2026-07-27 13:35:00+00:00,165.9,170.51,1.0
2026-07-27 13:40:00+00:00,165.09,169.58,1.0
2026-07-27 13:45:00+00:00,165.03,169.5,1.0
2026-07-27 13:50:00+00:00,164.7,169.42,1.0
2026-07-27 13:55:00+00:00,163.48,167.74,1.0
2026-07-27 14:00:00+00:00,163.28,167.21,1.0
2026-07-27 14:05:00+00:00,162.93,167.02,1.0
2026-07-27 14:10:00+00:00,162.13,166.05,1.0
2026-07-27 14:15:00+00:00,162.41,166.29,1.0
2026-07-27 14:20:00+00:00,161.53,165.44,1.0
2026-07-27 14:25:00+00:00,160.1,163.57,1.0
2026-07-27 14:30:00+00:00,159.17,162.7,1.0
2026-07-27 14:35:00+00:00,159.17,162.69,1.0
2026-07-27 14:40:00+00:00,158.11,161.55,1.0
2026-07-27 14:45:00+00:00,159.49,163.06,1.0
2026-07-27 14:50:00+00:00,159.47,163.29,1.0
2026-07-27 14:55:00+00:00,160.0,164.24,1.0
2026-07-27 15:00:00+00:00,160.01,164.3,1.0
2026-07-27 15:05:00+00:00,159.71,164.5,1.0
2026-07-27 15:10:00+00:00,159.67,163.89,1.0
2026-07-27 15:15:00+00:00,159.1,164.16,1.0
2026-07-27 15:20:00+00:00,158.97,164.2,1.0
2026-07-27 15:25:00+00:00,158.49,163.5,1.0
2026-07-27 15:30:00+00:00,158.03,163.12,1.0
2026-07-27 15:35:00+00:00,158.11,163.1,1.0
2026-07-27 15:40:00+00:00,158.39,163.45,1.0
2026-07-27 15:45:00+00:00,158.21,163.22,1.0
2026-07-27 15:50:00+00:00,158.49,163.61,1.0
2026-07-27 15:55:00+00:00,158.84,164.12,1.0
2026-07-27 16:00:00+00:00,158.68,164.29,1.0
2026-07-27 16:05:00+00:00,158.64,163.94,1.0
2026-07-27 16:10:00+00:00,158.0,163.08,1.0
2026-07-27 16:15:00+00:00,157.95,162.76,1.0
2026-07-27 16:20:00+00:00,158.06,162.88,1.0
2026-07-27 16:25:00+00:00,158.76,163.61,1.0
2026-07-27 16:30:00+00:00,159.06,163.62,1.0
2026-07-27 16:35:00+00:00,159.33,163.99,1.0
2026-07-27 16:40:00+00:00,158.83,163.54,1.0
2026-07-27 16:45:00+00:00,158.61,163.41,1.0
2026-07-27 16:50:00+00:00,158.1,162.84,1.0
2026-07-27 16:55:00+00:00,158.03,162.65,1.0
2026-07-27 17:00:00+00:00,157.2,162.02,1.0
2026-07-27 17:05:00+00:00,157.66,162.42,1.0
2026-07-27 17:10:00+00:00,158.03,162.62,1.0
2026-07-27 17:15:00+00:00,157.81,162.11,1.0
2026-07-27 17:20:00+00:00,157.89,162.18,1.0
2026-07-27 17:25:00+00:00,157.7,161.93,1.0
2026-07-27 17:30:00+00:00,158.42,162.77,1.0
2026-07-27 17:35:00+00:00,158.12,162.73,1.0
2026-07-27 17:40:00+00:00,158.22,162.75,1.0
2026-07-27 17:45:00+00:00,157.99,162.55,1.0
2026-07-27 17:50:00+00:00,158.4,163.19,1.0
2026-07-27 17:55:00+00:00,158.64,163.54,1.0
2026-07-27 18:00:00+00:00,158.6,163.59,1.0
2026-07-27 18:05:00+00:00,158.61,163.59,1.0
2026-07-27 18:10:00+00:00,158.57,163.54,1.0
2026-07-27 18:15:00+00:00,158.45,163.38,1.0
2026-07-27 18:20:00+00:00,158.64,163.47,1.0
2026-07-27 18:25:00+00:00,158.84,163.58,1.0
2026-07-27 18:30:00+00:00,158.41,163.04,1.0
2026-07-27 18:35:00+00:00,158.28,162.76,1.0
2026-07-27 18:40:00+00:00,158.85,163.2,1.0
2026-07-27 18:45:00+00:00,158.55,162.91,1.0
2026-07-27 18:50:00+00:00,159.34,163.78,1.0
2026-07-27 18:55:00+00:00,159.84,164.38,1.0
2026-07-27 19:00:00+00:00,159.78,164.52,1.0
2026-07-27 19:05:00+00:00,160.26,165.1,1.0
2026-07-27 19:10:00+00:00,160.34,165.37,1.0
2026-07-27 19:15:00+00:00,160.52,165.61,1.0
2026-07-27 19:20:00+00:00,160.77,165.89,1.0
2026-07-27 19:25:00+00:00,160.97,165.97,1.0
2026-07-27 19:30:00+00:00,160.81,165.77,1.0
2026-07-27 19:35:00+00:00,160.55,165.43,1.0
2026-07-27 19:40:00+00:00,160.58,165.44,1.0
2026-07-27 19:45:00+00:00,160.71,165.55,1.0
2026-07-27 19:50:00+00:00,160.84,165.98,1.0
2026-07-27 19:55:00+00:00,161.31,166.34,1.0
2026-07-27 20:00:00+00:00,161.15,166.35,1.0
2026-07-27 20:05:00+00:00,161.21,166.99,1.0
2026-07-27 20:10:00+00:00,161.23,166.61,1.0
2026-07-27 20:15:00+00:00,161.16,166.33,1.0
2026-07-27 20:20:00+00:00,161.02,166.39,1.0
2026-07-27 20:25:00+00:00,161.08,166.41,1.0
2026-07-27 20:30:00+00:00,161.22,166.72,1.0
2026-07-27 20:35:00+00:00,161.12,166.75,1.0
2026-07-27 20:40:00+00:00,160.98,166.5,1.0
2026-07-27 20:45:00+00:00,161.01,166.34,1.0
2026-07-27 20:50:00+00:00,161.14,166.5,1.0
2026-07-27 20:55:00+00:00,161.07,166.46,1.0
2026-07-27 21:00:00+00:00,160.96,166.4,1.0
2026-07-27 21:05:00+00:00,161.07,166.73,1.0
2026-07-27 21:10:00+00:00,160.85,166.57,1.0
2026-07-27 21:15:00+00:00,160.99,166.57,1.0
2026-07-27 21:20:00+00:00,161.05,166.63,1.0
2026-07-27 21:25:00+00:00,160.99,166.47,1.0
2026-07-27 21:30:00+00:00,161.0,166.38,1.0
2026-07-27 21:35:00+00:00,160.91,165.86,1.0
2026-07-27 21:40:00+00:00,161.02,166.11,1.0
2026-07-27 21:45:00+00:00,161.09,165.88,1.0
2026-07-27 21:50:00+00:00,161.35,165.98,1.0
2026-07-27 21:55:00+00:00,161.44,165.89,1.0
2026-07-27 22:00:00+00:00,160.97,165.58,1.0
2026-07-27 22:05:00+00:00,160.76,165.49,1.0
2026-07-27 22:10:00+00:00,160.46,165.05,1.0
2026-07-27 22:15:00+00:00,160.25,165.0,1.0
2026-07-27 22:20:00+00:00,160.41,165.02,1.0
2026-07-27 22:25:00+00:00,160.2,164.45,1.0
2026-07-27 22:30:00+00:00,160.72,164.86,1.0
2026-07-27 22:35:00+00:00,160.48,164.96,1.0
2026-07-27 22:40:00+00:00,160.44,164.74,1.0
2026-07-27 22:45:00+00:00,160.44,164.79,1.0
2026-07-27 22:50:00+00:00,160.05,164.65,1.0
2026-07-27 22:55:00+00:00,159.95,164.59,1.0
2026-07-27 23:00:00+00:00,159.78,165.11,1.0
2026-07-27 23:05:00+00:00,159.96,164.44,1.0
2026-07-27 23:10:00+00:00,160.06,164.89,1.0
2026-07-27 23:15:00+00:00,160.49,164.7,1.0
2026-07-27 23:20:00+00:00,160.36,164.84,1.0
2026-07-27 23:25:00+00:00,160.31,164.79,1.0
2026-07-27 23:30:00+00:00,160.02,164.56,1.0
2026-07-27 23:35:00+00:00,159.93,164.31,1.0
2026-07-27 23:40:00+00:00,159.36,163.69,1.0
2026-07-27 23:45:00+00:00,159.08,162.96,1.0
2026-07-27 23:50:00+00:00,159.7,163.73,1.0
2026-07-27 23:55:00+00:00,159.66,163.44,1.0
2026-07-28 00:00:00+00:00,160.14,163.98,1.0
2026-07-28 00:05:00+00:00,159.16,161.61,1.0
2026-07-28 00:10:00+00:00,158.06,159.91,1.0
2026-07-28 00:15:00+00:00,157.71,159.09,1.0
2026-07-28 00:20:00+00:00,157.02,157.79,1.0
2026-07-28 00:25:00+00:00,157.68,158.87,1.0
2026-07-28 00:30:00+00:00,157.41,159.06,1.0
2026-07-28 00:35:00+00:00,157.14,158.71,1.0
2026-07-28 00:40:00+00:00,157.28,159.04,1.0
2026-07-28 00:45:00+00:00,156.87,158.39,1.0
2026-07-28 00:50:00+00:00,156.36,157.82,1.0
2026-07-28 00:55:00+00:00,156.36,157.85,1.0
2026-07-28 01:00:00+00:00,156.64,158.03,1.0
2026-07-28 01:05:00+00:00,156.13,157.16,1.0
2026-07-28 01:10:00+00:00,156.17,157.5,1.0
2026-07-28 01:15:00+00:00,156.21,157.72,1.0
2026-07-28 01:20:00+00:00,156.15,157.44,1.0
2026-07-28 01:25:00+00:00,156.12,157.69,1.0
2026-07-28 01:30:00+00:00,156.37,157.61,1.0
2026-07-28 01:35:00+00:00,156.31,157.91,1.0
2026-07-28 01:40:00+00:00,156.67,158.17,1.0
2026-07-28 01:45:00+00:00,156.26,158.51,1.0
2026-07-28 01:50:00+00:00,155.18,156.79,1.0
2026-07-28 01:55:00+00:00,154.8,156.1,1.0
2026-07-28 02:00:00+00:00,153.69,153.75,1.0
2026-07-28 02:05:00+00:00,154.61,155.43,1.0
2026-07-28 02:10:00+00:00,154.65,155.36,1.0
2026-07-28 02:15:00+00:00,155.32,156.56,1.0
2026-07-28 02:20:00+00:00,155.58,157.15,1.0
2026-07-28 02:25:00+00:00,154.68,155.97,1.0
2026-07-28 02:30:00+00:00,154.2,155.2,1.0
2026-07-28 02:35:00+00:00,154.28,155.31,1.0
2026-07-28 02:40:00+00:00,153.95,154.55,1.0
2026-07-28 02:45:00+00:00,153.65,154.02,1.0
2026-07-28 02:50:00+00:00,154.08,154.16,1.0
2026-07-28 02:55:00+00:00,153.65,153.5,1.0
2026-07-28 03:00:00+00:00,153.15,152.67,1.0
2026-07-28 03:05:00+00:00,152.66,151.82,1.0
2026-07-28 03:10:00+00:00,152.81,151.84,1.0
2026-07-28 03:15:00+00:00,153.74,153.23,1.0
2026-07-28 03:20:00+00:00,154.41,154.3,1.0
2026-07-28 03:25:00+00:00,153.3,152.46,1.0
2026-07-28 03:30:00+00:00,153.62,153.14,1.0
2026-07-28 03:35:00+00:00,154.15,153.69,1.0
2026-07-28 03:40:00+00:00,154.36,153.78,1.0
2026-07-28 03:45:00+00:00,154.23,154.01,1.0
2026-07-28 03:50:00+00:00,154.29,154.29,1.0
2026-07-28 03:55:00+00:00,154.08,153.75,1.0
2026-07-28 04:00:00+00:00,153.68,153.83,1.0
2026-07-28 04:05:00+00:00,153.13,152.94,1.0
2026-07-28 04:10:00+00:00,153.18,153.06,1.0
2026-07-28 04:15:00+00:00,153.59,153.34,1.0
2026-07-28 04:20:00+00:00,152.69,152.43,1.0
2026-07-28 04:25:00+00:00,152.61,152.26,1.0
2026-07-28 04:30:00+00:00,152.76,152.26,1.0
2026-07-28 04:35:00+00:00,153.05,153.0,1.0
2026-07-28 04:40:00+00:00,152.96,152.75,1.0
2026-07-28 04:45:00+00:00,153.54,153.92,1.0
2026-07-28 04:50:00+00:00,153.25,153.53,1.0
2026-07-28 04:55:00+00:00,153.36,153.56,1.0
2026-07-28 05:00:00+00:00,153.96,154.08,1.0
2026-07-28 05:05:00+00:00,154.13,154.19,1.0
2026-07-28 05:10:00+00:00,153.28,153.19,1.0
2026-07-28 05:15:00+00:00,152.63,152.34,1.0
2026-07-28 05:20:00+00:00,152.3,152.08,1.0
2026-07-28 05:25:00+00:00,152.32,151.96,1.0
2026-07-28 05:30:00+00:00,151.95,151.47,1.0
2026-07-28 05:35:00+00:00,152.3,151.85,1.0
2026-07-28 05:40:00+00:00,152.48,152.31,1.0
2026-07-28 05:45:00+00:00,152.84,152.68,1.0
2026-07-28 05:50:00+00:00,152.41,152.6,1.0
2026-07-28 05:55:00+00:00,151.78,151.85,1.0
2026-07-28 06:00:00+00:00,151.95,151.51,1.0
2026-07-28 06:05:00+00:00,151.68,151.23,1.0
2026-07-28 06:10:00+00:00,151.73,150.81,1.0
2026-07-28 06:15:00+00:00,152.37,150.79,1.0
2026-07-28 06:20:00+00:00,152.82,150.92,1.0
2026-07-28 06:25:00+00:00,152.67,150.68,1.0
2026-07-28 06:30:00+00:00,152.76,151.43,1.0
2026-07-28 06:35:00+00:00,152.7,151.52,1.0
2026-07-28 06:40:00+00:00,152.41,151.29,1.0
2026-07-28 06:45:00+00:00,152.72,151.56,1.0
2026-07-28 06:50:00+00:00,152.92,151.75,1.0
2026-07-28 06:55:00+00:00,153.03,152.16,1.0
2026-07-28 07:00:00+00:00,153.11,152.09,1.0
2026-07-28 07:05:00+00:00,153.37,152.22,1.0
2026-07-28 07:10:00+00:00,153.25,152.5,1.0
2026-07-28 07:15:00+00:00,153.03,152.56,1.0
2026-07-28 07:20:00+00:00,152.84,152.53,1.0
2026-07-28 07:25:00+00:00,152.62,151.97,1.0
2026-07-28 07:30:00+00:00,152.82,152.33,1.0
2026-07-28 07:35:00+00:00,152.79,152.2,1.0
2026-07-28 07:40:00+00:00,152.69,152.24,1.0
2026-07-28 07:45:00+00:00,152.28,152.04,1.0
2026-07-28 07:50:00+00:00,152.51,152.25,1.0
2026-07-28 07:55:00+00:00,152.4,151.96,1.0
2026-07-28 08:00:00+00:00,152.69,152.01,1.0
2026-07-28 08:05:00+00:00,151.92,151.42,1.0
2026-07-28 08:10:00+00:00,151.81,151.08,1.0
2026-07-28 08:15:00+00:00,152.63,151.62,1.0
2026-07-28 08:20:00+00:00,153.03,152.3,1.0
2026-07-28 08:25:00+00:00,153.04,152.62,1.0
2026-07-28 08:30:00+00:00,153.16,152.32,1.0
2026-07-28 08:35:00+00:00,153.11,152.55,1.0
2026-07-28 08:40:00+00:00,153.29,152.73,1.0
2026-07-28 08:45:00+00:00,153.11,152.61,1.0
2026-07-28 08:50:00+00:00,152.97,152.24,1.0
2026-07-28 08:55:00+00:00,152.77,152.1,1.0
2026-07-28 09:00:00+00:00,152.55,152.24,1.0
2026-07-28 09:05:00+00:00,152.64,152.3,1.0
2026-07-28 09:10:00+00:00,152.44,152.26,1.0
2026-07-28 09:15:00+00:00,152.54,151.95,1.0
2026-07-28 09:20:00+00:00,152.61,152.04,1.0
2026-07-28 09:25:00+00:00,152.56,152.34,1.0
2026-07-28 09:30:00+00:00,152.25,151.76,1.0
2026-07-28 09:35:00+00:00,151.98,151.56,1.0
2026-07-28 09:40:00+00:00,151.96,151.72,1.0
2026-07-28 09:45:00+00:00,151.95,151.62,1.0
2026-07-28 09:50:00+00:00,151.64,151.52,1.0
2026-07-28 09:55:00+00:00,151.73,151.38,1.0
2026-07-28 10:00:00+00:00,151.72,151.3,1.0
2026-07-28 10:05:00+00:00,151.91,151.32,1.0
2026-07-28 10:10:00+00:00,151.77,151.09,1.0
2026-07-28 10:15:00+00:00,151.95,151.1,1.0
2026-07-28 10:20:00+00:00,151.49,150.89,1.0
2026-07-28 10:25:00+00:00,151.75,150.94,1.0
2026-07-28 10:30:00+00:00,151.48,150.67,1.0
2026-07-28 10:35:00+00:00,150.78,150.13,1.0
2026-07-28 10:40:00+00:00,150.86,149.94,1.0
2026-07-28 10:45:00+00:00,150.99,149.92,1.0
2026-07-28 10:50:00+00:00,151.32,150.46,1.0
2026-07-28 10:55:00+00:00,151.37,150.33,1.0
2026-07-28 11:00:00+00:00,150.78,149.55,1.0
2026-07-28 11:05:00+00:00,150.74,149.82,1.0
2026-07-28 11:10:00+00:00,150.06,149.04,1.0
2026-07-28 11:15:00+00:00,151.11,150.37,1.0
2026-07-28 11:20:00+00:00,150.73,149.82,1.0
2026-07-28 11:25:00+00:00,150.5,149.81,1.0
2026-07-28 11:30:00+00:00,150.4,150.0,1.0
2026-07-28 11:35:00+00:00,150.33,150.04,1.0
2026-07-28 11:40:00+00:00,150.29,150.15,1.0
2026-07-28 11:45:00+00:00,151.13,150.8,1.0
2026-07-28 11:50:00+00:00,151.42,150.86,1.0
2026-07-28 11:55:00+00:00,151.79,151.03,1.0
2026-07-28 12:00:00+00:00,152.19,151.32,1.0
2026-07-28 12:05:00+00:00,152.09,151.3,1.0
2026-07-28 12:10:00+00:00,152.06,151.32,1.0
2026-07-28 12:15:00+00:00,152.26,151.57,1.0
2026-07-28 12:20:00+00:00,152.09,151.12,1.0
2026-07-28 12:25:00+00:00,152.45,151.54,1.0
2026-07-28 12:30:00+00:00,152.18,151.02,1.0
2026-07-28 12:35:00+00:00,151.87,150.64,1.0
2026-07-28 12:40:00+00:00,152.61,151.33,1.0
2026-07-28 12:45:00+00:00,152.69,151.5,1.0
2026-07-28 12:50:00+00:00,152.87,151.68,1.0
2026-07-28 12:55:00+00:00,152.51,151.25,1.0
2026-07-28 13:00:00+00:00,152.14,150.85,1.0
2026-07-28 13:05:00+00:00,152.91,151.69,1.0
2026-07-28 13:10:00+00:00,152.76,151.53,1.0
2026-07-28 13:15:00+00:00,152.62,151.69,1.0
2026-07-28 13:20:00+00:00,152.45,151.48,1.0
2026-07-28 13:25:00+00:00,152.26,150.94,1.0
2026-07-28 13:30:00+00:00,152.33,150.65,1.0
2026-07-28 13:35:00+00:00,150.73,148.78,1.0
2026-07-28 13:40:00+00:00,150.66,148.73,1.0
2026-07-28 13:45:00+00:00,151.75,149.83,1.0
2026-07-28 13:50:00+00:00,150.31,148.7,1.0
2026-07-28 13:55:00+00:00,149.87,148.21,1.0
2026-07-28 14:00:00+00:00,150.81,149.88,1.0
2026-07-28 14:05:00+00:00,150.75,149.87,1.0
2026-07-28 14:10:00+00:00,150.54,149.34,1.0
2026-07-28 14:15:00+00:00,149.49,148.25,1.0
2026-07-28 14:20:00+00:00,150.57,149.27,1.0
2026-07-28 14:25:00+00:00,151.08,150.09,1.0
2026-07-28 14:30:00+00:00,151.13,149.83,1.0
2026-07-28 14:35:00+00:00,151.98,150.75,1.0
2026-07-28 14:40:00+00:00,152.65,151.58,1.0
2026-07-28 14:45:00+00:00,153.5,152.65,1.0
2026-07-28 14:50:00+00:00,153.12,152.18,1.0
2026-07-28 14:55:00+00:00,152.77,152.52,1.0
2026-07-28 15:00:00+00:00,152.3,151.65,1.0
2026-07-28 15:05:00+00:00,152.46,151.95,1.0
2026-07-28 15:10:00+00:00,152.69,152.29,1.0
2026-07-28 15:15:00+00:00,153.19,152.59,1.0
2026-07-28 15:20:00+00:00,154.16,153.82,1.0
2026-07-28 15:25:00+00:00,153.92,153.28,1.0
2026-07-28 15:30:00+00:00,154.09,153.69,1.0
2026-07-28 15:35:00+00:00,154.18,154.09,1.0
2026-07-28 15:40:00+00:00,154.67,153.25,1.0
2026-07-28 15:45:00+00:00,154.83,153.81,1.0
2026-07-28 15:50:00+00:00,154.75,153.91,1.0
2026-07-28 15:55:00+00:00,154.9,154.46,1.0
2026-07-28 16:00:00+00:00,154.98,154.65,1.0
2026-07-28 16:05:00+00:00,154.18,153.76,1.0
2026-07-28 16:10:00+00:00,154.24,154.05,1.0
2026-07-28 16:15:00+00:00,154.46,154.54,1.0
2026-07-28 16:20:00+00:00,154.11,154.15,1.0
2026-07-28 16:25:00+00:00,154.34,154.26,1.0
2026-07-28 16:30:00+00:00,154.09,153.84,1.0
2026-07-28 16:35:00+00:00,154.39,154.24,1.0
2026-07-28 16:40:00+00:00,154.47,154.31,1.0
2026-07-28 16:45:00+00:00,153.77,153.51,1.0
2026-07-28 16:50:00+00:00,154.5,154.17,1.0
2026-07-28 16:55:00+00:00,154.44,153.97,1.0
2026-07-28 17:00:00+00:00,153.82,153.43,1.0
2026-07-28 17:05:00+00:00,153.39,152.83,1.0
2026-07-28 17:10:00+00:00,153.07,152.18,1.0
2026-07-28 17:15:00+00:00,153.14,152.3,1.0
2026-07-28 17:20:00+00:00,153.02,152.22,1.0
2026-07-28 17:25:00+00:00,153.29,152.37,1.0
2026-07-28 17:30:00+00:00,153.62,152.93,1.0
2026-07-28 17:35:00+00:00,153.18,152.55,1.0
2026-07-28 17:40:00+00:00,152.34,151.61,1.0
2026-07-28 17:45:00+00:00,152.76,151.93,1.0
2026-07-28 17:50:00+00:00,152.2,151.4,1.0
2026-07-28 17:55:00+00:00,152.78,151.94,1.0
2026-07-28 18:00:00+00:00,152.97,152.24,1.0
2026-07-28 18:05:00+00:00,152.62,151.94,1.0
2026-07-28 18:10:00+00:00,152.36,151.59,1.0
2026-07-28 18:15:00+00:00,152.65,151.8,1.0
2026-07-28 18:20:00+00:00,152.6,151.6,1.0
2026-07-28 18:25:00+00:00,152.4,151.59,1.0
2026-07-28 18:30:00+00:00,152.67,151.98,1.0
2026-07-28 18:35:00+00:00,152.88,152.07,1.0
2026-07-28 18:40:00+00:00,152.82,152.1,1.0
2026-07-28 18:45:00+00:00,152.8,152.07,1.0
2026-07-28 18:50:00+00:00,152.8,152.06,1.0
2026-07-28 18:55:00+00:00,152.98,152.4,1.0
2026-07-28 19:00:00+00:00,153.65,153.18,1.0
2026-07-28 19:05:00+00:00,153.33,153.04,1.0
2026-07-28 19:10:00+00:00,153.65,153.22,1.0
2026-07-28 19:15:00+00:00,153.57,153.34,1.0
2026-07-28 19:20:00+00:00,153.85,153.77,1.0
2026-07-28 19:25:00+00:00,153.66,153.58,1.0
2026-07-28 19:30:00+00:00,153.83,153.56,1.0
2026-07-28 19:35:00+00:00,153.04,152.84,1.0
2026-07-28 19:40:00+00:00,152.84,152.46,1.0
2026-07-28 19:45:00+00:00,152.63,152.28,1.0
2026-07-28 19:50:00+00:00,152.85,151.94,1.0
2026-07-28 19:55:00+00:00,151.72,151.22,1.0
2026-07-28 20:00:00+00:00,151.65,150.86,1.0
2026-07-28 20:05:00+00:00,151.68,151.37,1.0
2026-07-28 20:10:00+00:00,152.24,151.5,1.0
2026-07-28 20:15:00+00:00,152.87,152.07,1.0
2026-07-28 20:20:00+00:00,153.39,152.5,1.0
2026-07-28 20:25:00+00:00,153.71,152.68,1.0
2026-07-28 20:30:00+00:00,153.34,152.44,1.0
2026-07-28 20:35:00+00:00,153.07,151.32,1.0
2026-07-28 20:40:00+00:00,153.3,151.45,1.0
2026-07-28 20:45:00+00:00,153.21,151.46,1.0
2026-07-28 20:50:00+00:00,153.42,151.55,1.0
2026-07-28 20:55:00+00:00,153.52,151.77,1.0
2026-07-28 21:00:00+00:00,153.79,152.04,1.0
2026-07-28 21:05:00+00:00,153.51,151.6,1.0
2026-07-28 21:10:00+00:00,153.93,151.6,1.0
2026-07-28 21:15:00+00:00,153.73,151.19,1.0
2026-07-28 21:20:00+00:00,153.85,151.17,1.0
2026-07-28 21:25:00+00:00,154.26,151.41,1.0
2026-07-28 21:30:00+00:00,154.83,151.88,1.0
2026-07-28 21:35:00+00:00,154.58,151.81,1.0
2026-07-28 21:40:00+00:00,154.89,151.91,1.0
2026-07-28 21:45:00+00:00,154.76,151.53,1.0
2026-07-28 21:50:00+00:00,154.85,151.72,1.0
2026-07-28 21:55:00+00:00,154.73,151.66,1.0
2026-07-28 22:00:00+00:00,154.98,151.75,1.0
2026-07-28 22:05:00+00:00,155.06,151.96,1.0
2026-07-28 22:10:00+00:00,154.81,151.54,1.0
2026-07-28 22:15:00+00:00,154.74,151.14,1.0
2026-07-28 22:20:00+00:00,154.64,151.37,1.0
2026-07-28 22:25:00+00:00,154.73,151.62,1.0
2026-07-28 22:30:00+00:00,154.15,151.2,1.0
2026-07-28 22:35:00+00:00,153.84,151.02,1.0
2026-07-28 22:40:00+00:00,153.24,150.55,1.0
2026-07-28 22:45:00+00:00,150.64,147.26,1.0
2026-07-28 22:50:00+00:00,150.48,145.97,1.0
2026-07-28 22:55:00+00:00,148.67,144.87,1.0
2026-07-28 23:00:00+00:00,149.41,145.31,1.0
2026-07-28 23:05:00+00:00,148.75,145.96,1.0
2026-07-28 23:10:00+00:00,150.89,148.68,1.0
2026-07-28 23:15:00+00:00,150.95,149.28,1.0
2026-07-28 23:20:00+00:00,150.78,148.95,1.0
2026-07-28 23:25:00+00:00,152.13,150.91,1.0
2026-07-28 23:30:00+00:00,152.56,150.42,1.0
2026-07-28 23:35:00+00:00,152.65,150.4,1.0
2026-07-28 23:40:00+00:00,153.87,152.14,1.0
2026-07-28 23:45:00+00:00,154.74,152.88,1.0
2026-07-28 23:50:00+00:00,154.77,153.29,1.0
2026-07-28 23:55:00+00:00,154.93,155.6,1.0
2026-07-29 00:00:00+00:00,155.77,158.19,1.0
2026-07-29 00:05:00+00:00,156.32,158.7,1.0
2026-07-29 00:10:00+00:00,156.5,159.51,1.0
2026-07-29 00:15:00+00:00,156.45,159.54,1.0
2026-07-29 00:20:00+00:00,154.6,157.62,1.0
2026-07-29 00:25:00+00:00,154.68,157.9,1.0
2026-07-29 00:30:00+00:00,152.92,155.06,1.0
2026-07-29 00:35:00+00:00,154.62,157.37,1.0
2026-07-29 00:40:00+00:00,154.52,157.16,1.0
2026-07-29 00:45:00+00:00,154.23,157.1,1.0
2026-07-29 00:50:00+00:00,155.61,158.66,1.0
2026-07-29 00:55:00+00:00,154.37,156.92,1.0
2026-07-29 01:00:00+00:00,154.83,157.34,1.0
2026-07-29 01:05:00+00:00,153.99,156.31,1.0
2026-07-29 01:10:00+00:00,152.3,153.9,1.0
2026-07-29 01:15:00+00:00,151.47,153.09,1.0
2026-07-29 01:20:00+00:00,153.45,155.53,1.0
2026-07-29 01:25:00+00:00,153.39,155.51,1.0
2026-07-29 01:30:00+00:00,152.52,154.55,1.0
2026-07-29 01:35:00+00:00,151.6,153.19,1.0
2026-07-29 01:40:00+00:00,149.33,149.73,1.0
2026-07-29 01:45:00+00:00,148.1,148.18,1.0
2026-07-29 01:50:00+00:00,146.79,145.85,1.0
2026-07-29 01:55:00+00:00,146.24,145.16,1.0
2026-07-29 02:00:00+00:00,145.68,144.65,1.0
2026-07-29 02:05:00+00:00,145.96,145.43,1.0
2026-07-29 02:10:00+00:00,146.11,145.33,1.0
2026-07-29 02:15:00+00:00,144.99,143.7,1.0
2026-07-29 02:20:00+00:00,145.48,144.15,1.0
2026-07-29 02:25:00+00:00,147.06,146.37,1.0
2026-07-29 02:30:00+00:00,145.89,145.14,1.0
2026-07-29 02:35:00+00:00,145.23,144.41,1.0
2026-07-29 02:40:00+00:00,145.01,144.15,1.0
2026-07-29 02:45:00+00:00,143.92,142.51,1.0
2026-07-29 02:50:00+00:00,143.82,142.72,1.0
2026-07-29 02:55:00+00:00,143.17,141.66,1.0
2026-07-29 03:00:00+00:00,142.66,140.97,1.0
2026-07-29 03:05:00+00:00,145.12,144.28,1.0
2026-07-29 03:10:00+00:00,143.38,142.1,1.0
2026-07-29 03:15:00+00:00,142.53,140.8,1.0
2026-07-29 03:20:00+00:00,142.33,140.19,1.0
2026-07-29 03:25:00+00:00,142.12,140.4,1.0
2026-07-29 03:30:00+00:00,142.09,140.21,1.0
2026-07-29 03:35:00+00:00,141.86,140.24,1.0
2026-07-29 03:40:00+00:00,142.25,140.51,1.0
2026-07-29 03:45:00+00:00,142.1,140.34,1.0
2026-07-29 03:50:00+00:00,142.11,140.03,1.0
2026-07-29 03:55:00+00:00,142.13,139.79,1.0
2026-07-29 04:00:00+00:00,141.53,139.29,1.0
2026-07-29 04:05:00+00:00,140.55,137.76,1.0
2026-07-29 04:10:00+00:00,140.14,137.53,1.0
2026-07-29 04:15:00+00:00,138.77,134.77,1.0
2026-07-29 04:20:00+00:00,139.1,135.33,1.0
2026-07-29 04:25:00+00:00,137.79,133.63,1.0
2026-07-29 04:30:00+00:00,138.39,133.81,1.0
2026-07-29 04:35:00+00:00,138.99,135.56,1.0
2026-07-29 04:40:00+00:00,138.0,134.6,1.0
2026-07-29 04:45:00+00:00,138.5,136.85,1.0
2026-07-29 04:50:00+00:00,139.78,139.65,1.0
2026-07-29 04:55:00+00:00,141.06,141.02,1.0
2026-07-29 05:00:00+00:00,141.49,141.28,1.0
2026-07-29 05:05:00+00:00,142.11,141.92,1.0
2026-07-29 05:10:00+00:00,143.22,142.67,1.0
2026-07-29 05:15:00+00:00,141.49,140.48,1.0
2026-07-29 05:20:00+00:00,142.74,142.38,1.0
2026-07-29 05:25:00+00:00,143.27,143.01,1.0
2026-07-29 05:30:00+00:00,143.83,143.55,1.0
2026-07-29 05:35:00+00:00,144.69,144.54,1.0
2026-07-29 05:40:00+00:00,143.98,143.54,1.0
2026-07-29 05:45:00+00:00,143.89,144.05,1.0
2026-07-29 05:50:00+00:00,143.81,144.02,1.0
2026-07-29 05:55:00+00:00,143.65,143.8,1.0
2026-07-29 06:00:00+00:00,142.07,140.28,1.0
2026-07-29 06:05:00+00:00,141.98,140.33,1.0
2026-07-29 06:10:00+00:00,143.09,142.35,1.0
2026-07-29 06:15:00+00:00,144.65,145.41,1.0
2026-07-29 06:20:00+00:00,144.81,145.17,1.0
2026-07-29 06:25:00+00:00,144.6,144.64,1.0
2026-07-29 06:30:00+00:00,145.42,145.81,1.0
2026-07-29 06:35:00+00:00,145.13,145.72,1.0
2026-07-29 06:40:00+00:00,145.49,146.46,1.0
2026-07-29 06:45:00+00:00,145.83,148.07,1.0
2026-07-29 06:50:00+00:00,145.81,147.85,1.0
2026-07-29 06:55:00+00:00,145.78,147.44,1.0
2026-07-29 07:00:00+00:00,146.25,148.5,1.0
2026-07-29 07:05:00+00:00,146.28,148.46,1.0
2026-07-29 07:10:00+00:00,146.61,149.38,1.0
2026-07-29 07:15:00+00:00,146.87,149.04,1.0
2026-07-29 07:20:00+00:00,146.59,148.32,1.0
2026-07-29 07:25:00+00:00,146.9,149.43,1.0
2026-07-29 07:30:00+00:00,146.74,149.32,1.0
2026-07-29 07:35:00+00:00,146.88,149.43,1.0
2026-07-29 07:40:00+00:00,146.45,148.71,1.0
2026-07-29 07:45:00+00:00,146.45,148.25,1.0
2026-07-29 07:50:00+00:00,146.24,147.66,1.0
2026-07-29 07:55:00+00:00,146.53,147.39,1.0
2026-07-29 08:00:00+00:00,146.76,148.21,1.0
2026-07-29 08:05:00+00:00,146.46,147.94,1.0
2026-07-29 08:10:00+00:00,146.22,146.92,1.0
2026-07-29 08:15:00+00:00,145.88,146.78,1.0
2026-07-29 08:20:00+00:00,145.25,145.96,1.0
2026-07-29 08:25:00+00:00,145.5,145.96,1.0
2026-07-29 08:30:00+00:00,145.78,146.61,1.0
2026-07-29 08:35:00+00:00,145.74,147.05,1.0
2026-07-29 08:40:00+00:00,146.45,147.9,1.0
2026-07-29 08:45:00+00:00,146.58,147.87,1.0
2026-07-29 08:50:00+00:00,146.13,147.09,1.0
2026-07-29 08:55:00+00:00,146.07,147.28,1.0
2026-07-29 09:00:00+00:00,147.91,149.47,1.0
2026-07-29 09:05:00+00:00,148.99,150.85,1.0
2026-07-29 09:10:00+00:00,148.67,150.93,1.0
2026-07-29 09:15:00+00:00,148.08,150.38,1.0
2026-07-29 09:20:00+00:00,147.76,150.67,1.0
2026-07-29 09:25:00+00:00,147.89,150.85,1.0
2026-07-29 09:30:00+00:00,147.73,150.38,1.0
2026-07-29 09:35:00+00:00,147.99,150.88,1.0
2026-07-29 09:40:00+00:00,148.59,151.89,1.0
2026-07-29 09:45:00+00:00,149.19,152.44,1.0
2026-07-29 09:50:00+00:00,148.96,152.54,1.0
2026-07-29 09:55:00+00:00,148.81,152.36,1.0
2026-07-29 10:00:00+00:00,148.82,152.3,1.0
2026-07-29 10:05:00+00:00,149.01,152.63,1.0
2026-07-29 10:10:00+00:00,148.63,152.13,1.0
2026-07-29 10:15:00+00:00,148.41,151.06,1.0
2026-07-29 10:20:00+00:00,148.34,151.28,1.0
2026-07-29 10:25:00+00:00,148.34,151.1,1.0
2026-07-29 10:30:00+00:00,147.8,150.45,1.0
2026-07-29 10:35:00+00:00,147.8,150.32,1.0
2026-07-29 10:40:00+00:00,147.62,150.2,1.0
2026-07-29 10:45:00+00:00,147.28,149.61,1.0
2026-07-29 10:50:00+00:00,146.78,148.96,1.0
2026-07-29 10:55:00+00:00,147.02,149.04,1.0
2026-07-29 11:00:00+00:00,147.3,149.85,1.0
2026-07-29 11:05:00+00:00,147.93,150.85,1.0
2026-07-29 11:10:00+00:00,148.11,151.0,1.0
2026-07-29 11:15:00+00:00,148.35,152.05,1.0
2026-07-29 11:20:00+00:00,148.62,152.29,1.0
2026-07-29 11:25:00+00:00,148.79,152.28,1.0
2026-07-29 11:30:00+00:00,148.27,151.62,1.0
2026-07-29 11:35:00+00:00,148.11,151.07,1.0
2026-07-29 11:40:00+00:00,148.27,151.06,1.0
2026-07-29 11:45:00+00:00,149.01,151.73,1.0
2026-07-29 11:50:00+00:00,148.81,151.53,1.0
2026-07-29 11:55:00+00:00,149.37,152.45,1.0
2026-07-29 12:00:00+00:00,148.8,151.67,1.0
2026-07-29 12:05:00+00:00,148.49,151.61,1.0
2026-07-29 12:10:00+00:00,148.07,151.23,1.0
2026-07-29 12:15:00+00:00,146.99,150.73,1.0
2026-07-29 12:20:00+00:00,146.91,150.41,1.0
2026-07-29 12:25:00+00:00,147.15,150.32,1.0
2026-07-29 12:30:00+00:00,147.45,150.88,1.0
2026-07-29 12:35:00+00:00,147.44,151.04,1.0
2026-07-29 12:40:00+00:00,147.88,151.37,1.0
2026-07-29 12:45:00+00:00,147.99,151.61,1.0
2026-07-29 12:50:00+00:00,148.22,152.04,1.0
2026-07-29 12:55:00+00:00,147.85,151.57,1.0
2026-07-29 13:00:00+00:00,147.79,151.23,1.0
2026-07-29 13:05:00+00:00,147.97,151.7,1.0
2026-07-29 13:10:00+00:00,147.2,150.66,1.0
2026-07-29 13:15:00+00:00,147.18,150.33,1.0
2026-07-29 13:20:00+00:00,147.79,151.05,1.0
2026-07-29 13:25:00+00:00,148.95,152.85,1.0
2026-07-29 13:30:00+00:00,150.18,154.02,1.0
2026-07-29 13:35:00+00:00,148.77,152.38,1.0
2026-07-29 13:40:00+00:00,149.83,153.85,1.0
2026-07-29 13:45:00+00:00,149.48,153.78,1.0
2026-07-29 13:50:00+00:00,148.86,152.85,1.0
2026-07-29 13:55:00+00:00,148.97,152.68,1.0
2026-07-29 14:00:00+00:00,150.76,154.7,1.0
2026-07-29 14:05:00+00:00,150.11,153.8,1.0
2026-07-29 14:10:00+00:00,148.96,152.83,1.0
2026-07-29 14:15:00+00:00,149.16,152.63,1.0
2026-07-29 14:20:00+00:00,148.67,151.7,1.0
2026-07-29 14:25:00+00:00,148.11,151.1,1.0
2026-07-29 14:30:00+00:00,148.61,151.16,1.0
2026-07-29 14:35:00+00:00,147.02,149.57,1.0
2026-07-29 14:40:00+00:00,145.65,147.22,1.0
2026-07-29 14:45:00+00:00,145.59,147.2,1.0
2026-07-29 14:50:00+00:00,146.06,146.69,1.0
2026-07-29 14:55:00+00:00,145.76,146.67,1.0
2026-07-29 15:00:00+00:00,146.46,147.43,1.0
2026-07-29 15:05:00+00:00,146.95,147.36,1.0
2026-07-29 15:10:00+00:00,146.07,146.75,1.0
2026-07-29 15:15:00+00:00,145.6,145.9,1.0
2026-07-29 15:20:00+00:00,146.57,147.23,1.0
2026-07-29 15:25:00+00:00,145.77,146.44,1.0
2026-07-29 15:30:00+00:00,145.73,146.43,1.0
2026-07-29 15:35:00+00:00,145.71,147.29,1.0
2026-07-29 15:40:00+00:00,145.8,147.61,1.0
2026-07-29 15:45:00+00:00,146.03,147.84,1.0
2026-07-29 15:50:00+00:00,145.16,146.45,1.0
2026-07-29 15:55:00+00:00,145.44,147.4,1.0
2026-07-29 16:00:00+00:00,144.14,144.42,1.0
2026-07-29 16:05:00+00:00,143.97,144.89,1.0
2026-07-29 16:10:00+00:00,143.18,143.21,1.0
2026-07-29 16:15:00+00:00,143.73,143.7,1.0
2026-07-29 16:20:00+00:00,145.04,145.31,1.0
2026-07-29 16:25:00+00:00,145.4,145.81,1.0
2026-07-29 16:30:00+00:00,144.92,145.02,1.0
2026-07-29 16:35:00+00:00,145.44,145.78,1.0
2026-07-29 16:40:00+00:00,145.15,145.5,1.0
2026-07-29 16:45:00+00:00,145.64,146.34,1.0
2026-07-29 16:50:00+00:00,145.51,146.15,1.0
2026-07-29 16:55:00+00:00,145.89,146.76,1.0
2026-07-29 17:00:00+00:00,146.75,147.88,1.0
2026-07-29 17:05:00+00:00,146.64,147.39,1.0
2026-07-29 17:10:00+00:00,147.54,148.52,1.0
2026-07-29 17:15:00+00:00,147.21,148.31,1.0
2026-07-29 17:20:00+00:00,147.24,148.44,1.0
2026-07-29 17:25:00+00:00,146.72,147.79,1.0
2026-07-29 17:30:00+00:00,147.22,148.33,1.0
2026-07-29 17:35:00+00:00,146.71,147.32,1.0
2026-07-29 17:40:00+00:00,146.9,147.45,1.0
2026-07-29 17:45:00+00:00,147.2,147.83,1.0
2026-07-29 17:50:00+00:00,147.47,148.44,1.0
2026-07-29 17:55:00+00:00,147.78,148.56,1.0
2026-07-29 18:00:00+00:00,150.05,152.64,1.0
2026-07-29 18:05:00+00:00,150.46,153.19,1.0
2026-07-29 18:10:00+00:00,150.02,152.67,1.0
2026-07-29 18:15:00+00:00,149.35,151.64,1.0
2026-07-29 18:20:00+00:00,148.91,151.6,1.0
2026-07-29 18:25:00+00:00,148.75,151.28,1.0
2026-07-29 18:30:00+00:00,148.91,150.91,1.0
2026-07-29 18:35:00+00:00,150.89,154.08,1.0
2026-07-29 18:40:00+00:00,152.19,155.35,1.0
2026-07-29 18:45:00+00:00,153.03,156.4,1.0
2026-07-29 18:50:00+00:00,153.77,157.21,1.0
2026-07-29 18:55:00+00:00,153.54,157.35,1.0
2026-07-29 19:00:00+00:00,152.78,155.35,1.0
2026-07-29 19:05:00+00:00,151.55,153.97,1.0
2026-07-29 19:10:00+00:00,151.78,154.44,1.0
2026-07-29 19:15:00+00:00,151.36,153.59,1.0
2026-07-29 19:20:00+00:00,149.83,151.82,1.0
2026-07-29 19:25:00+00:00,149.59,151.93,1.0
2026-07-29 19:30:00+00:00,148.58,150.25,1.0
2026-07-29 19:35:00+00:00,147.72,149.4,1.0
2026-07-29 19:40:00+00:00,147.2,148.59,1.0
2026-07-29 19:45:00+00:00,146.92,148.17,1.0
2026-07-29 19:50:00+00:00,146.22,147.24,1.0
2026-07-29 19:55:00+00:00,144.47,145.95,1.0
2026-07-29 20:00:00+00:00,144.19,145.47,1.0
2026-07-29 20:05:00+00:00,142.99,144.77,1.0
2026-07-29 20:10:00+00:00,143.87,146.75,1.0
2026-07-29 20:15:00+00:00,143.81,145.75,1.0
2026-07-29 20:20:00+00:00,143.45,144.85,1.0
2026-07-29 20:25:00+00:00,143.37,144.04,1.0
2026-07-29 20:30:00+00:00,143.5,143.97,1.0
2026-07-29 20:35:00+00:00,144.8,145.42,1.0
2026-07-29 20:40:00+00:00,144.42,145.96,1.0
2026-07-29 20:45:00+00:00,143.73,145.14,1.0
2026-07-29 20:50:00+00:00,143.74,145.19,1.0
2026-07-29 20:55:00+00:00,143.11,143.72,1.0
2026-07-29 21:00:00+00:00,143.18,145.07,1.0
2026-07-29 21:05:00+00:00,142.66,144.68,1.0
2026-07-29 21:10:00+00:00,142.25,143.26,1.0
2026-07-29 21:15:00+00:00,142.44,143.59,1.0
2026-07-29 21:20:00+00:00,142.81,144.62,1.0
2026-07-29 21:25:00+00:00,143.05,145.56,1.0
2026-07-29 21:30:00+00:00,142.52,144.61,1.0
2026-07-29 21:35:00+00:00,141.83,142.99,1.0
2026-07-29 21:40:00+00:00,142.54,143.14,1.0
2026-07-29 21:45:00+00:00,142.43,143.66,1.0
2026-07-29 21:50:00+00:00,142.44,143.8,1.0
2026-07-29 21:55:00+00:00,143.03,145.12,1.0
2026-07-29 22:00:00+00:00,143.4,146.3,1.0
2026-07-29 22:05:00+00:00,143.44,146.84,1.0
2026-07-29 22:10:00+00:00,143.75,146.32,1.0
2026-07-29 22:15:00+00:00,144.44,146.54,1.0
2026-07-29 22:20:00+00:00,144.66,146.52,1.0
2026-07-29 22:25:00+00:00,144.97,146.84,1.0
2026-07-29 22:30:00+00:00,145.36,146.7,1.0
2026-07-29 22:35:00+00:00,145.13,146.87,1.0
2026-07-29 22:40:00+00:00,145.5,147.13,1.0
2026-07-29 22:45:00+00:00,144.96,146.14,1.0
2026-07-29 22:50:00+00:00,144.61,145.4,1.0
2026-07-29 22:55:00+00:00,145.37,146.0,1.0
2026-07-29 23:00:00+00:00,145.41,145.35,1.0
2026-07-29 23:05:00+00:00,145.65,145.88,1.0
2026-07-29 23:10:00+00:00,144.89,144.71,1.0
2026-07-29 23:15:00+00:00,144.97,144.68,1.0
2026-07-29 23:20:00+00:00,145.01,144.36,1.0
2026-07-29 23:25:00+00:00,144.66,144.24,1.0
2026-07-29 23:30:00+00:00,144.51,144.07,1.0
2026-07-29 23:35:00+00:00,144.17,143.22,1.0
2026-07-29 23:40:00+00:00,144.41,143.79,1.0
2026-07-29 23:45:00+00:00,145.02,146.57,1.0
2026-07-29 23:50:00+00:00,145.22,146.9,1.0
2026-07-29 23:55:00+00:00,145.46,148.37,1.0
2026-07-30 00:00:00+00:00,144.39,145.53,1.0
2026-07-30 00:05:00+00:00,147.3,148.64,1.0
2026-07-30 00:10:00+00:00,146.5,148.02,1.0
2026-07-30 00:15:00+00:00,146.73,147.19,1.0
2026-07-30 00:20:00+00:00,145.98,146.39,1.0
2026-07-30 00:25:00+00:00,146.97,147.95,1.0
2026-07-30 00:30:00+00:00,144.85,144.47,1.0
2026-07-30 00:35:00+00:00,145.17,144.48,1.0
2026-07-30 00:40:00+00:00,143.68,141.91,1.0
2026-07-30 00:45:00+00:00,145.45,144.76,1.0
2026-07-30 00:50:00+00:00,145.15,145.15,1.0
2026-07-30 00:55:00+00:00,145.99,146.78,1.0
2026-07-30 01:00:00+00:00,147.17,148.25,1.0
2026-07-30 01:05:00+00:00,147.6,147.37,1.0
2026-07-30 01:10:00+00:00,146.16,144.94,1.0
2026-07-30 01:15:00+00:00,146.68,145.59,1.0
2026-07-30 01:20:00+00:00,147.49,147.05,1.0
2026-07-30 01:25:00+00:00,148.69,149.63,1.0
2026-07-30 01:30:00+00:00,150.79,151.93,1.0
2026-07-30 01:35:00+00:00,151.44,154.41,1.0
2026-07-30 01:40:00+00:00,151.58,154.29,1.0
2026-07-30 01:45:00+00:00,152.29,156.43,1.0
2026-07-30 01:50:00+00:00,151.71,155.81,1.0
2026-07-30 01:55:00+00:00,150.86,153.86,1.0
2026-07-30 02:00:00+00:00,151.14,154.62,1.0
2026-07-30 02:05:00+00:00,151.17,155.47,1.0
2026-07-30 02:10:00+00:00,149.84,153.77,1.0
2026-07-30 02:15:00+00:00,148.75,151.94,1.0
2026-07-30 02:20:00+00:00,149.25,153.19,1.0
2026-07-30 02:25:00+00:00,148.61,152.16,1.0
2026-07-30 02:30:00+00:00,147.41,150.17,1.0
2026-07-30 02:35:00+00:00,147.11,149.27,1.0
2026-07-30 02:40:00+00:00,148.1,150.71,1.0
2026-07-30 02:45:00+00:00,147.72,150.19,1.0
2026-07-30 02:50:00+00:00,147.18,149.89,1.0
2026-07-30 02:55:00+00:00,145.6,147.55,1.0
2026-07-30 03:00:00+00:00,145.81,147.98,1.0
2026-07-30 03:05:00+00:00,144.82,146.78,1.0
2026-07-30 03:10:00+00:00,144.14,145.73,1.0
2026-07-30 03:15:00+00:00,144.11,146.07,1.0
2026-07-30 03:20:00+00:00,144.18,146.07,1.0
2026-07-30 03:25:00+00:00,144.71,146.62,1.0
2026-07-30 03:30:00+00:00,145.29,147.22,1.0
2026-07-30 03:35:00+00:00,143.99,145.76,1.0
2026-07-30 03:40:00+00:00,145.51,147.83,1.0
2026-07-30 03:45:00+00:00,145.83,148.29,1.0
2026-07-30 03:50:00+00:00,145.52,147.93,1.0
2026-07-30 03:55:00+00:00,144.93,146.63,1.0
2026-07-30 04:00:00+00:00,144.85,146.7,1.0
2026-07-30 04:05:00+00:00,143.47,145.13,1.0
2026-07-30 04:10:00+00:00,143.71,145.34,1.0
2026-07-30 04:15:00+00:00,143.19,144.73,1.0
2026-07-30 04:20:00+00:00,144.24,146.13,1.0
2026-07-30 04:25:00+00:00,145.56,147.77,1.0
2026-07-30 04:30:00+00:00,145.17,147.29,1.0
2026-07-30 04:35:00+00:00,144.79,147.15,1.0
2026-07-30 04:40:00+00:00,143.93,145.94,1.0
2026-07-30 04:45:00+00:00,144.38,146.51,1.0
2026-07-30 04:50:00+00:00,143.93,145.86,1.0
2026-07-30 04:55:00+00:00,143.45,145.37,1.0
2026-07-30 05:00:00+00:00,143.89,145.87,1.0
2026-07-30 05:05:00+00:00,143.89,145.34,1.0
2026-07-30 05:10:00+00:00,144.41,146.11,1.0
2026-07-30 05:15:00+00:00,145.05,146.98,1.0
2026-07-30 05:20:00+00:00,145.08,146.87,1.0
2026-07-30 05:25:00+00:00,144.16,145.78,1.0
2026-07-30 05:30:00+00:00,144.1,145.86,1.0
2026-07-30 05:35:00+00:00,144.15,145.96,1.0
2026-07-30 05:40:00+00:00,145.8,148.02,1.0
2026-07-30 05:45:00+00:00,145.11,147.34,1.0
2026-07-30 05:50:00+00:00,143.91,145.84,1.0
2026-07-30 05:55:00+00:00,144.52,146.72,1.0
2026-07-30 06:00:00+00:00,144.46,146.1,1.0
2026-07-30 06:05:00+00:00,144.29,145.39,1.0
2026-07-30 06:10:00+00:00,144.52,145.35,1.0
2026-07-30 06:15:00+00:00,143.87,144.81,1.0
2026-07-30 06:20:00+00:00,144.17,145.57,1.0
2026-07-30 06:25:00+00:00,144.36,145.51,1.0
2026-07-30 06:30:00+00:00,144.01,145.32,1.0
2026-07-30 06:35:00+00:00,144.03,145.24,1.0
2026-07-30 06:40:00+00:00,143.33,144.37,1.0
2026-07-30 06:45:00+00:00,143.51,144.8,1.0
2026-07-30 06:50:00+00:00,143.46,144.21,1.0
2026-07-30 06:55:00+00:00,142.92,143.99,1.0
2026-07-30 07:00:00+00:00,143.75,145.08,1.0
2026-07-30 07:05:00+00:00,143.32,144.18,1.0
2026-07-30 07:10:00+00:00,143.43,144.58,1.0
2026-07-30 07:15:00+00:00,143.36,144.44,1.0
2026-07-30 07:20:00+00:00,143.42,144.52,1.0
2026-07-30 07:25:00+00:00,143.06,144.15,1.0
2026-07-30 07:30:00+00:00,142.88,143.57,1.0
2026-07-30 07:35:00+00:00,143.11,143.8,1.0
2026-07-30 07:40:00+00:00,143.28,144.14,1.0
2026-07-30 07:45:00+00:00,142.71,143.75,1.0
2026-07-30 07:50:00+00:00,142.48,142.92,1.0
2026-07-30 07:55:00+00:00,142.58,143.01,1.0
2026-07-30 08:00:00+00:00,142.35,142.44,1.0
2026-07-30 08:05:00+00:00,142.93,143.49,1.0
2026-07-30 08:10:00+00:00,142.89,143.91,1.0
2026-07-30 08:15:00+00:00,143.23,144.32,1.0
2026-07-30 08:20:00+00:00,144.05,144.93,1.0
2026-07-30 08:25:00+00:00,144.15,145.46,1.0
2026-07-30 08:30:00+00:00,144.06,145.72,1.0
2026-07-30 08:35:00+00:00,143.68,145.14,1.0
2026-07-30 08:40:00+00:00,143.76,145.16,1.0
2026-07-30 08:45:00+00:00,143.51,145.23,1.0
2026-07-30 08:50:00+00:00,143.31,144.86,1.0
2026-07-30 08:55:00+00:00,143.55,145.11,1.0
2026-07-30 09:00:00+00:00,143.83,145.42,1.0
2026-07-30 09:05:00+00:00,143.93,145.69,1.0
2026-07-30 09:10:00+00:00,144.3,146.34,1.0
2026-07-30 09:15:00+00:00,144.14,146.33,1.0
2026-07-30 09:20:00+00:00,144.44,146.57,1.0
2026-07-30 09:25:00+00:00,144.25,146.47,1.0
2026-07-30 09:30:00+00:00,144.44,146.81,1.0
2026-07-30 09:35:00+00:00,144.45,146.71,1.0
2026-07-30 09:40:00+00:00,144.42,146.37,1.0
2026-07-30 09:45:00+00:00,144.72,146.75,1.0
2026-07-30 09:50:00+00:00,144.8,146.81,1.0
2026-07-30 09:55:00+00:00,144.31,146.49,1.0
2026-07-30 10:00:00+00:00,144.21,146.31,1.0
2026-07-30 10:05:00+00:00,145.12,147.2,1.0
2026-07-30 10:10:00+00:00,144.83,147.08,1.0
2026-07-30 10:15:00+00:00,145.9,148.48,1.0
2026-07-30 10:20:00+00:00,145.97,148.89,1.0
2026-07-30 10:25:00+00:00,145.99,148.74,1.0
2026-07-30 10:30:00+00:00,145.98,149.14,1.0
2026-07-30 10:35:00+00:00,146.44,149.98,1.0
2026-07-30 10:40:00+00:00,146.63,150.21,1.0
2026-07-30 10:45:00+00:00,146.41,149.79,1.0
2026-07-30 10:50:00+00:00,146.21,149.64,1.0
2026-07-30 10:55:00+00:00,146.16,149.67,1.0
2026-07-30 11:00:00+00:00,147.16,150.68,1.0
2026-07-30 11:05:00+00:00,147.28,150.59,1.0
2026-07-30 11:10:00+00:00,147.09,150.58,1.0
2026-07-30 11:15:00+00:00,147.21,150.61,1.0
2026-07-30 11:20:00+00:00,147.31,150.53,1.0
2026-07-30 11:25:00+00:00,147.47,151.09,1.0
2026-07-30 11:30:00+00:00,146.96,150.57,1.0
2026-07-30 11:35:00+00:00,147.34,151.18,1.0
2026-07-30 11:40:00+00:00,147.55,151.22,1.0
2026-07-30 11:45:00+00:00,148.22,152.0,1.0
2026-07-30 11:50:00+00:00,148.36,152.51,1.0
2026-07-30 11:55:00+00:00,148.21,151.98,1.0
2026-07-30 12:00:00+00:00,149.11,153.18,1.0
2026-07-30 12:05:00+00:00,149.24,153.53,1.0
2026-07-30 12:10:00+00:00,148.96,153.19,1.0
2026-07-30 12:15:00+00:00,148.8,152.95,1.0
2026-07-30 12:20:00+00:00,148.67,153.7,1.0
2026-07-30 12:25:00+00:00,148.75,153.63,1.0
2026-07-30 12:30:00+00:00,148.93,154.29,1.0
2026-07-30 12:35:00+00:00,149.65,155.16,1.0
2026-07-30 12:40:00+00:00,149.54,155.02,1.0
2026-07-30 12:45:00+00:00,150.15,156.25,1.0
2026-07-30 12:50:00+00:00,150.41,156.39,1.0
2026-07-30 12:55:00+00:00,150.49,157.11,1.0
2026-07-30 13:00:00+00:00,150.83,157.61,1.0
2026-07-30 13:05:00+00:00,151.08,157.75,1.0
2026-07-30 13:10:00+00:00,151.59,158.25,1.0
2026-07-30 13:15:00+00:00,151.68,158.3,1.0
2026-07-30 13:20:00+00:00,151.83,158.33,1.0
2026-07-30 13:25:00+00:00,152.38,158.99,1.0
2026-07-30 13:30:00+00:00,152.42,158.93,1.0
2026-07-30 13:35:00+00:00,153.22,159.57,1.0
2026-07-30 13:40:00+00:00,153.95,161.37,1.0
2026-07-30 13:45:00+00:00,154.06,160.91,1.0
2026-07-30 13:50:00+00:00,154.73,162.43,1.0
2026-07-30 13:55:00+00:00,155.57,163.39,1.0
2026-07-30 14:00:00+00:00,154.85,162.81,1.0
2026-07-30 14:05:00+00:00,154.91,162.09,1.0
2026-07-30 14:10:00+00:00,155.25,162.47,1.0
2026-07-30 14:15:00+00:00,155.52,162.28,1.0
2026-07-30 14:20:00+00:00,156.56,163.28,1.0
2026-07-30 14:25:00+00:00,156.86,163.69,1.0
2026-07-30 14:30:00+00:00,156.74,163.43,1.0
2026-07-30 14:35:00+00:00,156.22,162.66,1.0
2026-07-30 14:40:00+00:00,156.3,162.42,1.0
2026-07-30 14:45:00+00:00,156.9,163.82,1.0
2026-07-30 14:50:00+00:00,156.1,162.1,1.0
2026-07-30 14:55:00+00:00,156.08,162.19,1.0
2026-07-30 15:00:00+00:00,156.68,163.0,1.0
2026-07-30 15:05:00+00:00,156.95,163.08,1.0
2026-07-30 15:10:00+00:00,156.27,161.91,1.0
2026-07-30 15:15:00+00:00,156.66,162.09,1.0
2026-07-30 15:20:00+00:00,156.95,162.48,1.0
2026-07-30 15:25:00+00:00,156.96,162.31,1.0
2026-07-30 15:30:00+00:00,157.01,162.23,1.0
2026-07-30 15:35:00+00:00,157.75,163.3,1.0
2026-07-30 15:40:00+00:00,157.74,164.05,1.0
2026-07-30 15:45:00+00:00,158.04,164.44,1.0
2026-07-30 15:50:00+00:00,158.14,164.53,1.0
2026-07-30 15:55:00+00:00,158.26,164.3,1.0
2026-07-30 16:00:00+00:00,158.46,165.26,1.0
2026-07-30 16:05:00+00:00,158.38,164.66,1.0
2026-07-30 16:10:00+00:00,159.05,166.26,1.0
2026-07-30 16:15:00+00:00,159.44,167.11,1.0
2026-07-30 16:20:00+00:00,159.52,166.99,1.0
2026-07-30 16:25:00+00:00,159.29,166.42,1.0
2026-07-30 16:30:00+00:00,159.22,166.22,1.0
2026-07-30 16:35:00+00:00,158.99,165.66,1.0
2026-07-30 16:40:00+00:00,158.36,164.75,1.0
2026-07-30 16:45:00+00:00,158.65,165.98,1.0
2026-07-30 16:50:00+00:00,158.7,165.5,1.0
2026-07-30 16:55:00+00:00,159.03,166.5,1.0
2026-07-30 17:00:00+00:00,159.25,167.02,1.0
2026-07-30 17:05:00+00:00,159.46,166.37,1.0
2026-07-30 17:10:00+00:00,159.44,166.6,1.0
2026-07-30 17:15:00+00:00,159.79,167.55,1.0
2026-07-30 17:20:00+00:00,159.6,166.98,1.0
2026-07-30 17:25:00+00:00,159.32,166.4,1.0
2026-07-30 17:30:00+00:00,159.49,166.81,1.0
2026-07-30 17:35:00+00:00,159.68,166.46,1.0
2026-07-30 17:40:00+00:00,159.93,167.41,1.0
2026-07-30 17:45:00+00:00,159.66,166.89,1.0
2026-07-30 17:50:00+00:00,159.41,166.71,1.0
2026-07-30 17:55:00+00:00,159.41,166.4,1.0
2026-07-30 18:00:00+00:00,159.21,166.17,1.0
2026-07-30 18:05:00+00:00,159.28,168.45,1.0
2026-07-30 18:10:00+00:00,158.96,167.29,1.0
2026-07-30 18:15:00+00:00,158.51,166.28,1.0
2026-07-30 18:20:00+00:00,158.87,166.6,1.0
2026-07-30 18:25:00+00:00,159.04,166.67,1.0
2026-07-30 18:30:00+00:00,158.83,166.48,1.0
2026-07-30 18:35:00+00:00,158.57,166.2,1.0
2026-07-30 18:40:00+00:00,158.88,166.38,1.0
2026-07-30 18:45:00+00:00,158.98,166.22,1.0
2026-07-30 18:50:00+00:00,158.87,166.09,1.0
2026-07-30 18:55:00+00:00,159.2,166.38,1.0
2026-07-30 19:00:00+00:00,159.7,166.71,1.0
2026-07-30 19:05:00+00:00,160.23,167.13,1.0
2026-07-30 19:10:00+00:00,160.33,167.08,1.0
2026-07-30 19:15:00+00:00,160.46,167.27,1.0
2026-07-30 19:20:00+00:00,160.38,167.24,1.0
2026-07-30 19:25:00+00:00,160.27,166.98,1.0
2026-07-30 19:30:00+00:00,160.01,167.23,1.0
2026-07-30 19:35:00+00:00,160.03,167.2,1.0
2026-07-30 19:40:00+00:00,160.12,167.17,1.0
2026-07-30 19:45:00+00:00,160.63,167.64,1.0
2026-07-30 19:50:00+00:00,160.19,167.52,1.0
2026-07-30 19:55:00+00:00,161.34,167.86,1.0
2026-07-30 20:00:00+00:00,161.8,169.0,1.0
2026-07-30 20:05:00+00:00,161.59,169.18,1.0
2026-07-30 20:10:00+00:00,161.92,169.76,1.0
2026-07-30 20:15:00+00:00,161.78,170.01,1.0
2026-07-30 20:20:00+00:00,161.38,169.89,1.0
2026-07-30 20:25:00+00:00,161.05,169.49,1.0
2026-07-30 20:30:00+00:00,160.67,169.22,1.0
2026-07-30 20:35:00+00:00,160.8,169.3,1.0
2026-07-30 20:40:00+00:00,160.93,169.37,1.0
2026-07-30 20:45:00+00:00,160.59,168.99,1.0
2026-07-30 20:50:00+00:00,160.88,169.0,1.0
2026-07-30 20:55:00+00:00,160.97,169.3,1.0
2026-07-30 21:00:00+00:00,160.81,169.23,1.0
2026-07-30 21:05:00+00:00,160.65,168.75,1.0
2026-07-30 21:10:00+00:00,160.87,168.94,1.0
2026-07-30 21:15:00+00:00,161.39,170.18,1.0
2026-07-30 21:20:00+00:00,161.46,170.37,1.0
2026-07-30 21:25:00+00:00,161.66,170.37,1.0
2026-07-30 21:30:00+00:00,161.96,171.13,1.0
2026-07-30 21:35:00+00:00,161.64,170.53,1.0
2026-07-30 21:40:00+00:00,162.03,171.11,1.0
2026-07-30 21:45:00+00:00,162.19,172.11,1.0
2026-07-30 21:50:00+00:00,161.68,170.47,1.0
2026-07-30 21:55:00+00:00,161.36,169.72,1.0
2026-07-30 22:00:00+00:00,162.02,170.03,1.0
2026-07-30 22:05:00+00:00,162.1,170.11,1.0
2026-07-30 22:10:00+00:00,162.35,170.2,1.0
2026-07-30 22:15:00+00:00,162.71,170.99,1.0
2026-07-30 22:20:00+00:00,162.33,170.54,1.0
2026-07-30 22:25:00+00:00,162.73,171.12,1.0
2026-07-30 22:30:00+00:00,162.7,171.36,1.0
2026-07-30 22:35:00+00:00,162.8,171.08,1.0
2026-07-30 22:40:00+00:00,162.76,170.78,1.0
2026-07-30 22:45:00+00:00,162.81,170.72,1.0
2026-07-30 22:50:00+00:00,162.9,170.53,1.0
2026-07-30 22:55:00+00:00,162.74,170.52,1.0
2026-07-30 23:00:00+00:00,161.38,166.99,1.0
2026-07-30 23:05:00+00:00,160.35,166.33,1.0
2026-07-30 23:10:00+00:00,160.42,166.02,1.0
2026-07-30 23:15:00+00:00,160.57,167.48,1.0
2026-07-30 23:20:00+00:00,160.95,167.17,1.0
2026-07-30 23:25:00+00:00,160.87,167.04,1.0
2026-07-30 23:30:00+00:00,161.08,168.17,1.0
2026-07-30 23:35:00+00:00,161.9,168.96,1.0
2026-07-30 23:40:00+00:00,161.24,168.44,1.0
2026-07-30 23:45:00+00:00,161.71,169.1,1.0
2026-07-30 23:50:00+00:00,162.41,171.23,1.0
2026-07-30 23:55:00+00:00,162.79,172.53,1.0
2026-07-31 00:00:00+00:00,162.4,176.47,1.0
2026-07-31 00:05:00+00:00,161.15,172.77,1.0
2026-07-31 00:10:00+00:00,162.14,175.23,1.0
2026-07-31 00:15:00+00:00,162.08,173.24,1.0
2026-07-31 00:20:00+00:00,162.73,173.99,1.0
2026-07-31 00:25:00+00:00,163.86,175.52,1.0
2026-07-31 00:30:00+00:00,164.89,176.71,1.0
2026-07-31 00:35:00+00:00,164.15,176.55,1.0
2026-07-31 00:40:00+00:00,164.1,175.33,1.0
2026-07-31 00:45:00+00:00,163.3,174.34,1.0
2026-07-31 00:50:00+00:00,164.73,177.79,1.0
2026-07-31 00:55:00+00:00,165.32,178.71,1.0
2026-07-31 01:00:00+00:00,165.98,180.77,1.0
2026-07-31 01:05:00+00:00,166.0,180.19,1.0
2026-07-31 01:10:00+00:00,165.83,179.63,1.0
2026-07-31 01:15:00+00:00,165.95,179.56,1.0
2026-07-31 01:20:00+00:00,165.59,178.18,1.0
2026-07-31 01:25:00+00:00,164.6,176.72,1.0
2026-07-31 01:30:00+00:00,164.46,176.51,1.0
2026-07-31 01:35:00+00:00,163.75,175.02,1.0
2026-07-31 01:40:00+00:00,162.95,173.93,1.0
2026-07-31 01:45:00+00:00,162.16,172.5,1.0
2026-07-31 01:50:00+00:00,162.49,172.63,1.0
2026-07-31 01:55:00+00:00,162.79,172.92,1.0
2026-07-31 02:00:00+00:00,161.76,171.12,1.0
2026-07-31 02:05:00+00:00,163.0,172.9,1.0
2026-07-31 02:10:00+00:00,161.65,170.59,1.0
2026-07-31 02:15:00+00:00,161.61,170.1,1.0
2026-07-31 02:20:00+00:00,162.4,171.91,1.0
2026-07-31 02:25:00+00:00,163.11,172.89,1.0
2026-07-31 02:30:00+00:00,163.16,173.75,1.0
2026-07-31 02:35:00+00:00,162.94,173.36,1.0
2026-07-31 02:40:00+00:00,162.86,173.06,1.0
2026-07-31 02:45:00+00:00,162.93,173.44,1.0
2026-07-31 02:50:00+00:00,162.82,173.33,1.0
2026-07-31 02:55:00+00:00,162.72,174.09,1.0
2026-07-31 03:00:00+00:00,162.45,173.54,1.0
2026-07-31 03:05:00+00:00,162.81,174.35,1.0
2026-07-31 03:10:00+00:00,162.32,173.41,1.0
2026-07-31 03:15:00+00:00,162.85,174.45,1.0
2026-07-31 03:20:00+00:00,163.12,174.73,1.0
2026-07-31 03:25:00+00:00,162.97,174.28,1.0
2026-07-31 03:30:00+00:00,162.55,173.63,1.0
2026-07-31 03:35:00+00:00,162.82,173.99,1.0
2026-07-31 03:40:00+00:00,162.89,174.16,1.0
2026-07-31 03:45:00+00:00,162.2,172.85,1.0
2026-07-31 03:50:00+00:00,162.61,173.84,1.0
2026-07-31 03:55:00+00:00,162.65,174.03,1.0
2026-07-31 04:00:00+00:00,162.43,173.68,1.0
2026-07-31 04:05:00+00:00,162.42,173.53,1.0
2026-07-31 04:10:00+00:00,162.54,173.41,1.0
2026-07-31 04:15:00+00:00,163.44,174.99,1.0
2026-07-31 04:20:00+00:00,163.9,175.54,1.0
2026-07-31 04:25:00+00:00,163.97,175.44,1.0
2026-07-31 04:30:00+00:00,163.96,175.44,1.0
2026-07-31 04:35:00+00:00,163.99,175.89,1.0
2026-07-31 04:40:00+00:00,164.65,176.94,1.0
2026-07-31 04:45:00+00:00,164.72,177.12,1.0
2026-07-31 04:50:00+00:00,164.88,177.79,1.0
2026-07-31 04:55:00+00:00,165.34,178.61,1.0
2026-07-31 05:00:00+00:00,165.38,179.02,1.0
2026-07-31 05:05:00+00:00,166.15,180.49,1.0
2026-07-31 05:10:00+00:00,166.0,180.27,1.0
2026-07-31 05:15:00+00:00,166.14,180.74,1.0
2026-07-31 05:20:00+00:00,166.38,182.37,1.0
2026-07-31 05:25:00+00:00,167.15,184.97,1.0
2026-07-31 05:30:00+00:00,166.09,180.92,1.0
2026-07-31 05:35:00+00:00,166.77,182.74,1.0
2026-07-31 05:40:00+00:00,165.92,182.29,1.0
2026-07-31 05:45:00+00:00,166.12,183.36,1.0
2026-07-31 05:50:00+00:00,166.53,184.15,1.0
2026-07-31 05:55:00+00:00,166.82,185.43,1.0
2026-07-31 06:00:00+00:00,166.79,185.27,1.0
2026-07-31 06:05:00+00:00,167.41,185.44,1.0
2026-07-31 06:10:00+00:00,167.98,185.45,1.0
2026-07-31 06:15:00+00:00,168.07,184.92,1.0
2026-07-31 06:20:00+00:00,168.17,181.02,1.0
2026-07-31 06:25:00+00:00,168.07,182.68,1.0
2026-07-31 06:30:00+00:00,166.6,181.26,1.0
2026-07-31 06:35:00+00:00,168.06,179.7,1.0
2026-07-31 06:40:00+00:00,165.03,177.87,1.0
2026-07-31 06:45:00+00:00,165.46,178.55,1.0
2026-07-31 06:50:00+00:00,165.9,180.67,1.0
2026-07-31 06:55:00+00:00,165.23,180.17,1.0
2026-07-31 07:00:00+00:00,164.83,179.26,1.0
2026-07-31 07:05:00+00:00,164.57,179.1,1.0
2026-07-31 07:10:00+00:00,165.44,179.32,1.0
2026-07-31 07:15:00+00:00,166.07,179.12,1.0
2026-07-31 07:20:00+00:00,166.02,178.92,1.0
2026-07-31 07:25:00+00:00,166.17,179.2,1.0
2026-07-31 07:30:00+00:00,166.28,179.62,1.0
2026-07-31 07:35:00+00:00,166.26,179.3,1.0
2026-07-31 07:40:00+00:00,166.55,179.69,1.0
2026-07-31 07:45:00+00:00,166.45,179.43,1.0
2026-07-31 07:50:00+00:00,166.62,179.48,1.0
2026-07-31 07:55:00+00:00,166.67,180.03,1.0
2026-07-31 08:00:00+00:00,165.43,178.61,1.0
2026-07-31 08:05:00+00:00,165.28,178.14,1.0
2026-07-31 08:10:00+00:00,165.93,178.91,1.0
2026-07-31 08:15:00+00:00,166.06,179.7,1.0
2026-07-31 08:20:00+00:00,165.81,179.13,1.0
2026-07-31 08:25:00+00:00,166.33,179.25,1.0
2026-07-31 08:30:00+00:00,166.23,179.87,1.0
2026-07-31 08:35:00+00:00,165.97,179.51,1.0
2026-07-31 08:40:00+00:00,166.1,179.42,1.0
2026-07-31 08:45:00+00:00,166.34,179.9,1.0
2026-07-31 08:50:00+00:00,165.82,179.37,1.0
2026-07-31 08:55:00+00:00,166.48,180.4,1.0
2026-07-31 09:00:00+00:00,166.74,179.79,1.0
2026-07-31 09:05:00+00:00,166.85,179.46,1.0
2026-07-31 09:10:00+00:00,166.67,179.67,1.0
2026-07-31 09:15:00+00:00,166.61,179.75,1.0
2026-07-31 09:20:00+00:00,166.16,179.45,1.0
2026-07-31 09:25:00+00:00,165.61,178.75,1.0
2026-07-31 09:30:00+00:00,164.92,178.05,1.0
2026-07-31 09:35:00+00:00,164.4,177.56,1.0
2026-07-31 09:40:00+00:00,164.5,178.12,1.0
2026-07-31 09:45:00+00:00,164.9,178.37,1.0
2026-07-31 09:50:00+00:00,164.55,177.99,1.0
2026-07-31 09:55:00+00:00,164.23,177.62,1.0
2026-07-31 10:00:00+00:00,164.46,178.29,1.0
2026-07-31 10:05:00+00:00,164.76,178.43,1.0
2026-07-31 10:10:00+00:00,165.05,178.73,1.0
2026-07-31 10:15:00+00:00,165.25,179.02,1.0
2026-07-31 10:20:00+00:00,165.09,179.06,1.0
2026-07-31 10:25:00+00:00,165.76,179.91,1.0
2026-07-31 10:30:00+00:00,165.59,180.46,1.0
2026-07-31 10:35:00+00:00,165.38,180.34,1.0
2026-07-31 10:40:00+00:00,165.58,180.13,1.0
2026-07-31 10:45:00+00:00,165.04,179.8,1.0
2026-07-31 10:50:00+00:00,165.1,179.93,1.0
2026-07-31 10:55:00+00:00,164.68,179.7,1.0
2026-07-31 11:00:00+00:00,164.96,180.4,1.0
2026-07-31 11:05:00+00:00,164.65,180.41,1.0
2026-07-31 11:10:00+00:00,164.14,179.52,1.0
2026-07-31 11:15:00+00:00,164.29,179.28,1.0
2026-07-31 11:20:00+00:00,164.87,179.79,1.0
2026-07-31 11:25:00+00:00,164.74,178.81,1.0
2026-07-31 11:30:00+00:00,164.35,178.85,1.0
2026-07-31 11:35:00+00:00,164.63,179.02,1.0
2026-07-31 11:40:00+00:00,164.72,179.43,1.0
2026-07-31 11:45:00+00:00,164.77,179.68,1.0
2026-07-31 11:50:00+00:00,164.62,179.77,1.0
2026-07-31 11:55:00+00:00,164.71,179.55,1.0
2026-07-31 12:00:00+00:00,164.17,178.78,1.0
2026-07-31 12:05:00+00:00,164.0,178.04,1.0
2026-07-31 12:10:00+00:00,164.11,178.07,1.0
2026-07-31 12:15:00+00:00,163.44,177.45,1.0
2026-07-31 12:20:00+00:00,164.0,178.03,1.0
2026-07-31 12:25:00+00:00,164.13,177.6,1.0
2026-07-31 12:30:00+00:00,163.24,176.39,1.0
2026-07-31 12:35:00+00:00,162.96,176.1,1.0
2026-07-31 12:40:00+00:00,162.71,176.06,1.0
2026-07-31 12:45:00+00:00,163.22,176.56,1.0
2026-07-31 12:50:00+00:00,163.86,176.99,1.0
2026-07-31 12:55:00+00:00,163.29,176.21,1.0
2026-07-31 13:00:00+00:00,163.66,176.43,1.0
2026-07-31 13:05:00+00:00,163.58,176.43,1.0
2026-07-31 13:10:00+00:00,163.79,176.84,1.0
2026-07-31 13:15:00+00:00,164.07,177.25,1.0
2026-07-31 13:20:00+00:00,164.61,177.69,1.0
2026-07-31 13:25:00+00:00,164.78,178.11,1.0
2026-07-31 13:30:00+00:00,165.26,179.23,1.0
2026-07-31 13:35:00+00:00,162.06,174.88,1.0
2026-07-31 13:40:00+00:00,160.39,171.86,1.0
2026-07-31 13:45:00+00:00,159.52,170.6,1.0
2026-07-31 13:50:00+00:00,159.12,169.3,1.0
2026-07-31 13:55:00+00:00,159.33,170.5,1.0
2026-07-31 14:00:00+00:00,158.19,167.51,1.0
2026-07-31 14:05:00+00:00,157.93,167.31,1.0
2026-07-31 14:10:00+00:00,157.54,166.78,1.0
2026-07-31 14:15:00+00:00,158.5,167.91,1.0
2026-07-31 14:20:00+00:00,158.01,167.75,1.0
2026-07-31 14:25:00+00:00,159.12,169.36,1.0
2026-07-31 14:30:00+00:00,159.09,168.67,1.0
2026-07-31 14:35:00+00:00,159.06,169.4,1.0
2026-07-31 14:40:00+00:00,158.81,168.93,1.0
2026-07-31 14:45:00+00:00,159.66,170.69,1.0
2026-07-31 14:50:00+00:00,159.19,169.72,1.0
2026-07-31 14:55:00+00:00,159.69,169.87,1.0
2026-07-31 15:00:00+00:00,160.0,169.93,1.0
2026-07-31 15:05:00+00:00,159.45,168.9,1.0
2026-07-31 15:10:00+00:00,159.58,168.69,1.0
2026-07-31 15:15:00+00:00,159.12,168.02,1.0
2026-07-31 15:20:00+00:00,158.07,166.95,1.0
2026-07-31 15:25:00+00:00,158.01,166.83,1.0
2026-07-31 15:30:00+00:00,157.9,166.8,1.0
2026-07-31 15:35:00+00:00,158.47,167.85,1.0
2026-07-31 15:40:00+00:00,158.47,167.61,1.0
2026-07-31 15:45:00+00:00,158.29,167.13,1.0
2026-07-31 15:50:00+00:00,158.88,168.2,1.0
2026-07-31 15:55:00+00:00,158.61,168.15,1.0
2026-07-31 16:00:00+00:00,158.0,167.41,1.0
2026-07-31 16:05:00+00:00,157.97,167.13,1.0
2026-07-31 16:10:00+00:00,158.72,167.59,1.0
2026-07-31 16:15:00+00:00,158.52,167.18,1.0
2026-07-31 16:20:00+00:00,158.8,167.43,1.0
2026-07-31 16:25:00+00:00,158.9,167.9,1.0
2026-07-31 16:30:00+00:00,159.56,168.0,1.0
2026-07-31 16:35:00+00:00,159.61,168.57,1.0
2026-07-31 16:40:00+00:00,159.16,167.93,1.0
2026-07-31 16:45:00+00:00,159.61,168.44,1.0
2026-07-31 16:50:00+00:00,159.79,168.68,1.0
2026-07-31 16:55:00+00:00,160.03,168.73,1.0
2026-07-31 17:00:00+00:00,159.92,169.64,1.0
2026-07-31 17:05:00+00:00,159.53,168.81,1.0
2026-07-31 17:10:00+00:00,159.69,169.34,1.0
2026-07-31 17:15:00+00:00,159.76,169.29,1.0
2026-07-31 17:20:00+00:00,160.41,169.9,1.0
2026-07-31 17:25:00+00:00,160.43,170.12,1.0
2026-07-31 17:30:00+00:00,160.47,170.27,1.0
2026-07-31 17:35:00+00:00,160.44,170.25,1.0
2026-07-31 17:40:00+00:00,160.35,170.41,1.0
2026-07-31 17:45:00+00:00,159.7,169.54,1.0
2026-07-31 17:50:00+00:00,160.02,169.84,1.0
2026-07-31 17:55:00+00:00,159.54,169.31,1.0
2026-07-31 18:00:00+00:00,159.38,169.23,1.0
2026-07-31 18:05:00+00:00,159.12,169.26,1.0
2026-07-31 18:10:00+00:00,158.51,168.31,1.0
2026-07-31 18:15:00+00:00,158.9,168.8,1.0
2026-07-31 18:20:00+00:00,159.02,168.85,1.0
2026-07-31 18:25:00+00:00,158.84,168.94,1.0
2026-07-31 18:30:00+00:00,158.99,169.07,1.0
2026-07-31 18:35:00+00:00,158.75,168.78,1.0
2026-07-31 18:40:00+00:00,158.68,168.48,1.0
2026-07-31 18:45:00+00:00,158.87,168.93,1.0
2026-07-31 18:50:00+00:00,158.75,168.92,1.0
2026-07-31 18:55:00+00:00,158.57,168.57,1.0
2026-07-31 19:00:00+00:00,158.43,168.65,1.0
2026-07-31 19:05:00+00:00,158.43,168.15,1.0
2026-07-31 19:10:00+00:00,158.11,168.07,1.0
2026-07-31 19:15:00+00:00,158.27,168.32,1.0
2026-07-31 19:20:00+00:00,158.1,167.99,1.0
2026-07-31 19:25:00+00:00,158.04,167.69,1.0
2026-07-31 19:30:00+00:00,157.44,166.78,1.0
2026-07-31 19:35:00+00:00,157.46,166.57,1.0
2026-07-31 19:40:00+00:00,157.73,166.79,1.0
2026-07-31 19:45:00+00:00,158.14,167.49,1.0
2026-07-31 19:50:00+00:00,157.82,166.76,1.0
2026-07-31 19:55:00+00:00,157.55,165.53,1.0
2026-07-31 20:00:00+00:00,157.33,165.36,1.0
2026-07-31 20:05:00+00:00,157.57,165.11,1.0
2026-07-31 20:10:00+00:00,157.34,165.17,1.0
2026-07-31 20:15:00+00:00,157.23,165.02,1.0
2026-07-31 20:20:00+00:00,156.98,164.61,1.0
2026-07-31 20:25:00+00:00,157.04,164.42,1.0
2026-07-31 20:30:00+00:00,157.12,164.34,1.0
2026-07-31 20:35:00+00:00,157.13,164.2,1.0
2026-07-31 20:40:00+00:00,157.05,163.91,1.0
2026-07-31 20:45:00+00:00,157.14,164.29,1.0
2026-07-31 20:50:00+00:00,156.68,163.82,1.0
2026-07-31 20:55:00+00:00,156.53,163.57,1.0
2026-07-31 21:00:00+00:00,156.81,164.25,1.0
2026-07-31 21:05:00+00:00,156.94,164.49,1.0
2026-07-31 21:10:00+00:00,157.0,164.66,1.0
2026-07-31 21:15:00+00:00,156.91,164.57,1.0
2026-07-31 21:20:00+00:00,156.89,164.55,1.0
2026-07-31 21:25:00+00:00,156.85,164.64,1.0
2026-07-31 21:30:00+00:00,156.69,164.45,1.0
2026-07-31 21:35:00+00:00,156.7,164.31,1.0
2026-07-31 21:40:00+00:00,156.73,164.83,1.0
2026-07-31 21:45:00+00:00,156.62,164.45,1.0
2026-07-31 21:50:00+00:00,156.46,164.11,1.0
2026-07-31 21:55:00+00:00,156.53,164.19,1.0
2026-07-31 22:00:00+00:00,156.57,164.26,1.0
2026-07-31 22:05:00+00:00,156.55,164.32,1.0
2026-07-31 22:10:00+00:00,156.43,164.03,1.0
2026-07-31 22:15:00+00:00,156.45,164.24,1.0
2026-07-31 22:20:00+00:00,156.31,164.15,1.0
2026-07-31 22:25:00+00:00,156.33,164.16,1.0
2026-07-31 22:30:00+00:00,156.41,164.45,1.0
2026-07-31 22:35:00+00:00,156.79,164.69,1.0
2026-07-31 22:40:00+00:00,156.88,164.87,1.0
2026-07-31 22:45:00+00:00,157.05,164.67,1.0
2026-07-31 22:50:00+00:00,156.9,164.55,1.0
2026-07-31 22:55:00+00:00,156.95,164.47,1.0
2026-07-31 23:00:00+00:00,157.11,164.64,1.0
2026-07-31 23:05:00+00:00,156.88,164.37,1.0
2026-07-31 23:10:00+00:00,156.74,163.84,1.0
2026-07-31 23:15:00+00:00,156.85,163.89,1.0
2026-07-31 23:20:00+00:00,156.99,163.59,1.0
2026-07-31 23:25:00+00:00,157.17,163.79,1.0
2026-07-31 23:30:00+00:00,157.22,164.21,1.0
2026-07-31 23:35:00+00:00,157.01,162.3,1.0
2026-07-31 23:40:00+00:00,157.26,161.95,1.0
2026-07-31 23:45:00+00:00,157.13,162.14,1.0
2026-07-31 23:50:00+00:00,157.05,162.05,1.0
2026-07-31 23:55:00+00:00,157.19,162.63,1.0
2026-08-01 00:00:00+00:00,157.97,163.76,1.0
2026-08-01 00:05:00+00:00,158.2,163.82,1.0
2026-08-01 00:10:00+00:00,157.85,163.33,1.0
2026-08-01 00:15:00+00:00,157.78,162.77,1.0
2026-08-01 00:20:00+00:00,157.67,162.74,1.0
2026-08-01 00:25:00+00:00,158.02,163.04,1.0
2026-08-01 00:30:00+00:00,157.5,162.49,1.0
2026-08-01 00:35:00+00:00,157.5,162.75,1.0
2026-08-01 00:40:00+00:00,157.61,163.06,1.0
2026-08-01 00:45:00+00:00,157.75,163.3,1.0
2026-08-01 00:50:00+00:00,157.53,163.24,1.0
2026-08-01 00:55:00+00:00,157.49,162.89,1.0
2026-08-01 01:00:00+00:00,157.55,163.02,1.0
2026-08-01 01:05:00+00:00,157.78,163.39,1.0
2026-08-01 01:10:00+00:00,157.6,163.24,1.0
2026-08-01 01:15:00+00:00,157.77,163.3,1.0
2026-08-01 01:20:00+00:00,157.68,162.94,1.0
2026-08-01 01:25:00+00:00,157.73,163.18,1.0
2026-08-01 01:30:00+00:00,157.46,162.89,1.0
2026-08-01 01:35:00+00:00,157.52,162.91,1.0
2026-08-01 01:40:00+00:00,157.08,162.55,1.0
2026-08-01 01:45:00+00:00,157.28,162.7,1.0
2026-08-01 01:50:00+00:00,157.23,162.76,1.0
2026-08-01 01:55:00+00:00,157.43,162.93,1.0
2026-08-01 02:00:00+00:00,157.73,163.4,1.0
2026-08-01 02:05:00+00:00,157.6,163.16,1.0
2026-08-01 02:10:00+00:00,157.69,163.36,1.0
2026-08-01 02:15:00+00:00,157.67,163.12,1.0
2026-08-01 02:20:00+00:00,157.5,162.8,1.0
2026-08-01 02:25:00+00:00,157.63,163.0,1.0
2026-08-01 02:30:00+00:00,157.53,162.86,1.0
2026-08-01 02:35:00+00:00,157.65,163.03,1.0
2026-08-01 02:40:00+00:00,157.55,162.81,1.0
2026-08-01 02:45:00+00:00,157.5,162.66,1.0
2026-08-01 02:50:00+00:00,157.55,162.82,1.0
2026-08-01 02:55:00+00:00,157.66,162.72,1.0
2026-08-01 03:00:00+00:00,157.51,162.72,1.0
2026-08-01 03:05:00+00:00,157.47,162.7,1.0
2026-08-01 03:10:00+00:00,157.54,162.86,1.0
2026-08-01 03:15:00+00:00,157.59,162.84,1.0
2026-08-01 03:20:00+00:00,157.66,162.84,1.0
2026-08-01 03:25:00+00:00,157.64,162.98,1.0
2026-08-01 03:30:00+00:00,157.57,162.83,1.0
2026-08-01 03:35:00+00:00,157.5,162.68,1.0
2026-08-01 03:40:00+00:00,157.64,162.48,1.0
2026-08-01 03:45:00+00:00,157.7,162.44,1.0
2026-08-01 03:50:00+00:00,157.6,161.65,1.0
2026-08-01 03:55:00+00:00,157.63,161.75,1.0
2026-08-01 04:00:00+00:00,157.73,161.77,1.0
2026-08-01 04:05:00+00:00,157.74,161.86,1.0
2026-08-01 04:10:00+00:00,157.81,162.08,1.0
2026-08-01 04:15:00+00:00,157.8,162.1,1.0
2026-08-01 04:20:00+00:00,157.76,162.13,1.0
2026-08-01 04:25:00+00:00,157.67,161.83,1.0
2026-08-01 04:30:00+00:00,157.56,161.83,1.0
2026-08-01 04:35:00+00:00,157.58,161.84,1.0
2026-08-01 04:40:00+00:00,157.66,161.92,1.0
2026-08-01 04:45:00+00:00,157.58,161.58,1.0
2026-08-01 04:50:00+00:00,157.56,161.5,1.0
2026-08-01 04:55:00+00:00,157.54,161.45,1.0
2026-08-01 05:00:00+00:00,157.66,161.7,1.0
2026-08-01 05:05:00+00:00,157.7,161.86,1.0
2026-08-01 05:10:00+00:00,157.76,161.8,1.0
2026-08-01 05:15:00+00:00,157.63,161.92,1.0
2026-08-01 05:20:00+00:00,156.78,161.39,1.0
2026-08-01 05:25:00+00:00,156.54,161.23,1.0
2026-08-01 05:30:00+00:00,156.36,160.99,1.0
2026-08-01 05:35:00+00:00,156.25,161.08,1.0
2026-08-01 05:40:00+00:00,156.5,161.18,1.0
2026-08-01 05:45:00+00:00,156.64,161.37,1.0
2026-08-01 05:50:00+00:00,156.64,161.38,1.0
2026-08-01 05:55:00+00:00,156.63,161.47,1.0
2026-08-01 06:00:00+00:00,156.54,161.29,1.0
2026-08-01 06:05:00+00:00,156.44,161.12,1.0
2026-08-01 06:10:00+00:00,156.47,161.13,1.0
2026-08-01 06:15:00+00:00,156.77,161.47,1.0
2026-08-01 06:20:00+00:00,157.08,161.95,1.0
2026-08-01 06:25:00+00:00,156.95,161.83,1.0
2026-08-01 06:30:00+00:00,157.19,162.3,1.0
2026-08-01 06:35:00+00:00,156.93,162.21,1.0
2026-08-01 06:40:00+00:00,156.7,161.98,1.0
2026-08-01 06:45:00+00:00,156.78,162.03,1.0
2026-08-01 06:50:00+00:00,156.71,161.96,1.0
2026-08-01 06:55:00+00:00,156.52,161.85,1.0
2026-08-01 07:00:00+00:00,156.64,162.1,1.0
2026-08-01 07:05:00+00:00,156.79,162.41,1.0
2026-08-01 07:10:00+00:00,156.74,162.2,1.0
2026-08-01 07:15:00+00:00,156.79,162.28,1.0
2026-08-01 07:20:00+00:00,156.81,162.24,1.0
2026-08-01 07:25:00+00:00,156.81,162.21,1.0
2026-08-01 07:30:00+00:00,156.56,162.39,1.0
2026-08-01 07:35:00+00:00,156.56,162.37,1.0
2026-08-01 07:40:00+00:00,156.62,162.36,1.0
2026-08-01 07:45:00+00:00,156.59,162.5,1.0
2026-08-01 07:50:00+00:00,156.88,162.9,1.0
2026-08-01 07:55:00+00:00,156.83,162.68,1.0
2026-08-01 08:00:00+00:00,157.01,162.84,1.0
2026-08-01 08:05:00+00:00,156.99,162.79,1.0
2026-08-01 08:10:00+00:00,156.94,162.83,1.0
2026-08-01 08:15:00+00:00,157.3,163.13,1.0
2026-08-01 08:20:00+00:00,157.11,162.69,1.0
2026-08-01 08:25:00+00:00,157.21,163.06,1.0
2026-08-01 08:30:00+00:00,157.06,162.74,1.0
2026-08-01 08:35:00+00:00,157.0,162.63,1.0
2026-08-01 08:40:00+00:00,157.01,162.75,1.0
2026-08-01 08:45:00+00:00,156.86,162.62,1.0
2026-08-01 08:50:00+00:00,156.66,162.47,1.0
2026-08-01 08:55:00+00:00,156.76,162.38,1.0
2026-08-01 09:00:00+00:00,156.76,162.67,1.0
2026-08-01 09:05:00+00:00,156.65,162.55,1.0
2026-08-01 09:10:00+00:00,156.82,162.75,1.0
2026-08-01 09:15:00+00:00,156.84,162.68,1.0
2026-08-01 09:20:00+00:00,156.79,162.45,1.0
2026-08-01 09:25:00+00:00,156.95,162.75,1.0
2026-08-01 09:30:00+00:00,156.8,162.51,1.0
2026-08-01 09:35:00+00:00,156.79,162.42,1.0
2026-08-01 09:40:00+00:00,156.8,162.58,1.0
2026-08-01 09:45:00+00:00,156.76,162.48,1.0
2026-08-01 09:50:00+00:00,156.7,162.52,1.0
2026-08-01 09:55:00+00:00,156.73,162.58,1.0
2026-08-01 10:00:00+00:00,156.77,162.52,1.0
2026-08-01 10:05:00+00:00,156.79,162.59,1.0
2026-08-01 10:10:00+00:00,156.83,162.64,1.0
2026-08-01 10:15:00+00:00,156.87,162.67,1.0
2026-08-01 10:20:00+00:00,156.79,162.66,1.0
2026-08-01 10:25:00+00:00,156.82,162.57,1.0
2026-08-01 10:30:00+00:00,156.78,162.55,1.0
2026-08-01 10:35:00+00:00,156.82,162.61,1.0
2026-08-01 10:40:00+00:00,156.9,162.9,1.0
2026-08-01 10:45:00+00:00,156.95,162.85,1.0
2026-08-01 10:50:00+00:00,157.01,162.92,1.0
2026-08-01 10:55:00+00:00,156.89,162.8,1.0
2026-08-01 11:00:00+00:00,156.94,162.9,1.0
2026-08-01 11:05:00+00:00,156.97,162.98,1.0
2026-08-01 11:10:00+00:00,156.96,162.79,1.0
2026-08-01 11:15:00+00:00,157.42,163.54,1.0
2026-08-01 11:20:00+00:00,157.29,163.36,1.0
2026-08-01 11:25:00+00:00,157.27,163.44,1.0
2026-08-01 11:30:00+00:00,157.39,163.54,1.0
2026-08-01 11:35:00+00:00,157.35,163.25,1.0
2026-08-01 11:40:00+00:00,157.3,163.36,1.0
2026-08-01 11:45:00+00:00,157.38,163.46,1.0
2026-08-01 11:50:00+00:00,157.41,163.49,1.0
2026-08-01 11:55:00+00:00,157.41,163.36,1.0
2026-08-01 12:00:00+00:00,157.46,163.59,1.0
2026-08-01 12:05:00+00:00,157.37,163.41,1.0
2026-08-01 12:10:00+00:00,157.26,163.13,1.0
2026-08-01 12:15:00+00:00,157.3,163.33,1.0
2026-08-01 12:20:00+00:00,157.38,163.21,1.0
2026-08-01 12:25:00+00:00,157.28,163.18,1.0
2026-08-01 12:30:00+00:00,157.29,163.25,1.0
2026-08-01 12:35:00+00:00,157.21,163.34,1.0
2026-08-01 12:40:00+00:00,157.21,163.15,1.0
2026-08-01 12:45:00+00:00,157.2,163.21,1.0
2026-08-01 12:50:00+00:00,157.3,163.25,1.0
2026-08-01 12:55:00+00:00,157.27,163.12,1.0
2026-08-01 13:00:00+00:00,157.29,163.29,1.0
2026-08-01 13:05:00+00:00,157.32,163.3,1.0
2026-08-01 13:10:00+00:00,157.31,163.27,1.0
2026-08-01 13:15:00+00:00,157.33,163.52,1.0
2026-08-01 13:20:00+00:00,157.35,163.58,1.0
2026-08-01 13:25:00+00:00,157.13,163.44,1.0
2026-08-01 13:30:00+00:00,157.33,163.73,1.0
2026-08-01 13:35:00+00:00,157.29,163.8,1.0
2026-08-01 13:40:00+00:00,157.31,163.82,1.0
2026-08-01 13:45:00+00:00,157.27,163.78,1.0
2026-08-01 13:50:00+00:00,157.33,163.67,1.0
2026-08-01 13:55:00+00:00,157.54,163.58,1.0
2026-08-01 14:00:00+00:00,157.48,163.48,1.0
2026-08-01 14:05:00+00:00,157.59,163.64,1.0
2026-08-01 14:10:00+00:00,157.55,163.57,1.0
2026-08-01 14:15:00+00:00,157.61,163.58,1.0
2026-08-01 14:20:00+00:00,157.59,163.62,1.0
2026-08-01 14:25:00+00:00,157.52,163.65,1.0
2026-08-01 14:30:00+00:00,157.54,163.56,1.0
2026-08-01 14:35:00+00:00,157.55,163.74,1.0
2026-08-01 14:40:00+00:00,157.54,163.76,1.0
2026-08-01 14:45:00+00:00,157.48,163.77,1.0
2026-08-01 14:50:00+00:00,157.54,163.94,1.0
2026-08-01 14:55:00+00:00,157.56,164.0,1.0
2026-08-01 15:00:00+00:00,157.55,163.99,1.0
2026-08-01 15:05:00+00:00,157.45,163.92,1.0
2026-08-01 15:10:00+00:00,157.47,163.99,1.0
2026-08-01 15:15:00+00:00,157.5,163.98,1.0
2026-08-01 15:20:00+00:00,157.51,163.79,1.0
2026-08-01 15:25:00+00:00,157.59,163.92,1.0
2026-08-01 15:30:00+00:00,157.5,163.75,1.0
2026-08-01 15:35:00+00:00,157.34,163.6,1.0
2026-08-01 15:40:00+00:00,157.43,163.58,1.0
2026-08-01 15:45:00+00:00,157.42,163.54,1.0
2026-08-01 15:50:00+00:00,157.4,163.48,1.0
2026-08-01 15:55:00+00:00,157.38,163.47,1.0
2026-08-01 16:00:00+00:00,157.38,163.32,1.0
2026-08-01 16:05:00+00:00,157.4,163.37,1.0
2026-08-01 16:10:00+00:00,157.36,163.22,1.0
2026-08-01 16:15:00+00:00,157.27,162.74,1.0
2026-08-01 16:20:00+00:00,157.36,163.2,1.0
2026-08-01 16:25:00+00:00,157.33,163.05,1.0
2026-08-01 16:30:00+00:00,157.32,163.07,1.0
2026-08-01 16:35:00+00:00,157.31,162.91,1.0
2026-08-01 16:40:00+00:00,157.24,162.87,1.0
2026-08-01 16:45:00+00:00,157.3,162.8,1.0
2026-08-01 16:50:00+00:00,157.33,162.89,1.0
2026-08-01 16:55:00+00:00,157.48,162.97,1.0
2026-08-01 17:00:00+00:00,157.65,163.13,1.0
2026-08-01 17:05:00+00:00,157.44,163.03,1.0
2026-08-01 17:10:00+00:00,157.5,163.06,1.0
2026-08-01 17:15:00+00:00,157.44,163.06,1.0
2026-08-01 17:20:00+00:00,157.48,163.11,1.0
2026-08-01 17:25:00+00:00,157.67,163.52,1.0
2026-08-01 17:30:00+00:00,157.52,163.14,1.0
2026-08-01 17:35:00+00:00,157.42,162.92,1.0
2026-08-01 17:40:00+00:00,157.38,162.79,1.0
2026-08-01 17:45:00+00:00,157.33,162.7,1.0
2026-08-01 17:50:00+00:00,157.36,162.77,1.0
2026-08-01 17:55:00+00:00,157.36,162.68,1.0
2026-08-01 18:00:00+00:00,157.34,162.67,1.0
2026-08-01 18:05:00+00:00,157.17,162.49,1.0
2026-08-01 18:10:00+00:00,157.12,162.56,1.0
2026-08-01 18:15:00+00:00,157.22,162.84,1.0
2026-08-01 18:20:00+00:00,157.0,162.51,1.0
2026-08-01 18:25:00+00:00,156.98,162.4,1.0
2026-08-01 18:30:00+00:00,156.79,162.09,1.0
2026-08-01 18:35:00+00:00,156.65,162.12,1.0
2026-08-01 18:40:00+00:00,156.61,161.97,1.0
2026-08-01 18:45:00+00:00,156.57,162.0,1.0
2026-08-01 18:50:00+00:00,156.43,161.65,1.0
2026-08-01 18:55:00+00:00,156.52,161.69,1.0
2026-08-01 19:00:00+00:00,156.44,161.51,1.0
2026-08-01 19:05:00+00:00,156.6,161.66,1.0
2026-08-01 19:10:00+00:00,156.68,161.9,1.0
2026-08-01 19:15:00+00:00,156.72,161.97,1.0
2026-08-01 19:20:00+00:00,156.66,161.84,1.0
2026-08-01 19:25:00+00:00,156.7,161.94,1.0
2026-08-01 19:30:00+00:00,156.38,161.61,1.0
2026-08-01 19:35:00+00:00,156.3,161.4,1.0
2026-08-01 19:40:00+00:00,156.39,161.4,1.0
2026-08-01 19:45:00+00:00,156.42,161.65,1.0
2026-08-01 19:50:00+00:00,155.83,161.05,1.0
2026-08-01 19:55:00+00:00,156.02,161.27,1.0
2026-08-01 20:00:00+00:00,156.06,161.3,1.0
2026-08-01 20:05:00+00:00,155.87,161.01,1.0
2026-08-01 20:10:00+00:00,155.91,160.72,1.0
2026-08-01 20:15:00+00:00,156.17,161.24,1.0
2026-08-01 20:20:00+00:00,155.96,160.93,1.0
2026-08-01 20:25:00+00:00,155.98,160.91,1.0
2026-08-01 20:30:00+00:00,155.97,160.97,1.0
2026-08-01 20:35:00+00:00,156.04,160.96,1.0
2026-08-01 20:40:00+00:00,156.0,160.93,1.0
2026-08-01 20:45:00+00:00,156.11,161.15,1.0
2026-08-01 20:50:00+00:00,156.09,161.06,1.0
2026-08-01 20:55:00+00:00,156.26,161.32,1.0
2026-08-01 21:00:00+00:00,156.39,161.46,1.0
2026-08-01 21:05:00+00:00,156.27,161.07,1.0
2026-08-01 21:10:00+00:00,156.94,161.34,1.0
2026-08-01 21:15:00+00:00,156.95,161.34,1.0
2026-08-01 21:20:00+00:00,157.01,161.43,1.0
2026-08-01 21:25:00+00:00,156.98,161.46,1.0
2026-08-01 21:30:00+00:00,157.17,161.87,1.0
2026-08-01 21:35:00+00:00,157.34,162.11,1.0
2026-08-01 21:40:00+00:00,157.29,162.2,1.0
2026-08-01 21:45:00+00:00,157.73,163.02,1.0
2026-08-01 21:50:00+00:00,157.72,163.38,1.0
2026-08-01 21:55:00+00:00,157.57,163.39,1.0
2026-08-01 22:00:00+00:00,157.47,163.33,1.0
2026-08-01 22:05:00+00:00,157.38,163.36,1.0
2026-08-01 22:10:00+00:00,157.34,163.36,1.0
2026-08-01 22:15:00+00:00,157.12,162.89,1.0
2026-08-01 22:20:00+00:00,157.07,162.64,1.0
2026-08-01 22:25:00+00:00,157.2,162.6,1.0
2026-08-01 22:30:00+00:00,157.15,162.58,1.0
2026-08-01 22:35:00+00:00,157.25,162.66,1.0
2026-08-01 22:40:00+00:00,157.23,163.01,1.0
2026-08-01 22:45:00+00:00,157.28,163.04,1.0
2026-08-01 22:50:00+00:00,157.38,163.21,1.0
2026-08-01 22:55:00+00:00,157.38,162.96,1.0
2026-08-01 23:00:00+00:00,157.35,163.07,1.0
2026-08-01 23:05:00+00:00,157.31,162.93,1.0
2026-08-01 23:10:00+00:00,157.27,162.89,1.0
2026-08-01 23:15:00+00:00,157.18,162.89,1.0
2026-08-01 23:20:00+00:00,157.12,162.77,1.0
2026-08-01 23:25:00+00:00,157.08,162.8,1.0
2026-08-01 23:30:00+00:00,157.24,162.95,1.0
2026-08-01 23:35:00+00:00,157.18,162.87,1.0
2026-08-01 23:40:00+00:00,157.29,163.08,1.0
2026-08-01 23:45:00+00:00,157.4,163.37,1.0
2026-08-01 23:50:00+00:00,157.38,163.26,1.0
2026-08-01 23:55:00+00:00,157.35,163.23,1.0
2026-08-02 00:00:00+00:00,157.83,163.79,1.0
2026-08-02 00:05:00+00:00,157.74,163.91,1.0
2026-08-02 00:10:00+00:00,157.74,163.91,1.0
2026-08-02 00:15:00+00:00,157.89,164.21,1.0
2026-08-02 00:20:00+00:00,158.01,164.44,1.0
2026-08-02 00:25:00+00:00,157.92,164.44,1.0
2026-08-02 00:30:00+00:00,157.99,164.37,1.0
2026-08-02 00:35:00+00:00,158.04,164.3,1.0
2026-08-02 00:40:00+00:00,157.74,164.11,1.0
2026-08-02 00:45:00+00:00,157.79,164.28,1.0
2026-08-02 00:50:00+00:00,157.72,164.07,1.0
2026-08-02 00:55:00+00:00,157.8,164.11,1.0
2026-08-02 01:00:00+00:00,157.84,164.1,1.0
2026-08-02 01:05:00+00:00,157.73,163.9,1.0
2026-08-02 01:10:00+00:00,157.73,163.94,1.0
2026-08-02 01:15:00+00:00,157.87,163.99,1.0
2026-08-02 01:20:00+00:00,157.73,163.76,1.0
2026-08-02 01:25:00+00:00,157.78,163.88,1.0
2026-08-02 01:30:00+00:00,157.84,163.89,1.0
2026-08-02 01:35:00+00:00,157.81,163.88,1.0
2026-08-02 01:40:00+00:00,157.72,163.58,1.0
2026-08-02 01:45:00+00:00,157.77,163.67,1.0
2026-08-02 01:50:00+00:00,157.7,163.56,1.0
2026-08-02 01:55:00+00:00,157.78,163.83,1.0
2026-08-02 02:00:00+00:00,157.69,163.74,1.0
2026-08-02 02:05:00+00:00,158.45,165.42,1.0
2026-08-02 02:10:00+00:00,159.49,167.02,1.0
2026-08-02 02:15:00+00:00,160.18,168.58,1.0
2026-08-02 02:20:00+00:00,160.22,168.66,1.0
2026-08-02 02:25:00+00:00,160.0,168.13,1.0
2026-08-02 02:30:00+00:00,159.73,167.76,1.0
2026-08-02 02:35:00+00:00,159.7,167.93,1.0
2026-08-02 02:40:00+00:00,160.01,168.17,1.0
2026-08-02 02:45:00+00:00,160.34,168.87,1.0
2026-08-02 02:50:00+00:00,160.17,168.41,1.0
2026-08-02 02:55:00+00:00,159.88,167.73,1.0
2026-08-02 03:00:00+00:00,159.99,168.11,1.0
2026-08-02 03:05:00+00:00,160.12,167.9,1.0
2026-08-02 03:10:00+00:00,160.16,167.98,1.0
2026-08-02 03:15:00+00:00,160.05,167.54,1.0
2026-08-02 03:20:00+00:00,159.94,167.22,1.0
2026-08-02 03:25:00+00:00,160.14,167.49,1.0
2026-08-02 03:30:00+00:00,160.27,167.68,1.0
2026-08-02 03:35:00+00:00,160.19,167.43,1.0
2026-08-02 03:40:00+00:00,160.19,167.43,1.0
2026-08-02 03:45:00+00:00,160.34,167.52,1.0
2026-08-02 03:50:00+00:00,160.18,167.27,1.0
2026-08-02 03:55:00+00:00,160.4,167.58,1.0
2026-08-02 04:00:00+00:00,160.58,167.97,1.0
2026-08-02 04:05:00+00:00,160.56,167.85,1.0
2026-08-02 04:10:00+00:00,160.71,168.15,1.0
2026-08-02 04:15:00+00:00,160.7,168.13,1.0
2026-08-02 04:20:00+00:00,160.68,168.31,1.0
2026-08-02 04:25:00+00:00,160.61,168.24,1.0
2026-08-02 04:30:00+00:00,160.47,167.97,1.0
2026-08-02 04:35:00+00:00,160.51,168.04,1.0
2026-08-02 04:40:00+00:00,160.76,168.5,1.0
2026-08-02 04:45:00+00:00,160.73,168.35,1.0
2026-08-02 04:50:00+00:00,160.58,168.09,1.0
2026-08-02 04:55:00+00:00,160.56,168.19,1.0
2026-08-02 05:00:00+00:00,160.67,168.03,1.0
2026-08-02 05:05:00+00:00,160.7,168.12,1.0
2026-08-02 05:10:00+00:00,160.58,167.99,1.0
2026-08-02 05:15:00+00:00,160.55,168.0,1.0
2026-08-02 05:20:00+00:00,160.56,167.92,1.0
2026-08-02 05:25:00+00:00,160.6,168.28,1.0
2026-08-02 05:30:00+00:00,160.59,168.2,1.0
2026-08-02 05:35:00+00:00,160.58,168.28,1.0
2026-08-02 05:40:00+00:00,160.58,168.28,1.0
2026-08-02 05:45:00+00:00,160.64,168.26,1.0
2026-08-02 05:50:00+00:00,160.9,168.46,1.0
2026-08-02 05:55:00+00:00,161.05,168.66,1.0
2026-08-02 06:00:00+00:00,161.12,168.62,1.0
2026-08-02 06:05:00+00:00,161.04,168.53,1.0
2026-08-02 06:10:00+00:00,161.0,168.65,1.0
2026-08-02 06:15:00+00:00,160.68,168.25,1.0
2026-08-02 06:20:00+00:00,160.75,168.32,1.0
2026-08-02 06:25:00+00:00,160.67,168.17,1.0
2026-08-02 06:30:00+00:00,160.77,168.5,1.0
2026-08-02 06:35:00+00:00,160.71,168.51,1.0
2026-08-02 06:40:00+00:00,160.55,168.34,1.0
2026-08-02 06:45:00+00:00,160.54,168.22,1.0
2026-08-02 06:50:00+00:00,160.47,168.2,1.0
2026-08-02 06:55:00+00:00,160.36,168.13,1.0
2026-08-02 07:00:00+00:00,160.45,168.18,1.0
2026-08-02 07:05:00+00:00,160.42,168.0,1.0
2026-08-02 07:10:00+00:00,160.5,167.89,1.0
2026-08-02 07:15:00+00:00,160.53,167.98,1.0
2026-08-02 07:20:00+00:00,160.65,168.03,1.0
2026-08-02 07:25:00+00:00,160.66,167.99,1.0
2026-08-02 07:30:00+00:00,160.59,168.0,1.0
2026-08-02 07:35:00+00:00,160.75,168.29,1.0
2026-08-02 07:40:00+00:00,160.96,168.86,1.0
2026-08-02 07:45:00+00:00,160.88,168.82,1.0
2026-08-02 07:50:00+00:00,160.94,168.79,1.0
2026-08-02 07:55:00+00:00,160.89,168.7,1.0
2026-08-02 08:00:00+00:00,160.99,168.92,1.0
2026-08-02 08:05:00+00:00,161.13,169.23,1.0
2026-08-02 08:10:00+00:00,161.04,169.1,1.0
2026-08-02 08:15:00+00:00,161.13,169.23,1.0
2026-08-02 08:20:00+00:00,161.18,169.32,1.0
2026-08-02 08:25:00+00:00,161.19,169.43,1.0
2026-08-02 08:30:00+00:00,161.3,169.61,1.0
2026-08-02 08:35:00+00:00,161.16,169.26,1.0
2026-08-02 08:40:00+00:00,161.06,169.34,1.0
2026-08-02 08:45:00+00:00,161.04,169.29,1.0
2026-08-02 08:50:00+00:00,160.97,169.25,1.0
2026-08-02 08:55:00+00:00,160.95,169.07,1.0
2026-08-02 09:00:00+00:00,160.56,168.63,1.0
2026-08-02 09:05:00+00:00,160.72,168.96,1.0
2026-08-02 09:10:00+00:00,160.75,168.82,1.0
2026-08-02 09:15:00+00:00,160.5,168.59,1.0
2026-08-02 09:20:00+00:00,160.74,168.65,1.0
2026-08-02 09:25:00+00:00,160.7,168.57,1.0
2026-08-02 09:30:00+00:00,160.82,168.87,1.0
2026-08-02 09:35:00+00:00,160.8,168.85,1.0
2026-08-02 09:40:00+00:00,160.75,168.78,1.0
2026-08-02 09:45:00+00:00,161.09,169.37,1.0
2026-08-02 09:50:00+00:00,160.93,169.22,1.0
2026-08-02 09:55:00+00:00,160.91,169.08,1.0
2026-08-02 10:00:00+00:00,160.82,168.87,1.0
2026-08-02 10:05:00+00:00,160.84,168.77,1.0
2026-08-02 10:10:00+00:00,160.9,168.93,1.0
2026-08-02 10:15:00+00:00,161.03,169.18,1.0
2026-08-02 10:20:00+00:00,160.8,168.78,1.0
2026-08-02 10:25:00+00:00,160.89,168.79,1.0
2026-08-02 10:30:00+00:00,160.88,168.85,1.0
2026-08-02 10:35:00+00:00,160.85,168.81,1.0
2026-08-02 10:40:00+00:00,160.95,168.86,1.0
2026-08-02 10:45:00+00:00,160.91,168.86,1.0
2026-08-02 10:50:00+00:00,160.98,168.88,1.0
2026-08-02 10:55:00+00:00,160.68,168.54,1.0
2026-08-02 11:00:00+00:00,160.68,168.55,1.0
2026-08-02 11:05:00+00:00,160.51,168.24,1.0
2026-08-02 11:10:00+00:00,160.52,168.4,1.0
2026-08-02 11:15:00+00:00,160.25,168.09,1.0
2026-08-02 11:20:00+00:00,160.19,167.97,1.0
2026-08-02 11:25:00+00:00,159.79,167.19,1.0
2026-08-02 11:30:00+00:00,159.66,165.76,1.0
2026-08-02 11:35:00+00:00,159.75,165.95,1.0
2026-08-02 11:40:00+00:00,159.67,165.99,1.0
2026-08-02 11:45:00+00:00,159.79,166.19,1.0
2026-08-02 11:50:00+00:00,159.6,165.9,1.0
2026-08-02 11:55:00+00:00,159.34,164.98,1.0
2026-08-02 12:00:00+00:00,159.31,164.93,1.0
2026-08-02 12:05:00+00:00,159.45,165.03,1.0
2026-08-02 12:10:00+00:00,159.48,165.19,1.0
2026-08-02 12:15:00+00:00,159.56,165.14,1.0
2026-08-02 12:20:00+00:00,159.7,165.17,1.0
2026-08-02 12:25:00+00:00,159.67,165.17,1.0
2026-08-02 12:30:00+00:00,159.64,165.13,1.0
2026-08-02 12:35:00+00:00,159.54,165.0,1.0
2026-08-02 12:40:00+00:00,159.62,165.12,1.0
2026-08-02 12:45:00+00:00,159.74,165.3,1.0
2026-08-02 12:50:00+00:00,159.68,165.21,1.0
2026-08-02 12:55:00+00:00,159.64,165.11,1.0
2026-08-02 13:00:00+00:00,159.57,164.99,1.0
2026-08-02 13:05:00+00:00,159.56,165.06,1.0
2026-08-02 13:10:00+00:00,159.75,165.42,1.0
2026-08-02 13:15:00+00:00,159.61,165.45,1.0
2026-08-02 13:20:00+00:00,159.49,165.34,1.0
2026-08-02 13:25:00+00:00,159.53,165.29,1.0
2026-08-02 13:30:00+00:00,159.59,165.3,1.0
2026-08-02 13:35:00+00:00,159.37,165.08,1.0
2026-08-02 13:40:00+00:00,159.6,165.26,1.0
2026-08-02 13:45:00+00:00,159.57,165.25,1.0
2026-08-02 13:50:00+00:00,159.51,165.23,1.0
2026-08-02 13:55:00+00:00,159.58,165.32,1.0
2026-08-02 14:00:00+00:00,159.52,165.25,1.0
2026-08-02 14:05:00+00:00,159.48,165.17,1.0
2026-08-02 14:10:00+00:00,159.54,165.25,1.0
2026-08-02 14:15:00+00:00,159.57,165.32,1.0
2026-08-02 14:20:00+00:00,159.45,165.27,1.0
2026-08-02 14:25:00+00:00,159.51,165.34,1.0
2026-08-02 14:30:00+00:00,159.49,165.32,1.0
2026-08-02 14:35:00+00:00,159.54,165.41,1.0
2026-08-02 14:40:00+00:00,159.56,165.38,1.0
2026-08-02 14:45:00+00:00,159.52,165.37,1.0
2026-08-02 14:50:00+00:00,159.53,165.34,1.0
2026-08-02 14:55:00+00:00,159.42,165.26,1.0
2026-08-02 15:00:00+00:00,159.32,165.15,1.0
2026-08-02 15:05:00+00:00,159.36,165.16,1.0
2026-08-02 15:10:00+00:00,159.47,165.35,1.0
2026-08-02 15:15:00+00:00,159.5,165.35,1.0
2026-08-02 15:20:00+00:00,159.64,165.49,1.0
2026-08-02 15:25:00+00:00,159.67,165.5,1.0
2026-08-02 15:30:00+00:00,159.62,165.5,1.0
2026-08-02 15:35:00+00:00,159.52,165.49,1.0
2026-08-02 15:40:00+00:00,159.51,165.48,1.0
2026-08-02 15:45:00+00:00,159.51,165.46,1.0
2026-08-02 15:50:00+00:00,159.52,165.56,1.0
2026-08-02 15:55:00+00:00,159.67,165.8,1.0
2026-08-02 16:00:00+00:00,159.69,165.74,1.0
2026-08-02 16:05:00+00:00,159.6,165.63,1.0
2026-08-02 16:10:00+00:00,159.56,165.62,1.0
2026-08-02 16:15:00+00:00,159.56,165.64,1.0
2026-08-02 16:20:00+00:00,159.5,165.66,1.0
2026-08-02 16:25:00+00:00,159.5,165.63,1.0
2026-08-02 16:30:00+00:00,159.52,165.85,1.0
2026-08-02 16:35:00+00:00,159.66,166.0,1.0
2026-08-02 16:40:00+00:00,159.72,166.14,1.0
2026-08-02 16:45:00+00:00,159.82,166.41,1.0
2026-08-02 16:50:00+00:00,159.88,166.63,1.0
2026-08-02 16:55:00+00:00,159.97,166.78,1.0
2026-08-02 17:00:00+00:00,160.39,167.47,1.0
2026-08-02 17:05:00+00:00,160.17,167.34,1.0
2026-08-02 17:10:00+00:00,160.27,167.53,1.0
2026-08-02 17:15:00+00:00,160.32,167.6,1.0
2026-08-02 17:20:00+00:00,160.55,168.14,1.0
2026-08-02 17:25:00+00:00,160.09,167.34,1.0
2026-08-02 17:30:00+00:00,160.14,167.43,1.0
2026-08-02 17:35:00+00:00,160.17,167.6,1.0
2026-08-02 17:40:00+00:00,160.19,167.53,1.0
2026-08-02 17:45:00+00:00,160.14,167.39,1.0
2026-08-02 17:50:00+00:00,160.11,167.33,1.0
2026-08-02 17:55:00+00:00,160.11,167.35,1.0
2026-08-02 18:00:00+00:00,160.08,167.42,1.0
2026-08-02 18:05:00+00:00,160.09,167.42,1.0
2026-08-02 18:10:00+00:00,160.1,167.41,1.0
2026-08-02 18:15:00+00:00,160.12,167.44,1.0
2026-08-02 18:20:00+00:00,160.24,167.61,1.0
2026-08-02 18:25:00+00:00,160.17,167.41,1.0
2026-08-02 18:30:00+00:00,160.21,167.49,1.0
2026-08-02 18:35:00+00:00,160.34,167.69,1.0
2026-08-02 18:40:00+00:00,160.21,167.68,1.0
2026-08-02 18:45:00+00:00,160.17,167.59,1.0
2026-08-02 18:50:00+00:00,160.18,167.62,1.0
2026-08-02 18:55:00+00:00,160.27,167.91,1.0
2026-08-02 19:00:00+00:00,160.53,168.61,1.0
2026-08-02 19:05:00+00:00,160.51,168.45,1.0
2026-08-02 19:10:00+00:00,160.5,168.55,1.0
2026-08-02 19:15:00+00:00,160.54,168.5,1.0
2026-08-02 19:20:00+00:00,160.58,168.54,1.0
2026-08-02 19:25:00+00:00,160.55,168.54,1.0
2026-08-02 19:30:00+00:00,160.7,168.88,1.0
2026-08-02 19:35:00+00:00,160.68,168.77,1.0
2026-08-02 19:40:00+00:00,160.71,168.91,1.0
2026-08-02 19:45:00+00:00,160.7,168.91,1.0
2026-08-02 19:50:00+00:00,160.66,168.81,1.0
2026-08-02 19:55:00+00:00,160.74,169.04,1.0
2026-08-02 20:00:00+00:00,160.58,168.8,1.0
2026-08-02 20:05:00+00:00,160.75,168.86,1.0
2026-08-02 20:10:00+00:00,160.77,169.02,1.0
2026-08-02 20:15:00+00:00,160.67,168.93,1.0
2026-08-02 20:20:00+00:00,160.55,168.86,1.0
2026-08-02 20:25:00+00:00,160.56,168.73,1.0
2026-08-02 20:30:00+00:00,160.69,168.77,1.0
2026-08-02 20:35:00+00:00,160.61,168.75,1.0
2026-08-02 20:40:00+00:00,160.52,168.59,1.0
2026-08-02 20:45:00+00:00,160.37,168.5,1.0
2026-08-02 20:50:00+00:00,160.52,168.49,1.0
2026-08-02 20:55:00+00:00,160.47,168.27,1.0
2026-08-02 21:00:00+00:00,160.93,168.76,1.0
2026-08-02 21:05:00+00:00,161.77,169.3,1.0
2026-08-02 21:10:00+00:00,161.59,169.51,1.0
2026-08-02 21:15:00+00:00,162.0,169.55,1.0
2026-08-02 21:20:00+00:00,162.27,169.65,1.0
2026-08-02 21:25:00+00:00,163.22,170.09,1.0
2026-08-02 21:30:00+00:00,163.36,170.4,1.0
2026-08-02 21:35:00+00:00,163.42,170.15,1.0
2026-08-02 21:40:00+00:00,163.04,170.08,1.0
2026-08-02 21:45:00+00:00,162.8,169.85,1.0
2026-08-02 21:50:00+00:00,162.05,169.93,1.0
2026-08-02 21:55:00+00:00,161.51,169.34,1.0
2026-08-02 22:00:00+00:00,161.98,170.1,1.0
2026-08-02 22:05:00+00:00,161.6,169.36,1.0
2026-08-02 22:10:00+00:00,161.49,169.28,1.0
2026-08-02 22:15:00+00:00,161.05,168.71,1.0
2026-08-02 22:20:00+00:00,161.01,169.15,1.0
2026-08-02 22:25:00+00:00,161.14,169.3,1.0
2026-08-02 22:30:00+00:00,160.86,169.19,1.0
2026-08-02 22:35:00+00:00,160.83,169.06,1.0
2026-08-02 22:40:00+00:00,160.53,169.03,1.0
2026-08-02 22:45:00+00:00,160.87,169.59,1.0
2026-08-02 22:50:00+00:00,161.39,170.14,1.0
2026-08-02 22:55:00+00:00,161.37,170.78,1.0
2026-08-02 23:00:00+00:00,162.72,174.77,1.0
2026-08-02 23:05:00+00:00,162.82,174.9,1.0
2026-08-02 23:10:00+00:00,162.74,175.18,1.0
2026-08-02 23:15:00+00:00,161.46,173.58,1.0
2026-08-02 23:20:00+00:00,161.6,174.85,1.0
2026-08-02 23:25:00+00:00,161.84,174.58,1.0
2026-08-02 23:30:00+00:00,161.69,173.89,1.0
2026-08-02 23:35:00+00:00,161.75,174.54,1.0
2026-08-02 23:40:00+00:00,162.05,175.43,1.0
2026-08-02 23:45:00+00:00,161.72,173.78,1.0
2026-08-02 23:50:00+00:00,161.71,173.3,1.0
2026-08-02 23:55:00+00:00,162.38,173.52,1.0
2026-08-03 00:00:00+00:00,162.29,170.6,1.0
2026-08-03 00:05:00+00:00,161.59,169.63,1.0
2026-08-03 00:10:00+00:00,160.75,170.21,1.0
2026-08-03 00:15:00+00:00,161.34,169.9,1.0
2026-08-03 00:20:00+00:00,160.59,168.48,1.0
2026-08-03 00:25:00+00:00,160.36,168.56,1.0
2026-08-03 00:30:00+00:00,160.72,169.01,1.0
2026-08-03 00:35:00+00:00,160.98,169.51,1.0
2026-08-03 00:40:00+00:00,161.16,169.73,1.0
2026-08-03 00:45:00+00:00,161.81,170.79,1.0
2026-08-03 00:50:00+00:00,162.36,171.3,1.0
2026-08-03 00:55:00+00:00,162.94,171.65,1.0
2026-08-03 01:00:00+00:00,163.32,172.27,1.0
2026-08-03 01:05:00+00:00,162.45,170.49,1.0
2026-08-03 01:10:00+00:00,161.68,169.77,1.0
2026-08-03 01:15:00+00:00,161.3,169.18,1.0
2026-08-03 01:20:00+00:00,161.83,169.82,1.0
2026-08-03 01:25:00+00:00,161.72,169.57,1.0
2026-08-03 01:30:00+00:00,161.3,168.8,1.0
2026-08-03 01:35:00+00:00,161.32,168.88,1.0
2026-08-03 01:40:00+00:00,162.27,169.87,1.0
2026-08-03 01:45:00+00:00,161.4,168.79,1.0
2026-08-03 01:50:00+00:00,161.93,169.29,1.0
2026-08-03 01:55:00+00:00,162.95,170.42,1.0
2026-08-03 02:00:00+00:00,163.38,170.7,1.0
2026-08-03 02:05:00+00:00,163.03,170.45,1.0
2026-08-03 02:10:00+00:00,163.58,171.1,1.0
2026-08-03 02:15:00+00:00,163.96,172.07,1.0
2026-08-03 02:20:00+00:00,163.14,170.82,1.0
2026-08-03 02:25:00+00:00,162.2,169.78,1.0
2026-08-03 02:30:00+00:00,162.63,170.28,1.0
2026-08-03 02:35:00+00:00,162.81,170.47,1.0
2026-08-03 02:40:00+00:00,162.27,169.79,1.0
2026-08-03 02:45:00+00:00,162.35,169.92,1.0
2026-08-03 02:50:00+00:00,162.39,170.12,1.0
2026-08-03 02:55:00+00:00,162.12,169.71,1.0
2026-08-03 03:00:00+00:00,162.15,169.67,1.0
2026-08-03 03:05:00+00:00,161.92,169.49,1.0
2026-08-03 03:10:00+00:00,161.74,169.29,1.0
2026-08-03 03:15:00+00:00,161.49,169.02,1.0
2026-08-03 03:20:00+00:00,161.01,168.32,1.0
2026-08-03 03:25:00+00:00,161.14,168.65,1.0
2026-08-03 03:30:00+00:00,161.27,168.76,1.0
2026-08-03 03:35:00+00:00,161.44,169.01,1.0
2026-08-03 03:40:00+00:00,161.57,168.96,1.0
2026-08-03 03:45:00+00:00,161.44,168.91,1.0
2026-08-03 03:50:00+00:00,161.76,169.12,1.0
2026-08-03 03:55:00+00:00,161.24,168.51,1.0
2026-08-03 04:00:00+00:00,161.12,168.37,1.0
2026-08-03 04:05:00+00:00,161.12,168.12,1.0
2026-08-03 04:10:00+00:00,161.37,168.38,1.0
2026-08-03 04:15:00+00:00,161.56,168.3,1.0
2026-08-03 04:20:00+00:00,161.88,168.93,1.0
2026-08-03 04:25:00+00:00,161.58,168.6,1.0
2026-08-03 04:30:00+00:00,161.24,168.15,1.0
2026-08-03 04:35:00+00:00,161.2,168.17,1.0
2026-08-03 04:40:00+00:00,161.33,168.38,1.0
2026-08-03 04:45:00+00:00,161.31,168.46,1.0
2026-08-03 04:50:00+00:00,160.59,167.8,1.0
2026-08-03 04:55:00+00:00,160.5,167.33,1.0
2026-08-03 05:00:00+00:00,160.83,167.95,1.0
2026-08-03 05:05:00+00:00,160.72,167.6,1.0
2026-08-03 05:10:00+00:00,160.73,167.36,1.0
2026-08-03 05:15:00+00:00,160.47,166.95,1.0
2026-08-03 05:20:00+00:00,160.93,167.36,1.0
2026-08-03 05:25:00+00:00,161.17,168.19,1.0
2026-08-03 05:30:00+00:00,160.82,167.69,1.0
2026-08-03 05:35:00+00:00,161.3,168.46,1.0
2026-08-03 05:40:00+00:00,161.39,168.68,1.0
2026-08-03 05:45:00+00:00,161.18,168.83,1.0
2026-08-03 05:50:00+00:00,160.87,168.25,1.0
2026-08-03 05:55:00+00:00,161.01,168.51,1.0
2026-08-03 06:00:00+00:00,160.55,167.47,1.0
2026-08-03 06:05:00+00:00,160.56,167.54,1.0
2026-08-03 06:10:00+00:00,160.77,167.71,1.0
2026-08-03 06:15:00+00:00,160.78,167.46,1.0
2026-08-03 06:20:00+00:00,161.0,167.65,1.0
2026-08-03 06:25:00+00:00,161.1,167.58,1.0
2026-08-03 06:30:00+00:00,161.61,168.98,1.0
2026-08-03 06:35:00+00:00,161.32,168.41,1.0
2026-08-03 06:40:00+00:00,161.14,168.65,1.0
2026-08-03 06:45:00+00:00,161.33,168.37,1.0
2026-08-03 06:50:00+00:00,161.14,168.03,1.0
2026-08-03 06:55:00+00:00,161.07,167.75,1.0
2026-08-03 07:00:00+00:00,161.29,168.05,1.0
2026-08-03 07:05:00+00:00,161.03,167.67,1.0
2026-08-03 07:10:00+00:00,161.12,167.39,1.0
2026-08-03 07:15:00+00:00,160.92,167.13,1.0
2026-08-03 07:20:00+00:00,161.03,167.18,1.0
2026-08-03 07:25:00+00:00,160.92,167.54,1.0
2026-08-03 07:30:00+00:00,161.08,167.39,1.0
2026-08-03 07:35:00+00:00,160.87,167.05,1.0
2026-08-03 07:40:00+00:00,160.76,166.84,1.0
2026-08-03 07:45:00+00:00,160.89,166.68,1.0
2026-08-03 07:50:00+00:00,160.84,166.58,1.0
2026-08-03 07:55:00+00:00,161.1,167.02,1.0
2026-08-03 08:00:00+00:00,160.45,166.26,1.0
2026-08-03 08:05:00+00:00,160.46,166.21,1.0
2026-08-03 08:10:00+00:00,161.05,166.64,1.0
2026-08-03 08:15:00+00:00,159.97,165.6,1.0
2026-08-03 08:20:00+00:00,159.39,165.09,1.0
2026-08-03 08:25:00+00:00,158.97,164.49,1.0
2026-08-03 08:30:00+00:00,158.99,164.6,1.0
2026-08-03 08:35:00+00:00,159.57,165.18,1.0
2026-08-03 08:40:00+00:00,159.24,164.91,1.0
2026-08-03 08:45:00+00:00,159.51,165.29,1.0
2026-08-03 08:50:00+00:00,159.66,165.35,1.0
2026-08-03 08:55:00+00:00,159.85,165.87,1.0
2026-08-03 09:00:00+00:00,158.87,164.9,1.0
2026-08-03 09:05:00+00:00,159.12,165.46,1.0
2026-08-03 09:10:00+00:00,158.98,164.93,1.0
2026-08-03 09:15:00+00:00,159.05,165.16,1.0
2026-08-03 09:20:00+00:00,158.66,164.68,1.0
2026-08-03 09:25:00+00:00,158.76,164.64,1.0
2026-08-03 09:30:00+00:00,158.76,164.62,1.0
2026-08-03 09:35:00+00:00,158.79,165.07,1.0
2026-08-03 09:40:00+00:00,158.61,164.97,1.0
2026-08-03 09:45:00+00:00,158.77,165.01,1.0
2026-08-03 09:50:00+00:00,158.71,164.63,1.0
2026-08-03 09:55:00+00:00,158.88,164.8,1.0
2026-08-03 10:00:00+00:00,158.5,164.28,1.0
2026-08-03 10:05:00+00:00,158.35,163.63,1.0
2026-08-03 10:10:00+00:00,158.01,163.43,1.0
2026-08-03 10:15:00+00:00,157.82,162.85,1.0
2026-08-03 10:20:00+00:00,156.99,161.64,1.0
2026-08-03 10:25:00+00:00,157.58,162.55,1.0
2026-08-03 10:30:00+00:00,157.9,162.75,1.0
2026-08-03 10:35:00+00:00,157.74,162.48,1.0
2026-08-03 10:40:00+00:00,157.8,162.78,1.0
2026-08-03 10:45:00+00:00,157.73,162.62,1.0
2026-08-03 10:50:00+00:00,158.03,162.91,1.0
2026-08-03 10:55:00+00:00,158.11,163.17,1.0
2026-08-03 11:00:00+00:00,157.54,162.52,1.0
2026-08-03 11:05:00+00:00,156.85,161.89,1.0
2026-08-03 11:10:00+00:00,157.13,162.43,1.0
2026-08-03 11:15:00+00:00,157.29,162.49,1.0
2026-08-03 11:20:00+00:00,156.66,161.93,1.0
2026-08-03 11:25:00+00:00,156.53,161.7,1.0
2026-08-03 11:30:00+00:00,157.19,162.26,1.0
2026-08-03 11:35:00+00:00,156.29,161.39,1.0
2026-08-03 11:40:00+00:00,156.7,161.68,1.0
2026-08-03 11:45:00+00:00,156.42,161.42,1.0
2026-08-03 11:50:00+00:00,155.78,160.7,1.0
2026-08-03 11:55:00+00:00,155.88,160.89,1.0
2026-08-03 12:00:00+00:00,155.51,160.3,1.0
2026-08-03 12:05:00+00:00,155.83,161.09,1.0
2026-08-03 12:10:00+00:00,156.07,161.3,1.0
2026-08-03 12:15:00+00:00,156.4,161.41,1.0
2026-08-03 12:20:00+00:00,156.27,161.27,1.0
2026-08-03 12:25:00+00:00,156.25,161.23,1.0
2026-08-03 12:30:00+00:00,156.53,161.54,1.0
2026-08-03 12:35:00+00:00,156.32,161.27,1.0
2026-08-03 12:40:00+00:00,156.96,162.07,1.0
2026-08-03 12:45:00+00:00,156.4,161.27,1.0
2026-08-03 12:50:00+00:00,156.35,161.21,1.0
2026-08-03 12:55:00+00:00,156.27,161.21,1.0
2026-08-03 13:00:00+00:00,156.25,161.21,1.0
2026-08-03 13:05:00+00:00,156.07,160.96,1.0
2026-08-03 13:10:00+00:00,156.17,161.06,1.0
2026-08-03 13:15:00+00:00,156.92,162.55,1.0
2026-08-03 13:20:00+00:00,156.87,162.55,1.0
2026-08-03 13:25:00+00:00,156.66,161.59,1.0
2026-08-03 13:30:00+00:00,153.6,158.27,1.0
2026-08-03 13:35:00+00:00,154.87,159.47,1.0
2026-08-03 13:40:00+00:00,153.89,158.39,1.0
2026-08-03 13:45:00+00:00,154.13,159.46,1.0
2026-08-03 13:50:00+00:00,154.36,159.19,1.0
2026-08-03 13:55:00+00:00,155.35,161.26,1.0
2026-08-03 14:00:00+00:00,154.58,159.82,1.0
2026-08-03 14:05:00+00:00,154.34,159.56,1.0
2026-08-03 14:10:00+00:00,154.98,160.1,1.0
2026-08-03 14:15:00+00:00,155.86,161.16,1.0
2026-08-03 14:20:00+00:00,156.48,162.09,1.0
2026-08-03 14:25:00+00:00,156.86,162.95,1.0
2026-08-03 14:30:00+00:00,157.04,163.39,1.0
2026-08-03 14:35:00+00:00,157.32,163.94,1.0
2026-08-03 14:40:00+00:00,157.01,163.42,1.0
2026-08-03 14:45:00+00:00,157.82,164.87,1.0
2026-08-03 14:50:00+00:00,158.38,165.76,1.0
2026-08-03 14:55:00+00:00,158.96,165.98,1.0
2026-08-03 15:00:00+00:00,158.31,165.22,1.0
2026-08-03 15:05:00+00:00,157.19,163.61,1.0
2026-08-03 15:10:00+00:00,156.72,163.25,1.0
2026-08-03 15:15:00+00:00,156.67,163.44,1.0
2026-08-03 15:20:00+00:00,156.23,162.55,1.0
2026-08-03 15:25:00+00:00,155.84,162.15,1.0
2026-08-03 15:30:00+00:00,156.85,162.77,1.0
2026-08-03 15:35:00+00:00,157.0,163.43,1.0
2026-08-03 15:40:00+00:00,157.36,164.26,1.0
2026-08-03 15:45:00+00:00,157.24,164.51,1.0
2026-08-03 15:50:00+00:00,157.3,164.63,1.0
2026-08-03 15:55:00+00:00,156.98,164.3,1.0
2026-08-03 16:00:00+00:00,157.51,165.08,1.0
2026-08-03 16:05:00+00:00,157.46,164.93,1.0
2026-08-03 16:10:00+00:00,157.78,164.96,1.0
2026-08-03 16:15:00+00:00,158.33,166.1,1.0
2026-08-03 16:20:00+00:00,158.02,165.6,1.0
2026-08-03 16:25:00+00:00,158.12,165.61,1.0
2026-08-03 16:30:00+00:00,158.22,165.64,1.0
2026-08-03 16:35:00+00:00,157.86,165.4,1.0
2026-08-03 16:40:00+00:00,158.23,165.78,1.0
2026-08-03 16:45:00+00:00,158.31,165.98,1.0
2026-08-03 16:50:00+00:00,157.86,165.58,1.0
2026-08-03 16:55:00+00:00,157.67,165.29,1.0
2026-08-03 17:00:00+00:00,157.97,165.56,1.0
2026-08-03 17:05:00+00:00,158.26,166.06,1.0
2026-08-03 17:10:00+00:00,158.7,166.57,1.0
2026-08-03 17:15:00+00:00,158.9,166.9,1.0
2026-08-03 17:20:00+00:00,158.72,166.72,1.0
2026-08-03 17:25:00+00:00,159.12,167.12,1.0
2026-08-03 17:30:00+00:00,159.52,167.74,1.0
2026-08-03 17:35:00+00:00,159.61,167.76,1.0
2026-08-03 17:40:00+00:00,159.97,168.1,1.0
2026-08-03 17:45:00+00:00,160.15,168.31,1.0
2026-08-03 17:50:00+00:00,160.43,168.84,1.0
2026-08-03 17:55:00+00:00,160.54,169.12,1.0
2026-08-03 18:00:00+00:00,160.63,169.18,1.0
2026-08-03 18:05:00+00:00,161.02,169.74,1.0
2026-08-03 18:10:00+00:00,160.64,169.54,1.0
2026-08-03 18:15:00+00:00,160.35,169.12,1.0
2026-08-03 18:20:00+00:00,160.4,168.73,1.0
2026-08-03 18:25:00+00:00,160.04,167.95,1.0
2026-08-03 18:30:00+00:00,160.1,168.19,1.0
2026-08-03 18:35:00+00:00,159.75,167.48,1.0
2026-08-03 18:40:00+00:00,159.86,167.69,1.0
2026-08-03 18:45:00+00:00,159.85,167.66,1.0
2026-08-03 18:50:00+00:00,159.84,167.63,1.0
2026-08-03 18:55:00+00:00,159.66,167.63,1.0
2026-08-03 19:00:00+00:00,160.18,168.18,1.0
2026-08-03 19:05:00+00:00,159.88,167.77,1.0
2026-08-03 19:10:00+00:00,159.68,167.45,1.0
2026-08-03 19:15:00+00:00,159.92,167.89,1.0
2026-08-03 19:20:00+00:00,159.84,167.54,1.0
2026-08-03 19:25:00+00:00,159.9,167.73,1.0
2026-08-03 19:30:00+00:00,160.21,168.06,1.0
2026-08-03 19:35:00+00:00,160.18,168.17,1.0
2026-08-03 19:40:00+00:00,160.54,168.75,1.0
2026-08-03 19:45:00+00:00,160.49,168.57,1.0
2026-08-03 19:50:00+00:00,160.5,168.94,1.0
2026-08-03 19:55:00+00:00,160.4,168.62,1.0
2026-08-03 20:00:00+00:00,160.44,168.22,1.0
2026-08-03 20:05:00+00:00,160.56,168.23,1.0
2026-08-03 20:10:00+00:00,160.65,168.49,1.0
2026-08-03 20:15:00+00:00,161.01,168.86,1.0
2026-08-03 20:20:00+00:00,161.11,168.78,1.0
2026-08-03 20:25:00+00:00,161.16,168.89,1.0
2026-08-03 20:30:00+00:00,161.28,168.74,1.0
2026-08-03 20:35:00+00:00,161.4,167.98,1.0
2026-08-03 20:40:00+00:00,161.48,167.99,1.0
2026-08-03 20:45:00+00:00,161.46,167.74,1.0
2026-08-03 20:50:00+00:00,161.31,167.76,1.0
2026-08-03 20:55:00+00:00,161.45,167.85,1.0
2026-08-03 21:00:00+00:00,161.22,167.8,1.0
2026-08-03 21:05:00+00:00,161.34,167.86,1.0
2026-08-03 21:10:00+00:00,161.23,167.87,1.0
2026-08-03 21:15:00+00:00,161.29,167.79,1.0
2026-08-03 21:20:00+00:00,161.32,167.75,1.0
2026-08-03 21:25:00+00:00,161.33,167.66,1.0
2026-08-03 21:30:00+00:00,161.42,167.79,1.0
2026-08-03 21:35:00+00:00,161.58,167.85,1.0
2026-08-03 21:40:00+00:00,161.76,167.89,1.0
2026-08-03 21:45:00+00:00,161.92,167.9,1.0
2026-08-03 21:50:00+00:00,161.72,167.84,1.0
2026-08-03 21:55:00+00:00,161.7,167.78,1.0
2026-08-03 22:00:00+00:00,161.83,167.9,1.0
2026-08-03 22:05:00+00:00,162.15,167.86,1.0
2026-08-03 22:10:00+00:00,162.14,167.85,1.0
2026-08-03 22:15:00+00:00,162.19,167.87,1.0
2026-08-03 22:20:00+00:00,162.07,167.77,1.0
2026-08-03 22:25:00+00:00,161.86,167.73,1.0
2026-08-03 22:30:00+00:00,161.99,167.76,1.0
2026-08-03 22:35:00+00:00,162.36,167.86,1.0
2026-08-03 22:40:00+00:00,162.68,167.87,1.0
2026-08-03 22:45:00+00:00,162.73,167.88,1.0
2026-08-03 22:50:00+00:00,162.69,167.89,1.0
2026-08-03 22:55:00+00:00,162.56,167.81,1.0
2026-08-03 23:00:00+00:00,162.42,168.62,1.0
2026-08-03 23:05:00+00:00,162.41,169.43,1.0
2026-08-03 23:10:00+00:00,162.69,169.9,1.0
2026-08-03 23:15:00+00:00,162.81,170.06,1.0
2026-08-03 23:20:00+00:00,162.5,168.96,1.0
2026-08-03 23:25:00+00:00,162.35,169.0,1.0
2026-08-03 23:30:00+00:00,162.48,168.85,1.0
2026-08-03 23:35:00+00:00,162.64,169.3,1.0
2026-08-03 23:40:00+00:00,163.89,169.78,1.0
2026-08-03 23:45:00+00:00,162.86,170.28,1.0
2026-08-03 23:50:00+00:00,163.04,170.52,1.0
2026-08-03 23:55:00+00:00,163.35,171.42,1.0
2026-08-04 00:00:00+00:00,163.39,169.46,1.0
2026-08-04 00:05:00+00:00,163.31,169.39,1.0
2026-08-04 00:10:00+00:00,162.15,167.2,1.0
2026-08-04 00:15:00+00:00,161.8,166.56,1.0
2026-08-04 00:20:00+00:00,162.41,167.12,1.0
2026-08-04 00:25:00+00:00,161.29,164.48,1.0
2026-08-04 00:30:00+00:00,160.39,163.4,1.0
2026-08-04 00:35:00+00:00,159.63,162.81,1.0
2026-08-04 00:40:00+00:00,159.9,163.04,1.0
2026-08-04 00:45:00+00:00,159.89,163.22,1.0
2026-08-04 00:50:00+00:00,159.91,163.34,1.0
2026-08-04 00:55:00+00:00,158.64,160.88,1.0
2026-08-04 01:00:00+00:00,158.69,161.06,1.0
2026-08-04 01:05:00+00:00,159.05,160.91,1.0
2026-08-04 01:10:00+00:00,159.64,162.22,1.0
2026-08-04 01:15:00+00:00,159.35,162.05,1.0
2026-08-04 01:20:00+00:00,159.91,163.25,1.0
2026-08-04 01:25:00+00:00,160.43,163.97,1.0
2026-08-04 01:30:00+00:00,161.29,165.17,1.0
2026-08-04 01:35:00+00:00,160.32,163.44,1.0
2026-08-04 01:40:00+00:00,161.66,165.58,1.0
2026-08-04 01:45:00+00:00,162.43,167.04,1.0
2026-08-04 01:50:00+00:00,163.45,167.77,1.0
2026-08-04 01:55:00+00:00,163.26,167.83,1.0
2026-08-04 02:00:00+00:00,162.31,166.12,1.0
2026-08-04 02:05:00+00:00,162.15,166.16,1.0
2026-08-04 02:10:00+00:00,161.68,165.23,1.0
2026-08-04 02:15:00+00:00,161.83,165.8,1.0
2026-08-04 02:20:00+00:00,161.55,165.31,1.0
2026-08-04 02:25:00+00:00,160.89,164.16,1.0
2026-08-04 02:30:00+00:00,161.64,164.9,1.0
2026-08-04 02:35:00+00:00,161.54,164.77,1.0
2026-08-04 02:40:00+00:00,161.7,164.93,1.0
2026-08-04 02:45:00+00:00,161.26,164.3,1.0
2026-08-04 02:50:00+00:00,161.32,164.15,1.0
2026-08-04 02:55:00+00:00,160.74,163.54,1.0
2026-08-04 03:00:00+00:00,160.51,163.25,1.0
2026-08-04 03:05:00+00:00,160.45,162.98,1.0
2026-08-04 03:10:00+00:00,159.62,161.55,1.0
2026-08-04 03:15:00+00:00,159.62,161.34,1.0
2026-08-04 03:20:00+00:00,160.33,162.55,1.0
2026-08-04 03:25:00+00:00,160.12,161.88,1.0
2026-08-04 03:30:00+00:00,160.5,162.54,1.0
2026-08-04 03:35:00+00:00,160.23,162.07,1.0
2026-08-04 03:40:00+00:00,159.68,161.42,1.0
2026-08-04 03:45:00+00:00,159.81,161.69,1.0
2026-08-04 03:50:00+00:00,159.95,161.93,1.0
2026-08-04 03:55:00+00:00,160.08,162.08,1.0
2026-08-04 04:00:00+00:00,159.54,161.55,1.0
2026-08-04 04:05:00+00:00,159.59,161.54,1.0
2026-08-04 04:10:00+00:00,159.01,160.7,1.0
2026-08-04 04:15:00+00:00,159.99,161.95,1.0
2026-08-04 04:20:00+00:00,159.83,161.7,1.0
2026-08-04 04:25:00+00:00,160.1,162.16,1.0
2026-08-04 04:30:00+00:00,160.03,162.07,1.0
2026-08-04 04:35:00+00:00,159.68,161.5,1.0
2026-08-04 04:40:00+00:00,159.78,161.47,1.0
2026-08-04 04:45:00+00:00,160.05,161.76,1.0
2026-08-04 04:50:00+00:00,160.46,162.34,1.0
2026-08-04 04:55:00+00:00,160.31,162.23,1.0
2026-08-04 05:00:00+00:00,159.78,161.34,1.0
2026-08-04 05:05:00+00:00,160.05,161.75,1.0
2026-08-04 05:10:00+00:00,159.13,160.8,1.0
2026-08-04 05:15:00+00:00,159.63,161.34,1.0
2026-08-04 05:20:00+00:00,160.36,162.24,1.0
2026-08-04 05:25:00+00:00,160.96,163.27,1.0
2026-08-04 05:30:00+00:00,161.3,163.92,1.0
2026-08-04 05:35:00+00:00,162.25,165.65,1.0
2026-08-04 05:40:00+00:00,162.2,165.57,1.0
2026-08-04 05:45:00+00:00,162.12,165.32,1.0
2026-08-04 05:50:00+00:00,162.41,166.26,1.0
2026-08-04 05:55:00+00:00,162.86,166.78,1.0
2026-08-04 06:00:00+00:00,162.69,166.17,1.0
2026-08-04 06:05:00+00:00,163.01,166.75,1.0
2026-08-04 06:10:00+00:00,163.35,167.37,1.0
2026-08-04 06:15:00+00:00,163.26,167.22,1.0
2026-08-04 06:20:00+00:00,163.67,167.51,1.0
2026-08-04 06:25:00+00:00,163.58,167.8,1.0
2026-08-04 06:30:00+00:00,163.18,168.27,1.0
2026-08-04 06:35:00+00:00,162.96,167.41,1.0
2026-08-04 06:40:00+00:00,163.34,167.33,1.0
2026-08-04 06:45:00+00:00,162.91,166.3,1.0
2026-08-04 06:50:00+00:00,163.17,167.0,1.0
2026-08-04 06:55:00+00:00,163.64,167.49,1.0
2026-08-04 07:00:00+00:00,163.77,168.26,1.0
2026-08-04 07:05:00+00:00,163.62,167.75,1.0
2026-08-04 07:10:00+00:00,163.58,167.66,1.0
2026-08-04 07:15:00+00:00,163.5,167.65,1.0
2026-08-04 07:20:00+00:00,163.95,167.91,1.0
2026-08-04 07:25:00+00:00,163.99,167.77,1.0
2026-08-04 07:30:00+00:00,163.96,167.78,1.0
2026-08-04 07:35:00+00:00,163.98,167.7,1.0
2026-08-04 07:40:00+00:00,163.95,167.54,1.0
2026-08-04 07:45:00+00:00,164.13,167.78,1.0
2026-08-04 07:50:00+00:00,163.71,167.47,1.0
2026-08-04 07:55:00+00:00,163.72,167.65,1.0
2026-08-04 08:00:00+00:00,164.54,168.93,1.0
2026-08-04 08:05:00+00:00,164.55,169.17,1.0
2026-08-04 08:10:00+00:00,164.47,169.09,1.0
2026-08-04 08:15:00+00:00,164.7,169.19,1.0
2026-08-04 08:20:00+00:00,164.37,169.15,1.0
2026-08-04 08:25:00+00:00,164.45,169.22,1.0
2026-08-04 08:30:00+00:00,163.96,168.52,1.0
2026-08-04 08:35:00+00:00,164.02,168.57,1.0
2026-08-04 08:40:00+00:00,163.91,168.54,1.0
2026-08-04 08:45:00+00:00,163.7,168.28,1.0
2026-08-04 08:50:00+00:00,163.55,168.18,1.0
2026-08-04 08:55:00+00:00,163.65,168.14,1.0
2026-08-04 09:00:00+00:00,162.75,167.3,1.0
2026-08-04 09:05:00+00:00,161.95,166.65,1.0
2026-08-04 09:10:00+00:00,162.07,166.73,1.0
2026-08-04 09:15:00+00:00,161.7,166.28,1.0
2026-08-04 09:20:00+00:00,161.91,166.92,1.0
2026-08-04 09:25:00+00:00,162.54,167.44,1.0
2026-08-04 09:30:00+00:00,162.78,167.86,1.0
2026-08-04 09:35:00+00:00,162.94,167.83,1.0
2026-08-04 09:40:00+00:00,163.01,167.99,1.0
2026-08-04 09:45:00+00:00,163.05,168.18,1.0
2026-08-04 09:50:00+00:00,162.65,167.42,1.0
2026-08-04 09:55:00+00:00,162.77,167.59,1.0
2026-08-04 10:00:00+00:00,162.98,167.84,1.0
2026-08-04 10:05:00+00:00,163.44,168.56,1.0
2026-08-04 10:10:00+00:00,163.59,168.73,1.0
2026-08-04 10:15:00+00:00,163.59,168.77,1.0
2026-08-04 10:20:00+00:00,163.89,169.11,1.0
2026-08-04 10:25:00+00:00,163.83,168.93,1.0
2026-08-04 10:30:00+00:00,163.7,168.75,1.0
2026-08-04 10:35:00+00:00,163.85,168.71,1.0
2026-08-04 10:40:00+00:00,164.35,169.18,1.0
2026-08-04 10:45:00+00:00,164.7,169.83,1.0
2026-08-04 10:50:00+00:00,164.11,169.29,1.0
2026-08-04 10:55:00+00:00,164.13,169.39,1.0
2026-08-04 11:00:00+00:00,164.69,170.46,1.0
2026-08-04 11:05:00+00:00,164.9,170.89,1.0
2026-08-04 11:10:00+00:00,165.49,171.84,1.0
2026-08-04 11:15:00+00:00,165.74,172.32,1.0
2026-08-04 11:20:00+00:00,165.74,172.31,1.0
2026-08-04 11:25:00+00:00,165.94,172.71,1.0
2026-08-04 11:30:00+00:00,165.55,172.37,1.0
2026-08-04 11:35:00+00:00,165.71,172.0,1.0
2026-08-04 11:40:00+00:00,166.19,172.59,1.0
2026-08-04 11:45:00+00:00,166.83,173.15,1.0
2026-08-04 11:50:00+00:00,166.97,173.39,1.0
2026-08-04 11:55:00+00:00,167.11,173.42,1.0
2026-08-04 12:00:00+00:00,166.66,172.77,1.0
2026-08-04 12:05:00+00:00,166.39,172.65,1.0
2026-08-04 12:10:00+00:00,166.23,172.07,1.0
2026-08-04 12:15:00+00:00,167.04,173.22,1.0
2026-08-04 12:20:00+00:00,166.73,172.64,1.0
2026-08-04 12:25:00+00:00,166.71,172.85,1.0
2026-08-04 12:30:00+00:00,166.1,172.03,1.0
2026-08-04 12:35:00+00:00,166.52,171.95,1.0
2026-08-04 12:40:00+00:00,166.52,172.48,1.0
2026-08-04 12:45:00+00:00,166.06,172.16,1.0
2026-08-04 12:50:00+00:00,166.06,172.07,1.0
2026-08-04 12:55:00+00:00,166.24,172.41,1.0
2026-08-04 13:00:00+00:00,166.64,173.22,1.0
2026-08-04 13:05:00+00:00,166.94,173.74,1.0
2026-08-04 13:10:00+00:00,167.19,173.73,1.0
2026-08-04 13:15:00+00:00,167.12,173.61,1.0
2026-08-04 13:20:00+00:00,167.42,174.11,1.0
2026-08-04 13:25:00+00:00,166.5,173.28,1.0
2026-08-04 13:30:00+00:00,168.0,176.39,1.0
2026-08-04 13:35:00+00:00,168.17,176.44,1.0
2026-08-04 13:40:00+00:00,168.61,176.82,1.0
2026-08-04 13:45:00+00:00,168.58,177.01,1.0
2026-08-04 13:50:00+00:00,169.04,177.3,1.0
2026-08-04 13:55:00+00:00,168.24,175.81,1.0
2026-08-04 14:00:00+00:00,168.21,175.89,1.0
2026-08-04 14:05:00+00:00,168.39,175.49,1.0
2026-08-04 14:10:00+00:00,168.4,176.08,1.0
2026-08-04 14:15:00+00:00,168.06,175.36,1.0
2026-08-04 14:20:00+00:00,167.76,175.3,1.0
2026-08-04 14:25:00+00:00,168.94,176.42,1.0
2026-08-04 14:30:00+00:00,168.28,175.57,1.0
2026-08-04 14:35:00+00:00,168.15,175.63,1.0
2026-08-04 14:40:00+00:00,168.5,175.93,1.0
2026-08-04 14:45:00+00:00,168.47,175.97,1.0
2026-08-04 14:50:00+00:00,168.36,176.14,1.0
2026-08-04 14:55:00+00:00,168.37,176.27,1.0
2026-08-04 15:00:00+00:00,168.82,176.57,1.0
2026-08-04 15:05:00+00:00,169.05,176.99,1.0
2026-08-04 15:10:00+00:00,169.51,177.8,1.0
2026-08-04 15:15:00+00:00,169.35,177.6,1.0
2026-08-04 15:20:00+00:00,169.42,177.47,1.0
2026-08-04 15:25:00+00:00,169.65,177.83,1.0
2026-08-04 15:30:00+00:00,169.84,177.85,1.0
2026-08-04 15:35:00+00:00,170.71,178.77,1.0
2026-08-04 15:40:00+00:00,170.71,178.59,1.0
2026-08-04 15:45:00+00:00,170.09,177.74,1.0
2026-08-04 15:50:00+00:00,170.2,178.11,1.0
2026-08-04 15:55:00+00:00,169.88,177.54,1.0
2026-08-04 16:00:00+00:00,170.19,179.04,1.0
2026-08-04 16:05:00+00:00,169.99,178.48,1.0
2026-08-04 16:10:00+00:00,170.02,178.65,1.0
2026-08-04 16:15:00+00:00,170.38,179.18,1.0
2026-08-04 16:20:00+00:00,170.49,179.07,1.0
2026-08-04 16:25:00+00:00,170.33,178.73,1.0
2026-08-04 16:30:00+00:00,170.48,179.11,1.0
2026-08-04 16:35:00+00:00,170.13,178.72,1.0
2026-08-04 16:40:00+00:00,170.26,178.76,1.0
2026-08-04 16:45:00+00:00,170.69,180.12,1.0
2026-08-04 16:50:00+00:00,170.35,179.58,1.0
2026-08-04 16:55:00+00:00,170.53,179.77,1.0
2026-08-04 17:00:00+00:00,170.82,179.99,1.0
2026-08-04 17:05:00+00:00,170.61,179.76,1.0
2026-08-04 17:10:00+00:00,170.78,180.08,1.0
2026-08-04 17:15:00+00:00,170.82,179.75,1.0
2026-08-04 17:20:00+00:00,170.97,179.97,1.0
2026-08-04 17:25:00+00:00,171.08,180.42,1.0
2026-08-04 17:30:00+00:00,171.04,180.58,1.0
2026-08-04 17:35:00+00:00,171.43,180.94,1.0
2026-08-04 17:40:00+00:00,171.39,180.77,1.0
2026-08-04 17:45:00+00:00,171.34,180.65,1.0
2026-08-04 17:50:00+00:00,170.89,180.38,1.0
2026-08-04 17:55:00+00:00,171.25,180.87,1.0
2026-08-04 18:00:00+00:00,171.8,181.07,1.0
2026-08-04 18:05:00+00:00,171.86,181.4,1.0
2026-08-04 18:10:00+00:00,172.18,181.58,1.0
2026-08-04 18:15:00+00:00,171.98,181.7,1.0
2026-08-04 18:20:00+00:00,172.07,181.66,1.0
2026-08-04 18:25:00+00:00,172.3,181.61,1.0
2026-08-04 18:30:00+00:00,172.42,181.48,1.0
2026-08-04 18:35:00+00:00,171.95,180.82,1.0
2026-08-04 18:40:00+00:00,172.03,180.88,1.0
2026-08-04 18:45:00+00:00,171.94,180.98,1.0
2026-08-04 18:50:00+00:00,171.78,180.44,1.0
2026-08-04 18:55:00+00:00,171.58,180.3,1.0
2026-08-04 19:00:00+00:00,171.57,180.67,1.0
2026-08-04 19:05:00+00:00,171.71,181.21,1.0
2026-08-04 19:10:00+00:00,171.44,180.92,1.0
2026-08-04 19:15:00+00:00,171.67,181.06,1.0
2026-08-04 19:20:00+00:00,171.7,180.3,1.0
2026-08-04 19:25:00+00:00,171.67,180.07,1.0
2026-08-04 19:30:00+00:00,171.7,180.05,1.0
2026-08-04 19:35:00+00:00,171.68,180.16,1.0
2026-08-04 19:40:00+00:00,171.99,180.57,1.0
2026-08-04 19:45:00+00:00,171.88,180.35,1.0
2026-08-04 19:50:00+00:00,171.47,180.16,1.0
2026-08-04 19:55:00+00:00,171.28,180.04,1.0
2026-08-04 20:00:00+00:00,171.36,180.04,1.0
2026-08-04 20:05:00+00:00,171.6,180.64,1.0
2026-08-04 20:10:00+00:00,171.51,180.22,1.0
2026-08-04 20:15:00+00:00,170.0,176.93,1.0
2026-08-04 20:20:00+00:00,170.4,177.69,1.0
2026-08-04 20:25:00+00:00,170.12,177.81,1.0
2026-08-04 20:30:00+00:00,169.87,177.62,1.0
2026-08-04 20:35:00+00:00,170.02,177.97,1.0
2026-08-04 20:40:00+00:00,170.22,178.31,1.0
2026-08-04 20:45:00+00:00,170.52,178.62,1.0
2026-08-04 20:50:00+00:00,170.09,177.72,1.0
2026-08-04 20:55:00+00:00,170.28,178.0,1.0
2026-08-04 21:00:00+00:00,170.51,178.92,1.0
2026-08-04 21:05:00+00:00,170.05,178.43,1.0
2026-08-04 21:10:00+00:00,170.16,178.64,1.0
2026-08-04 21:15:00+00:00,170.1,178.66,1.0
2026-08-04 21:20:00+00:00,169.96,178.41,1.0
2026-08-04 21:25:00+00:00,170.17,178.86,1.0
2026-08-04 21:30:00+00:00,170.57,179.42,1.0
2026-08-04 21:35:00+00:00,170.33,179.12,1.0
2026-08-04 21:40:00+00:00,170.41,179.19,1.0
2026-08-04 21:45:00+00:00,170.41,179.23,1.0
2026-08-04 21:50:00+00:00,169.88,178.15,1.0
2026-08-04 21:55:00+00:00,169.96,178.6,1.0
2026-08-04 22:00:00+00:00,169.51,178.28,1.0
2026-08-04 22:05:00+00:00,169.41,178.58,1.0
2026-08-04 22:10:00+00:00,169.56,178.82,1.0
2026-08-04 22:15:00+00:00,169.8,178.75,1.0
2026-08-04 22:20:00+00:00,169.86,179.04,1.0
2026-08-04 22:25:00+00:00,169.7,178.93,1.0
2026-08-04 22:30:00+00:00,169.72,179.21,1.0
2026-08-04 22:35:00+00:00,169.6,178.91,1.0
2026-08-04 22:40:00+00:00,169.52,178.88,1.0
2026-08-04 22:45:00+00:00,169.69,178.93,1.0
2026-08-04 22:50:00+00:00,169.54,178.9,1.0
2026-08-04 22:55:00+00:00,170.03,179.09,1.0
2026-08-04 23:00:00+00:00,169.95,177.14,1.0
2026-08-04 23:05:00+00:00,169.72,176.29,1.0
2026-08-04 23:10:00+00:00,170.13,176.84,1.0
2026-08-04 23:15:00+00:00,170.02,176.85,1.0
2026-08-04 23:20:00+00:00,170.0,177.1,1.0
2026-08-04 23:25:00+00:00,170.32,177.92,1.0
2026-08-04 23:30:00+00:00,170.07,177.95,1.0
2026-08-04 23:35:00+00:00,170.13,177.84,1.0
2026-08-04 23:40:00+00:00,170.4,178.22,1.0
2026-08-04 23:45:00+00:00,170.29,176.55,1.0
2026-08-04 23:50:00+00:00,170.16,176.75,1.0
2026-08-04 23:55:00+00:00,170.25,177.48,1.0
2026-08-05 00:00:00+00:00,171.41,177.27,1.0
2026-08-05 00:05:00+00:00,170.22,175.39,1.0
2026-08-05 00:10:00+00:00,171.12,175.94,1.0
2026-08-05 00:15:00+00:00,170.97,175.02,1.0
2026-08-05 00:20:00+00:00,171.33,175.81,1.0
2026-08-05 00:25:00+00:00,171.47,176.21,1.0
2026-08-05 00:30:00+00:00,171.67,176.28,1.0
2026-08-05 00:35:00+00:00,171.34,175.67,1.0
2026-08-05 00:40:00+00:00,170.94,175.16,1.0
2026-08-05 00:45:00+00:00,170.76,174.35,1.0
2026-08-05 00:50:00+00:00,170.42,173.1,1.0
2026-08-05 00:55:00+00:00,170.66,174.05,1.0
2026-08-05 01:00:00+00:00,169.69,172.9,1.0
2026-08-05 01:05:00+00:00,170.22,173.35,1.0
2026-08-05 01:10:00+00:00,170.17,173.26,1.0
2026-08-05 01:15:00+00:00,169.43,172.12,1.0
2026-08-05 01:20:00+00:00,169.24,171.99,1.0
2026-08-05 01:25:00+00:00,169.36,172.05,1.0
2026-08-05 01:30:00+00:00,169.88,172.59,1.0
2026-08-05 01:35:00+00:00,170.27,173.01,1.0
2026-08-05 01:40:00+00:00,170.41,173.43,1.0
2026-08-05 01:45:00+00:00,171.03,174.52,1.0
2026-08-05 01:50:00+00:00,171.09,174.27,1.0
2026-08-05 01:55:00+00:00,171.19,174.67,1.0
2026-08-05 02:00:00+00:00,171.46,174.62,1.0
2026-08-05 02:05:00+00:00,171.16,174.25,1.0
2026-08-05 02:10:00+00:00,171.06,174.14,1.0
2026-08-05 02:15:00+00:00,170.84,174.05,1.0
2026-08-05 02:20:00+00:00,170.89,173.8,1.0
2026-08-05 02:25:00+00:00,170.47,173.42,1.0
2026-08-05 02:30:00+00:00,170.32,173.54,1.0
2026-08-05 02:35:00+00:00,170.09,173.34,1.0
2026-08-05 02:40:00+00:00,170.01,173.05,1.0
2026-08-05 02:45:00+00:00,170.06,173.21,1.0
2026-08-05 02:50:00+00:00,170.69,174.03,1.0
2026-08-05 02:55:00+00:00,170.49,173.69,1.0
2026-08-05 03:00:00+00:00,171.38,174.77,1.0
2026-08-05 03:05:00+00:00,171.5,174.89,1.0
2026-08-05 03:10:00+00:00,171.54,175.21,1.0
2026-08-05 03:15:00+00:00,171.26,175.13,1.0
2026-08-05 03:20:00+00:00,171.41,175.35,1.0
2026-08-05 03:25:00+00:00,170.94,175.02,1.0
2026-08-05 03:30:00+00:00,171.17,175.19,1.0
2026-08-05 03:35:00+00:00,171.22,175.05,1.0
2026-08-05 03:40:00+00:00,171.59,175.43,1.0
2026-08-05 03:45:00+00:00,171.56,175.27,1.0
2026-08-05 03:50:00+00:00,171.51,175.23,1.0
2026-08-05 03:55:00+00:00,171.49,175.08,1.0
2026-08-05 04:00:00+00:00,171.47,175.19,1.0
2026-08-05 04:05:00+00:00,171.66,175.63,1.0
2026-08-05 04:10:00+00:00,171.18,174.77,1.0
2026-08-05 04:15:00+00:00,170.71,174.3,1.0
2026-08-05 04:20:00+00:00,170.8,174.29,1.0
2026-08-05 04:25:00+00:00,170.64,173.88,1.0
2026-08-05 04:30:00+00:00,171.1,173.94,1.0
2026-08-05 04:35:00+00:00,171.14,173.95,1.0
2026-08-05 04:40:00+00:00,171.52,174.73,1.0
2026-08-05 04:45:00+00:00,171.47,174.64,1.0
2026-08-05 04:50:00+00:00,171.05,174.4,1.0
2026-08-05 04:55:00+00:00,171.21,174.3,1.0
2026-08-05 05:00:00+00:00,171.09,173.94,1.0
2026-08-05 05:05:00+00:00,171.08,174.13,1.0
2026-08-05 05:10:00+00:00,171.63,175.02,1.0
2026-08-05 05:15:00+00:00,171.58,174.88,1.0
2026-08-05 05:20:00+00:00,171.53,174.76,1.0
2026-08-05 05:25:00+00:00,171.4,174.51,1.0
2026-08-05 05:30:00+00:00,171.23,174.25,1.0
2026-08-05 05:35:00+00:00,171.13,173.97,1.0
2026-08-05 05:40:00+00:00,171.11,173.86,1.0
2026-08-05 05:45:00+00:00,171.26,174.21,1.0
2026-08-05 05:50:00+00:00,171.08,174.13,1.0
2026-08-05 05:55:00+00:00,171.42,174.64,1.0
2026-08-05 06:00:00+00:00,171.32,174.47,1.0
2026-08-05 06:05:00+00:00,171.64,174.45,1.0
2026-08-05 06:10:00+00:00,171.64,174.39,1.0
2026-08-05 06:15:00+00:00,171.04,173.7,1.0
2026-08-05 06:20:00+00:00,170.79,173.66,1.0
2026-08-05 06:25:00+00:00,170.58,173.5,1.0
2026-08-05 06:30:00+00:00,170.48,173.14,1.0
2026-08-05 06:35:00+00:00,170.22,173.21,1.0
2026-08-05 06:40:00+00:00,169.98,172.8,1.0
2026-08-05 06:45:00+00:00,170.15,173.24,1.0
2026-08-05 06:50:00+00:00,170.16,173.08,1.0
2026-08-05 06:55:00+00:00,170.29,172.92,1.0
2026-08-05 07:00:00+00:00,170.19,173.47,1.0
2026-08-05 07:05:00+00:00,170.36,173.59,1.0
2026-08-05 07:10:00+00:00,169.98,173.21,1.0
2026-08-05 07:15:00+00:00,169.98,172.72,1.0
2026-08-05 07:20:00+00:00,169.81,172.57,1.0
2026-08-05 07:25:00+00:00,169.39,171.59,1.0
2026-08-05 07:30:00+00:00,169.23,171.75,1.0
2026-08-05 07:35:00+00:00,169.63,171.99,1.0
2026-08-05 07:40:00+00:00,169.3,171.59,1.0
2026-08-05 07:45:00+00:00,169.55,171.63,1.0
2026-08-05 07:50:00+00:00,169.4,171.61,1.0
2026-08-05 07:55:00+00:00,169.48,171.78,1.0
2026-08-05 08:00:00+00:00,169.65,171.59,1.0
2026-08-05 08:05:00+00:00,168.93,171.11,1.0
2026-08-05 08:10:00+00:00,168.37,170.12,1.0
2026-08-05 08:15:00+00:00,167.83,169.62,1.0
2026-08-05 08:20:00+00:00,167.7,170.03,1.0
2026-08-05 08:25:00+00:00,168.27,169.71,1.0
2026-08-05 08:30:00+00:00,167.69,169.5,1.0
2026-08-05 08:35:00+00:00,167.41,169.29,1.0
2026-08-05 08:40:00+00:00,167.26,168.8,1.0
2026-08-05 08:45:00+00:00,167.66,169.92,1.0
2026-08-05 08:50:00+00:00,167.92,170.03,1.0
2026-08-05 08:55:00+00:00,168.08,170.02,1.0
2026-08-05 09:00:00+00:00,168.19,170.45,1.0
2026-08-05 09:05:00+00:00,168.22,170.67,1.0
2026-08-05 09:10:00+00:00,167.97,170.47,1.0
2026-08-05 09:15:00+00:00,167.92,170.45,1.0
2026-08-05 09:20:00+00:00,168.12,170.58,1.0
2026-08-05 09:25:00+00:00,168.21,170.6,1.0
2026-08-05 09:30:00+00:00,168.34,170.7,1.0
2026-08-05 09:35:00+00:00,168.62,171.23,1.0
2026-08-05 09:40:00+00:00,168.45,170.9,1.0
2026-08-05 09:45:00+00:00,167.96,170.42,1.0
2026-08-05 09:50:00+00:00,168.01,170.42,1.0
2026-08-05 09:55:00+00:00,168.14,170.53,1.0
2026-08-05 10:00:00+00:00,168.27,170.59,1.0
2026-08-05 10:05:00+00:00,168.03,170.35,1.0
2026-08-05 10:10:00+00:00,167.88,169.86,1.0
2026-08-05 10:15:00+00:00,168.05,170.15,1.0
2026-08-05 10:20:00+00:00,168.03,170.2,1.0
2026-08-05 10:25:00+00:00,167.88,169.92,1.0
2026-08-05 10:30:00+00:00,167.96,169.9,1.0
2026-08-05 10:35:00+00:00,167.69,169.62,1.0
2026-08-05 10:40:00+00:00,167.54,169.53,1.0
2026-08-05 10:45:00+00:00,167.43,169.13,1.0
2026-08-05 10:50:00+00:00,167.31,169.17,1.0
2026-08-05 10:55:00+00:00,167.61,169.32,1.0
2026-08-05 11:00:00+00:00,168.07,169.79,1.0
2026-08-05 11:05:00+00:00,168.2,170.1,1.0
2026-08-05 11:10:00+00:00,168.18,170.21,1.0
2026-08-05 11:15:00+00:00,168.38,170.32,1.0
2026-08-05 11:20:00+00:00,168.51,170.54,1.0
2026-08-05 11:25:00+00:00,168.48,170.44,1.0
2026-08-05 11:30:00+00:00,169.06,170.95,1.0
2026-08-05 11:35:00+00:00,169.16,170.98,1.0
2026-08-05 11:40:00+00:00,169.02,170.9,1.0
2026-08-05 11:45:00+00:00,169.47,171.43,1.0
2026-08-05 11:50:00+00:00,168.76,170.46,1.0
2026-08-05 11:55:00+00:00,168.79,170.45,1.0
2026-08-05 12:00:00+00:00,168.4,169.78,1.0
2026-08-05 12:05:00+00:00,168.69,170.13,1.0
2026-08-05 12:10:00+00:00,168.73,170.45,1.0
2026-08-05 12:15:00+00:00,169.0,170.43,1.0
2026-08-05 12:20:00+00:00,169.26,170.83,1.0
2026-08-05 12:25:00+00:00,169.31,171.08,1.0
2026-08-05 12:30:00+00:00,168.81,170.56,1.0
2026-08-05 12:35:00+00:00,169.23,171.11,1.0
2026-08-05 12:40:00+00:00,169.23,171.05,1.0
2026-08-05 12:45:00+00:00,169.25,171.14,1.0
2026-08-05 12:50:00+00:00,168.98,170.74,1.0
2026-08-05 12:55:00+00:00,168.88,170.7,1.0
2026-08-05 13:00:00+00:00,168.88,170.6,1.0
2026-08-05 13:05:00+00:00,168.9,170.53,1.0
2026-08-05 13:10:00+00:00,168.67,170.15,1.0
2026-08-05 13:15:00+00:00,168.49,169.98,1.0
2026-08-05 13:20:00+00:00,168.58,170.21,1.0
2026-08-05 13:25:00+00:00,169.24,170.69,1.0
2026-08-05 13:30:00+00:00,169.66,171.83,1.0
2026-08-05 13:35:00+00:00,169.85,172.16,1.0
2026-08-05 13:40:00+00:00,170.89,174.64,1.0
2026-08-05 13:45:00+00:00,171.6,176.12,1.0
2026-08-05 13:50:00+00:00,171.32,174.67,1.0
2026-08-05 13:55:00+00:00,171.7,175.44,1.0
2026-08-05 14:00:00+00:00,170.25,173.96,1.0
2026-08-05 14:05:00+00:00,171.16,174.98,1.0
2026-08-05 14:10:00+00:00,170.97,174.8,1.0
2026-08-05 14:15:00+00:00,170.8,175.05,1.0
2026-08-05 14:20:00+00:00,170.83,174.33,1.0
2026-08-05 14:25:00+00:00,170.25,173.76,1.0
2026-08-05 14:30:00+00:00,169.78,172.86,1.0
2026-08-05 14:35:00+00:00,169.2,172.14,1.0
2026-08-05 14:40:00+00:00,169.68,172.87,1.0
2026-08-05 14:45:00+00:00,170.24,173.62,1.0
2026-08-05 14:50:00+00:00,169.44,173.0,1.0
2026-08-05 14:55:00+00:00,170.08,173.86,1.0
2026-08-05 15:00:00+00:00,170.5,173.78,1.0
2026-08-05 15:05:00+00:00,170.82,174.34,1.0
2026-08-05 15:10:00+00:00,170.38,173.96,1.0
2026-08-05 15:15:00+00:00,170.56,174.21,1.0
2026-08-05 15:20:00+00:00,170.56,174.37,1.0
2026-08-05 15:25:00+00:00,170.54,174.56,1.0
2026-08-05 15:30:00+00:00,170.4,174.47,1.0
2026-08-05 15:35:00+00:00,170.5,174.79,1.0
2026-08-05 15:40:00+00:00,170.08,174.36,1.0
2026-08-05 15:45:00+00:00,169.85,174.58,1.0
2026-08-05 15:50:00+00:00,169.79,174.24,1.0
2026-08-05 15:55:00+00:00,169.26,173.9,1.0
2026-08-05 16:00:00+00:00,169.67,174.54,1.0
2026-08-05 16:05:00+00:00,169.64,174.53,1.0
2026-08-05 16:10:00+00:00,169.74,174.49,1.0
2026-08-05 16:15:00+00:00,169.66,174.37,1.0
2026-08-05 16:20:00+00:00,170.17,174.79,1.0
2026-08-05 16:25:00+00:00,171.04,175.73,1.0
2026-08-05 16:30:00+00:00,170.48,175.06,1.0
2026-08-05 16:35:00+00:00,170.27,174.93,1.0
2026-08-05 16:40:00+00:00,170.13,174.65,1.0
2026-08-05 16:45:00+00:00,170.27,174.75,1.0
2026-08-05 16:50:00+00:00,170.37,174.88,1.0
2026-08-05 16:55:00+00:00,170.41,174.82,1.0
2026-08-05 17:00:00+00:00,170.12,174.3,1.0
2026-08-05 17:05:00+00:00,169.73,173.48,1.0
2026-08-05 17:10:00+00:00,169.82,173.53,1.0
2026-08-05 17:15:00+00:00,169.9,173.57,1.0
2026-08-05 17:20:00+00:00,170.15,173.75,1.0
2026-08-05 17:25:00+00:00,170.23,173.78,1.0
2026-08-05 17:30:00+00:00,170.21,173.7,1.0
2026-08-05 17:35:00+00:00,170.37,174.07,1.0
2026-08-05 17:40:00+00:00,170.5,174.14,1.0
2026-08-05 17:45:00+00:00,170.73,174.4,1.0
2026-08-05 17:50:00+00:00,170.65,174.3,1.0
2026-08-05 17:55:00+00:00,170.81,174.64,1.0
2026-08-05 18:00:00+00:00,171.02,175.04,1.0
2026-08-05 18:05:00+00:00,170.68,174.82,1.0
2026-08-05 18:10:00+00:00,170.45,174.47,1.0
2026-08-05 18:15:00+00:00,170.57,174.68,1.0
2026-08-05 18:20:00+00:00,170.62,174.69,1.0
2026-08-05 18:25:00+00:00,170.82,174.76,1.0
2026-08-05 18:30:00+00:00,170.14,174.13,1.0
2026-08-05 18:35:00+00:00,170.31,174.08,1.0
2026-08-05 18:40:00+00:00,170.2,174.1,1.0
2026-08-05 18:45:00+00:00,170.54,174.35,1.0
2026-08-05 18:50:00+00:00,170.48,174.27,1.0
2026-08-05 18:55:00+00:00,170.52,174.42,1.0
2026-08-05 19:00:00+00:00,170.95,174.82,1.0
2026-08-05 19:05:00+00:00,171.0,175.12,1.0
2026-08-05 19:10:00+00:00,171.0,175.36,1.0
2026-08-05 19:15:00+00:00,170.96,175.08,1.0
2026-08-05 19:20:00+00:00,170.96,174.84,1.0
2026-08-05 19:25:00+00:00,170.83,174.89,1.0
2026-08-05 19:30:00+00:00,170.62,174.64,1.0
2026-08-05 19:35:00+00:00,170.29,174.47,1.0
2026-08-05 19:40:00+00:00,170.25,174.09,1.0
2026-08-05 19:45:00+00:00,170.03,173.85,1.0
2026-08-05 19:50:00+00:00,170.17,173.77,1.0
2026-08-05 19:55:00+00:00,169.21,172.42,1.0
2026-08-05 20:00:00+00:00,168.93,172.24,1.0
2026-08-05 20:05:00+00:00,168.13,171.57,1.0
2026-08-05 20:10:00+00:00,169.17,172.47,1.0
2026-08-05 20:15:00+00:00,168.74,171.71,1.0
2026-08-05 20:20:00+00:00,168.81,171.68,1.0
2026-08-05 20:25:00+00:00,169.13,171.93,1.0
2026-08-05 20:30:00+00:00,169.09,172.16,1.0
2026-08-05 20:35:00+00:00,168.8,171.7,1.0
2026-08-05 20:40:00+00:00,168.86,171.86,1.0
2026-08-05 20:45:00+00:00,168.25,171.03,1.0
2026-08-05 20:50:00+00:00,168.65,171.42,1.0
2026-08-05 20:55:00+00:00,168.92,171.71,1.0
2026-08-05 21:00:00+00:00,168.87,171.62,1.0
2026-08-05 21:05:00+00:00,168.84,171.53,1.0
2026-08-05 21:10:00+00:00,168.87,171.37,1.0
2026-08-05 21:15:00+00:00,168.44,170.84,1.0
2026-08-05 21:20:00+00:00,168.43,170.77,1.0
2026-08-05 21:25:00+00:00,168.15,170.86,1.0
2026-08-05 21:30:00+00:00,167.91,170.51,1.0
2026-08-05 21:35:00+00:00,167.81,169.95,1.0
2026-08-05 21:40:00+00:00,167.69,169.92,1.0
2026-08-05 21:45:00+00:00,168.1,170.32,1.0
2026-08-05 21:50:00+00:00,167.95,170.22,1.0
2026-08-05 21:55:00+00:00,167.86,170.39,1.0
2026-08-05 22:00:00+00:00,168.0,170.35,1.0
2026-08-05 22:05:00+00:00,168.17,170.41,1.0
2026-08-05 22:10:00+00:00,167.96,170.07,1.0
2026-08-05 22:15:00+00:00,168.39,170.71,1.0
2026-08-05 22:20:00+00:00,168.83,171.33,1.0
2026-08-05 22:25:00+00:00,168.93,171.5,1.0
2026-08-05 22:30:00+00:00,168.99,171.63,1.0
2026-08-05 22:35:00+00:00,168.95,171.61,1.0
2026-08-05 22:40:00+00:00,168.86,171.31,1.0
2026-08-05 22:45:00+00:00,168.68,171.06,1.0
2026-08-05 22:50:00+00:00,168.4,170.64,1.0
2026-08-05 22:55:00+00:00,168.28,169.73,1.0
2026-08-05 23:00:00+00:00,168.26,168.59,1.0
2026-08-05 23:05:00+00:00,168.41,168.9,1.0
2026-08-05 23:10:00+00:00,168.52,169.07,1.0
2026-08-05 23:15:00+00:00,168.37,169.62,1.0
2026-08-05 23:20:00+00:00,168.33,169.1,1.0
2026-08-05 23:25:00+00:00,167.91,168.79,1.0
2026-08-05 23:30:00+00:00,168.02,169.28,1.0
2026-08-05 23:35:00+00:00,168.06,169.18,1.0
2026-08-05 23:40:00+00:00,167.97,168.94,1.0
2026-08-05 23:45:00+00:00,167.44,168.28,1.0
2026-08-05 23:50:00+00:00,167.71,168.75,1.0
2026-08-05 23:55:00+00:00,167.79,169.84,1.0
2026-08-06 00:00:00+00:00,168.98,171.9,1.0
2026-08-06 00:05:00+00:00,168.45,170.78,1.0
2026-08-06 00:10:00+00:00,168.42,170.45,1.0
2026-08-06 00:15:00+00:00,168.25,170.22,1.0
2026-08-06 00:20:00+00:00,167.73,169.63,1.0
2026-08-06 00:25:00+00:00,166.56,168.22,1.0
2026-08-06 00:30:00+00:00,166.27,167.04,1.0
2026-08-06 00:35:00+00:00,166.28,166.82,1.0
2026-08-06 00:40:00+00:00,166.45,166.97,1.0
2026-08-06 00:45:00+00:00,166.15,166.3,1.0
2026-08-06 00:50:00+00:00,165.52,165.4,1.0
2026-08-06 00:55:00+00:00,165.9,165.97,1.0
2026-08-06 01:00:00+00:00,165.08,164.98,1.0
2026-08-06 01:05:00+00:00,165.25,165.37,1.0
2026-08-06 01:10:00+00:00,165.44,165.5,1.0
2026-08-06 01:15:00+00:00,164.86,164.74,1.0
2026-08-06 01:20:00+00:00,164.1,163.41,1.0
2026-08-06 01:25:00+00:00,163.9,163.31,1.0
2026-08-06 01:30:00+00:00,164.15,163.19,1.0
2026-08-06 01:35:00+00:00,164.35,163.59,1.0
2026-08-06 01:40:00+00:00,164.3,163.33,1.0
2026-08-06 01:45:00+00:00,164.9,164.27,1.0
2026-08-06 01:50:00+00:00,164.65,163.72,1.0
2026-08-06 01:55:00+00:00,164.5,163.45,1.0
2026-08-06 02:00:00+00:00,164.66,163.27,1.0
2026-08-06 02:05:00+00:00,164.74,163.21,1.0
2026-08-06 02:10:00+00:00,164.91,163.42,1.0
2026-08-06 02:15:00+00:00,164.87,163.36,1.0
2026-08-06 02:20:00+00:00,165.34,164.16,1.0
2026-08-06 02:25:00+00:00,165.03,163.58,1.0
2026-08-06 02:30:00+00:00,165.67,164.68,1.0
2026-08-06 02:35:00+00:00,165.7,164.63,1.0
2026-08-06 02:40:00+00:00,165.95,164.9,1.0
2026-08-06 02:45:00+00:00,165.44,164.42,1.0
2026-08-06 02:50:00+00:00,165.4,163.97,1.0
2026-08-06 02:55:00+00:00,165.33,163.88,1.0
2026-08-06 03:00:00+00:00,165.84,164.64,1.0
2026-08-06 03:05:00+00:00,165.16,163.68,1.0
2026-08-06 03:10:00+00:00,165.18,163.84,1.0
2026-08-06 03:15:00+00:00,164.93,163.61,1.0
2026-08-06 03:20:00+00:00,164.97,163.48,1.0
2026-08-06 03:25:00+00:00,164.67,163.11,1.0
2026-08-06 03:30:00+00:00,164.45,162.92,1.0
2026-08-06 03:35:00+00:00,164.79,163.63,1.0
2026-08-06 03:40:00+00:00,164.64,163.29,1.0
2026-08-06 03:45:00+00:00,164.83,163.75,1.0
2026-08-06 03:50:00+00:00,164.52,163.28,1.0
2026-08-06 03:55:00+00:00,164.8,163.68,1.0
2026-08-06 04:00:00+00:00,164.14,162.88,1.0
2026-08-06 04:05:00+00:00,164.34,163.1,1.0
2026-08-06 04:10:00+00:00,164.32,162.96,1.0
2026-08-06 04:15:00+00:00,164.31,162.89,1.0
2026-08-06 04:20:00+00:00,164.75,163.54,1.0
2026-08-06 04:25:00+00:00,164.67,163.39,1.0
2026-08-06 04:30:00+00:00,164.79,163.38,1.0
2026-08-06 04:35:00+00:00,164.38,162.84,1.0
2026-08-06 04:40:00+00:00,164.34,162.86,1.0
2026-08-06 04:45:00+00:00,164.33,162.71,1.0
2026-08-06 04:50:00+00:00,164.93,163.44,1.0
2026-08-06 04:55:00+00:00,165.08,163.4,1.0
2026-08-06 05:00:00+00:00,165.5,163.7,1.0
2026-08-06 05:05:00+00:00,165.37,163.45,1.0
2026-08-06 05:10:00+00:00,165.26,163.3,1.0
2026-08-06 05:15:00+00:00,165.31,163.4,1.0
2026-08-06 05:20:00+00:00,165.6,163.77,1.0
2026-08-06 05:25:00+00:00,165.24,163.42,1.0
2026-08-06 05:30:00+00:00,164.72,163.13,1.0
2026-08-06 05:35:00+00:00,164.64,162.86,1.0
2026-08-06 05:40:00+00:00,164.89,163.36,1.0
2026-08-06 05:45:00+00:00,163.99,161.85,1.0
2026-08-06 05:50:00+00:00,164.21,162.31,1.0
2026-08-06 05:55:00+00:00,164.47,162.73,1.0
2026-08-06 06:00:00+00:00,164.41,163.1,1.0
2026-08-06 06:05:00+00:00,163.88,162.64,1.0
2026-08-06 06:10:00+00:00,163.57,162.27,1.0
2026-08-06 06:15:00+00:00,163.62,162.19,1.0
2026-08-06 06:20:00+00:00,164.04,161.98,1.0
2026-08-06 06:25:00+00:00,164.16,162.37,1.0
2026-08-06 06:30:00+00:00,164.02,162.85,1.0
2026-08-06 06:35:00+00:00,163.81,162.54,1.0
2026-08-06 06:40:00+00:00,163.99,162.06,1.0
2026-08-06 06:45:00+00:00,163.78,162.22,1.0
2026-08-06 06:50:00+00:00,163.78,162.29,1.0
2026-08-06 06:55:00+00:00,163.69,161.8,1.0
2026-08-06 07:00:00+00:00,163.78,161.9,1.0
2026-08-06 07:05:00+00:00,164.02,162.51,1.0
2026-08-06 07:10:00+00:00,164.29,162.96,1.0
2026-08-06 07:15:00+00:00,164.3,163.07,1.0
2026-08-06 07:20:00+00:00,164.15,162.75,1.0
2026-08-06 07:25:00+00:00,163.98,162.51,1.0
2026-08-06 07:30:00+00:00,164.11,162.7,1.0
2026-08-06 07:35:00+00:00,163.84,162.18,1.0
2026-08-06 07:40:00+00:00,163.79,162.1,1.0
2026-08-06 07:45:00+00:00,163.72,161.96,1.0
2026-08-06 07:50:00+00:00,163.66,162.12,1.0
2026-08-06 07:55:00+00:00,163.54,162.13,1.0
2026-08-06 08:00:00+00:00,163.26,161.76,1.0
2026-08-06 08:05:00+00:00,162.78,161.49,1.0
2026-08-06 08:10:00+00:00,162.86,161.24,1.0
2026-08-06 08:15:00+00:00,162.92,161.28,1.0
2026-08-06 08:20:00+00:00,163.3,161.95,1.0
2026-08-06 08:25:00+00:00,163.49,162.25,1.0
2026-08-06 08:30:00+00:00,163.94,162.56,1.0
2026-08-06 08:35:00+00:00,163.82,162.54,1.0
2026-08-06 08:40:00+00:00,163.71,162.55,1.0
2026-08-06 08:45:00+00:00,163.61,162.52,1.0
2026-08-06 08:50:00+00:00,163.95,162.86,1.0
2026-08-06 08:55:00+00:00,163.79,162.88,1.0
2026-08-06 09:00:00+00:00,163.15,162.41,1.0
2026-08-06 09:05:00+00:00,162.65,161.76,1.0
2026-08-06 09:10:00+00:00,162.57,161.56,1.0
2026-08-06 09:15:00+00:00,162.71,161.67,1.0
2026-08-06 09:20:00+00:00,163.02,161.87,1.0
2026-08-06 09:25:00+00:00,163.15,162.04,1.0
2026-08-06 09:30:00+00:00,163.03,162.0,1.0
2026-08-06 09:35:00+00:00,163.11,162.0,1.0
2026-08-06 09:40:00+00:00,163.02,161.98,1.0
2026-08-06 09:45:00+00:00,163.25,162.07,1.0
2026-08-06 09:50:00+00:00,163.47,162.09,1.0
2026-08-06 09:55:00+00:00,163.66,162.25,1.0
2026-08-06 10:00:00+00:00,163.62,162.28,1.0
2026-08-06 10:05:00+00:00,163.59,162.42,1.0
2026-08-06 10:10:00+00:00,163.51,162.29,1.0
2026-08-06 10:15:00+00:00,163.56,162.2,1.0
2026-08-06 10:20:00+00:00,163.51,162.33,1.0
2026-08-06 10:25:00+00:00,163.64,162.5,1.0
2026-08-06 10:30:00+00:00,163.55,162.36,1.0
2026-08-06 10:35:00+00:00,163.08,162.02,1.0
2026-08-06 10:40:00+00:00,162.79,161.72,1.0
2026-08-06 10:45:00+00:00,162.77,161.79,1.0
2026-08-06 10:50:00+00:00,162.57,161.37,1.0
2026-08-06 10:55:00+00:00,162.84,161.43,1.0
2026-08-06 11:00:00+00:00,161.99,160.51,1.0
2026-08-06 11:05:00+00:00,162.11,160.73,1.0
2026-08-06 11:10:00+00:00,162.08,160.63,1.0
2026-08-06 11:15:00+00:00,162.53,161.11,1.0
2026-08-06 11:20:00+00:00,162.46,160.99,1.0
2026-08-06 11:25:00+00:00,162.81,161.34,1.0
2026-08-06 11:30:00+00:00,163.44,162.05,1.0
2026-08-06 11:35:00+00:00,163.57,162.27,1.0
2026-08-06 11:40:00+00:00,163.62,162.27,1.0
2026-08-06 11:45:00+00:00,163.12,161.84,1.0
2026-08-06 11:50:00+00:00,163.15,161.88,1.0
2026-08-06 11:55:00+00:00,163.32,162.07,1.0
2026-08-06 12:00:00+00:00,163.0,161.71,1.0
2026-08-06 12:05:00+00:00,162.58,161.34,1.0
2026-08-06 12:10:00+00:00,162.29,160.8,1.0
2026-08-06 12:15:00+00:00,162.0,160.61,1.0
2026-08-06 12:20:00+00:00,162.44,161.09,1.0
2026-08-06 12:25:00+00:00,162.76,161.24,1.0
2026-08-06 12:30:00+00:00,162.76,161.28,1.0
2026-08-06 12:35:00+00:00,162.9,161.62,1.0
2026-08-06 12:40:00+00:00,162.7,161.55,1.0
2026-08-06 12:45:00+00:00,162.95,161.68,1.0
2026-08-06 12:50:00+00:00,162.87,161.46,1.0
2026-08-06 12:55:00+00:00,162.84,161.37,1.0
2026-08-06 13:00:00+00:00,162.75,161.34,1.0
2026-08-06 13:05:00+00:00,162.03,160.56,1.0
2026-08-06 13:10:00+00:00,162.02,160.27,1.0
2026-08-06 13:15:00+00:00,162.24,160.42,1.0
2026-08-06 13:20:00+00:00,162.49,160.7,1.0
2026-08-06 13:25:00+00:00,162.05,160.26,1.0
2026-08-06 13:30:00+00:00,161.98,159.91,1.0
2026-08-06 13:35:00+00:00,162.84,161.58,1.0
2026-08-06 13:40:00+00:00,164.24,163.45,1.0
2026-08-06 13:45:00+00:00,164.72,163.98,1.0
2026-08-06 13:50:00+00:00,164.14,163.41,1.0
2026-08-06 13:55:00+00:00,165.13,164.35,1.0
2026-08-06 14:00:00+00:00,164.84,164.62,1.0
2026-08-06 14:05:00+00:00,165.78,165.2,1.0
2026-08-06 14:10:00+00:00,166.05,165.61,1.0
2026-08-06 14:15:00+00:00,166.1,165.96,1.0
2026-08-06 14:20:00+00:00,166.6,166.82,1.0
2026-08-06 14:25:00+00:00,166.44,166.17,1.0
2026-08-06 14:30:00+00:00,167.21,167.0,1.0
2026-08-06 14:35:00+00:00,166.11,166.04,1.0
2026-08-06 14:40:00+00:00,166.26,166.4,1.0
2026-08-06 14:45:00+00:00,165.86,165.9,1.0
2026-08-06 14:50:00+00:00,166.62,166.77,1.0
2026-08-06 14:55:00+00:00,166.99,167.13,1.0
2026-08-06 15:00:00+00:00,166.61,166.57,1.0
2026-08-06 15:05:00+00:00,167.63,167.93,1.0
2026-08-06 15:10:00+00:00,167.63,168.18,1.0
2026-08-06 15:15:00+00:00,166.69,167.21,1.0
2026-08-06 15:20:00+00:00,166.59,167.22,1.0
2026-08-06 15:25:00+00:00,166.86,167.54,1.0
2026-08-06 15:30:00+00:00,166.12,166.56,1.0
2026-08-06 15:35:00+00:00,166.34,166.9,1.0
2026-08-06 15:40:00+00:00,165.82,166.83,1.0
2026-08-06 15:45:00+00:00,166.64,168.28,1.0
2026-08-06 15:50:00+00:00,165.51,167.03,1.0
2026-08-06 15:55:00+00:00,165.38,166.87,1.0
2026-08-06 16:00:00+00:00,165.03,165.96,1.0
2026-08-06 16:05:00+00:00,165.41,165.98,1.0
2026-08-06 16:10:00+00:00,165.1,165.51,1.0
2026-08-06 16:15:00+00:00,165.31,165.72,1.0
2026-08-06 16:20:00+00:00,164.96,165.21,1.0
2026-08-06 16:25:00+00:00,164.64,164.45,1.0
2026-08-06 16:30:00+00:00,164.77,163.8,1.0
2026-08-06 16:35:00+00:00,165.33,164.52,1.0
2026-08-06 16:40:00+00:00,164.64,164.08,1.0
2026-08-06 16:45:00+00:00,164.99,164.72,1.0
2026-08-06 16:50:00+00:00,165.24,164.78,1.0
2026-08-06 16:55:00+00:00,165.45,165.22,1.0
2026-08-06 17:00:00+00:00,165.48,165.15,1.0
2026-08-06 17:05:00+00:00,165.4,165.1,1.0
2026-08-06 17:10:00+00:00,165.26,165.01,1.0
2026-08-06 17:15:00+00:00,165.5,165.3,1.0
2026-08-06 17:20:00+00:00,165.42,165.16,1.0
2026-08-06 17:25:00+00:00,165.48,165.32,1.0
2026-08-06 17:30:00+00:00,165.37,165.19,1.0
2026-08-06 17:35:00+00:00,165.21,164.89,1.0
2026-08-06 17:40:00+00:00,165.27,163.93,1.0
2026-08-06 17:45:00+00:00,165.15,163.84,1.0
2026-08-06 17:50:00+00:00,165.26,163.94,1.0
2026-08-06 17:55:00+00:00,165.42,163.99,1.0
2026-08-06 18:00:00+00:00,165.07,163.98,1.0
2026-08-06 18:05:00+00:00,165.01,163.96,1.0
2026-08-06 18:10:00+00:00,165.06,163.93,1.0
2026-08-06 18:15:00+00:00,165.3,164.62,1.0
2026-08-06 18:20:00+00:00,165.62,164.84,1.0
2026-08-06 18:25:00+00:00,165.62,164.67,1.0
2026-08-06 18:30:00+00:00,165.16,164.17,1.0
2026-08-06 18:35:00+00:00,165.15,164.06,1.0
2026-08-06 18:40:00+00:00,165.02,164.34,1.0
2026-08-06 18:45:00+00:00,164.79,164.32,1.0
2026-08-06 18:50:00+00:00,164.66,164.07,1.0
2026-08-06 18:55:00+00:00,164.71,164.02,1.0
2026-08-06 19:00:00+00:00,165.36,164.76,1.0
2026-08-06 19:05:00+00:00,165.42,164.73,1.0
2026-08-06 19:10:00+00:00,165.17,164.15,1.0
2026-08-06 19:15:00+00:00,165.09,164.16,1.0
2026-08-06 19:20:00+00:00,164.79,163.88,1.0
2026-08-06 19:25:00+00:00,164.89,164.12,1.0
2026-08-06 19:30:00+00:00,165.14,164.6,1.0
2026-08-06 19:35:00+00:00,164.77,163.98,1.0
2026-08-06 19:40:00+00:00,164.41,163.7,1.0
2026-08-06 19:45:00+00:00,164.53,163.98,1.0
2026-08-06 19:50:00+00:00,165.1,164.36,1.0
2026-08-06 19:55:00+00:00,164.29,163.55,1.0
2026-08-06 20:00:00+00:00,164.31,163.76,1.0
2026-08-06 20:05:00+00:00,164.62,163.84,1.0
2026-08-06 20:10:00+00:00,164.65,163.81,1.0
2026-08-06 20:15:00+00:00,164.56,163.7,1.0
2026-08-06 20:20:00+00:00,164.3,163.4,1.0
2026-08-06 20:25:00+00:00,164.13,163.16,1.0
2026-08-06 20:30:00+00:00,164.9,163.77,1.0
2026-08-06 20:35:00+00:00,164.76,163.65,1.0
2026-08-06 20:40:00+00:00,164.88,163.95,1.0
2026-08-06 20:45:00+00:00,164.74,163.85,1.0
2026-08-06 20:50:00+00:00,165.1,164.09,1.0
2026-08-06 20:55:00+00:00,165.1,164.44,1.0
2026-08-06 21:00:00+00:00,165.27,164.73,1.0
2026-08-06 21:05:00+00:00,165.25,164.72,1.0
2026-08-06 21:10:00+00:00,165.47,165.02,1.0
2026-08-06 21:15:00+00:00,165.48,165.17,1.0
2026-08-06 21:20:00+00:00,165.39,165.15,1.0
2026-08-06 21:25:00+00:00,165.39,165.15,1.0
2026-08-06 21:30:00+00:00,165.33,164.97,1.0
2026-08-06 21:35:00+00:00,165.43,164.98,1.0
2026-08-06 21:40:00+00:00,165.59,165.12,1.0
2026-08-06 21:45:00+00:00,165.56,165.16,1.0
2026-08-06 21:50:00+00:00,165.59,165.14,1.0
2026-08-06 21:55:00+00:00,165.44,164.77,1.0
2026-08-06 22:00:00+00:00,165.49,164.99,1.0
2026-08-06 22:05:00+00:00,165.52,165.19,1.0
2026-08-06 22:10:00+00:00,165.65,165.52,1.0
2026-08-06 22:15:00+00:00,165.95,165.79,1.0
2026-08-06 22:20:00+00:00,165.79,165.49,1.0
2026-08-06 22:25:00+00:00,165.76,165.51,1.0
2026-08-06 22:30:00+00:00,165.68,165.48,1.0
2026-08-06 22:35:00+00:00,165.67,165.31,1.0
2026-08-06 22:40:00+00:00,165.93,165.71,1.0
2026-08-06 22:45:00+00:00,165.96,165.75,1.0
2026-08-06 22:50:00+00:00,166.03,165.79,1.0
2026-08-06 22:55:00+00:00,166.21,166.06,1.0
2026-08-06 23:00:00+00:00,165.88,164.29,1.0
2026-08-06 23:05:00+00:00,165.26,163.5,1.0
2026-08-06 23:10:00+00:00,165.13,163.19,1.0
2026-08-06 23:15:00+00:00,165.26,163.06,1.0
2026-08-06 23:20:00+00:00,165.57,163.69,1.0
2026-08-06 23:25:00+00:00,165.37,163.69,1.0
2026-08-06 23:30:00+00:00,165.43,163.92,1.0
2026-08-06 23:35:00+00:00,165.16,163.71,1.0
2026-08-06 23:40:00+00:00,164.78,163.44,1.0
2026-08-06 23:45:00+00:00,164.31,163.37,1.0
2026-08-06 23:50:00+00:00,164.42,163.81,1.0
2026-08-06 23:55:00+00:00,165.19,165.12,1.0
2026-08-07 00:00:00+00:00,166.36,167.68,1.0
2026-08-07 00:05:00+00:00,165.99,166.49,1.0
2026-08-07 00:10:00+00:00,165.71,166.67,1.0
2026-08-07 00:15:00+00:00,164.6,165.45,1.0
2026-08-07 00:20:00+00:00,163.81,164.5,1.0
2026-08-07 00:25:00+00:00,164.17,165.09,1.0
2026-08-07 00:30:00+00:00,164.82,165.59,1.0
2026-08-07 00:35:00+00:00,164.04,164.33,1.0
2026-08-07 00:40:00+00:00,164.42,164.8,1.0
2026-08-07 00:45:00+00:00,163.95,164.08,1.0
2026-08-07 00:50:00+00:00,164.87,165.2,1.0
2026-08-07 00:55:00+00:00,165.25,166.24,1.0
2026-08-07 01:00:00+00:00,165.29,165.83,1.0
2026-08-07 01:05:00+00:00,164.91,165.3,1.0
2026-08-07 01:10:00+00:00,163.85,164.34,1.0
2026-08-07 01:15:00+00:00,163.14,163.6,1.0
2026-08-07 01:20:00+00:00,162.13,162.55,1.0
2026-08-07 01:25:00+00:00,162.85,163.49,1.0
2026-08-07 01:30:00+00:00,162.6,163.14,1.0
2026-08-07 01:35:00+00:00,161.35,161.73,1.0
2026-08-07 01:40:00+00:00,161.98,162.29,1.0
2026-08-07 01:45:00+00:00,162.42,162.77,1.0
2026-08-07 01:50:00+00:00,162.64,163.0,1.0
2026-08-07 01:55:00+00:00,162.51,162.93,1.0
2026-08-07 02:00:00+00:00,163.02,163.63,1.0
2026-08-07 02:05:00+00:00,162.41,163.19,1.0
2026-08-07 02:10:00+00:00,162.97,163.92,1.0
2026-08-07 02:15:00+00:00,163.48,164.63,1.0
2026-08-07 02:20:00+00:00,163.56,164.64,1.0
2026-08-07 02:25:00+00:00,162.85,163.93,1.0
2026-08-07 02:30:00+00:00,162.4,163.38,1.0
2026-08-07 02:35:00+00:00,162.63,163.47,1.0
2026-08-07 02:40:00+00:00,162.36,162.88,1.0
2026-08-07 02:45:00+00:00,163.13,163.87,1.0
2026-08-07 02:50:00+00:00,163.09,163.66,1.0
2026-08-07 02:55:00+00:00,163.13,163.57,1.0
2026-08-07 03:00:00+00:00,163.22,163.98,1.0
2026-08-07 03:05:00+00:00,163.57,164.21,1.0
2026-08-07 03:10:00+00:00,163.31,163.9,1.0
2026-08-07 03:15:00+00:00,162.5,162.75,1.0
2026-08-07 03:20:00+00:00,162.53,162.67,1.0
2026-08-07 03:25:00+00:00,162.6,162.63,1.0
2026-08-07 03:30:00+00:00,162.71,162.94,1.0
2026-08-07 03:35:00+00:00,162.88,163.18,1.0
2026-08-07 03:40:00+00:00,162.64,163.07,1.0
2026-08-07 03:45:00+00:00,163.03,163.59,1.0
2026-08-07 03:50:00+00:00,162.54,163.17,1.0
2026-08-07 03:55:00+00:00,162.19,162.67,1.0
2026-08-07 04:00:00+00:00,162.34,162.63,1.0
2026-08-07 04:05:00+00:00,162.66,163.19,1.0
2026-08-07 04:10:00+00:00,162.5,163.39,1.0
2026-08-07 04:15:00+00:00,162.71,163.77,1.0
2026-08-07 04:20:00+00:00,163.36,164.68,1.0
2026-08-07 04:25:00+00:00,163.05,164.38,1.0
2026-08-07 04:30:00+00:00,163.0,164.29,1.0
2026-08-07 04:35:00+00:00,162.85,163.98,1.0
2026-08-07 04:40:00+00:00,162.65,163.72,1.0
2026-08-07 04:45:00+00:00,162.67,163.63,1.0
2026-08-07 04:50:00+00:00,162.63,163.54,1.0
2026-08-07 04:55:00+00:00,162.73,163.69,1.0
2026-08-07 05:00:00+00:00,163.27,164.29,1.0
2026-08-07 05:05:00+00:00,163.52,164.55,1.0
2026-08-07 05:10:00+00:00,163.5,164.52,1.0
2026-08-07 05:15:00+00:00,163.67,164.6,1.0
2026-08-07 05:20:00+00:00,163.46,164.36,1.0
2026-08-07 05:25:00+00:00,163.33,164.29,1.0
2026-08-07 05:30:00+00:00,163.15,163.81,1.0
2026-08-07 05:35:00+00:00,163.25,163.95,1.0
2026-08-07 05:40:00+00:00,163.17,163.8,1.0
2026-08-07 05:45:00+00:00,163.12,163.25,1.0
2026-08-07 05:50:00+00:00,163.44,163.55,1.0
2026-08-07 05:55:00+00:00,163.22,162.85,1.0
2026-08-07 06:00:00+00:00,163.23,162.76,1.0
2026-08-07 06:05:00+00:00,163.41,163.2,1.0
2026-08-07 06:10:00+00:00,163.33,162.93,1.0
2026-08-07 06:15:00+00:00,163.87,163.5,1.0
2026-08-07 06:20:00+00:00,163.93,163.19,1.0
2026-08-07 06:25:00+00:00,164.3,163.7,1.0
2026-08-07 06:30:00+00:00,164.17,163.64,1.0
2026-08-07 06:35:00+00:00,164.2,163.65,1.0
2026-08-07 06:40:00+00:00,163.93,163.2,1.0
2026-08-07 06:45:00+00:00,163.81,163.15,1.0
2026-08-07 06:50:00+00:00,163.88,163.12,1.0
2026-08-07 06:55:00+00:00,163.93,163.15,1.0
2026-08-07 07:00:00+00:00,164.28,163.68,1.0
2026-08-07 07:05:00+00:00,164.76,164.42,1.0
2026-08-07 07:10:00+00:00,164.95,164.65,1.0
2026-08-07 07:15:00+00:00,165.01,164.67,1.0
2026-08-07 07:20:00+00:00,165.06,164.68,1.0
2026-08-07 07:25:00+00:00,165.04,164.79,1.0
2026-08-07 07:30:00+00:00,164.91,164.6,1.0
2026-08-07 07:35:00+00:00,164.93,164.67,1.0
2026-08-07 07:40:00+00:00,165.1,164.99,1.0
2026-08-07 07:45:00+00:00,165.14,165.08,1.0
2026-08-07 07:50:00+00:00,165.13,165.03,1.0
2026-08-07 07:55:00+00:00,165.24,164.88,1.0
2026-08-07 08:00:00+00:00,165.96,165.7,1.0
2026-08-07 08:05:00+00:00,165.75,165.63,1.0
2026-08-07 08:10:00+00:00,165.81,165.61,1.0
2026-08-07 08:15:00+00:00,165.67,165.54,1.0
2026-08-07 08:20:00+00:00,165.82,165.69,1.0
2026-08-07 08:25:00+00:00,166.08,165.89,1.0
2026-08-07 08:30:00+00:00,166.11,165.95,1.0
2026-08-07 08:35:00+00:00,166.25,165.92,1.0
2026-08-07 08:40:00+00:00,166.0,165.64,1.0
2026-08-07 08:45:00+00:00,165.9,165.67,1.0
2026-08-07 08:50:00+00:00,165.78,165.36,1.0
2026-08-07 08:55:00+00:00,165.91,165.4,1.0
2026-08-07 09:00:00+00:00,166.39,166.06,1.0
2026-08-07 09:05:00+00:00,166.28,165.99,1.0
2026-08-07 09:10:00+00:00,166.27,166.08,1.0
2026-08-07 09:15:00+00:00,166.18,165.98,1.0
2026-08-07 09:20:00+00:00,166.3,165.92,1.0
2026-08-07 09:25:00+00:00,166.07,165.76,1.0
2026-08-07 09:30:00+00:00,166.12,165.75,1.0
2026-08-07 09:35:00+00:00,166.15,165.78,1.0
2026-08-07 09:40:00+00:00,165.99,165.92,1.0
2026-08-07 09:45:00+00:00,165.79,165.73,1.0
2026-08-07 09:50:00+00:00,165.85,165.72,1.0
2026-08-07 09:55:00+00:00,165.61,165.43,1.0
2026-08-07 10:00:00+00:00,165.55,165.65,1.0
2026-08-07 10:05:00+00:00,165.2,165.33,1.0
2026-08-07 10:10:00+00:00,165.4,165.41,1.0
2026-08-07 10:15:00+00:00,165.34,165.13,1.0
2026-08-07 10:20:00+00:00,165.39,165.3,1.0
2026-08-07 10:25:00+00:00,165.69,165.65,1.0
2026-08-07 10:30:00+00:00,165.52,165.22,1.0
2026-08-07 10:35:00+00:00,165.51,165.26,1.0
2026-08-07 10:40:00+00:00,165.59,165.21,1.0
2026-08-07 10:45:00+00:00,165.53,165.55,1.0
2026-08-07 10:50:00+00:00,165.17,165.05,1.0
2026-08-07 10:55:00+00:00,165.11,165.14,1.0
2026-08-07 11:00:00+00:00,165.48,165.81,1.0
2026-08-07 11:05:00+00:00,165.41,165.89,1.0
2026-08-07 11:10:00+00:00,165.3,165.86,1.0
2026-08-07 11:15:00+00:00,165.3,165.5,1.0
2026-08-07 11:20:00+00:00,165.3,165.49,1.0
2026-08-07 11:25:00+00:00,165.46,165.53,1.0
2026-08-07 11:30:00+00:00,165.57,165.51,1.0
2026-08-07 11:35:00+00:00,165.68,165.58,1.0
2026-08-07 11:40:00+00:00,165.94,165.79,1.0
2026-08-07 11:45:00+00:00,165.91,165.8,1.0
2026-08-07 11:50:00+00:00,165.8,165.57,1.0
2026-08-07 11:55:00+00:00,165.69,165.47,1.0
2026-08-07 12:00:00+00:00,165.98,165.88,1.0
2026-08-07 12:05:00+00:00,165.88,165.79,1.0
2026-08-07 12:10:00+00:00,165.93,165.97,1.0
2026-08-07 12:15:00+00:00,166.04,166.11,1.0
2026-08-07 12:20:00+00:00,166.18,166.1,1.0
2026-08-07 12:25:00+00:00,165.96,166.02,1.0
2026-08-07 12:30:00+00:00,168.11,167.87,1.0
2026-08-07 12:35:00+00:00,168.67,168.12,1.0
2026-08-07 12:40:00+00:00,168.99,168.33,1.0
2026-08-07 12:45:00+00:00,169.51,169.21,1.0
2026-08-07 12:50:00+00:00,169.37,169.03,1.0
2026-08-07 12:55:00+00:00,169.17,168.9,1.0
2026-08-07 13:00:00+00:00,168.81,168.36,1.0
2026-08-07 13:05:00+00:00,168.98,168.25,1.0
2026-08-07 13:10:00+00:00,168.78,168.19,1.0
2026-08-07 13:15:00+00:00,168.71,168.02,1.0
2026-08-07 13:20:00+00:00,168.68,167.94,1.0
2026-08-07 13:25:00+00:00,168.79,168.21,1.0
2026-08-07 13:30:00+00:00,168.43,168.22,1.0
2026-08-07 13:35:00+00:00,167.43,167.47,1.0
2026-08-07 13:40:00+00:00,167.9,167.67,1.0
2026-08-07 13:45:00+00:00,167.07,166.34,1.0
2026-08-07 13:50:00+00:00,166.1,165.09,1.0
2026-08-07 13:55:00+00:00,164.92,163.41,1.0
2026-08-07 14:00:00+00:00,163.57,161.63,1.0
2026-08-07 14:05:00+00:00,163.44,161.14,1.0
2026-08-07 14:10:00+00:00,162.48,159.8,1.0
2026-08-07 14:15:00+00:00,163.69,161.55,1.0
2026-08-07 14:20:00+00:00,162.95,161.1,1.0
2026-08-07 14:25:00+00:00,163.81,162.03,1.0
2026-08-07 14:30:00+00:00,163.41,161.59,1.0
2026-08-07 14:35:00+00:00,162.62,160.85,1.0
2026-08-07 14:40:00+00:00,162.17,160.32,1.0
2026-08-07 14:45:00+00:00,162.95,161.04,1.0
2026-08-07 14:50:00+00:00,162.55,160.6,1.0
2026-08-07 14:55:00+00:00,162.86,161.13,1.0
2026-08-07 15:00:00+00:00,163.21,161.99,1.0
2026-08-07 15:05:00+00:00,163.56,162.29,1.0
2026-08-07 15:10:00+00:00,163.9,162.3,1.0
2026-08-07 15:15:00+00:00,163.88,162.35,1.0
2026-08-07 15:20:00+00:00,164.61,163.18,1.0
2026-08-07 15:25:00+00:00,164.89,163.77,1.0
2026-08-07 15:30:00+00:00,165.03,164.1,1.0
2026-08-07 15:35:00+00:00,164.99,163.7,1.0
2026-08-07 15:40:00+00:00,164.47,163.32,1.0
2026-08-07 15:45:00+00:00,164.85,163.87,1.0
2026-08-07 15:50:00+00:00,164.46,163.12,1.0
2026-08-07 15:55:00+00:00,164.7,163.28,1.0
2026-08-07 16:00:00+00:00,164.89,163.54,1.0
2026-08-07 16:05:00+00:00,165.21,163.85,1.0
2026-08-07 16:10:00+00:00,165.02,163.42,1.0
2026-08-07 16:15:00+00:00,165.0,163.11,1.0
2026-08-07 16:20:00+00:00,164.65,162.56,1.0
2026-08-07 16:25:00+00:00,163.96,161.9,1.0
2026-08-07 16:30:00+00:00,164.47,162.41,1.0
2026-08-07 16:35:00+00:00,164.77,162.67,1.0
2026-08-07 16:40:00+00:00,164.64,162.51,1.0
2026-08-07 16:45:00+00:00,164.86,162.86,1.0
2026-08-07 16:50:00+00:00,164.53,162.63,1.0
2026-08-07 16:55:00+00:00,164.61,162.78,1.0
2026-08-07 17:00:00+00:00,164.74,162.92,1.0
2026-08-07 17:05:00+00:00,164.87,163.13,1.0
2026-08-07 17:10:00+00:00,164.52,162.51,1.0
2026-08-07 17:15:00+00:00,164.8,162.98,1.0
2026-08-07 17:20:00+00:00,164.55,162.73,1.0
2026-08-07 17:25:00+00:00,164.73,162.88,1.0
2026-08-07 17:30:00+00:00,164.66,162.79,1.0
2026-08-07 17:35:00+00:00,164.85,162.99,1.0
2026-08-07 17:40:00+00:00,164.8,162.92,1.0
2026-08-07 17:45:00+00:00,164.79,162.9,1.0
2026-08-07 17:50:00+00:00,164.68,162.85,1.0
2026-08-07 17:55:00+00:00,164.56,162.59,1.0
2026-08-07 18:00:00+00:00,164.53,162.6,1.0
2026-08-07 18:05:00+00:00,164.66,162.68,1.0
2026-08-07 18:10:00+00:00,164.11,162.12,1.0
2026-08-07 18:15:00+00:00,164.38,162.54,1.0
2026-08-07 18:20:00+00:00,164.27,162.29,1.0
2026-08-07 18:25:00+00:00,164.05,162.19,1.0
2026-08-07 18:30:00+00:00,164.08,162.32,1.0
2026-08-07 18:35:00+00:00,164.25,162.32,1.0
2026-08-07 18:40:00+00:00,164.05,162.16,1.0
2026-08-07 18:45:00+00:00,164.4,162.6,1.0
2026-08-07 18:50:00+00:00,164.5,162.57,1.0
2026-08-07 18:55:00+00:00,164.75,163.01,1.0
2026-08-07 19:00:00+00:00,165.43,163.48,1.0
2026-08-07 19:05:00+00:00,166.05,164.32,1.0
2026-08-07 19:10:00+00:00,165.95,164.2,1.0
2026-08-07 19:15:00+00:00,165.98,164.35,1.0
2026-08-07 19:20:00+00:00,165.84,164.34,1.0
2026-08-07 19:25:00+00:00,165.85,164.44,1.0
2026-08-07 19:30:00+00:00,165.56,163.95,1.0
2026-08-07 19:35:00+00:00,165.87,164.16,1.0
2026-08-07 19:40:00+00:00,165.71,164.11,1.0
2026-08-07 19:45:00+00:00,165.92,164.28,1.0
2026-08-07 19:50:00+00:00,165.95,164.46,1.0
2026-08-07 19:55:00+00:00,166.22,165.29,1.0
2026-08-07 20:00:00+00:00,165.79,165.0,1.0
2026-08-07 20:05:00+00:00,165.84,165.14,1.0
2026-08-07 20:10:00+00:00,166.05,165.25,1.0
2026-08-07 20:15:00+00:00,165.89,164.94,1.0
2026-08-07 20:20:00+00:00,165.83,164.65,1.0
2026-08-07 20:25:00+00:00,165.76,164.52,1.0
2026-08-07 20:30:00+00:00,165.87,164.62,1.0
2026-08-07 20:35:00+00:00,165.9,164.61,1.0
2026-08-07 20:40:00+00:00,165.86,164.6,1.0
2026-08-07 20:45:00+00:00,166.05,164.73,1.0
2026-08-07 20:50:00+00:00,166.05,164.88,1.0
2026-08-07 20:55:00+00:00,165.95,164.87,1.0
2026-08-07 21:00:00+00:00,165.99,165.06,1.0
2026-08-07 21:05:00+00:00,165.93,164.93,1.0
2026-08-07 21:10:00+00:00,165.83,165.06,1.0
2026-08-07 21:15:00+00:00,165.73,165.0,1.0
2026-08-07 21:20:00+00:00,165.75,164.97,1.0
2026-08-07 21:25:00+00:00,165.78,164.83,1.0
2026-08-07 21:30:00+00:00,165.81,164.97,1.0
2026-08-07 21:35:00+00:00,165.93,164.93,1.0
2026-08-07 21:40:00+00:00,165.91,165.0,1.0
2026-08-07 21:45:00+00:00,165.82,164.92,1.0
2026-08-07 21:50:00+00:00,165.82,165.03,1.0
2026-08-07 21:55:00+00:00,165.85,165.24,1.0
2026-08-07 22:00:00+00:00,165.84,165.24,1.0
2026-08-07 22:05:00+00:00,165.76,165.22,1.0
2026-08-07 22:10:00+00:00,165.81,165.18,1.0
2026-08-07 22:15:00+00:00,165.82,165.33,1.0
2026-08-07 22:20:00+00:00,165.79,165.29,1.0
2026-08-07 22:25:00+00:00,165.83,165.38,1.0
2026-08-07 22:30:00+00:00,165.83,165.37,1.0
2026-08-07 22:35:00+00:00,165.86,165.33,1.0
2026-08-07 22:40:00+00:00,165.86,165.3,1.0
2026-08-07 22:45:00+00:00,165.88,165.37,1.0
2026-08-07 22:50:00+00:00,165.82,165.36,1.0
2026-08-07 22:55:00+00:00,165.87,165.36,1.0
2026-08-07 23:00:00+00:00,165.84,165.37,1.0
2026-08-07 23:05:00+00:00,165.84,165.27,1.0
2026-08-07 23:10:00+00:00,165.95,165.43,1.0
2026-08-07 23:15:00+00:00,165.93,165.43,1.0
2026-08-07 23:20:00+00:00,165.85,165.32,1.0
2026-08-07 23:25:00+00:00,165.84,165.4,1.0
2026-08-07 23:30:00+00:00,165.84,165.65,1.0
2026-08-07 23:35:00+00:00,165.89,165.74,1.0
2026-08-07 23:40:00+00:00,165.86,165.73,1.0
2026-08-07 23:45:00+00:00,165.81,165.8,1.0
2026-08-07 23:50:00+00:00,165.92,165.99,1.0
2026-08-07 23:55:00+00:00,166.04,166.17,1.0
2026-08-08 00:00:00+00:00,166.18,166.53,1.0
2026-08-08 00:05:00+00:00,166.04,166.24,1.0
2026-08-08 00:10:00+00:00,165.94,166.21,1.0
2026-08-08 00:15:00+00:00,165.81,166.12,1.0
2026-08-08 00:20:00+00:00,165.81,166.15,1.0
2026-08-08 00:25:00+00:00,165.92,166.21,1.0
2026-08-08 00:30:00+00:00,165.87,166.18,1.0
2026-08-08 00:35:00+00:00,165.95,166.17,1.0
2026-08-08 00:40:00+00:00,166.01,166.13,1.0
2026-08-08 00:45:00+00:00,165.93,165.92,1.0
2026-08-08 00:50:00+00:00,165.91,165.99,1.0
2026-08-08 00:55:00+00:00,165.92,166.01,1.0
2026-08-08 01:00:00+00:00,165.91,166.04,1.0
2026-08-08 01:05:00+00:00,165.85,165.83,1.0
2026-08-08 01:10:00+00:00,165.93,166.01,1.0
2026-08-08 01:15:00+00:00,165.84,165.88,1.0
2026-08-08 01:20:00+00:00,165.82,165.96,1.0
2026-08-08 01:25:00+00:00,165.83,166.02,1.0
2026-08-08 01:30:00+00:00,165.86,166.19,1.0
2026-08-08 01:35:00+00:00,165.87,166.1,1.0
2026-08-08 01:40:00+00:00,165.91,166.2,1.0
2026-08-08 01:45:00+00:00,165.97,166.23,1.0
2026-08-08 01:50:00+00:00,165.94,166.23,1.0
2026-08-08 01:55:00+00:00,165.98,166.46,1.0
2026-08-08 02:00:00+00:00,166.02,166.55,1.0
2026-08-08 02:05:00+00:00,165.99,166.49,1.0
2026-08-08 02:10:00+00:00,165.94,166.43,1.0
2026-08-08 02:15:00+00:00,165.97,166.44,1.0
2026-08-08 02:20:00+00:00,165.99,166.44,1.0
2026-08-08 02:25:00+00:00,165.96,166.55,1.0
2026-08-08 02:30:00+00:00,165.94,166.54,1.0
2026-08-08 02:35:00+00:00,165.85,166.32,1.0
2026-08-08 02:40:00+00:00,165.85,166.29,1.0
2026-08-08 02:45:00+00:00,165.87,166.4,1.0
2026-08-08 02:50:00+00:00,165.8,166.36,1.0
2026-08-08 02:55:00+00:00,165.82,166.22,1.0
2026-08-08 03:00:00+00:00,165.78,166.31,1.0
2026-08-08 03:05:00+00:00,165.79,166.32,1.0
2026-08-08 03:10:00+00:00,165.82,166.3,1.0
2026-08-08 03:15:00+00:00,165.86,166.45,1.0
2026-08-08 03:20:00+00:00,165.79,166.33,1.0
2026-08-08 03:25:00+00:00,165.79,166.41,1.0
2026-08-08 03:30:00+00:00,165.74,166.27,1.0
2026-08-08 03:35:00+00:00,165.75,166.37,1.0
2026-08-08 03:40:00+00:00,165.73,166.14,1.0
2026-08-08 03:45:00+00:00,165.73,166.14,1.0
2026-08-08 03:50:00+00:00,165.77,166.21,1.0
2026-08-08 03:55:00+00:00,165.84,166.31,1.0
2026-08-08 04:00:00+00:00,165.85,166.34,1.0
2026-08-08 04:05:00+00:00,165.78,166.24,1.0
2026-08-08 04:10:00+00:00,165.79,166.23,1.0
2026-08-08 04:15:00+00:00,165.74,166.21,1.0
2026-08-08 04:20:00+00:00,165.75,166.25,1.0
2026-08-08 04:25:00+00:00,165.76,166.07,1.0
2026-08-08 04:30:00+00:00,165.77,166.01,1.0
2026-08-08 04:35:00+00:00,165.81,166.11,1.0
2026-08-08 04:40:00+00:00,165.76,166.13,1.0
2026-08-08 04:45:00+00:00,165.73,165.99,1.0
2026-08-08 04:50:00+00:00,165.72,165.99,1.0
2026-08-08 04:55:00+00:00,165.59,165.95,1.0
2026-08-08 05:00:00+00:00,165.63,165.94,1.0
2026-08-08 05:05:00+00:00,165.62,165.97,1.0
2026-08-08 05:10:00+00:00,165.67,165.99,1.0
2026-08-08 05:15:00+00:00,165.65,166.0,1.0
2026-08-08 05:20:00+00:00,165.65,165.99,1.0
2026-08-08 05:25:00+00:00,165.49,165.98,1.0
2026-08-08 05:30:00+00:00,165.47,165.98,1.0
2026-08-08 05:35:00+00:00,165.46,166.02,1.0
2026-08-08 05:40:00+00:00,165.38,165.9,1.0
2026-08-08 05:45:00+00:00,165.34,165.9,1.0
2026-08-08 05:50:00+00:00,165.42,165.93,1.0
2026-08-08 05:55:00+00:00,165.35,165.93,1.0
2026-08-08 06:00:00+00:00,165.32,165.89,1.0
2026-08-08 06:05:00+00:00,165.4,165.97,1.0
2026-08-08 06:10:00+00:00,165.43,165.98,1.0
2026-08-08 06:15:00+00:00,165.39,165.91,1.0
2026-08-08 06:20:00+00:00,165.3,165.8,1.0
2026-08-08 06:25:00+00:00,165.33,165.94,1.0
2026-08-08 06:30:00+00:00,165.33,165.95,1.0
2026-08-08 06:35:00+00:00,165.3,165.95,1.0
2026-08-08 06:40:00+00:00,165.23,165.91,1.0
2026-08-08 06:45:00+00:00,165.28,165.95,1.0
2026-08-08 06:50:00+00:00,165.25,165.89,1.0
2026-08-08 06:55:00+00:00,165.29,165.94,1.0
2026-08-08 07:00:00+00:00,165.3,165.96,1.0
2026-08-08 07:05:00+00:00,165.26,165.87,1.0
2026-08-08 07:10:00+00:00,165.25,165.98,1.0
2026-08-08 07:15:00+00:00,165.26,165.96,1.0
2026-08-08 07:20:00+00:00,165.32,166.03,1.0
2026-08-08 07:25:00+00:00,165.31,166.02,1.0
2026-08-08 07:30:00+00:00,165.24,166.03,1.0
2026-08-08 07:35:00+00:00,165.25,165.95,1.0
2026-08-08 07:40:00+00:00,165.22,166.04,1.0
2026-08-08 07:45:00+00:00,165.2,166.07,1.0
2026-08-08 07:50:00+00:00,165.25,166.15,1.0
2026-08-08 07:55:00+00:00,165.24,166.17,1.0
2026-08-08 08:00:00+00:00,165.15,166.07,1.0
2026-08-08 08:05:00+00:00,165.26,166.09,1.0
2026-08-08 08:10:00+00:00,165.18,166.07,1.0
2026-08-08 08:15:00+00:00,165.2,166.03,1.0
2026-08-08 08:20:00+00:00,165.27,166.08,1.0
2026-08-08 08:25:00+00:00,165.24,166.05,1.0
2026-08-08 08:30:00+00:00,165.2,166.07,1.0
2026-08-08 08:35:00+00:00,165.21,166.1,1.0
2026-08-08 08:40:00+00:00,165.16,166.12,1.0
2026-08-08 08:45:00+00:00,165.21,166.12,1.0
2026-08-08 08:50:00+00:00,165.23,166.14,1.0
2026-08-08 08:55:00+00:00,165.2,166.14,1.0
2026-08-08 09:00:00+00:00,165.2,166.09,1.0
2026-08-08 09:05:00+00:00,165.23,166.14,1.0
2026-08-08 09:10:00+00:00,165.27,166.18,1.0
2026-08-08 09:15:00+00:00,165.19,166.2,1.0
2026-08-08 09:20:00+00:00,165.28,166.14,1.0
2026-08-08 09:25:00+00:00,165.26,166.19,1.0
2026-08-08 09:30:00+00:00,165.23,166.22,1.0
2026-08-08 09:35:00+00:00,165.2,166.21,1.0
2026-08-08 09:40:00+00:00,165.18,166.23,1.0
2026-08-08 09:45:00+00:00,165.23,166.28,1.0
2026-08-08 09:50:00+00:00,165.27,166.31,1.0
2026-08-08 09:55:00+00:00,165.26,166.29,1.0
2026-08-08 10:00:00+00:00,165.38,166.51,1.0
2026-08-08 10:05:00+00:00,165.37,166.52,1.0
2026-08-08 10:10:00+00:00,165.28,166.52,1.0
2026-08-08 10:15:00+00:00,165.31,166.51,1.0
2026-08-08 10:20:00+00:00,165.34,166.59,1.0
2026-08-08 10:25:00+00:00,165.37,166.64,1.0
2026-08-08 10:30:00+00:00,165.36,166.6,1.0
2026-08-08 10:35:00+00:00,165.37,166.61,1.0
2026-08-08 10:40:00+00:00,165.34,166.58,1.0
2026-08-08 10:45:00+00:00,165.29,166.48,1.0
2026-08-08 10:50:00+00:00,165.39,166.56,1.0
2026-08-08 10:55:00+00:00,165.28,166.51,1.0
2026-08-08 11:00:00+00:00,165.33,166.61,1.0
2026-08-08 11:05:00+00:00,165.39,166.7,1.0
2026-08-08 11:10:00+00:00,165.43,166.75,1.0
2026-08-08 11:15:00+00:00,165.5,166.64,1.0
2026-08-08 11:20:00+00:00,165.54,166.68,1.0
2026-08-08 11:25:00+00:00,165.52,166.76,1.0
2026-08-08 11:30:00+00:00,165.48,166.74,1.0
2026-08-08 11:35:00+00:00,165.51,166.91,1.0
2026-08-08 11:40:00+00:00,165.49,166.87,1.0
2026-08-08 11:45:00+00:00,165.48,166.95,1.0
2026-08-08 11:50:00+00:00,165.45,166.94,1.0
2026-08-08 11:55:00+00:00,165.46,166.9,1.0
2026-08-08 12:00:00+00:00,165.41,166.89,1.0
2026-08-08 12:05:00+00:00,165.43,166.85,1.0
2026-08-08 12:10:00+00:00,165.44,166.91,1.0
2026-08-08 12:15:00+00:00,165.54,166.98,1.0
2026-08-08 12:20:00+00:00,165.52,166.94,1.0
2026-08-08 12:25:00+00:00,165.42,166.85,1.0
2026-08-08 12:30:00+00:00,165.51,166.9,1.0
2026-08-08 12:35:00+00:00,165.46,166.89,1.0
2026-08-08 12:40:00+00:00,165.47,166.85,1.0
2026-08-08 12:45:00+00:00,165.48,166.85,1.0
2026-08-08 12:50:00+00:00,165.49,166.83,1.0
2026-08-08 12:55:00+00:00,165.47,166.86,1.0
2026-08-08 13:00:00+00:00,165.49,166.85,1.0
2026-08-08 13:05:00+00:00,165.58,166.99,1.0
2026-08-08 13:10:00+00:00,166.26,168.28,1.0
2026-08-08 13:15:00+00:00,166.09,168.19,1.0
2026-08-08 13:20:00+00:00,166.24,168.51,1.0
2026-08-08 13:25:00+00:00,166.08,168.19,1.0
2026-08-08 13:30:00+00:00,166.03,168.03,1.0
2026-08-08 13:35:00+00:00,166.05,167.98,1.0
2026-08-08 13:40:00+00:00,166.02,168.01,1.0
2026-08-08 13:45:00+00:00,165.99,167.96,1.0
2026-08-08 13:50:00+00:00,166.06,167.88,1.0
2026-08-08 13:55:00+00:00,166.06,168.08,1.0
2026-08-08 14:00:00+00:00,166.15,168.18,1.0
2026-08-08 14:05:00+00:00,166.16,168.08,1.0
2026-08-08 14:10:00+00:00,166.08,168.01,1.0
2026-08-08 14:15:00+00:00,166.06,167.93,1.0
2026-08-08 14:20:00+00:00,166.11,168.07,1.0
2026-08-08 14:25:00+00:00,166.09,168.06,1.0
2026-08-08 14:30:00+00:00,166.07,167.98,1.0
2026-08-08 14:35:00+00:00,166.05,167.97,1.0
2026-08-08 14:40:00+00:00,166.11,168.03,1.0
2026-08-08 14:45:00+00:00,166.07,168.08,1.0
2026-08-08 14:50:00+00:00,166.09,168.03,1.0
2026-08-08 14:55:00+00:00,166.23,168.16,1.0
2026-08-08 15:00:00+00:00,166.2,168.16,1.0
2026-08-08 15:05:00+00:00,166.18,168.03,1.0
2026-08-08 15:10:00+00:00,166.37,168.28,1.0
2026-08-08 15:15:00+00:00,166.28,168.25,1.0
2026-08-08 15:20:00+00:00,166.26,168.29,1.0
2026-08-08 15:25:00+00:00,166.29,168.26,1.0
2026-08-08 15:30:00+00:00,166.28,168.22,1.0
2026-08-08 15:35:00+00:00,166.33,168.33,1.0
2026-08-08 15:40:00+00:00,166.37,168.33,1.0
2026-08-08 15:45:00+00:00,166.34,168.34,1.0
2026-08-08 15:50:00+00:00,166.32,168.18,1.0
2026-08-08 15:55:00+00:00,166.29,168.19,1.0
2026-08-08 16:00:00+00:00,166.23,168.15,1.0
2026-08-08 16:05:00+00:00,166.34,168.27,1.0
2026-08-08 16:10:00+00:00,166.32,168.38,1.0
2026-08-08 16:15:00+00:00,166.39,168.31,1.0
2026-08-08 16:20:00+00:00,166.39,168.36,1.0
2026-08-08 16:25:00+00:00,166.42,168.4,1.0
2026-08-08 16:30:00+00:00,166.41,168.34,1.0
2026-08-08 16:35:00+00:00,166.34,168.29,1.0
2026-08-08 16:40:00+00:00,166.36,168.33,1.0
2026-08-08 16:45:00+00:00,166.46,168.36,1.0
2026-08-08 16:50:00+00:00,166.49,168.42,1.0
2026-08-08 16:55:00+00:00,166.54,168.54,1.0
2026-08-08 17:00:00+00:00,166.5,168.45,1.0
2026-08-08 17:05:00+00:00,166.52,168.48,1.0
2026-08-08 17:10:00+00:00,166.58,168.46,1.0
2026-08-08 17:15:00+00:00,166.53,168.4,1.0
2026-08-08 17:20:00+00:00,166.49,168.34,1.0
2026-08-08 17:25:00+00:00,166.45,168.27,1.0
2026-08-08 17:30:00+00:00,166.48,168.3,1.0
2026-08-08 17:35:00+00:00,166.61,168.43,1.0
2026-08-08 17:40:00+00:00,166.59,168.44,1.0
2026-08-08 17:45:00+00:00,166.55,168.4,1.0
2026-08-08 17:50:00+00:00,166.55,168.36,1.0
2026-08-08 17:55:00+00:00,166.55,168.36,1.0
2026-08-08 18:00:00+00:00,166.55,168.29,1.0
2026-08-08 18:05:00+00:00,166.64,168.34,1.0
2026-08-08 18:10:00+00:00,166.59,168.33,1.0
2026-08-08 18:15:00+00:00,166.54,168.29,1.0
2026-08-08 18:20:00+00:00,166.59,168.25,1.0
2026-08-08 18:25:00+00:00,166.63,168.32,1.0
2026-08-08 18:30:00+00:00,166.58,168.18,1.0
2026-08-08 18:35:00+00:00,166.62,168.17,1.0
2026-08-08 18:40:00+00:00,166.67,168.27,1.0
2026-08-08 18:45:00+00:00,166.63,168.18,1.0
2026-08-08 18:50:00+00:00,166.6,168.17,1.0
2026-08-08 18:55:00+00:00,166.61,168.09,1.0
2026-08-08 19:00:00+00:00,166.66,168.1,1.0
2026-08-08 19:05:00+00:00,166.73,168.19,1.0
2026-08-08 19:10:00+00:00,166.82,168.25,1.0
2026-08-08 19:15:00+00:00,166.86,168.29,1.0
2026-08-08 19:20:00+00:00,166.81,168.18,1.0
2026-08-08 19:25:00+00:00,166.76,168.12,1.0
2026-08-08 19:30:00+00:00,166.86,168.15,1.0
2026-08-08 19:35:00+00:00,167.05,168.42,1.0
2026-08-08 19:40:00+00:00,166.96,168.24,1.0
2026-08-08 19:45:00+00:00,166.84,168.23,1.0
2026-08-08 19:50:00+00:00,167.02,168.25,1.0
2026-08-08 19:55:00+00:00,166.93,168.22,1.0
2026-08-08 20:00:00+00:00,166.88,168.07,1.0
2026-08-08 20:05:00+00:00,166.89,168.07,1.0
2026-08-08 20:10:00+00:00,166.9,168.09,1.0
2026-08-08 20:15:00+00:00,166.87,168.07,1.0
2026-08-08 20:20:00+00:00,166.9,168.09,1.0
2026-08-08 20:25:00+00:00,166.99,168.1,1.0
2026-08-08 20:30:00+00:00,166.94,168.07,1.0
2026-08-08 20:35:00+00:00,167.06,168.13,1.0
2026-08-08 20:40:00+00:00,167.05,168.08,1.0
2026-08-08 20:45:00+00:00,167.03,168.06,1.0
2026-08-08 20:50:00+00:00,167.05,168.04,1.0
2026-08-08 20:55:00+00:00,167.09,168.09,1.0
2026-08-08 21:00:00+00:00,167.18,168.1,1.0
2026-08-08 21:05:00+00:00,167.1,168.12,1.0
2026-08-08 21:10:00+00:00,167.09,167.97,1.0
2026-08-08 21:15:00+00:00,167.1,167.98,1.0
2026-08-08 21:20:00+00:00,167.1,168.01,1.0
2026-08-08 21:25:00+00:00,167.11,167.93,1.0
2026-08-08 21:30:00+00:00,167.15,168.05,1.0
2026-08-08 21:35:00+00:00,167.17,168.13,1.0
2026-08-08 21:40:00+00:00,167.02,168.15,1.0
2026-08-08 21:45:00+00:00,167.0,168.11,1.0
2026-08-08 21:50:00+00:00,166.87,167.91,1.0
2026-08-08 21:55:00+00:00,166.74,167.88,1.0
2026-08-08 22:00:00+00:00,166.89,168.14,1.0
2026-08-08 22:05:00+00:00,166.91,168.0,1.0
2026-08-08 22:10:00+00:00,166.88,167.89,1.0
2026-08-08 22:15:00+00:00,166.91,167.95,1.0
2026-08-08 22:20:00+00:00,166.87,168.04,1.0
2026-08-08 22:25:00+00:00,166.89,168.03,1.0
2026-08-08 22:30:00+00:00,166.84,168.05,1.0
2026-08-08 22:35:00+00:00,166.87,168.08,1.0
2026-08-08 22:40:00+00:00,166.86,168.07,1.0
2026-08-08 22:45:00+00:00,166.9,168.13,1.0
2026-08-08 22:50:00+00:00,166.88,168.06,1.0
2026-08-08 22:55:00+00:00,166.86,168.03,1.0
2026-08-08 23:00:00+00:00,166.9,168.07,1.0
2026-08-08 23:05:00+00:00,166.81,168.03,1.0
2026-08-08 23:10:00+00:00,166.79,168.01,1.0
2026-08-08 23:15:00+00:00,166.81,167.98,1.0
2026-08-08 23:20:00+00:00,166.85,168.03,1.0
2026-08-08 23:25:00+00:00,166.78,168.04,1.0
2026-08-08 23:30:00+00:00,166.73,167.98,1.0
2026-08-08 23:35:00+00:00,166.7,167.99,1.0
2026-08-08 23:40:00+00:00,166.73,167.96,1.0
2026-08-08 23:45:00+00:00,166.7,167.96,1.0
2026-08-08 23:50:00+00:00,166.64,167.89,1.0
2026-08-08 23:55:00+00:00,166.72,168.04,1.0
2026-08-09 00:00:00+00:00,166.68,168.0,1.0
2026-08-09 00:05:00+00:00,166.67,167.94,1.0
2026-08-09 00:10:00+00:00,166.66,167.97,1.0
2026-08-09 00:15:00+00:00,166.65,167.94,1.0
2026-08-09 00:20:00+00:00,166.56,168.06,1.0
2026-08-09 00:25:00+00:00,166.5,167.94,1.0
2026-08-09 00:30:00+00:00,166.44,167.97,1.0
2026-08-09 00:35:00+00:00,166.45,167.99,1.0
2026-08-09 00:40:00+00:00,166.51,168.05,1.0
2026-08-09 00:45:00+00:00,166.48,167.98,1.0
2026-08-09 00:50:00+00:00,166.47,168.04,1.0
2026-08-09 00:55:00+00:00,166.48,167.98,1.0
2026-08-09 01:00:00+00:00,166.58,168.02,1.0
2026-08-09 01:05:00+00:00,166.49,167.88,1.0
2026-08-09 01:10:00+00:00,166.51,167.94,1.0
2026-08-09 01:15:00+00:00,166.49,167.88,1.0
2026-08-09 01:20:00+00:00,166.44,167.79,1.0
2026-08-09 01:25:00+00:00,166.32,167.74,1.0
2026-08-09 01:30:00+00:00,166.15,167.54,1.0
2026-08-09 01:35:00+00:00,166.11,167.42,1.0
2026-08-09 01:40:00+00:00,166.15,167.44,1.0
2026-08-09 01:45:00+00:00,166.16,167.48,1.0
2026-08-09 01:50:00+00:00,166.1,167.26,1.0
2026-08-09 01:55:00+00:00,166.06,167.24,1.0
2026-08-09 02:00:00+00:00,166.11,167.24,1.0
2026-08-09 02:05:00+00:00,166.16,167.24,1.0
2026-08-09 02:10:00+00:00,166.18,167.23,1.0
2026-08-09 02:15:00+00:00,166.16,167.34,1.0
2026-08-09 02:20:00+00:00,166.07,167.32,1.0
2026-08-09 02:25:00+00:00,166.11,167.38,1.0
2026-08-09 02:30:00+00:00,166.07,167.49,1.0
2026-08-09 02:35:00+00:00,166.1,167.56,1.0
2026-08-09 02:40:00+00:00,166.14,167.56,1.0
2026-08-09 02:45:00+00:00,166.14,167.52,1.0
2026-08-09 02:50:00+00:00,166.07,167.5,1.0
2026-08-09 02:55:00+00:00,166.12,167.47,1.0
2026-08-09 03:00:00+00:00,166.06,167.44,1.0
2026-08-09 03:05:00+00:00,166.05,167.41,1.0
2026-08-09 03:10:00+00:00,166.05,167.42,1.0
2026-08-09 03:15:00+00:00,166.0,167.39,1.0
2026-08-09 03:20:00+00:00,166.08,167.35,1.0
2026-08-09 03:25:00+00:00,166.07,167.36,1.0
2026-08-09 03:30:00+00:00,166.07,167.38,1.0
2026-08-09 03:35:00+00:00,166.08,167.45,1.0
2026-08-09 03:40:00+00:00,166.09,167.47,1.0
2026-08-09 03:45:00+00:00,166.09,167.51,1.0
2026-08-09 03:50:00+00:00,166.14,167.66,1.0
2026-08-09 03:55:00+00:00,166.2,167.66,1.0
2026-08-09 04:00:00+00:00,166.19,167.73,1.0
2026-08-09 04:05:00+00:00,166.1,167.63,1.0
2026-08-09 04:10:00+00:00,166.1,167.58,1.0
2026-08-09 04:15:00+00:00,166.06,167.53,1.0
2026-08-09 04:20:00+00:00,166.1,167.55,1.0
2026-08-09 04:25:00+00:00,166.19,167.53,1.0
2026-08-09 04:30:00+00:00,166.18,167.69,1.0
2026-08-09 04:35:00+00:00,166.23,167.78,1.0
2026-08-09 04:40:00+00:00,166.21,167.85,1.0
2026-08-09 04:45:00+00:00,166.25,167.87,1.0
2026-08-09 04:50:00+00:00,166.16,167.67,1.0
2026-08-09 04:55:00+00:00,166.16,167.58,1.0
2026-08-09 05:00:00+00:00,166.23,167.62,1.0
2026-08-09 05:05:00+00:00,166.18,167.6,1.0
2026-08-09 05:10:00+00:00,166.23,167.63,1.0
2026-08-09 05:15:00+00:00,166.23,167.69,1.0
2026-08-09 05:20:00+00:00,166.25,167.72,1.0
2026-08-09 05:25:00+00:00,166.25,167.68,1.0
2026-08-09 05:30:00+00:00,166.24,167.74,1.0
2026-08-09 05:35:00+00:00,166.19,167.73,1.0
2026-08-09 05:40:00+00:00,166.16,167.62,1.0
2026-08-09 05:45:00+00:00,166.27,167.74,1.0
2026-08-09 05:50:00+00:00,166.22,167.75,1.0
2026-08-09 05:55:00+00:00,166.26,167.76,1.0
2026-08-09 06:00:00+00:00,166.35,167.84,1.0
2026-08-09 06:05:00+00:00,166.32,167.8,1.0
2026-08-09 06:10:00+00:00,166.35,167.85,1.0
2026-08-09 06:15:00+00:00,166.36,167.87,1.0
2026-08-09 06:20:00+00:00,166.39,167.83,1.0
2026-08-09 06:25:00+00:00,166.4,167.89,1.0
2026-08-09 06:30:00+00:00,166.42,167.96,1.0
2026-08-09 06:35:00+00:00,166.64,168.03,1.0
2026-08-09 06:40:00+00:00,166.68,168.11,1.0
2026-08-09 06:45:00+00:00,166.6,168.04,1.0
2026-08-09 06:50:00+00:00,166.61,167.96,1.0
2026-08-09 06:55:00+00:00,166.58,167.98,1.0
2026-08-09 07:00:00+00:00,166.44,167.83,1.0
2026-08-09 07:05:00+00:00,166.42,167.81,1.0
2026-08-09 07:10:00+00:00,166.42,167.75,1.0
2026-08-09 07:15:00+00:00,166.37,167.74,1.0
2026-08-09 07:20:00+00:00,166.35,167.68,1.0
2026-08-09 07:25:00+00:00,166.33,167.72,1.0
2026-08-09 07:30:00+00:00,166.45,167.77,1.0
2026-08-09 07:35:00+00:00,166.38,167.74,1.0
2026-08-09 07:40:00+00:00,166.38,167.69,1.0
2026-08-09 07:45:00+00:00,166.32,167.59,1.0
2026-08-09 07:50:00+00:00,166.38,167.63,1.0
2026-08-09 07:55:00+00:00,166.34,167.61,1.0
2026-08-09 08:00:00+00:00,166.32,167.65,1.0
2026-08-09 08:05:00+00:00,166.34,167.68,1.0
2026-08-09 08:10:00+00:00,166.33,167.77,1.0
2026-08-09 08:15:00+00:00,166.28,167.69,1.0
2026-08-09 08:20:00+00:00,166.22,167.62,1.0
2026-08-09 08:25:00+00:00,166.21,167.51,1.0
2026-08-09 08:30:00+00:00,166.11,167.45,1.0
2026-08-09 08:35:00+00:00,166.09,167.33,1.0
2026-08-09 08:40:00+00:00,166.02,167.2,1.0
2026-08-09 08:45:00+00:00,166.06,167.3,1.0
2026-08-09 08:50:00+00:00,166.05,167.26,1.0
2026-08-09 08:55:00+00:00,166.1,167.23,1.0
2026-08-09 09:00:00+00:00,166.03,167.23,1.0
2026-08-09 09:05:00+00:00,166.04,167.24,1.0
2026-08-09 09:10:00+00:00,166.01,167.25,1.0
2026-08-09 09:15:00+00:00,166.0,167.12,1.0
2026-08-09 09:20:00+00:00,165.96,167.16,1.0
2026-08-09 09:25:00+00:00,165.94,167.15,1.0
2026-08-09 09:30:00+00:00,165.94,167.17,1.0
2026-08-09 09:35:00+00:00,165.95,167.3,1.0
2026-08-09 09:40:00+00:00,166.01,167.38,1.0
2026-08-09 09:45:00+00:00,166.01,167.38,1.0
2026-08-09 09:50:00+00:00,166.02,167.4,1.0
2026-08-09 09:55:00+00:00,166.02,167.39,1.0
2026-08-09 10:00:00+00:00,166.01,167.42,1.0
2026-08-09 10:05:00+00:00,166.01,167.43,1.0
2026-08-09 10:10:00+00:00,166.03,167.38,1.0
2026-08-09 10:15:00+00:00,165.99,167.33,1.0
2026-08-09 10:20:00+00:00,166.01,167.36,1.0
2026-08-09 10:25:00+00:00,165.99,167.44,1.0
2026-08-09 10:30:00+00:00,165.98,167.39,1.0
2026-08-09 10:35:00+00:00,165.96,167.32,1.0
2026-08-09 10:40:00+00:00,165.99,167.35,1.0
2026-08-09 10:45:00+00:00,165.97,167.35,1.0
2026-08-09 10:50:00+00:00,166.03,167.4,1.0
2026-08-09 10:55:00+00:00,166.04,167.38,1.0
2026-08-09 11:00:00+00:00,166.0,167.39,1.0
2026-08-09 11:05:00+00:00,166.04,167.44,1.0
2026-08-09 11:10:00+00:00,166.25,167.48,1.0
2026-08-09 11:15:00+00:00,166.28,167.46,1.0
2026-08-09 11:20:00+00:00,166.21,167.47,1.0
2026-08-09 11:25:00+00:00,166.34,167.47,1.0
2026-08-09 11:30:00+00:00,166.28,167.45,1.0
2026-08-09 11:35:00+00:00,166.27,167.41,1.0
2026-08-09 11:40:00+00:00,166.26,167.34,1.0
2026-08-09 11:45:00+00:00,166.26,167.35,1.0
2026-08-09 11:50:00+00:00,166.3,167.41,1.0
2026-08-09 11:55:00+00:00,166.38,167.4,1.0
2026-08-09 12:00:00+00:00,166.37,167.33,1.0
2026-08-09 12:05:00+00:00,166.39,167.36,1.0
2026-08-09 12:10:00+00:00,166.44,167.31,1.0
2026-08-09 12:15:00+00:00,166.47,167.4,1.0
2026-08-09 12:20:00+00:00,166.46,167.37,1.0
2026-08-09 12:25:00+00:00,166.51,167.45,1.0
2026-08-09 12:30:00+00:00,166.45,167.34,1.0
2026-08-09 12:35:00+00:00,166.46,167.35,1.0
2026-08-09 12:40:00+00:00,166.49,167.36,1.0
2026-08-09 12:45:00+00:00,166.53,167.4,1.0
2026-08-09 12:50:00+00:00,166.62,167.52,1.0
2026-08-09 12:55:00+00:00,166.57,167.53,1.0
2026-08-09 13:00:00+00:00,166.62,167.47,1.0
2026-08-09 13:05:00+00:00,166.68,167.54,1.0
2026-08-09 13:10:00+00:00,166.66,167.48,1.0
2026-08-09 13:15:00+00:00,166.77,167.54,1.0
2026-08-09 13:20:00+00:00,166.73,167.53,1.0
2026-08-09 13:25:00+00:00,166.67,167.52,1.0
2026-08-09 13:30:00+00:00,166.65,167.38,1.0
2026-08-09 13:35:00+00:00,166.49,167.35,1.0
2026-08-09 13:40:00+00:00,166.49,167.3,1.0
2026-08-09 13:45:00+00:00,166.51,167.33,1.0
2026-08-09 13:50:00+00:00,166.49,167.31,1.0
2026-08-09 13:55:00+00:00,166.48,167.34,1.0
2026-08-09 14:00:00+00:00,166.47,167.3,1.0
2026-08-09 14:05:00+00:00,166.52,167.34,1.0
2026-08-09 14:10:00+00:00,166.55,167.41,1.0
2026-08-09 14:15:00+00:00,166.57,167.42,1.0
2026-08-09 14:20:00+00:00,166.59,167.35,1.0
2026-08-09 14:25:00+00:00,166.56,167.34,1.0
2026-08-09 14:30:00+00:00,166.55,167.41,1.0
2026-08-09 14:35:00+00:00,166.57,167.37,1.0
2026-08-09 14:40:00+00:00,166.6,167.5,1.0
2026-08-09 14:45:00+00:00,166.58,167.46,1.0
2026-08-09 14:50:00+00:00,166.62,167.52,1.0
2026-08-09 14:55:00+00:00,166.62,167.52,1.0
2026-08-09 15:00:00+00:00,166.72,167.76,1.0
2026-08-09 15:05:00+00:00,166.74,167.78,1.0
2026-08-09 15:10:00+00:00,166.76,167.73,1.0
2026-08-09 15:15:00+00:00,166.79,167.74,1.0
2026-08-09 15:20:00+00:00,166.74,167.71,1.0
2026-08-09 15:25:00+00:00,166.74,167.65,1.0
2026-08-09 15:30:00+00:00,166.8,167.7,1.0
2026-08-09 15:35:00+00:00,166.66,167.67,1.0
2026-08-09 15:40:00+00:00,166.7,167.65,1.0
2026-08-09 15:45:00+00:00,166.69,167.68,1.0
2026-08-09 15:50:00+00:00,166.76,167.66,1.0
2026-08-09 15:55:00+00:00,166.76,167.73,1.0
2026-08-09 16:00:00+00:00,166.76,167.75,1.0
2026-08-09 16:05:00+00:00,166.72,167.76,1.0
2026-08-09 16:10:00+00:00,166.77,167.81,1.0
2026-08-09 16:15:00+00:00,166.74,167.81,1.0
2026-08-09 16:20:00+00:00,166.71,167.8,1.0
2026-08-09 16:25:00+00:00,166.72,167.8,1.0
2026-08-09 16:30:00+00:00,166.77,167.83,1.0
2026-08-09 16:35:00+00:00,166.75,167.81,1.0
2026-08-09 16:40:00+00:00,166.76,167.81,1.0
2026-08-09 16:45:00+00:00,166.78,167.89,1.0
2026-08-09 16:50:00+00:00,166.86,167.96,1.0
2026-08-09 16:55:00+00:00,166.93,168.0,1.0
2026-08-09 17:00:00+00:00,166.95,167.98,1.0
2026-08-09 17:05:00+00:00,166.83,167.91,1.0
2026-08-09 17:10:00+00:00,166.9,167.96,1.0
2026-08-09 17:15:00+00:00,166.96,168.0,1.0
2026-08-09 17:20:00+00:00,166.97,168.06,1.0
2026-08-09 17:25:00+00:00,166.94,168.01,1.0
2026-08-09 17:30:00+00:00,166.94,168.04,1.0
2026-08-09 17:35:00+00:00,166.97,168.07,1.0
2026-08-09 17:40:00+00:00,166.97,168.07,1.0
2026-08-09 17:45:00+00:00,167.15,168.24,1.0
2026-08-09 17:50:00+00:00,167.12,168.22,1.0
2026-08-09 17:55:00+00:00,167.1,168.22,1.0
2026-08-09 18:00:00+00:00,167.2,168.29,1.0
2026-08-09 18:05:00+00:00,167.18,168.26,1.0
2026-08-09 18:10:00+00:00,167.25,168.31,1.0
2026-08-09 18:15:00+00:00,167.29,168.24,1.0
2026-08-09 18:20:00+00:00,167.3,168.25,1.0
2026-08-09 18:25:00+00:00,167.29,168.22,1.0
2026-08-09 18:30:00+00:00,167.28,168.28,1.0
2026-08-09 18:35:00+00:00,167.32,168.26,1.0
2026-08-09 18:40:00+00:00,167.27,168.26,1.0
2026-08-09 18:45:00+00:00,167.31,168.29,1.0
2026-08-09 18:50:00+00:00,167.39,168.3,1.0
2026-08-09 18:55:00+00:00,167.2,168.1,1.0
2026-08-09 19:00:00+00:00,167.25,168.1,1.0
2026-08-09 19:05:00+00:00,167.29,168.13,1.0
2026-08-09 19:10:00+00:00,167.3,168.32,1.0
2026-08-09 19:15:00+00:00,167.35,168.32,1.0
2026-08-09 19:20:00+00:00,167.31,168.17,1.0
2026-08-09 19:25:00+00:00,167.36,168.27,1.0
2026-08-09 19:30:00+00:00,167.33,168.17,1.0
2026-08-09 19:35:00+00:00,167.36,168.24,1.0
2026-08-09 19:40:00+00:00,167.4,168.31,1.0
2026-08-09 19:45:00+00:00,167.36,168.34,1.0
2026-08-09 19:50:00+00:00,167.38,168.4,1.0
2026-08-09 19:55:00+00:00,167.42,168.41,1.0
2026-08-09 20:00:00+00:00,167.4,168.35,1.0
2026-08-09 20:05:00+00:00,167.41,168.33,1.0
2026-08-09 20:10:00+00:00,167.38,168.24,1.0
2026-08-09 20:15:00+00:00,167.35,168.18,1.0
2026-08-09 20:20:00+00:00,167.33,168.16,1.0
2026-08-09 20:25:00+00:00,167.35,168.17,1.0
2026-08-09 20:30:00+00:00,167.43,168.2,1.0
2026-08-09 20:35:00+00:00,167.43,168.18,1.0
2026-08-09 20:40:00+00:00,167.43,168.19,1.0
2026-08-09 20:45:00+00:00,167.46,168.15,1.0
2026-08-09 20:50:00+00:00,167.42,168.18,1.0
2026-08-09 20:55:00+00:00,167.38,168.1,1.0
2026-08-09 21:00:00+00:00,167.3,168.09,1.0
2026-08-09 21:05:00+00:00,167.22,167.95,1.0
2026-08-09 21:10:00+00:00,167.19,167.94,1.0
2026-08-09 21:15:00+00:00,167.14,167.89,1.0
2026-08-09 21:20:00+00:00,167.11,168.06,1.0
2026-08-09 21:25:00+00:00,167.22,168.07,1.0
2026-08-09 21:30:00+00:00,167.14,167.92,1.0
2026-08-09 21:35:00+00:00,167.16,167.89,1.0
2026-08-09 21:40:00+00:00,167.11,167.78,1.0
2026-08-09 21:45:00+00:00,167.13,167.78,1.0
2026-08-09 21:50:00+00:00,167.12,167.77,1.0
2026-08-09 21:55:00+00:00,167.3,167.78,1.0
2026-08-09 22:00:00+00:00,166.95,167.6,1.0
2026-08-09 22:05:00+00:00,166.86,167.48,1.0
2026-08-09 22:10:00+00:00,167.16,167.84,1.0
2026-08-09 22:15:00+00:00,167.02,167.67,1.0
2026-08-09 22:20:00+00:00,167.12,167.68,1.0
2026-08-09 22:25:00+00:00,166.82,167.31,1.0
2026-08-09 22:30:00+00:00,166.71,167.24,1.0
2026-08-09 22:35:00+00:00,166.62,167.4,1.0
2026-08-09 22:40:00+00:00,166.49,167.02,1.0
2026-08-09 22:45:00+00:00,166.38,167.03,1.0
2026-08-09 22:50:00+00:00,166.7,167.33,1.0
2026-08-09 22:55:00+00:00,166.82,167.33,1.0
2026-08-09 23:00:00+00:00,167.14,167.8,1.0
2026-08-09 23:05:00+00:00,166.87,167.34,1.0
2026-08-09 23:10:00+00:00,166.78,167.23,1.0
2026-08-09 23:15:00+00:00,166.69,166.98,1.0
2026-08-09 23:20:00+00:00,166.78,167.38,1.0
2026-08-09 23:25:00+00:00,166.7,167.23,1.0
2026-08-09 23:30:00+00:00,166.62,166.88,1.0
2026-08-09 23:35:00+00:00,166.9,167.27,1.0
2026-08-09 23:40:00+00:00,166.8,167.2,1.0
2026-08-09 23:45:00+00:00,166.96,167.05,1.0
2026-08-09 23:50:00+00:00,167.01,167.79,1.0
2026-08-09 23:55:00+00:00,166.82,167.49,1.0
2026-08-10 00:00:00+00:00,165.59,164.98,1.0
2026-08-10 00:05:00+00:00,167.36,168.14,1.0
2026-08-10 00:10:00+00:00,167.75,168.65,1.0
2026-08-10 00:15:00+00:00,166.01,166.93,1.0
2026-08-10 00:20:00+00:00,165.73,165.48,1.0
2026-08-10 00:25:00+00:00,166.5,165.81,1.0
2026-08-10 00:30:00+00:00,166.4,165.99,1.0
2026-08-10 00:35:00+00:00,165.72,165.1,1.0
2026-08-10 00:40:00+00:00,165.18,164.83,1.0
2026-08-10 00:45:00+00:00,166.06,165.84,1.0
2026-08-10 00:50:00+00:00,165.76,165.5,1.0
2026-08-10 00:55:00+00:00,165.41,164.65,1.0
2026-08-10 01:00:00+00:00,165.4,164.61,1.0
2026-08-10 01:05:00+00:00,165.21,164.33,1.0
2026-08-10 01:10:00+00:00,165.81,164.77,1.0
2026-08-10 01:15:00+00:00,165.89,164.89,1.0
2026-08-10 01:20:00+00:00,166.07,165.19,1.0
2026-08-10 01:25:00+00:00,165.69,164.66,1.0
2026-08-10 01:30:00+00:00,164.68,163.49,1.0
2026-08-10 01:35:00+00:00,165.31,164.34,1.0
2026-08-10 01:40:00+00:00,164.9,163.84,1.0
2026-08-10 01:45:00+00:00,165.27,164.1,1.0
2026-08-10 01:50:00+00:00,165.64,164.54,1.0
2026-08-10 01:55:00+00:00,165.04,163.9,1.0
2026-08-10 02:00:00+00:00,164.99,163.75,1.0
2026-08-10 02:05:00+00:00,165.06,163.91,1.0
2026-08-10 02:10:00+00:00,165.36,164.02,1.0
2026-08-10 02:15:00+00:00,164.82,163.22,1.0
2026-08-10 02:20:00+00:00,164.67,163.07,1.0
2026-08-10 02:25:00+00:00,164.8,163.21,1.0
2026-08-10 02:30:00+00:00,164.38,162.41,1.0
2026-08-10 02:35:00+00:00,165.03,163.24,1.0
2026-08-10 02:40:00+00:00,165.03,163.26,1.0
2026-08-10 02:45:00+00:00,165.39,163.58,1.0
2026-08-10 02:50:00+00:00,165.42,163.71,1.0
2026-08-10 02:55:00+00:00,165.11,163.22,1.0
2026-08-10 03:00:00+00:00,165.0,163.36,1.0
2026-08-10 03:05:00+00:00,164.98,163.31,1.0
2026-08-10 03:10:00+00:00,165.0,163.47,1.0
2026-08-10 03:15:00+00:00,165.19,163.69,1.0
2026-08-10 03:20:00+00:00,165.05,163.46,1.0
2026-08-10 03:25:00+00:00,164.86,163.14,1.0
2026-08-10 03:30:00+00:00,164.91,163.35,1.0
2026-08-10 03:35:00+00:00,165.28,163.88,1.0
2026-08-10 03:40:00+00:00,165.25,163.91,1.0
2026-08-10 03:45:00+00:00,165.01,163.6,1.0
2026-08-10 03:50:00+00:00,164.93,163.71,1.0
2026-08-10 03:55:00+00:00,164.92,163.61,1.0
2026-08-10 04:00:00+00:00,165.13,163.87,1.0
2026-08-10 04:05:00+00:00,165.17,163.81,1.0
2026-08-10 04:10:00+00:00,165.07,163.6,1.0
2026-08-10 04:15:00+00:00,165.03,163.5,1.0
2026-08-10 04:20:00+00:00,164.87,163.21,1.0
2026-08-10 04:25:00+00:00,165.11,163.55,1.0
2026-08-10 04:30:00+00:00,164.55,162.88,1.0
2026-08-10 04:35:00+00:00,164.44,162.66,1.0
2026-08-10 04:40:00+00:00,164.22,162.57,1.0
2026-08-10 04:45:00+00:00,164.21,162.61,1.0
2026-08-10 04:50:00+00:00,163.82,162.16,1.0
2026-08-10 04:55:00+00:00,163.68,162.0,1.0
2026-08-10 05:00:00+00:00,164.49,162.93,1.0
2026-08-10 05:05:00+00:00,164.99,163.72,1.0
2026-08-10 05:10:00+00:00,165.02,163.71,1.0
2026-08-10 05:15:00+00:00,164.95,163.67,1.0
2026-08-10 05:20:00+00:00,165.14,163.86,1.0
2026-08-10 05:25:00+00:00,164.98,163.66,1.0
2026-08-10 05:30:00+00:00,164.82,163.44,1.0
2026-08-10 05:35:00+00:00,164.71,163.26,1.0
2026-08-10 05:40:00+00:00,164.56,163.05,1.0
2026-08-10 05:45:00+00:00,164.61,163.06,1.0
2026-08-10 05:50:00+00:00,164.83,163.19,1.0
2026-08-10 05:55:00+00:00,164.8,163.22,1.0
2026-08-10 06:00:00+00:00,164.67,162.96,1.0
2026-08-10 06:05:00+00:00,164.74,162.85,1.0
2026-08-10 06:10:00+00:00,164.88,162.88,1.0
2026-08-10 06:15:00+00:00,165.02,163.02,1.0
2026-08-10 06:20:00+00:00,164.71,162.63,1.0
2026-08-10 06:25:00+00:00,164.67,162.48,1.0
2026-08-10 06:30:00+00:00,164.67,162.67,1.0
2026-08-10 06:35:00+00:00,164.62,162.66,1.0
2026-08-10 06:40:00+00:00,164.79,163.09,1.0
2026-08-10 06:45:00+00:00,164.8,163.0,1.0
2026-08-10 06:50:00+00:00,164.76,162.98,1.0
2026-08-10 06:55:00+00:00,164.79,163.05,1.0
2026-08-10 07:00:00+00:00,164.92,163.08,1.0
2026-08-10 07:05:00+00:00,164.89,162.99,1.0
2026-08-10 07:10:00+00:00,164.84,163.0,1.0
2026-08-10 07:15:00+00:00,165.04,163.25,1.0
2026-08-10 07:20:00+00:00,165.21,163.63,1.0
2026-08-10 07:25:00+00:00,165.03,163.54,1.0
2026-08-10 07:30:00+00:00,164.93,163.49,1.0
2026-08-10 07:35:00+00:00,165.06,163.59,1.0
2026-08-10 07:40:00+00:00,165.05,163.6,1.0
2026-08-10 07:45:00+00:00,165.05,163.5,1.0
2026-08-10 07:50:00+00:00,165.12,163.52,1.0
2026-08-10 07:55:00+00:00,165.09,163.52,1.0
2026-08-10 08:00:00+00:00,165.61,164.19,1.0
2026-08-10 08:05:00+00:00,165.26,163.94,1.0
2026-08-10 08:10:00+00:00,165.16,163.83,1.0
2026-08-10 08:15:00+00:00,165.14,163.72,1.0
2026-08-10 08:20:00+00:00,164.88,163.43,1.0
2026-08-10 08:25:00+00:00,164.96,163.41,1.0
2026-08-10 08:30:00+00:00,164.93,163.52,1.0
2026-08-10 08:35:00+00:00,164.89,163.56,1.0
2026-08-10 08:40:00+00:00,164.77,163.5,1.0
2026-08-10 08:45:00+00:00,164.83,163.38,1.0
2026-08-10 08:50:00+00:00,164.76,163.55,1.0
2026-08-10 08:55:00+00:00,164.78,163.56,1.0
2026-08-10 09:00:00+00:00,164.38,163.38,1.0
2026-08-10 09:05:00+00:00,164.17,163.09,1.0
2026-08-10 09:10:00+00:00,164.21,162.93,1.0
2026-08-10 09:15:00+00:00,163.95,162.76,1.0
2026-08-10 09:20:00+00:00,164.21,162.96,1.0
2026-08-10 09:25:00+00:00,164.23,162.93,1.0
2026-08-10 09:30:00+00:00,164.12,162.89,1.0
2026-08-10 09:35:00+00:00,163.94,162.5,1.0
2026-08-10 09:40:00+00:00,163.99,162.61,1.0
2026-08-10 09:45:00+00:00,163.93,162.58,1.0
2026-08-10 09:50:00+00:00,164.08,162.64,1.0
2026-08-10 09:55:00+00:00,164.17,162.69,1.0
2026-08-10 10:00:00+00:00,164.3,162.74,1.0
2026-08-10 10:05:00+00:00,164.13,162.74,1.0
2026-08-10 10:10:00+00:00,163.83,162.55,1.0
2026-08-10 10:15:00+00:00,164.07,162.61,1.0
2026-08-10 10:20:00+00:00,164.2,162.84,1.0
2026-08-10 10:25:00+00:00,164.11,162.78,1.0
2026-08-10 10:30:00+00:00,164.17,162.82,1.0
2026-08-10 10:35:00+00:00,164.08,162.77,1.0
2026-08-10 10:40:00+00:00,164.05,162.79,1.0
2026-08-10 10:45:00+00:00,164.04,162.78,1.0
2026-08-10 10:50:00+00:00,164.18,162.8,1.0
2026-08-10 10:55:00+00:00,164.0,162.62,1.0
2026-08-10 11:00:00+00:00,163.77,162.12,1.0
2026-08-10 11:05:00+00:00,163.44,161.66,1.0
2026-08-10 11:10:00+00:00,163.53,161.55,1.0
2026-08-10 11:15:00+00:00,163.18,161.16,1.0
2026-08-10 11:20:00+00:00,163.36,161.38,1.0
2026-08-10 11:25:00+00:00,163.58,161.83,1.0
2026-08-10 11:30:00+00:00,163.79,161.94,1.0
2026-08-10 11:35:00+00:00,163.74,161.91,1.0
2026-08-10 11:40:00+00:00,163.28,161.28,1.0
2026-08-10 11:45:00+00:00,163.09,161.07,1.0
2026-08-10 11:50:00+00:00,163.38,161.63,1.0
2026-08-10 11:55:00+00:00,163.65,161.93,1.0
2026-08-10 12:00:00+00:00,163.61,161.77,1.0
2026-08-10 12:05:00+00:00,163.51,161.72,1.0
2026-08-10 12:10:00+00:00,163.06,161.13,1.0
2026-08-10 12:15:00+00:00,162.96,160.96,1.0
2026-08-10 12:20:00+00:00,162.89,160.95,1.0
2026-08-10 12:25:00+00:00,162.76,160.82,1.0
2026-08-10 12:30:00+00:00,162.5,160.58,1.0
2026-08-10 12:35:00+00:00,162.72,160.76,1.0
2026-08-10 12:40:00+00:00,162.77,160.81,1.0
2026-08-10 12:45:00+00:00,162.64,160.65,1.0
2026-08-10 12:50:00+00:00,162.46,160.34,1.0
2026-08-10 12:55:00+00:00,162.56,160.43,1.0
2026-08-10 13:00:00+00:00,162.82,160.7,1.0
2026-08-10 13:05:00+00:00,162.84,160.73,1.0
2026-08-10 13:10:00+00:00,162.99,160.76,1.0
2026-08-10 13:15:00+00:00,163.3,160.97,1.0
2026-08-10 13:20:00+00:00,163.28,161.05,1.0
2026-08-10 13:25:00+00:00,163.26,160.87,1.0
2026-08-10 13:30:00+00:00,163.0,160.54,1.0
2026-08-10 13:35:00+00:00,163.31,160.94,1.0
2026-08-10 13:40:00+00:00,163.2,161.28,1.0
2026-08-10 13:45:00+00:00,163.86,161.69,1.0
2026-08-10 13:50:00+00:00,163.47,160.77,1.0
2026-08-10 13:55:00+00:00,163.79,161.28,1.0
2026-08-10 14:00:00+00:00,164.07,161.69,1.0
2026-08-10 14:05:00+00:00,164.73,162.64,1.0
2026-08-10 14:10:00+00:00,164.92,162.86,1.0
2026-08-10 14:15:00+00:00,164.2,161.9,1.0
2026-08-10 14:20:00+00:00,163.87,161.34,1.0
2026-08-10 14:25:00+00:00,163.95,161.33,1.0
2026-08-10 14:30:00+00:00,164.14,161.57,1.0
2026-08-10 14:35:00+00:00,164.0,161.35,1.0
2026-08-10 14:40:00+00:00,164.19,161.62,1.0
2026-08-10 14:45:00+00:00,164.13,161.6,1.0
2026-08-10 14:50:00+00:00,163.41,160.84,1.0
2026-08-10 14:55:00+00:00,163.34,160.76,1.0
2026-08-10 15:00:00+00:00,163.58,161.14,1.0
2026-08-10 15:05:00+00:00,163.42,160.83,1.0
2026-08-10 15:10:00+00:00,163.56,160.95,1.0
2026-08-10 15:15:00+00:00,163.88,161.31,1.0
2026-08-10 15:20:00+00:00,163.84,161.21,1.0
2026-08-10 15:25:00+00:00,163.68,161.17,1.0
2026-08-10 15:30:00+00:00,163.23,160.58,1.0
2026-08-10 15:35:00+00:00,163.19,161.06,1.0
2026-08-10 15:40:00+00:00,163.76,161.81,1.0
2026-08-10 15:45:00+00:00,163.82,162.2,1.0
2026-08-10 15:50:00+00:00,164.58,162.57,1.0
2026-08-10 15:55:00+00:00,164.33,162.32,1.0
2026-08-10 16:00:00+00:00,164.35,162.39,1.0
2026-08-10 16:05:00+00:00,164.22,162.17,1.0
2026-08-10 16:10:00+00:00,164.24,162.1,1.0
2026-08-10 16:15:00+00:00,164.34,162.3,1.0
2026-08-10 16:20:00+00:00,164.52,162.56,1.0
2026-08-10 16:25:00+00:00,164.38,162.27,1.0
2026-08-10 16:30:00+00:00,164.01,162.07,1.0
2026-08-10 16:35:00+00:00,164.01,162.16,1.0
2026-08-10 16:40:00+00:00,163.69,161.75,1.0
2026-08-10 16:45:00+00:00,163.97,162.16,1.0
2026-08-10 16:50:00+00:00,163.85,161.9,1.0
2026-08-10 16:55:00+00:00,163.96,162.02,1.0
2026-08-10 17:00:00+00:00,163.94,162.26,1.0
2026-08-10 17:05:00+00:00,164.22,162.54,1.0
2026-08-10 17:10:00+00:00,164.23,162.47,1.0
2026-08-10 17:15:00+00:00,164.25,162.33,1.0
2026-08-10 17:20:00+00:00,163.93,162.14,1.0
2026-08-10 17:25:00+00:00,163.94,162.27,1.0
2026-08-10 17:30:00+00:00,164.05,162.37,1.0
2026-08-10 17:35:00+00:00,163.75,162.11,1.0
2026-08-10 17:40:00+00:00,163.73,162.1,1.0
2026-08-10 17:45:00+00:00,163.66,161.93,1.0
2026-08-10 17:50:00+00:00,163.68,161.96,1.0
2026-08-10 17:55:00+00:00,163.69,162.03,1.0
2026-08-10 18:00:00+00:00,163.73,162.07,1.0
2026-08-10 18:05:00+00:00,163.84,162.16,1.0
2026-08-10 18:10:00+00:00,163.75,161.97,1.0
2026-08-10 18:15:00+00:00,163.65,161.77,1.0
2026-08-10 18:20:00+00:00,163.66,161.63,1.0
2026-08-10 18:25:00+00:00,163.61,161.56,1.0
2026-08-10 18:30:00+00:00,163.86,161.64,1.0
2026-08-10 18:35:00+00:00,163.77,161.6,1.0
2026-08-10 18:40:00+00:00,163.88,161.62,1.0
2026-08-10 18:45:00+00:00,163.84,161.62,1.0
2026-08-10 18:50:00+00:00,163.97,161.63,1.0
2026-08-10 18:55:00+00:00,164.0,161.63,1.0
2026-08-10 19:00:00+00:00,164.01,161.63,1.0
2026-08-10 19:05:00+00:00,164.02,161.64,1.0
2026-08-10 19:10:00+00:00,164.1,161.63,1.0
2026-08-10 19:15:00+00:00,164.03,161.67,1.0
2026-08-10 19:20:00+00:00,164.04,161.65,1.0
2026-08-10 19:25:00+00:00,164.09,161.76,1.0
2026-08-10 19:30:00+00:00,164.04,161.71,1.0
2026-08-10 19:35:00+00:00,164.05,161.74,1.0
2026-08-10 19:40:00+00:00,163.8,161.49,1.0
2026-08-10 19:45:00+00:00,163.98,161.54,1.0
2026-08-10 19:50:00+00:00,163.68,161.3,1.0
2026-08-10 19:55:00+00:00,163.25,160.55,1.0
2026-08-10 20:00:00+00:00,163.39,160.44,1.0
2026-08-10 20:05:00+00:00,163.37,160.67,1.0
2026-08-10 20:10:00+00:00,163.32,160.66,1.0
2026-08-10 20:15:00+00:00,163.34,160.75,1.0
2026-08-10 20:20:00+00:00,163.39,160.79,1.0
2026-08-10 20:25:00+00:00,163.42,160.76,1.0
2026-08-10 20:30:00+00:00,163.42,160.83,1.0
2026-08-10 20:35:00+00:00,163.46,160.85,1.0
2026-08-10 20:40:00+00:00,163.54,160.95,1.0
2026-08-10 20:45:00+00:00,163.71,160.97,1.0
2026-08-10 20:50:00+00:00,163.7,160.94,1.0
2026-08-10 20:55:00+00:00,163.69,161.0,1.0
2026-08-10 21:00:00+00:00,163.64,161.0,1.0
2026-08-10 21:05:00+00:00,163.65,160.96,1.0
2026-08-10 21:10:00+00:00,163.83,161.08,1.0
2026-08-10 21:15:00+00:00,163.7,161.03,1.0
2026-08-10 21:20:00+00:00,163.67,160.87,1.0
2026-08-10 21:25:00+00:00,163.78,161.01,1.0
2026-08-10 21:30:00+00:00,163.79,161.07,1.0
2026-08-10 21:35:00+00:00,163.81,161.12,1.0
2026-08-10 21:40:00+00:00,163.93,161.14,1.0
2026-08-10 21:45:00+00:00,163.8,161.13,1.0
2026-08-10 21:50:00+00:00,163.79,161.13,1.0
2026-08-10 21:55:00+00:00,163.98,161.11,1.0
2026-08-10 22:00:00+00:00,163.98,161.22,1.0
2026-08-10 22:05:00+00:00,163.85,161.19,1.0
2026-08-10 22:10:00+00:00,163.92,161.23,1.0
2026-08-10 22:15:00+00:00,163.87,161.24,1.0
2026-08-10 22:20:00+00:00,163.61,160.92,1.0
2026-08-10 22:25:00+00:00,163.66,161.1,1.0
2026-08-10 22:30:00+00:00,163.62,160.97,1.0
2026-08-10 22:35:00+00:00,163.54,160.86,1.0
2026-08-10 22:40:00+00:00,163.54,160.76,1.0
2026-08-10 22:45:00+00:00,163.65,160.94,1.0
2026-08-10 22:50:00+00:00,163.69,161.14,1.0
2026-08-10 22:55:00+00:00,163.72,161.08,1.0
2026-08-10 23:00:00+00:00,163.18,160.11,1.0
2026-08-10 23:05:00+00:00,163.12,159.77,1.0
2026-08-10 23:10:00+00:00,163.2,160.01,1.0
2026-08-10 23:15:00+00:00,163.15,159.96,1.0
2026-08-10 23:20:00+00:00,163.04,159.71,1.0
2026-08-10 23:25:00+00:00,163.03,159.73,1.0
2026-08-10 23:30:00+00:00,163.21,160.0,1.0
2026-08-10 23:35:00+00:00,163.3,160.04,1.0
2026-08-10 23:40:00+00:00,163.15,160.02,1.0
2026-08-10 23:45:00+00:00,163.05,160.2,1.0
2026-08-10 23:50:00+00:00,162.99,160.35,1.0
2026-08-10 23:55:00+00:00,163.27,161.63,1.0
2026-08-11 00:00:00+00:00,163.16,163.01,1.0
2026-08-11 00:05:00+00:00,162.66,161.58,1.0
2026-08-11 00:10:00+00:00,163.25,162.44,1.0
2026-08-11 00:15:00+00:00,162.67,161.25,1.0
2026-08-11 00:20:00+00:00,162.65,161.35,1.0
2026-08-11 00:25:00+00:00,163.48,162.89,1.0
2026-08-11 00:30:00+00:00,163.39,162.44,1.0
2026-08-11 00:35:00+00:00,163.24,162.21,1.0
2026-08-11 00:40:00+00:00,163.78,162.88,1.0
2026-08-11 00:45:00+00:00,163.79,162.89,1.0
2026-08-11 00:50:00+00:00,164.18,163.7,1.0
2026-08-11 00:55:00+00:00,163.94,163.42,1.0
2026-08-11 01:00:00+00:00,163.56,162.98,1.0
2026-08-11 01:05:00+00:00,163.66,163.61,1.0
2026-08-11 01:10:00+00:00,165.08,165.96,1.0
2026-08-11 01:15:00+00:00,165.23,166.99,1.0
2026-08-11 01:20:00+00:00,166.3,169.23,1.0
2026-08-11 01:25:00+00:00,165.27,167.47,1.0
2026-08-11 01:30:00+00:00,164.82,166.79,1.0
2026-08-11 01:35:00+00:00,165.11,167.07,1.0
2026-08-11 01:40:00+00:00,165.48,167.47,1.0
2026-08-11 01:45:00+00:00,165.85,168.39,1.0
2026-08-11 01:50:00+00:00,166.2,169.61,1.0
2026-08-11 01:55:00+00:00,165.37,168.46,1.0
2026-08-11 02:00:00+00:00,165.86,169.22,1.0
2026-08-11 02:05:00+00:00,165.16,167.83,1.0
2026-08-11 02:10:00+00:00,165.35,167.92,1.0
2026-08-11 02:15:00+00:00,165.43,167.82,1.0
2026-08-11 02:20:00+00:00,164.78,166.86,1.0
2026-08-11 02:25:00+00:00,164.98,167.31,1.0
2026-08-11 02:30:00+00:00,165.29,167.97,1.0
2026-08-11 02:35:00+00:00,165.13,167.71,1.0
2026-08-11 02:40:00+00:00,165.63,168.73,1.0
2026-08-11 02:45:00+00:00,165.6,168.9,1.0
2026-08-11 02:50:00+00:00,165.67,168.8,1.0
2026-08-11 02:55:00+00:00,165.56,168.69,1.0
2026-08-11 03:00:00+00:00,166.11,169.22,1.0
2026-08-11 03:05:00+00:00,165.88,169.17,1.0
2026-08-11 03:10:00+00:00,165.73,168.92,1.0
2026-08-11 03:15:00+00:00,165.7,168.87,1.0
2026-08-11 03:20:00+00:00,166.33,169.93,1.0
2026-08-11 03:25:00+00:00,166.45,170.71,1.0
2026-08-11 03:30:00+00:00,166.15,170.62,1.0
2026-08-11 03:35:00+00:00,166.27,170.83,1.0
2026-08-11 03:40:00+00:00,166.25,170.37,1.0
2026-08-11 03:45:00+00:00,166.23,170.05,1.0
2026-08-11 03:50:00+00:00,166.51,170.58,1.0
2026-08-11 03:55:00+00:00,166.19,170.32,1.0
2026-08-11 04:00:00+00:00,166.47,171.03,1.0
2026-08-11 04:05:00+00:00,166.38,170.59,1.0
2026-08-11 04:10:00+00:00,166.65,171.11,1.0
2026-08-11 04:15:00+00:00,166.55,170.92,1.0
2026-08-11 04:20:00+00:00,166.48,170.84,1.0
2026-08-11 04:25:00+00:00,166.8,171.18,1.0
2026-08-11 04:30:00+00:00,166.69,170.8,1.0
2026-08-11 04:35:00+00:00,166.92,171.26,1.0
2026-08-11 04:40:00+00:00,166.7,170.79,1.0
2026-08-11 04:45:00+00:00,166.78,171.06,1.0
2026-08-11 04:50:00+00:00,166.53,170.74,1.0
2026-08-11 04:55:00+00:00,166.35,170.67,1.0
2026-08-11 05:00:00+00:00,166.17,170.4,1.0
2026-08-11 05:05:00+00:00,166.32,170.63,1.0
2026-08-11 05:10:00+00:00,166.65,170.85,1.0
2026-08-11 05:15:00+00:00,166.29,170.19,1.0
2026-08-11 05:20:00+00:00,165.89,169.21,1.0
2026-08-11 05:25:00+00:00,165.57,168.72,1.0
2026-08-11 05:30:00+00:00,166.13,169.95,1.0
2026-08-11 05:35:00+00:00,166.07,169.81,1.0
2026-08-11 05:40:00+00:00,165.93,169.42,1.0
2026-08-11 05:45:00+00:00,165.97,169.62,1.0
2026-08-11 05:50:00+00:00,165.75,169.47,1.0
2026-08-11 05:55:00+00:00,165.76,169.52,1.0
2026-08-11 06:00:00+00:00,165.83,169.35,1.0
2026-08-11 06:05:00+00:00,165.78,169.25,1.0
2026-08-11 06:10:00+00:00,165.73,169.27,1.0
2026-08-11 06:15:00+00:00,165.33,168.82,1.0
2026-08-11 06:20:00+00:00,165.33,169.39,1.0
2026-08-11 06:25:00+00:00,165.37,169.21,1.0
2026-08-11 06:30:00+00:00,164.9,168.39,1.0
2026-08-11 06:35:00+00:00,164.99,168.71,1.0
2026-08-11 06:40:00+00:00,164.84,168.33,1.0
2026-08-11 06:45:00+00:00,164.77,168.15,1.0
2026-08-11 06:50:00+00:00,164.57,167.96,1.0
2026-08-11 06:55:00+00:00,164.81,168.31,1.0
2026-08-11 07:00:00+00:00,164.84,168.36,1.0
2026-08-11 07:05:00+00:00,164.81,168.36,1.0
2026-08-11 07:10:00+00:00,164.94,168.33,1.0
2026-08-11 07:15:00+00:00,164.95,168.3,1.0
2026-08-11 07:20:00+00:00,164.92,168.25,1.0
2026-08-11 07:25:00+00:00,165.06,168.51,1.0
2026-08-11 07:30:00+00:00,165.25,168.66,1.0
2026-08-11 07:35:00+00:00,165.15,168.65,1.0
2026-08-11 07:40:00+00:00,165.06,168.58,1.0
2026-08-11 07:45:00+00:00,165.0,168.41,1.0
2026-08-11 07:50:00+00:00,164.97,168.34,1.0
2026-08-11 07:55:00+00:00,165.05,168.4,1.0
2026-08-11 08:00:00+00:00,165.32,168.77,1.0
2026-08-11 08:05:00+00:00,165.01,168.45,1.0
2026-08-11 08:10:00+00:00,164.72,168.23,1.0
2026-08-11 08:15:00+00:00,164.68,168.24,1.0
2026-08-11 08:20:00+00:00,164.69,168.29,1.0
2026-08-11 08:25:00+00:00,164.63,168.16,1.0
2026-08-11 08:30:00+00:00,164.37,167.86,1.0
2026-08-11 08:35:00+00:00,164.4,167.85,1.0
2026-08-11 08:40:00+00:00,164.66,168.26,1.0
2026-08-11 08:45:00+00:00,164.66,168.26,1.0
2026-08-11 08:50:00+00:00,164.69,168.49,1.0
2026-08-11 08:55:00+00:00,164.63,168.44,1.0
2026-08-11 09:00:00+00:00,164.33,168.01,1.0
2026-08-11 09:05:00+00:00,163.95,167.71,1.0
2026-08-11 09:10:00+00:00,164.16,167.84,1.0
2026-08-11 09:15:00+00:00,164.57,168.22,1.0
2026-08-11 09:20:00+00:00,164.73,168.3,1.0
2026-08-11 09:25:00+00:00,164.76,168.54,1.0
2026-08-11 09:30:00+00:00,164.89,168.57,1.0
2026-08-11 09:35:00+00:00,164.91,168.57,1.0
2026-08-11 09:40:00+00:00,164.94,168.47,1.0
2026-08-11 09:45:00+00:00,164.97,168.53,1.0
2026-08-11 09:50:00+00:00,164.83,168.35,1.0
2026-08-11 09:55:00+00:00,164.86,168.42,1.0
2026-08-11 10:00:00+00:00,164.85,168.4,1.0
2026-08-11 10:05:00+00:00,164.78,168.39,1.0
2026-08-11 10:10:00+00:00,164.68,168.36,1.0
2026-08-11 10:15:00+00:00,164.83,168.5,1.0
2026-08-11 10:20:00+00:00,165.3,168.99,1.0
2026-08-11 10:25:00+00:00,165.67,169.44,1.0
2026-08-11 10:30:00+00:00,165.7,169.65,1.0
2026-08-11 10:35:00+00:00,165.64,169.71,1.0
2026-08-11 10:40:00+00:00,165.64,169.6,1.0
2026-08-11 10:45:00+00:00,165.84,169.8,1.0
2026-08-11 10:50:00+00:00,165.7,169.81,1.0
2026-08-11 10:55:00+00:00,165.69,169.53,1.0
2026-08-11 11:00:00+00:00,166.91,170.32,1.0
2026-08-11 11:05:00+00:00,166.64,170.08,1.0
2026-08-11 11:10:00+00:00,166.68,170.06,1.0
2026-08-11 11:15:00+00:00,166.3,169.69,1.0
2026-08-11 11:20:00+00:00,166.37,169.72,1.0
2026-08-11 11:25:00+00:00,166.17,169.64,1.0
2026-08-11 11:30:00+00:00,166.19,169.77,1.0
2026-08-11 11:35:00+00:00,166.27,169.73,1.0
2026-08-11 11:40:00+00:00,166.31,169.78,1.0
2026-08-11 11:45:00+00:00,166.32,169.96,1.0
2026-08-11 11:50:00+00:00,166.33,169.89,1.0
2026-08-11 11:55:00+00:00,166.28,169.87,1.0
2026-08-11 12:00:00+00:00,166.31,169.83,1.0
2026-08-11 12:05:00+00:00,166.95,170.23,1.0
2026-08-11 12:10:00+00:00,166.9,170.54,1.0
2026-08-11 12:15:00+00:00,166.9,170.65,1.0
2026-08-11 12:20:00+00:00,166.44,170.38,1.0
2026-08-11 12:25:00+00:00,166.67,170.66,1.0
2026-08-11 12:30:00+00:00,166.64,170.6,1.0
2026-08-11 12:35:00+00:00,166.72,170.71,1.0
2026-08-11 12:40:00+00:00,166.63,170.57,1.0
2026-08-11 12:45:00+00:00,166.49,170.46,1.0
2026-08-11 12:50:00+00:00,166.42,170.17,1.0
2026-08-11 12:55:00+00:00,166.5,170.36,1.0
2026-08-11 13:00:00+00:00,166.65,170.7,1.0
2026-08-11 13:05:00+00:00,166.82,170.63,1.0
2026-08-11 13:10:00+00:00,166.68,170.37,1.0
2026-08-11 13:15:00+00:00,166.63,170.3,1.0
2026-08-11 13:20:00+00:00,166.86,170.68,1.0
2026-08-11 13:25:00+00:00,167.21,171.05,1.0
2026-08-11 13:30:00+00:00,167.66,171.55,1.0
2026-08-11 13:35:00+00:00,167.56,171.51,1.0
2026-08-11 13:40:00+00:00,167.87,171.81,1.0
2026-08-11 13:45:00+00:00,166.9,170.57,1.0
2026-08-11 13:50:00+00:00,166.66,170.04,1.0
2026-08-11 13:55:00+00:00,167.82,171.22,1.0
2026-08-11 14:00:00+00:00,167.83,171.39,1.0
2026-08-11 14:05:00+00:00,168.04,171.56,1.0
2026-08-11 14:10:00+00:00,167.6,170.84,1.0
2026-08-11 14:15:00+00:00,167.71,170.9,1.0
2026-08-11 14:20:00+00:00,167.92,171.39,1.0
2026-08-11 14:25:00+00:00,168.17,171.98,1.0
2026-08-11 14:30:00+00:00,168.23,172.04,1.0
2026-08-11 14:35:00+00:00,167.79,171.29,1.0
2026-08-11 14:40:00+00:00,167.69,171.44,1.0
2026-08-11 14:45:00+00:00,168.2,171.89,1.0
2026-08-11 14:50:00+00:00,168.66,172.8,1.0
2026-08-11 14:55:00+00:00,168.41,172.61,1.0
2026-08-11 15:00:00+00:00,168.59,172.8,1.0
2026-08-11 15:05:00+00:00,167.68,171.9,1.0
2026-08-11 15:10:00+00:00,167.78,171.8,1.0
2026-08-11 15:15:00+00:00,168.03,171.76,1.0
2026-08-11 15:20:00+00:00,168.12,172.07,1.0
2026-08-11 15:25:00+00:00,168.17,172.1,1.0
2026-08-11 15:30:00+00:00,167.53,171.66,1.0
2026-08-11 15:35:00+00:00,167.53,171.33,1.0
2026-08-11 15:40:00+00:00,167.47,171.46,1.0
2026-08-11 15:45:00+00:00,167.16,171.58,1.0
2026-08-11 15:50:00+00:00,167.1,171.35,1.0
2026-08-11 15:55:00+00:00,167.13,171.18,1.0
2026-08-11 16:00:00+00:00,167.05,170.98,1.0
2026-08-11 16:05:00+00:00,167.3,171.21,1.0
2026-08-11 16:10:00+00:00,167.06,171.19,1.0
2026-08-11 16:15:00+00:00,167.36,171.65,1.0
2026-08-11 16:20:00+00:00,167.56,171.63,1.0
2026-08-11 16:25:00+00:00,167.75,171.77,1.0
2026-08-11 16:30:00+00:00,167.53,171.58,1.0
2026-08-11 16:35:00+00:00,167.91,171.92,1.0
2026-08-11 16:40:00+00:00,167.66,171.63,1.0
2026-08-11 16:45:00+00:00,167.33,171.42,1.0
2026-08-11 16:50:00+00:00,167.27,171.57,1.0
2026-08-11 16:55:00+00:00,167.17,171.57,1.0
2026-08-11 17:00:00+00:00,166.63,171.02,1.0
2026-08-11 17:05:00+00:00,166.67,171.12,1.0
2026-08-11 17:10:00+00:00,166.02,170.14,1.0
2026-08-11 17:15:00+00:00,166.51,171.06,1.0
2026-08-11 17:20:00+00:00,166.57,170.76,1.0
2026-08-11 17:25:00+00:00,166.55,170.79,1.0
2026-08-11 17:30:00+00:00,166.65,170.85,1.0
2026-08-11 17:35:00+00:00,166.71,170.97,1.0
2026-08-11 17:40:00+00:00,166.86,171.2,1.0
2026-08-11 17:45:00+00:00,166.79,171.25,1.0
2026-08-11 17:50:00+00:00,166.83,171.48,1.0
2026-08-11 17:55:00+00:00,166.79,171.33,1.0
2026-08-11 18:00:00+00:00,166.79,171.56,1.0
2026-08-11 18:05:00+00:00,166.5,171.17,1.0
2026-08-11 18:10:00+00:00,166.66,171.04,1.0
2026-08-11 18:15:00+00:00,166.96,171.54,1.0
2026-08-11 18:20:00+00:00,166.75,171.2,1.0
2026-08-11 18:25:00+00:00,166.33,170.79,1.0
2026-08-11 18:30:00+00:00,166.64,171.17,1.0
2026-08-11 18:35:00+00:00,166.53,171.03,1.0
2026-08-11 18:40:00+00:00,166.28,170.71,1.0
2026-08-11 18:45:00+00:00,166.6,171.09,1.0
2026-08-11 18:50:00+00:00,166.78,171.32,1.0
2026-08-11 18:55:00+00:00,166.77,171.31,1.0
2026-08-11 19:00:00+00:00,166.74,171.41,1.0
2026-08-11 19:05:00+00:00,166.59,171.19,1.0
2026-08-11 19:10:00+00:00,166.78,171.7,1.0
2026-08-11 19:15:00+00:00,166.82,171.73,1.0
2026-08-11 19:20:00+00:00,167.0,172.16,1.0
2026-08-11 19:25:00+00:00,167.16,172.32,1.0
2026-08-11 19:30:00+00:00,167.13,172.1,1.0
2026-08-11 19:35:00+00:00,167.12,172.06,1.0
2026-08-11 19:40:00+00:00,167.04,172.0,1.0
2026-08-11 19:45:00+00:00,166.91,171.94,1.0
2026-08-11 19:50:00+00:00,167.11,172.28,1.0
2026-08-11 19:55:00+00:00,167.47,172.26,1.0
2026-08-11 20:00:00+00:00,167.41,172.32,1.0
2026-08-11 20:05:00+00:00,167.58,172.49,1.0
2026-08-11 20:10:00+00:00,167.87,172.61,1.0
2026-08-11 20:15:00+00:00,168.04,172.58,1.0
2026-08-11 20:20:00+00:00,168.13,172.64,1.0
2026-08-11 20:25:00+00:00,167.97,172.81,1.0
2026-08-11 20:30:00+00:00,167.87,172.53,1.0
2026-08-11 20:35:00+00:00,167.93,172.83,1.0
2026-08-11 20:40:00+00:00,167.84,172.68,1.0
2026-08-11 20:45:00+00:00,167.72,172.6,1.0
2026-08-11 20:50:00+00:00,167.75,172.64,1.0
2026-08-11 20:55:00+00:00,167.7,172.59,1.0
2026-08-11 21:00:00+00:00,167.82,172.7,1.0
2026-08-11 21:05:00+00:00,167.77,172.47,1.0
2026-08-11 21:10:00+00:00,167.68,172.01,1.0
2026-08-11 21:15:00+00:00,167.86,172.39,1.0
2026-08-11 21:20:00+00:00,167.7,172.27,1.0
2026-08-11 21:25:00+00:00,167.78,172.31,1.0
2026-08-11 21:30:00+00:00,167.72,172.11,1.0
2026-08-11 21:35:00+00:00,167.66,171.95,1.0
2026-08-11 21:40:00+00:00,167.82,172.1,1.0
2026-08-11 21:45:00+00:00,167.77,171.99,1.0
2026-08-11 21:50:00+00:00,167.83,172.11,1.0
2026-08-11 21:55:00+00:00,167.61,172.1,1.0
2026-08-11 22:00:00+00:00,167.72,172.16,1.0
2026-08-11 22:05:00+00:00,167.61,172.11,1.0
2026-08-11 22:10:00+00:00,167.86,172.33,1.0
2026-08-11 22:15:00+00:00,167.93,172.4,1.0
2026-08-11 22:20:00+00:00,167.91,172.38,1.0
2026-08-11 22:25:00+00:00,167.99,172.53,1.0
2026-08-11 22:30:00+00:00,167.89,172.42,1.0
2026-08-11 22:35:00+00:00,168.1,172.58,1.0
2026-08-11 22:40:00+00:00,167.94,172.58,1.0
2026-08-11 22:45:00+00:00,168.09,172.75,1.0
2026-08-11 22:50:00+00:00,168.18,172.85,1.0
2026-08-11 22:55:00+00:00,168.09,172.76,1.0
2026-08-11 23:00:00+00:00,168.16,171.89,1.0
2026-08-11 23:05:00+00:00,168.15,172.3,1.0
2026-08-11 23:10:00+00:00,168.01,171.94,1.0
2026-08-11 23:15:00+00:00,168.1,171.96,1.0
2026-08-11 23:20:00+00:00,168.15,172.4,1.0
2026-08-11 23:25:00+00:00,168.22,172.38,1.0
2026-08-11 23:30:00+00:00,168.17,172.56,1.0
2026-08-11 23:35:00+00:00,168.32,172.58,1.0
2026-08-11 23:40:00+00:00,168.3,172.87,1.0
2026-08-11 23:45:00+00:00,167.88,171.85,1.0
2026-08-11 23:50:00+00:00,168.11,172.06,1.0
2026-08-11 23:55:00+00:00,168.01,172.34,1.0
2026-08-12 00:00:00+00:00,167.95,171.9,1.0
2026-08-12 00:05:00+00:00,167.64,172.73,1.0
2026-08-12 00:10:00+00:00,168.18,174.35,1.0
2026-08-12 00:15:00+00:00,168.85,176.03,1.0
2026-08-12 00:20:00+00:00,168.96,176.07,1.0
2026-08-12 00:25:00+00:00,168.93,175.98,1.0
2026-08-12 00:30:00+00:00,168.71,175.61,1.0
2026-08-12 00:35:00+00:00,168.58,175.16,1.0
2026-08-12 00:40:00+00:00,168.91,175.57,1.0
2026-08-12 00:45:00+00:00,168.78,175.14,1.0
2026-08-12 00:50:00+00:00,168.58,174.7,1.0
2026-08-12 00:55:00+00:00,168.62,174.95,1.0
2026-08-12 01:00:00+00:00,169.05,175.52,1.0
2026-08-12 01:05:00+00:00,169.37,176.14,1.0
2026-08-12 01:10:00+00:00,169.42,176.09,1.0
2026-08-12 01:15:00+00:00,169.5,176.2,1.0
2026-08-12 01:20:00+00:00,169.13,175.9,1.0
2026-08-12 01:25:00+00:00,169.77,177.42,1.0
2026-08-12 01:30:00+00:00,169.72,177.33,1.0
2026-08-12 01:35:00+00:00,169.92,177.74,1.0
2026-08-12 01:40:00+00:00,170.39,178.74,1.0
2026-08-12 01:45:00+00:00,170.54,179.47,1.0
2026-08-12 01:50:00+00:00,170.46,179.32,1.0
2026-08-12 01:55:00+00:00,170.51,179.49,1.0
2026-08-12 02:00:00+00:00,170.39,179.41,1.0
2026-08-12 02:05:00+00:00,170.2,179.3,1.0
2026-08-12 02:10:00+00:00,170.45,179.61,1.0
2026-08-12 02:15:00+00:00,170.5,179.9,1.0
2026-08-12 02:20:00+00:00,170.46,179.67,1.0
2026-08-12 02:25:00+00:00,170.83,180.32,1.0
2026-08-12 02:30:00+00:00,171.26,181.07,1.0
2026-08-12 02:35:00+00:00,171.34,181.17,1.0
2026-08-12 02:40:00+00:00,171.29,180.96,1.0
2026-08-12 02:45:00+00:00,171.69,181.59,1.0
2026-08-12 02:50:00+00:00,171.61,181.65,1.0
2026-08-12 02:55:00+00:00,171.51,181.06,1.0
2026-08-12 03:00:00+00:00,171.81,181.66,1.0
2026-08-12 03:05:00+00:00,171.71,181.46,1.0
2026-08-12 03:10:00+00:00,172.18,182.71,1.0
2026-08-12 03:15:00+00:00,172.18,182.71,1.0
2026-08-12 03:20:00+00:00,172.04,182.28,1.0
2026-08-12 03:25:00+00:00,172.38,183.07,1.0
2026-08-12 03:30:00+00:00,172.23,182.81,1.0
2026-08-12 03:35:00+00:00,171.9,182.08,1.0
2026-08-12 03:40:00+00:00,171.93,181.93,1.0
2026-08-12 03:45:00+00:00,171.91,182.32,1.0
2026-08-12 03:50:00+00:00,171.65,181.74,1.0
2026-08-12 03:55:00+00:00,171.68,181.54,1.0
2026-08-12 04:00:00+00:00,171.82,181.94,1.0
2026-08-12 04:05:00+00:00,172.04,182.33,1.0
2026-08-12 04:10:00+00:00,171.93,182.29,1.0
2026-08-12 04:15:00+00:00,171.65,181.98,1.0
2026-08-12 04:20:00+00:00,171.7,181.85,1.0
2026-08-12 04:25:00+00:00,171.47,181.56,1.0
2026-08-12 04:30:00+00:00,171.2,181.2,1.0
2026-08-12 04:35:00+00:00,171.04,181.12,1.0
2026-08-12 04:40:00+00:00,170.89,180.64,1.0
2026-08-12 04:45:00+00:00,171.35,181.51,1.0
2026-08-12 04:50:00+00:00,171.04,181.12,1.0
2026-08-12 04:55:00+00:00,171.2,181.08,1.0
2026-08-12 05:00:00+00:00,170.84,180.5,1.0
2026-08-12 05:05:00+00:00,170.84,180.28,1.0
2026-08-12 05:10:00+00:00,170.59,179.81,1.0
2026-08-12 05:15:00+00:00,170.8,180.17,1.0
2026-08-12 05:20:00+00:00,170.47,179.67,1.0
2026-08-12 05:25:00+00:00,170.74,180.18,1.0
2026-08-12 05:30:00+00:00,171.34,181.17,1.0
2026-08-12 05:35:00+00:00,171.21,180.74,1.0
2026-08-12 05:40:00+00:00,171.09,180.45,1.0
2026-08-12 05:45:00+00:00,171.23,180.97,1.0
2026-08-12 05:50:00+00:00,171.24,181.11,1.0
2026-08-12 05:55:00+00:00,171.08,180.73,1.0
2026-08-12 06:00:00+00:00,171.25,181.1,1.0
2026-08-12 06:05:00+00:00,171.05,180.81,1.0
2026-08-12 06:10:00+00:00,171.07,180.75,1.0
2026-08-12 06:15:00+00:00,170.81,180.47,1.0
2026-08-12 06:20:00+00:00,170.68,180.7,1.0
2026-08-12 06:25:00+00:00,170.72,180.85,1.0
2026-08-12 06:30:00+00:00,170.85,180.86,1.0
2026-08-12 06:35:00+00:00,170.82,180.47,1.0
2026-08-12 06:40:00+00:00,170.81,180.57,1.0
2026-08-12 06:45:00+00:00,170.83,180.56,1.0
2026-08-12 06:50:00+00:00,170.8,180.59,1.0
2026-08-12 06:55:00+00:00,170.81,180.58,1.0
2026-08-12 07:00:00+00:00,170.74,179.92,1.0
2026-08-12 07:05:00+00:00,170.72,179.96,1.0
2026-08-12 07:10:00+00:00,170.77,180.07,1.0
2026-08-12 07:15:00+00:00,170.89,180.42,1.0
2026-08-12 07:20:00+00:00,170.85,180.23,1.0
2026-08-12 07:25:00+00:00,170.93,180.56,1.0
2026-08-12 07:30:00+00:00,170.88,180.43,1.0
2026-08-12 07:35:00+00:00,170.92,180.47,1.0
2026-08-12 07:40:00+00:00,171.03,180.67,1.0
2026-08-12 07:45:00+00:00,171.02,180.92,1.0
2026-08-12 07:50:00+00:00,171.07,180.97,1.0
2026-08-12 07:55:00+00:00,171.15,181.06,1.0
2026-08-12 08:00:00+00:00,171.35,181.8,1.0
2026-08-12 08:05:00+00:00,171.38,181.54,1.0
2026-08-12 08:10:00+00:00,171.53,181.61,1.0
2026-08-12 08:15:00+00:00,172.01,181.84,1.0
2026-08-12 08:20:00+00:00,172.22,182.03,1.0
2026-08-12 08:25:00+00:00,172.01,181.92,1.0
2026-08-12 08:30:00+00:00,171.67,181.6,1.0
2026-08-12 08:35:00+00:00,171.82,181.73,1.0
2026-08-12 08:40:00+00:00,171.7,181.71,1.0
2026-08-12 08:45:00+00:00,172.03,181.87,1.0
2026-08-12 08:50:00+00:00,171.96,181.87,1.0
2026-08-12 08:55:00+00:00,172.01,181.92,1.0
2026-08-12 09:00:00+00:00,172.4,182.25,1.0
2026-08-12 09:05:00+00:00,172.57,182.38,1.0
2026-08-12 09:10:00+00:00,172.34,182.2,1.0
2026-08-12 09:15:00+00:00,172.32,181.96,1.0
2026-08-12 09:20:00+00:00,173.09,182.59,1.0
2026-08-12 09:25:00+00:00,172.65,182.25,1.0
2026-08-12 09:30:00+00:00,172.83,182.33,1.0
2026-08-12 09:35:00+00:00,172.72,182.27,1.0
2026-08-12 09:40:00+00:00,172.45,181.98,1.0
2026-08-12 09:45:00+00:00,172.14,181.72,1.0
2026-08-12 09:50:00+00:00,172.13,181.78,1.0
2026-08-12 09:55:00+00:00,172.21,181.93,1.0
2026-08-12 10:00:00+00:00,172.19,181.87,1.0
2026-08-12 10:05:00+00:00,172.29,181.86,1.0
2026-08-12 10:10:00+00:00,172.47,182.05,1.0
2026-08-12 10:15:00+00:00,172.38,182.09,1.0
2026-08-12 10:20:00+00:00,172.44,182.28,1.0
2026-08-12 10:25:00+00:00,172.3,182.11,1.0
2026-08-12 10:30:00+00:00,172.14,181.92,1.0
2026-08-12 10:35:00+00:00,172.16,181.97,1.0
2026-08-12 10:40:00+00:00,172.23,182.14,1.0
2026-08-12 10:45:00+00:00,171.94,181.74,1.0
2026-08-12 10:50:00+00:00,172.09,181.9,1.0
2026-08-12 10:55:00+00:00,172.04,181.91,1.0
2026-08-12 11:00:00+00:00,172.05,182.3,1.0
2026-08-12 11:05:00+00:00,172.16,182.28,1.0
2026-08-12 11:10:00+00:00,171.95,182.0,1.0
2026-08-12 11:15:00+00:00,171.77,181.87,1.0
2026-08-12 11:20:00+00:00,172.04,181.99,1.0
2026-08-12 11:25:00+00:00,172.09,181.93,1.0
2026-08-12 11:30:00+00:00,172.39,181.69,1.0
2026-08-12 11:35:00+00:00,172.44,181.76,1.0
2026-08-12 11:40:00+00:00,172.55,181.8,1.0
2026-08-12 11:45:00+00:00,172.42,181.78,1.0
2026-08-12 11:50:00+00:00,172.68,182.35,1.0
2026-08-12 11:55:00+00:00,172.78,182.85,1.0
2026-08-12 12:00:00+00:00,173.02,182.93,1.0
2026-08-12 12:05:00+00:00,172.83,182.66,1.0
2026-08-12 12:10:00+00:00,172.46,182.26,1.0
2026-08-12 12:15:00+00:00,172.41,182.42,1.0
2026-08-12 12:20:00+00:00,172.68,182.59,1.0
2026-08-12 12:25:00+00:00,173.25,183.19,1.0
2026-08-12 12:30:00+00:00,173.62,184.64,1.0
2026-08-12 12:35:00+00:00,173.91,184.69,1.0
2026-08-12 12:40:00+00:00,173.76,184.46,1.0
2026-08-12 12:45:00+00:00,174.04,184.74,1.0
2026-08-12 12:50:00+00:00,174.39,185.1,1.0
2026-08-12 12:55:00+00:00,174.47,185.44,1.0
2026-08-12 13:00:00+00:00,174.69,185.9,1.0
2026-08-12 13:05:00+00:00,174.72,185.62,1.0
2026-08-12 13:10:00+00:00,174.65,185.72,1.0
2026-08-12 13:15:00+00:00,174.83,186.1,1.0
2026-08-12 13:20:00+00:00,174.79,186.21,1.0
2026-08-12 13:25:00+00:00,175.19,187.27,1.0
2026-08-12 13:30:00+00:00,174.71,186.73,1.0
2026-08-12 13:35:00+00:00,174.39,185.94,1.0
2026-08-12 13:40:00+00:00,174.84,186.25,1.0
2026-08-12 13:45:00+00:00,175.62,187.98,1.0
2026-08-12 13:50:00+00:00,175.05,186.89,1.0
2026-08-12 13:55:00+00:00,174.81,186.62,1.0
2026-08-12 14:00:00+00:00,174.66,186.09,1.0
2026-08-12 14:05:00+00:00,175.16,186.28,1.0
2026-08-12 14:10:00+00:00,174.47,185.13,1.0
2026-08-12 14:15:00+00:00,174.68,185.38,1.0
2026-08-12 14:20:00+00:00,175.31,186.22,1.0
2026-08-12 14:25:00+00:00,175.38,186.37,1.0
2026-08-12 14:30:00+00:00,175.2,186.03,1.0
2026-08-12 14:35:00+00:00,175.52,186.49,1.0
2026-08-12 14:40:00+00:00,175.67,187.1,1.0
2026-08-12 14:45:00+00:00,174.99,186.32,1.0
2026-08-12 14:50:00+00:00,174.46,185.54,1.0
2026-08-12 14:55:00+00:00,174.6,185.28,1.0
2026-08-12 15:00:00+00:00,174.8,185.73,1.0
2026-08-12 15:05:00+00:00,175.25,186.28,1.0
2026-08-12 15:10:00+00:00,175.74,186.68,1.0
2026-08-12 15:15:00+00:00,175.65,186.5,1.0
2026-08-12 15:20:00+00:00,175.38,186.15,1.0
2026-08-12 15:25:00+00:00,175.71,186.55,1.0
2026-08-12 15:30:00+00:00,174.97,186.1,1.0
2026-08-12 15:35:00+00:00,175.11,185.74,1.0
2026-08-12 15:40:00+00:00,174.74,185.07,1.0
2026-08-12 15:45:00+00:00,174.69,184.93,1.0
2026-08-12 15:50:00+00:00,174.85,184.88,1.0
2026-08-12 15:55:00+00:00,174.77,185.18,1.0
2026-08-12 16:00:00+00:00,175.02,185.48,1.0
2026-08-12 16:05:00+00:00,175.16,185.87,1.0
2026-08-12 16:10:00+00:00,174.86,185.59,1.0
2026-08-12 16:15:00+00:00,174.71,185.28,1.0
2026-08-12 16:20:00+00:00,174.79,185.37,1.0
2026-08-12 16:25:00+00:00,174.57,184.82,1.0
2026-08-12 16:30:00+00:00,174.23,184.46,1.0
2026-08-12 16:35:00+00:00,174.41,184.76,1.0
2026-08-12 16:40:00+00:00,174.5,184.71,1.0
2026-08-12 16:45:00+00:00,174.52,184.65,1.0
2026-08-12 16:50:00+00:00,174.81,185.05,1.0
2026-08-12 16:55:00+00:00,174.79,185.03,1.0
2026-08-12 17:00:00+00:00,175.12,185.5,1.0
2026-08-12 17:05:00+00:00,175.07,185.56,1.0
2026-08-12 17:10:00+00:00,174.97,185.6,1.0
2026-08-12 17:15:00+00:00,174.85,185.57,1.0
2026-08-12 17:20:00+00:00,174.96,185.8,1.0
2026-08-12 17:25:00+00:00,175.12,185.99,1.0
2026-08-12 17:30:00+00:00,175.37,185.98,1.0
2026-08-12 17:35:00+00:00,175.51,185.99,1.0
2026-08-12 17:40:00+00:00,175.52,185.86,1.0
2026-08-12 17:45:00+00:00,175.56,185.89,1.0
2026-08-12 17:50:00+00:00,175.5,186.3,1.0
2026-08-12 17:55:00+00:00,175.37,186.35,1.0
2026-08-12 18:00:00+00:00,175.34,186.12,1.0
2026-08-12 18:05:00+00:00,175.25,186.05,1.0
2026-08-12 18:10:00+00:00,175.4,186.15,1.0
2026-08-12 18:15:00+00:00,175.41,186.13,1.0
2026-08-12 18:20:00+00:00,175.41,186.13,1.0
2026-08-12 18:25:00+00:00,175.29,186.09,1.0
2026-08-12 18:30:00+00:00,175.22,186.0,1.0
2026-08-12 18:35:00+00:00,175.56,185.86,1.0
2026-08-12 18:40:00+00:00,175.61,186.39,1.0
2026-08-12 18:45:00+00:00,175.49,186.46,1.0
2026-08-12 18:50:00+00:00,175.33,186.3,1.0
2026-08-12 18:55:00+00:00,175.2,185.34,1.0
2026-08-12 19:00:00+00:00,175.31,185.12,1.0
2026-08-12 19:05:00+00:00,175.71,185.59,1.0
2026-08-12 19:10:00+00:00,175.69,185.66,1.0
2026-08-12 19:15:00+00:00,175.83,185.78,1.0
2026-08-12 19:20:00+00:00,175.59,185.47,1.0
2026-08-12 19:25:00+00:00,175.63,185.59,1.0
2026-08-12 19:30:00+00:00,175.47,185.59,1.0
2026-08-12 19:35:00+00:00,175.46,185.59,1.0
2026-08-12 19:40:00+00:00,175.44,185.47,1.0
2026-08-12 19:45:00+00:00,175.69,185.92,1.0
2026-08-12 19:50:00+00:00,175.49,185.74,1.0
2026-08-12 19:55:00+00:00,175.98,185.88,1.0
2026-08-12 20:00:00+00:00,176.33,185.92,1.0
2026-08-12 20:05:00+00:00,176.03,186.27,1.0
2026-08-12 20:10:00+00:00,176.03,186.37,1.0
2026-08-12 20:15:00+00:00,176.03,186.13,1.0
2026-08-12 20:20:00+00:00,175.95,186.04,1.0
2026-08-12 20:25:00+00:00,176.04,186.07,1.0
2026-08-12 20:30:00+00:00,176.0,185.96,1.0
2026-08-12 20:35:00+00:00,176.08,186.18,1.0
2026-08-12 20:40:00+00:00,175.99,186.27,1.0
2026-08-12 20:45:00+00:00,175.94,186.1,1.0
2026-08-12 20:50:00+00:00,175.99,186.09,1.0
2026-08-12 20:55:00+00:00,175.95,186.01,1.0
2026-08-12 21:00:00+00:00,175.82,185.8,1.0
2026-08-12 21:05:00+00:00,175.9,186.09,1.0
2026-08-12 21:10:00+00:00,176.03,186.25,1.0
2026-08-12 21:15:00+00:00,176.1,186.33,1.0
2026-08-12 21:20:00+00:00,176.01,186.3,1.0
2026-08-12 21:25:00+00:00,176.08,186.37,1.0
2026-08-12 21:30:00+00:00,176.13,186.61,1.0
2026-08-12 21:35:00+00:00,176.17,186.79,1.0
2026-08-12 21:40:00+00:00,176.25,186.65,1.0
2026-08-12 21:45:00+00:00,176.25,186.56,1.0
2026-08-12 21:50:00+00:00,176.2,186.41,1.0
2026-08-12 21:55:00+00:00,176.16,186.79,1.0
2026-08-12 22:00:00+00:00,175.92,186.22,1.0
2026-08-12 22:05:00+00:00,176.03,186.38,1.0
2026-08-12 22:10:00+00:00,175.81,186.2,1.0
2026-08-12 22:15:00+00:00,175.69,185.96,1.0
2026-08-12 22:20:00+00:00,175.88,185.9,1.0
2026-08-12 22:25:00+00:00,175.75,185.49,1.0
2026-08-12 22:30:00+00:00,175.69,185.35,1.0
2026-08-12 22:35:00+00:00,175.66,185.34,1.0
2026-08-12 22:40:00+00:00,175.92,185.77,1.0
2026-08-12 22:45:00+00:00,175.97,185.95,1.0
2026-08-12 22:50:00+00:00,176.05,185.91,1.0
2026-08-12 22:55:00+00:00,175.96,185.86,1.0
2026-08-12 23:00:00+00:00,175.99,186.16,1.0
2026-08-12 23:05:00+00:00,176.21,187.25,1.0
2026-08-12 23:10:00+00:00,176.2,187.05,1.0
2026-08-12 23:15:00+00:00,176.19,186.95,1.0
2026-08-12 23:20:00+00:00,176.24,186.83,1.0
2026-08-12 23:25:00+00:00,176.22,186.96,1.0
2026-08-12 23:30:00+00:00,176.33,187.22,1.0
2026-08-12 23:35:00+00:00,176.73,187.76,1.0
2026-08-12 23:40:00+00:00,176.8,187.76,1.0
2026-08-12 23:45:00+00:00,176.21,186.21,1.0
2026-08-12 23:50:00+00:00,176.34,186.86,1.0
2026-08-12 23:55:00+00:00,176.46,187.77,1.0
2026-08-13 00:00:00+00:00,177.38,189.06,1.0
2026-08-13 00:05:00+00:00,178.61,190.62,1.0
2026-08-13 00:10:00+00:00,178.07,189.8,1.0
2026-08-13 00:15:00+00:00,178.46,190.38,1.0
2026-08-13 00:20:00+00:00,177.65,188.86,1.0
2026-08-13 00:25:00+00:00,177.65,188.82,1.0
2026-08-13 00:30:00+00:00,176.89,187.29,1.0
2026-08-13 00:35:00+00:00,177.17,187.89,1.0
2026-08-13 00:40:00+00:00,176.79,186.51,1.0
2026-08-13 00:45:00+00:00,177.37,187.68,1.0
2026-08-13 00:50:00+00:00,177.04,187.35,1.0
2026-08-13 00:55:00+00:00,177.09,187.72,1.0
2026-08-13 01:00:00+00:00,177.37,188.37,1.0
2026-08-13 01:05:00+00:00,177.55,188.8,1.0
2026-08-13 01:10:00+00:00,177.5,188.74,1.0
2026-08-13 01:15:00+00:00,177.5,189.12,1.0
2026-08-13 01:20:00+00:00,177.31,188.77,1.0
2026-08-13 01:25:00+00:00,176.81,188.0,1.0
2026-08-13 01:30:00+00:00,177.04,188.66,1.0
2026-08-13 01:35:00+00:00,177.23,189.36,1.0
2026-08-13 01:40:00+00:00,177.45,189.39,1.0
2026-08-13 01:45:00+00:00,176.98,188.68,1.0
2026-08-13 01:50:00+00:00,177.47,189.91,1.0
2026-08-13 01:55:00+00:00,177.44,189.84,1.0
2026-08-13 02:00:00+00:00,177.47,189.74,1.0
2026-08-13 02:05:00+00:00,177.36,189.67,1.0
2026-08-13 02:10:00+00:00,177.39,190.0,1.0
2026-08-13 02:15:00+00:00,177.44,190.08,1.0
2026-08-13 02:20:00+00:00,177.19,189.95,1.0
2026-08-13 02:25:00+00:00,176.94,189.68,1.0
2026-08-13 02:30:00+00:00,176.42,189.09,1.0
2026-08-13 02:35:00+00:00,176.54,189.27,1.0
2026-08-13 02:40:00+00:00,176.68,189.61,1.0
2026-08-13 02:45:00+00:00,177.0,189.77,1.0
2026-08-13 02:50:00+00:00,177.05,189.61,1.0
2026-08-13 02:55:00+00:00,177.22,189.81,1.0
2026-08-13 03:00:00+00:00,177.18,189.79,1.0
2026-08-13 03:05:00+00:00,177.02,189.58,1.0
2026-08-13 03:10:00+00:00,177.13,189.75,1.0
2026-08-13 03:15:00+00:00,177.14,189.77,1.0
2026-08-13 03:20:00+00:00,177.01,189.48,1.0
2026-08-13 03:25:00+00:00,177.01,189.19,1.0
2026-08-13 03:30:00+00:00,176.79,188.94,1.0
2026-08-13 03:35:00+00:00,176.98,189.32,1.0
2026-08-13 03:40:00+00:00,177.0,189.55,1.0
2026-08-13 03:45:00+00:00,177.29,190.28,1.0
2026-08-13 03:50:00+00:00,177.4,190.3,1.0
2026-08-13 03:55:00+00:00,177.45,190.35,1.0
2026-08-13 04:00:00+00:00,177.39,190.33,1.0
2026-08-13 04:05:00+00:00,177.91,190.9,1.0
2026-08-13 04:10:00+00:00,177.39,190.17,1.0
2026-08-13 04:15:00+00:00,177.11,189.46,1.0
2026-08-13 04:20:00+00:00,176.64,188.33,1.0
2026-08-13 04:25:00+00:00,176.64,188.86,1.0
2026-08-13 04:30:00+00:00,176.95,189.22,1.0
2026-08-13 04:35:00+00:00,176.69,188.45,1.0
2026-08-13 04:40:00+00:00,176.69,188.65,1.0
2026-08-13 04:45:00+00:00,177.05,189.76,1.0
2026-08-13 04:50:00+00:00,177.16,190.14,1.0
2026-08-13 04:55:00+00:00,177.03,189.68,1.0
2026-08-13 05:00:00+00:00,177.26,190.32,1.0
2026-08-13 05:05:00+00:00,177.26,190.4,1.0
2026-08-13 05:10:00+00:00,177.27,190.42,1.0
2026-08-13 05:15:00+00:00,177.04,189.84,1.0
2026-08-13 05:20:00+00:00,176.9,189.08,1.0
2026-08-13 05:25:00+00:00,176.94,189.0,1.0
2026-08-13 05:30:00+00:00,176.62,188.39,1.0
2026-08-13 05:35:00+00:00,176.07,187.94,1.0
2026-08-13 05:40:00+00:00,175.95,188.08,1.0
2026-08-13 05:45:00+00:00,175.99,187.97,1.0
2026-08-13 05:50:00+00:00,175.79,187.63,1.0
2026-08-13 05:55:00+00:00,175.45,187.09,1.0
2026-08-13 06:00:00+00:00,175.29,187.06,1.0
2026-08-13 06:05:00+00:00,175.58,187.53,1.0
2026-08-13 06:10:00+00:00,175.54,187.4,1.0
2026-08-13 06:15:00+00:00,175.22,187.02,1.0
2026-08-13 06:20:00+00:00,175.52,187.96,1.0
2026-08-13 06:25:00+00:00,175.76,187.89,1.0
2026-08-13 06:30:00+00:00,175.53,187.46,1.0
2026-08-13 06:35:00+00:00,175.32,186.95,1.0
2026-08-13 06:40:00+00:00,175.36,186.89,1.0
2026-08-13 06:45:00+00:00,175.32,186.93,1.0
2026-08-13 06:50:00+00:00,175.3,187.04,1.0
2026-08-13 06:55:00+00:00,175.2,186.9,1.0
2026-08-13 07:00:00+00:00,174.92,186.62,1.0
2026-08-13 07:05:00+00:00,174.65,186.0,1.0
2026-08-13 07:10:00+00:00,174.65,185.97,1.0
2026-08-13 07:15:00+00:00,174.75,186.18,1.0
2026-08-13 07:20:00+00:00,174.79,186.25,1.0
2026-08-13 07:25:00+00:00,174.92,186.29,1.0
2026-08-13 07:30:00+00:00,174.74,186.23,1.0
2026-08-13 07:35:00+00:00,174.99,186.32,1.0
2026-08-13 07:40:00+00:00,174.96,186.46,1.0
2026-08-13 07:45:00+00:00,174.81,186.21,1.0
2026-08-13 07:50:00+00:00,174.78,186.01,1.0
2026-08-13 07:55:00+00:00,174.75,185.96,1.0
2026-08-13 08:00:00+00:00,174.06,184.93,1.0
2026-08-13 08:05:00+00:00,174.28,185.1,1.0
2026-08-13 08:10:00+00:00,174.05,185.07,1.0
2026-08-13 08:15:00+00:00,173.8,185.04,1.0
