ts,equity_pct
2026-07-11 12:00:00+00:00,0.0
2026-07-11 12:05:00+00:00,-0.013662522249457965
2026-07-11 12:10:00+00:00,-0.12833240368612664
2026-07-11 12:15:00+00:00,-0.0015549676306569893
2026-07-11 12:20:00+00:00,-0.03925074385184857
2026-07-11 12:25:00+00:00,-0.0660726751272378
2026-07-11 12:30:00+00:00,-0.12529691912765983
2026-07-11 12:35:00+00:00,-0.0024353903602225557
2026-07-11 12:40:00+00:00,-0.06054160514565865
2026-07-11 12:45:00+00:00,-0.20679019397729093
2026-07-11 12:50:00+00:00,-0.2447487971405593
2026-07-11 12:55:00+00:00,-0.26225535805251
2026-07-11 13:00:00+00:00,-0.22085367512270082
2026-07-11 13:05:00+00:00,-0.44758245999441115
2026-07-11 13:10:00+00:00,-0.467284855525385
2026-07-11 13:15:00+00:00,-0.4205412205713799
2026-07-11 13:20:00+00:00,-0.23203258776183233
2026-07-11 13:25:00+00:00,-0.16691320080619576
2026-07-11 13:30:00+00:00,-0.19270065817247328
2026-07-11 13:35:00+00:00,-0.20629034097909837
2026-07-11 13:40:00+00:00,-0.2605000423423931
2026-07-11 13:45:00+00:00,-0.22142626076364635
2026-07-11 13:50:00+00:00,-0.2585518995355862
2026-07-11 13:55:00+00:00,-0.2660057259563864
2026-07-11 14:00:00+00:00,-0.16632293046825453
2026-07-11 14:05:00+00:00,-0.2536551488655725
2026-07-11 14:10:00+00:00,-0.22170085799526618
2026-07-11 14:15:00+00:00,-0.18618123829208244
2026-07-11 14:20:00+00:00,-0.19167788270424424
2026-07-11 14:25:00+00:00,-0.2197757151375157
2026-07-11 14:30:00+00:00,-0.22073606827648362
2026-07-11 14:35:00+00:00,-0.19534322337904086
2026-07-11 14:40:00+00:00,-0.20605665203232704
2026-07-11 14:45:00+00:00,-0.1884593586128247
2026-07-11 14:50:00+00:00,-0.197852205937199
2026-07-11 14:55:00+00:00,-0.06221822148244627
2026-07-11 15:00:00+00:00,-0.10464183708966956
2026-07-11 15:05:00+00:00,0.030738712783140443
2026-07-11 15:10:00+00:00,-0.08560353790025843
2026-07-11 15:15:00+00:00,-0.1288773509281249
2026-07-11 15:20:00+00:00,-0.2676660604430836
2026-07-11 15:25:00+00:00,-0.020507720703566434
2026-07-11 15:30:00+00:00,-0.17940138367622538
2026-07-11 15:35:00+00:00,-0.08049531242049213
2026-07-11 15:40:00+00:00,0.002414820279383889
2026-07-11 15:45:00+00:00,-0.052879454157039874
2026-07-11 15:50:00+00:00,-0.14609843853969906
2026-07-11 15:55:00+00:00,-0.07453524751648288
2026-07-11 16:00:00+00:00,-0.06235011471726892
2026-07-11 16:05:00+00:00,-0.019777217021310634
2026-07-11 16:10:00+00:00,-0.05835890067666938
2026-07-11 16:15:00+00:00,-0.10992881535800691
2026-07-11 16:20:00+00:00,-0.22652951415080835
2026-07-11 16:25:00+00:00,-0.2539475018239479
2026-07-11 16:30:00+00:00,-0.28175125497202913
2026-07-11 16:35:00+00:00,-0.31642384368204546
2026-07-11 16:40:00+00:00,-0.3125924203581931
2026-07-11 16:45:00+00:00,-0.33004897714441483
2026-07-11 16:50:00+00:00,-0.24246066606288252
2026-07-11 16:55:00+00:00,-0.30009936973574014
2026-07-11 17:00:00+00:00,-0.25509690041412014
2026-07-11 17:05:00+00:00,-0.22634365311651194
2026-07-11 17:10:00+00:00,-0.40527353279573575
2026-07-11 17:15:00+00:00,-0.3525619435476912
2026-07-11 17:20:00+00:00,-0.24997706581944001
2026-07-11 17:25:00+00:00,-0.3355816479565732
2026-07-11 17:30:00+00:00,-0.28333229391357406
2026-07-11 17:35:00+00:00,-0.22460989556032374
2026-07-11 17:40:00+00:00,-0.21352745860294675
2026-07-11 17:45:00+00:00,-0.25739322372446694
2026-07-11 17:50:00+00:00,-0.27938839517540615
2026-07-11 17:55:00+00:00,-0.30106474681588224
2026-07-11 18:00:00+00:00,-0.29388478682088603
2026-07-11 18:05:00+00:00,-0.2737120676478355
2026-07-11 18:10:00+00:00,-0.24543589916277142
2026-07-11 18:15:00+00:00,-0.2704062891343284
2026-07-11 18:20:00+00:00,-0.10802582663869131
2026-07-11 18:25:00+00:00,0.0036338597857898947
2026-07-11 18:30:00+00:00,-0.04456653697992863
2026-07-11 18:35:00+00:00,-0.05481076104469906
2026-07-11 18:40:00+00:00,-0.06236274948356879
2026-07-11 18:45:00+00:00,-0.17419345413252074
2026-07-11 18:50:00+00:00,0.17009388419877425
2026-07-11 18:55:00+00:00,0.17009388419877425
2026-07-11 19:00:00+00:00,0.17009388419877425
2026-07-11 19:05:00+00:00,0.17009388419877425
2026-07-11 19:10:00+00:00,0.17009388419877425
2026-07-11 19:15:00+00:00,0.17009388419877425
2026-07-11 19:20:00+00:00,0.17009388419877425
2026-07-11 19:25:00+00:00,0.17009388419877425
2026-07-11 19:30:00+00:00,0.17009388419877425
2026-07-11 19:35:00+00:00,0.17009388419877425
2026-07-11 19:40:00+00:00,0.17009388419877425
2026-07-11 19:45:00+00:00,0.17009388419877425
2026-07-11 19:50:00+00:00,0.17009388419877425
2026-07-11 19:55:00+00:00,0.17009388419877425
2026-07-11 20:00:00+00:00,0.17009388419877425
2026-07-11 20:05:00+00:00,0.17009388419877425
2026-07-11 20:10:00+00:00,0.17009388419877425
2026-07-11 20:15:00+00:00,0.17009388419877425
2026-07-11 20:20:00+00:00,0.17009388419877425
2026-07-11 20:25:00+00:00,0.17009388419877425
2026-07-11 20:30:00+00:00,0.17009388419877425
2026-07-11 20:35:00+00:00,0.17009388419877425
2026-07-11 20:40:00+00:00,0.17009388419877425
2026-07-11 20:45:00+00:00,0.17009388419877425
2026-07-11 20:50:00+00:00,0.17009388419877425
2026-07-11 20:55:00+00:00,0.17009388419877425
2026-07-11 21:00:00+00:00,0.17009388419877425
2026-07-11 21:05:00+00:00,0.17009388419877425
2026-07-11 21:10:00+00:00,0.17009388419877425
2026-07-11 21:15:00+00:00,0.17009388419877425
2026-07-11 21:20:00+00:00,0.17009388419877425
2026-07-11 21:25:00+00:00,0.17009388419877425
2026-07-11 21:30:00+00:00,0.17009388419877425
2026-07-11 21:35:00+00:00,0.17009388419877425
2026-07-11 21:40:00+00:00,0.17009388419877425
2026-07-11 21:45:00+00:00,0.17009388419877425
2026-07-11 21:50:00+00:00,0.17009388419877425
2026-07-11 21:55:00+00:00,0.17009388419877425
2026-07-11 22:00:00+00:00,0.17009388419877425
2026-07-11 22:05:00+00:00,0.17009388419877425
2026-07-11 22:10:00+00:00,0.17009388419877425
2026-07-11 22:15:00+00:00,0.17009388419877425
2026-07-11 22:20:00+00:00,0.17009388419877425
2026-07-11 22:25:00+00:00,0.17009388419877425
2026-07-11 22:30:00+00:00,0.17009388419877425
2026-07-11 22:35:00+00:00,0.17009388419877425
2026-07-11 22:40:00+00:00,0.17009388419877425
2026-07-11 22:45:00+00:00,0.17009388419877425
2026-07-11 22:50:00+00:00,0.17009388419877425
2026-07-11 22:55:00+00:00,0.17009388419877425
2026-07-11 23:00:00+00:00,0.17009388419877425
2026-07-11 23:05:00+00:00,0.17009388419877425
2026-07-11 23:10:00+00:00,0.17009388419877425
2026-07-11 23:15:00+00:00,0.26956365211461275
2026-07-11 23:20:00+00:00,0.4058787752803994
2026-07-11 23:25:00+00:00,0.45919811726955473
2026-07-11 23:30:00+00:00,0.5486567183840663
2026-07-11 23:35:00+00:00,0.4869324806959341
2026-07-11 23:40:00+00:00,0.5883057422712668
2026-07-11 23:45:00+00:00,0.7373334395559539
2026-07-11 23:50:00+00:00,0.7373334395559539
2026-07-11 23:55:00+00:00,0.7373334395559539
2026-07-12 00:00:00+00:00,0.7373334395559539
2026-07-12 00:05:00+00:00,0.7373334395559539
2026-07-12 00:10:00+00:00,0.7373334395559539
2026-07-12 00:15:00+00:00,0.7373334395559539
2026-07-12 00:20:00+00:00,0.7373334395559539
2026-07-12 00:25:00+00:00,0.7373334395559539
2026-07-12 00:30:00+00:00,0.7373334395559539
2026-07-12 00:35:00+00:00,0.7373334395559539
2026-07-12 00:40:00+00:00,0.7288111027127009
2026-07-12 00:45:00+00:00,0.6605087757151296
2026-07-12 00:50:00+00:00,0.7466115319151534
2026-07-12 00:55:00+00:00,0.711965003877868
2026-07-12 01:00:00+00:00,0.8290504501910156
2026-07-12 01:05:00+00:00,0.7060712752587683
2026-07-12 01:10:00+00:00,0.7288904246083305
2026-07-12 01:15:00+00:00,0.7937563127012659
2026-07-12 01:20:00+00:00,0.8139089404669342
2026-07-12 01:25:00+00:00,0.7469182136638608
2026-07-12 01:30:00+00:00,0.72161427324966
2026-07-12 01:35:00+00:00,0.6204365127341127
2026-07-12 01:40:00+00:00,0.5547631491978677
2026-07-12 01:45:00+00:00,0.7317968959576149
2026-07-12 01:50:00+00:00,0.8150005646914593
2026-07-12 01:55:00+00:00,0.7221642041208121
2026-07-12 02:00:00+00:00,0.675781360466754
2026-07-12 02:05:00+00:00,0.6919340436479793
2026-07-12 02:10:00+00:00,0.6867776687223603
2026-07-12 02:15:00+00:00,0.6465913967961257
2026-07-12 02:20:00+00:00,0.6535057862114613
2026-07-12 02:25:00+00:00,0.6551505956691628
2026-07-12 02:30:00+00:00,0.794414584222114
2026-07-12 02:35:00+00:00,0.7989281721497044
2026-07-12 02:40:00+00:00,0.7122735220036702
2026-07-12 02:45:00+00:00,0.6939610501418336
2026-07-12 02:50:00+00:00,0.7034495061320811
2026-07-12 02:55:00+00:00,0.8180540263304614
2026-07-12 03:00:00+00:00,0.8324560140890114
2026-07-12 03:05:00+00:00,0.7379540525970896
2026-07-12 03:10:00+00:00,0.651398669941905
2026-07-12 03:15:00+00:00,0.6702318936940621
2026-07-12 03:20:00+00:00,1.020843552880546
2026-07-12 03:25:00+00:00,1.144774868268339
2026-07-12 03:30:00+00:00,1.0277507888194926
2026-07-12 03:35:00+00:00,1.3218106301438937
2026-07-12 03:40:00+00:00,1.3218106301438937
2026-07-12 03:45:00+00:00,1.3218106301438937
2026-07-12 03:50:00+00:00,1.3218106301438937
2026-07-12 03:55:00+00:00,1.3218106301438937
2026-07-12 04:00:00+00:00,1.3218106301438937
2026-07-12 04:05:00+00:00,1.3218106301438937
2026-07-12 04:10:00+00:00,1.3218106301438937
2026-07-12 04:15:00+00:00,1.3218106301438937
2026-07-12 04:20:00+00:00,1.3218106301438937
2026-07-12 04:25:00+00:00,1.3218106301438937
2026-07-12 04:30:00+00:00,1.3218106301438937
2026-07-12 04:35:00+00:00,1.3218106301438937
2026-07-12 04:40:00+00:00,1.3218106301438937
2026-07-12 04:45:00+00:00,1.3218106301438937
2026-07-12 04:50:00+00:00,1.3218106301438937
2026-07-12 04:55:00+00:00,1.3218106301438937
2026-07-12 05:00:00+00:00,1.3218106301438937
2026-07-12 05:05:00+00:00,1.3218106301438937
2026-07-12 05:10:00+00:00,1.3218106301438937
2026-07-12 05:15:00+00:00,1.3218106301438937
2026-07-12 05:20:00+00:00,1.3218106301438937
2026-07-12 05:25:00+00:00,1.3218106301438937
2026-07-12 05:30:00+00:00,1.3218106301438937
2026-07-12 05:35:00+00:00,1.3218106301438937
2026-07-12 05:40:00+00:00,1.3218106301438937
2026-07-12 05:45:00+00:00,1.3218106301438937
2026-07-12 05:50:00+00:00,1.3218106301438937
2026-07-12 05:55:00+00:00,1.3218106301438937
2026-07-12 06:00:00+00:00,1.3218106301438937
2026-07-12 06:05:00+00:00,1.3218106301438937
2026-07-12 06:10:00+00:00,1.3218106301438937
2026-07-12 06:15:00+00:00,1.3218106301438937
2026-07-12 06:20:00+00:00,1.3218106301438937
2026-07-12 06:25:00+00:00,1.3218106301438937
2026-07-12 06:30:00+00:00,1.3218106301438937
2026-07-12 06:35:00+00:00,1.3218106301438937
2026-07-12 06:40:00+00:00,1.3218106301438937
2026-07-12 06:45:00+00:00,1.3218106301438937
2026-07-12 06:50:00+00:00,1.3218106301438937
2026-07-12 06:55:00+00:00,1.3218106301438937
2026-07-12 07:00:00+00:00,1.3218106301438937
2026-07-12 07:05:00+00:00,1.3218106301438937
2026-07-12 07:10:00+00:00,1.3218106301438937
2026-07-12 07:15:00+00:00,1.3218106301438937
2026-07-12 07:20:00+00:00,1.3218106301438937
2026-07-12 07:25:00+00:00,1.3218106301438937
2026-07-12 07:30:00+00:00,1.3218106301438937
2026-07-12 07:35:00+00:00,1.3218106301438937
2026-07-12 07:40:00+00:00,1.3218106301438937
2026-07-12 07:45:00+00:00,1.3218106301438937
2026-07-12 07:50:00+00:00,1.3218106301438937
2026-07-12 07:55:00+00:00,1.3218106301438937
2026-07-12 08:00:00+00:00,1.3218106301438937
2026-07-12 08:05:00+00:00,1.3218106301438937
2026-07-12 08:10:00+00:00,1.3218106301438937
2026-07-12 08:15:00+00:00,1.3218106301438937
2026-07-12 08:20:00+00:00,1.3218106301438937
2026-07-12 08:25:00+00:00,1.3218106301438937
2026-07-12 08:30:00+00:00,1.3218106301438937
2026-07-12 08:35:00+00:00,1.3218106301438937
2026-07-12 08:40:00+00:00,1.3218106301438937
2026-07-12 08:45:00+00:00,1.3218106301438937
2026-07-12 08:50:00+00:00,1.3218106301438937
2026-07-12 08:55:00+00:00,1.3218106301438937
2026-07-12 09:00:00+00:00,1.3218106301438937
2026-07-12 09:05:00+00:00,1.3218106301438937
2026-07-12 09:10:00+00:00,1.3218106301438937
2026-07-12 09:15:00+00:00,1.3218106301438937
2026-07-12 09:20:00+00:00,1.3218106301438937
2026-07-12 09:25:00+00:00,1.3218106301438937
2026-07-12 09:30:00+00:00,1.3218106301438937
2026-07-12 09:35:00+00:00,1.3218106301438937
2026-07-12 09:40:00+00:00,1.3218106301438937
2026-07-12 09:45:00+00:00,1.3218106301438937
2026-07-12 09:50:00+00:00,1.3218106301438937
2026-07-12 09:55:00+00:00,1.3218106301438937
2026-07-12 10:00:00+00:00,1.3218106301438937
2026-07-12 10:05:00+00:00,1.3218106301438937
2026-07-12 10:10:00+00:00,1.3218106301438937
2026-07-12 10:15:00+00:00,1.3218106301438937
2026-07-12 10:20:00+00:00,1.3218106301438937
2026-07-12 10:25:00+00:00,1.3218106301438937
2026-07-12 10:30:00+00:00,1.3218106301438937
2026-07-12 10:35:00+00:00,1.3218106301438937
2026-07-12 10:40:00+00:00,1.3218106301438937
2026-07-12 10:45:00+00:00,1.3218106301438937
2026-07-12 10:50:00+00:00,1.3218106301438937
2026-07-12 10:55:00+00:00,1.3218106301438937
2026-07-12 11:00:00+00:00,1.3218106301438937
2026-07-12 11:05:00+00:00,1.3218106301438937
2026-07-12 11:10:00+00:00,1.3218106301438937
2026-07-12 11:15:00+00:00,1.3218106301438937
2026-07-12 11:20:00+00:00,1.3218106301438937
2026-07-12 11:25:00+00:00,1.3218106301438937
2026-07-12 11:30:00+00:00,1.3218106301438937
2026-07-12 11:35:00+00:00,1.3218106301438937
2026-07-12 11:40:00+00:00,1.3218106301438937
2026-07-12 11:45:00+00:00,1.3218106301438937
2026-07-12 11:50:00+00:00,1.3218106301438937
2026-07-12 11:55:00+00:00,1.3218106301438937
2026-07-12 12:00:00+00:00,1.3218106301438937
2026-07-12 12:05:00+00:00,1.3218106301438937
2026-07-12 12:10:00+00:00,1.3218106301438937
2026-07-12 12:15:00+00:00,1.3218106301438937
2026-07-12 12:20:00+00:00,1.3218106301438937
2026-07-12 12:25:00+00:00,1.3218106301438937
2026-07-12 12:30:00+00:00,1.3218106301438937
2026-07-12 12:35:00+00:00,1.3218106301438937
2026-07-12 12:40:00+00:00,1.3218106301438937
2026-07-12 12:45:00+00:00,1.3218106301438937
2026-07-12 12:50:00+00:00,1.3218106301438937
2026-07-12 12:55:00+00:00,1.3218106301438937
2026-07-12 13:00:00+00:00,1.3218106301438937
2026-07-12 13:05:00+00:00,1.3218106301438937
2026-07-12 13:10:00+00:00,1.3218106301438937
2026-07-12 13:15:00+00:00,1.3218106301438937
2026-07-12 13:20:00+00:00,1.3218106301438937
2026-07-12 13:25:00+00:00,1.3218106301438937
2026-07-12 13:30:00+00:00,1.3218106301438937
2026-07-12 13:35:00+00:00,1.3218106301438937
2026-07-12 13:40:00+00:00,1.3218106301438937
2026-07-12 13:45:00+00:00,1.3218106301438937
2026-07-12 13:50:00+00:00,1.3218106301438937
2026-07-12 13:55:00+00:00,1.3218106301438937
2026-07-12 14:00:00+00:00,1.3218106301438937
2026-07-12 14:05:00+00:00,1.3218106301438937
2026-07-12 14:10:00+00:00,1.3218106301438937
2026-07-12 14:15:00+00:00,1.3218106301438937
2026-07-12 14:20:00+00:00,1.3218106301438937
2026-07-12 14:25:00+00:00,1.3218106301438937
2026-07-12 14:30:00+00:00,1.3218106301438937
2026-07-12 14:35:00+00:00,1.3218106301438937
2026-07-12 14:40:00+00:00,1.3218106301438937
2026-07-12 14:45:00+00:00,1.3218106301438937
2026-07-12 14:50:00+00:00,1.3218106301438937
2026-07-12 14:55:00+00:00,1.3218106301438937
2026-07-12 15:00:00+00:00,1.3218106301438937
2026-07-12 15:05:00+00:00,1.3218106301438937
2026-07-12 15:10:00+00:00,1.3218106301438937
2026-07-12 15:15:00+00:00,1.3218106301438937
2026-07-12 15:20:00+00:00,1.3218106301438937
2026-07-12 15:25:00+00:00,1.3218106301438937
2026-07-12 15:30:00+00:00,1.3218106301438937
2026-07-12 15:35:00+00:00,1.3218106301438937
2026-07-12 15:40:00+00:00,1.3218106301438937
2026-07-12 15:45:00+00:00,1.3218106301438937
2026-07-12 15:50:00+00:00,1.3218106301438937
2026-07-12 15:55:00+00:00,1.3218106301438937
2026-07-12 16:00:00+00:00,1.3218106301438937
2026-07-12 16:05:00+00:00,1.3218106301438937
2026-07-12 16:10:00+00:00,1.3218106301438937
2026-07-12 16:15:00+00:00,1.3218106301438937
2026-07-12 16:20:00+00:00,1.3218106301438937
2026-07-12 16:25:00+00:00,1.3218106301438937
2026-07-12 16:30:00+00:00,1.3218106301438937
2026-07-12 16:35:00+00:00,1.3218106301438937
2026-07-12 16:40:00+00:00,1.3218106301438937
2026-07-12 16:45:00+00:00,1.3218106301438937
2026-07-12 16:50:00+00:00,1.3218106301438937
2026-07-12 16:55:00+00:00,1.3218106301438937
2026-07-12 17:00:00+00:00,1.3218106301438937
2026-07-12 17:05:00+00:00,1.3218106301438937
2026-07-12 17:10:00+00:00,1.3218106301438937
2026-07-12 17:15:00+00:00,1.3218106301438937
2026-07-12 17:20:00+00:00,1.3218106301438937
2026-07-12 17:25:00+00:00,1.3218106301438937
2026-07-12 17:30:00+00:00,1.3218106301438937
2026-07-12 17:35:00+00:00,1.3218106301438937
2026-07-12 17:40:00+00:00,1.3218106301438937
2026-07-12 17:45:00+00:00,1.3218106301438937
2026-07-12 17:50:00+00:00,1.3218106301438937
2026-07-12 17:55:00+00:00,1.3218106301438937
2026-07-12 18:00:00+00:00,1.1623439017959036
2026-07-12 18:05:00+00:00,1.1472338220131384
2026-07-12 18:10:00+00:00,1.0641734569110106
2026-07-12 18:15:00+00:00,1.0599854943308173
2026-07-12 18:20:00+00:00,0.9878388563550722
2026-07-12 18:25:00+00:00,0.8083468188327281
2026-07-12 18:30:00+00:00,0.82494616316513
2026-07-12 18:35:00+00:00,0.8195298343171231
2026-07-12 18:40:00+00:00,0.8281519235535661
2026-07-12 18:45:00+00:00,0.8805062691800813
2026-07-12 18:50:00+00:00,1.201059292375195
2026-07-12 18:55:00+00:00,1.1614878338074952
2026-07-12 19:00:00+00:00,1.1810810358550583
2026-07-12 19:05:00+00:00,1.1120194058076294
2026-07-12 19:10:00+00:00,1.1423770881425988
2026-07-12 19:15:00+00:00,0.9546777986803257
2026-07-12 19:20:00+00:00,0.9127286401049872
2026-07-12 19:25:00+00:00,0.890643871136021
2026-07-12 19:30:00+00:00,0.8924964596517704
2026-07-12 19:35:00+00:00,0.897232671262671
2026-07-12 19:40:00+00:00,0.8823847764833914
2026-07-12 19:45:00+00:00,0.8933167924387142
2026-07-12 19:50:00+00:00,0.8725171501236417
2026-07-12 19:55:00+00:00,0.9037419779691191
2026-07-12 20:00:00+00:00,0.9137050126021506
2026-07-12 20:05:00+00:00,0.9366689440356346
2026-07-12 20:10:00+00:00,0.8970672035411908
2026-07-12 20:15:00+00:00,0.8264324746900087
2026-07-12 20:20:00+00:00,0.8202635600382813
2026-07-12 20:25:00+00:00,0.8067387027740125
2026-07-12 20:30:00+00:00,0.8253184885625764
2026-07-12 20:35:00+00:00,0.7674658633626485
2026-07-12 20:40:00+00:00,0.6066891373389005
2026-07-12 20:45:00+00:00,0.6864592644835632
2026-07-12 20:50:00+00:00,0.7568798158440693
2026-07-12 20:55:00+00:00,0.8265808769821525
2026-07-12 21:00:00+00:00,0.8560233439382614
2026-07-12 21:05:00+00:00,0.854616023705379
2026-07-12 21:10:00+00:00,1.181660596747669
2026-07-12 21:15:00+00:00,0.9523129610816916
2026-07-12 21:20:00+00:00,0.970539448691099
2026-07-12 21:25:00+00:00,0.8361648042243708
2026-07-12 21:30:00+00:00,0.9141329620543814
2026-07-12 21:35:00+00:00,0.9546777986803257
2026-07-12 21:40:00+00:00,0.9093411960418685
2026-07-12 21:45:00+00:00,0.9829811495918328
2026-07-12 21:50:00+00:00,0.9910117730401957
2026-07-12 21:55:00+00:00,0.9582686063152934
2026-07-12 22:00:00+00:00,0.9270944491262867
2026-07-12 22:05:00+00:00,1.2426006843674564
2026-07-12 22:10:00+00:00,1.4585434836432931
2026-07-12 22:15:00+00:00,1.4112783601101242
2026-07-12 22:20:00+00:00,1.3118617375707409
2026-07-12 22:25:00+00:00,1.2021677544414189
2026-07-12 22:30:00+00:00,1.3409814383228635
2026-07-12 22:35:00+00:00,1.3462023375731214
2026-07-12 22:40:00+00:00,1.2010409183714543
2026-07-12 22:45:00+00:00,1.2514495563811678
2026-07-12 22:50:00+00:00,1.2952277897879227
2026-07-12 22:55:00+00:00,1.3335342011088436
2026-07-12 23:00:00+00:00,1.9521762634280293
2026-07-12 23:05:00+00:00,1.9521762634280293
2026-07-12 23:10:00+00:00,1.9521762634280293
2026-07-12 23:15:00+00:00,1.9521762634280293
2026-07-12 23:20:00+00:00,1.9521762634280293
2026-07-12 23:25:00+00:00,1.9521762634280293
2026-07-12 23:30:00+00:00,1.9521762634280293
2026-07-12 23:35:00+00:00,1.9521762634280293
2026-07-12 23:40:00+00:00,1.9521762634280293
2026-07-12 23:45:00+00:00,1.9521762634280293
2026-07-12 23:50:00+00:00,1.9521762634280293
2026-07-12 23:55:00+00:00,1.9521762634280293
2026-07-14 01:45:00+00:00,1.9521762634280293
2026-07-14 01:50:00+00:00,1.9521762634280293
2026-07-14 01:55:00+00:00,1.9521762634280293
2026-07-14 02:00:00+00:00,1.9521762634280293
2026-07-14 02:05:00+00:00,1.9521762634280293
2026-07-14 02:10:00+00:00,1.9521762634280293
2026-07-14 02:15:00+00:00,1.9521762634280293
2026-07-14 02:20:00+00:00,1.9521762634280293
2026-07-14 02:25:00+00:00,1.9521762634280293
2026-07-14 02:30:00+00:00,1.9521762634280293
2026-07-14 02:35:00+00:00,1.9521762634280293
2026-07-14 02:40:00+00:00,1.9521762634280293
2026-07-14 02:45:00+00:00,1.9521762634280293
2026-07-14 02:50:00+00:00,1.9521762634280293
2026-07-14 02:55:00+00:00,1.9521762634280293
2026-07-14 03:00:00+00:00,1.9521762634280293
2026-07-14 03:05:00+00:00,1.9521762634280293
2026-07-14 03:10:00+00:00,1.9521762634280293
2026-07-14 03:15:00+00:00,1.9521762634280293
2026-07-14 03:20:00+00:00,1.9521762634280293
2026-07-14 03:25:00+00:00,1.9521762634280293
2026-07-14 03:30:00+00:00,1.9521762634280293
2026-07-14 03:35:00+00:00,1.9521762634280293
2026-07-14 03:40:00+00:00,1.9521762634280293
2026-07-14 03:45:00+00:00,1.9521762634280293
2026-07-14 03:50:00+00:00,1.9521762634280293
2026-07-14 03:55:00+00:00,1.9521762634280293
2026-07-14 04:00:00+00:00,1.9521762634280293
2026-07-14 04:05:00+00:00,1.9521762634280293
2026-07-14 04:10:00+00:00,1.9521762634280293
2026-07-14 04:15:00+00:00,1.9521762634280293
2026-07-14 04:20:00+00:00,1.9521762634280293
2026-07-14 04:25:00+00:00,1.9521762634280293
2026-07-14 04:30:00+00:00,1.9521762634280293
2026-07-14 04:35:00+00:00,1.9521762634280293
2026-07-14 04:40:00+00:00,1.9521762634280293
2026-07-14 04:45:00+00:00,1.9521762634280293
2026-07-14 04:50:00+00:00,1.9521762634280293
2026-07-14 04:55:00+00:00,1.9521762634280293
2026-07-14 05:00:00+00:00,1.9521762634280293
2026-07-14 05:05:00+00:00,1.9521762634280293
2026-07-14 05:10:00+00:00,1.9521762634280293
2026-07-14 05:15:00+00:00,1.9521762634280293
2026-07-14 05:20:00+00:00,1.9521762634280293
2026-07-14 05:25:00+00:00,1.9521762634280293
2026-07-14 05:30:00+00:00,1.9521762634280293
2026-07-14 05:35:00+00:00,1.9521762634280293
2026-07-14 05:40:00+00:00,1.9521762634280293
2026-07-14 05:45:00+00:00,1.9521762634280293
2026-07-14 05:50:00+00:00,1.9521762634280293
2026-07-14 05:55:00+00:00,1.9521762634280293
2026-07-14 06:00:00+00:00,1.9521762634280293
2026-07-14 06:05:00+00:00,1.9521762634280293
2026-07-14 06:10:00+00:00,1.9521762634280293
2026-07-14 06:15:00+00:00,1.9521762634280293
2026-07-14 06:20:00+00:00,1.9521762634280293
2026-07-14 06:25:00+00:00,1.9521762634280293
2026-07-14 07:45:00+00:00,1.9521762634280293
2026-07-14 07:50:00+00:00,1.9521762634280293
2026-07-14 07:55:00+00:00,1.9521762634280293
2026-07-14 08:00:00+00:00,1.9521762634280293
2026-07-14 08:05:00+00:00,1.9521762634280293
2026-07-14 08:10:00+00:00,1.9521762634280293
2026-07-14 08:15:00+00:00,1.9521762634280293
2026-07-14 08:20:00+00:00,1.9521762634280293
2026-07-14 08:25:00+00:00,1.9521762634280293
2026-07-14 08:30:00+00:00,1.9521762634280293
2026-07-14 08:35:00+00:00,1.9521762634280293
2026-07-14 08:40:00+00:00,1.9521762634280293
2026-07-14 08:45:00+00:00,1.9521762634280293
2026-07-14 08:50:00+00:00,1.9521762634280293
2026-07-14 08:55:00+00:00,1.9521762634280293
2026-07-14 09:00:00+00:00,1.9521762634280293
2026-07-14 09:05:00+00:00,1.9521762634280293
2026-07-14 09:10:00+00:00,1.9521762634280293
2026-07-14 09:15:00+00:00,1.9521762634280293
2026-07-14 09:20:00+00:00,1.9521762634280293
2026-07-14 09:25:00+00:00,1.9521762634280293
2026-07-14 09:30:00+00:00,1.9521762634280293
2026-07-14 09:35:00+00:00,1.9521762634280293
2026-07-14 09:40:00+00:00,1.9521762634280293
2026-07-14 09:45:00+00:00,1.9521762634280293
2026-07-14 09:50:00+00:00,1.9521762634280293
2026-07-14 09:55:00+00:00,1.9521762634280293
2026-07-14 10:00:00+00:00,1.9521762634280293
2026-07-14 10:05:00+00:00,1.9521762634280293
2026-07-14 10:10:00+00:00,1.9521762634280293
2026-07-14 10:15:00+00:00,1.9521762634280293
2026-07-14 10:20:00+00:00,1.9521762634280293
2026-07-14 10:25:00+00:00,1.9521762634280293
2026-07-14 10:30:00+00:00,1.9521762634280293
2026-07-14 10:35:00+00:00,1.9521762634280293
2026-07-14 10:40:00+00:00,1.9521762634280293
2026-07-14 10:45:00+00:00,1.9521762634280293
2026-07-14 10:50:00+00:00,1.9521762634280293
2026-07-14 10:55:00+00:00,1.9521762634280293
2026-07-14 11:00:00+00:00,1.9521762634280293
2026-07-14 11:05:00+00:00,1.9521762634280293
2026-07-14 11:10:00+00:00,1.9521762634280293
2026-07-14 11:15:00+00:00,1.9521762634280293
2026-07-14 11:20:00+00:00,1.9521762634280293
2026-07-14 11:25:00+00:00,1.9521762634280293
2026-07-14 11:30:00+00:00,1.9521762634280293
2026-07-14 11:35:00+00:00,1.9521762634280293
2026-07-14 11:40:00+00:00,1.9521762634280293
2026-07-14 11:45:00+00:00,1.9521762634280293
2026-07-14 11:50:00+00:00,1.9521762634280293
2026-07-14 11:55:00+00:00,1.9521762634280293
2026-07-14 12:00:00+00:00,1.9521762634280293
2026-07-14 12:05:00+00:00,1.9521762634280293
2026-07-14 12:10:00+00:00,1.9521762634280293
2026-07-14 12:15:00+00:00,1.9521762634280293
2026-07-14 12:20:00+00:00,1.9521762634280293
2026-07-14 12:25:00+00:00,1.9521762634280293
2026-07-14 12:30:00+00:00,1.9521762634280293
2026-07-14 12:35:00+00:00,1.9521762634280293
2026-07-14 12:40:00+00:00,1.9521762634280293
2026-07-14 12:45:00+00:00,1.9521762634280293
2026-07-14 12:50:00+00:00,1.9521762634280293
2026-07-14 12:55:00+00:00,1.9521762634280293
2026-07-14 13:00:00+00:00,1.9521762634280293
2026-07-14 13:05:00+00:00,1.9521762634280293
2026-07-14 13:10:00+00:00,1.9521762634280293
2026-07-14 13:15:00+00:00,1.9521762634280293
2026-07-14 13:20:00+00:00,1.9521762634280293
2026-07-14 13:25:00+00:00,1.9521762634280293
2026-07-14 15:15:00+00:00,1.9521762634280293
2026-07-14 15:20:00+00:00,1.1970868912285937
2026-07-14 15:25:00+00:00,0.9929327476455363
2026-07-14 15:30:00+00:00,1.2490359574869103
2026-07-14 15:35:00+00:00,0.6965961916082009
2026-07-14 15:40:00+00:00,1.3358013643730793
2026-07-14 15:45:00+00:00,0.47945683654999627
2026-07-14 15:50:00+00:00,0.708146197667503
2026-07-14 15:55:00+00:00,0.8221964977423113
2026-07-14 16:00:00+00:00,0.3260104331908555
2026-07-14 16:05:00+00:00,0.14956504548449673
2026-07-14 16:10:00+00:00,-0.7167519317966262
2026-07-14 16:15:00+00:00,-0.3584386848738783
2026-07-14 16:20:00+00:00,-1.8228598612453448
2026-07-14 16:25:00+00:00,-1.809667247589701
2026-07-14 16:30:00+00:00,-1.2603158136139145
2026-07-14 16:35:00+00:00,-0.9762941679988411
2026-07-14 16:40:00+00:00,-0.7742466812603086
2026-07-14 16:45:00+00:00,0.17853032540769553
2026-07-14 16:50:00+00:00,0.05969077445718418
2026-07-14 16:55:00+00:00,0.2785287614782097
2026-07-14 17:00:00+00:00,-0.7483308064973146
2026-07-14 17:05:00+00:00,-0.9321113031975623
2026-07-14 17:10:00+00:00,-0.35065744089778783
2026-07-14 17:15:00+00:00,-0.36089344963369663
2026-07-14 17:20:00+00:00,-0.3951994643577026
2026-07-14 17:25:00+00:00,-0.5615579916191147
2026-07-14 17:30:00+00:00,-1.0550862615410426
2026-07-14 17:35:00+00:00,-0.9821567130513673
2026-07-14 17:40:00+00:00,-1.392865322401253
2026-07-14 17:45:00+00:00,-1.0690272142777888
2026-07-14 17:50:00+00:00,-0.7447627596570181
2026-07-14 17:55:00+00:00,-0.69266487982355
2026-07-14 18:00:00+00:00,-0.6253037771482826
2026-07-14 18:05:00+00:00,-1.2875277150926332
2026-07-14 18:10:00+00:00,-1.5957770940738067
2026-07-14 18:15:00+00:00,-2.630090810438272
2026-07-14 18:20:00+00:00,-3.0002224372275883
2026-07-14 18:25:00+00:00,-2.697586933033673
2026-07-14 18:30:00+00:00,-2.63825190372539
2026-07-14 18:35:00+00:00,-2.0416934767145385
2026-07-14 18:40:00+00:00,-1.7668736433455052
2026-07-14 18:45:00+00:00,-1.234789136774321
2026-07-14 18:50:00+00:00,-0.8213254144685251
2026-07-14 18:55:00+00:00,-1.2563900196671014
2026-07-14 19:00:00+00:00,-1.1669849957105
2026-07-14 19:05:00+00:00,-0.8942902297490214
2026-07-14 19:10:00+00:00,-1.384962478243061
2026-07-14 19:15:00+00:00,-1.3269356243701331
2026-07-14 19:20:00+00:00,-1.601926910281552
2026-07-14 19:25:00+00:00,-2.0405788328874337
2026-07-14 19:30:00+00:00,-1.5769780154176445
2026-07-14 19:35:00+00:00,-1.968693344971399
2026-07-14 19:40:00+00:00,-1.7508461638508983
2026-07-14 19:45:00+00:00,-2.018204948959294
2026-07-14 19:50:00+00:00,-2.183081963842419
2026-07-14 19:55:00+00:00,-3.7133318670367217
2026-07-15 00:00:00+00:00,0.06946208340841302
2026-07-15 00:05:00+00:00,0.6489411513356262
2026-07-15 00:10:00+00:00,1.1005039146988043
2026-07-15 00:15:00+00:00,0.2861422794278272
2026-07-15 00:20:00+00:00,0.3243359000843842
2026-07-15 00:25:00+00:00,0.44300480138555076
2026-07-15 00:30:00+00:00,-0.1811603733478091
2026-07-15 00:35:00+00:00,-0.20514414658687596
2026-07-15 00:40:00+00:00,-0.14731669660023994
2026-07-15 00:45:00+00:00,0.20015404558748773
2026-07-15 00:50:00+00:00,0.3933874487206406
2026-07-15 00:55:00+00:00,0.39431907652656295
2026-07-15 01:00:00+00:00,0.5197555278736015
2026-07-15 01:05:00+00:00,0.5815103699967199
2026-07-15 01:10:00+00:00,0.37350261266182616
2026-07-15 01:15:00+00:00,0.6919845351471625
2026-07-15 01:20:00+00:00,0.7422399734588818
2026-07-15 01:25:00+00:00,0.4980150600759419
2026-07-15 01:30:00+00:00,0.5231562433258634
2026-07-15 01:35:00+00:00,0.24621601590964093
2026-07-15 01:40:00+00:00,-0.4135384366791268
2026-07-15 01:45:00+00:00,-0.14193253056455757
2026-07-15 01:50:00+00:00,-0.1181817365196498
2026-07-15 01:55:00+00:00,0.34413326773175146
2026-07-15 02:00:00+00:00,0.6687221545423465
2026-07-15 02:05:00+00:00,0.8041174798442146
2026-07-15 02:10:00+00:00,0.7536470387589549
2026-07-15 02:15:00+00:00,0.7990759004547836
2026-07-15 02:20:00+00:00,0.8867912694188422
2026-07-15 02:25:00+00:00,0.4102218773838
2026-07-15 02:30:00+00:00,0.7325598763779044
2026-07-15 02:35:00+00:00,0.9180035512594624
2026-07-15 02:40:00+00:00,0.7775685709659601
2026-07-15 02:45:00+00:00,1.216765601539051
2026-07-15 02:50:00+00:00,0.9492038205451319
2026-07-15 02:55:00+00:00,1.1677981914968842
2026-07-15 03:00:00+00:00,0.9485640779822961
2026-07-15 03:05:00+00:00,1.1087034409550849
2026-07-15 03:10:00+00:00,1.1640131058070284
2026-07-15 03:15:00+00:00,1.2997169145326797
2026-07-15 03:20:00+00:00,1.4818333689953238
2026-07-15 03:25:00+00:00,1.2371997425514774
2026-07-15 03:30:00+00:00,1.2765476199738461
2026-07-15 03:35:00+00:00,1.0162907059927189
2026-07-15 03:40:00+00:00,1.3767893654599976
2026-07-15 03:45:00+00:00,1.415636105481634
2026-07-15 03:50:00+00:00,1.5140717792855323
2026-07-15 03:55:00+00:00,1.5022942558994739
2026-07-15 04:00:00+00:00,1.5022942558994739
2026-07-15 04:05:00+00:00,1.5022942558994739
2026-07-15 04:10:00+00:00,1.5022942558994739
2026-07-15 04:15:00+00:00,1.5022942558994739
2026-07-15 04:20:00+00:00,1.5022942558994739
2026-07-15 04:25:00+00:00,1.5022942558994739
2026-07-15 04:30:00+00:00,1.5022942558994739
2026-07-15 04:35:00+00:00,1.5022942558994739
2026-07-15 04:40:00+00:00,1.5022942558994739
2026-07-15 04:45:00+00:00,1.5022942558994739
2026-07-15 04:50:00+00:00,1.5022942558994739
2026-07-15 04:55:00+00:00,1.5022942558994739
2026-07-15 05:00:00+00:00,1.5022942558994739
2026-07-15 05:05:00+00:00,1.5022942558994739
2026-07-15 05:10:00+00:00,1.5022942558994739
2026-07-15 05:15:00+00:00,1.5022942558994739
2026-07-15 05:20:00+00:00,1.5022942558994739
2026-07-15 05:25:00+00:00,1.5022942558994739
2026-07-15 05:30:00+00:00,1.5022942558994739
2026-07-15 05:35:00+00:00,1.5022942558994739
2026-07-15 05:40:00+00:00,1.5022942558994739
2026-07-15 05:45:00+00:00,1.5022942558994739
2026-07-15 05:50:00+00:00,1.5022942558994739
2026-07-15 05:55:00+00:00,1.5022942558994739
2026-07-15 06:00:00+00:00,1.5022942558994739
2026-07-15 06:05:00+00:00,1.5022942558994739
2026-07-15 06:10:00+00:00,1.5022942558994739
2026-07-15 06:15:00+00:00,1.5022942558994739
2026-07-15 06:20:00+00:00,1.5022942558994739
2026-07-15 06:25:00+00:00,1.5022942558994739
2026-07-15 06:30:00+00:00,1.5022942558994739
2026-07-15 06:35:00+00:00,1.5022942558994739
2026-07-15 06:40:00+00:00,1.5022942558994739
2026-07-15 06:45:00+00:00,1.5022942558994739
2026-07-15 06:50:00+00:00,1.5022942558994739
2026-07-15 06:55:00+00:00,1.5022942558994739
2026-07-15 07:00:00+00:00,1.5022942558994739
2026-07-15 07:05:00+00:00,1.5022942558994739
2026-07-15 07:10:00+00:00,1.5022942558994739
2026-07-15 07:15:00+00:00,1.5022942558994739
2026-07-15 07:20:00+00:00,1.5022942558994739
2026-07-15 07:25:00+00:00,1.5022942558994739
2026-07-15 07:30:00+00:00,1.5022942558994739
2026-07-15 07:35:00+00:00,1.5022942558994739
2026-07-15 07:40:00+00:00,1.5022942558994739
2026-07-15 07:45:00+00:00,1.5022942558994739
2026-07-15 07:50:00+00:00,1.5022942558994739
2026-07-15 07:55:00+00:00,1.5022942558994739
2026-07-15 08:00:00+00:00,1.5022942558994739
2026-07-15 08:05:00+00:00,1.5022942558994739
2026-07-15 08:10:00+00:00,1.5022942558994739
2026-07-15 08:15:00+00:00,1.5022942558994739
2026-07-15 08:20:00+00:00,1.5022942558994739
2026-07-15 08:25:00+00:00,1.5022942558994739
2026-07-15 08:30:00+00:00,1.5022942558994739
2026-07-15 08:35:00+00:00,1.5022942558994739
2026-07-15 08:40:00+00:00,1.5022942558994739
2026-07-15 08:45:00+00:00,1.5022942558994739
2026-07-15 08:50:00+00:00,1.5022942558994739
2026-07-15 08:55:00+00:00,1.5022942558994739
2026-07-15 09:00:00+00:00,1.5022942558994739
2026-07-15 09:05:00+00:00,1.5022942558994739
2026-07-15 09:10:00+00:00,1.5022942558994739
2026-07-15 09:15:00+00:00,1.5022942558994739
2026-07-15 09:20:00+00:00,1.5022942558994739
2026-07-15 09:25:00+00:00,1.5022942558994739
2026-07-15 09:30:00+00:00,1.5022942558994739
2026-07-15 09:35:00+00:00,1.5022942558994739
2026-07-15 09:40:00+00:00,1.5022942558994739
2026-07-15 09:45:00+00:00,1.5022942558994739
2026-07-15 09:50:00+00:00,1.5022942558994739
2026-07-15 09:55:00+00:00,1.5022942558994739
2026-07-15 10:00:00+00:00,1.5022942558994739
2026-07-15 10:05:00+00:00,1.5022942558994739
2026-07-15 10:10:00+00:00,1.5022942558994739
2026-07-15 10:15:00+00:00,1.5022942558994739
2026-07-15 10:20:00+00:00,1.5022942558994739
2026-07-15 10:25:00+00:00,1.5022942558994739
2026-07-15 10:30:00+00:00,1.5022942558994739
2026-07-15 10:35:00+00:00,1.5022942558994739
2026-07-15 10:40:00+00:00,1.5022942558994739
2026-07-15 10:45:00+00:00,1.5022942558994739
2026-07-15 10:50:00+00:00,1.5022942558994739
2026-07-15 10:55:00+00:00,1.5022942558994739
2026-07-15 11:00:00+00:00,1.5022942558994739
2026-07-15 11:05:00+00:00,1.5022942558994739
2026-07-15 11:10:00+00:00,1.5022942558994739
2026-07-15 11:15:00+00:00,1.5022942558994739
2026-07-15 11:20:00+00:00,1.5022942558994739
2026-07-15 11:25:00+00:00,1.5022942558994739
2026-07-15 11:30:00+00:00,1.5022942558994739
2026-07-15 11:35:00+00:00,1.5022942558994739
2026-07-15 11:40:00+00:00,1.5022942558994739
2026-07-15 11:45:00+00:00,1.5022942558994739
2026-07-15 11:50:00+00:00,1.5022942558994739
2026-07-15 11:55:00+00:00,1.5022942558994739
2026-07-15 12:00:00+00:00,1.5022942558994739
2026-07-15 12:05:00+00:00,1.5022942558994739
2026-07-15 12:10:00+00:00,1.5022942558994739
2026-07-15 12:15:00+00:00,1.5022942558994739
2026-07-15 12:20:00+00:00,1.5022942558994739
2026-07-15 12:25:00+00:00,1.5022942558994739
2026-07-15 12:30:00+00:00,1.5022942558994739
2026-07-15 12:35:00+00:00,1.5022942558994739
2026-07-15 12:40:00+00:00,1.5022942558994739
2026-07-15 12:45:00+00:00,1.5022942558994739
2026-07-15 12:50:00+00:00,1.5022942558994739
2026-07-15 12:55:00+00:00,1.5022942558994739
2026-07-15 13:00:00+00:00,1.5022942558994739
2026-07-15 13:05:00+00:00,1.5022942558994739
2026-07-15 13:10:00+00:00,1.5022942558994739
2026-07-15 13:15:00+00:00,1.5022942558994739
2026-07-15 13:20:00+00:00,1.5022942558994739
2026-07-15 13:25:00+00:00,1.5022942558994739
2026-07-15 13:30:00+00:00,1.5022942558994739
2026-07-15 13:35:00+00:00,1.5022942558994739
2026-07-15 13:40:00+00:00,1.5022942558994739
2026-07-15 13:45:00+00:00,1.5022942558994739
2026-07-15 13:50:00+00:00,1.5022942558994739
2026-07-15 13:55:00+00:00,1.5022942558994739
2026-07-15 14:00:00+00:00,1.5022942558994739
2026-07-15 14:05:00+00:00,1.5022942558994739
2026-07-15 14:10:00+00:00,1.5022942558994739
2026-07-15 14:15:00+00:00,1.5022942558994739
2026-07-15 14:20:00+00:00,1.5022942558994739
2026-07-15 14:25:00+00:00,1.5022942558994739
2026-07-15 14:30:00+00:00,1.5022942558994739
2026-07-15 14:35:00+00:00,1.5022942558994739
2026-07-15 14:40:00+00:00,1.5022942558994739
2026-07-15 14:45:00+00:00,1.5022942558994739
2026-07-15 14:50:00+00:00,1.5022942558994739
2026-07-15 14:55:00+00:00,1.5022942558994739
2026-07-15 15:00:00+00:00,1.5022942558994739
2026-07-15 15:05:00+00:00,1.5022942558994739
2026-07-15 15:10:00+00:00,1.5022942558994739
2026-07-15 15:15:00+00:00,1.5022942558994739
2026-07-15 15:20:00+00:00,1.5022942558994739
2026-07-15 15:25:00+00:00,1.5022942558994739
2026-07-15 15:30:00+00:00,1.5022942558994739
2026-07-15 15:35:00+00:00,1.5022942558994739
2026-07-15 15:40:00+00:00,1.5022942558994739
2026-07-15 15:45:00+00:00,1.5022942558994739
2026-07-15 15:50:00+00:00,1.5022942558994739
2026-07-15 15:55:00+00:00,1.5022942558994739
2026-07-15 16:00:00+00:00,1.5022942558994739
2026-07-15 16:05:00+00:00,1.5022942558994739
2026-07-15 16:10:00+00:00,1.5022942558994739
2026-07-15 16:15:00+00:00,1.5022942558994739
2026-07-15 16:20:00+00:00,1.5022942558994739
2026-07-15 16:25:00+00:00,1.5022942558994739
2026-07-15 16:30:00+00:00,1.5022942558994739
2026-07-15 16:35:00+00:00,1.5022942558994739
2026-07-15 16:40:00+00:00,1.5022942558994739
2026-07-15 16:45:00+00:00,1.5022942558994739
2026-07-15 16:50:00+00:00,1.5022942558994739
2026-07-15 16:55:00+00:00,1.5022942558994739
2026-07-15 17:00:00+00:00,1.5022942558994739
2026-07-15 17:05:00+00:00,1.5022942558994739
2026-07-15 17:10:00+00:00,1.5022942558994739
2026-07-15 17:15:00+00:00,1.5022942558994739
2026-07-15 17:20:00+00:00,1.5022942558994739
2026-07-15 17:25:00+00:00,1.5022942558994739
2026-07-15 17:30:00+00:00,1.5022942558994739
2026-07-15 17:35:00+00:00,1.5022942558994739
2026-07-15 17:40:00+00:00,1.5022942558994739
2026-07-15 17:45:00+00:00,1.5022942558994739
2026-07-15 17:50:00+00:00,1.5022942558994739
2026-07-15 17:55:00+00:00,1.5022942558994739
2026-07-15 18:00:00+00:00,1.5022942558994739
2026-07-15 18:05:00+00:00,1.5022942558994739
2026-07-15 18:10:00+00:00,1.5022942558994739
2026-07-15 18:15:00+00:00,1.5022942558994739
2026-07-15 18:20:00+00:00,1.5022942558994739
2026-07-15 18:25:00+00:00,1.5022942558994739
2026-07-15 18:30:00+00:00,1.5022942558994739
2026-07-15 18:35:00+00:00,1.5022942558994739
2026-07-15 18:40:00+00:00,1.5022942558994739
2026-07-15 18:45:00+00:00,1.5022942558994739
2026-07-15 18:50:00+00:00,1.5022942558994739
2026-07-15 18:55:00+00:00,1.5022942558994739
2026-07-15 19:00:00+00:00,1.5022942558994739
2026-07-15 19:05:00+00:00,1.5022942558994739
2026-07-15 19:10:00+00:00,1.5022942558994739
2026-07-15 19:15:00+00:00,1.5022942558994739
2026-07-15 19:20:00+00:00,1.5022942558994739
2026-07-15 19:25:00+00:00,1.5022942558994739
2026-07-15 19:30:00+00:00,1.5022942558994739
2026-07-15 19:35:00+00:00,1.5022942558994739
2026-07-15 19:40:00+00:00,1.5022942558994739
2026-07-15 19:45:00+00:00,1.5022942558994739
2026-07-15 19:50:00+00:00,1.5022942558994739
2026-07-15 19:55:00+00:00,1.5022942558994739
2026-07-15 20:15:00+00:00,1.5022942558994739
2026-07-15 20:20:00+00:00,1.5022942558994739
2026-07-15 20:25:00+00:00,1.5022942558994739
2026-07-15 20:30:00+00:00,1.5022942558994739
2026-07-15 20:35:00+00:00,1.5022942558994739
2026-07-15 20:40:00+00:00,1.5022942558994739
2026-07-15 20:45:00+00:00,1.5022942558994739
2026-07-15 20:50:00+00:00,1.5022942558994739
2026-07-15 20:55:00+00:00,1.5022942558994739
2026-07-15 21:00:00+00:00,1.5022942558994739
2026-07-15 21:05:00+00:00,1.5022942558994739
2026-07-15 21:10:00+00:00,1.5022942558994739
2026-07-15 21:15:00+00:00,1.5022942558994739
2026-07-15 21:20:00+00:00,1.5022942558994739
2026-07-15 21:25:00+00:00,1.5022942558994739
2026-07-15 21:30:00+00:00,1.5022942558994739
2026-07-15 21:35:00+00:00,1.5022942558994739
2026-07-15 21:40:00+00:00,1.5022942558994739
2026-07-15 21:45:00+00:00,1.5022942558994739
2026-07-15 21:50:00+00:00,1.5022942558994739
2026-07-15 21:55:00+00:00,1.5022942558994739
2026-07-15 22:00:00+00:00,1.5022942558994739
2026-07-15 22:05:00+00:00,1.5022942558994739
2026-07-15 22:10:00+00:00,1.5022942558994739
2026-07-15 22:15:00+00:00,1.5022942558994739
2026-07-15 22:20:00+00:00,1.5022942558994739
2026-07-15 22:25:00+00:00,1.5022942558994739
2026-07-15 22:30:00+00:00,1.5022942558994739
2026-07-15 22:35:00+00:00,1.5022942558994739
2026-07-15 22:40:00+00:00,1.5022942558994739
2026-07-15 22:45:00+00:00,1.5022942558994739
2026-07-15 22:50:00+00:00,1.5022942558994739
2026-07-15 22:55:00+00:00,1.5022942558994739
2026-07-15 23:00:00+00:00,1.5022942558994739
2026-07-15 23:05:00+00:00,1.5022942558994739
2026-07-15 23:10:00+00:00,1.5022942558994739
2026-07-15 23:15:00+00:00,1.5022942558994739
2026-07-15 23:20:00+00:00,1.5022942558994739
2026-07-15 23:25:00+00:00,1.5022942558994739
2026-07-15 23:30:00+00:00,1.5022942558994739
2026-07-15 23:35:00+00:00,1.5022942558994739
2026-07-15 23:40:00+00:00,1.5022942558994739
2026-07-15 23:45:00+00:00,1.5022942558994739
2026-07-15 23:50:00+00:00,1.5022942558994739
2026-07-15 23:55:00+00:00,1.5022942558994739
2026-07-16 00:00:00+00:00,1.5022942558994739
2026-07-16 00:05:00+00:00,1.5022942558994739
2026-07-16 00:10:00+00:00,1.5022942558994739
2026-07-16 00:15:00+00:00,1.5022942558994739
2026-07-16 00:20:00+00:00,1.5022942558994739
2026-07-16 00:25:00+00:00,1.5022942558994739
2026-07-16 00:30:00+00:00,1.5022942558994739
2026-07-16 00:35:00+00:00,1.5022942558994739
2026-07-16 00:40:00+00:00,1.5022942558994739
2026-07-16 00:45:00+00:00,1.5022942558994739
2026-07-16 00:50:00+00:00,1.5022942558994739
2026-07-16 00:55:00+00:00,1.5022942558994739
2026-07-16 01:00:00+00:00,1.5022942558994739
2026-07-16 01:05:00+00:00,1.5022942558994739
2026-07-16 01:10:00+00:00,1.5022942558994739
2026-07-16 01:15:00+00:00,1.5022942558994739
2026-07-16 01:20:00+00:00,1.5022942558994739
2026-07-16 01:25:00+00:00,1.5022942558994739
2026-07-16 01:30:00+00:00,1.5022942558994739
2026-07-16 01:35:00+00:00,1.5022942558994739
2026-07-16 01:40:00+00:00,1.5022942558994739
2026-07-16 01:45:00+00:00,1.5022942558994739
2026-07-16 01:50:00+00:00,1.5022942558994739
2026-07-16 01:55:00+00:00,1.5022942558994739
2026-07-16 02:00:00+00:00,1.5022942558994739
2026-07-16 02:05:00+00:00,1.5022942558994739
2026-07-16 02:10:00+00:00,1.5022942558994739
2026-07-16 02:15:00+00:00,1.5022942558994739
2026-07-16 02:20:00+00:00,1.5022942558994739
2026-07-16 02:25:00+00:00,1.5022942558994739
2026-07-16 02:30:00+00:00,1.5022942558994739
2026-07-16 02:35:00+00:00,1.5022942558994739
2026-07-16 02:40:00+00:00,1.5022942558994739
2026-07-16 02:45:00+00:00,1.5022942558994739
2026-07-16 02:50:00+00:00,1.5022942558994739
2026-07-16 02:55:00+00:00,1.5022942558994739
2026-07-16 03:00:00+00:00,1.5022942558994739
2026-07-16 03:05:00+00:00,1.5022942558994739
2026-07-16 03:10:00+00:00,1.5022942558994739
2026-07-16 03:15:00+00:00,1.5022942558994739
2026-07-16 03:20:00+00:00,1.5022942558994739
2026-07-16 03:25:00+00:00,1.5022942558994739
2026-07-16 03:30:00+00:00,1.5022942558994739
2026-07-16 03:35:00+00:00,1.5022942558994739
2026-07-16 03:40:00+00:00,1.5022942558994739
2026-07-16 03:45:00+00:00,1.5022942558994739
2026-07-16 03:50:00+00:00,1.5022942558994739
2026-07-16 03:55:00+00:00,1.5022942558994739
2026-07-16 04:00:00+00:00,1.5022942558994739
2026-07-16 04:05:00+00:00,1.5022942558994739
2026-07-16 04:10:00+00:00,1.5022942558994739
2026-07-16 04:15:00+00:00,1.5022942558994739
2026-07-16 04:20:00+00:00,1.5022942558994739
2026-07-16 04:25:00+00:00,1.5022942558994739
2026-07-16 04:30:00+00:00,1.5022942558994739
2026-07-16 04:35:00+00:00,1.5022942558994739
2026-07-16 04:40:00+00:00,1.5022942558994739
2026-07-16 04:45:00+00:00,1.5022942558994739
2026-07-16 04:50:00+00:00,1.5022942558994739
2026-07-16 04:55:00+00:00,1.5022942558994739
2026-07-16 05:00:00+00:00,1.5022942558994739
2026-07-16 05:05:00+00:00,1.5022942558994739
2026-07-16 05:10:00+00:00,1.5022942558994739
2026-07-16 05:15:00+00:00,1.5022942558994739
2026-07-16 05:20:00+00:00,1.5022942558994739
2026-07-16 05:25:00+00:00,1.5022942558994739
2026-07-16 05:30:00+00:00,1.5022942558994739
2026-07-16 05:35:00+00:00,1.5022942558994739
2026-07-16 05:40:00+00:00,1.5022942558994739
2026-07-16 05:45:00+00:00,1.5022942558994739
2026-07-16 05:50:00+00:00,1.5022942558994739
2026-07-16 05:55:00+00:00,1.5022942558994739
2026-07-16 06:00:00+00:00,1.5022942558994739
2026-07-16 06:05:00+00:00,1.5022942558994739
2026-07-16 06:10:00+00:00,1.5022942558994739
2026-07-16 06:15:00+00:00,1.5022942558994739
2026-07-16 06:20:00+00:00,1.5022942558994739
2026-07-16 06:25:00+00:00,1.5022942558994739
2026-07-16 06:30:00+00:00,1.5022942558994739
2026-07-16 06:35:00+00:00,1.5022942558994739
2026-07-16 06:40:00+00:00,1.5022942558994739
2026-07-16 06:45:00+00:00,1.5022942558994739
2026-07-16 06:50:00+00:00,1.5022942558994739
2026-07-16 06:55:00+00:00,1.5022942558994739
2026-07-16 07:00:00+00:00,1.5022942558994739
2026-07-16 07:05:00+00:00,1.5022942558994739
2026-07-16 07:10:00+00:00,1.5022942558994739
2026-07-16 07:15:00+00:00,1.5022942558994739
2026-07-16 07:20:00+00:00,1.5022942558994739
2026-07-16 07:25:00+00:00,1.5022942558994739
2026-07-16 07:30:00+00:00,1.5022942558994739
2026-07-16 07:35:00+00:00,1.5022942558994739
2026-07-16 07:40:00+00:00,1.5022942558994739
2026-07-16 07:45:00+00:00,1.5022942558994739
2026-07-16 07:50:00+00:00,1.5022942558994739
2026-07-16 07:55:00+00:00,1.5022942558994739
2026-07-16 08:00:00+00:00,1.5022942558994739
2026-07-16 08:05:00+00:00,1.5022942558994739
2026-07-16 08:10:00+00:00,1.5022942558994739
2026-07-16 08:15:00+00:00,1.5022942558994739
2026-07-16 08:20:00+00:00,1.5022942558994739
2026-07-16 08:25:00+00:00,1.5022942558994739
2026-07-16 08:30:00+00:00,1.5022942558994739
2026-07-16 08:35:00+00:00,1.5022942558994739
2026-07-16 08:40:00+00:00,1.5022942558994739
2026-07-16 08:45:00+00:00,1.5022942558994739
2026-07-16 08:50:00+00:00,1.5022942558994739
2026-07-16 08:55:00+00:00,1.5022942558994739
2026-07-16 09:00:00+00:00,1.5022942558994739
2026-07-16 09:05:00+00:00,1.5022942558994739
2026-07-16 09:10:00+00:00,1.5022942558994739
2026-07-16 09:15:00+00:00,1.5022942558994739
2026-07-16 09:20:00+00:00,1.5022942558994739
2026-07-16 09:25:00+00:00,1.5022942558994739
2026-07-16 09:30:00+00:00,1.5022942558994739
2026-07-16 09:35:00+00:00,1.5022942558994739
2026-07-16 09:40:00+00:00,1.5022942558994739
2026-07-16 09:45:00+00:00,1.5022942558994739
2026-07-16 09:50:00+00:00,1.5022942558994739
2026-07-16 09:55:00+00:00,1.5022942558994739
2026-07-16 10:00:00+00:00,1.5022942558994739
2026-07-16 10:05:00+00:00,1.5022942558994739
2026-07-16 10:10:00+00:00,1.5022942558994739
2026-07-16 10:15:00+00:00,1.5022942558994739
2026-07-16 10:20:00+00:00,1.5022942558994739
2026-07-16 10:25:00+00:00,1.5022942558994739
2026-07-16 10:30:00+00:00,1.5022942558994739
2026-07-16 10:35:00+00:00,1.5022942558994739
2026-07-16 10:40:00+00:00,1.5022942558994739
2026-07-16 10:45:00+00:00,1.5022942558994739
2026-07-16 10:50:00+00:00,1.5022942558994739
2026-07-16 10:55:00+00:00,1.5022942558994739
2026-07-16 11:00:00+00:00,1.5022942558994739
2026-07-16 11:05:00+00:00,1.5022942558994739
2026-07-16 11:10:00+00:00,1.5022942558994739
2026-07-16 11:15:00+00:00,1.5022942558994739
2026-07-16 11:20:00+00:00,1.5022942558994739
2026-07-16 11:25:00+00:00,1.5022942558994739
2026-07-16 11:30:00+00:00,1.5022942558994739
2026-07-16 11:35:00+00:00,1.5022942558994739
2026-07-16 11:40:00+00:00,1.5022942558994739
2026-07-16 11:45:00+00:00,1.5022942558994739
2026-07-16 11:50:00+00:00,1.5022942558994739
2026-07-16 11:55:00+00:00,1.5022942558994739
2026-07-16 12:00:00+00:00,1.5022942558994739
2026-07-16 12:05:00+00:00,1.5022942558994739
2026-07-16 12:10:00+00:00,1.5022942558994739
2026-07-16 12:15:00+00:00,1.5022942558994739
2026-07-16 12:20:00+00:00,1.5022942558994739
2026-07-16 12:25:00+00:00,1.5022942558994739
2026-07-16 12:30:00+00:00,1.5022942558994739
2026-07-16 12:35:00+00:00,1.5022942558994739
2026-07-16 12:40:00+00:00,1.5022942558994739
2026-07-16 12:45:00+00:00,1.5022942558994739
2026-07-16 12:50:00+00:00,1.5022942558994739
2026-07-16 12:55:00+00:00,1.5022942558994739
2026-07-16 13:00:00+00:00,1.5022942558994739
2026-07-16 13:05:00+00:00,1.5022942558994739
2026-07-16 13:10:00+00:00,1.5022942558994739
2026-07-16 13:15:00+00:00,1.5022942558994739
2026-07-16 13:20:00+00:00,1.5022942558994739
2026-07-16 13:25:00+00:00,1.5022942558994739
2026-07-16 13:30:00+00:00,1.5022942558994739
2026-07-16 13:35:00+00:00,1.5022942558994739
2026-07-16 13:40:00+00:00,1.5022942558994739
2026-07-16 13:45:00+00:00,1.5022942558994739
2026-07-16 13:50:00+00:00,1.5022942558994739
2026-07-16 13:55:00+00:00,1.5022942558994739
2026-07-16 14:00:00+00:00,1.5022942558994739
2026-07-16 14:05:00+00:00,1.5022942558994739
2026-07-16 14:10:00+00:00,1.5022942558994739
2026-07-16 14:15:00+00:00,1.5022942558994739
2026-07-16 14:20:00+00:00,1.5022942558994739
2026-07-16 14:25:00+00:00,1.5022942558994739
2026-07-16 14:30:00+00:00,1.5022942558994739
2026-07-16 14:35:00+00:00,1.5022942558994739
2026-07-16 14:40:00+00:00,1.5022942558994739
2026-07-16 14:45:00+00:00,1.5022942558994739
2026-07-16 14:50:00+00:00,1.5022942558994739
2026-07-16 14:55:00+00:00,1.5022942558994739
2026-07-16 15:00:00+00:00,1.5022942558994739
2026-07-16 15:05:00+00:00,1.5022942558994739
2026-07-16 15:10:00+00:00,1.5022942558994739
2026-07-16 15:15:00+00:00,1.5022942558994739
2026-07-16 15:20:00+00:00,1.5022942558994739
2026-07-16 15:25:00+00:00,1.5022942558994739
2026-07-16 15:30:00+00:00,1.5022942558994739
2026-07-16 15:35:00+00:00,1.5022942558994739
2026-07-16 15:40:00+00:00,1.5022942558994739
2026-07-16 15:45:00+00:00,1.5022942558994739
2026-07-16 15:50:00+00:00,1.5022942558994739
2026-07-16 15:55:00+00:00,1.5022942558994739
2026-07-16 16:00:00+00:00,1.5022942558994739
2026-07-16 16:05:00+00:00,1.5022942558994739
2026-07-16 16:10:00+00:00,1.5022942558994739
2026-07-16 16:15:00+00:00,1.5022942558994739
2026-07-16 16:20:00+00:00,1.5022942558994739
2026-07-16 16:25:00+00:00,1.5022942558994739
2026-07-16 16:30:00+00:00,1.5022942558994739
2026-07-16 16:35:00+00:00,1.5022942558994739
2026-07-16 16:40:00+00:00,1.5022942558994739
2026-07-16 16:45:00+00:00,1.5022942558994739
2026-07-16 16:50:00+00:00,1.5022942558994739
2026-07-16 16:55:00+00:00,1.5022942558994739
2026-07-16 17:00:00+00:00,1.5022942558994739
2026-07-16 17:05:00+00:00,1.5022942558994739
2026-07-16 17:10:00+00:00,1.5022942558994739
2026-07-16 17:15:00+00:00,1.5022942558994739
2026-07-16 17:20:00+00:00,1.5022942558994739
2026-07-16 17:25:00+00:00,1.5022942558994739
2026-07-16 17:30:00+00:00,1.5022942558994739
2026-07-16 17:35:00+00:00,1.5022942558994739
2026-07-16 17:40:00+00:00,1.5022942558994739
2026-07-16 17:45:00+00:00,1.5022942558994739
2026-07-16 17:50:00+00:00,1.5022942558994739
2026-07-16 17:55:00+00:00,1.5022942558994739
2026-07-16 18:00:00+00:00,1.5022942558994739
2026-07-16 18:05:00+00:00,1.5022942558994739
2026-07-16 18:10:00+00:00,1.5022942558994739
2026-07-16 18:15:00+00:00,1.5022942558994739
2026-07-16 18:20:00+00:00,1.5022942558994739
2026-07-16 18:25:00+00:00,1.5022942558994739
2026-07-16 18:30:00+00:00,1.5022942558994739
2026-07-16 18:35:00+00:00,1.5022942558994739
2026-07-16 18:40:00+00:00,1.5022942558994739
2026-07-16 18:45:00+00:00,1.5022942558994739
2026-07-16 18:50:00+00:00,1.5022942558994739
2026-07-16 18:55:00+00:00,1.5022942558994739
2026-07-16 19:00:00+00:00,1.5022942558994739
2026-07-16 19:05:00+00:00,1.5022942558994739
2026-07-16 19:10:00+00:00,1.5022942558994739
2026-07-16 19:15:00+00:00,1.5022942558994739
2026-07-16 19:20:00+00:00,1.5022942558994739
2026-07-16 19:25:00+00:00,1.5022942558994739
2026-07-16 19:30:00+00:00,1.5022942558994739
2026-07-16 19:35:00+00:00,1.5022942558994739
2026-07-16 19:40:00+00:00,1.5022942558994739
2026-07-16 19:45:00+00:00,1.5022942558994739
2026-07-16 19:50:00+00:00,1.5022942558994739
2026-07-16 19:55:00+00:00,1.5022942558994739
2026-07-16 20:00:00+00:00,1.5022942558994739
2026-07-16 20:05:00+00:00,1.5022942558994739
2026-07-16 20:10:00+00:00,1.5022942558994739
2026-07-16 20:15:00+00:00,1.5022942558994739
2026-07-16 20:20:00+00:00,1.5022942558994739
2026-07-16 20:25:00+00:00,1.5022942558994739
2026-07-16 20:30:00+00:00,1.5022942558994739
2026-07-16 20:35:00+00:00,1.5022942558994739
2026-07-16 20:40:00+00:00,1.5022942558994739
2026-07-16 20:45:00+00:00,1.5022942558994739
2026-07-16 20:50:00+00:00,1.5022942558994739
2026-07-16 20:55:00+00:00,1.5022942558994739
2026-07-16 21:00:00+00:00,1.5022942558994739
2026-07-16 21:05:00+00:00,1.5022942558994739
2026-07-16 21:10:00+00:00,1.5022942558994739
2026-07-16 21:15:00+00:00,1.5022942558994739
2026-07-16 21:20:00+00:00,1.5022942558994739
2026-07-16 21:25:00+00:00,1.5022942558994739
2026-07-16 21:30:00+00:00,1.5022942558994739
2026-07-16 21:35:00+00:00,1.5022942558994739
2026-07-16 21:40:00+00:00,1.5022942558994739
2026-07-16 21:45:00+00:00,1.5022942558994739
2026-07-16 21:50:00+00:00,1.5022942558994739
2026-07-16 21:55:00+00:00,1.5022942558994739
2026-07-16 22:00:00+00:00,1.5022942558994739
2026-07-16 22:05:00+00:00,1.5022942558994739
2026-07-16 22:10:00+00:00,1.5022942558994739
2026-07-16 22:15:00+00:00,1.5022942558994739
2026-07-16 22:20:00+00:00,1.5022942558994739
2026-07-16 22:25:00+00:00,1.5022942558994739
2026-07-16 22:30:00+00:00,1.5022942558994739
2026-07-16 22:35:00+00:00,1.5022942558994739
2026-07-16 22:40:00+00:00,1.5022942558994739
2026-07-16 22:45:00+00:00,1.5022942558994739
2026-07-16 22:50:00+00:00,1.5022942558994739
2026-07-16 22:55:00+00:00,1.5022942558994739
2026-07-16 23:00:00+00:00,1.5022942558994739
2026-07-16 23:05:00+00:00,1.5022942558994739
2026-07-16 23:10:00+00:00,1.5022942558994739
2026-07-16 23:15:00+00:00,1.5022942558994739
2026-07-16 23:20:00+00:00,1.5022942558994739
2026-07-16 23:25:00+00:00,1.5022942558994739
2026-07-16 23:30:00+00:00,1.5022942558994739
2026-07-16 23:35:00+00:00,1.5022942558994739
2026-07-16 23:40:00+00:00,1.5022942558994739
2026-07-16 23:45:00+00:00,1.5022942558994739
2026-07-16 23:50:00+00:00,1.5022942558994739
2026-07-16 23:55:00+00:00,1.5022942558994739
2026-07-17 00:00:00+00:00,1.5022942558994739
2026-07-17 00:05:00+00:00,1.5022942558994739
2026-07-17 00:10:00+00:00,1.5022942558994739
2026-07-17 00:15:00+00:00,1.5022942558994739
2026-07-17 00:20:00+00:00,1.5022942558994739
2026-07-17 00:25:00+00:00,1.5022942558994739
2026-07-17 00:30:00+00:00,1.5022942558994739
2026-07-17 00:35:00+00:00,1.5022942558994739
2026-07-17 00:40:00+00:00,1.5022942558994739
2026-07-17 00:45:00+00:00,1.5022942558994739
2026-07-17 00:50:00+00:00,1.5022942558994739
2026-07-17 00:55:00+00:00,1.5022942558994739
2026-07-17 01:00:00+00:00,1.5022942558994739
2026-07-17 01:05:00+00:00,1.5022942558994739
2026-07-17 01:10:00+00:00,1.5022942558994739
2026-07-17 01:15:00+00:00,1.5022942558994739
2026-07-17 01:20:00+00:00,1.5022942558994739
2026-07-17 01:25:00+00:00,1.5022942558994739
2026-07-17 01:30:00+00:00,1.5022942558994739
2026-07-17 01:35:00+00:00,1.5022942558994739
2026-07-17 01:40:00+00:00,1.5022942558994739
2026-07-17 01:45:00+00:00,1.5022942558994739
2026-07-17 01:50:00+00:00,1.5022942558994739
2026-07-17 01:55:00+00:00,1.5022942558994739
2026-07-17 02:00:00+00:00,1.5022942558994739
2026-07-17 02:05:00+00:00,1.5022942558994739
2026-07-17 02:10:00+00:00,1.5022942558994739
2026-07-17 02:15:00+00:00,1.5022942558994739
2026-07-17 02:20:00+00:00,1.5022942558994739
2026-07-17 02:25:00+00:00,1.5022942558994739
2026-07-17 02:30:00+00:00,1.5022942558994739
2026-07-17 02:35:00+00:00,1.5022942558994739
2026-07-17 02:40:00+00:00,1.5022942558994739
2026-07-17 02:45:00+00:00,1.5022942558994739
2026-07-17 02:50:00+00:00,1.5022942558994739
2026-07-17 02:55:00+00:00,1.5022942558994739
2026-07-17 03:00:00+00:00,1.5022942558994739
2026-07-17 03:05:00+00:00,1.5022942558994739
2026-07-17 03:10:00+00:00,1.5022942558994739
2026-07-17 03:15:00+00:00,1.5022942558994739
2026-07-17 03:20:00+00:00,1.5022942558994739
2026-07-17 03:25:00+00:00,1.5022942558994739
2026-07-17 03:30:00+00:00,1.5022942558994739
2026-07-17 03:35:00+00:00,1.5022942558994739
2026-07-17 03:40:00+00:00,1.5022942558994739
2026-07-17 03:45:00+00:00,1.5022942558994739
2026-07-17 03:50:00+00:00,1.5022942558994739
2026-07-17 03:55:00+00:00,1.5022942558994739
2026-07-17 04:00:00+00:00,1.5022942558994739
2026-07-17 04:05:00+00:00,1.5022942558994739
2026-07-17 04:10:00+00:00,1.5022942558994739
2026-07-17 04:15:00+00:00,1.5022942558994739
2026-07-17 04:20:00+00:00,1.5022942558994739
2026-07-17 04:25:00+00:00,1.5022942558994739
2026-07-17 04:30:00+00:00,1.5022942558994739
2026-07-17 04:35:00+00:00,1.5022942558994739
2026-07-17 04:40:00+00:00,1.5022942558994739
2026-07-17 04:45:00+00:00,1.5022942558994739
2026-07-17 04:50:00+00:00,1.5022942558994739
2026-07-17 04:55:00+00:00,1.5022942558994739
2026-07-17 05:00:00+00:00,1.5022942558994739
2026-07-17 05:05:00+00:00,1.5022942558994739
2026-07-17 05:10:00+00:00,1.5022942558994739
2026-07-17 05:15:00+00:00,1.5022942558994739
2026-07-17 05:20:00+00:00,1.5022942558994739
2026-07-17 05:25:00+00:00,1.5022942558994739
2026-07-17 05:30:00+00:00,1.5022942558994739
2026-07-17 05:35:00+00:00,1.5022942558994739
2026-07-17 05:40:00+00:00,1.5022942558994739
2026-07-17 05:45:00+00:00,1.5022942558994739
2026-07-17 05:50:00+00:00,1.5022942558994739
2026-07-17 05:55:00+00:00,1.5022942558994739
2026-07-17 06:00:00+00:00,1.5022942558994739
2026-07-17 06:05:00+00:00,1.5022942558994739
2026-07-17 06:10:00+00:00,1.5022942558994739
2026-07-17 06:15:00+00:00,1.5022942558994739
2026-07-17 06:20:00+00:00,1.5022942558994739
2026-07-17 06:25:00+00:00,1.5022942558994739
2026-07-17 06:30:00+00:00,1.5022942558994739
2026-07-17 06:35:00+00:00,1.5022942558994739
2026-07-17 06:40:00+00:00,1.5022942558994739
2026-07-17 06:45:00+00:00,1.5022942558994739
2026-07-17 06:50:00+00:00,1.5022942558994739
2026-07-17 06:55:00+00:00,1.5022942558994739
2026-07-17 07:00:00+00:00,1.5022942558994739
2026-07-17 07:05:00+00:00,1.5022942558994739
2026-07-17 07:10:00+00:00,1.5022942558994739
2026-07-17 07:15:00+00:00,1.5022942558994739
2026-07-17 07:20:00+00:00,1.5022942558994739
2026-07-17 07:25:00+00:00,1.5022942558994739
2026-07-17 07:30:00+00:00,1.5022942558994739
2026-07-17 07:35:00+00:00,1.5022942558994739
2026-07-17 07:40:00+00:00,1.5022942558994739
2026-07-17 07:45:00+00:00,1.5022942558994739
2026-07-17 07:50:00+00:00,1.5022942558994739
2026-07-17 07:55:00+00:00,1.5022942558994739
2026-07-17 08:00:00+00:00,1.5022942558994739
2026-07-17 08:05:00+00:00,1.5022942558994739
2026-07-17 08:10:00+00:00,1.5022942558994739
2026-07-17 08:15:00+00:00,1.5022942558994739
2026-07-17 08:20:00+00:00,1.5022942558994739
2026-07-17 08:25:00+00:00,1.5022942558994739
2026-07-17 08:30:00+00:00,1.5022942558994739
2026-07-17 08:35:00+00:00,1.5022942558994739
2026-07-17 08:40:00+00:00,1.5022942558994739
2026-07-17 08:45:00+00:00,1.5022942558994739
2026-07-17 08:50:00+00:00,1.5022942558994739
2026-07-17 08:55:00+00:00,1.5022942558994739
2026-07-17 09:00:00+00:00,1.5022942558994739
2026-07-17 09:05:00+00:00,1.5022942558994739
2026-07-17 09:10:00+00:00,1.5022942558994739
2026-07-17 09:15:00+00:00,1.5022942558994739
2026-07-17 09:20:00+00:00,1.5022942558994739
2026-07-17 09:25:00+00:00,1.5022942558994739
2026-07-17 09:30:00+00:00,1.5022942558994739
2026-07-17 09:35:00+00:00,1.5022942558994739
2026-07-17 09:40:00+00:00,1.5022942558994739
2026-07-17 09:45:00+00:00,1.5022942558994739
2026-07-17 09:50:00+00:00,1.5022942558994739
2026-07-17 09:55:00+00:00,1.5022942558994739
2026-07-17 10:00:00+00:00,1.5022942558994739
2026-07-17 10:05:00+00:00,1.5022942558994739
2026-07-17 10:10:00+00:00,1.9631506996125718
2026-07-17 10:15:00+00:00,1.8305818780967502
2026-07-17 10:20:00+00:00,2.287099453439569
2026-07-17 10:25:00+00:00,2.1937527959052145
2026-07-17 10:30:00+00:00,2.5086493888246926
2026-07-17 10:35:00+00:00,2.7162797317910288
2026-07-17 10:40:00+00:00,2.97912443643711
2026-07-17 10:45:00+00:00,3.080092955541704
2026-07-17 10:50:00+00:00,3.330252069527286
2026-07-17 10:55:00+00:00,2.8680878327991506
2026-07-17 11:00:00+00:00,3.295498714113722
2026-07-17 11:05:00+00:00,2.648188930215702
2026-07-17 11:10:00+00:00,2.858276593300359
2026-07-17 11:15:00+00:00,3.250315494180291
2026-07-17 11:20:00+00:00,3.400087334403536
2026-07-17 11:25:00+00:00,3.5659863663308995
2026-07-17 11:30:00+00:00,3.2847191175844577
2026-07-17 11:35:00+00:00,3.165019168244611
2026-07-17 11:40:00+00:00,3.6814181230209426
2026-07-17 11:45:00+00:00,3.1936650016052743
2026-07-17 11:50:00+00:00,3.399609506519254
2026-07-17 11:55:00+00:00,2.932969632189077
2026-07-17 12:00:00+00:00,3.6919272069142743
2026-07-17 12:05:00+00:00,3.7603788757383954
2026-07-17 12:10:00+00:00,3.695176149327422
2026-07-17 12:15:00+00:00,3.535247928215162
2026-07-17 12:20:00+00:00,3.2565318311288665
2026-07-17 12:25:00+00:00,3.669674487499757
2026-07-17 12:30:00+00:00,3.7383534019993108
2026-07-17 12:35:00+00:00,3.806101120074184
2026-07-17 12:40:00+00:00,4.099443407465868
2026-07-17 12:45:00+00:00,4.055321077570921
2026-07-17 12:50:00+00:00,3.849998491154887
2026-07-17 12:55:00+00:00,3.9934238948198075
2026-07-17 13:00:00+00:00,3.9972476331242834
2026-07-17 13:05:00+00:00,3.3814094613968937
2026-07-17 13:10:00+00:00,3.814791515674125
2026-07-17 13:15:00+00:00,3.574059151969804
2026-07-17 13:20:00+00:00,3.1351075804554807
2026-07-17 13:25:00+00:00,3.6803899158275133
2026-07-17 13:30:00+00:00,5.448701140605765
2026-07-17 13:35:00+00:00,5.448701140605765
2026-07-17 13:40:00+00:00,5.448701140605765
2026-07-17 13:45:00+00:00,5.448701140605765
2026-07-17 13:50:00+00:00,5.448701140605765
2026-07-17 13:55:00+00:00,5.448701140605765
2026-07-17 14:00:00+00:00,5.448701140605765
2026-07-17 14:05:00+00:00,5.448701140605765
2026-07-17 14:10:00+00:00,5.448701140605765
2026-07-17 14:15:00+00:00,5.448701140605765
2026-07-17 14:20:00+00:00,5.448701140605765
2026-07-17 14:25:00+00:00,5.448701140605765
2026-07-17 14:30:00+00:00,5.448701140605765
2026-07-17 14:35:00+00:00,5.448701140605765
2026-07-17 14:40:00+00:00,5.448701140605765
2026-07-17 14:45:00+00:00,5.448701140605765
2026-07-17 14:50:00+00:00,5.448701140605765
2026-07-17 14:55:00+00:00,5.448701140605765
2026-07-17 15:00:00+00:00,5.448701140605765
2026-07-17 15:05:00+00:00,5.448701140605765
2026-07-17 15:10:00+00:00,5.448701140605765
2026-07-17 15:15:00+00:00,5.448701140605765
2026-07-17 15:20:00+00:00,5.448701140605765
2026-07-17 15:25:00+00:00,5.448701140605765
2026-07-17 15:30:00+00:00,5.448701140605765
2026-07-17 15:35:00+00:00,5.448701140605765
2026-07-17 15:40:00+00:00,5.448701140605765
2026-07-17 15:45:00+00:00,5.448701140605765
2026-07-17 15:50:00+00:00,5.448701140605765
2026-07-17 15:55:00+00:00,5.448701140605765
2026-07-17 16:00:00+00:00,5.448701140605765
2026-07-17 16:05:00+00:00,5.448701140605765
2026-07-17 16:10:00+00:00,5.448701140605765
2026-07-17 16:15:00+00:00,5.448701140605765
2026-07-17 16:20:00+00:00,5.448701140605765
2026-07-17 16:25:00+00:00,5.448701140605765
2026-07-17 16:30:00+00:00,5.448701140605765
2026-07-17 16:35:00+00:00,5.448701140605765
2026-07-17 16:40:00+00:00,5.448701140605765
2026-07-17 16:45:00+00:00,5.448701140605765
2026-07-17 16:50:00+00:00,5.448701140605765
2026-07-17 16:55:00+00:00,5.448701140605765
2026-07-17 17:00:00+00:00,5.448701140605765
2026-07-17 17:05:00+00:00,5.448701140605765
2026-07-17 17:10:00+00:00,5.448701140605765
2026-07-17 17:15:00+00:00,5.448701140605765
2026-07-17 17:20:00+00:00,5.448701140605765
2026-07-17 17:25:00+00:00,5.448701140605765
2026-07-17 17:30:00+00:00,5.448701140605765
2026-07-17 17:35:00+00:00,5.448701140605765
2026-07-17 17:40:00+00:00,5.448701140605765
2026-07-17 17:45:00+00:00,5.448701140605765
2026-07-17 17:50:00+00:00,5.448701140605765
2026-07-17 17:55:00+00:00,5.448701140605765
2026-07-17 18:00:00+00:00,5.448701140605765
2026-07-17 18:05:00+00:00,5.448701140605765
2026-07-17 18:10:00+00:00,5.448701140605765
2026-07-17 18:15:00+00:00,5.448701140605765
2026-07-17 18:20:00+00:00,5.448701140605765
2026-07-17 18:25:00+00:00,5.448701140605765
2026-07-17 18:30:00+00:00,5.448701140605765
2026-07-17 18:35:00+00:00,5.448701140605765
2026-07-17 18:40:00+00:00,5.448701140605765
2026-07-17 18:45:00+00:00,5.448701140605765
2026-07-17 18:50:00+00:00,5.448701140605765
2026-07-17 18:55:00+00:00,5.448701140605765
2026-07-17 19:00:00+00:00,5.448701140605765
2026-07-17 19:05:00+00:00,5.448701140605765
2026-07-17 19:10:00+00:00,5.448701140605765
2026-07-17 19:15:00+00:00,5.448701140605765
2026-07-17 19:20:00+00:00,5.448701140605765
2026-07-17 19:25:00+00:00,5.448701140605765
2026-07-17 19:30:00+00:00,5.448701140605765
2026-07-17 19:35:00+00:00,5.448701140605765
2026-07-17 19:40:00+00:00,5.448701140605765
2026-07-17 19:45:00+00:00,5.448701140605765
2026-07-17 19:50:00+00:00,5.448701140605765
2026-07-17 19:55:00+00:00,5.448701140605765
2026-07-17 20:00:00+00:00,5.448701140605765
2026-07-17 20:05:00+00:00,5.448701140605765
2026-07-17 20:10:00+00:00,5.448701140605765
2026-07-17 20:15:00+00:00,5.448701140605765
2026-07-17 20:20:00+00:00,5.448701140605765
2026-07-17 20:25:00+00:00,5.448701140605765
2026-07-17 20:30:00+00:00,5.448701140605765
2026-07-17 20:35:00+00:00,5.448701140605765
2026-07-17 20:40:00+00:00,5.448701140605765
2026-07-17 20:45:00+00:00,5.448701140605765
2026-07-17 20:50:00+00:00,5.448701140605765
2026-07-17 20:55:00+00:00,5.448701140605765
2026-07-17 21:00:00+00:00,5.448701140605765
2026-07-17 21:05:00+00:00,5.448701140605765
2026-07-17 21:10:00+00:00,5.448701140605765
2026-07-17 21:15:00+00:00,5.448701140605765
2026-07-17 21:20:00+00:00,5.448701140605765
2026-07-17 21:25:00+00:00,5.448701140605765
2026-07-17 21:30:00+00:00,5.448701140605765
2026-07-17 21:35:00+00:00,5.448701140605765
2026-07-17 21:40:00+00:00,5.448701140605765
2026-07-17 21:45:00+00:00,5.448701140605765
2026-07-17 21:50:00+00:00,5.448701140605765
2026-07-17 21:55:00+00:00,5.448701140605765
2026-07-17 22:00:00+00:00,5.448701140605765
2026-07-17 22:05:00+00:00,5.448701140605765
2026-07-17 22:10:00+00:00,5.448701140605765
2026-07-17 22:15:00+00:00,5.448701140605765
2026-07-17 22:20:00+00:00,5.448701140605765
2026-07-17 22:25:00+00:00,5.448701140605765
2026-07-17 22:30:00+00:00,5.448701140605765
2026-07-17 22:35:00+00:00,5.448701140605765
2026-07-17 22:40:00+00:00,5.448701140605765
2026-07-17 22:45:00+00:00,5.448701140605765
2026-07-17 22:50:00+00:00,5.448701140605765
2026-07-17 22:55:00+00:00,5.448701140605765
2026-07-17 23:00:00+00:00,5.448701140605765
2026-07-17 23:05:00+00:00,5.448701140605765
2026-07-17 23:10:00+00:00,5.448701140605765
2026-07-17 23:15:00+00:00,5.448701140605765
2026-07-17 23:20:00+00:00,5.448701140605765
2026-07-17 23:25:00+00:00,5.448701140605765
2026-07-17 23:30:00+00:00,5.448701140605765
2026-07-17 23:35:00+00:00,5.448701140605765
2026-07-17 23:40:00+00:00,5.448701140605765
2026-07-17 23:45:00+00:00,5.448701140605765
2026-07-17 23:50:00+00:00,5.448701140605765
2026-07-17 23:55:00+00:00,5.448701140605765
2026-07-18 00:00:00+00:00,5.448701140605765
2026-07-18 00:05:00+00:00,5.448701140605765
2026-07-18 00:10:00+00:00,5.448701140605765
2026-07-18 00:15:00+00:00,5.448701140605765
2026-07-18 00:20:00+00:00,5.448701140605765
2026-07-18 00:25:00+00:00,5.448701140605765
2026-07-18 00:30:00+00:00,5.448701140605765
2026-07-18 00:35:00+00:00,5.448701140605765
2026-07-18 00:40:00+00:00,5.448701140605765
2026-07-18 00:45:00+00:00,5.448701140605765
2026-07-18 00:50:00+00:00,5.448701140605765
2026-07-18 00:55:00+00:00,5.448701140605765
2026-07-18 01:00:00+00:00,5.448701140605765
2026-07-18 01:05:00+00:00,5.448701140605765
2026-07-18 01:10:00+00:00,5.448701140605765
2026-07-18 01:15:00+00:00,5.448701140605765
2026-07-18 01:20:00+00:00,5.448701140605765
2026-07-18 01:25:00+00:00,5.448701140605765
2026-07-18 01:30:00+00:00,5.448701140605765
2026-07-18 01:35:00+00:00,5.448701140605765
2026-07-18 01:40:00+00:00,5.448701140605765
2026-07-18 01:45:00+00:00,5.448701140605765
2026-07-18 01:50:00+00:00,5.448701140605765
2026-07-18 01:55:00+00:00,5.448701140605765
2026-07-18 02:00:00+00:00,5.448701140605765
2026-07-18 02:05:00+00:00,5.448701140605765
2026-07-18 02:10:00+00:00,5.448701140605765
2026-07-18 02:15:00+00:00,5.448701140605765
2026-07-18 02:20:00+00:00,5.448701140605765
2026-07-18 02:25:00+00:00,5.448701140605765
2026-07-18 02:30:00+00:00,5.448701140605765
2026-07-18 02:35:00+00:00,5.448701140605765
2026-07-18 02:40:00+00:00,5.448701140605765
2026-07-18 02:45:00+00:00,5.448701140605765
2026-07-18 02:50:00+00:00,5.448701140605765
2026-07-18 02:55:00+00:00,5.448701140605765
2026-07-18 03:00:00+00:00,5.448701140605765
2026-07-18 03:05:00+00:00,5.448701140605765
2026-07-18 03:10:00+00:00,5.448701140605765
2026-07-18 03:15:00+00:00,5.448701140605765
2026-07-18 03:20:00+00:00,5.448701140605765
2026-07-18 03:25:00+00:00,5.448701140605765
2026-07-18 03:30:00+00:00,5.448701140605765
2026-07-18 03:35:00+00:00,5.448701140605765
2026-07-18 03:40:00+00:00,5.448701140605765
2026-07-18 03:45:00+00:00,5.448701140605765
2026-07-18 03:50:00+00:00,5.448701140605765
2026-07-18 03:55:00+00:00,5.448701140605765
2026-07-18 04:00:00+00:00,5.448701140605765
2026-07-18 04:05:00+00:00,5.448701140605765
2026-07-18 04:10:00+00:00,5.448701140605765
2026-07-18 04:15:00+00:00,5.448701140605765
2026-07-18 04:20:00+00:00,5.448701140605765
2026-07-18 04:25:00+00:00,5.448701140605765
2026-07-18 04:30:00+00:00,5.448701140605765
2026-07-18 04:35:00+00:00,5.448701140605765
2026-07-18 04:40:00+00:00,5.448701140605765
2026-07-18 04:45:00+00:00,5.448701140605765
2026-07-18 04:50:00+00:00,5.448701140605765
2026-07-18 04:55:00+00:00,5.448701140605765
2026-07-18 05:00:00+00:00,5.448701140605765
2026-07-18 05:05:00+00:00,5.448701140605765
2026-07-18 05:10:00+00:00,5.448701140605765
2026-07-18 05:15:00+00:00,5.448701140605765
2026-07-18 05:20:00+00:00,5.448701140605765
2026-07-18 05:25:00+00:00,5.448701140605765
2026-07-18 05:30:00+00:00,5.448701140605765
2026-07-18 05:35:00+00:00,5.448701140605765
2026-07-18 05:40:00+00:00,5.448701140605765
2026-07-18 05:45:00+00:00,5.448701140605765
2026-07-18 05:50:00+00:00,5.448701140605765
2026-07-18 05:55:00+00:00,5.448701140605765
2026-07-18 06:00:00+00:00,5.448701140605765
2026-07-18 06:05:00+00:00,5.448701140605765
2026-07-18 06:10:00+00:00,5.448701140605765
2026-07-18 06:15:00+00:00,5.448701140605765
2026-07-18 06:20:00+00:00,5.448701140605765
2026-07-18 06:25:00+00:00,5.448701140605765
2026-07-18 06:30:00+00:00,5.448701140605765
2026-07-18 06:35:00+00:00,5.448701140605765
2026-07-18 06:40:00+00:00,5.448701140605765
2026-07-18 06:45:00+00:00,5.448701140605765
2026-07-18 06:50:00+00:00,5.448701140605765
2026-07-18 06:55:00+00:00,5.448701140605765
2026-07-18 07:00:00+00:00,5.448701140605765
2026-07-18 07:05:00+00:00,5.448701140605765
2026-07-18 07:10:00+00:00,5.448701140605765
2026-07-18 07:15:00+00:00,5.448701140605765
2026-07-18 07:20:00+00:00,5.448701140605765
2026-07-18 07:25:00+00:00,5.448701140605765
2026-07-18 07:30:00+00:00,5.448701140605765
2026-07-18 07:35:00+00:00,5.448701140605765
2026-07-18 07:40:00+00:00,5.448701140605765
2026-07-18 07:45:00+00:00,5.448701140605765
2026-07-18 07:50:00+00:00,5.448701140605765
2026-07-18 07:55:00+00:00,5.448701140605765
2026-07-18 08:00:00+00:00,5.448701140605765
2026-07-18 08:05:00+00:00,5.448701140605765
2026-07-18 08:10:00+00:00,5.448701140605765
2026-07-18 08:15:00+00:00,5.448701140605765
2026-07-18 08:20:00+00:00,5.448701140605765
2026-07-18 08:25:00+00:00,5.448701140605765
2026-07-18 08:30:00+00:00,5.448701140605765
2026-07-18 08:35:00+00:00,5.448701140605765
2026-07-18 08:40:00+00:00,5.448701140605765
2026-07-18 08:45:00+00:00,5.448701140605765
2026-07-18 08:50:00+00:00,5.448701140605765
2026-07-18 08:55:00+00:00,5.448701140605765
2026-07-18 09:00:00+00:00,5.448701140605765
2026-07-18 09:05:00+00:00,5.448701140605765
2026-07-18 09:10:00+00:00,5.448701140605765
2026-07-18 09:15:00+00:00,5.448701140605765
2026-07-18 09:20:00+00:00,5.448701140605765
2026-07-18 09:25:00+00:00,5.448701140605765
2026-07-18 09:30:00+00:00,5.448701140605765
2026-07-18 09:35:00+00:00,5.448701140605765
2026-07-18 09:40:00+00:00,5.448701140605765
2026-07-18 09:45:00+00:00,5.448701140605765
2026-07-18 09:50:00+00:00,5.448701140605765
2026-07-18 09:55:00+00:00,5.448701140605765
2026-07-18 10:00:00+00:00,5.448701140605765
2026-07-18 10:05:00+00:00,5.448701140605765
2026-07-18 10:10:00+00:00,5.448701140605765
2026-07-18 10:15:00+00:00,5.448701140605765
2026-07-18 10:20:00+00:00,5.448701140605765
2026-07-18 10:25:00+00:00,5.448701140605765
2026-07-18 10:30:00+00:00,5.448701140605765
2026-07-18 10:35:00+00:00,5.448701140605765
2026-07-18 10:40:00+00:00,5.448701140605765
2026-07-18 10:45:00+00:00,5.448701140605765
2026-07-18 10:50:00+00:00,5.448701140605765
2026-07-18 10:55:00+00:00,5.448701140605765
2026-07-18 11:00:00+00:00,5.448701140605765
2026-07-18 11:05:00+00:00,5.448701140605765
2026-07-18 11:10:00+00:00,5.448701140605765
2026-07-18 11:15:00+00:00,5.448701140605765
2026-07-18 11:20:00+00:00,5.448701140605765
2026-07-18 11:25:00+00:00,5.448701140605765
2026-07-18 11:30:00+00:00,5.448701140605765
2026-07-18 11:35:00+00:00,5.448701140605765
2026-07-18 11:40:00+00:00,5.448701140605765
2026-07-18 11:45:00+00:00,5.448701140605765
2026-07-18 11:50:00+00:00,5.448701140605765
2026-07-18 11:55:00+00:00,5.448701140605765
2026-07-18 12:00:00+00:00,5.448701140605765
2026-07-18 12:05:00+00:00,5.448701140605765
2026-07-18 12:10:00+00:00,5.448701140605765
2026-07-18 12:15:00+00:00,5.448701140605765
2026-07-18 12:20:00+00:00,5.448701140605765
2026-07-18 12:25:00+00:00,5.448701140605765
2026-07-18 12:30:00+00:00,5.448701140605765
2026-07-18 12:35:00+00:00,5.448701140605765
2026-07-18 12:40:00+00:00,5.448701140605765
2026-07-18 12:45:00+00:00,5.448701140605765
2026-07-18 12:50:00+00:00,5.448701140605765
2026-07-18 12:55:00+00:00,5.448701140605765
2026-07-18 13:00:00+00:00,5.448701140605765
2026-07-18 13:05:00+00:00,5.448701140605765
2026-07-18 13:10:00+00:00,5.448701140605765
2026-07-18 13:15:00+00:00,5.448701140605765
2026-07-18 13:20:00+00:00,5.448701140605765
2026-07-18 13:25:00+00:00,5.448701140605765
2026-07-18 13:30:00+00:00,5.448701140605765
2026-07-18 13:35:00+00:00,5.448701140605765
2026-07-18 13:40:00+00:00,5.448701140605765
2026-07-18 13:45:00+00:00,5.448701140605765
2026-07-18 13:50:00+00:00,5.448701140605765
2026-07-18 13:55:00+00:00,5.448701140605765
2026-07-18 14:00:00+00:00,5.448701140605765
2026-07-18 14:05:00+00:00,5.448701140605765
2026-07-18 14:10:00+00:00,5.448701140605765
2026-07-18 14:15:00+00:00,5.448701140605765
2026-07-18 14:20:00+00:00,5.448701140605765
2026-07-18 14:25:00+00:00,5.448701140605765
2026-07-18 14:30:00+00:00,5.448701140605765
2026-07-18 14:35:00+00:00,5.448701140605765
2026-07-18 14:40:00+00:00,5.448701140605765
2026-07-18 14:45:00+00:00,5.448701140605765
2026-07-18 14:50:00+00:00,5.448701140605765
2026-07-18 14:55:00+00:00,5.448701140605765
2026-07-18 15:00:00+00:00,5.448701140605765
2026-07-18 15:05:00+00:00,5.448701140605765
2026-07-18 15:10:00+00:00,5.448701140605765
2026-07-18 15:15:00+00:00,5.448701140605765
2026-07-18 15:20:00+00:00,5.448701140605765
2026-07-18 15:25:00+00:00,5.448701140605765
2026-07-18 15:30:00+00:00,5.448701140605765
2026-07-18 15:35:00+00:00,5.448701140605765
2026-07-18 15:40:00+00:00,5.448701140605765
2026-07-18 15:45:00+00:00,5.448701140605765
2026-07-18 15:50:00+00:00,5.448701140605765
2026-07-18 15:55:00+00:00,5.448701140605765
2026-07-18 16:00:00+00:00,5.448701140605765
2026-07-18 16:05:00+00:00,5.448701140605765
2026-07-18 16:10:00+00:00,5.448701140605765
2026-07-18 16:15:00+00:00,5.448701140605765
2026-07-18 16:20:00+00:00,5.448701140605765
2026-07-18 16:25:00+00:00,5.448701140605765
2026-07-18 16:30:00+00:00,5.448701140605765
2026-07-18 16:35:00+00:00,5.448701140605765
2026-07-18 16:40:00+00:00,5.448701140605765
2026-07-18 16:45:00+00:00,5.448701140605765
2026-07-18 16:50:00+00:00,5.448701140605765
2026-07-18 16:55:00+00:00,5.448701140605765
2026-07-18 17:00:00+00:00,5.448701140605765
2026-07-18 17:05:00+00:00,5.448701140605765
2026-07-18 17:10:00+00:00,5.448701140605765
2026-07-18 17:15:00+00:00,5.448701140605765
2026-07-18 17:20:00+00:00,5.448701140605765
2026-07-18 17:25:00+00:00,5.448701140605765
2026-07-18 17:30:00+00:00,5.448701140605765
2026-07-18 17:35:00+00:00,5.448701140605765
2026-07-18 17:40:00+00:00,5.448701140605765
2026-07-18 17:45:00+00:00,5.448701140605765
2026-07-18 17:50:00+00:00,5.448701140605765
2026-07-18 17:55:00+00:00,5.448701140605765
2026-07-18 18:00:00+00:00,5.448701140605765
2026-07-18 18:05:00+00:00,5.448701140605765
2026-07-18 18:10:00+00:00,5.448701140605765
2026-07-18 18:15:00+00:00,5.448701140605765
2026-07-18 18:20:00+00:00,5.448701140605765
2026-07-18 18:25:00+00:00,5.448701140605765
2026-07-18 18:30:00+00:00,5.448701140605765
2026-07-18 18:35:00+00:00,5.448701140605765
2026-07-18 18:40:00+00:00,5.448701140605765
2026-07-18 18:45:00+00:00,5.448701140605765
2026-07-18 18:50:00+00:00,5.448701140605765
2026-07-18 18:55:00+00:00,5.448701140605765
2026-07-18 19:00:00+00:00,5.448701140605765
2026-07-18 19:05:00+00:00,5.448701140605765
2026-07-18 19:10:00+00:00,5.448701140605765
2026-07-18 19:15:00+00:00,5.448701140605765
2026-07-18 19:20:00+00:00,5.448701140605765
2026-07-18 19:25:00+00:00,5.448701140605765
2026-07-18 19:30:00+00:00,5.448701140605765
2026-07-18 19:35:00+00:00,5.448701140605765
2026-07-18 19:40:00+00:00,5.448701140605765
2026-07-18 19:45:00+00:00,5.448701140605765
2026-07-18 19:50:00+00:00,5.448701140605765
2026-07-18 19:55:00+00:00,5.448701140605765
2026-07-18 20:00:00+00:00,5.448701140605765
2026-07-18 20:05:00+00:00,5.448701140605765
2026-07-18 20:10:00+00:00,5.448701140605765
2026-07-18 20:15:00+00:00,5.448701140605765
2026-07-18 20:20:00+00:00,5.448701140605765
2026-07-18 20:25:00+00:00,5.448701140605765
2026-07-18 20:30:00+00:00,5.448701140605765
2026-07-18 20:35:00+00:00,5.448701140605765
2026-07-18 20:40:00+00:00,5.448701140605765
2026-07-18 20:45:00+00:00,5.448701140605765
2026-07-18 20:50:00+00:00,5.448701140605765
2026-07-18 20:55:00+00:00,5.448701140605765
2026-07-18 21:00:00+00:00,5.448701140605765
2026-07-18 21:05:00+00:00,5.448701140605765
2026-07-18 21:10:00+00:00,5.448701140605765
2026-07-18 21:15:00+00:00,5.448701140605765
2026-07-18 21:20:00+00:00,5.448701140605765
2026-07-18 21:25:00+00:00,5.448701140605765
2026-07-18 21:30:00+00:00,5.448701140605765
2026-07-18 21:35:00+00:00,5.448701140605765
2026-07-18 21:40:00+00:00,5.448701140605765
2026-07-18 21:45:00+00:00,5.448701140605765
2026-07-18 21:50:00+00:00,5.448701140605765
2026-07-18 21:55:00+00:00,5.448701140605765
2026-07-18 22:00:00+00:00,5.448701140605765
2026-07-18 22:05:00+00:00,5.448701140605765
2026-07-18 22:10:00+00:00,5.448701140605765
2026-07-18 22:15:00+00:00,5.448701140605765
2026-07-18 22:20:00+00:00,5.448701140605765
2026-07-18 22:25:00+00:00,5.448701140605765
2026-07-18 22:30:00+00:00,5.448701140605765
2026-07-18 22:35:00+00:00,5.448701140605765
2026-07-18 22:40:00+00:00,5.448701140605765
2026-07-18 22:45:00+00:00,5.448701140605765
2026-07-18 22:50:00+00:00,5.448701140605765
2026-07-18 22:55:00+00:00,5.448701140605765
2026-07-18 23:00:00+00:00,5.448701140605765
2026-07-18 23:05:00+00:00,5.448701140605765
2026-07-18 23:10:00+00:00,5.448701140605765
2026-07-18 23:15:00+00:00,5.448701140605765
2026-07-18 23:20:00+00:00,5.448701140605765
2026-07-18 23:25:00+00:00,5.448701140605765
2026-07-18 23:30:00+00:00,5.448701140605765
2026-07-18 23:35:00+00:00,5.448701140605765
2026-07-18 23:40:00+00:00,5.448701140605765
2026-07-18 23:45:00+00:00,5.448701140605765
2026-07-18 23:50:00+00:00,5.448701140605765
2026-07-18 23:55:00+00:00,5.448701140605765
2026-07-19 00:00:00+00:00,5.448701140605765
2026-07-19 00:05:00+00:00,5.448701140605765
2026-07-19 00:10:00+00:00,5.448701140605765
2026-07-19 00:15:00+00:00,5.448701140605765
2026-07-19 00:20:00+00:00,5.448701140605765
2026-07-19 00:25:00+00:00,5.448701140605765
2026-07-19 00:30:00+00:00,5.448701140605765
2026-07-19 00:35:00+00:00,5.448701140605765
2026-07-19 00:40:00+00:00,5.448701140605765
2026-07-19 00:45:00+00:00,5.448701140605765
2026-07-19 00:50:00+00:00,5.448701140605765
2026-07-19 00:55:00+00:00,5.448701140605765
2026-07-19 01:00:00+00:00,5.448701140605765
2026-07-19 01:05:00+00:00,5.448701140605765
2026-07-19 01:10:00+00:00,5.448701140605765
2026-07-19 01:15:00+00:00,5.448701140605765
2026-07-19 01:20:00+00:00,5.448701140605765
2026-07-19 01:25:00+00:00,5.448701140605765
2026-07-19 01:30:00+00:00,5.448701140605765
2026-07-19 01:35:00+00:00,5.448701140605765
2026-07-19 01:40:00+00:00,5.448701140605765
2026-07-19 01:45:00+00:00,5.448701140605765
2026-07-19 01:50:00+00:00,5.448701140605765
2026-07-19 01:55:00+00:00,5.448701140605765
2026-07-19 02:00:00+00:00,5.448701140605765
2026-07-19 02:05:00+00:00,5.448701140605765
2026-07-19 02:10:00+00:00,5.448701140605765
2026-07-19 02:15:00+00:00,5.448701140605765
2026-07-19 02:20:00+00:00,5.448701140605765
2026-07-19 02:25:00+00:00,5.448701140605765
2026-07-19 02:30:00+00:00,5.448701140605765
2026-07-19 02:35:00+00:00,5.448701140605765
2026-07-19 02:40:00+00:00,5.448701140605765
2026-07-19 02:45:00+00:00,5.448701140605765
2026-07-19 02:50:00+00:00,5.448701140605765
2026-07-19 02:55:00+00:00,5.448701140605765
2026-07-19 03:00:00+00:00,5.448701140605765
2026-07-19 03:05:00+00:00,5.448701140605765
2026-07-19 03:10:00+00:00,5.448701140605765
2026-07-19 03:15:00+00:00,5.448701140605765
2026-07-19 03:20:00+00:00,5.448701140605765
2026-07-19 03:25:00+00:00,5.448701140605765
2026-07-19 03:30:00+00:00,5.448701140605765
2026-07-19 03:35:00+00:00,5.448701140605765
2026-07-19 03:40:00+00:00,5.448701140605765
2026-07-19 03:45:00+00:00,5.448701140605765
2026-07-19 03:50:00+00:00,5.448701140605765
2026-07-19 03:55:00+00:00,5.448701140605765
2026-07-19 04:00:00+00:00,5.448701140605765
2026-07-19 04:05:00+00:00,5.448701140605765
2026-07-19 04:10:00+00:00,5.303406672210924
2026-07-19 04:15:00+00:00,5.336673819062847
2026-07-19 04:20:00+00:00,5.472119249004708
2026-07-19 04:25:00+00:00,5.319901426010558
2026-07-19 04:30:00+00:00,5.642451870927472
2026-07-19 04:35:00+00:00,5.581509770219855
2026-07-19 04:40:00+00:00,5.520245720526722
2026-07-19 04:45:00+00:00,5.693543492437163
2026-07-19 04:50:00+00:00,5.56032843448409
2026-07-19 04:55:00+00:00,5.652358901721692
2026-07-19 05:00:00+00:00,5.577839677882617
2026-07-19 05:05:00+00:00,5.671480227007235
2026-07-19 05:10:00+00:00,5.624220217646707
2026-07-19 05:15:00+00:00,5.7117532021618
2026-07-19 05:20:00+00:00,5.803449614588745
2026-07-19 05:25:00+00:00,5.596548498826008
2026-07-19 05:30:00+00:00,5.6890989277401705
2026-07-19 05:35:00+00:00,5.672274408671667
2026-07-19 05:40:00+00:00,5.593564547735346
2026-07-19 05:45:00+00:00,5.679056677904208
2026-07-19 05:50:00+00:00,5.559439259149039
2026-07-19 05:55:00+00:00,5.636938191266809
2026-07-19 06:00:00+00:00,5.576945897081513
2026-07-19 06:05:00+00:00,5.526709217927399
2026-07-19 06:10:00+00:00,5.585379580521659
2026-07-19 06:15:00+00:00,5.379133301203458
2026-07-19 06:20:00+00:00,5.4248421703662775
2026-07-19 06:25:00+00:00,5.415224809315893
2026-07-19 06:30:00+00:00,5.305091260796351
2026-07-19 06:35:00+00:00,5.393102603161575
2026-07-19 06:40:00+00:00,5.310843038554607
2026-07-19 06:45:00+00:00,5.454991011653236
2026-07-19 06:50:00+00:00,5.289642993329062
2026-07-19 06:55:00+00:00,5.353765535763815
2026-07-19 07:00:00+00:00,5.279688978803447
2026-07-19 07:05:00+00:00,5.266395934892403
2026-07-19 07:10:00+00:00,5.267901740362584
2026-07-19 07:15:00+00:00,5.278957908276221
2026-07-19 07:20:00+00:00,5.429557740041195
2026-07-19 07:25:00+00:00,5.339632855524217
2026-07-19 07:30:00+00:00,5.304684387860652
2026-07-19 07:35:00+00:00,5.4674994815531885
2026-07-19 07:40:00+00:00,5.268699169155804
2026-07-19 07:45:00+00:00,5.164578694882609
2026-07-19 07:50:00+00:00,5.1903232088234486
2026-07-19 07:55:00+00:00,5.143679081260304
2026-07-19 08:00:00+00:00,5.042391015456762
2026-07-19 08:05:00+00:00,5.259514794656053
2026-07-19 08:10:00+00:00,5.193398061939061
2026-07-19 08:15:00+00:00,5.122583912311687
2026-07-19 08:20:00+00:00,5.110762975483188
2026-07-19 08:25:00+00:00,5.1711798961570326
2026-07-19 08:30:00+00:00,5.18803658783136
2026-07-19 08:35:00+00:00,5.081664890767937
2026-07-19 08:40:00+00:00,5.1809873120090915
2026-07-19 08:45:00+00:00,5.192052803492733
2026-07-19 08:50:00+00:00,4.896892523563559
2026-07-19 08:55:00+00:00,4.865836211771193
2026-07-19 09:00:00+00:00,5.026784264912501
2026-07-19 09:05:00+00:00,5.042649170417904
2026-07-19 09:10:00+00:00,5.0146530027011
2026-07-19 09:15:00+00:00,5.353765580935524
2026-07-19 09:20:00+00:00,5.092472677703566
2026-07-19 09:25:00+00:00,5.199359904014281
2026-07-19 09:30:00+00:00,5.383003339099759
2026-07-19 09:35:00+00:00,4.9878889412960286
2026-07-19 09:40:00+00:00,4.86223907840331
2026-07-19 09:45:00+00:00,4.8687812027088855
2026-07-19 09:50:00+00:00,4.85727338598623
2026-07-19 09:55:00+00:00,4.826831402571988
2026-07-19 10:00:00+00:00,4.773254040791344
2026-07-19 10:05:00+00:00,4.924024236990346
2026-07-19 10:10:00+00:00,4.9852221903011555
2026-07-19 10:15:00+00:00,4.860575231895095
2026-07-19 10:20:00+00:00,4.918893964510176
2026-07-19 10:25:00+00:00,4.992727406107147
2026-07-19 10:30:00+00:00,4.827398248517103
2026-07-19 10:35:00+00:00,4.7796081748849
2026-07-19 10:40:00+00:00,4.884998613591354
2026-07-19 10:45:00+00:00,4.833850349190663
2026-07-19 10:50:00+00:00,4.799581614512641
2026-07-19 10:55:00+00:00,4.8169935375457245
2026-07-19 11:00:00+00:00,4.778524134769804
2026-07-19 11:05:00+00:00,4.803232144408789
2026-07-19 11:10:00+00:00,4.777375647819995
2026-07-19 11:15:00+00:00,4.776810556882308
2026-07-19 11:20:00+00:00,4.809125573406495
2026-07-19 11:25:00+00:00,4.77592861802987
2026-07-19 11:30:00+00:00,4.816688817600803
2026-07-19 11:35:00+00:00,4.684234059579276
2026-07-19 11:40:00+00:00,4.808736796543969
2026-07-19 11:45:00+00:00,4.7616154879529775
2026-07-19 11:50:00+00:00,4.713636528340495
2026-07-19 11:55:00+00:00,4.638873888954145
2026-07-19 12:00:00+00:00,4.761564533361698
2026-07-19 12:05:00+00:00,4.777114230576165
2026-07-19 12:10:00+00:00,4.780473646605612
2026-07-19 12:15:00+00:00,4.794605971161905
2026-07-19 12:20:00+00:00,4.793250354158454
2026-07-19 12:25:00+00:00,4.756083383183787
2026-07-19 12:30:00+00:00,4.710196092443278
2026-07-19 12:35:00+00:00,4.71706157967329
2026-07-19 12:40:00+00:00,4.700149910375975
2026-07-19 12:45:00+00:00,4.7102746129714905
2026-07-19 12:50:00+00:00,4.759174518084366
2026-07-19 12:55:00+00:00,4.7024068029341475
2026-07-19 13:00:00+00:00,4.769396507112125
2026-07-19 13:05:00+00:00,4.742699769146766
2026-07-19 13:10:00+00:00,4.697196139902163
2026-07-19 13:15:00+00:00,4.717279202367999
2026-07-19 13:20:00+00:00,4.734187405341109
2026-07-19 13:25:00+00:00,4.741425608523711
2026-07-19 13:30:00+00:00,4.687998160173004
2026-07-19 13:35:00+00:00,4.585686470233677
2026-07-19 13:40:00+00:00,4.613060945925243
2026-07-19 13:45:00+00:00,4.623899143575796
2026-07-19 13:50:00+00:00,4.560494591961975
2026-07-19 13:55:00+00:00,4.513168562331574
2026-07-19 14:00:00+00:00,4.56015467387674
2026-07-19 14:05:00+00:00,4.583388986246442
2026-07-19 14:10:00+00:00,4.734702255997172
2026-07-19 14:15:00+00:00,4.663549215501364
2026-07-19 14:20:00+00:00,4.548726134381889
2026-07-19 14:25:00+00:00,4.548257792592183
2026-07-19 14:30:00+00:00,4.578145249505086
2026-07-19 14:35:00+00:00,4.5224048295020385
2026-07-19 14:40:00+00:00,4.494593342282885
2026-07-19 14:45:00+00:00,4.397497974584644
2026-07-19 14:50:00+00:00,4.405605027673134
2026-07-19 14:55:00+00:00,4.414848797836138
2026-07-19 15:00:00+00:00,4.4036987482329675
2026-07-19 15:05:00+00:00,4.415717900017471
2026-07-19 15:10:00+00:00,4.425205445743854
2026-07-19 15:15:00+00:00,4.550901721343228
2026-07-19 15:20:00+00:00,4.53285470994105
2026-07-19 15:25:00+00:00,4.541087831013327
2026-07-19 15:30:00+00:00,4.602419599608323
2026-07-19 15:35:00+00:00,4.625033958553873
2026-07-19 15:40:00+00:00,4.609145427693553
2026-07-19 15:45:00+00:00,4.564990975311714
2026-07-19 15:50:00+00:00,4.64530594105417
2026-07-19 15:55:00+00:00,4.674850080792206
2026-07-19 16:00:00+00:00,4.748695885864951
2026-07-19 16:05:00+00:00,4.762561822132483
2026-07-19 16:10:00+00:00,4.639055369915468
2026-07-19 16:15:00+00:00,4.395249420342395
2026-07-19 16:20:00+00:00,4.3080080767004425
2026-07-19 16:25:00+00:00,4.325117495217956
2026-07-19 16:30:00+00:00,4.407485487468232
2026-07-19 16:35:00+00:00,4.542876454764677
2026-07-19 16:40:00+00:00,4.56732792367367
2026-07-19 16:45:00+00:00,4.7136184324214625
2026-07-19 16:50:00+00:00,4.6667824428383575
2026-07-19 16:55:00+00:00,4.51598085319338
2026-07-19 17:00:00+00:00,4.401745098962095
2026-07-19 17:05:00+00:00,4.238838102644493
2026-07-19 17:10:00+00:00,4.287486003288876
2026-07-19 17:15:00+00:00,4.211125514512037
2026-07-19 17:20:00+00:00,4.146905490912189
2026-07-19 17:25:00+00:00,4.093431545418902
2026-07-19 17:30:00+00:00,4.042146389387735
2026-07-19 17:35:00+00:00,4.0023306022737515
2026-07-19 17:40:00+00:00,4.027817357717645
2026-07-19 17:45:00+00:00,4.010520666558115
2026-07-19 17:50:00+00:00,4.065778624357819
2026-07-19 17:55:00+00:00,4.005469736344036
2026-07-19 18:00:00+00:00,3.9088931128580917
2026-07-19 18:05:00+00:00,4.074529689898121
2026-07-19 18:10:00+00:00,3.975339624003116
2026-07-19 18:15:00+00:00,3.959117865898687
2026-07-19 18:20:00+00:00,3.956574174555083
2026-07-19 18:25:00+00:00,3.8696496308534556
2026-07-19 18:30:00+00:00,3.8655761424243096
2026-07-19 18:35:00+00:00,3.8652870059087796
2026-07-19 18:40:00+00:00,3.8502558170312007
2026-07-19 18:45:00+00:00,3.8803508247900353
2026-07-19 18:50:00+00:00,3.880972703235841
2026-07-19 18:55:00+00:00,3.8662559791197815
2026-07-19 19:00:00+00:00,3.8613894228645584
2026-07-19 19:05:00+00:00,3.8830823057720565
2026-07-19 19:10:00+00:00,3.872553638977827
2026-07-19 19:15:00+00:00,3.8675096724014146
2026-07-19 19:20:00+00:00,3.864918908251802
2026-07-19 19:25:00+00:00,3.864160439583131
2026-07-19 19:30:00+00:00,3.869308845692565
2026-07-19 19:35:00+00:00,3.856003878439651
2026-07-19 19:40:00+00:00,4.0478920978644695
2026-07-19 19:45:00+00:00,3.952318914905195
2026-07-19 19:50:00+00:00,3.9224882699125274
2026-07-19 19:55:00+00:00,3.8605702866624902
2026-07-19 20:00:00+00:00,3.8988954431778633
2026-07-19 20:05:00+00:00,4.224002284049611
2026-07-19 20:10:00+00:00,4.288608328615407
2026-07-19 20:15:00+00:00,4.267983097458206
2026-07-19 20:20:00+00:00,4.243758581429081
2026-07-19 20:25:00+00:00,4.314436630207641
2026-07-19 20:30:00+00:00,4.331064776980298
2026-07-19 20:35:00+00:00,4.375705909600292
2026-07-19 20:40:00+00:00,4.3346557799369805
2026-07-19 20:45:00+00:00,4.376721736988721
2026-07-19 20:50:00+00:00,4.339492126324707
2026-07-19 20:55:00+00:00,4.366433209580023
2026-07-19 21:00:00+00:00,4.441966320080571
2026-07-19 21:05:00+00:00,4.421330960265191
2026-07-19 21:10:00+00:00,4.394578727929844
2026-07-19 21:15:00+00:00,4.4945727329888
2026-07-19 21:20:00+00:00,4.413874290922404
2026-07-19 21:25:00+00:00,4.434924964387388
2026-07-19 21:30:00+00:00,4.444172083410869
2026-07-19 21:35:00+00:00,4.393000457487151
2026-07-19 21:40:00+00:00,4.438485677552862
2026-07-19 21:45:00+00:00,4.425254645424637
2026-07-19 21:50:00+00:00,4.402297116343757
2026-07-19 21:55:00+00:00,4.727823278640731
2026-07-19 22:00:00+00:00,4.94095316312152
2026-07-19 22:05:00+00:00,4.94095316312152
2026-07-19 22:10:00+00:00,4.94095316312152
2026-07-19 22:15:00+00:00,4.94095316312152
2026-07-19 22:20:00+00:00,4.94095316312152
2026-07-19 22:25:00+00:00,4.94095316312152
2026-07-19 22:30:00+00:00,4.94095316312152
2026-07-19 22:35:00+00:00,4.94095316312152
2026-07-19 22:40:00+00:00,4.94095316312152
2026-07-19 22:45:00+00:00,4.94095316312152
2026-07-19 22:50:00+00:00,4.94095316312152
2026-07-19 22:55:00+00:00,4.540179792165844
2026-07-19 23:00:00+00:00,5.861590576268128
2026-07-19 23:05:00+00:00,5.861590576268128
2026-07-19 23:10:00+00:00,5.861590576268128
2026-07-19 23:15:00+00:00,5.861590576268128
2026-07-19 23:20:00+00:00,5.861590576268128
2026-07-19 23:25:00+00:00,5.861590576268128
2026-07-19 23:30:00+00:00,5.861590576268128
2026-07-19 23:35:00+00:00,5.861590576268128
2026-07-19 23:40:00+00:00,5.861590576268128
2026-07-19 23:45:00+00:00,5.861590576268128
2026-07-19 23:50:00+00:00,5.861590576268128
2026-07-19 23:55:00+00:00,5.861590576268128
2026-07-20 00:00:00+00:00,5.861590576268128
2026-07-20 00:05:00+00:00,5.861590576268128
2026-07-20 00:10:00+00:00,5.861590576268128
2026-07-20 00:15:00+00:00,5.861590576268128
2026-07-20 00:20:00+00:00,5.861590576268128
2026-07-20 00:25:00+00:00,5.861590576268128
2026-07-20 00:30:00+00:00,5.861590576268128
2026-07-20 00:35:00+00:00,5.861590576268128
2026-07-20 00:40:00+00:00,5.861590576268128
2026-07-20 00:45:00+00:00,5.861590576268128
2026-07-20 00:50:00+00:00,5.861590576268128
2026-07-20 00:55:00+00:00,5.861590576268128
2026-07-20 01:00:00+00:00,5.861590576268128
2026-07-20 01:05:00+00:00,5.861590576268128
2026-07-20 01:10:00+00:00,5.861590576268128
2026-07-20 01:15:00+00:00,5.861590576268128
2026-07-20 01:20:00+00:00,5.861590576268128
2026-07-20 01:25:00+00:00,5.801878093780555
2026-07-20 01:30:00+00:00,7.083004125276016
2026-07-20 01:35:00+00:00,7.385752617510988
2026-07-20 01:40:00+00:00,7.528756939688453
2026-07-20 01:45:00+00:00,7.467329499359188
2026-07-20 01:50:00+00:00,8.008640842699755
2026-07-20 01:55:00+00:00,7.94466126631831
2026-07-20 02:00:00+00:00,7.839120962707192
2026-07-20 02:05:00+00:00,7.74628519053201
2026-07-20 02:10:00+00:00,8.209731171567814
2026-07-20 02:15:00+00:00,8.113343448072186
2026-07-20 02:20:00+00:00,8.201509299655896
2026-07-20 02:25:00+00:00,8.382725073246167
2026-07-20 02:30:00+00:00,8.382725073246167
2026-07-20 02:35:00+00:00,8.382725073246167
2026-07-20 02:40:00+00:00,8.382725073246167
2026-07-20 02:45:00+00:00,8.382725073246167
2026-07-20 02:50:00+00:00,8.382725073246167
2026-07-20 02:55:00+00:00,8.382725073246167
2026-07-20 03:00:00+00:00,8.382725073246167
2026-07-20 03:05:00+00:00,8.382725073246167
2026-07-20 03:10:00+00:00,8.382725073246167
2026-07-20 03:15:00+00:00,8.382725073246167
2026-07-20 03:20:00+00:00,8.382725073246167
2026-07-20 03:25:00+00:00,8.382725073246167
2026-07-20 03:30:00+00:00,8.382725073246167
2026-07-20 03:35:00+00:00,8.382725073246167
2026-07-20 03:40:00+00:00,8.382725073246167
2026-07-20 03:45:00+00:00,8.382725073246167
2026-07-20 03:50:00+00:00,8.382725073246167
2026-07-20 03:55:00+00:00,8.382725073246167
2026-07-20 04:00:00+00:00,8.382725073246167
2026-07-20 04:05:00+00:00,8.382725073246167
2026-07-20 04:10:00+00:00,8.382725073246167
2026-07-20 04:15:00+00:00,8.382725073246167
2026-07-20 04:20:00+00:00,8.382725073246167
2026-07-20 04:25:00+00:00,8.382725073246167
2026-07-20 04:30:00+00:00,8.382725073246167
2026-07-20 04:35:00+00:00,8.382725073246167
2026-07-20 04:40:00+00:00,8.382725073246167
2026-07-20 04:45:00+00:00,8.382725073246167
2026-07-20 04:50:00+00:00,8.382725073246167
2026-07-20 04:55:00+00:00,8.382725073246167
2026-07-20 05:00:00+00:00,8.382725073246167
2026-07-20 05:05:00+00:00,8.382725073246167
2026-07-20 05:10:00+00:00,8.382725073246167
2026-07-20 05:15:00+00:00,8.382725073246167
2026-07-20 05:20:00+00:00,8.382725073246167
2026-07-20 05:25:00+00:00,8.382725073246167
2026-07-20 05:30:00+00:00,8.382725073246167
2026-07-20 05:35:00+00:00,8.382725073246167
2026-07-20 05:40:00+00:00,8.382725073246167
2026-07-20 05:45:00+00:00,8.382725073246167
2026-07-20 05:50:00+00:00,8.382725073246167
2026-07-20 05:55:00+00:00,8.382725073246167
2026-07-20 06:00:00+00:00,8.382725073246167
2026-07-20 06:05:00+00:00,8.382725073246167
2026-07-20 06:10:00+00:00,8.382725073246167
2026-07-20 06:15:00+00:00,8.382725073246167
2026-07-20 06:20:00+00:00,8.382725073246167
2026-07-20 06:25:00+00:00,8.382725073246167
2026-07-20 06:30:00+00:00,8.382725073246167
2026-07-20 06:35:00+00:00,8.382725073246167
2026-07-20 06:40:00+00:00,8.382725073246167
2026-07-20 06:45:00+00:00,8.382725073246167
2026-07-20 06:50:00+00:00,8.382725073246167
2026-07-20 06:55:00+00:00,8.382725073246167
2026-07-20 07:00:00+00:00,8.382725073246167
2026-07-20 07:05:00+00:00,8.382725073246167
2026-07-20 07:10:00+00:00,8.382725073246167
2026-07-20 07:15:00+00:00,8.382725073246167
2026-07-20 07:20:00+00:00,8.382725073246167
2026-07-20 07:25:00+00:00,8.382725073246167
2026-07-20 07:30:00+00:00,8.382725073246167
2026-07-20 07:35:00+00:00,8.382725073246167
2026-07-20 07:40:00+00:00,8.382725073246167
2026-07-20 07:45:00+00:00,8.382725073246167
2026-07-20 07:50:00+00:00,8.382725073246167
2026-07-20 07:55:00+00:00,8.382725073246167
2026-07-20 08:00:00+00:00,8.382725073246167
2026-07-20 08:05:00+00:00,8.382725073246167
2026-07-20 08:10:00+00:00,8.382725073246167
2026-07-20 08:15:00+00:00,8.382725073246167
2026-07-20 08:20:00+00:00,8.382725073246167
2026-07-20 08:25:00+00:00,8.382725073246167
2026-07-20 08:30:00+00:00,8.382725073246167
2026-07-20 08:35:00+00:00,8.382725073246167
2026-07-20 08:40:00+00:00,8.382725073246167
2026-07-20 08:45:00+00:00,8.382725073246167
2026-07-20 08:50:00+00:00,8.382725073246167
2026-07-20 08:55:00+00:00,8.382725073246167
2026-07-20 09:00:00+00:00,8.382725073246167
2026-07-20 09:05:00+00:00,8.382725073246167
2026-07-20 09:10:00+00:00,8.382725073246167
2026-07-20 09:15:00+00:00,8.382725073246167
2026-07-20 09:20:00+00:00,8.382725073246167
2026-07-20 09:25:00+00:00,8.382725073246167
2026-07-20 09:30:00+00:00,8.382725073246167
2026-07-20 09:35:00+00:00,8.382725073246167
2026-07-20 09:40:00+00:00,8.382725073246167
2026-07-20 09:45:00+00:00,8.382725073246167
2026-07-20 09:50:00+00:00,8.382725073246167
2026-07-20 09:55:00+00:00,8.382725073246167
2026-07-20 10:00:00+00:00,8.382725073246167
2026-07-20 10:05:00+00:00,8.382725073246167
2026-07-20 10:10:00+00:00,8.382725073246167
2026-07-20 10:15:00+00:00,8.382725073246167
2026-07-20 10:20:00+00:00,8.382725073246167
2026-07-20 10:25:00+00:00,8.382725073246167
2026-07-20 10:30:00+00:00,8.382725073246167
2026-07-20 10:35:00+00:00,8.382725073246167
2026-07-20 10:40:00+00:00,8.382725073246167
2026-07-20 10:45:00+00:00,8.382725073246167
2026-07-20 10:50:00+00:00,8.382725073246167
2026-07-20 10:55:00+00:00,8.382725073246167
2026-07-20 11:00:00+00:00,8.382725073246167
2026-07-20 11:05:00+00:00,8.382725073246167
2026-07-20 11:10:00+00:00,8.382725073246167
2026-07-20 11:15:00+00:00,8.382725073246167
2026-07-20 11:20:00+00:00,8.382725073246167
2026-07-20 11:25:00+00:00,8.382725073246167
2026-07-20 11:30:00+00:00,8.382725073246167
2026-07-20 11:35:00+00:00,8.382725073246167
2026-07-20 11:40:00+00:00,8.382725073246167
2026-07-20 11:45:00+00:00,8.382725073246167
2026-07-20 11:50:00+00:00,8.382725073246167
2026-07-20 11:55:00+00:00,8.382725073246167
2026-07-20 12:00:00+00:00,8.382725073246167
2026-07-20 12:05:00+00:00,8.382725073246167
2026-07-20 12:10:00+00:00,8.382725073246167
2026-07-20 12:15:00+00:00,8.382725073246167
2026-07-20 12:20:00+00:00,8.382725073246167
2026-07-20 12:25:00+00:00,8.382725073246167
2026-07-20 12:30:00+00:00,8.382725073246167
2026-07-20 12:35:00+00:00,8.382725073246167
2026-07-20 12:40:00+00:00,8.382725073246167
2026-07-20 12:45:00+00:00,8.382725073246167
2026-07-20 12:50:00+00:00,8.382725073246167
2026-07-20 12:55:00+00:00,8.382725073246167
2026-07-20 13:00:00+00:00,8.382725073246167
2026-07-20 13:05:00+00:00,8.382725073246167
2026-07-20 13:10:00+00:00,8.382725073246167
2026-07-20 13:15:00+00:00,8.382725073246167
2026-07-20 13:20:00+00:00,8.382725073246167
2026-07-20 13:25:00+00:00,8.382725073246167
2026-07-20 13:30:00+00:00,8.382725073246167
2026-07-20 13:35:00+00:00,8.382725073246167
2026-07-20 13:40:00+00:00,8.382725073246167
2026-07-20 13:45:00+00:00,8.382725073246167
2026-07-20 13:50:00+00:00,8.382725073246167
2026-07-20 13:55:00+00:00,8.382725073246167
2026-07-20 14:00:00+00:00,8.382725073246167
2026-07-20 14:05:00+00:00,8.382725073246167
2026-07-20 14:10:00+00:00,8.382725073246167
2026-07-20 14:15:00+00:00,8.382725073246167
2026-07-20 14:20:00+00:00,8.382725073246167
2026-07-20 14:25:00+00:00,8.382725073246167
2026-07-20 14:30:00+00:00,8.382725073246167
2026-07-20 14:35:00+00:00,8.382725073246167
2026-07-20 14:40:00+00:00,8.382725073246167
2026-07-20 14:45:00+00:00,8.382725073246167
2026-07-20 14:50:00+00:00,8.382725073246167
2026-07-20 14:55:00+00:00,8.382725073246167
2026-07-20 15:00:00+00:00,8.382725073246167
2026-07-20 15:05:00+00:00,8.382725073246167
2026-07-20 15:10:00+00:00,8.382725073246167
2026-07-20 15:15:00+00:00,8.382725073246167
2026-07-20 15:20:00+00:00,8.382725073246167
2026-07-20 15:25:00+00:00,8.382725073246167
2026-07-20 15:30:00+00:00,8.382725073246167
2026-07-20 15:35:00+00:00,8.382725073246167
2026-07-20 15:40:00+00:00,8.382725073246167
2026-07-20 15:45:00+00:00,8.382725073246167
2026-07-20 15:50:00+00:00,8.382725073246167
2026-07-20 15:55:00+00:00,8.382725073246167
2026-07-20 16:00:00+00:00,8.382725073246167
2026-07-20 16:05:00+00:00,8.382725073246167
2026-07-20 16:10:00+00:00,8.382725073246167
2026-07-20 16:15:00+00:00,8.382725073246167
2026-07-20 16:20:00+00:00,8.382725073246167
2026-07-20 16:25:00+00:00,8.382725073246167
2026-07-20 16:30:00+00:00,8.382725073246167
2026-07-20 16:35:00+00:00,8.382725073246167
2026-07-20 16:40:00+00:00,8.382725073246167
2026-07-20 16:45:00+00:00,8.382725073246167
2026-07-20 16:50:00+00:00,8.382725073246167
2026-07-20 16:55:00+00:00,8.382725073246167
2026-07-20 17:00:00+00:00,8.382725073246167
2026-07-20 17:05:00+00:00,8.382725073246167
2026-07-20 17:10:00+00:00,8.382725073246167
2026-07-20 17:15:00+00:00,8.382725073246167
2026-07-20 17:20:00+00:00,8.382725073246167
2026-07-20 17:25:00+00:00,8.382725073246167
2026-07-20 17:30:00+00:00,8.382725073246167
2026-07-20 17:35:00+00:00,8.382725073246167
2026-07-20 17:40:00+00:00,8.382725073246167
2026-07-20 17:45:00+00:00,8.382725073246167
2026-07-20 17:50:00+00:00,8.382725073246167
2026-07-20 17:55:00+00:00,8.382725073246167
2026-07-20 18:00:00+00:00,8.382725073246167
2026-07-20 18:05:00+00:00,8.382725073246167
2026-07-20 18:10:00+00:00,8.382725073246167
2026-07-20 18:15:00+00:00,8.382725073246167
2026-07-20 18:20:00+00:00,8.382725073246167
2026-07-20 18:25:00+00:00,8.382725073246167
2026-07-20 18:30:00+00:00,8.382725073246167
2026-07-20 18:35:00+00:00,8.382725073246167
2026-07-20 18:40:00+00:00,8.382725073246167
2026-07-20 18:45:00+00:00,8.382725073246167
2026-07-20 18:50:00+00:00,8.382725073246167
2026-07-20 18:55:00+00:00,8.382725073246167
2026-07-20 19:00:00+00:00,8.382725073246167
2026-07-20 19:05:00+00:00,8.382725073246167
2026-07-20 19:10:00+00:00,8.382725073246167
2026-07-20 19:15:00+00:00,8.382725073246167
2026-07-20 19:20:00+00:00,8.382725073246167
2026-07-20 19:25:00+00:00,8.382725073246167
2026-07-20 19:30:00+00:00,8.382725073246167
2026-07-20 19:35:00+00:00,8.382725073246167
2026-07-20 19:40:00+00:00,8.382725073246167
2026-07-20 19:45:00+00:00,8.382725073246167
2026-07-20 19:50:00+00:00,8.382725073246167
2026-07-20 19:55:00+00:00,8.382725073246167
2026-07-20 20:00:00+00:00,8.382725073246167
2026-07-20 20:05:00+00:00,8.382725073246167
2026-07-20 20:10:00+00:00,8.382725073246167
2026-07-20 20:15:00+00:00,8.382725073246167
2026-07-20 20:20:00+00:00,8.382725073246167
2026-07-20 20:25:00+00:00,8.382725073246167
2026-07-20 20:30:00+00:00,8.382725073246167
2026-07-20 20:35:00+00:00,8.382725073246167
2026-07-20 20:40:00+00:00,8.382725073246167
2026-07-20 20:45:00+00:00,8.382725073246167
2026-07-20 20:50:00+00:00,8.382725073246167
2026-07-20 20:55:00+00:00,8.382725073246167
2026-07-20 21:00:00+00:00,8.382725073246167
2026-07-20 21:05:00+00:00,8.382725073246167
2026-07-20 21:10:00+00:00,8.382725073246167
2026-07-20 21:15:00+00:00,8.382725073246167
2026-07-20 21:20:00+00:00,8.382725073246167
2026-07-20 21:25:00+00:00,8.382725073246167
2026-07-20 21:30:00+00:00,8.382725073246167
2026-07-20 21:35:00+00:00,8.382725073246167
2026-07-20 21:40:00+00:00,8.382725073246167
2026-07-20 21:45:00+00:00,8.382725073246167
2026-07-20 21:50:00+00:00,8.382725073246167
2026-07-20 21:55:00+00:00,8.382725073246167
2026-07-20 22:00:00+00:00,8.382725073246167
2026-07-20 22:05:00+00:00,8.382725073246167
2026-07-20 22:10:00+00:00,8.382725073246167
2026-07-20 22:15:00+00:00,8.382725073246167
2026-07-20 22:20:00+00:00,8.382725073246167
2026-07-20 22:25:00+00:00,8.382725073246167
2026-07-20 22:30:00+00:00,8.382725073246167
2026-07-20 22:35:00+00:00,8.382725073246167
2026-07-20 22:40:00+00:00,8.382725073246167
2026-07-20 22:45:00+00:00,8.382725073246167
2026-07-20 22:50:00+00:00,8.382725073246167
2026-07-20 22:55:00+00:00,8.382725073246167
2026-07-20 23:00:00+00:00,8.382725073246167
2026-07-20 23:05:00+00:00,8.382725073246167
2026-07-20 23:10:00+00:00,8.382725073246167
2026-07-20 23:15:00+00:00,8.382725073246167
2026-07-20 23:20:00+00:00,8.382725073246167
2026-07-20 23:25:00+00:00,8.382725073246167
2026-07-20 23:30:00+00:00,8.382725073246167
2026-07-20 23:35:00+00:00,8.382725073246167
2026-07-20 23:40:00+00:00,8.382725073246167
2026-07-20 23:45:00+00:00,8.382725073246167
2026-07-20 23:50:00+00:00,8.382725073246167
2026-07-20 23:55:00+00:00,8.382725073246167
2026-07-21 00:00:00+00:00,8.382725073246167
2026-07-21 00:05:00+00:00,8.382725073246167
2026-07-21 00:10:00+00:00,8.382725073246167
2026-07-21 00:15:00+00:00,8.382725073246167
2026-07-21 00:20:00+00:00,8.382725073246167
2026-07-21 00:25:00+00:00,8.382725073246167
2026-07-21 00:30:00+00:00,8.382725073246167
2026-07-21 00:35:00+00:00,8.382725073246167
2026-07-21 00:40:00+00:00,8.382725073246167
2026-07-21 00:45:00+00:00,8.382725073246167
2026-07-21 00:50:00+00:00,8.382725073246167
2026-07-21 00:55:00+00:00,8.382725073246167
2026-07-21 01:00:00+00:00,8.382725073246167
2026-07-21 01:05:00+00:00,8.382725073246167
2026-07-21 01:10:00+00:00,8.382725073246167
2026-07-21 01:15:00+00:00,8.382725073246167
2026-07-21 01:20:00+00:00,8.382725073246167
2026-07-21 01:25:00+00:00,8.382725073246167
2026-07-21 01:30:00+00:00,8.382725073246167
2026-07-21 01:35:00+00:00,8.382725073246167
2026-07-21 01:40:00+00:00,8.382725073246167
2026-07-21 01:45:00+00:00,8.382725073246167
2026-07-21 01:50:00+00:00,8.382725073246167
2026-07-21 01:55:00+00:00,8.382725073246167
2026-07-21 02:00:00+00:00,8.382725073246167
2026-07-21 02:05:00+00:00,8.382725073246167
2026-07-21 02:10:00+00:00,8.382725073246167
2026-07-21 02:15:00+00:00,8.382725073246167
2026-07-21 02:20:00+00:00,8.382725073246167
2026-07-21 02:25:00+00:00,8.382725073246167
2026-07-21 02:30:00+00:00,8.382725073246167
2026-07-21 02:35:00+00:00,8.382725073246167
2026-07-21 02:40:00+00:00,8.382725073246167
2026-07-21 02:45:00+00:00,8.317114509571944
2026-07-21 02:50:00+00:00,8.369500880167358
2026-07-21 02:55:00+00:00,8.144971809745972
2026-07-21 03:00:00+00:00,8.215429001513009
2026-07-21 03:05:00+00:00,8.10421164033136
2026-07-21 03:10:00+00:00,8.132158915009658
2026-07-21 03:15:00+00:00,7.962770372883632
2026-07-21 03:20:00+00:00,7.942273828916846
2026-07-21 03:25:00+00:00,7.904605214121208
2026-07-21 03:30:00+00:00,8.001745452586906
2026-07-21 03:35:00+00:00,7.432197863783674
2026-07-21 03:40:00+00:00,7.6551471027332845
2026-07-21 03:45:00+00:00,7.988907311895755
2026-07-21 03:50:00+00:00,7.8096278270930135
2026-07-21 03:55:00+00:00,7.854947641495958
2026-07-21 04:00:00+00:00,7.952929107881929
2026-07-21 04:05:00+00:00,8.04057189871395
2026-07-21 04:10:00+00:00,8.313970969457657
2026-07-21 04:15:00+00:00,8.36286342391071
2026-07-21 04:20:00+00:00,8.264957615468177
2026-07-21 04:25:00+00:00,8.086776726295192
2026-07-21 04:30:00+00:00,8.148266296184886
2026-07-21 04:35:00+00:00,8.126720201920762
2026-07-21 04:40:00+00:00,8.197619852359722
2026-07-21 04:45:00+00:00,8.234758384118784
2026-07-21 04:50:00+00:00,8.385940852448265
2026-07-21 04:55:00+00:00,8.574647066605717
2026-07-21 05:00:00+00:00,8.59602352872258
2026-07-21 05:05:00+00:00,8.47441752516454
2026-07-21 05:10:00+00:00,8.635565685353846
2026-07-21 05:15:00+00:00,8.905922877925715
2026-07-21 05:20:00+00:00,8.875560764384144
2026-07-21 05:25:00+00:00,8.62716566105522
2026-07-21 05:30:00+00:00,8.59290175465977
2026-07-21 05:35:00+00:00,8.68722221593497
2026-07-21 05:40:00+00:00,8.844519904988829
2026-07-21 05:45:00+00:00,8.656373155848712
2026-07-21 05:50:00+00:00,8.912066943478308
2026-07-21 05:55:00+00:00,8.854284397237905
2026-07-21 06:00:00+00:00,8.631260759401954
2026-07-21 06:05:00+00:00,8.418274708359213
2026-07-21 06:10:00+00:00,8.881583317201752
2026-07-21 06:15:00+00:00,8.974674588599424
2026-07-21 06:20:00+00:00,9.188415478210349
2026-07-21 06:25:00+00:00,9.342153388543522
2026-07-21 06:30:00+00:00,9.5347093574278
2026-07-21 06:35:00+00:00,9.41604926467155
2026-07-21 06:40:00+00:00,9.543283540993702
2026-07-21 06:45:00+00:00,9.682361648670629
2026-07-21 06:50:00+00:00,9.884477402149155
2026-07-21 06:55:00+00:00,9.826588338411796
2026-07-21 07:00:00+00:00,9.780007288850761
2026-07-21 07:05:00+00:00,9.6081978501045
2026-07-21 07:10:00+00:00,9.601058545821633
2026-07-21 07:15:00+00:00,9.57609733992118
2026-07-21 07:20:00+00:00,9.450180838760641
2026-07-21 07:25:00+00:00,9.531329493365842
2026-07-21 07:30:00+00:00,9.593763198126354
2026-07-21 07:35:00+00:00,9.70720778826935
2026-07-21 07:40:00+00:00,9.614051923287864
2026-07-21 07:45:00+00:00,9.599669401377092
2026-07-21 07:50:00+00:00,9.748310771511154
2026-07-21 07:55:00+00:00,9.489884475630422
2026-07-21 08:00:00+00:00,9.896106436002112
2026-07-21 08:05:00+00:00,9.878471953076469
2026-07-21 08:10:00+00:00,9.909150488830472
2026-07-21 08:15:00+00:00,9.82036021983352
2026-07-21 08:20:00+00:00,9.97975697267381
2026-07-21 08:25:00+00:00,10.210305274638616
2026-07-21 08:30:00+00:00,10.210305274638616
2026-07-21 08:35:00+00:00,10.210305274638616
2026-07-21 08:40:00+00:00,10.210305274638616
2026-07-21 08:45:00+00:00,10.210305274638616
2026-07-21 08:50:00+00:00,10.210305274638616
2026-07-21 08:55:00+00:00,10.210305274638616
2026-07-21 09:00:00+00:00,10.210305274638616
2026-07-21 09:05:00+00:00,10.210305274638616
2026-07-21 09:10:00+00:00,10.210305274638616
2026-07-21 09:15:00+00:00,10.210305274638616
2026-07-21 09:20:00+00:00,10.210305274638616
2026-07-21 09:25:00+00:00,10.210305274638616
2026-07-21 09:30:00+00:00,10.210305274638616
2026-07-21 09:35:00+00:00,10.210305274638616
2026-07-21 09:40:00+00:00,10.210305274638616
2026-07-21 09:45:00+00:00,10.210305274638616
2026-07-21 09:50:00+00:00,10.210305274638616
2026-07-21 09:55:00+00:00,10.210305274638616
2026-07-21 10:00:00+00:00,10.210305274638616
2026-07-21 10:05:00+00:00,10.210305274638616
2026-07-21 10:10:00+00:00,10.210305274638616
2026-07-21 10:15:00+00:00,10.210305274638616
2026-07-21 10:20:00+00:00,10.210305274638616
2026-07-21 10:25:00+00:00,10.210305274638616
2026-07-21 10:30:00+00:00,10.210305274638616
2026-07-21 10:35:00+00:00,10.210305274638616
2026-07-21 10:40:00+00:00,10.210305274638616
2026-07-21 10:45:00+00:00,10.210305274638616
2026-07-21 10:50:00+00:00,10.210305274638616
2026-07-21 10:55:00+00:00,10.210305274638616
2026-07-21 11:00:00+00:00,10.210305274638616
2026-07-21 11:05:00+00:00,10.210305274638616
2026-07-21 11:10:00+00:00,10.210305274638616
2026-07-21 11:15:00+00:00,10.210305274638616
2026-07-21 11:20:00+00:00,10.210305274638616
2026-07-21 11:25:00+00:00,10.210305274638616
2026-07-21 11:30:00+00:00,10.210305274638616
2026-07-21 11:35:00+00:00,10.210305274638616
2026-07-21 11:40:00+00:00,10.210305274638616
2026-07-21 11:45:00+00:00,10.210305274638616
2026-07-21 11:50:00+00:00,10.210305274638616
2026-07-21 11:55:00+00:00,10.210305274638616
2026-07-21 12:00:00+00:00,10.210305274638616
2026-07-21 12:05:00+00:00,10.210305274638616
2026-07-21 12:10:00+00:00,10.210305274638616
2026-07-21 12:15:00+00:00,10.210305274638616
2026-07-21 12:20:00+00:00,10.210305274638616
2026-07-21 12:25:00+00:00,10.210305274638616
2026-07-21 12:30:00+00:00,10.210305274638616
2026-07-21 12:35:00+00:00,10.210305274638616
2026-07-21 12:40:00+00:00,10.210305274638616
2026-07-21 12:45:00+00:00,10.210305274638616
2026-07-21 12:50:00+00:00,10.210305274638616
2026-07-21 12:55:00+00:00,10.210305274638616
2026-07-21 13:00:00+00:00,10.210305274638616
2026-07-21 13:05:00+00:00,10.210305274638616
2026-07-21 13:10:00+00:00,10.210305274638616
2026-07-21 13:15:00+00:00,10.210305274638616
2026-07-21 13:20:00+00:00,10.210305274638616
2026-07-21 13:25:00+00:00,10.210305274638616
2026-07-21 13:30:00+00:00,10.210305274638616
2026-07-21 13:35:00+00:00,10.210305274638616
2026-07-21 13:40:00+00:00,10.210305274638616
2026-07-21 13:45:00+00:00,10.210305274638616
2026-07-21 13:50:00+00:00,10.210305274638616
2026-07-21 13:55:00+00:00,10.210305274638616
2026-07-21 14:00:00+00:00,10.210305274638616
2026-07-21 14:05:00+00:00,10.210305274638616
2026-07-21 14:10:00+00:00,10.210305274638616
2026-07-21 14:15:00+00:00,10.210305274638616
2026-07-21 14:20:00+00:00,10.210305274638616
2026-07-21 14:25:00+00:00,10.210305274638616
2026-07-21 14:30:00+00:00,10.210305274638616
2026-07-21 14:35:00+00:00,10.210305274638616
2026-07-21 14:40:00+00:00,10.210305274638616
2026-07-21 14:45:00+00:00,10.210305274638616
2026-07-21 14:50:00+00:00,10.210305274638616
2026-07-21 14:55:00+00:00,10.210305274638616
2026-07-21 15:00:00+00:00,10.210305274638616
2026-07-21 15:05:00+00:00,10.210305274638616
2026-07-21 15:10:00+00:00,10.210305274638616
2026-07-21 15:15:00+00:00,10.210305274638616
2026-07-21 15:20:00+00:00,10.210305274638616
2026-07-21 15:25:00+00:00,10.210305274638616
2026-07-21 15:30:00+00:00,10.210305274638616
2026-07-21 15:35:00+00:00,10.210305274638616
2026-07-21 15:40:00+00:00,10.210305274638616
2026-07-21 15:45:00+00:00,10.210305274638616
2026-07-21 15:50:00+00:00,10.210305274638616
2026-07-21 15:55:00+00:00,10.210305274638616
2026-07-21 16:00:00+00:00,10.210305274638616
2026-07-21 16:05:00+00:00,10.210305274638616
2026-07-21 16:10:00+00:00,10.210305274638616
2026-07-21 16:15:00+00:00,10.210305274638616
2026-07-21 16:20:00+00:00,10.210305274638616
2026-07-21 16:25:00+00:00,10.210305274638616
2026-07-21 16:30:00+00:00,10.210305274638616
2026-07-21 16:35:00+00:00,10.210305274638616
2026-07-21 16:40:00+00:00,10.210305274638616
2026-07-21 16:45:00+00:00,10.210305274638616
2026-07-21 16:50:00+00:00,10.210305274638616
2026-07-21 16:55:00+00:00,10.210305274638616
2026-07-21 17:00:00+00:00,10.210305274638616
2026-07-21 17:05:00+00:00,10.210305274638616
2026-07-21 17:10:00+00:00,10.210305274638616
2026-07-21 17:15:00+00:00,10.210305274638616
2026-07-21 17:20:00+00:00,10.210305274638616
2026-07-21 17:25:00+00:00,10.210305274638616
2026-07-21 17:30:00+00:00,10.210305274638616
2026-07-21 17:35:00+00:00,10.210305274638616
2026-07-21 17:40:00+00:00,10.210305274638616
2026-07-21 17:45:00+00:00,10.210305274638616
2026-07-21 17:50:00+00:00,10.210305274638616
2026-07-21 17:55:00+00:00,10.210305274638616
2026-07-21 18:00:00+00:00,10.210305274638616
2026-07-21 18:05:00+00:00,10.210305274638616
2026-07-21 18:10:00+00:00,10.210305274638616
2026-07-21 18:15:00+00:00,10.210305274638616
2026-07-21 18:20:00+00:00,10.210305274638616
2026-07-21 18:25:00+00:00,10.210305274638616
2026-07-21 18:30:00+00:00,10.210305274638616
2026-07-21 18:35:00+00:00,10.210305274638616
2026-07-21 18:40:00+00:00,10.210305274638616
2026-07-21 18:45:00+00:00,10.210305274638616
2026-07-21 18:50:00+00:00,10.210305274638616
2026-07-21 18:55:00+00:00,10.210305274638616
2026-07-21 19:00:00+00:00,10.210305274638616
2026-07-21 19:05:00+00:00,10.210305274638616
2026-07-21 19:10:00+00:00,10.210305274638616
2026-07-21 19:15:00+00:00,10.210305274638616
2026-07-21 19:20:00+00:00,10.210305274638616
2026-07-21 19:25:00+00:00,10.210305274638616
2026-07-21 19:30:00+00:00,10.210305274638616
2026-07-21 19:35:00+00:00,10.210305274638616
2026-07-21 19:40:00+00:00,10.210305274638616
2026-07-21 19:45:00+00:00,10.210305274638616
2026-07-21 19:50:00+00:00,10.210305274638616
2026-07-21 19:55:00+00:00,10.210305274638616
2026-07-21 20:00:00+00:00,10.210305274638616
2026-07-21 20:05:00+00:00,10.210305274638616
2026-07-21 20:10:00+00:00,10.210305274638616
2026-07-21 20:15:00+00:00,10.210305274638616
2026-07-21 20:20:00+00:00,10.210305274638616
2026-07-21 20:25:00+00:00,10.210305274638616
2026-07-21 20:30:00+00:00,10.210305274638616
2026-07-21 20:35:00+00:00,10.210305274638616
2026-07-21 20:40:00+00:00,10.210305274638616
2026-07-21 20:45:00+00:00,10.210305274638616
2026-07-21 20:50:00+00:00,10.210305274638616
2026-07-21 20:55:00+00:00,10.210305274638616
2026-07-21 21:00:00+00:00,10.210305274638616
2026-07-21 21:05:00+00:00,10.210305274638616
2026-07-21 21:10:00+00:00,10.210305274638616
2026-07-21 21:15:00+00:00,10.210305274638616
2026-07-21 21:20:00+00:00,10.210305274638616
2026-07-21 21:25:00+00:00,10.210305274638616
2026-07-21 21:30:00+00:00,10.210305274638616
2026-07-21 21:35:00+00:00,10.210305274638616
2026-07-21 21:40:00+00:00,10.210305274638616
2026-07-21 21:45:00+00:00,10.210305274638616
2026-07-21 21:50:00+00:00,10.210305274638616
2026-07-21 21:55:00+00:00,10.210305274638616
2026-07-21 22:00:00+00:00,10.210305274638616
2026-07-21 22:05:00+00:00,10.210305274638616
2026-07-21 22:10:00+00:00,10.210305274638616
2026-07-21 22:15:00+00:00,10.210305274638616
2026-07-21 22:20:00+00:00,10.210305274638616
2026-07-21 22:25:00+00:00,10.210305274638616
2026-07-21 22:30:00+00:00,10.210305274638616
2026-07-21 22:35:00+00:00,10.210305274638616
2026-07-21 22:40:00+00:00,10.210305274638616
2026-07-21 22:45:00+00:00,10.210305274638616
2026-07-21 22:50:00+00:00,10.210305274638616
2026-07-21 22:55:00+00:00,10.210305274638616
2026-07-21 23:00:00+00:00,10.210305274638616
2026-07-21 23:05:00+00:00,10.210305274638616
2026-07-21 23:10:00+00:00,10.210305274638616
2026-07-21 23:15:00+00:00,10.210305274638616
2026-07-21 23:20:00+00:00,10.210305274638616
2026-07-21 23:25:00+00:00,10.210305274638616
2026-07-21 23:30:00+00:00,10.210305274638616
2026-07-21 23:35:00+00:00,10.210305274638616
2026-07-21 23:40:00+00:00,10.210305274638616
2026-07-21 23:45:00+00:00,10.210305274638616
2026-07-21 23:50:00+00:00,10.210305274638616
2026-07-21 23:55:00+00:00,10.210305274638616
2026-07-22 00:00:00+00:00,10.210305274638616
2026-07-22 00:05:00+00:00,10.210305274638616
2026-07-22 00:10:00+00:00,10.210305274638616
2026-07-22 00:15:00+00:00,10.210305274638616
2026-07-22 00:20:00+00:00,10.210305274638616
2026-07-22 00:25:00+00:00,10.210305274638616
2026-07-22 00:30:00+00:00,10.210305274638616
2026-07-22 00:35:00+00:00,10.210305274638616
2026-07-22 00:40:00+00:00,10.210305274638616
2026-07-22 00:45:00+00:00,10.210305274638616
2026-07-22 00:50:00+00:00,10.210305274638616
2026-07-22 00:55:00+00:00,10.210305274638616
2026-07-22 01:00:00+00:00,10.210305274638616
2026-07-22 01:05:00+00:00,10.210305274638616
2026-07-22 01:10:00+00:00,10.210305274638616
2026-07-22 01:15:00+00:00,10.210305274638616
2026-07-22 01:20:00+00:00,10.210305274638616
2026-07-22 01:25:00+00:00,10.210305274638616
2026-07-22 01:30:00+00:00,10.210305274638616
2026-07-22 01:35:00+00:00,10.210305274638616
2026-07-22 01:40:00+00:00,10.210305274638616
2026-07-22 01:45:00+00:00,10.210305274638616
2026-07-22 01:50:00+00:00,10.210305274638616
2026-07-22 01:55:00+00:00,10.210305274638616
2026-07-22 02:00:00+00:00,10.210305274638616
2026-07-22 02:05:00+00:00,10.210305274638616
2026-07-22 02:10:00+00:00,10.210305274638616
2026-07-22 02:15:00+00:00,10.210305274638616
2026-07-22 02:20:00+00:00,10.210305274638616
2026-07-22 02:25:00+00:00,10.210305274638616
2026-07-22 02:30:00+00:00,10.210305274638616
2026-07-22 02:35:00+00:00,10.210305274638616
2026-07-22 02:40:00+00:00,10.210305274638616
2026-07-22 02:45:00+00:00,10.210305274638616
2026-07-22 02:50:00+00:00,10.210305274638616
2026-07-22 02:55:00+00:00,10.210305274638616
2026-07-22 03:00:00+00:00,10.210305274638616
2026-07-22 03:05:00+00:00,10.210305274638616
2026-07-22 03:10:00+00:00,10.210305274638616
2026-07-22 03:15:00+00:00,10.210305274638616
2026-07-22 03:20:00+00:00,10.210305274638616
2026-07-22 03:25:00+00:00,10.210305274638616
2026-07-22 03:30:00+00:00,10.210305274638616
2026-07-22 03:35:00+00:00,10.210305274638616
2026-07-22 03:40:00+00:00,10.210305274638616
2026-07-22 03:45:00+00:00,10.210305274638616
2026-07-22 03:50:00+00:00,10.210305274638616
2026-07-22 03:55:00+00:00,10.210305274638616
2026-07-22 04:00:00+00:00,10.210305274638616
2026-07-22 04:05:00+00:00,10.210305274638616
2026-07-22 04:10:00+00:00,10.210305274638616
2026-07-22 04:15:00+00:00,10.210305274638616
2026-07-22 04:20:00+00:00,10.210305274638616
2026-07-22 04:25:00+00:00,10.210305274638616
2026-07-22 04:30:00+00:00,10.210305274638616
2026-07-22 04:35:00+00:00,10.210305274638616
2026-07-22 04:40:00+00:00,10.210305274638616
2026-07-22 04:45:00+00:00,10.210305274638616
2026-07-22 04:50:00+00:00,10.210305274638616
2026-07-22 04:55:00+00:00,10.210305274638616
2026-07-22 05:00:00+00:00,10.210305274638616
2026-07-22 05:05:00+00:00,10.210305274638616
2026-07-22 05:10:00+00:00,10.210305274638616
2026-07-22 05:15:00+00:00,10.210305274638616
2026-07-22 05:20:00+00:00,10.210305274638616
2026-07-22 05:25:00+00:00,10.210305274638616
2026-07-22 05:30:00+00:00,10.210305274638616
2026-07-22 05:35:00+00:00,10.210305274638616
2026-07-22 05:40:00+00:00,10.210305274638616
2026-07-22 05:45:00+00:00,10.210305274638616
2026-07-22 05:50:00+00:00,10.210305274638616
2026-07-22 05:55:00+00:00,10.210305274638616
2026-07-22 06:00:00+00:00,10.210305274638616
2026-07-22 06:05:00+00:00,10.210305274638616
2026-07-22 06:10:00+00:00,10.210305274638616
2026-07-22 06:15:00+00:00,10.210305274638616
2026-07-22 06:20:00+00:00,10.210305274638616
2026-07-22 06:25:00+00:00,10.210305274638616
2026-07-22 06:30:00+00:00,10.210305274638616
2026-07-22 06:35:00+00:00,10.59576594063027
2026-07-22 06:40:00+00:00,10.689186796764156
2026-07-22 06:45:00+00:00,10.91292429700041
2026-07-22 06:50:00+00:00,10.779161768526686
2026-07-22 06:55:00+00:00,10.69848337056178
2026-07-22 07:00:00+00:00,10.62627255832413
2026-07-22 07:05:00+00:00,10.698966187010823
2026-07-22 07:10:00+00:00,10.543991289046035
2026-07-22 07:15:00+00:00,10.681453787110646
2026-07-22 07:20:00+00:00,10.721678452436807
2026-07-22 07:25:00+00:00,10.7108339040004
2026-07-22 07:30:00+00:00,10.831356004594612
2026-07-22 07:35:00+00:00,10.789610899256692
2026-07-22 07:40:00+00:00,10.873243829730201
2026-07-22 07:45:00+00:00,10.941835364248194
2026-07-22 07:50:00+00:00,10.692149825714088
2026-07-22 07:55:00+00:00,10.91858083090906
2026-07-22 08:00:00+00:00,10.326628924466142
2026-07-22 08:05:00+00:00,10.297453200156937
2026-07-22 08:10:00+00:00,10.46463892724432
2026-07-22 08:15:00+00:00,10.712214950090516
2026-07-22 08:20:00+00:00,10.605622048616748
2026-07-22 08:25:00+00:00,10.657293703301264
2026-07-22 08:30:00+00:00,10.745067632075568
2026-07-22 08:35:00+00:00,10.629932620007288
2026-07-22 08:40:00+00:00,10.883809305657067
2026-07-22 08:45:00+00:00,10.79346156423735
2026-07-22 08:50:00+00:00,10.651127333989475
2026-07-22 08:55:00+00:00,10.763761457689714
2026-07-22 09:00:00+00:00,11.019275636666382
2026-07-22 09:05:00+00:00,10.787663441295582
2026-07-22 09:10:00+00:00,10.797614019072267
2026-07-22 09:15:00+00:00,10.66524330628631
2026-07-22 09:20:00+00:00,10.744974945708542
2026-07-22 09:25:00+00:00,10.774012590356353
2026-07-22 09:30:00+00:00,10.788183996218216
2026-07-22 09:35:00+00:00,10.729231060988088
2026-07-22 09:40:00+00:00,10.669320149573803
2026-07-22 09:45:00+00:00,10.616733211740637
2026-07-22 09:50:00+00:00,10.736970146521486
2026-07-22 09:55:00+00:00,10.677675086306394
2026-07-22 10:00:00+00:00,10.760973629927918
2026-07-22 10:05:00+00:00,10.748484597369835
2026-07-22 10:10:00+00:00,10.61355940663853
2026-07-22 10:15:00+00:00,10.696425630205276
2026-07-22 10:20:00+00:00,10.81501448135922
2026-07-22 10:25:00+00:00,10.76878786133111
2026-07-22 10:30:00+00:00,10.829281538918757
2026-07-22 10:35:00+00:00,10.829382295222679
2026-07-22 10:40:00+00:00,10.77135332489918
2026-07-22 10:45:00+00:00,10.812813574331482
2026-07-22 10:50:00+00:00,10.791879910031788
2026-07-22 10:55:00+00:00,10.760808754531915
2026-07-22 11:00:00+00:00,10.646623773167875
2026-07-22 11:05:00+00:00,10.679827374079377
2026-07-22 11:10:00+00:00,10.599114274102362
2026-07-22 11:15:00+00:00,10.595502217775255
2026-07-22 11:20:00+00:00,10.700057469041614
2026-07-22 11:25:00+00:00,10.748602754762949
2026-07-22 11:30:00+00:00,10.434725276933744
2026-07-22 11:35:00+00:00,10.654806765357328
2026-07-22 11:40:00+00:00,10.55163503178036
2026-07-22 11:45:00+00:00,10.623636791111203
2026-07-22 11:50:00+00:00,10.584430831233217
2026-07-22 11:55:00+00:00,10.686763182196636
2026-07-22 12:00:00+00:00,10.769347651439853
2026-07-22 12:05:00+00:00,10.782441979644785
2026-07-22 12:10:00+00:00,10.779101833584603
2026-07-22 12:15:00+00:00,10.997139425999125
2026-07-22 12:20:00+00:00,11.301547144705426
2026-07-22 12:25:00+00:00,11.301547144705426
2026-07-22 12:30:00+00:00,11.301547144705426
2026-07-22 12:35:00+00:00,11.301547144705426
2026-07-22 12:40:00+00:00,11.301547144705426
2026-07-22 12:45:00+00:00,11.301547144705426
2026-07-22 12:50:00+00:00,11.301547144705426
2026-07-22 12:55:00+00:00,11.301547144705426
2026-07-22 13:00:00+00:00,11.301547144705426
2026-07-22 13:05:00+00:00,11.301547144705426
2026-07-22 13:10:00+00:00,11.301547144705426
2026-07-22 13:15:00+00:00,11.301547144705426
2026-07-22 13:20:00+00:00,11.301547144705426
2026-07-22 13:25:00+00:00,11.301547144705426
2026-07-22 13:30:00+00:00,11.301547144705426
2026-07-22 13:35:00+00:00,11.301547144705426
2026-07-22 13:40:00+00:00,11.301547144705426
2026-07-22 13:45:00+00:00,11.301547144705426
2026-07-22 13:50:00+00:00,11.301547144705426
2026-07-22 13:55:00+00:00,11.301547144705426
2026-07-22 14:00:00+00:00,11.301547144705426
2026-07-22 14:05:00+00:00,11.301547144705426
2026-07-22 14:10:00+00:00,11.301547144705426
2026-07-22 14:15:00+00:00,11.301547144705426
2026-07-22 14:20:00+00:00,11.301547144705426
2026-07-22 14:25:00+00:00,11.301547144705426
2026-07-22 14:30:00+00:00,11.301547144705426
2026-07-22 14:35:00+00:00,11.301547144705426
2026-07-22 14:40:00+00:00,11.301547144705426
2026-07-22 14:45:00+00:00,11.301547144705426
2026-07-22 14:50:00+00:00,11.301547144705426
2026-07-22 14:55:00+00:00,11.301547144705426
2026-07-22 15:00:00+00:00,11.301547144705426
2026-07-22 15:05:00+00:00,11.301547144705426
2026-07-22 15:10:00+00:00,11.301547144705426
2026-07-22 15:15:00+00:00,11.301547144705426
2026-07-22 15:20:00+00:00,11.301547144705426
2026-07-22 15:25:00+00:00,11.301547144705426
2026-07-22 15:30:00+00:00,11.301547144705426
2026-07-22 15:35:00+00:00,11.301547144705426
2026-07-22 15:40:00+00:00,11.301547144705426
2026-07-22 15:45:00+00:00,11.301547144705426
2026-07-22 15:50:00+00:00,11.301547144705426
2026-07-22 15:55:00+00:00,11.301547144705426
2026-07-22 16:00:00+00:00,11.301547144705426
2026-07-22 16:05:00+00:00,11.301547144705426
2026-07-22 16:10:00+00:00,11.301547144705426
2026-07-22 16:15:00+00:00,11.301547144705426
2026-07-22 16:20:00+00:00,11.301547144705426
2026-07-22 16:25:00+00:00,11.301547144705426
2026-07-22 16:30:00+00:00,11.301547144705426
2026-07-22 16:35:00+00:00,11.301547144705426
2026-07-22 16:40:00+00:00,11.301547144705426
2026-07-22 16:45:00+00:00,11.301547144705426
2026-07-22 16:50:00+00:00,11.301547144705426
2026-07-22 16:55:00+00:00,11.301547144705426
2026-07-22 17:00:00+00:00,11.301547144705426
2026-07-22 17:05:00+00:00,11.301547144705426
2026-07-22 17:10:00+00:00,11.301547144705426
2026-07-22 17:15:00+00:00,11.301547144705426
2026-07-22 17:20:00+00:00,11.301547144705426
2026-07-22 17:25:00+00:00,11.301547144705426
2026-07-22 17:30:00+00:00,11.301547144705426
2026-07-22 17:35:00+00:00,11.301547144705426
2026-07-22 17:40:00+00:00,11.301547144705426
2026-07-22 17:45:00+00:00,11.301547144705426
2026-07-22 17:50:00+00:00,11.301547144705426
2026-07-22 17:55:00+00:00,11.301547144705426
2026-07-22 18:00:00+00:00,11.301547144705426
2026-07-22 18:05:00+00:00,11.301547144705426
2026-07-22 18:10:00+00:00,11.301547144705426
2026-07-22 18:15:00+00:00,11.301547144705426
2026-07-22 18:20:00+00:00,11.301547144705426
2026-07-22 18:25:00+00:00,11.301547144705426
2026-07-22 18:30:00+00:00,11.301547144705426
2026-07-22 18:35:00+00:00,11.301547144705426
2026-07-22 18:40:00+00:00,11.301547144705426
2026-07-22 18:45:00+00:00,11.301547144705426
2026-07-22 18:50:00+00:00,11.301547144705426
2026-07-22 18:55:00+00:00,11.301547144705426
2026-07-22 19:00:00+00:00,11.301547144705426
2026-07-22 19:05:00+00:00,11.301547144705426
2026-07-22 19:10:00+00:00,11.301547144705426
2026-07-22 19:15:00+00:00,11.301547144705426
2026-07-22 19:20:00+00:00,11.301547144705426
2026-07-22 19:25:00+00:00,11.301547144705426
2026-07-22 19:30:00+00:00,11.301547144705426
2026-07-22 19:35:00+00:00,11.301547144705426
2026-07-22 19:40:00+00:00,11.301547144705426
2026-07-22 19:45:00+00:00,11.301547144705426
2026-07-22 19:50:00+00:00,11.301547144705426
2026-07-22 19:55:00+00:00,11.301547144705426
2026-07-22 20:00:00+00:00,11.301547144705426
2026-07-22 20:05:00+00:00,11.301547144705426
2026-07-22 20:10:00+00:00,11.301547144705426
2026-07-22 20:15:00+00:00,11.301547144705426
2026-07-22 20:20:00+00:00,11.301547144705426
2026-07-22 20:25:00+00:00,11.301547144705426
2026-07-22 20:30:00+00:00,11.301547144705426
2026-07-22 20:35:00+00:00,11.301547144705426
2026-07-22 20:40:00+00:00,11.301547144705426
2026-07-22 20:45:00+00:00,11.301547144705426
2026-07-22 20:50:00+00:00,11.301547144705426
2026-07-22 20:55:00+00:00,11.301547144705426
2026-07-22 21:00:00+00:00,11.301547144705426
2026-07-22 21:05:00+00:00,11.301547144705426
2026-07-22 21:10:00+00:00,11.301547144705426
2026-07-22 21:15:00+00:00,11.301547144705426
2026-07-22 21:20:00+00:00,11.301547144705426
2026-07-22 21:25:00+00:00,11.301547144705426
2026-07-22 21:30:00+00:00,11.301547144705426
2026-07-22 21:35:00+00:00,11.301547144705426
2026-07-22 21:40:00+00:00,11.301547144705426
2026-07-22 21:45:00+00:00,11.301547144705426
2026-07-22 21:50:00+00:00,11.301547144705426
2026-07-22 21:55:00+00:00,11.301547144705426
2026-07-22 22:00:00+00:00,11.301547144705426
2026-07-22 22:05:00+00:00,11.301547144705426
2026-07-22 22:10:00+00:00,11.301547144705426
2026-07-22 22:15:00+00:00,11.301547144705426
2026-07-22 22:20:00+00:00,11.301547144705426
2026-07-22 22:25:00+00:00,11.301547144705426
2026-07-22 22:30:00+00:00,11.301547144705426
2026-07-22 22:35:00+00:00,11.301547144705426
2026-07-22 22:40:00+00:00,11.301547144705426
2026-07-22 22:45:00+00:00,11.301547144705426
2026-07-22 22:50:00+00:00,11.301547144705426
2026-07-22 22:55:00+00:00,11.301547144705426
2026-07-22 23:00:00+00:00,11.301547144705426
2026-07-22 23:05:00+00:00,11.301547144705426
2026-07-22 23:10:00+00:00,11.301547144705426
2026-07-22 23:15:00+00:00,11.301547144705426
2026-07-22 23:20:00+00:00,11.301547144705426
2026-07-22 23:25:00+00:00,11.301547144705426
2026-07-22 23:30:00+00:00,11.301547144705426
2026-07-22 23:35:00+00:00,11.301547144705426
2026-07-22 23:40:00+00:00,11.301547144705426
2026-07-22 23:45:00+00:00,11.301547144705426
2026-07-22 23:50:00+00:00,11.301547144705426
2026-07-22 23:55:00+00:00,11.301547144705426
2026-07-23 00:00:00+00:00,11.301547144705426
2026-07-23 00:05:00+00:00,11.301547144705426
2026-07-23 00:10:00+00:00,11.301547144705426
2026-07-23 00:15:00+00:00,11.301547144705426
2026-07-23 00:20:00+00:00,11.301547144705426
2026-07-23 00:25:00+00:00,11.301547144705426
2026-07-23 00:30:00+00:00,11.301547144705426
2026-07-23 00:35:00+00:00,11.301547144705426
2026-07-23 00:40:00+00:00,11.301547144705426
2026-07-23 00:45:00+00:00,11.301547144705426
2026-07-23 00:50:00+00:00,11.301547144705426
2026-07-23 00:55:00+00:00,11.301547144705426
2026-07-23 01:00:00+00:00,11.301547144705426
2026-07-23 01:05:00+00:00,11.301547144705426
2026-07-23 01:10:00+00:00,11.301547144705426
2026-07-23 01:15:00+00:00,11.301547144705426
2026-07-23 01:20:00+00:00,11.301547144705426
2026-07-23 01:25:00+00:00,11.301547144705426
2026-07-23 01:30:00+00:00,11.301547144705426
2026-07-23 01:35:00+00:00,11.301547144705426
2026-07-23 01:40:00+00:00,11.301547144705426
2026-07-23 01:45:00+00:00,11.301547144705426
2026-07-23 01:50:00+00:00,11.301547144705426
2026-07-23 01:55:00+00:00,11.301547144705426
2026-07-23 02:00:00+00:00,11.301547144705426
2026-07-23 02:05:00+00:00,11.301547144705426
2026-07-23 02:10:00+00:00,11.301547144705426
2026-07-23 02:15:00+00:00,11.301547144705426
2026-07-23 02:20:00+00:00,11.301547144705426
2026-07-23 02:25:00+00:00,11.301547144705426
2026-07-23 02:30:00+00:00,11.301547144705426
2026-07-23 02:35:00+00:00,11.301547144705426
2026-07-23 02:40:00+00:00,11.301547144705426
2026-07-23 02:45:00+00:00,11.301547144705426
2026-07-23 02:50:00+00:00,11.301547144705426
2026-07-23 02:55:00+00:00,11.301547144705426
2026-07-23 03:00:00+00:00,11.301547144705426
2026-07-23 03:05:00+00:00,11.301547144705426
2026-07-23 03:10:00+00:00,11.301547144705426
2026-07-23 03:15:00+00:00,11.301547144705426
2026-07-23 03:20:00+00:00,11.301547144705426
2026-07-23 03:25:00+00:00,11.301547144705426
2026-07-23 03:30:00+00:00,11.301547144705426
2026-07-23 03:35:00+00:00,11.301547144705426
2026-07-23 03:40:00+00:00,11.301547144705426
2026-07-23 03:45:00+00:00,11.301547144705426
2026-07-23 03:50:00+00:00,11.301547144705426
2026-07-23 03:55:00+00:00,11.301547144705426
2026-07-23 04:00:00+00:00,11.301547144705426
2026-07-23 04:05:00+00:00,11.301547144705426
2026-07-23 04:10:00+00:00,11.301547144705426
2026-07-23 04:15:00+00:00,11.301547144705426
2026-07-23 04:20:00+00:00,11.301547144705426
2026-07-23 04:25:00+00:00,11.301547144705426
2026-07-23 04:30:00+00:00,11.301547144705426
2026-07-23 04:35:00+00:00,11.301547144705426
2026-07-23 04:40:00+00:00,11.301547144705426
2026-07-23 04:45:00+00:00,11.301547144705426
2026-07-23 04:50:00+00:00,11.301547144705426
2026-07-23 04:55:00+00:00,11.301547144705426
2026-07-23 05:00:00+00:00,11.301547144705426
2026-07-23 05:05:00+00:00,11.301547144705426
2026-07-23 05:10:00+00:00,11.301547144705426
2026-07-23 05:15:00+00:00,11.301547144705426
2026-07-23 05:20:00+00:00,11.301547144705426
2026-07-23 05:25:00+00:00,11.301547144705426
2026-07-23 05:30:00+00:00,11.301547144705426
2026-07-23 05:35:00+00:00,11.301547144705426
2026-07-23 05:40:00+00:00,11.301547144705426
2026-07-23 05:45:00+00:00,11.301547144705426
2026-07-23 05:50:00+00:00,11.301547144705426
2026-07-23 05:55:00+00:00,11.301547144705426
2026-07-23 06:00:00+00:00,11.301547144705426
2026-07-23 06:05:00+00:00,11.301547144705426
2026-07-23 06:10:00+00:00,11.301547144705426
2026-07-23 06:15:00+00:00,11.301547144705426
2026-07-23 06:20:00+00:00,11.301547144705426
2026-07-23 06:25:00+00:00,11.301547144705426
2026-07-23 06:30:00+00:00,11.301547144705426
2026-07-23 06:35:00+00:00,11.301547144705426
2026-07-23 06:40:00+00:00,11.301547144705426
2026-07-23 06:45:00+00:00,11.301547144705426
2026-07-23 06:50:00+00:00,11.301547144705426
2026-07-23 06:55:00+00:00,11.301547144705426
2026-07-23 07:00:00+00:00,11.301547144705426
2026-07-23 07:05:00+00:00,11.301547144705426
2026-07-23 07:10:00+00:00,11.301547144705426
2026-07-23 07:15:00+00:00,11.301547144705426
2026-07-23 07:20:00+00:00,11.301547144705426
2026-07-23 07:25:00+00:00,11.301547144705426
2026-07-23 07:30:00+00:00,11.301547144705426
2026-07-23 07:35:00+00:00,11.301547144705426
2026-07-23 07:40:00+00:00,11.301547144705426
2026-07-23 07:45:00+00:00,11.301547144705426
2026-07-23 07:50:00+00:00,11.301547144705426
2026-07-23 07:55:00+00:00,11.301547144705426
2026-07-23 08:00:00+00:00,11.301547144705426
2026-07-23 08:05:00+00:00,11.301547144705426
2026-07-23 08:10:00+00:00,11.301547144705426
2026-07-23 08:15:00+00:00,11.301547144705426
2026-07-23 08:20:00+00:00,11.301547144705426
2026-07-23 08:25:00+00:00,11.301547144705426
2026-07-23 08:30:00+00:00,11.301547144705426
2026-07-23 08:35:00+00:00,11.301547144705426
2026-07-23 08:40:00+00:00,11.301547144705426
2026-07-23 08:45:00+00:00,11.337880910031528
2026-07-23 08:50:00+00:00,11.198925762676614
2026-07-23 08:55:00+00:00,11.40973727216622
2026-07-23 09:00:00+00:00,11.279195233865613
2026-07-23 09:05:00+00:00,11.440373363032263
2026-07-23 09:10:00+00:00,11.801727662386662
2026-07-23 09:15:00+00:00,11.919928635918764
2026-07-23 09:20:00+00:00,11.77591924543938
2026-07-23 09:25:00+00:00,11.932485211662913
2026-07-23 09:30:00+00:00,11.958960774910176
2026-07-23 09:35:00+00:00,12.171806250030015
2026-07-23 09:40:00+00:00,12.106058319022727
2026-07-23 09:45:00+00:00,11.957315502071852
2026-07-23 09:50:00+00:00,12.012581100391506
2026-07-23 09:55:00+00:00,11.931777481831373
2026-07-23 10:00:00+00:00,11.850828199411334
2026-07-23 10:05:00+00:00,11.706423610121297
2026-07-23 10:10:00+00:00,11.626437684954249
2026-07-23 10:15:00+00:00,11.60484092603925
2026-07-23 10:20:00+00:00,11.162958616401719
2026-07-23 10:25:00+00:00,11.532920262369972
2026-07-23 10:30:00+00:00,11.540179224197688
2026-07-23 10:35:00+00:00,11.608312514629537
2026-07-23 10:40:00+00:00,11.63050068991126
2026-07-23 10:45:00+00:00,11.773371342798333
2026-07-23 10:50:00+00:00,11.685932758494532
2026-07-23 10:55:00+00:00,11.827482741698391
2026-07-23 11:00:00+00:00,12.027459801721074
2026-07-23 11:05:00+00:00,12.092938743250292
2026-07-23 11:10:00+00:00,12.182632346014232
2026-07-23 11:15:00+00:00,11.991129691554614
2026-07-23 11:20:00+00:00,11.603134549890159
2026-07-23 11:25:00+00:00,11.590330493831813
2026-07-23 11:30:00+00:00,11.567230564834274
2026-07-23 11:35:00+00:00,11.313137512300353
2026-07-23 11:40:00+00:00,11.397135943093206
2026-07-23 11:45:00+00:00,11.260492833984658
2026-07-23 11:50:00+00:00,10.88436720075091
2026-07-23 11:55:00+00:00,11.094311482550323
2026-07-23 12:00:00+00:00,11.461687980231805
2026-07-23 12:05:00+00:00,11.919313842767664
2026-07-23 12:10:00+00:00,11.931426246742582
2026-07-23 12:15:00+00:00,11.912084115165388
2026-07-23 12:20:00+00:00,11.811525775520082
2026-07-23 12:25:00+00:00,11.873029322263317
2026-07-23 12:30:00+00:00,11.830527321778039
2026-07-23 12:35:00+00:00,11.599767725178644
2026-07-23 12:40:00+00:00,11.432409521083297
2026-07-23 12:45:00+00:00,11.659582705796911
2026-07-23 12:50:00+00:00,11.511021957732936
2026-07-23 12:55:00+00:00,11.432714347854855
2026-07-23 13:00:00+00:00,11.587862098224388
2026-07-23 13:05:00+00:00,11.565790425439204
2026-07-23 13:10:00+00:00,11.572126743680943
2026-07-23 13:15:00+00:00,11.427328045628126
2026-07-23 13:20:00+00:00,11.207899185533876
2026-07-23 13:25:00+00:00,11.117481597361422
2026-07-23 13:30:00+00:00,11.207788528508821
2026-07-23 13:35:00+00:00,10.785987119202744
2026-07-23 13:40:00+00:00,9.580242987709308
2026-07-23 13:45:00+00:00,10.565834850839828
2026-07-23 13:50:00+00:00,10.540984425485622
2026-07-23 13:55:00+00:00,10.734408909785309
2026-07-23 14:00:00+00:00,10.479264174747371
2026-07-23 14:05:00+00:00,10.38726040209471
2026-07-23 14:10:00+00:00,10.135358416002848
2026-07-23 14:15:00+00:00,10.014436222928424
2026-07-23 14:20:00+00:00,10.273095590347936
2026-07-23 14:25:00+00:00,10.48874298563619
2026-07-23 14:30:00+00:00,10.354589602885433
2026-07-23 14:35:00+00:00,10.28840396430991
2026-07-23 14:40:00+00:00,10.652179745918932
2026-07-23 14:45:00+00:00,10.356508452722412
2026-07-23 14:50:00+00:00,10.74296899854189
2026-07-23 14:55:00+00:00,10.758008754205417
2026-07-23 15:00:00+00:00,10.797417797308306
2026-07-23 15:05:00+00:00,11.183155147617818
2026-07-23 15:10:00+00:00,11.175273691867115
2026-07-23 15:15:00+00:00,11.251321180173257
2026-07-23 15:20:00+00:00,11.221080628283985
2026-07-23 15:25:00+00:00,11.316958953756384
2026-07-23 15:30:00+00:00,11.364258774575841
2026-07-23 15:35:00+00:00,11.235107467646898
2026-07-23 15:40:00+00:00,11.282222306224387
2026-07-23 15:45:00+00:00,11.485725710176286
2026-07-23 15:50:00+00:00,11.046223465701399
2026-07-23 15:55:00+00:00,10.949128396756446
2026-07-23 16:00:00+00:00,10.982452340405036
2026-07-23 16:05:00+00:00,11.039860133848201
2026-07-23 16:10:00+00:00,10.841331092436668
2026-07-23 16:15:00+00:00,10.552747658928563
2026-07-23 16:20:00+00:00,10.446001132494398
2026-07-23 16:25:00+00:00,10.995165004840402
2026-07-23 16:30:00+00:00,11.078934566904397
2026-07-23 16:35:00+00:00,11.311679387176
2026-07-23 16:40:00+00:00,11.616054688796307
2026-07-23 16:45:00+00:00,11.120893481395989
2026-07-23 16:50:00+00:00,11.186422678251862
2026-07-23 16:55:00+00:00,11.156616690545007
2026-07-23 17:00:00+00:00,11.216779426348634
2026-07-23 17:05:00+00:00,10.925805078154205
2026-07-23 17:10:00+00:00,10.93702693889006
2026-07-23 17:15:00+00:00,11.077878813868736
2026-07-23 17:20:00+00:00,11.002338524150613
2026-07-23 17:25:00+00:00,11.162121088258548
2026-07-23 17:30:00+00:00,11.053187835361367
2026-07-23 17:35:00+00:00,10.98278020252631
2026-07-23 17:40:00+00:00,10.955588974320019
2026-07-23 17:45:00+00:00,10.740404443482266
2026-07-23 17:50:00+00:00,10.68339830263384
2026-07-23 17:55:00+00:00,10.846207331375169
2026-07-23 18:00:00+00:00,11.171775739297008
2026-07-23 18:05:00+00:00,11.277687771702094
2026-07-23 18:10:00+00:00,11.145888937613336
2026-07-23 18:15:00+00:00,11.187663330370857
2026-07-23 18:20:00+00:00,11.392047063043432
2026-07-23 18:25:00+00:00,11.412111225835709
2026-07-23 18:30:00+00:00,11.516509711999213
2026-07-23 18:35:00+00:00,11.804073315953712
2026-07-23 18:40:00+00:00,12.04571245192917
2026-07-23 18:45:00+00:00,12.04571245192917
2026-07-23 18:50:00+00:00,12.04571245192917
2026-07-23 18:55:00+00:00,12.04571245192917
2026-07-23 19:00:00+00:00,12.04571245192917
2026-07-23 19:05:00+00:00,12.04571245192917
2026-07-23 19:10:00+00:00,12.04571245192917
2026-07-23 19:15:00+00:00,12.04571245192917
2026-07-23 19:20:00+00:00,12.04571245192917
2026-07-23 19:25:00+00:00,12.04571245192917
2026-07-23 19:30:00+00:00,12.04571245192917
2026-07-23 19:35:00+00:00,12.04571245192917
2026-07-23 19:40:00+00:00,12.04571245192917
2026-07-23 19:45:00+00:00,12.04571245192917
2026-07-23 19:50:00+00:00,12.04571245192917
2026-07-23 19:55:00+00:00,12.04571245192917
2026-07-23 20:00:00+00:00,12.04571245192917
2026-07-23 20:05:00+00:00,12.04571245192917
2026-07-23 20:10:00+00:00,12.04571245192917
2026-07-23 20:15:00+00:00,12.04571245192917
2026-07-23 20:20:00+00:00,12.04571245192917
2026-07-23 20:25:00+00:00,12.04571245192917
2026-07-23 20:30:00+00:00,12.04571245192917
2026-07-23 20:35:00+00:00,12.04571245192917
2026-07-23 20:40:00+00:00,12.04571245192917
2026-07-23 20:45:00+00:00,12.04571245192917
2026-07-23 20:50:00+00:00,12.04571245192917
2026-07-23 20:55:00+00:00,12.04571245192917
2026-07-23 21:00:00+00:00,12.04571245192917
2026-07-23 21:05:00+00:00,12.04571245192917
2026-07-23 21:10:00+00:00,12.04571245192917
2026-07-23 21:15:00+00:00,12.04571245192917
2026-07-23 21:20:00+00:00,12.04571245192917
2026-07-23 21:25:00+00:00,12.04571245192917
2026-07-23 21:30:00+00:00,12.04571245192917
2026-07-23 21:35:00+00:00,12.04571245192917
2026-07-23 21:40:00+00:00,12.04571245192917
2026-07-23 21:45:00+00:00,12.04571245192917
2026-07-23 21:50:00+00:00,12.04571245192917
2026-07-23 21:55:00+00:00,12.04571245192917
2026-07-23 22:00:00+00:00,12.04571245192917
2026-07-23 22:05:00+00:00,12.04571245192917
2026-07-23 22:10:00+00:00,12.04571245192917
2026-07-23 22:15:00+00:00,12.04571245192917
2026-07-23 22:20:00+00:00,12.04571245192917
2026-07-23 22:25:00+00:00,12.04571245192917
2026-07-23 22:30:00+00:00,12.04571245192917
2026-07-23 22:35:00+00:00,12.04571245192917
2026-07-23 22:40:00+00:00,12.04571245192917
2026-07-23 22:45:00+00:00,12.04571245192917
2026-07-23 22:50:00+00:00,12.04571245192917
2026-07-23 22:55:00+00:00,12.04571245192917
2026-07-23 23:00:00+00:00,12.04571245192917
2026-07-23 23:05:00+00:00,12.04571245192917
2026-07-23 23:10:00+00:00,12.04571245192917
2026-07-23 23:15:00+00:00,12.04571245192917
2026-07-23 23:20:00+00:00,12.04571245192917
2026-07-23 23:25:00+00:00,12.04571245192917
2026-07-23 23:30:00+00:00,12.04571245192917
2026-07-23 23:35:00+00:00,12.04571245192917
2026-07-23 23:40:00+00:00,12.04571245192917
2026-07-23 23:45:00+00:00,12.04571245192917
2026-07-23 23:50:00+00:00,12.04571245192917
2026-07-23 23:55:00+00:00,12.04571245192917
2026-07-24 00:00:00+00:00,12.04571245192917
2026-07-24 00:05:00+00:00,12.04571245192917
2026-07-24 00:10:00+00:00,12.04571245192917
2026-07-24 00:15:00+00:00,12.04571245192917
2026-07-24 00:20:00+00:00,12.04571245192917
2026-07-24 00:25:00+00:00,12.04571245192917
2026-07-24 00:30:00+00:00,12.04571245192917
2026-07-24 00:35:00+00:00,12.04571245192917
2026-07-24 00:40:00+00:00,12.04571245192917
2026-07-24 00:45:00+00:00,12.04571245192917
2026-07-24 00:50:00+00:00,12.04571245192917
2026-07-24 00:55:00+00:00,12.04571245192917
2026-07-24 01:00:00+00:00,12.04571245192917
2026-07-24 01:05:00+00:00,12.04571245192917
2026-07-24 01:10:00+00:00,12.04571245192917
2026-07-24 01:15:00+00:00,12.04571245192917
2026-07-24 01:20:00+00:00,12.04571245192917
2026-07-24 01:25:00+00:00,12.04571245192917
2026-07-24 01:30:00+00:00,12.04571245192917
2026-07-24 01:35:00+00:00,12.04571245192917
2026-07-24 01:40:00+00:00,12.04571245192917
2026-07-24 01:45:00+00:00,12.04571245192917
2026-07-24 01:50:00+00:00,12.04571245192917
2026-07-24 01:55:00+00:00,12.04571245192917
2026-07-24 02:00:00+00:00,12.04571245192917
2026-07-24 02:05:00+00:00,12.04571245192917
2026-07-24 02:10:00+00:00,12.04571245192917
2026-07-24 02:15:00+00:00,12.04571245192917
2026-07-24 02:20:00+00:00,12.04571245192917
2026-07-24 02:25:00+00:00,12.04571245192917
2026-07-24 02:30:00+00:00,12.04571245192917
2026-07-24 02:35:00+00:00,12.04571245192917
2026-07-24 02:40:00+00:00,12.04571245192917
2026-07-24 02:45:00+00:00,12.04571245192917
2026-07-24 02:50:00+00:00,12.04571245192917
2026-07-24 02:55:00+00:00,12.04571245192917
2026-07-24 03:00:00+00:00,12.04571245192917
2026-07-24 03:05:00+00:00,12.04571245192917
2026-07-24 03:10:00+00:00,12.04571245192917
2026-07-24 03:15:00+00:00,12.04571245192917
2026-07-24 03:20:00+00:00,12.04571245192917
2026-07-24 03:25:00+00:00,12.04571245192917
2026-07-24 03:30:00+00:00,12.04571245192917
2026-07-24 03:35:00+00:00,12.04571245192917
2026-07-24 03:40:00+00:00,12.04571245192917
2026-07-24 03:45:00+00:00,12.04571245192917
2026-07-24 03:50:00+00:00,12.04571245192917
2026-07-24 03:55:00+00:00,12.04571245192917
2026-07-24 04:00:00+00:00,12.04571245192917
2026-07-24 04:05:00+00:00,12.04571245192917
2026-07-24 04:10:00+00:00,12.04571245192917
2026-07-24 04:15:00+00:00,12.04571245192917
2026-07-24 04:20:00+00:00,12.04571245192917
2026-07-24 04:25:00+00:00,12.04571245192917
2026-07-24 04:30:00+00:00,12.04571245192917
2026-07-24 04:35:00+00:00,12.04571245192917
2026-07-24 04:40:00+00:00,12.04571245192917
2026-07-24 04:45:00+00:00,12.04571245192917
2026-07-24 04:50:00+00:00,12.04571245192917
2026-07-24 04:55:00+00:00,12.04571245192917
2026-07-24 05:00:00+00:00,12.04571245192917
2026-07-24 05:05:00+00:00,12.04571245192917
2026-07-24 05:10:00+00:00,12.04571245192917
2026-07-24 05:15:00+00:00,12.04571245192917
2026-07-24 05:20:00+00:00,12.04571245192917
2026-07-24 05:25:00+00:00,12.04571245192917
2026-07-24 05:30:00+00:00,12.04571245192917
2026-07-24 05:35:00+00:00,12.04571245192917
2026-07-24 05:40:00+00:00,12.04571245192917
2026-07-24 05:45:00+00:00,12.04571245192917
2026-07-24 05:50:00+00:00,12.04571245192917
2026-07-24 05:55:00+00:00,12.04571245192917
2026-07-24 06:00:00+00:00,12.04571245192917
2026-07-24 06:05:00+00:00,12.04571245192917
2026-07-24 06:10:00+00:00,12.04571245192917
2026-07-24 06:15:00+00:00,12.04571245192917
2026-07-24 06:20:00+00:00,12.04571245192917
2026-07-24 06:25:00+00:00,12.04571245192917
2026-07-24 06:30:00+00:00,12.04571245192917
2026-07-24 06:35:00+00:00,12.04571245192917
2026-07-24 06:40:00+00:00,12.04571245192917
2026-07-24 06:45:00+00:00,12.04571245192917
2026-07-24 06:50:00+00:00,12.04571245192917
2026-07-24 06:55:00+00:00,12.04571245192917
2026-07-24 07:00:00+00:00,12.04571245192917
2026-07-24 07:05:00+00:00,12.04571245192917
2026-07-24 07:10:00+00:00,12.04571245192917
2026-07-24 07:15:00+00:00,12.04571245192917
2026-07-24 07:20:00+00:00,12.04571245192917
2026-07-24 07:25:00+00:00,12.04571245192917
2026-07-24 07:30:00+00:00,12.04571245192917
2026-07-24 07:35:00+00:00,12.04571245192917
2026-07-24 07:40:00+00:00,12.04571245192917
2026-07-24 07:45:00+00:00,12.04571245192917
2026-07-24 07:50:00+00:00,12.04571245192917
2026-07-24 07:55:00+00:00,12.04571245192917
2026-07-24 08:00:00+00:00,12.04571245192917
2026-07-24 08:05:00+00:00,12.04571245192917
2026-07-24 08:10:00+00:00,12.04571245192917
2026-07-24 08:15:00+00:00,12.04571245192917
2026-07-24 08:20:00+00:00,12.04571245192917
2026-07-24 08:25:00+00:00,12.04571245192917
2026-07-24 08:30:00+00:00,12.04571245192917
2026-07-24 08:35:00+00:00,12.04571245192917
2026-07-24 08:40:00+00:00,12.04571245192917
2026-07-24 08:45:00+00:00,12.04571245192917
2026-07-24 08:50:00+00:00,12.04571245192917
2026-07-24 08:55:00+00:00,12.04571245192917
2026-07-24 09:00:00+00:00,12.04571245192917
2026-07-24 09:05:00+00:00,12.04571245192917
2026-07-24 09:10:00+00:00,12.04571245192917
2026-07-24 09:15:00+00:00,12.04571245192917
2026-07-24 09:20:00+00:00,12.04571245192917
2026-07-24 09:25:00+00:00,12.04571245192917
2026-07-24 09:30:00+00:00,12.04571245192917
2026-07-24 09:35:00+00:00,12.04571245192917
2026-07-24 09:40:00+00:00,12.04571245192917
2026-07-24 09:45:00+00:00,12.04571245192917
2026-07-24 09:50:00+00:00,12.04571245192917
2026-07-24 09:55:00+00:00,12.04571245192917
2026-07-24 10:00:00+00:00,12.04571245192917
2026-07-24 10:05:00+00:00,12.04571245192917
2026-07-24 10:10:00+00:00,12.04571245192917
2026-07-24 10:15:00+00:00,12.04571245192917
2026-07-24 10:20:00+00:00,12.04571245192917
2026-07-24 10:25:00+00:00,12.04571245192917
2026-07-24 10:30:00+00:00,12.04571245192917
2026-07-24 10:35:00+00:00,12.04571245192917
2026-07-24 10:40:00+00:00,12.04571245192917
2026-07-24 10:45:00+00:00,12.04571245192917
2026-07-24 10:50:00+00:00,12.04571245192917
2026-07-24 10:55:00+00:00,12.04571245192917
2026-07-24 11:00:00+00:00,12.04571245192917
2026-07-24 11:05:00+00:00,12.04571245192917
2026-07-24 11:10:00+00:00,12.04571245192917
2026-07-24 11:15:00+00:00,12.04571245192917
2026-07-24 11:20:00+00:00,12.04571245192917
2026-07-24 11:25:00+00:00,12.04571245192917
2026-07-24 11:30:00+00:00,12.04571245192917
2026-07-24 11:35:00+00:00,12.04571245192917
2026-07-24 11:40:00+00:00,12.04571245192917
2026-07-24 11:45:00+00:00,12.04571245192917
2026-07-24 11:50:00+00:00,12.04571245192917
2026-07-24 11:55:00+00:00,12.04571245192917
2026-07-24 12:00:00+00:00,12.04571245192917
2026-07-24 12:05:00+00:00,12.04571245192917
2026-07-24 12:10:00+00:00,12.04571245192917
2026-07-24 12:15:00+00:00,12.04571245192917
2026-07-24 12:20:00+00:00,12.04571245192917
2026-07-24 12:25:00+00:00,12.04571245192917
2026-07-24 12:30:00+00:00,12.04571245192917
2026-07-24 12:35:00+00:00,12.04571245192917
2026-07-24 12:40:00+00:00,12.04571245192917
2026-07-24 12:45:00+00:00,12.04571245192917
2026-07-24 12:50:00+00:00,12.04571245192917
2026-07-24 12:55:00+00:00,12.04571245192917
2026-07-24 13:00:00+00:00,12.04571245192917
2026-07-24 13:05:00+00:00,12.04571245192917
2026-07-24 13:10:00+00:00,12.04571245192917
2026-07-24 13:15:00+00:00,12.04571245192917
2026-07-24 13:20:00+00:00,12.04571245192917
2026-07-24 13:25:00+00:00,12.04571245192917
2026-07-24 13:30:00+00:00,12.04571245192917
2026-07-24 13:35:00+00:00,12.04571245192917
2026-07-24 13:40:00+00:00,12.04571245192917
2026-07-24 13:45:00+00:00,12.04571245192917
2026-07-24 13:50:00+00:00,12.04571245192917
2026-07-24 13:55:00+00:00,12.04571245192917
2026-07-24 14:00:00+00:00,12.04571245192917
2026-07-24 14:05:00+00:00,12.04571245192917
2026-07-24 14:10:00+00:00,12.04571245192917
2026-07-24 14:15:00+00:00,12.04571245192917
2026-07-24 14:20:00+00:00,12.04571245192917
2026-07-24 14:25:00+00:00,12.04571245192917
2026-07-24 14:30:00+00:00,12.04571245192917
2026-07-24 14:35:00+00:00,12.04571245192917
2026-07-24 14:40:00+00:00,12.04571245192917
2026-07-24 14:45:00+00:00,12.04571245192917
2026-07-24 14:50:00+00:00,12.04571245192917
2026-07-24 14:55:00+00:00,12.04571245192917
2026-07-24 15:00:00+00:00,12.04571245192917
2026-07-24 15:05:00+00:00,12.04571245192917
2026-07-24 15:10:00+00:00,12.04571245192917
2026-07-24 15:15:00+00:00,12.04571245192917
2026-07-24 15:20:00+00:00,12.04571245192917
2026-07-24 15:25:00+00:00,12.04571245192917
2026-07-24 15:30:00+00:00,12.04571245192917
2026-07-24 15:35:00+00:00,12.04571245192917
2026-07-24 15:40:00+00:00,12.04571245192917
2026-07-24 15:45:00+00:00,12.04571245192917
2026-07-24 15:50:00+00:00,12.04571245192917
2026-07-24 15:55:00+00:00,12.04571245192917
2026-07-24 16:00:00+00:00,12.04571245192917
2026-07-24 16:05:00+00:00,12.04571245192917
2026-07-24 16:10:00+00:00,12.04571245192917
2026-07-24 16:15:00+00:00,12.04571245192917
2026-07-24 16:20:00+00:00,12.04571245192917
2026-07-24 16:25:00+00:00,12.04571245192917
2026-07-24 16:30:00+00:00,12.04571245192917
2026-07-24 16:35:00+00:00,12.04571245192917
2026-07-24 16:40:00+00:00,12.04571245192917
2026-07-24 16:45:00+00:00,12.04571245192917
2026-07-24 16:50:00+00:00,12.04571245192917
2026-07-24 16:55:00+00:00,12.04571245192917
2026-07-24 17:00:00+00:00,12.04571245192917
2026-07-24 17:05:00+00:00,12.04571245192917
2026-07-24 17:10:00+00:00,12.04571245192917
2026-07-24 17:15:00+00:00,12.04571245192917
2026-07-24 17:20:00+00:00,12.04571245192917
2026-07-24 17:25:00+00:00,12.04571245192917
2026-07-24 17:30:00+00:00,12.04571245192917
2026-07-24 17:35:00+00:00,12.04571245192917
2026-07-24 17:40:00+00:00,12.04571245192917
2026-07-24 17:45:00+00:00,12.04571245192917
2026-07-24 17:50:00+00:00,12.04571245192917
2026-07-24 17:55:00+00:00,12.04571245192917
2026-07-24 18:00:00+00:00,12.04571245192917
2026-07-24 18:05:00+00:00,12.04571245192917
2026-07-24 18:10:00+00:00,12.04571245192917
2026-07-24 18:15:00+00:00,12.04571245192917
2026-07-24 18:20:00+00:00,12.04571245192917
2026-07-24 18:25:00+00:00,12.04571245192917
2026-07-24 18:30:00+00:00,12.04571245192917
2026-07-24 18:35:00+00:00,12.04571245192917
2026-07-24 18:40:00+00:00,12.04571245192917
2026-07-24 18:45:00+00:00,12.04571245192917
2026-07-24 18:50:00+00:00,12.04571245192917
2026-07-24 18:55:00+00:00,12.04571245192917
2026-07-24 19:00:00+00:00,12.04571245192917
2026-07-24 19:05:00+00:00,12.04571245192917
2026-07-24 19:10:00+00:00,12.04571245192917
2026-07-24 19:15:00+00:00,12.04571245192917
2026-07-24 19:20:00+00:00,12.04571245192917
2026-07-24 19:25:00+00:00,12.04571245192917
2026-07-24 19:30:00+00:00,12.04571245192917
2026-07-24 19:35:00+00:00,12.04571245192917
2026-07-24 19:40:00+00:00,12.04571245192917
2026-07-24 19:45:00+00:00,12.04571245192917
2026-07-24 19:50:00+00:00,12.04571245192917
2026-07-24 19:55:00+00:00,12.04571245192917
2026-07-24 20:00:00+00:00,12.04571245192917
2026-07-24 20:05:00+00:00,12.04571245192917
2026-07-24 20:10:00+00:00,12.04571245192917
2026-07-24 20:15:00+00:00,12.04571245192917
2026-07-24 20:20:00+00:00,12.04571245192917
2026-07-24 20:25:00+00:00,12.04571245192917
2026-07-24 20:30:00+00:00,12.04571245192917
2026-07-24 20:35:00+00:00,12.04571245192917
2026-07-24 20:40:00+00:00,12.04571245192917
2026-07-24 20:45:00+00:00,12.04571245192917
2026-07-24 20:50:00+00:00,12.04571245192917
2026-07-24 20:55:00+00:00,12.04571245192917
2026-07-24 21:00:00+00:00,12.04571245192917
2026-07-24 21:05:00+00:00,12.04571245192917
2026-07-24 21:10:00+00:00,12.04571245192917
2026-07-24 21:15:00+00:00,12.04571245192917
2026-07-24 21:20:00+00:00,12.04571245192917
2026-07-24 21:25:00+00:00,12.04571245192917
2026-07-24 21:30:00+00:00,12.04571245192917
2026-07-24 21:35:00+00:00,12.04571245192917
2026-07-24 21:40:00+00:00,12.04571245192917
2026-07-24 21:45:00+00:00,12.04571245192917
2026-07-24 21:50:00+00:00,12.04571245192917
2026-07-24 21:55:00+00:00,12.04571245192917
2026-07-24 22:00:00+00:00,12.04571245192917
2026-07-24 22:05:00+00:00,12.04571245192917
2026-07-24 22:10:00+00:00,12.04571245192917
2026-07-24 22:15:00+00:00,12.04571245192917
2026-07-24 22:20:00+00:00,12.04571245192917
2026-07-24 22:25:00+00:00,12.04571245192917
2026-07-24 22:30:00+00:00,12.04571245192917
2026-07-24 22:35:00+00:00,12.04571245192917
2026-07-24 22:40:00+00:00,12.04571245192917
2026-07-24 22:45:00+00:00,12.04571245192917
2026-07-24 22:50:00+00:00,12.04571245192917
2026-07-24 22:55:00+00:00,12.04571245192917
2026-07-24 23:00:00+00:00,12.04571245192917
2026-07-24 23:05:00+00:00,12.04571245192917
2026-07-24 23:10:00+00:00,12.04571245192917
2026-07-24 23:15:00+00:00,12.04571245192917
2026-07-24 23:20:00+00:00,12.04571245192917
2026-07-24 23:25:00+00:00,12.04571245192917
2026-07-24 23:30:00+00:00,12.04571245192917
2026-07-24 23:35:00+00:00,12.04571245192917
2026-07-24 23:40:00+00:00,12.04571245192917
2026-07-24 23:45:00+00:00,12.04571245192917
2026-07-24 23:50:00+00:00,12.04571245192917
2026-07-24 23:55:00+00:00,12.04571245192917
2026-07-25 00:00:00+00:00,12.04571245192917
2026-07-25 00:05:00+00:00,12.114746880402894
2026-07-25 00:10:00+00:00,12.258984033985943
2026-07-25 00:15:00+00:00,12.320323452643034
2026-07-25 00:20:00+00:00,12.301542346380668
2026-07-25 00:25:00+00:00,12.286464116476637
2026-07-25 00:30:00+00:00,12.290446077703077
2026-07-25 00:35:00+00:00,12.24646841409579
2026-07-25 00:40:00+00:00,12.169871670058264
2026-07-25 00:45:00+00:00,12.11198438939477
2026-07-25 00:50:00+00:00,12.062150455039056
2026-07-25 00:55:00+00:00,12.262746828089266
2026-07-25 01:00:00+00:00,12.310925198798362
2026-07-25 01:05:00+00:00,12.30501652082835
2026-07-25 01:10:00+00:00,12.27541062843257
2026-07-25 01:15:00+00:00,12.246022136844726
2026-07-25 01:20:00+00:00,12.198056147685044
2026-07-25 01:25:00+00:00,12.19403946034613
2026-07-25 01:30:00+00:00,12.240125193661989
2026-07-25 01:35:00+00:00,12.264561953407405
2026-07-25 01:40:00+00:00,12.260561683084859
2026-07-25 01:45:00+00:00,12.213637612955075
2026-07-25 01:50:00+00:00,12.21143803478516
2026-07-25 01:55:00+00:00,12.305120879314913
2026-07-25 02:00:00+00:00,12.31754090106011
2026-07-25 02:05:00+00:00,12.343410266793942
2026-07-25 02:10:00+00:00,12.314128630535038
2026-07-25 02:15:00+00:00,12.329588551421978
2026-07-25 02:20:00+00:00,12.350743735394055
2026-07-25 02:25:00+00:00,12.330856073024588
2026-07-25 02:30:00+00:00,12.34067881057318
2026-07-25 02:35:00+00:00,12.179499685778683
2026-07-25 02:40:00+00:00,12.288783886082378
2026-07-25 02:45:00+00:00,12.231421727712355
2026-07-25 02:50:00+00:00,11.643241328792875
2026-07-25 02:55:00+00:00,11.848120717495803
2026-07-25 03:00:00+00:00,11.774261891397753
2026-07-25 03:05:00+00:00,11.625047016227342
2026-07-25 03:10:00+00:00,11.850610030713582
2026-07-25 03:15:00+00:00,11.789059016940751
2026-07-25 03:20:00+00:00,11.759831718007153
2026-07-25 03:25:00+00:00,11.943574017611425
2026-07-25 03:30:00+00:00,12.002961191662632
2026-07-25 03:35:00+00:00,11.99032658039182
2026-07-25 03:40:00+00:00,11.956041802844542
2026-07-25 03:45:00+00:00,11.873603793226629
2026-07-25 03:50:00+00:00,11.862823344513263
2026-07-25 03:55:00+00:00,11.81948853526017
2026-07-25 04:00:00+00:00,11.857325777367397
2026-07-25 04:05:00+00:00,11.855649087709349
2026-07-25 04:10:00+00:00,11.763495851041746
2026-07-25 04:15:00+00:00,11.694962898452129
2026-07-25 04:20:00+00:00,11.856663934125852
2026-07-25 04:25:00+00:00,12.030512803257306
2026-07-25 04:30:00+00:00,12.10313107835583
2026-07-25 04:35:00+00:00,11.980057601289126
2026-07-25 04:40:00+00:00,11.946271933736515
2026-07-25 04:45:00+00:00,11.909205537527342
2026-07-25 04:50:00+00:00,11.935915793576065
2026-07-25 04:55:00+00:00,12.139691012423889
2026-07-25 05:00:00+00:00,12.129975815270907
2026-07-25 05:05:00+00:00,12.045651788143982
2026-07-25 05:10:00+00:00,12.042208834724729
2026-07-25 05:15:00+00:00,12.066757347957676
2026-07-25 05:20:00+00:00,12.087768864031197
2026-07-25 05:25:00+00:00,12.131913409215219
2026-07-25 05:30:00+00:00,12.123196033213897
2026-07-25 05:35:00+00:00,12.154591336549899
2026-07-25 05:40:00+00:00,12.102755643080517
2026-07-25 05:45:00+00:00,12.163863769531243
2026-07-25 05:50:00+00:00,11.927682124860702
2026-07-25 05:55:00+00:00,11.906915900897626
2026-07-25 06:00:00+00:00,11.921618900875238
2026-07-25 06:05:00+00:00,11.866870766291356
2026-07-25 06:10:00+00:00,11.860847731563236
2026-07-25 06:15:00+00:00,11.830060203461109
2026-07-25 06:20:00+00:00,11.836759857550835
2026-07-25 06:25:00+00:00,11.796585662742306
2026-07-25 06:30:00+00:00,11.785076278487857
2026-07-25 06:35:00+00:00,11.905843711517768
2026-07-25 06:40:00+00:00,11.973096005261215
2026-07-25 06:45:00+00:00,12.010519556988616
2026-07-25 06:50:00+00:00,12.030442101067159
2026-07-25 06:55:00+00:00,11.98891647197486
2026-07-25 07:00:00+00:00,11.881271019069391
2026-07-25 07:05:00+00:00,11.944255777665798
2026-07-25 07:10:00+00:00,11.99361169294217
2026-07-25 07:15:00+00:00,12.042814880705862
2026-07-25 07:20:00+00:00,12.066741069311245
2026-07-25 07:25:00+00:00,12.135230362841028
2026-07-25 07:30:00+00:00,12.063225785348838
2026-07-25 07:35:00+00:00,12.150229694660904
2026-07-25 07:40:00+00:00,12.126280932901508
2026-07-25 07:45:00+00:00,12.10373725454916
2026-07-25 07:50:00+00:00,12.146301897758157
2026-07-25 07:55:00+00:00,12.101924445507791
2026-07-25 08:00:00+00:00,12.062239527953228
2026-07-25 08:05:00+00:00,12.047311678704858
2026-07-25 08:10:00+00:00,11.985641543508457
2026-07-25 08:15:00+00:00,11.947575653078829
2026-07-25 08:20:00+00:00,11.941110206212851
2026-07-25 08:25:00+00:00,11.914377199382692
2026-07-25 08:30:00+00:00,11.89147820830177
2026-07-25 08:35:00+00:00,11.925124096591105
2026-07-25 08:40:00+00:00,11.907867980475878
2026-07-25 08:45:00+00:00,11.939129946779797
2026-07-25 08:50:00+00:00,11.974120460204368
2026-07-25 08:55:00+00:00,11.934825306627644
2026-07-25 09:00:00+00:00,11.979532655980979
2026-07-25 09:05:00+00:00,11.978500220320104
2026-07-25 09:10:00+00:00,11.99484737331598
2026-07-25 09:15:00+00:00,11.915657818740982
2026-07-25 09:20:00+00:00,11.868191668597255
2026-07-25 09:25:00+00:00,11.773305940163908
2026-07-25 09:30:00+00:00,11.77319149329859
2026-07-25 09:35:00+00:00,11.706606430946614
2026-07-25 09:40:00+00:00,11.71954936197293
2026-07-25 09:45:00+00:00,11.785787694198696
2026-07-25 09:50:00+00:00,11.798832031559364
2026-07-25 09:55:00+00:00,11.67198881110481
2026-07-25 10:00:00+00:00,11.72172139235586
2026-07-25 10:05:00+00:00,11.629776285720133
2026-07-25 10:10:00+00:00,11.666414394328367
2026-07-25 10:15:00+00:00,11.695935122152484
2026-07-25 10:20:00+00:00,11.809760892301085
2026-07-25 10:25:00+00:00,11.74106812173768
2026-07-25 10:30:00+00:00,11.756119021402217
2026-07-25 10:35:00+00:00,11.876665170502193
2026-07-25 10:40:00+00:00,11.83912152557452
2026-07-25 10:45:00+00:00,11.85646887079988
2026-07-25 10:50:00+00:00,11.870800334662107
2026-07-25 10:55:00+00:00,11.86064829459626
2026-07-25 11:00:00+00:00,11.887993653582246
2026-07-25 11:05:00+00:00,11.86513615058416
2026-07-25 11:10:00+00:00,11.837284390395425
2026-07-25 11:15:00+00:00,11.84612127753391
2026-07-25 11:20:00+00:00,11.830115556952997
2026-07-25 11:25:00+00:00,11.822782905889945
2026-07-25 11:30:00+00:00,11.729761007130662
2026-07-25 11:35:00+00:00,11.778108599067632
2026-07-25 11:40:00+00:00,11.754403121965812
2026-07-25 11:45:00+00:00,11.756599384519678
2026-07-25 11:50:00+00:00,11.762454350366319
2026-07-25 11:55:00+00:00,11.6908888476361
2026-07-25 12:00:00+00:00,11.575662514201262
2026-07-25 12:05:00+00:00,11.571714357104096
2026-07-25 12:10:00+00:00,11.555845767943357
2026-07-25 12:15:00+00:00,11.56462031798609
2026-07-25 12:20:00+00:00,11.63909334879159
2026-07-25 12:25:00+00:00,11.596866520437526
2026-07-25 12:30:00+00:00,11.63233537436859
2026-07-25 12:35:00+00:00,11.616744172760068
2026-07-25 12:40:00+00:00,11.652886047271199
2026-07-25 12:45:00+00:00,11.687236724798794
2026-07-25 12:50:00+00:00,11.672295245564573
2026-07-25 12:55:00+00:00,11.63073892433571
2026-07-25 13:00:00+00:00,11.609162876983842
2026-07-25 13:05:00+00:00,11.632143032407033
2026-07-25 13:10:00+00:00,11.598133799816917
2026-07-25 13:15:00+00:00,11.624165659877633
2026-07-25 13:20:00+00:00,11.669110125361609
2026-07-25 13:25:00+00:00,11.671041040375624
2026-07-25 13:30:00+00:00,11.74667084064605
2026-07-25 13:35:00+00:00,11.801361620777456
2026-07-25 13:40:00+00:00,11.77731436253056
2026-07-25 13:45:00+00:00,11.836774432005953
2026-07-25 13:50:00+00:00,11.856915423430042
2026-07-25 13:55:00+00:00,11.92117369045405
2026-07-25 14:00:00+00:00,11.876167214939276
2026-07-25 14:05:00+00:00,11.739550227199974
2026-07-25 14:10:00+00:00,11.76350563615372
2026-07-25 14:15:00+00:00,11.751548567807784
2026-07-25 14:20:00+00:00,11.698390975218814
2026-07-25 14:25:00+00:00,11.714403454763072
2026-07-25 14:30:00+00:00,11.717554847212824
2026-07-25 14:35:00+00:00,11.73993688343971
2026-07-25 14:40:00+00:00,11.799454043815999
2026-07-25 14:45:00+00:00,11.797947804776548
2026-07-25 14:50:00+00:00,11.814287513362714
2026-07-25 14:55:00+00:00,11.819786594742926
2026-07-25 15:00:00+00:00,11.789457625857441
2026-07-25 15:05:00+00:00,11.673789019751496
2026-07-25 15:10:00+00:00,11.709379298420735
2026-07-25 15:15:00+00:00,11.564802003180713
2026-07-25 15:20:00+00:00,11.580911143568034
2026-07-25 15:25:00+00:00,11.564601790275347
2026-07-25 15:30:00+00:00,11.681825679722163
2026-07-25 15:35:00+00:00,11.653204342746331
2026-07-25 15:40:00+00:00,11.639631146802426
2026-07-25 15:45:00+00:00,11.68141274234436
2026-07-25 15:50:00+00:00,11.70984735465193
2026-07-25 15:55:00+00:00,11.726676403103792
2026-07-25 16:00:00+00:00,11.686774693727703
2026-07-25 16:05:00+00:00,11.601573746735966
2026-07-25 16:10:00+00:00,11.654829542734163
2026-07-25 16:15:00+00:00,11.697803255514621
2026-07-25 16:20:00+00:00,11.68921999493358
2026-07-25 16:25:00+00:00,11.733556907213988
2026-07-25 16:30:00+00:00,11.694516405429628
2026-07-25 16:35:00+00:00,11.446012437363478
2026-07-25 16:40:00+00:00,11.593717579909907
2026-07-25 16:45:00+00:00,11.555655497702016
2026-07-25 16:50:00+00:00,11.615203929082934
2026-07-25 16:55:00+00:00,11.639778899902403
2026-07-25 17:00:00+00:00,11.62507573255796
2026-07-25 17:05:00+00:00,11.643328347171039
2026-07-25 17:10:00+00:00,11.527690867289891
2026-07-25 17:15:00+00:00,11.456160915347052
2026-07-25 17:20:00+00:00,11.594454072694443
2026-07-25 17:25:00+00:00,11.620697028041477
2026-07-25 17:30:00+00:00,11.594499209474801
2026-07-25 17:35:00+00:00,11.512920575251645
2026-07-25 17:40:00+00:00,11.472493699904668
2026-07-25 17:45:00+00:00,11.56105049642711
2026-07-25 17:50:00+00:00,11.390040549233543
2026-07-25 17:55:00+00:00,11.404574290116237
2026-07-25 18:00:00+00:00,11.388009485358324
2026-07-25 18:05:00+00:00,11.475583330613986
2026-07-25 18:10:00+00:00,11.372655955607996
2026-07-25 18:15:00+00:00,11.331031556709142
2026-07-25 18:20:00+00:00,11.329315385566701
2026-07-25 18:25:00+00:00,11.335601728488736
2026-07-25 18:30:00+00:00,11.167155600194128
2026-07-25 18:35:00+00:00,11.432711964965364
2026-07-25 18:40:00+00:00,11.417893709023158
2026-07-25 18:45:00+00:00,11.340087029719786
2026-07-25 18:50:00+00:00,11.359323487774425
2026-07-25 18:55:00+00:00,11.378803641127494
2026-07-25 19:00:00+00:00,11.374682971435629
2026-07-25 19:05:00+00:00,11.333925243230919
2026-07-25 19:10:00+00:00,11.244342129578172
2026-07-25 19:15:00+00:00,11.200247152533699
2026-07-25 19:20:00+00:00,11.169539733997574
2026-07-25 19:25:00+00:00,11.20719986047623
2026-07-25 19:30:00+00:00,11.17339693246922
2026-07-25 19:35:00+00:00,11.210391968202199
2026-07-25 19:40:00+00:00,11.190479823392302
2026-07-25 19:45:00+00:00,11.185668762400041
2026-07-25 19:50:00+00:00,11.184272471227846
2026-07-25 19:55:00+00:00,11.161828688878167
2026-07-25 20:00:00+00:00,11.135515262179908
2026-07-25 20:05:00+00:00,11.143182041043321
2026-07-25 20:10:00+00:00,11.143685559125483
2026-07-25 20:15:00+00:00,11.106375751743759
2026-07-25 20:20:00+00:00,11.070884296338047
2026-07-25 20:25:00+00:00,11.069246924973953
2026-07-25 20:30:00+00:00,11.082325703438457
2026-07-25 20:35:00+00:00,11.097880922450432
2026-07-25 20:40:00+00:00,11.067870321895402
2026-07-25 20:45:00+00:00,11.043593722975121
2026-07-25 20:50:00+00:00,11.040597265095077
2026-07-25 20:55:00+00:00,11.121854832366008
2026-07-25 21:00:00+00:00,11.112711087948203
2026-07-25 21:05:00+00:00,11.11962100874393
2026-07-25 21:10:00+00:00,11.024289817282963
2026-07-25 21:15:00+00:00,11.043343588484046
2026-07-25 21:20:00+00:00,11.073359658417804
2026-07-25 21:25:00+00:00,11.098209679750749
2026-07-25 21:30:00+00:00,11.142168127850717
2026-07-25 21:35:00+00:00,11.140593131303934
2026-07-25 21:40:00+00:00,11.100017905816252
2026-07-25 21:45:00+00:00,11.106810620442232
2026-07-25 21:50:00+00:00,11.133782751181865
2026-07-25 21:55:00+00:00,11.10650324399225
2026-07-25 22:00:00+00:00,11.182041778229102
2026-07-25 22:05:00+00:00,11.176551421990123
2026-07-25 22:10:00+00:00,11.215228721560312
2026-07-25 22:15:00+00:00,11.191425612187157
2026-07-25 22:20:00+00:00,11.214606000754724
2026-07-25 22:25:00+00:00,11.214120856865573
2026-07-25 22:30:00+00:00,11.180166084835697
2026-07-25 22:35:00+00:00,11.121796717193334
2026-07-25 22:40:00+00:00,11.113049791064245
2026-07-25 22:45:00+00:00,11.098884397629917
2026-07-25 22:50:00+00:00,11.099445965618028
2026-07-25 22:55:00+00:00,11.034820321713902
2026-07-25 23:00:00+00:00,11.074860617548833
2026-07-25 23:05:00+00:00,11.067500671191311
2026-07-25 23:10:00+00:00,11.019274607320174
2026-07-25 23:15:00+00:00,11.02824602036845
2026-07-25 23:20:00+00:00,11.034219708978444
2026-07-25 23:25:00+00:00,11.040730223996299
2026-07-25 23:30:00+00:00,11.050502541275154
2026-07-25 23:35:00+00:00,10.98627793157776
2026-07-25 23:40:00+00:00,11.018634203724243
2026-07-25 23:45:00+00:00,11.01046114793618
2026-07-25 23:50:00+00:00,10.97621749504183
2026-07-25 23:55:00+00:00,10.954475851420554
2026-07-26 00:00:00+00:00,11.015911901142395
2026-07-26 00:05:00+00:00,11.015911901142395
2026-07-26 00:10:00+00:00,11.015911901142395
2026-07-26 00:15:00+00:00,11.015911901142395
2026-07-26 00:20:00+00:00,11.015911901142395
2026-07-26 00:25:00+00:00,11.015911901142395
2026-07-26 00:30:00+00:00,11.015911901142395
2026-07-26 00:35:00+00:00,11.015911901142395
2026-07-26 00:40:00+00:00,11.015911901142395
2026-07-26 00:45:00+00:00,11.015911901142395
2026-07-26 00:50:00+00:00,11.160492654147248
2026-07-26 00:55:00+00:00,11.179364526498038
2026-07-26 01:00:00+00:00,11.187898940745434
2026-07-26 01:05:00+00:00,11.195589880141
2026-07-26 01:10:00+00:00,11.17089243251026
2026-07-26 01:15:00+00:00,11.220751937699958
2026-07-26 01:20:00+00:00,11.008637681339884
2026-07-26 01:25:00+00:00,10.927198392690297
2026-07-26 01:30:00+00:00,10.925270903767249
2026-07-26 01:35:00+00:00,11.041514280363153
2026-07-26 01:40:00+00:00,11.139239421079573
2026-07-26 01:45:00+00:00,11.086591878945985
2026-07-26 01:50:00+00:00,11.108605029316966
2026-07-26 01:55:00+00:00,11.119477847181503
2026-07-26 02:00:00+00:00,11.168169388181038
2026-07-26 02:05:00+00:00,11.10799313605122
2026-07-26 02:10:00+00:00,11.077347517628567
2026-07-26 02:15:00+00:00,11.09576730400972
2026-07-26 02:20:00+00:00,11.169101756938794
2026-07-26 02:25:00+00:00,11.170273836106649
2026-07-26 02:30:00+00:00,11.224393431560276
2026-07-26 02:35:00+00:00,11.304830469072403
2026-07-26 02:40:00+00:00,11.294091924765205
2026-07-26 02:45:00+00:00,11.332653264556637
2026-07-26 02:50:00+00:00,11.337773369255078
2026-07-26 02:55:00+00:00,11.40540734938742
2026-07-26 03:00:00+00:00,11.408452566391581
2026-07-26 03:05:00+00:00,11.48010913906219
2026-07-26 03:10:00+00:00,11.48010913906219
2026-07-26 03:15:00+00:00,11.48010913906219
2026-07-26 03:20:00+00:00,11.48010913906219
2026-07-26 03:25:00+00:00,11.48010913906219
2026-07-26 03:30:00+00:00,11.48010913906219
2026-07-26 03:35:00+00:00,11.48010913906219
2026-07-26 03:40:00+00:00,11.48010913906219
2026-07-26 03:45:00+00:00,11.48010913906219
2026-07-26 03:50:00+00:00,11.48010913906219
2026-07-26 03:55:00+00:00,11.48010913906219
2026-07-26 04:00:00+00:00,11.48010913906219
2026-07-26 04:05:00+00:00,11.48010913906219
2026-07-26 04:10:00+00:00,11.48010913906219
2026-07-26 04:15:00+00:00,11.48010913906219
2026-07-26 04:20:00+00:00,11.48010913906219
2026-07-26 04:25:00+00:00,11.48010913906219
2026-07-26 04:30:00+00:00,11.48010913906219
2026-07-26 04:35:00+00:00,11.48010913906219
2026-07-26 04:40:00+00:00,11.48010913906219
2026-07-26 04:45:00+00:00,11.48010913906219
2026-07-26 04:50:00+00:00,11.48010913906219
2026-07-26 04:55:00+00:00,11.48010913906219
2026-07-26 05:00:00+00:00,11.48010913906219
2026-07-26 05:05:00+00:00,11.48010913906219
2026-07-26 05:10:00+00:00,11.48010913906219
2026-07-26 05:15:00+00:00,11.48010913906219
2026-07-26 05:20:00+00:00,11.48010913906219
2026-07-26 05:25:00+00:00,11.48010913906219
2026-07-26 05:30:00+00:00,11.48010913906219
2026-07-26 05:35:00+00:00,11.48010913906219
2026-07-26 05:40:00+00:00,11.48010913906219
2026-07-26 05:45:00+00:00,11.48010913906219
2026-07-26 05:50:00+00:00,11.48010913906219
2026-07-26 05:55:00+00:00,11.48010913906219
2026-07-26 06:00:00+00:00,11.48010913906219
2026-07-26 06:05:00+00:00,11.48010913906219
2026-07-26 06:10:00+00:00,11.48010913906219
2026-07-26 06:15:00+00:00,11.48010913906219
2026-07-26 06:20:00+00:00,11.48010913906219
2026-07-26 06:25:00+00:00,11.48010913906219
2026-07-26 06:30:00+00:00,11.48010913906219
2026-07-26 06:35:00+00:00,11.48010913906219
2026-07-26 06:40:00+00:00,11.48010913906219
2026-07-26 06:45:00+00:00,11.48010913906219
2026-07-26 06:50:00+00:00,11.48010913906219
2026-07-26 06:55:00+00:00,11.48010913906219
2026-07-26 07:00:00+00:00,11.48010913906219
2026-07-26 07:05:00+00:00,11.48010913906219
2026-07-26 07:10:00+00:00,11.48010913906219
2026-07-26 07:15:00+00:00,11.48010913906219
2026-07-26 07:20:00+00:00,11.48010913906219
2026-07-26 07:25:00+00:00,11.48010913906219
2026-07-26 07:30:00+00:00,11.48010913906219
2026-07-26 07:35:00+00:00,11.48010913906219
2026-07-26 07:40:00+00:00,11.48010913906219
2026-07-26 07:45:00+00:00,11.48010913906219
2026-07-26 07:50:00+00:00,11.48010913906219
2026-07-26 07:55:00+00:00,11.48010913906219
2026-07-26 08:00:00+00:00,11.48010913906219
2026-07-26 08:05:00+00:00,11.48010913906219
2026-07-26 08:10:00+00:00,11.48010913906219
2026-07-26 08:15:00+00:00,11.48010913906219
2026-07-26 08:20:00+00:00,11.48010913906219
2026-07-26 08:25:00+00:00,11.48010913906219
2026-07-26 08:30:00+00:00,11.48010913906219
2026-07-26 08:35:00+00:00,11.48010913906219
2026-07-26 08:40:00+00:00,11.48010913906219
2026-07-26 08:45:00+00:00,11.48010913906219
2026-07-26 08:50:00+00:00,11.48010913906219
2026-07-26 08:55:00+00:00,11.48010913906219
2026-07-26 09:00:00+00:00,11.48010913906219
2026-07-26 09:05:00+00:00,11.48010913906219
2026-07-26 09:10:00+00:00,11.655878715526647
2026-07-26 09:15:00+00:00,11.729668080676415
2026-07-26 09:20:00+00:00,11.66535452068176
2026-07-26 09:25:00+00:00,11.685315085884774
2026-07-26 09:30:00+00:00,11.714368336633797
2026-07-26 09:35:00+00:00,11.788048601967628
2026-07-26 09:40:00+00:00,11.84276710749861
2026-07-26 09:45:00+00:00,11.900379837756226
2026-07-26 09:50:00+00:00,11.896457545835815
2026-07-26 09:55:00+00:00,11.923277773321384
2026-07-26 10:00:00+00:00,11.918201005523766
2026-07-26 10:05:00+00:00,11.970747179430298
2026-07-26 10:10:00+00:00,11.871091171744098
2026-07-26 10:15:00+00:00,11.942461522434101
2026-07-26 10:20:00+00:00,11.939852117925188
2026-07-26 10:25:00+00:00,11.938871611098879
2026-07-26 10:30:00+00:00,11.90890749184026
2026-07-26 10:35:00+00:00,11.874385893973539
2026-07-26 10:40:00+00:00,11.895882736646591
2026-07-26 10:45:00+00:00,11.856469125459125
2026-07-26 10:50:00+00:00,11.873583249442078
2026-07-26 10:55:00+00:00,11.788515795505706
2026-07-26 11:00:00+00:00,11.777641100755943
2026-07-26 11:05:00+00:00,11.821772161910872
2026-07-26 11:10:00+00:00,11.788139718251479
2026-07-26 11:15:00+00:00,11.747025872830964
2026-07-26 11:20:00+00:00,11.835691399058557
2026-07-26 11:25:00+00:00,11.898981625637784
2026-07-26 11:30:00+00:00,11.92534189844865
2026-07-26 11:35:00+00:00,11.892477468116148
2026-07-26 11:40:00+00:00,11.892804023709026
2026-07-26 11:45:00+00:00,11.789587594392327
2026-07-26 11:50:00+00:00,11.82752680187178
2026-07-26 11:55:00+00:00,11.842313406338857
2026-07-26 12:00:00+00:00,11.840464727053735
2026-07-26 12:05:00+00:00,11.849797854109557
2026-07-26 12:10:00+00:00,11.887094569687552
2026-07-26 12:15:00+00:00,11.90123939176322
2026-07-26 12:20:00+00:00,11.761435286083422
2026-07-26 12:25:00+00:00,11.757345055598357
2026-07-26 12:30:00+00:00,11.80366344912931
2026-07-26 12:35:00+00:00,11.776577984299653
2026-07-26 12:40:00+00:00,11.738723659560502
2026-07-26 12:45:00+00:00,11.728538375588805
2026-07-26 12:50:00+00:00,11.691401113255196
2026-07-26 12:55:00+00:00,11.745708331650185
2026-07-26 13:00:00+00:00,11.679535981594903
2026-07-26 13:05:00+00:00,11.681386940792816
2026-07-26 13:10:00+00:00,11.666593677747251
2026-07-26 13:15:00+00:00,11.677175453267875
2026-07-26 13:20:00+00:00,11.700248460286723
2026-07-26 13:25:00+00:00,11.70106501011874
2026-07-26 13:30:00+00:00,11.722315631570247
2026-07-26 13:35:00+00:00,11.766478337364706
2026-07-26 13:40:00+00:00,11.762965358936462
2026-07-26 13:45:00+00:00,11.774399904344058
2026-07-26 13:50:00+00:00,11.724486122718659
2026-07-26 13:55:00+00:00,11.712696241013166
2026-07-26 14:00:00+00:00,11.67869420363601
2026-07-26 14:05:00+00:00,11.697446316132499
2026-07-26 14:10:00+00:00,11.617127608191936
2026-07-26 14:15:00+00:00,11.680110583455217
2026-07-26 14:20:00+00:00,11.612552563849366
2026-07-26 14:25:00+00:00,11.603377432732454
2026-07-26 14:30:00+00:00,11.553629229107077
2026-07-26 14:35:00+00:00,11.646602553992459
2026-07-26 14:40:00+00:00,11.502559996076279
2026-07-26 14:45:00+00:00,11.535168336330482
2026-07-26 14:50:00+00:00,11.54732887446135
2026-07-26 14:55:00+00:00,11.52253737965594
2026-07-26 15:00:00+00:00,11.530020349829307
2026-07-26 15:05:00+00:00,11.50428326972477
2026-07-26 15:10:00+00:00,11.540666297091452
2026-07-26 15:15:00+00:00,11.625274749426119
2026-07-26 15:20:00+00:00,11.69085801182781
2026-07-26 15:25:00+00:00,11.656013147244849
2026-07-26 15:30:00+00:00,11.649528169126434
2026-07-26 15:35:00+00:00,11.674322785175907
2026-07-26 15:40:00+00:00,11.65124326475533
2026-07-26 15:45:00+00:00,11.597932794181688
2026-07-26 15:50:00+00:00,11.57093859777001
2026-07-26 15:55:00+00:00,11.606897935911299
2026-07-26 16:00:00+00:00,11.603753347748103
2026-07-26 16:05:00+00:00,11.65113235229025
2026-07-26 16:10:00+00:00,11.587793316251172
2026-07-26 16:15:00+00:00,11.582370898817885
2026-07-26 16:20:00+00:00,11.55105693580223
2026-07-26 16:25:00+00:00,11.58102287774241
2026-07-26 16:30:00+00:00,11.583083702803588
2026-07-26 16:35:00+00:00,11.627084234716524
2026-07-26 16:40:00+00:00,11.639286591444954
2026-07-26 16:45:00+00:00,11.60824920748389
2026-07-26 16:50:00+00:00,11.630087431164583
2026-07-26 16:55:00+00:00,11.616291087434472
2026-07-26 17:00:00+00:00,11.517188255062806
2026-07-26 17:05:00+00:00,11.503644756546706
2026-07-26 17:10:00+00:00,11.473641301713556
2026-07-26 17:15:00+00:00,11.502475040117034
2026-07-26 17:20:00+00:00,11.472906176411858
2026-07-26 17:25:00+00:00,11.453166534006321
2026-07-26 17:30:00+00:00,11.519633720678769
2026-07-26 17:35:00+00:00,11.56040029842076
2026-07-26 17:40:00+00:00,11.597601698501748
2026-07-26 17:45:00+00:00,11.571692541337764
2026-07-26 17:50:00+00:00,11.574385743201155
2026-07-26 17:55:00+00:00,11.56901545155884
2026-07-26 18:00:00+00:00,11.612426274162836
2026-07-26 18:05:00+00:00,11.582757788798293
2026-07-26 18:10:00+00:00,11.642672893003581
2026-07-26 18:15:00+00:00,11.600550785107334
2026-07-26 18:20:00+00:00,11.60790363617863
2026-07-26 18:25:00+00:00,11.58420918016192
2026-07-26 18:30:00+00:00,11.615692673529466
2026-07-26 18:35:00+00:00,11.64040091063272
2026-07-26 18:40:00+00:00,11.616980961824265
2026-07-26 18:45:00+00:00,11.635761608015361
2026-07-26 18:50:00+00:00,11.591909872131701
2026-07-26 18:55:00+00:00,11.613967344189714
2026-07-26 19:00:00+00:00,11.6245358880535
2026-07-26 19:05:00+00:00,11.653694094974188
2026-07-26 19:10:00+00:00,11.669139537245666
2026-07-26 19:15:00+00:00,11.699771643473845
2026-07-26 19:20:00+00:00,11.638988212594793
2026-07-26 19:25:00+00:00,11.621559037480523
2026-07-26 19:30:00+00:00,11.636281157492402
2026-07-26 19:35:00+00:00,11.621431439341446
2026-07-26 19:40:00+00:00,11.636366498559948
2026-07-26 19:45:00+00:00,11.594215893769434
2026-07-26 19:50:00+00:00,11.595531833059326
2026-07-26 19:55:00+00:00,11.578584039429863
2026-07-26 20:00:00+00:00,11.743852211375195
2026-07-26 20:05:00+00:00,11.754454297934625
2026-07-26 20:10:00+00:00,11.761300601428616
2026-07-26 20:15:00+00:00,11.782797357156017
2026-07-26 20:20:00+00:00,11.805585288775045
2026-07-26 20:25:00+00:00,11.832893595726791
2026-07-26 20:30:00+00:00,11.832893595726791
2026-07-26 20:35:00+00:00,11.832893595726791
2026-07-26 20:40:00+00:00,11.832893595726791
2026-07-26 20:45:00+00:00,11.832893595726791
2026-07-26 20:50:00+00:00,11.832893595726791
2026-07-26 20:55:00+00:00,11.832893595726791
2026-07-26 21:00:00+00:00,11.832893595726791
2026-07-26 21:05:00+00:00,11.832893595726791
2026-07-26 21:10:00+00:00,11.832893595726791
2026-07-26 21:15:00+00:00,11.832893595726791
2026-07-26 21:20:00+00:00,11.832893595726791
2026-07-26 21:25:00+00:00,11.832893595726791
2026-07-26 21:30:00+00:00,11.832893595726791
2026-07-26 21:35:00+00:00,11.832893595726791
2026-07-26 21:40:00+00:00,11.832893595726791
2026-07-26 21:45:00+00:00,11.832893595726791
2026-07-26 21:50:00+00:00,11.832893595726791
2026-07-26 21:55:00+00:00,11.832893595726791
2026-07-26 22:00:00+00:00,11.832893595726791
2026-07-26 22:05:00+00:00,11.832893595726791
2026-07-26 22:10:00+00:00,11.832893595726791
2026-07-26 22:15:00+00:00,11.832893595726791
2026-07-26 22:20:00+00:00,11.832893595726791
2026-07-26 22:25:00+00:00,11.832893595726791
2026-07-26 22:30:00+00:00,11.832893595726791
2026-07-26 22:35:00+00:00,11.832893595726791
2026-07-26 22:40:00+00:00,11.832893595726791
2026-07-26 22:45:00+00:00,11.832893595726791
2026-07-26 22:50:00+00:00,11.832893595726791
2026-07-26 22:55:00+00:00,11.832893595726791
2026-07-26 23:00:00+00:00,11.832893595726791
2026-07-26 23:05:00+00:00,11.832893595726791
2026-07-26 23:10:00+00:00,11.832893595726791
2026-07-26 23:15:00+00:00,11.832893595726791
2026-07-26 23:20:00+00:00,11.832893595726791
2026-07-26 23:25:00+00:00,11.832893595726791
2026-07-26 23:30:00+00:00,11.832893595726791
2026-07-26 23:35:00+00:00,11.832893595726791
2026-07-26 23:40:00+00:00,11.832893595726791
2026-07-26 23:45:00+00:00,11.832893595726791
2026-07-26 23:50:00+00:00,11.832893595726791
2026-07-26 23:55:00+00:00,11.832893595726791
2026-07-27 00:00:00+00:00,11.832893595726791
2026-07-27 00:05:00+00:00,11.832893595726791
2026-07-27 00:10:00+00:00,11.832893595726791
2026-07-27 00:15:00+00:00,11.832893595726791
2026-07-27 00:20:00+00:00,11.832893595726791
2026-07-27 00:25:00+00:00,11.832893595726791
2026-07-27 00:30:00+00:00,11.832893595726791
2026-07-27 00:35:00+00:00,11.832893595726791
2026-07-27 00:40:00+00:00,11.832893595726791
2026-07-27 00:45:00+00:00,11.832893595726791
2026-07-27 00:50:00+00:00,11.832893595726791
2026-07-27 00:55:00+00:00,11.832893595726791
2026-07-27 01:00:00+00:00,11.832893595726791
2026-07-27 01:05:00+00:00,11.832893595726791
2026-07-27 01:10:00+00:00,11.832893595726791
2026-07-27 01:15:00+00:00,11.832893595726791
2026-07-27 01:20:00+00:00,11.832893595726791
2026-07-27 01:25:00+00:00,11.832893595726791
2026-07-27 01:30:00+00:00,11.832893595726791
2026-07-27 01:35:00+00:00,11.832893595726791
2026-07-27 01:40:00+00:00,11.832893595726791
2026-07-27 01:45:00+00:00,11.832893595726791
2026-07-27 01:50:00+00:00,11.832893595726791
2026-07-27 01:55:00+00:00,11.832893595726791
2026-07-27 02:00:00+00:00,11.832893595726791
2026-07-27 02:05:00+00:00,11.832893595726791
2026-07-27 02:10:00+00:00,11.832893595726791
2026-07-27 02:15:00+00:00,11.832893595726791
2026-07-27 02:20:00+00:00,11.832893595726791
2026-07-27 02:25:00+00:00,11.832893595726791
2026-07-27 02:30:00+00:00,11.832893595726791
2026-07-27 02:35:00+00:00,11.832893595726791
2026-07-27 02:40:00+00:00,11.832893595726791
2026-07-27 02:45:00+00:00,11.832893595726791
2026-07-27 02:50:00+00:00,11.832893595726791
2026-07-27 02:55:00+00:00,11.832893595726791
2026-07-27 03:00:00+00:00,11.832893595726791
2026-07-27 03:05:00+00:00,11.832893595726791
2026-07-27 03:10:00+00:00,11.832893595726791
2026-07-27 03:15:00+00:00,11.832893595726791
2026-07-27 03:20:00+00:00,11.832893595726791
2026-07-27 03:25:00+00:00,11.832893595726791
2026-07-27 03:30:00+00:00,11.832893595726791
2026-07-27 03:35:00+00:00,11.832893595726791
2026-07-27 03:40:00+00:00,11.832893595726791
2026-07-27 03:45:00+00:00,11.832893595726791
2026-07-27 03:50:00+00:00,11.832893595726791
2026-07-27 03:55:00+00:00,11.832893595726791
2026-07-27 04:00:00+00:00,11.832893595726791
2026-07-27 04:05:00+00:00,11.832893595726791
2026-07-27 04:10:00+00:00,11.832893595726791
2026-07-27 04:15:00+00:00,11.832893595726791
2026-07-27 04:20:00+00:00,11.832893595726791
2026-07-27 04:25:00+00:00,11.832893595726791
2026-07-27 04:30:00+00:00,11.832893595726791
2026-07-27 04:35:00+00:00,11.832893595726791
2026-07-27 04:40:00+00:00,11.832893595726791
2026-07-27 04:45:00+00:00,11.832893595726791
2026-07-27 04:50:00+00:00,11.832893595726791
2026-07-27 04:55:00+00:00,11.832893595726791
2026-07-27 05:00:00+00:00,11.832893595726791
2026-07-27 05:05:00+00:00,11.832893595726791
2026-07-27 05:10:00+00:00,11.832893595726791
2026-07-27 05:15:00+00:00,11.832893595726791
2026-07-27 05:20:00+00:00,11.832893595726791
2026-07-27 05:25:00+00:00,11.832893595726791
2026-07-27 05:30:00+00:00,11.832893595726791
2026-07-27 05:35:00+00:00,11.832893595726791
2026-07-27 05:40:00+00:00,11.832893595726791
2026-07-27 05:45:00+00:00,11.832893595726791
2026-07-27 05:50:00+00:00,11.832893595726791
2026-07-27 05:55:00+00:00,11.832893595726791
2026-07-27 06:00:00+00:00,11.832893595726791
2026-07-27 06:05:00+00:00,11.832893595726791
2026-07-27 06:10:00+00:00,11.832893595726791
2026-07-27 06:15:00+00:00,11.832893595726791
2026-07-27 06:20:00+00:00,11.832893595726791
2026-07-27 06:25:00+00:00,11.832893595726791
2026-07-27 06:30:00+00:00,11.832893595726791
2026-07-27 06:35:00+00:00,11.832893595726791
2026-07-27 06:40:00+00:00,11.832893595726791
2026-07-27 06:45:00+00:00,11.832893595726791
2026-07-27 06:50:00+00:00,11.832893595726791
2026-07-27 06:55:00+00:00,11.832893595726791
2026-07-27 07:00:00+00:00,11.832893595726791
2026-07-27 07:05:00+00:00,11.832893595726791
2026-07-27 07:10:00+00:00,11.832893595726791
2026-07-27 07:15:00+00:00,11.832893595726791
2026-07-27 07:20:00+00:00,11.832893595726791
2026-07-27 07:25:00+00:00,11.832893595726791
2026-07-27 07:30:00+00:00,11.832893595726791
2026-07-27 07:35:00+00:00,11.832893595726791
2026-07-27 07:40:00+00:00,11.832893595726791
2026-07-27 07:45:00+00:00,11.832893595726791
2026-07-27 07:50:00+00:00,11.832893595726791
2026-07-27 07:55:00+00:00,11.832893595726791
2026-07-27 08:00:00+00:00,11.832893595726791
2026-07-27 08:05:00+00:00,11.832893595726791
2026-07-27 08:10:00+00:00,11.832893595726791
2026-07-27 08:15:00+00:00,11.832893595726791
2026-07-27 08:20:00+00:00,11.832893595726791
2026-07-27 08:25:00+00:00,11.832893595726791
2026-07-27 08:30:00+00:00,11.832893595726791
2026-07-27 08:35:00+00:00,11.832893595726791
2026-07-27 08:40:00+00:00,11.832893595726791
2026-07-27 08:45:00+00:00,11.832893595726791
2026-07-27 08:50:00+00:00,11.832893595726791
2026-07-27 08:55:00+00:00,11.832893595726791
2026-07-27 09:00:00+00:00,11.832893595726791
2026-07-27 09:05:00+00:00,11.832893595726791
2026-07-27 09:10:00+00:00,11.832893595726791
2026-07-27 09:15:00+00:00,11.832893595726791
2026-07-27 09:20:00+00:00,11.832893595726791
2026-07-27 09:25:00+00:00,11.832893595726791
2026-07-27 09:30:00+00:00,11.832893595726791
2026-07-27 09:35:00+00:00,11.832893595726791
2026-07-27 09:40:00+00:00,11.832893595726791
2026-07-27 09:45:00+00:00,11.832893595726791
2026-07-27 09:50:00+00:00,11.832893595726791
2026-07-27 09:55:00+00:00,11.832893595726791
2026-07-27 10:00:00+00:00,11.832893595726791
2026-07-27 10:05:00+00:00,11.832893595726791
2026-07-27 10:10:00+00:00,11.832893595726791
2026-07-27 10:15:00+00:00,11.832893595726791
2026-07-27 10:20:00+00:00,11.832893595726791
2026-07-27 10:25:00+00:00,11.832893595726791
2026-07-27 10:30:00+00:00,11.832893595726791
2026-07-27 10:35:00+00:00,11.832893595726791
2026-07-27 10:40:00+00:00,11.832893595726791
2026-07-27 10:45:00+00:00,11.832893595726791
2026-07-27 10:50:00+00:00,11.832893595726791
2026-07-27 10:55:00+00:00,11.832893595726791
2026-07-27 11:00:00+00:00,11.832893595726791
2026-07-27 11:05:00+00:00,11.832893595726791
2026-07-27 11:10:00+00:00,11.832893595726791
2026-07-27 11:15:00+00:00,11.832893595726791
2026-07-27 11:20:00+00:00,11.832893595726791
2026-07-27 11:25:00+00:00,11.832893595726791
2026-07-27 11:30:00+00:00,11.832893595726791
2026-07-27 11:35:00+00:00,11.832893595726791
2026-07-27 11:40:00+00:00,11.832893595726791
2026-07-27 11:45:00+00:00,11.832893595726791
2026-07-27 11:50:00+00:00,11.832893595726791
2026-07-27 11:55:00+00:00,11.832893595726791
2026-07-27 12:00:00+00:00,11.832893595726791
2026-07-27 12:05:00+00:00,11.832893595726791
2026-07-27 12:10:00+00:00,11.832893595726791
2026-07-27 12:15:00+00:00,11.832893595726791
2026-07-27 12:20:00+00:00,11.832893595726791
2026-07-27 12:25:00+00:00,11.832893595726791
2026-07-27 12:30:00+00:00,11.832893595726791
2026-07-27 12:35:00+00:00,11.832893595726791
2026-07-27 12:40:00+00:00,11.832893595726791
2026-07-27 12:45:00+00:00,11.832893595726791
2026-07-27 12:50:00+00:00,11.832893595726791
2026-07-27 12:55:00+00:00,11.832893595726791
2026-07-27 13:00:00+00:00,11.832893595726791
2026-07-27 13:05:00+00:00,11.832893595726791
2026-07-27 13:10:00+00:00,11.832893595726791
2026-07-27 13:15:00+00:00,11.832893595726791
2026-07-27 13:20:00+00:00,11.832893595726791
2026-07-27 13:25:00+00:00,11.832893595726791
2026-07-27 13:30:00+00:00,11.832893595726791
2026-07-27 13:35:00+00:00,11.832893595726791
2026-07-27 13:40:00+00:00,11.832893595726791
2026-07-27 13:45:00+00:00,11.832893595726791
2026-07-27 13:50:00+00:00,11.832893595726791
2026-07-27 13:55:00+00:00,11.832893595726791
2026-07-27 14:00:00+00:00,11.542807318284677
2026-07-27 14:05:00+00:00,10.915211045574559
2026-07-27 14:10:00+00:00,10.625695380486878
2026-07-27 14:15:00+00:00,10.844699579339224
2026-07-27 14:20:00+00:00,10.680261165577832
2026-07-27 14:25:00+00:00,10.759617873592543
2026-07-27 14:30:00+00:00,10.496866886647084
2026-07-27 14:35:00+00:00,10.04441209692899
2026-07-27 14:40:00+00:00,9.74737348813306
2026-07-27 14:45:00+00:00,11.163771088941377
2026-07-27 14:50:00+00:00,10.86892704030873
2026-07-27 14:55:00+00:00,11.504232238644075
2026-07-27 15:00:00+00:00,10.935510826677387
2026-07-27 15:05:00+00:00,10.081415116122972
2026-07-27 15:10:00+00:00,9.394147769720963
2026-07-27 15:15:00+00:00,9.917152978501399
2026-07-27 15:20:00+00:00,9.87181670498687
2026-07-27 15:25:00+00:00,9.693344158248053
2026-07-27 15:30:00+00:00,9.30485676271038
2026-07-27 15:35:00+00:00,9.11352584092835
2026-07-27 15:40:00+00:00,9.309807489528833
2026-07-27 15:45:00+00:00,9.082997235261892
2026-07-27 15:50:00+00:00,8.894382434284221
2026-07-27 15:55:00+00:00,8.788905230738365
2026-07-27 16:00:00+00:00,8.849283553385225
2026-07-27 16:05:00+00:00,9.283081244701732
2026-07-27 16:10:00+00:00,8.443328957315801
2026-07-27 16:15:00+00:00,8.328039012793633
2026-07-27 16:20:00+00:00,8.65260724212468
2026-07-27 16:25:00+00:00,8.49978168597624
2026-07-27 16:30:00+00:00,8.623277566720047
2026-07-27 16:35:00+00:00,9.137579044190494
2026-07-27 16:40:00+00:00,9.031611676995857
2026-07-27 16:45:00+00:00,9.020157679439924
2026-07-27 16:50:00+00:00,8.974885821095837
2026-07-27 16:55:00+00:00,9.265462583223085
2026-07-27 17:00:00+00:00,9.518233981328263
2026-07-27 17:05:00+00:00,9.08859304949309
2026-07-27 17:10:00+00:00,9.245372794816467
2026-07-27 17:15:00+00:00,9.359213991104012
2026-07-27 17:20:00+00:00,9.672146666941996
2026-07-27 17:25:00+00:00,9.666119841947909
2026-07-27 17:30:00+00:00,9.478403152146955
2026-07-27 17:35:00+00:00,9.308606570609426
2026-07-27 17:40:00+00:00,9.285598505130457
2026-07-27 17:45:00+00:00,9.754794211415865
2026-07-27 17:50:00+00:00,10.003088921703087
2026-07-27 17:55:00+00:00,10.450170571386765
2026-07-27 18:00:00+00:00,10.558263945658188
2026-07-27 18:05:00+00:00,10.489043676018808
2026-07-27 18:10:00+00:00,10.541698454933615
2026-07-27 18:15:00+00:00,10.647140275530633
2026-07-27 18:20:00+00:00,10.616710878962712
2026-07-27 18:25:00+00:00,10.86372701460049
2026-07-27 18:30:00+00:00,10.763121421127488
2026-07-27 18:35:00+00:00,10.809061526974064
2026-07-27 18:40:00+00:00,10.791881906641434
2026-07-27 18:45:00+00:00,10.768099931984567
2026-07-27 18:50:00+00:00,11.046920789559858
2026-07-27 18:55:00+00:00,11.227453747300489
2026-07-27 19:00:00+00:00,11.331280114010758
2026-07-27 19:05:00+00:00,11.310509078671673
2026-07-27 19:10:00+00:00,11.202246450016853
2026-07-27 19:15:00+00:00,11.471843799796213
2026-07-27 19:20:00+00:00,11.748722182345075
2026-07-27 19:25:00+00:00,11.798428377354133
2026-07-27 19:30:00+00:00,11.402294700184514
2026-07-27 19:35:00+00:00,11.450313235063083
2026-07-27 19:40:00+00:00,11.368968871267962
2026-07-27 19:45:00+00:00,11.04227553610241
2026-07-27 19:50:00+00:00,10.337593104882439
2026-07-27 19:55:00+00:00,10.042469659860478
2026-07-27 20:00:00+00:00,10.069770265253222
2026-07-27 20:05:00+00:00,10.08236317664857
2026-07-27 20:10:00+00:00,10.162528263102846
2026-07-27 20:15:00+00:00,10.085896345067116
2026-07-27 20:20:00+00:00,10.034574549010891
2026-07-27 20:25:00+00:00,10.13432540008197
2026-07-27 20:30:00+00:00,10.308155496403895
2026-07-27 20:35:00+00:00,10.542477719465307
2026-07-27 20:40:00+00:00,10.45480369990506
2026-07-27 20:45:00+00:00,10.274586618555873
2026-07-27 20:50:00+00:00,10.288254884519102
2026-07-27 20:55:00+00:00,10.116219127453999
2026-07-27 21:00:00+00:00,10.25632139582602
2026-07-27 21:05:00+00:00,10.191328999031349
2026-07-27 21:10:00+00:00,10.213433526931162
2026-07-27 21:15:00+00:00,10.125090288436247
2026-07-27 21:20:00+00:00,10.052639884550743
2026-07-27 21:25:00+00:00,10.106028303012884
2026-07-27 21:30:00+00:00,10.116285367909697
2026-07-27 21:35:00+00:00,10.11516585490784
2026-07-27 21:40:00+00:00,9.977884785482363
2026-07-27 21:45:00+00:00,10.015691439236488
2026-07-27 21:50:00+00:00,9.854625850708157
2026-07-27 21:55:00+00:00,9.803362283678332
2026-07-27 22:00:00+00:00,9.86459953503929
2026-07-27 22:05:00+00:00,9.752993872917084
2026-07-27 22:10:00+00:00,9.65210395819043
2026-07-27 22:15:00+00:00,9.775970360919242
2026-07-27 22:20:00+00:00,9.616602392631737
2026-07-27 22:25:00+00:00,9.811921748379884
2026-07-27 22:30:00+00:00,9.846788925285235
2026-07-27 22:35:00+00:00,9.73639890580709
2026-07-27 22:40:00+00:00,9.732353190798218
2026-07-27 22:45:00+00:00,9.654180795968273
2026-07-27 22:50:00+00:00,9.606623387814953
2026-07-27 22:55:00+00:00,9.57752578471072
2026-07-27 23:00:00+00:00,10.988231466144985
2026-07-27 23:05:00+00:00,10.577474028563774
2026-07-27 23:10:00+00:00,9.688863197139533
2026-07-27 23:15:00+00:00,9.999639282441944
2026-07-27 23:20:00+00:00,9.59804569732319
2026-07-27 23:25:00+00:00,9.281233823379711
2026-07-27 23:30:00+00:00,9.149170153994415
2026-07-27 23:35:00+00:00,9.13766954482951
2026-07-27 23:40:00+00:00,9.302112434451296
2026-07-27 23:45:00+00:00,9.41278001292292
2026-07-27 23:50:00+00:00,9.552644250836753
2026-07-27 23:55:00+00:00,9.769199273496668
2026-07-28 00:00:00+00:00,10.521928534143658
2026-07-28 00:05:00+00:00,11.092860459367053
2026-07-28 00:10:00+00:00,10.998273606633006
2026-07-28 00:15:00+00:00,11.236284668370448
2026-07-28 00:20:00+00:00,10.801194730100587
2026-07-28 00:25:00+00:00,10.402081728823813
2026-07-28 00:30:00+00:00,10.512108832215976
2026-07-28 00:35:00+00:00,10.591539327079495
2026-07-28 00:40:00+00:00,10.495196502460573
2026-07-28 00:45:00+00:00,10.691925310838084
2026-07-28 00:50:00+00:00,10.928413188976897
2026-07-28 00:55:00+00:00,10.9301940847831
2026-07-28 01:00:00+00:00,10.803423923385218
2026-07-28 01:05:00+00:00,11.10564499675774
2026-07-28 01:10:00+00:00,11.224020953890694
2026-07-28 01:15:00+00:00,10.991039037574428
2026-07-28 01:20:00+00:00,11.149840331717169
2026-07-28 01:25:00+00:00,10.983150638043508
2026-07-28 01:30:00+00:00,11.165219071619418
2026-07-28 01:35:00+00:00,10.98049687270936
2026-07-28 01:40:00+00:00,11.481926924858847
2026-07-28 01:45:00+00:00,11.64713911908261
2026-07-28 01:50:00+00:00,11.748813387233252
2026-07-28 01:55:00+00:00,12.08444630670628
2026-07-28 02:00:00+00:00,12.181460555694727
2026-07-28 02:05:00+00:00,11.780741911182695
2026-07-28 02:10:00+00:00,11.996768462560318
2026-07-28 02:15:00+00:00,11.709978349345722
2026-07-28 02:20:00+00:00,11.390697906638263
2026-07-28 02:25:00+00:00,11.866929929657204
2026-07-28 02:30:00+00:00,11.924630584465216
2026-07-28 02:35:00+00:00,11.74516096963271
2026-07-28 02:40:00+00:00,11.535534740322177
2026-07-28 02:45:00+00:00,11.435749138428701
2026-07-28 02:50:00+00:00,11.567371842825118
2026-07-28 02:55:00+00:00,11.543689890466606
2026-07-28 03:00:00+00:00,11.538984917297139
2026-07-28 03:05:00+00:00,11.258438213975534
2026-07-28 03:10:00+00:00,11.45477768482425
2026-07-28 03:15:00+00:00,10.903420234262644
2026-07-28 03:20:00+00:00,10.657481885598312
2026-07-28 03:25:00+00:00,11.049278333736183
2026-07-28 03:30:00+00:00,11.181328891286661
2026-07-28 03:35:00+00:00,11.317068105421317
2026-07-28 03:40:00+00:00,11.393979835685634
2026-07-28 03:45:00+00:00,11.299706833576543
2026-07-28 03:50:00+00:00,11.292374864742431
2026-07-28 03:55:00+00:00,11.413821864293265
2026-07-28 04:00:00+00:00,11.727476941915866
2026-07-28 04:05:00+00:00,11.893251454850956
2026-07-28 04:10:00+00:00,11.808175028221152
2026-07-28 04:15:00+00:00,11.640801096098036
2026-07-28 04:20:00+00:00,11.921468297935872
2026-07-28 04:25:00+00:00,11.722335558887393
2026-07-28 04:30:00+00:00,11.829961658840999
2026-07-28 04:35:00+00:00,11.849967136693435
2026-07-28 04:40:00+00:00,12.008077340442641
2026-07-28 04:45:00+00:00,12.008077340442641
2026-07-28 04:50:00+00:00,12.008077340442641
2026-07-28 04:55:00+00:00,12.008077340442641
2026-07-28 05:00:00+00:00,12.008077340442641
2026-07-28 05:05:00+00:00,12.008077340442641
2026-07-28 05:10:00+00:00,12.008077340442641
2026-07-28 05:15:00+00:00,12.008077340442641
2026-07-28 05:20:00+00:00,12.008077340442641
2026-07-28 05:25:00+00:00,12.008077340442641
2026-07-28 05:30:00+00:00,12.008077340442641
2026-07-28 05:35:00+00:00,12.008077340442641
2026-07-28 05:40:00+00:00,12.008077340442641
2026-07-28 05:45:00+00:00,12.008077340442641
2026-07-28 05:50:00+00:00,12.008077340442641
2026-07-28 05:55:00+00:00,12.008077340442641
2026-07-28 06:00:00+00:00,12.008077340442641
2026-07-28 06:05:00+00:00,12.008077340442641
2026-07-28 06:10:00+00:00,12.008077340442641
2026-07-28 06:15:00+00:00,12.008077340442641
2026-07-28 06:20:00+00:00,12.008077340442641
2026-07-28 06:25:00+00:00,12.008077340442641
2026-07-28 06:30:00+00:00,12.008077340442641
2026-07-28 06:35:00+00:00,12.008077340442641
2026-07-28 06:40:00+00:00,12.008077340442641
2026-07-28 06:45:00+00:00,12.008077340442641
2026-07-28 06:50:00+00:00,12.008077340442641
2026-07-28 06:55:00+00:00,12.008077340442641
2026-07-28 07:00:00+00:00,12.008077340442641
2026-07-28 07:05:00+00:00,12.008077340442641
2026-07-28 07:10:00+00:00,12.008077340442641
2026-07-28 07:15:00+00:00,12.008077340442641
2026-07-28 07:20:00+00:00,12.008077340442641
2026-07-28 07:25:00+00:00,12.008077340442641
2026-07-28 07:30:00+00:00,12.008077340442641
2026-07-28 07:35:00+00:00,12.008077340442641
2026-07-28 07:40:00+00:00,12.008077340442641
2026-07-28 07:45:00+00:00,12.008077340442641
2026-07-28 07:50:00+00:00,12.008077340442641
2026-07-28 07:55:00+00:00,12.008077340442641
2026-07-28 08:00:00+00:00,12.008077340442641
2026-07-28 08:05:00+00:00,12.008077340442641
2026-07-28 08:10:00+00:00,12.008077340442641
2026-07-28 08:15:00+00:00,12.008077340442641
2026-07-28 08:20:00+00:00,12.008077340442641
2026-07-28 08:25:00+00:00,12.008077340442641
2026-07-28 08:30:00+00:00,12.008077340442641
2026-07-28 08:35:00+00:00,12.008077340442641
2026-07-28 08:40:00+00:00,12.008077340442641
2026-07-28 08:45:00+00:00,12.008077340442641
2026-07-28 08:50:00+00:00,12.05920392128545
2026-07-28 08:55:00+00:00,12.196192778309273
2026-07-28 09:00:00+00:00,12.150085157945062
2026-07-28 09:05:00+00:00,12.117628910519501
2026-07-28 09:10:00+00:00,12.181761762013194
2026-07-28 09:15:00+00:00,12.475744751558876
2026-07-28 09:20:00+00:00,12.502429468962534
2026-07-28 09:25:00+00:00,12.183227339731134
2026-07-28 09:30:00+00:00,12.544079343599263
2026-07-28 09:35:00+00:00,12.471690210863867
2026-07-28 09:40:00+00:00,12.63746336483464
2026-07-28 09:45:00+00:00,12.60692298108212
2026-07-28 09:50:00+00:00,12.529702580131014
2026-07-28 09:55:00+00:00,12.546290271871902
2026-07-28 10:00:00+00:00,12.723109256163395
2026-07-28 10:05:00+00:00,12.736149715208972
2026-07-28 10:10:00+00:00,12.474571011416375
2026-07-28 10:15:00+00:00,12.407492634553114
2026-07-28 10:20:00+00:00,12.551810235913846
2026-07-28 10:25:00+00:00,12.426626631936427
2026-07-28 10:30:00+00:00,12.358389356075778
2026-07-28 10:35:00+00:00,12.553159539306241
2026-07-28 10:40:00+00:00,12.305370155444612
2026-07-28 10:45:00+00:00,12.4865509578095
2026-07-28 10:50:00+00:00,12.445349819633117
2026-07-28 10:55:00+00:00,12.468764741616928
2026-07-28 11:00:00+00:00,12.898258450220629
2026-07-28 11:05:00+00:00,13.061517026220043
2026-07-28 11:10:00+00:00,12.979567826774291
2026-07-28 11:15:00+00:00,12.735666325900125
2026-07-28 11:20:00+00:00,12.537241374516478
2026-07-28 11:25:00+00:00,12.677449160531745
2026-07-28 11:30:00+00:00,12.995097665648808
2026-07-28 11:35:00+00:00,12.974532247899523
2026-07-28 11:40:00+00:00,12.809624948468107
2026-07-28 11:45:00+00:00,12.737459920363564
2026-07-28 11:50:00+00:00,12.677953106011225
2026-07-28 11:55:00+00:00,12.360110249051543
2026-07-28 12:00:00+00:00,12.444610505908832
2026-07-28 12:05:00+00:00,12.390069853639302
2026-07-28 12:10:00+00:00,12.6947914976764
2026-07-28 12:15:00+00:00,12.467476699039798
2026-07-28 12:20:00+00:00,12.509479869631596
2026-07-28 12:25:00+00:00,12.466522485540294
2026-07-28 12:30:00+00:00,12.613701331708688
2026-07-28 12:35:00+00:00,12.646998247571512
2026-07-28 12:40:00+00:00,12.61102398332738
2026-07-28 12:45:00+00:00,12.861159875388934
2026-07-28 12:50:00+00:00,12.573540929240762
2026-07-28 12:55:00+00:00,12.530284344127901
2026-07-28 13:00:00+00:00,12.630389752492816
2026-07-28 13:05:00+00:00,12.774724243990926
2026-07-28 13:10:00+00:00,12.49971777928502
2026-07-28 13:15:00+00:00,12.693891366857718
2026-07-28 13:20:00+00:00,12.709830822201335
2026-07-28 13:25:00+00:00,12.818407869794774
2026-07-28 13:30:00+00:00,13.602241912275742
2026-07-28 13:35:00+00:00,13.602241912275742
2026-07-28 13:40:00+00:00,13.602241912275742
2026-07-28 13:45:00+00:00,13.602241912275742
2026-07-28 13:50:00+00:00,13.602241912275742
2026-07-28 13:55:00+00:00,13.602241912275742
2026-07-28 14:00:00+00:00,13.602241912275742
2026-07-28 14:05:00+00:00,13.602241912275742
2026-07-28 14:10:00+00:00,13.602241912275742
2026-07-28 14:15:00+00:00,13.602241912275742
2026-07-28 14:20:00+00:00,13.602241912275742
2026-07-28 14:25:00+00:00,13.602241912275742
2026-07-28 14:30:00+00:00,13.602241912275742
2026-07-28 14:35:00+00:00,13.602241912275742
2026-07-28 14:40:00+00:00,13.602241912275742
2026-07-28 14:45:00+00:00,13.602241912275742
2026-07-28 14:50:00+00:00,13.602241912275742
2026-07-28 14:55:00+00:00,13.602241912275742
2026-07-28 15:00:00+00:00,13.602241912275742
2026-07-28 15:05:00+00:00,13.602241912275742
2026-07-28 15:10:00+00:00,13.602241912275742
2026-07-28 15:15:00+00:00,13.602241912275742
2026-07-28 15:20:00+00:00,13.602241912275742
2026-07-28 15:25:00+00:00,13.602241912275742
2026-07-28 15:30:00+00:00,13.602241912275742
2026-07-28 15:35:00+00:00,13.602241912275742
2026-07-28 15:40:00+00:00,13.602241912275742
2026-07-28 15:45:00+00:00,13.602241912275742
2026-07-28 15:50:00+00:00,13.602241912275742
2026-07-28 15:55:00+00:00,13.602241912275742
2026-07-28 16:00:00+00:00,13.602241912275742
2026-07-28 16:05:00+00:00,13.602241912275742
2026-07-28 16:10:00+00:00,13.602241912275742
2026-07-28 16:15:00+00:00,13.602241912275742
2026-07-28 16:20:00+00:00,13.602241912275742
2026-07-28 16:25:00+00:00,13.602241912275742
2026-07-28 16:30:00+00:00,13.602241912275742
2026-07-28 16:35:00+00:00,13.602241912275742
2026-07-28 16:40:00+00:00,13.602241912275742
2026-07-28 16:45:00+00:00,13.602241912275742
2026-07-28 16:50:00+00:00,13.602241912275742
2026-07-28 16:55:00+00:00,13.602241912275742
2026-07-28 17:00:00+00:00,13.602241912275742
2026-07-28 17:05:00+00:00,13.602241912275742
2026-07-28 17:10:00+00:00,13.602241912275742
2026-07-28 17:15:00+00:00,13.602241912275742
2026-07-28 17:20:00+00:00,13.602241912275742
2026-07-28 17:25:00+00:00,13.602241912275742
2026-07-28 17:30:00+00:00,13.602241912275742
2026-07-28 17:35:00+00:00,13.602241912275742
2026-07-28 17:40:00+00:00,13.602241912275742
2026-07-28 17:45:00+00:00,13.602241912275742
2026-07-28 17:50:00+00:00,13.602241912275742
2026-07-28 17:55:00+00:00,13.602241912275742
2026-07-28 18:00:00+00:00,13.602241912275742
2026-07-28 18:05:00+00:00,13.602241912275742
2026-07-28 18:10:00+00:00,13.602241912275742
2026-07-28 18:15:00+00:00,13.602241912275742
2026-07-28 18:20:00+00:00,13.602241912275742
2026-07-28 18:25:00+00:00,13.602241912275742
2026-07-28 18:30:00+00:00,13.602241912275742
2026-07-28 18:35:00+00:00,13.602241912275742
2026-07-28 18:40:00+00:00,13.602241912275742
2026-07-28 18:45:00+00:00,13.602241912275742
2026-07-28 18:50:00+00:00,13.602241912275742
2026-07-28 18:55:00+00:00,13.602241912275742
2026-07-28 19:00:00+00:00,13.602241912275742
2026-07-28 19:05:00+00:00,13.602241912275742
2026-07-28 19:10:00+00:00,13.602241912275742
2026-07-28 19:15:00+00:00,13.602241912275742
2026-07-28 19:20:00+00:00,13.602241912275742
2026-07-28 19:25:00+00:00,13.602241912275742
2026-07-28 19:30:00+00:00,13.602241912275742
2026-07-28 19:35:00+00:00,13.602241912275742
2026-07-28 19:40:00+00:00,13.602241912275742
2026-07-28 19:45:00+00:00,13.602241912275742
2026-07-28 19:50:00+00:00,13.602241912275742
2026-07-28 19:55:00+00:00,13.602241912275742
2026-07-28 20:00:00+00:00,13.602241912275742
2026-07-28 20:05:00+00:00,13.602241912275742
2026-07-28 20:10:00+00:00,13.602241912275742
2026-07-28 20:15:00+00:00,13.602241912275742
2026-07-28 20:20:00+00:00,13.602241912275742
2026-07-28 20:25:00+00:00,13.602241912275742
2026-07-28 20:30:00+00:00,13.602241912275742
2026-07-28 20:35:00+00:00,13.602241912275742
2026-07-28 20:40:00+00:00,13.602241912275742
2026-07-28 20:45:00+00:00,13.602241912275742
2026-07-28 20:50:00+00:00,13.602241912275742
2026-07-28 20:55:00+00:00,13.602241912275742
2026-07-28 21:00:00+00:00,13.602241912275742
2026-07-28 21:05:00+00:00,13.602241912275742
2026-07-28 21:10:00+00:00,13.602241912275742
2026-07-28 21:15:00+00:00,13.602241912275742
2026-07-28 21:20:00+00:00,13.602241912275742
2026-07-28 21:25:00+00:00,13.602241912275742
2026-07-28 21:30:00+00:00,13.602241912275742
2026-07-28 21:35:00+00:00,13.602241912275742
2026-07-28 21:40:00+00:00,13.602241912275742
2026-07-28 21:45:00+00:00,13.602241912275742
2026-07-28 21:50:00+00:00,13.602241912275742
2026-07-28 21:55:00+00:00,13.602241912275742
2026-07-28 22:00:00+00:00,13.602241912275742
2026-07-28 22:05:00+00:00,13.602241912275742
2026-07-28 22:10:00+00:00,13.602241912275742
2026-07-28 22:15:00+00:00,13.602241912275742
2026-07-28 22:20:00+00:00,13.602241912275742
2026-07-28 22:25:00+00:00,13.602241912275742
2026-07-28 22:30:00+00:00,13.602241912275742
2026-07-28 22:35:00+00:00,13.602241912275742
2026-07-28 22:40:00+00:00,13.602241912275742
2026-07-28 22:45:00+00:00,13.602241912275742
2026-07-28 22:50:00+00:00,13.602241912275742
2026-07-28 22:55:00+00:00,12.597279130170497
2026-07-28 23:00:00+00:00,12.738436388674396
2026-07-28 23:05:00+00:00,13.413448342545292
2026-07-28 23:10:00+00:00,13.337591793232567
2026-07-28 23:15:00+00:00,12.033524219279363
2026-07-28 23:20:00+00:00,11.468465320960414
2026-07-28 23:25:00+00:00,11.792769012919363
2026-07-28 23:30:00+00:00,11.589284516232285
2026-07-28 23:35:00+00:00,12.076729987747909
2026-07-28 23:40:00+00:00,12.311588737136775
2026-07-28 23:45:00+00:00,14.122179417566722
2026-07-28 23:50:00+00:00,14.820342592823716
2026-07-28 23:55:00+00:00,14.320607480816689
2026-07-29 00:00:00+00:00,15.861038243558527
2026-07-29 00:05:00+00:00,14.748929750851973
2026-07-29 00:10:00+00:00,14.693399900650077
2026-07-29 00:15:00+00:00,14.697473483291327
2026-07-29 00:20:00+00:00,14.47672339515899
2026-07-29 00:25:00+00:00,14.779476596709388
2026-07-29 00:30:00+00:00,15.14081931618673
2026-07-29 00:35:00+00:00,14.23698747149981
2026-07-29 00:40:00+00:00,14.6868964208473
2026-07-29 00:45:00+00:00,14.620823124585629
2026-07-29 00:50:00+00:00,14.301855664900513
2026-07-29 00:55:00+00:00,14.683028134348712
2026-07-29 01:00:00+00:00,14.466188140768425
2026-07-29 01:05:00+00:00,14.95815388566774
2026-07-29 01:10:00+00:00,14.145786014731636
2026-07-29 01:15:00+00:00,14.943477937418008
2026-07-29 01:20:00+00:00,14.7871579203294
2026-07-29 01:25:00+00:00,14.376089283805575
2026-07-29 01:30:00+00:00,15.349951883505534
2026-07-29 01:35:00+00:00,15.55505285351803
2026-07-29 01:40:00+00:00,15.664085886245653
2026-07-29 01:45:00+00:00,15.944356941009945
2026-07-29 01:50:00+00:00,15.776697711212455
2026-07-29 01:55:00+00:00,16.121005695044083
2026-07-29 02:00:00+00:00,15.128429405222693
2026-07-29 02:05:00+00:00,15.935986024377286
2026-07-29 02:10:00+00:00,15.70194184590758
2026-07-29 02:15:00+00:00,16.124255819202688
2026-07-29 02:20:00+00:00,16.124255819202688
2026-07-29 02:25:00+00:00,16.124255819202688
2026-07-29 02:30:00+00:00,16.124255819202688
2026-07-29 02:35:00+00:00,16.124255819202688
2026-07-29 02:40:00+00:00,16.124255819202688
2026-07-29 02:45:00+00:00,16.124255819202688
2026-07-29 02:50:00+00:00,16.124255819202688
2026-07-29 02:55:00+00:00,16.124255819202688
2026-07-29 03:00:00+00:00,16.124255819202688
2026-07-29 03:05:00+00:00,16.124255819202688
2026-07-29 03:10:00+00:00,16.124255819202688
2026-07-29 03:15:00+00:00,16.124255819202688
2026-07-29 03:20:00+00:00,16.124255819202688
2026-07-29 03:25:00+00:00,16.124255819202688
2026-07-29 03:30:00+00:00,16.124255819202688
2026-07-29 03:35:00+00:00,16.124255819202688
2026-07-29 03:40:00+00:00,16.124255819202688
2026-07-29 03:45:00+00:00,16.124255819202688
2026-07-29 03:50:00+00:00,16.124255819202688
2026-07-29 03:55:00+00:00,16.124255819202688
2026-07-29 04:00:00+00:00,16.124255819202688
2026-07-29 04:05:00+00:00,16.124255819202688
2026-07-29 04:10:00+00:00,16.124255819202688
2026-07-29 04:15:00+00:00,16.124255819202688
2026-07-29 04:20:00+00:00,16.124255819202688
2026-07-29 04:25:00+00:00,16.124255819202688
2026-07-29 04:30:00+00:00,16.124255819202688
2026-07-29 04:35:00+00:00,16.124255819202688
2026-07-29 04:40:00+00:00,16.124255819202688
2026-07-29 04:45:00+00:00,16.124255819202688
2026-07-29 04:50:00+00:00,16.124255819202688
2026-07-29 04:55:00+00:00,16.124255819202688
2026-07-29 05:00:00+00:00,16.124255819202688
2026-07-29 05:05:00+00:00,16.124255819202688
2026-07-29 05:10:00+00:00,16.124255819202688
2026-07-29 05:15:00+00:00,16.124255819202688
2026-07-29 05:20:00+00:00,16.124255819202688
2026-07-29 05:25:00+00:00,16.124255819202688
2026-07-29 05:30:00+00:00,16.124255819202688
2026-07-29 05:35:00+00:00,16.124255819202688
2026-07-29 05:40:00+00:00,16.124255819202688
2026-07-29 05:45:00+00:00,16.124255819202688
2026-07-29 05:50:00+00:00,16.124255819202688
2026-07-29 05:55:00+00:00,16.124255819202688
2026-07-29 06:00:00+00:00,16.124255819202688
2026-07-29 06:05:00+00:00,16.124255819202688
2026-07-29 06:10:00+00:00,16.124255819202688
2026-07-29 06:15:00+00:00,16.124255819202688
2026-07-29 06:20:00+00:00,16.124255819202688
2026-07-29 06:25:00+00:00,16.124255819202688
2026-07-29 06:30:00+00:00,16.124255819202688
2026-07-29 06:35:00+00:00,16.091748321772354
2026-07-29 06:40:00+00:00,16.02337135406295
2026-07-29 06:45:00+00:00,16.2283788299931
2026-07-29 06:50:00+00:00,15.224813770770535
2026-07-29 06:55:00+00:00,15.280493000092171
2026-07-29 07:00:00+00:00,16.3909334193256
2026-07-29 07:05:00+00:00,16.347755993517893
2026-07-29 07:10:00+00:00,16.73053497577554
2026-07-29 07:15:00+00:00,16.566359693043026
2026-07-29 07:20:00+00:00,16.45236538803307
2026-07-29 07:25:00+00:00,16.48995339217429
2026-07-29 07:30:00+00:00,16.540134854415584
2026-07-29 07:35:00+00:00,16.5488400312308
2026-07-29 07:40:00+00:00,16.064898037063852
2026-07-29 07:45:00+00:00,16.24539723131026
2026-07-29 07:50:00+00:00,16.10298212919203
2026-07-29 07:55:00+00:00,15.868945002799823
2026-07-29 08:00:00+00:00,16.31651147771217
2026-07-29 08:05:00+00:00,16.277539007640605
2026-07-29 08:10:00+00:00,16.402431445294972
2026-07-29 08:15:00+00:00,15.773790537252484
2026-07-29 08:20:00+00:00,15.912508537773228
2026-07-29 08:25:00+00:00,15.914896157742252
2026-07-29 08:30:00+00:00,15.408662633737912
2026-07-29 08:35:00+00:00,15.906410496604316
2026-07-29 08:40:00+00:00,15.533004668428362
2026-07-29 08:45:00+00:00,15.385376714956177
2026-07-29 08:50:00+00:00,15.511854834952508
2026-07-29 08:55:00+00:00,15.355482620195936
2026-07-29 09:00:00+00:00,15.248154774800359
2026-07-29 09:05:00+00:00,14.607224800659
2026-07-29 09:10:00+00:00,14.53366364463443
2026-07-29 09:15:00+00:00,14.93503894189757
2026-07-29 09:20:00+00:00,14.835139117294759
2026-07-29 09:25:00+00:00,14.819528178467
2026-07-29 09:30:00+00:00,15.304212684581785
2026-07-29 09:35:00+00:00,15.075605191607565
2026-07-29 09:40:00+00:00,14.598356328479
2026-07-29 09:45:00+00:00,14.512989062363278
2026-07-29 09:50:00+00:00,14.325620029193718
2026-07-29 09:55:00+00:00,14.698174105539362
2026-07-29 10:00:00+00:00,14.45548390076311
2026-07-29 10:05:00+00:00,14.326207290585234
2026-07-29 10:10:00+00:00,14.70522658724892
2026-07-29 10:15:00+00:00,14.71279926267751
2026-07-29 10:20:00+00:00,14.710890230147498
2026-07-29 10:25:00+00:00,14.70811443636698
2026-07-29 10:30:00+00:00,15.051793328707351
2026-07-29 10:35:00+00:00,15.35525128720495
2026-07-29 10:40:00+00:00,15.371144822089043
2026-07-29 10:45:00+00:00,15.618429652498676
2026-07-29 10:50:00+00:00,15.215291130713236
2026-07-29 10:55:00+00:00,15.369513576254011
2026-07-29 11:00:00+00:00,15.164291688243768
2026-07-29 11:05:00+00:00,15.228072502878241
2026-07-29 11:10:00+00:00,15.161612043843885
2026-07-29 11:15:00+00:00,14.941143981237058
2026-07-29 11:20:00+00:00,15.25875821186785
2026-07-29 11:25:00+00:00,15.606568804914943
2026-07-29 11:30:00+00:00,15.648958283515078
2026-07-29 11:35:00+00:00,15.588946562513804
2026-07-29 11:40:00+00:00,15.455778778770611
2026-07-29 11:45:00+00:00,15.360685642991655
2026-07-29 11:50:00+00:00,15.301744304558916
2026-07-29 11:55:00+00:00,15.511535730609914
2026-07-29 12:00:00+00:00,15.818608492311746
2026-07-29 12:05:00+00:00,15.87644063205914
2026-07-29 12:10:00+00:00,15.484785096278962
2026-07-29 12:15:00+00:00,15.532590971076253
2026-07-29 12:20:00+00:00,15.103558215672518
2026-07-29 12:25:00+00:00,15.091709124609874
2026-07-29 12:30:00+00:00,15.099884987453326
2026-07-29 12:35:00+00:00,15.215827309653594
2026-07-29 12:40:00+00:00,15.304953529452302
2026-07-29 12:45:00+00:00,15.06166803048513
2026-07-29 12:50:00+00:00,15.081735580743537
2026-07-29 12:55:00+00:00,15.21146302905455
2026-07-29 13:00:00+00:00,15.458910927545176
2026-07-29 13:05:00+00:00,15.45352720754266
2026-07-29 13:10:00+00:00,15.508657371066313
2026-07-29 13:15:00+00:00,15.439158204915003
2026-07-29 13:20:00+00:00,15.688947545352182
2026-07-29 13:25:00+00:00,15.245154148154981
2026-07-29 13:30:00+00:00,14.219796993748478
2026-07-29 13:35:00+00:00,15.114558690883616
2026-07-29 13:40:00+00:00,14.419372106969362
2026-07-29 13:45:00+00:00,14.25643801118127
2026-07-29 13:50:00+00:00,14.280907042338718
2026-07-29 13:55:00+00:00,13.626685085068
2026-07-29 14:00:00+00:00,12.67737553942515
2026-07-29 14:05:00+00:00,13.340952466845067
2026-07-29 14:10:00+00:00,13.886690093216846
2026-07-29 14:15:00+00:00,13.616243132088123
2026-07-29 14:20:00+00:00,13.912433446796456
2026-07-29 14:25:00+00:00,13.960183759924437
2026-07-29 14:30:00+00:00,13.922255896638212
2026-07-29 14:35:00+00:00,13.74312049316314
2026-07-29 14:40:00+00:00,12.801022930685622
2026-07-29 14:45:00+00:00,12.51154746851103
2026-07-29 14:50:00+00:00,12.751270811714775
2026-07-29 14:55:00+00:00,12.859456766945097
2026-07-29 15:00:00+00:00,12.383801692485306
2026-07-29 15:05:00+00:00,12.871592850775869
2026-07-29 15:10:00+00:00,13.59972461957518
2026-07-29 15:15:00+00:00,13.94967703722697
2026-07-29 15:20:00+00:00,13.76554627732428
2026-07-29 15:25:00+00:00,13.990971180043164
2026-07-29 15:30:00+00:00,13.930198113193658
2026-07-29 15:35:00+00:00,14.106487346925821
2026-07-29 15:40:00+00:00,14.348064179884755
2026-07-29 15:45:00+00:00,14.061198093633408
2026-07-29 15:50:00+00:00,13.920753721112643
2026-07-29 15:55:00+00:00,13.70075176377291
2026-07-29 16:00:00+00:00,14.018445659147082
2026-07-29 16:05:00+00:00,14.384501534286441
2026-07-29 16:10:00+00:00,14.542195978238036
2026-07-29 16:15:00+00:00,14.26361748389161
2026-07-29 16:20:00+00:00,14.596572132919215
2026-07-29 16:25:00+00:00,14.83088314652957
2026-07-29 16:30:00+00:00,15.096087675564172
2026-07-29 16:35:00+00:00,14.975459938750722
2026-07-29 16:40:00+00:00,15.107941405316248
2026-07-29 16:45:00+00:00,15.247204051717032
2026-07-29 16:50:00+00:00,15.273022605324448
2026-07-29 16:55:00+00:00,15.493312747327868
2026-07-29 17:00:00+00:00,15.408962490791543
2026-07-29 17:05:00+00:00,15.563542196252188
2026-07-29 17:10:00+00:00,15.382928198546596
2026-07-29 17:15:00+00:00,15.643418793967433
2026-07-29 17:20:00+00:00,15.80415785786523
2026-07-29 17:25:00+00:00,15.80415785786523
2026-07-29 17:30:00+00:00,15.80415785786523
2026-07-29 17:35:00+00:00,15.80415785786523
2026-07-29 17:40:00+00:00,15.80415785786523
2026-07-29 17:45:00+00:00,15.80415785786523
2026-07-29 17:50:00+00:00,15.80415785786523
2026-07-29 17:55:00+00:00,15.80415785786523
2026-07-29 18:00:00+00:00,15.80415785786523
2026-07-29 18:05:00+00:00,15.80415785786523
2026-07-29 18:10:00+00:00,15.80415785786523
2026-07-29 18:15:00+00:00,15.80415785786523
2026-07-29 18:20:00+00:00,15.80415785786523
2026-07-29 18:25:00+00:00,15.80415785786523
2026-07-29 18:30:00+00:00,15.80415785786523
2026-07-29 18:35:00+00:00,15.80415785786523
2026-07-29 18:40:00+00:00,15.80415785786523
2026-07-29 18:45:00+00:00,15.80415785786523
2026-07-29 18:50:00+00:00,15.80415785786523
2026-07-29 18:55:00+00:00,15.80415785786523
2026-07-29 19:00:00+00:00,15.80415785786523
2026-07-29 19:05:00+00:00,15.80415785786523
2026-07-29 19:10:00+00:00,15.80415785786523
2026-07-29 19:15:00+00:00,15.80415785786523
2026-07-29 19:20:00+00:00,15.80415785786523
2026-07-29 19:25:00+00:00,15.80415785786523
2026-07-29 19:30:00+00:00,15.80415785786523
2026-07-29 19:35:00+00:00,15.80415785786523
2026-07-29 19:40:00+00:00,15.80415785786523
2026-07-29 19:45:00+00:00,15.80415785786523
2026-07-29 19:50:00+00:00,15.80415785786523
2026-07-29 19:55:00+00:00,15.80415785786523
2026-07-29 20:00:00+00:00,15.80415785786523
2026-07-29 20:05:00+00:00,15.80415785786523
2026-07-29 20:10:00+00:00,15.80415785786523
2026-07-29 20:15:00+00:00,15.80415785786523
2026-07-29 20:20:00+00:00,15.80415785786523
2026-07-29 20:25:00+00:00,15.80415785786523
2026-07-29 20:30:00+00:00,15.80415785786523
2026-07-29 20:35:00+00:00,15.80415785786523
2026-07-29 20:40:00+00:00,15.80415785786523
2026-07-29 20:45:00+00:00,15.80415785786523
2026-07-29 20:50:00+00:00,15.80415785786523
2026-07-29 20:55:00+00:00,15.80415785786523
2026-07-29 21:00:00+00:00,15.80415785786523
2026-07-29 21:05:00+00:00,15.80415785786523
2026-07-29 21:10:00+00:00,15.80415785786523
2026-07-29 21:15:00+00:00,15.80415785786523
2026-07-29 21:20:00+00:00,15.80415785786523
2026-07-29 21:25:00+00:00,15.80415785786523
2026-07-29 21:30:00+00:00,15.80415785786523
2026-07-29 21:35:00+00:00,15.80415785786523
2026-07-29 21:40:00+00:00,15.80415785786523
2026-07-29 21:45:00+00:00,15.80415785786523
2026-07-29 21:50:00+00:00,15.80415785786523
2026-07-29 21:55:00+00:00,15.80415785786523
2026-07-29 22:00:00+00:00,15.80415785786523
2026-07-29 22:05:00+00:00,15.80415785786523
2026-07-29 22:10:00+00:00,15.80415785786523
2026-07-29 22:15:00+00:00,15.80415785786523
2026-07-29 22:20:00+00:00,15.80415785786523
2026-07-29 22:25:00+00:00,15.80415785786523
2026-07-29 22:30:00+00:00,15.80415785786523
2026-07-29 22:35:00+00:00,15.80415785786523
2026-07-29 22:40:00+00:00,15.80415785786523
2026-07-29 22:45:00+00:00,15.80415785786523
2026-07-29 22:50:00+00:00,15.80415785786523
2026-07-29 22:55:00+00:00,15.80415785786523
2026-07-29 23:00:00+00:00,15.80415785786523
2026-07-29 23:05:00+00:00,15.80415785786523
2026-07-29 23:10:00+00:00,15.80415785786523
2026-07-29 23:15:00+00:00,15.80415785786523
2026-07-29 23:20:00+00:00,15.80415785786523
2026-07-29 23:25:00+00:00,15.80415785786523
2026-07-29 23:30:00+00:00,15.80415785786523
2026-07-29 23:35:00+00:00,15.80415785786523
2026-07-29 23:40:00+00:00,15.80415785786523
2026-07-29 23:45:00+00:00,15.80415785786523
2026-07-29 23:50:00+00:00,15.80415785786523
2026-07-29 23:55:00+00:00,15.80415785786523
2026-07-30 00:00:00+00:00,15.80415785786523
2026-07-30 00:05:00+00:00,15.80415785786523
2026-07-30 00:10:00+00:00,15.80415785786523
2026-07-30 00:15:00+00:00,15.80415785786523
2026-07-30 00:20:00+00:00,15.549048451517043
2026-07-30 00:25:00+00:00,16.053709307667575
2026-07-30 00:30:00+00:00,15.269467436250029
2026-07-30 00:35:00+00:00,15.61258800731088
2026-07-30 00:40:00+00:00,15.117417300101355
2026-07-30 00:45:00+00:00,16.07199878882345
2026-07-30 00:50:00+00:00,16.162217944230573
2026-07-30 00:55:00+00:00,16.232987265749877
2026-07-30 01:00:00+00:00,16.00245974264566
2026-07-30 01:05:00+00:00,16.200256725530505
2026-07-30 01:10:00+00:00,15.510647442281734
2026-07-30 01:15:00+00:00,15.951873516113213
2026-07-30 01:20:00+00:00,16.539499262438884
2026-07-30 01:25:00+00:00,16.33076652807456
2026-07-30 01:30:00+00:00,17.46276309028384
2026-07-30 01:35:00+00:00,17.447300789984943
2026-07-30 01:40:00+00:00,17.7555751664375
2026-07-30 01:45:00+00:00,17.7555751664375
2026-07-30 01:50:00+00:00,17.7555751664375
2026-07-30 01:55:00+00:00,17.7555751664375
2026-07-30 02:00:00+00:00,17.7555751664375
2026-07-30 02:05:00+00:00,17.7555751664375
2026-07-30 02:10:00+00:00,17.7555751664375
2026-07-30 02:15:00+00:00,17.7555751664375
2026-07-30 02:20:00+00:00,17.7555751664375
2026-07-30 02:25:00+00:00,17.7555751664375
2026-07-30 02:30:00+00:00,17.7555751664375
2026-07-30 02:35:00+00:00,17.7555751664375
2026-07-30 02:40:00+00:00,17.7555751664375
2026-07-30 02:45:00+00:00,17.7555751664375
2026-07-30 02:50:00+00:00,17.7555751664375
2026-07-30 02:55:00+00:00,17.7555751664375
2026-07-30 03:00:00+00:00,17.80312702409751
2026-07-30 03:05:00+00:00,17.71016353766325
2026-07-30 03:10:00+00:00,18.27228916787237
2026-07-30 03:15:00+00:00,18.46350616059408
2026-07-30 03:20:00+00:00,18.433923792508
2026-07-30 03:25:00+00:00,18.676937729327737
2026-07-30 03:30:00+00:00,18.788907350023
2026-07-30 03:35:00+00:00,18.293257127982343
2026-07-30 03:40:00+00:00,18.39607006615206
2026-07-30 03:45:00+00:00,18.426586461809247
2026-07-30 03:50:00+00:00,18.161169918107046
2026-07-30 03:55:00+00:00,17.890734745984094
2026-07-30 04:00:00+00:00,18.06584320046648
2026-07-30 04:05:00+00:00,17.743882019236302
2026-07-30 04:10:00+00:00,18.01205471905304
2026-07-30 04:15:00+00:00,17.76060242774108
2026-07-30 04:20:00+00:00,18.281335441242476
2026-07-30 04:25:00+00:00,18.622625865734634
2026-07-30 04:30:00+00:00,18.808744745748797
2026-07-30 04:35:00+00:00,18.657771108366074
2026-07-30 04:40:00+00:00,18.04853352430259
2026-07-30 04:45:00+00:00,17.95394621381693
2026-07-30 04:50:00+00:00,17.87171422297963
2026-07-30 04:55:00+00:00,17.708836515246208
2026-07-30 05:00:00+00:00,17.994466214965378
2026-07-30 05:05:00+00:00,18.19820179962758
2026-07-30 05:10:00+00:00,18.655072891171955
2026-07-30 05:15:00+00:00,18.890256977575305
2026-07-30 05:20:00+00:00,19.085276154978605
2026-07-30 05:25:00+00:00,18.550362996445692
2026-07-30 05:30:00+00:00,18.47947671378517
2026-07-30 05:35:00+00:00,18.513761505558936
2026-07-30 05:40:00+00:00,19.185267330968227
2026-07-30 05:45:00+00:00,19.185267330968227
2026-07-30 05:50:00+00:00,19.185267330968227
2026-07-30 05:55:00+00:00,19.185267330968227
2026-07-30 06:00:00+00:00,19.185267330968227
2026-07-30 06:05:00+00:00,19.185267330968227
2026-07-30 06:10:00+00:00,19.185267330968227
2026-07-30 06:15:00+00:00,19.185267330968227
2026-07-30 06:20:00+00:00,19.185267330968227
2026-07-30 06:25:00+00:00,19.185267330968227
2026-07-30 06:30:00+00:00,19.185267330968227
2026-07-30 06:35:00+00:00,19.185267330968227
2026-07-30 06:40:00+00:00,19.185267330968227
2026-07-30 06:45:00+00:00,19.185267330968227
2026-07-30 06:50:00+00:00,19.185267330968227
2026-07-30 06:55:00+00:00,19.41655407437578
2026-07-30 07:00:00+00:00,19.27842554213616
2026-07-30 07:05:00+00:00,19.286331703440286
2026-07-30 07:10:00+00:00,19.361145664066072
2026-07-30 07:15:00+00:00,19.342064387716697
2026-07-30 07:20:00+00:00,19.511168496650967
2026-07-30 07:25:00+00:00,19.541657975474415
2026-07-30 07:30:00+00:00,19.05156779677292
2026-07-30 07:35:00+00:00,19.074427781231552
2026-07-30 07:40:00+00:00,19.25991675444726
2026-07-30 07:45:00+00:00,19.21117438139307
2026-07-30 07:50:00+00:00,18.912428198969312
2026-07-30 07:55:00+00:00,18.778331201088484
2026-07-30 08:00:00+00:00,18.959269247303247
2026-07-30 08:05:00+00:00,19.317273364804556
2026-07-30 08:10:00+00:00,19.53774646644182
2026-07-30 08:15:00+00:00,19.755403559112185
2026-07-30 08:20:00+00:00,19.82033104505683
2026-07-30 08:25:00+00:00,19.658839809963126
2026-07-30 08:30:00+00:00,19.603720575649366
2026-07-30 08:35:00+00:00,19.636438522289136
2026-07-30 08:40:00+00:00,19.841767033930992
2026-07-30 08:45:00+00:00,19.9587688467322
2026-07-30 08:50:00+00:00,19.982802929661105
2026-07-30 08:55:00+00:00,19.90411348836845
2026-07-30 09:00:00+00:00,20.1027440734213
2026-07-30 09:05:00+00:00,20.029737671055027
2026-07-30 09:10:00+00:00,20.178180175207363
2026-07-30 09:15:00+00:00,20.101069765072978
2026-07-30 09:20:00+00:00,20.117055523502493
2026-07-30 09:25:00+00:00,20.076702193243758
2026-07-30 09:30:00+00:00,19.92887650126476
2026-07-30 09:35:00+00:00,19.805875541586772
2026-07-30 09:40:00+00:00,19.743295783783356
2026-07-30 09:45:00+00:00,19.864758185779554
2026-07-30 09:50:00+00:00,19.82486384587783
2026-07-30 09:55:00+00:00,20.10257565873377
2026-07-30 10:00:00+00:00,19.97515342079681
2026-07-30 10:05:00+00:00,20.056028834752084
2026-07-30 10:10:00+00:00,19.999271767636586
2026-07-30 10:15:00+00:00,20.18411148427535
2026-07-30 10:20:00+00:00,20.26930903928892
2026-07-30 10:25:00+00:00,20.26930903928892
2026-07-30 10:30:00+00:00,20.26930903928892
2026-07-30 10:35:00+00:00,20.26930903928892
2026-07-30 10:40:00+00:00,20.26930903928892
2026-07-30 10:45:00+00:00,20.26930903928892
2026-07-30 10:50:00+00:00,20.26930903928892
2026-07-30 10:55:00+00:00,20.26930903928892
2026-07-30 11:00:00+00:00,20.26930903928892
2026-07-30 11:05:00+00:00,20.26930903928892
2026-07-30 11:10:00+00:00,20.26930903928892
2026-07-30 11:15:00+00:00,20.26930903928892
2026-07-30 11:20:00+00:00,20.26930903928892
2026-07-30 11:25:00+00:00,20.26930903928892
2026-07-30 11:30:00+00:00,20.26930903928892
2026-07-30 11:35:00+00:00,20.26930903928892
2026-07-30 11:40:00+00:00,20.26930903928892
2026-07-30 11:45:00+00:00,20.26930903928892
2026-07-30 11:50:00+00:00,20.374479986147477
2026-07-30 11:55:00+00:00,20.413226732209424
2026-07-30 12:00:00+00:00,20.188236726539426
2026-07-30 12:05:00+00:00,20.093693215717128
2026-07-30 12:10:00+00:00,19.993518177764873
2026-07-30 12:15:00+00:00,19.806136420566816
2026-07-30 12:20:00+00:00,20.100943589885727
2026-07-30 12:25:00+00:00,19.59095508389879
2026-07-30 12:30:00+00:00,19.898946348964834
2026-07-30 12:35:00+00:00,19.76990730973343
2026-07-30 12:40:00+00:00,19.86831972948762
2026-07-30 12:45:00+00:00,19.527102462079675
2026-07-30 12:50:00+00:00,19.484532904740064
2026-07-30 12:55:00+00:00,19.330218371290524
2026-07-30 13:00:00+00:00,19.33827177069645
2026-07-30 13:05:00+00:00,19.233179659983506
2026-07-30 13:10:00+00:00,18.770660746352235
2026-07-30 13:15:00+00:00,18.666980467270182
2026-07-30 13:20:00+00:00,19.068722310193014
2026-07-30 13:25:00+00:00,18.36795245951171
2026-07-30 13:30:00+00:00,18.125599581381717
2026-07-30 13:35:00+00:00,19.081219920376018
2026-07-30 13:40:00+00:00,18.724022837822556
2026-07-30 13:45:00+00:00,17.64563718208672
2026-07-30 13:50:00+00:00,17.641779436573906
2026-07-30 13:55:00+00:00,17.651678247142737
2026-07-30 14:00:00+00:00,16.945134171967684
2026-07-30 14:05:00+00:00,17.621203492514663
2026-07-30 14:10:00+00:00,16.700656034327093
2026-07-30 14:15:00+00:00,16.36302310566638
2026-07-30 14:20:00+00:00,16.758824347656347
2026-07-30 14:25:00+00:00,16.825024455207043
2026-07-30 14:30:00+00:00,16.65512829074414
2026-07-30 14:35:00+00:00,16.286000142126937
2026-07-30 14:40:00+00:00,16.779534632748998
2026-07-30 14:45:00+00:00,16.766593427104652
2026-07-30 14:50:00+00:00,16.88465551937684
2026-07-30 14:55:00+00:00,17.461128147343334
2026-07-30 15:00:00+00:00,17.424966087983744
2026-07-30 15:05:00+00:00,17.303393989628972
2026-07-30 15:10:00+00:00,17.52323771148852
2026-07-30 15:15:00+00:00,18.088983046482703
2026-07-30 15:20:00+00:00,18.095944958937498
2026-07-30 15:25:00+00:00,18.04558190159076
2026-07-30 15:30:00+00:00,17.402948030528158
2026-07-30 15:35:00+00:00,17.864593166153924
2026-07-30 15:40:00+00:00,18.320825516303056
2026-07-30 15:45:00+00:00,17.399674946837234
2026-07-30 15:50:00+00:00,17.016496896353033
2026-07-30 15:55:00+00:00,16.881088459745346
2026-07-30 16:00:00+00:00,17.279544678209547
2026-07-30 16:05:00+00:00,17.009311144963746
2026-07-30 16:10:00+00:00,17.13089234829094
2026-07-30 16:15:00+00:00,17.607775788971114
2026-07-30 16:20:00+00:00,17.458929123621292
2026-07-30 16:25:00+00:00,17.4940559489415
2026-07-30 16:30:00+00:00,17.345812104723535
2026-07-30 16:35:00+00:00,17.306407844939365
2026-07-30 16:40:00+00:00,17.208046067026117
2026-07-30 16:45:00+00:00,17.08530283522548
2026-07-30 16:50:00+00:00,17.048121992553067
2026-07-30 16:55:00+00:00,17.172696369737206
2026-07-30 17:00:00+00:00,17.385609880571884
2026-07-30 17:05:00+00:00,17.130834629930714
2026-07-30 17:10:00+00:00,17.428128111057084
2026-07-30 17:15:00+00:00,17.514755009797057
2026-07-30 17:20:00+00:00,17.797108253761518
2026-07-30 17:25:00+00:00,17.575763724798133
2026-07-30 17:30:00+00:00,17.321658839666377
2026-07-30 17:35:00+00:00,17.295027232256455
2026-07-30 17:40:00+00:00,17.5365105492462
2026-07-30 17:45:00+00:00,17.282776487347896
2026-07-30 17:50:00+00:00,17.364468883981388
2026-07-30 17:55:00+00:00,17.572077703247835
2026-07-30 18:00:00+00:00,17.44012341488118
2026-07-30 18:05:00+00:00,17.569722405200928
2026-07-30 18:10:00+00:00,17.443550598941194
2026-07-30 18:15:00+00:00,17.134016976059463
2026-07-30 18:20:00+00:00,16.900836694543376
2026-07-30 18:25:00+00:00,16.8666230781234
2026-07-30 18:30:00+00:00,16.183395861476047
2026-07-30 18:35:00+00:00,16.486692724714025
2026-07-30 18:40:00+00:00,16.514562053962923
2026-07-30 18:45:00+00:00,16.690504838826914
2026-07-30 18:50:00+00:00,16.73684147917286
2026-07-30 18:55:00+00:00,16.906848165630517
2026-07-30 19:00:00+00:00,16.500019119930876
2026-07-30 19:05:00+00:00,16.645800407749334
2026-07-30 19:10:00+00:00,16.60509242818823
2026-07-30 19:15:00+00:00,16.581084004583413
2026-07-30 19:20:00+00:00,16.787712341172234
2026-07-30 19:25:00+00:00,16.55458945885452
2026-07-30 19:30:00+00:00,16.71131822732218
2026-07-30 19:35:00+00:00,16.79682923810616
2026-07-30 19:40:00+00:00,16.90495967916127
2026-07-30 19:45:00+00:00,17.21916328788503
2026-07-30 19:50:00+00:00,17.665937341454885
2026-07-30 19:55:00+00:00,17.578382816938987
2026-07-30 20:00:00+00:00,16.84396674276996
2026-07-30 20:05:00+00:00,16.831645243778365
2026-07-30 20:10:00+00:00,17.031534028513967
2026-07-30 20:15:00+00:00,16.843529624107184
2026-07-30 20:20:00+00:00,16.978787551181323
2026-07-30 20:25:00+00:00,16.96802720436668
2026-07-30 20:30:00+00:00,16.973159565147494
2026-07-30 20:35:00+00:00,17.38834127530056
2026-07-30 20:40:00+00:00,17.22588180082361
2026-07-30 20:45:00+00:00,17.208662071915054
2026-07-30 20:50:00+00:00,17.287401116179662
2026-07-30 20:55:00+00:00,17.55491739454738
2026-07-30 21:00:00+00:00,17.77300457623157
2026-07-30 21:05:00+00:00,17.48970794680918
2026-07-30 21:10:00+00:00,17.59234901755629
2026-07-30 21:15:00+00:00,17.123932001147907
2026-07-30 21:20:00+00:00,17.09412265427362
2026-07-30 21:25:00+00:00,17.1925364735587
2026-07-30 21:30:00+00:00,16.20920682483092
2026-07-30 21:35:00+00:00,16.270768573940547
2026-07-30 21:40:00+00:00,16.87933166700613
2026-07-30 21:45:00+00:00,16.809129777565573
2026-07-30 21:50:00+00:00,16.892270158328465
2026-07-30 21:55:00+00:00,17.062783416947497
2026-07-30 22:00:00+00:00,16.928291595477113
2026-07-30 22:05:00+00:00,16.96712497683222
2026-07-30 22:10:00+00:00,16.940606263726515
2026-07-30 22:15:00+00:00,16.959152455934007
2026-07-30 22:20:00+00:00,16.915420721192792
2026-07-30 22:25:00+00:00,16.990160936445037
2026-07-30 22:30:00+00:00,16.895321306964345
2026-07-30 22:35:00+00:00,16.86226458360492
2026-07-30 22:40:00+00:00,16.695179229574514
2026-07-30 22:45:00+00:00,16.676399099914857
2026-07-30 22:50:00+00:00,16.842708564966152
2026-07-30 22:55:00+00:00,17.294493827687557
2026-07-30 23:00:00+00:00,17.526527683214127
2026-07-30 23:05:00+00:00,17.295922504386013
2026-07-30 23:10:00+00:00,17.501377154719716
2026-07-30 23:15:00+00:00,18.359920315656147
2026-07-30 23:20:00+00:00,18.359920315656147
2026-07-30 23:25:00+00:00,18.359920315656147
2026-07-30 23:30:00+00:00,18.359920315656147
2026-07-30 23:35:00+00:00,18.359920315656147
2026-07-30 23:40:00+00:00,18.359920315656147
2026-07-30 23:45:00+00:00,18.359920315656147
2026-07-30 23:50:00+00:00,18.359920315656147
2026-07-30 23:55:00+00:00,18.359920315656147
2026-07-31 00:00:00+00:00,18.359920315656147
2026-07-31 00:05:00+00:00,18.359920315656147
2026-07-31 00:10:00+00:00,18.359920315656147
2026-07-31 00:15:00+00:00,18.359920315656147
2026-07-31 00:20:00+00:00,18.359920315656147
2026-07-31 00:25:00+00:00,18.359920315656147
2026-07-31 00:30:00+00:00,18.359920315656147
2026-07-31 00:35:00+00:00,18.359920315656147
2026-07-31 00:40:00+00:00,18.359920315656147
2026-07-31 00:45:00+00:00,18.359920315656147
2026-07-31 00:50:00+00:00,18.359920315656147
2026-07-31 00:55:00+00:00,18.359920315656147
2026-07-31 01:00:00+00:00,18.359920315656147
2026-07-31 01:05:00+00:00,18.359920315656147
2026-07-31 01:10:00+00:00,18.359920315656147
2026-07-31 01:15:00+00:00,18.359920315656147
2026-07-31 01:20:00+00:00,18.359920315656147
2026-07-31 01:25:00+00:00,18.359920315656147
2026-07-31 01:30:00+00:00,18.359920315656147
2026-07-31 01:35:00+00:00,18.359920315656147
2026-07-31 01:40:00+00:00,18.359920315656147
2026-07-31 01:45:00+00:00,18.359920315656147
2026-07-31 01:50:00+00:00,18.359920315656147
2026-07-31 01:55:00+00:00,18.359920315656147
2026-07-31 02:00:00+00:00,18.359920315656147
2026-07-31 02:05:00+00:00,18.359920315656147
2026-07-31 02:10:00+00:00,18.359920315656147
2026-07-31 02:15:00+00:00,18.359920315656147
2026-07-31 02:20:00+00:00,18.359920315656147
2026-07-31 02:25:00+00:00,18.359920315656147
2026-07-31 02:30:00+00:00,18.359920315656147
2026-07-31 02:35:00+00:00,18.359920315656147
2026-07-31 02:40:00+00:00,18.359920315656147
2026-07-31 02:45:00+00:00,18.359920315656147
2026-07-31 02:50:00+00:00,18.359920315656147
2026-07-31 02:55:00+00:00,18.359920315656147
2026-07-31 03:00:00+00:00,18.359920315656147
2026-07-31 03:05:00+00:00,18.359920315656147
2026-07-31 03:10:00+00:00,18.359920315656147
2026-07-31 03:15:00+00:00,18.359920315656147
2026-07-31 03:20:00+00:00,18.359920315656147
2026-07-31 03:25:00+00:00,18.359920315656147
2026-07-31 03:30:00+00:00,18.359920315656147
2026-07-31 03:35:00+00:00,18.359920315656147
2026-07-31 03:40:00+00:00,18.359920315656147
2026-07-31 03:45:00+00:00,18.359920315656147
2026-07-31 03:50:00+00:00,18.359920315656147
2026-07-31 03:55:00+00:00,18.359920315656147
2026-07-31 04:00:00+00:00,18.359920315656147
2026-07-31 04:05:00+00:00,18.359920315656147
2026-07-31 04:10:00+00:00,18.359920315656147
2026-07-31 04:15:00+00:00,18.359920315656147
2026-07-31 04:20:00+00:00,18.359920315656147
2026-07-31 04:25:00+00:00,18.359920315656147
2026-07-31 04:30:00+00:00,18.359920315656147
2026-07-31 04:35:00+00:00,18.359920315656147
2026-07-31 04:40:00+00:00,18.359920315656147
2026-07-31 04:45:00+00:00,18.359920315656147
2026-07-31 04:50:00+00:00,18.359920315656147
2026-07-31 04:55:00+00:00,18.359920315656147
2026-07-31 05:00:00+00:00,18.359920315656147
2026-07-31 05:05:00+00:00,18.359920315656147
2026-07-31 05:10:00+00:00,18.359920315656147
2026-07-31 05:15:00+00:00,18.359920315656147
2026-07-31 05:20:00+00:00,18.359920315656147
2026-07-31 05:25:00+00:00,18.359920315656147
2026-07-31 05:30:00+00:00,18.359920315656147
2026-07-31 05:35:00+00:00,18.359920315656147
2026-07-31 05:40:00+00:00,18.359920315656147
2026-07-31 05:45:00+00:00,18.359920315656147
2026-07-31 05:50:00+00:00,18.359920315656147
2026-07-31 05:55:00+00:00,18.359920315656147
2026-07-31 06:00:00+00:00,18.359920315656147
2026-07-31 06:05:00+00:00,18.359920315656147
2026-07-31 06:10:00+00:00,18.359920315656147
2026-07-31 06:15:00+00:00,18.359920315656147
2026-07-31 06:20:00+00:00,18.359920315656147
2026-07-31 06:25:00+00:00,18.359920315656147
2026-07-31 06:30:00+00:00,18.359920315656147
2026-07-31 06:35:00+00:00,18.3890740933991
2026-07-31 06:40:00+00:00,18.411257499908157
2026-07-31 06:45:00+00:00,17.09853312335788
2026-07-31 06:50:00+00:00,17.985151306984953
2026-07-31 06:55:00+00:00,17.25404707534977
2026-07-31 07:00:00+00:00,17.535896808651824
2026-07-31 07:05:00+00:00,17.44126019511723
2026-07-31 07:10:00+00:00,17.699517397386938
2026-07-31 07:15:00+00:00,17.97178014440069
2026-07-31 07:20:00+00:00,18.237302152351603
2026-07-31 07:25:00+00:00,18.26220998252031
2026-07-31 07:30:00+00:00,18.319106085193987
2026-07-31 07:35:00+00:00,18.013181251736526
2026-07-31 07:40:00+00:00,18.255771930831838
2026-07-31 07:45:00+00:00,18.239474003733985
2026-07-31 07:50:00+00:00,18.223009882532942
2026-07-31 07:55:00+00:00,17.96362367568612
2026-07-31 08:00:00+00:00,17.862237814145242
2026-07-31 08:05:00+00:00,17.70171133871321
2026-07-31 08:10:00+00:00,17.763906292112996
2026-07-31 08:15:00+00:00,17.645091596350436
2026-07-31 08:20:00+00:00,17.602532135843617
2026-07-31 08:25:00+00:00,18.131407700609635
2026-07-31 08:30:00+00:00,18.194997355993902
2026-07-31 08:35:00+00:00,18.197724513755475
2026-07-31 08:40:00+00:00,18.155429898847707
2026-07-31 08:45:00+00:00,18.438588236418884
2026-07-31 08:50:00+00:00,18.475934674396854
2026-07-31 08:55:00+00:00,18.419749480525137
2026-07-31 09:00:00+00:00,18.763996693402362
2026-07-31 09:05:00+00:00,18.436694305322575
2026-07-31 09:10:00+00:00,18.68428573807226
2026-07-31 09:15:00+00:00,18.78875003553928
2026-07-31 09:20:00+00:00,18.73912844273884
2026-07-31 09:25:00+00:00,18.44771645536254
2026-07-31 09:30:00+00:00,18.126378691685495
2026-07-31 09:35:00+00:00,18.484804841914947
2026-07-31 09:40:00+00:00,18.88999335869015
2026-07-31 09:45:00+00:00,18.748511619247953
2026-07-31 09:50:00+00:00,18.773840529495022
2026-07-31 09:55:00+00:00,18.55119463397472
2026-07-31 10:00:00+00:00,18.430183659993403
2026-07-31 10:05:00+00:00,18.893294880913402
2026-07-31 10:10:00+00:00,18.978539350178213
2026-07-31 10:15:00+00:00,18.805264813612443
2026-07-31 10:20:00+00:00,18.89419740730125
2026-07-31 10:25:00+00:00,18.961450674694035
2026-07-31 10:30:00+00:00,18.865480117010524
2026-07-31 10:35:00+00:00,18.8428075730082
2026-07-31 10:40:00+00:00,18.617086965032325
2026-07-31 10:45:00+00:00,18.43431130615507
2026-07-31 10:50:00+00:00,18.65675691303059
2026-07-31 10:55:00+00:00,18.38715840497642
2026-07-31 11:00:00+00:00,18.696508004915668
2026-07-31 11:05:00+00:00,18.8408383672644
2026-07-31 11:10:00+00:00,19.235796765623835
2026-07-31 11:15:00+00:00,19.187979559379297
2026-07-31 11:20:00+00:00,19.25325368469386
2026-07-31 11:25:00+00:00,19.406844616645213
2026-07-31 11:30:00+00:00,19.218911248431002
2026-07-31 11:35:00+00:00,19.173712269689712
2026-07-31 11:40:00+00:00,19.117426594354757
2026-07-31 11:45:00+00:00,18.992117845156663
2026-07-31 11:50:00+00:00,18.907040643442418
2026-07-31 11:55:00+00:00,19.108250308739837
2026-07-31 12:00:00+00:00,19.191307491794806
2026-07-31 12:05:00+00:00,19.22669422066374
2026-07-31 12:10:00+00:00,19.00897688305305
2026-07-31 12:15:00+00:00,19.236735004405702
2026-07-31 12:20:00+00:00,19.117602928433385
2026-07-31 12:25:00+00:00,19.352438052294406
2026-07-31 12:30:00+00:00,19.247456011049756
2026-07-31 12:35:00+00:00,19.393909691896404
2026-07-31 12:40:00+00:00,18.980631565112226
2026-07-31 12:45:00+00:00,19.232708660744912
2026-07-31 12:50:00+00:00,19.176539252216894
2026-07-31 12:55:00+00:00,19.424818813434563
2026-07-31 13:00:00+00:00,19.499159825283762
2026-07-31 13:05:00+00:00,20.047161206674268
2026-07-31 13:10:00+00:00,20.047161206674268
2026-07-31 13:15:00+00:00,20.047161206674268
2026-07-31 13:20:00+00:00,20.047161206674268
2026-07-31 13:25:00+00:00,20.047161206674268
2026-07-31 13:30:00+00:00,20.047161206674268
2026-07-31 13:35:00+00:00,20.047161206674268
2026-07-31 13:40:00+00:00,20.047161206674268
2026-07-31 13:45:00+00:00,20.047161206674268
2026-07-31 13:50:00+00:00,20.047161206674268
2026-07-31 13:55:00+00:00,20.047161206674268
2026-07-31 14:00:00+00:00,20.047161206674268
2026-07-31 14:05:00+00:00,20.047161206674268
2026-07-31 14:10:00+00:00,20.047161206674268
2026-07-31 14:15:00+00:00,20.047161206674268
2026-07-31 14:20:00+00:00,20.047161206674268
2026-07-31 14:25:00+00:00,20.047161206674268
2026-07-31 14:30:00+00:00,20.047161206674268
2026-07-31 14:35:00+00:00,20.047161206674268
2026-07-31 14:40:00+00:00,20.047161206674268
2026-07-31 14:45:00+00:00,20.047161206674268
2026-07-31 14:50:00+00:00,20.047161206674268
2026-07-31 14:55:00+00:00,20.047161206674268
2026-07-31 15:00:00+00:00,20.047161206674268
2026-07-31 15:05:00+00:00,20.047161206674268
2026-07-31 15:10:00+00:00,20.047161206674268
2026-07-31 15:15:00+00:00,20.047161206674268
2026-07-31 15:20:00+00:00,20.047161206674268
2026-07-31 15:25:00+00:00,20.047161206674268
2026-07-31 15:30:00+00:00,20.047161206674268
2026-07-31 15:35:00+00:00,20.047161206674268
2026-07-31 15:40:00+00:00,20.047161206674268
2026-07-31 15:45:00+00:00,20.047161206674268
2026-07-31 15:50:00+00:00,20.047161206674268
2026-07-31 15:55:00+00:00,20.047161206674268
2026-07-31 16:00:00+00:00,20.047161206674268
2026-07-31 16:05:00+00:00,20.047161206674268
2026-07-31 16:10:00+00:00,20.047161206674268
2026-07-31 16:15:00+00:00,20.047161206674268
2026-07-31 16:20:00+00:00,20.047161206674268
2026-07-31 16:25:00+00:00,20.047161206674268
2026-07-31 16:30:00+00:00,20.047161206674268
2026-07-31 16:35:00+00:00,20.047161206674268
2026-07-31 16:40:00+00:00,20.047161206674268
2026-07-31 16:45:00+00:00,20.047161206674268
2026-07-31 16:50:00+00:00,20.047161206674268
2026-07-31 16:55:00+00:00,20.047161206674268
2026-07-31 17:00:00+00:00,20.047161206674268
2026-07-31 17:05:00+00:00,20.047161206674268
2026-07-31 17:10:00+00:00,20.047161206674268
2026-07-31 17:15:00+00:00,20.047161206674268
2026-07-31 17:20:00+00:00,20.047161206674268
2026-07-31 17:25:00+00:00,20.047161206674268
2026-07-31 17:30:00+00:00,20.047161206674268
2026-07-31 17:35:00+00:00,20.047161206674268
2026-07-31 17:40:00+00:00,20.047161206674268
2026-07-31 17:45:00+00:00,20.047161206674268
2026-07-31 17:50:00+00:00,20.047161206674268
2026-07-31 17:55:00+00:00,20.047161206674268
2026-07-31 18:00:00+00:00,20.047161206674268
2026-07-31 18:05:00+00:00,20.047161206674268
2026-07-31 18:10:00+00:00,20.047161206674268
2026-07-31 18:15:00+00:00,20.047161206674268
2026-07-31 18:20:00+00:00,20.047161206674268
2026-07-31 18:25:00+00:00,20.047161206674268
2026-07-31 18:30:00+00:00,20.047161206674268
2026-07-31 18:35:00+00:00,20.047161206674268
2026-07-31 18:40:00+00:00,20.047161206674268
2026-07-31 18:45:00+00:00,20.047161206674268
2026-07-31 18:50:00+00:00,20.047161206674268
2026-07-31 18:55:00+00:00,20.047161206674268
2026-07-31 19:00:00+00:00,20.047161206674268
2026-07-31 19:05:00+00:00,20.047161206674268
2026-07-31 19:10:00+00:00,20.047161206674268
2026-07-31 19:15:00+00:00,20.047161206674268
2026-07-31 19:20:00+00:00,20.047161206674268
2026-07-31 19:25:00+00:00,20.047161206674268
2026-07-31 19:30:00+00:00,20.047161206674268
2026-07-31 19:35:00+00:00,20.047161206674268
2026-07-31 19:40:00+00:00,20.047161206674268
2026-07-31 19:45:00+00:00,20.047161206674268
2026-07-31 19:50:00+00:00,20.047161206674268
2026-07-31 19:55:00+00:00,20.047161206674268
2026-07-31 20:00:00+00:00,20.047161206674268
2026-07-31 20:05:00+00:00,20.047161206674268
2026-07-31 20:10:00+00:00,20.047161206674268
2026-07-31 20:15:00+00:00,20.047161206674268
2026-07-31 20:20:00+00:00,20.047161206674268
2026-07-31 20:25:00+00:00,20.047161206674268
2026-07-31 20:30:00+00:00,20.047161206674268
2026-07-31 20:35:00+00:00,20.047161206674268
2026-07-31 20:40:00+00:00,20.047161206674268
2026-07-31 20:45:00+00:00,20.047161206674268
2026-07-31 20:50:00+00:00,20.047161206674268
2026-07-31 20:55:00+00:00,20.047161206674268
2026-07-31 21:00:00+00:00,20.047161206674268
2026-07-31 21:05:00+00:00,20.047161206674268
2026-07-31 21:10:00+00:00,20.047161206674268
2026-07-31 21:15:00+00:00,20.047161206674268
2026-07-31 21:20:00+00:00,20.047161206674268
2026-07-31 21:25:00+00:00,20.047161206674268
2026-07-31 21:30:00+00:00,20.047161206674268
2026-07-31 21:35:00+00:00,20.047161206674268
2026-07-31 21:40:00+00:00,20.047161206674268
2026-07-31 21:45:00+00:00,20.047161206674268
2026-07-31 21:50:00+00:00,20.047161206674268
2026-07-31 21:55:00+00:00,20.047161206674268
2026-07-31 22:00:00+00:00,20.047161206674268
2026-07-31 22:05:00+00:00,20.047161206674268
2026-07-31 22:10:00+00:00,20.047161206674268
2026-07-31 22:15:00+00:00,20.047161206674268
2026-07-31 22:20:00+00:00,20.047161206674268
2026-07-31 22:25:00+00:00,20.047161206674268
2026-07-31 22:30:00+00:00,20.047161206674268
2026-07-31 22:35:00+00:00,20.047161206674268
2026-07-31 22:40:00+00:00,20.047161206674268
2026-07-31 22:45:00+00:00,20.047161206674268
2026-07-31 22:50:00+00:00,20.047161206674268
2026-07-31 22:55:00+00:00,20.047161206674268
2026-07-31 23:00:00+00:00,20.047161206674268
2026-07-31 23:05:00+00:00,20.047161206674268
2026-07-31 23:10:00+00:00,20.047161206674268
2026-07-31 23:15:00+00:00,20.047161206674268
2026-07-31 23:20:00+00:00,20.047161206674268
2026-07-31 23:25:00+00:00,20.047161206674268
2026-07-31 23:30:00+00:00,20.047161206674268
2026-07-31 23:35:00+00:00,20.047161206674268
2026-07-31 23:40:00+00:00,20.047161206674268
2026-07-31 23:45:00+00:00,20.047161206674268
2026-07-31 23:50:00+00:00,20.047161206674268
2026-07-31 23:55:00+00:00,20.047161206674268
2026-08-01 00:00:00+00:00,20.047161206674268
2026-08-01 00:05:00+00:00,20.047161206674268
2026-08-01 00:10:00+00:00,20.047161206674268
2026-08-01 00:15:00+00:00,20.047161206674268
2026-08-01 00:20:00+00:00,20.047161206674268
2026-08-01 00:25:00+00:00,20.047161206674268
2026-08-01 00:30:00+00:00,20.047161206674268
2026-08-01 00:35:00+00:00,20.047161206674268
2026-08-01 00:40:00+00:00,20.047161206674268
2026-08-01 00:45:00+00:00,20.047161206674268
2026-08-01 00:50:00+00:00,20.047161206674268
2026-08-01 00:55:00+00:00,20.047161206674268
2026-08-01 01:00:00+00:00,20.047161206674268
2026-08-01 01:05:00+00:00,20.047161206674268
2026-08-01 01:10:00+00:00,20.047161206674268
2026-08-01 01:15:00+00:00,20.047161206674268
2026-08-01 01:20:00+00:00,20.047161206674268
2026-08-01 01:25:00+00:00,20.047161206674268
2026-08-01 01:30:00+00:00,20.047161206674268
2026-08-01 01:35:00+00:00,20.047161206674268
2026-08-01 01:40:00+00:00,20.047161206674268
2026-08-01 01:45:00+00:00,20.047161206674268
2026-08-01 01:50:00+00:00,20.047161206674268
2026-08-01 01:55:00+00:00,20.047161206674268
2026-08-01 02:00:00+00:00,20.047161206674268
2026-08-01 02:05:00+00:00,20.047161206674268
2026-08-01 02:10:00+00:00,20.047161206674268
2026-08-01 02:15:00+00:00,20.047161206674268
2026-08-01 02:20:00+00:00,20.047161206674268
2026-08-01 02:25:00+00:00,20.047161206674268
2026-08-01 02:30:00+00:00,20.047161206674268
2026-08-01 02:35:00+00:00,20.047161206674268
2026-08-01 02:40:00+00:00,20.047161206674268
2026-08-01 02:45:00+00:00,20.047161206674268
2026-08-01 02:50:00+00:00,20.047161206674268
2026-08-01 02:55:00+00:00,20.047161206674268
2026-08-01 03:00:00+00:00,20.047161206674268
2026-08-01 03:05:00+00:00,20.047161206674268
2026-08-01 03:10:00+00:00,20.047161206674268
2026-08-01 03:15:00+00:00,20.047161206674268
2026-08-01 03:20:00+00:00,20.047161206674268
2026-08-01 03:25:00+00:00,20.047161206674268
