ts,kr,us,fx
2026-07-10 15:50:00+00:00,1498.85,171.61,1501.0
2026-07-10 15:55:00+00:00,1494.12,171.68,1500.510009765625
2026-07-10 16:00:00+00:00,1493.19,174.86,1500.56005859375
2026-07-10 16:05:00+00:00,1480.26,173.48,1500.3299560546875
2026-07-10 16:10:00+00:00,1480.88,174.67,1500.5699462890625
2026-07-10 16:15:00+00:00,1467.94,173.66,1500.52001953125
2026-07-10 16:20:00+00:00,1466.36,175.0,1500.72998046875
2026-07-10 16:25:00+00:00,1464.6,174.38,1500.68994140625
2026-07-10 16:30:00+00:00,1463.8,174.04,1501.3800048828125
2026-07-10 16:35:00+00:00,1457.85,173.21,1500.5799560546875
2026-07-10 16:40:00+00:00,1477.85,173.15,1501.3199462890625
2026-07-10 16:45:00+00:00,1486.06,174.35,1500.719970703125
2026-07-10 16:50:00+00:00,1485.91,174.29,1501.0799560546875
2026-07-10 16:55:00+00:00,1479.76,173.36,1501.0799560546875
2026-07-10 17:00:00+00:00,1478.45,172.5,1502.3699951171875
2026-07-10 17:05:00+00:00,1481.48,172.45,1501.949951171875
2026-07-10 17:10:00+00:00,1483.74,172.44,1500.3800048828125
2026-07-10 17:15:00+00:00,1483.79,172.17,1502.4599609375
2026-07-10 17:20:00+00:00,1481.21,171.0,1502.0400390625
2026-07-10 17:25:00+00:00,1484.24,171.11,1501.780029296875
2026-07-10 17:30:00+00:00,1487.44,171.58,1501.68994140625
2026-07-10 17:35:00+00:00,1489.7,171.13,1501.719970703125
2026-07-10 17:40:00+00:00,1492.16,170.8,1501.8399658203125
2026-07-10 17:45:00+00:00,1489.46,170.9,1501.6500244140625
2026-07-10 17:50:00+00:00,1487.23,170.62,1501.6600341796875
2026-07-10 17:55:00+00:00,1488.69,170.88,1501.510009765625
2026-07-10 18:00:00+00:00,1488.05,170.76,1501.199951171875
2026-07-10 18:05:00+00:00,1483.1,169.94,1501.1500244140625
2026-07-10 18:10:00+00:00,1481.19,169.03,1501.06005859375
2026-07-10 18:15:00+00:00,1474.91,168.04,1500.81005859375
2026-07-10 18:20:00+00:00,1482.53,169.31,1501.050048828125
2026-07-10 18:25:00+00:00,1480.01,169.34,1500.800048828125
2026-07-10 18:30:00+00:00,1481.64,168.77,1500.5899658203125
2026-07-10 18:35:00+00:00,1478.37,168.31,1501.219970703125
2026-07-10 18:40:00+00:00,1477.15,167.9,1500.719970703125
2026-07-10 18:45:00+00:00,1480.84,168.68,1500.81005859375
2026-07-10 18:50:00+00:00,1479.44,168.67,1500.81005859375
2026-07-10 18:55:00+00:00,1483.08,169.5,1500.75
2026-07-10 19:00:00+00:00,1481.95,168.81,1500.81005859375
2026-07-10 19:05:00+00:00,1483.33,169.02,1500.9000244140625
2026-07-10 19:10:00+00:00,1484.61,169.43,1500.9300537109375
2026-07-10 19:15:00+00:00,1484.82,169.77,1500.489990234375
2026-07-10 19:20:00+00:00,1485.79,169.8,1500.9300537109375
2026-07-10 19:25:00+00:00,1484.41,169.9,1500.97998046875
2026-07-10 19:30:00+00:00,1479.36,168.77,1500.949951171875
2026-07-10 19:35:00+00:00,1481.21,168.73,1500.81005859375
2026-07-10 19:40:00+00:00,1481.5,168.87,1500.719970703125
2026-07-10 19:45:00+00:00,1484.37,169.75,1500.93994140625
2026-07-10 19:50:00+00:00,1477.23,168.14,1500.510009765625
2026-07-10 19:55:00+00:00,1477.82,168.36,1499.739990234375
2026-07-10 20:00:00+00:00,1475.95,168.17,1500.0699462890625
2026-07-10 20:05:00+00:00,1477.59,168.28,1499.5
2026-07-10 20:10:00+00:00,1479.85,168.86,1499.8800048828125
2026-07-10 20:15:00+00:00,1479.33,168.96,1499.9300537109375
2026-07-10 20:20:00+00:00,1481.17,169.25,1499.6500244140625
2026-07-10 20:25:00+00:00,1481.09,169.19,1499.6800537109375
2026-07-10 20:30:00+00:00,1482.44,169.52,1499.3599853515625
2026-07-10 20:35:00+00:00,1481.78,169.46,1499.9300537109375
2026-07-10 20:40:00+00:00,1482.63,169.22,1499.6700439453125
2026-07-10 20:45:00+00:00,1482.43,169.32,1499.8199462890625
2026-07-10 20:50:00+00:00,1482.43,169.42,1499.800048828125
2026-07-10 20:55:00+00:00,1480.05,169.32,1498.8699951171875
2026-07-10 21:00:00+00:00,1478.62,169.29,1498.8699951171875
2026-07-10 21:05:00+00:00,1477.86,169.45,1498.8699951171875
2026-07-10 21:10:00+00:00,1474.81,169.37,1498.8699951171875
2026-07-10 21:15:00+00:00,1476.67,169.41,1498.8699951171875
2026-07-10 21:20:00+00:00,1477.5,169.9,1498.8699951171875
2026-07-10 21:25:00+00:00,1476.21,169.84,1498.8699951171875
2026-07-10 21:30:00+00:00,1473.53,169.84,1498.8699951171875
2026-07-10 21:35:00+00:00,1474.93,169.76,1498.8699951171875
2026-07-10 21:40:00+00:00,1477.94,169.75,1498.8699951171875
2026-07-10 21:45:00+00:00,1478.58,169.9,1498.8699951171875
2026-07-10 21:50:00+00:00,1478.41,170.03,1498.8699951171875
2026-07-10 21:55:00+00:00,1477.3,170.0,1498.8699951171875
2026-07-10 22:00:00+00:00,1475.5,169.9,1498.8699951171875
2026-07-10 22:05:00+00:00,1477.51,170.28,1498.8699951171875
2026-07-10 22:10:00+00:00,1478.32,170.05,1498.8699951171875
2026-07-10 22:15:00+00:00,1477.02,169.95,1498.8699951171875
2026-07-10 22:20:00+00:00,1477.21,169.89,1498.8699951171875
2026-07-10 22:25:00+00:00,1475.28,169.76,1498.8699951171875
2026-07-10 22:30:00+00:00,1472.49,169.83,1498.8699951171875
2026-07-10 22:35:00+00:00,1471.92,170.28,1498.8699951171875
2026-07-10 22:40:00+00:00,1472.85,170.23,1498.8699951171875
2026-07-10 22:45:00+00:00,1474.2,170.26,1498.8699951171875
2026-07-10 22:50:00+00:00,1476.61,170.8,1498.8699951171875
2026-07-10 22:55:00+00:00,1477.18,170.83,1498.8699951171875
2026-07-10 23:00:00+00:00,1478.07,171.54,1498.8699951171875
2026-07-10 23:05:00+00:00,1479.97,171.85,1498.8699951171875
2026-07-10 23:10:00+00:00,1480.94,171.69,1498.8699951171875
2026-07-10 23:15:00+00:00,1479.02,171.5,1498.8699951171875
2026-07-10 23:20:00+00:00,1479.39,171.89,1498.8699951171875
2026-07-10 23:25:00+00:00,1477.01,172.92,1498.8699951171875
2026-07-10 23:30:00+00:00,1475.38,172.75,1498.8699951171875
2026-07-10 23:35:00+00:00,1475.41,172.6,1498.8699951171875
2026-07-10 23:40:00+00:00,1475.54,172.86,1498.8699951171875
2026-07-10 23:45:00+00:00,1478.92,172.99,1498.8699951171875
2026-07-10 23:50:00+00:00,1479.62,172.23,1498.8699951171875
2026-07-10 23:55:00+00:00,1480.68,171.49,1498.8699951171875
2026-07-11 00:00:00+00:00,1482.5,171.02,1498.8699951171875
2026-07-11 00:05:00+00:00,1482.73,171.93,1498.8699951171875
2026-07-11 00:10:00+00:00,1485.59,172.36,1498.8699951171875
2026-07-11 00:15:00+00:00,1481.6,171.72,1498.8699951171875
2026-07-11 00:20:00+00:00,1477.3,172.12,1498.8699951171875
2026-07-11 00:25:00+00:00,1478.01,171.75,1498.8699951171875
2026-07-11 00:30:00+00:00,1477.02,171.53,1498.8699951171875
2026-07-11 00:35:00+00:00,1477.31,171.29,1498.8699951171875
2026-07-11 00:40:00+00:00,1477.14,171.86,1498.8699951171875
2026-07-11 00:45:00+00:00,1475.32,171.42,1498.8699951171875
2026-07-11 00:50:00+00:00,1475.05,171.48,1498.8699951171875
2026-07-11 00:55:00+00:00,1474.81,171.47,1498.8699951171875
2026-07-11 01:00:00+00:00,1475.45,172.06,1498.8699951171875
2026-07-11 01:05:00+00:00,1476.36,172.33,1498.8699951171875
2026-07-11 01:10:00+00:00,1475.39,171.88,1498.8699951171875
2026-07-11 01:15:00+00:00,1475.18,172.22,1498.8699951171875
2026-07-11 01:20:00+00:00,1473.67,171.9,1498.8699951171875
2026-07-11 01:25:00+00:00,1473.8,171.94,1498.8699951171875
2026-07-11 01:30:00+00:00,1474.1,172.03,1498.8699951171875
2026-07-11 01:35:00+00:00,1473.02,171.77,1498.8699951171875
2026-07-11 01:40:00+00:00,1468.54,171.24,1498.8699951171875
2026-07-11 01:45:00+00:00,1468.63,171.16,1498.8699951171875
2026-07-11 01:50:00+00:00,1471.17,171.29,1498.8699951171875
2026-07-11 01:55:00+00:00,1471.13,171.11,1498.8699951171875
2026-07-11 02:00:00+00:00,1470.5,171.29,1498.8699951171875
2026-07-11 02:05:00+00:00,1472.25,171.33,1498.8699951171875
2026-07-11 02:10:00+00:00,1476.48,171.75,1498.8699951171875
2026-07-11 02:15:00+00:00,1478.29,171.69,1498.8699951171875
2026-07-11 02:20:00+00:00,1478.38,172.08,1498.8699951171875
2026-07-11 02:25:00+00:00,1477.65,171.91,1498.8699951171875
2026-07-11 02:30:00+00:00,1476.9,171.9,1498.8699951171875
2026-07-11 02:35:00+00:00,1475.47,171.74,1498.8699951171875
2026-07-11 02:40:00+00:00,1478.2,172.16,1498.8699951171875
2026-07-11 02:45:00+00:00,1478.25,171.84,1498.8699951171875
2026-07-11 02:50:00+00:00,1479.78,172.06,1498.8699951171875
2026-07-11 02:55:00+00:00,1478.18,171.8,1498.8699951171875
2026-07-11 03:00:00+00:00,1477.85,171.67,1498.8699951171875
2026-07-11 03:05:00+00:00,1480.7,171.51,1498.8699951171875
2026-07-11 03:10:00+00:00,1479.31,171.34,1498.8699951171875
2026-07-11 03:15:00+00:00,1480.4,171.43,1498.8699951171875
2026-07-11 03:20:00+00:00,1481.92,171.32,1498.8699951171875
2026-07-11 03:25:00+00:00,1479.24,171.39,1498.8699951171875
2026-07-11 03:30:00+00:00,1479.89,171.43,1498.8699951171875
2026-07-11 03:35:00+00:00,1479.47,170.91,1498.8699951171875
2026-07-11 03:40:00+00:00,1479.41,170.91,1498.8699951171875
2026-07-11 03:45:00+00:00,1478.96,170.93,1498.8699951171875
2026-07-11 03:50:00+00:00,1477.16,170.98,1498.8699951171875
2026-07-11 03:55:00+00:00,1477.0,171.03,1498.8699951171875
2026-07-11 04:00:00+00:00,1478.56,171.0,1498.8699951171875
2026-07-11 04:05:00+00:00,1478.67,170.69,1498.8699951171875
2026-07-11 04:10:00+00:00,1478.72,170.96,1498.8699951171875
2026-07-11 04:15:00+00:00,1479.12,170.92,1498.8699951171875
2026-07-11 04:20:00+00:00,1476.7,170.8,1498.8699951171875
2026-07-11 04:25:00+00:00,1475.47,170.7,1498.8699951171875
2026-07-11 04:30:00+00:00,1472.5,170.64,1498.8699951171875
2026-07-11 04:35:00+00:00,1474.75,170.94,1498.8699951171875
2026-07-11 04:40:00+00:00,1473.93,170.64,1498.8699951171875
2026-07-11 04:45:00+00:00,1474.44,170.8,1498.8699951171875
2026-07-11 04:50:00+00:00,1474.6,170.8,1498.8699951171875
2026-07-11 04:55:00+00:00,1474.75,170.86,1498.8699951171875
2026-07-11 05:00:00+00:00,1475.32,170.82,1498.8699951171875
2026-07-11 05:05:00+00:00,1474.16,170.66,1498.8699951171875
2026-07-11 05:10:00+00:00,1474.14,170.83,1498.8699951171875
2026-07-11 05:15:00+00:00,1475.6,170.77,1498.8699951171875
2026-07-11 05:20:00+00:00,1476.81,170.86,1498.8699951171875
2026-07-11 05:25:00+00:00,1477.6,170.86,1498.8699951171875
2026-07-11 05:30:00+00:00,1477.24,170.84,1498.8699951171875
2026-07-11 05:35:00+00:00,1476.92,170.84,1498.8699951171875
2026-07-11 05:40:00+00:00,1477.36,170.83,1498.8699951171875
2026-07-11 05:45:00+00:00,1476.73,170.71,1498.8699951171875
2026-07-11 05:50:00+00:00,1477.78,170.76,1498.8699951171875
2026-07-11 05:55:00+00:00,1477.37,170.67,1498.8699951171875
2026-07-11 06:00:00+00:00,1478.06,170.84,1498.8699951171875
2026-07-11 06:05:00+00:00,1477.85,170.81,1498.8699951171875
2026-07-11 06:10:00+00:00,1477.69,170.84,1498.8699951171875
2026-07-11 06:15:00+00:00,1477.88,170.67,1498.8699951171875
2026-07-11 06:20:00+00:00,1478.65,170.78,1498.8699951171875
2026-07-11 06:25:00+00:00,1478.02,170.75,1498.8699951171875
2026-07-11 06:30:00+00:00,1477.36,170.73,1498.8699951171875
2026-07-11 06:35:00+00:00,1477.37,170.78,1498.8699951171875
2026-07-11 06:40:00+00:00,1477.97,170.52,1498.8699951171875
2026-07-11 06:45:00+00:00,1478.75,170.55,1498.8699951171875
2026-07-11 06:50:00+00:00,1481.37,170.69,1498.8699951171875
2026-07-11 06:55:00+00:00,1479.24,170.51,1498.8699951171875
2026-07-11 07:00:00+00:00,1478.84,170.61,1498.8699951171875
2026-07-11 07:05:00+00:00,1479.49,170.64,1498.8699951171875
2026-07-11 07:10:00+00:00,1480.41,170.62,1498.8699951171875
2026-07-11 07:15:00+00:00,1481.02,170.66,1498.8699951171875
2026-07-11 07:20:00+00:00,1480.95,170.7,1498.8699951171875
2026-07-11 07:25:00+00:00,1480.0,170.6,1498.8699951171875
2026-07-11 07:30:00+00:00,1477.91,170.61,1498.8699951171875
2026-07-11 07:35:00+00:00,1478.19,170.7,1498.8699951171875
2026-07-11 07:40:00+00:00,1477.92,170.73,1498.8699951171875
2026-07-11 07:45:00+00:00,1477.84,170.6,1498.8699951171875
2026-07-11 07:50:00+00:00,1477.46,170.66,1498.8699951171875
2026-07-11 07:55:00+00:00,1478.52,170.55,1498.8699951171875
2026-07-11 08:00:00+00:00,1477.91,170.25,1498.8699951171875
2026-07-11 08:05:00+00:00,1477.78,170.43,1498.8699951171875
2026-07-11 08:10:00+00:00,1477.97,170.5,1498.8699951171875
2026-07-11 08:15:00+00:00,1480.03,170.76,1498.8699951171875
2026-07-11 08:20:00+00:00,1479.22,170.82,1498.8699951171875
2026-07-11 08:25:00+00:00,1479.45,170.84,1498.8699951171875
2026-07-11 08:30:00+00:00,1478.6,170.74,1498.8699951171875
2026-07-11 08:35:00+00:00,1478.4,170.8,1498.8699951171875
2026-07-11 08:40:00+00:00,1478.54,170.75,1498.8699951171875
2026-07-11 08:45:00+00:00,1478.68,170.72,1498.8699951171875
2026-07-11 08:50:00+00:00,1478.99,170.69,1498.8699951171875
2026-07-11 08:55:00+00:00,1478.3,170.73,1498.8699951171875
2026-07-11 09:00:00+00:00,1477.11,170.64,1498.8699951171875
2026-07-11 09:05:00+00:00,1477.05,170.72,1498.8699951171875
2026-07-11 09:10:00+00:00,1477.08,170.48,1498.8699951171875
2026-07-11 09:15:00+00:00,1477.48,170.61,1498.8699951171875
2026-07-11 09:20:00+00:00,1479.05,170.71,1498.8699951171875
2026-07-11 09:25:00+00:00,1481.22,170.83,1498.8699951171875
2026-07-11 09:30:00+00:00,1482.14,170.88,1498.8699951171875
2026-07-11 09:35:00+00:00,1480.01,170.83,1498.8699951171875
2026-07-11 09:40:00+00:00,1479.19,170.74,1498.8699951171875
2026-07-11 09:45:00+00:00,1479.71,170.78,1498.8699951171875
2026-07-11 09:50:00+00:00,1481.23,170.83,1498.8699951171875
2026-07-11 09:55:00+00:00,1479.91,170.82,1498.8699951171875
2026-07-11 10:00:00+00:00,1478.41,170.8,1498.8699951171875
2026-07-11 10:05:00+00:00,1478.41,170.82,1498.8699951171875
2026-07-11 10:10:00+00:00,1477.62,170.83,1498.8699951171875
2026-07-11 10:15:00+00:00,1478.29,170.81,1498.8699951171875
2026-07-11 10:20:00+00:00,1479.21,170.84,1498.8699951171875
2026-07-11 10:25:00+00:00,1480.38,170.83,1498.8699951171875
2026-07-11 10:30:00+00:00,1480.55,170.8,1498.8699951171875
2026-07-11 10:35:00+00:00,1480.34,170.83,1498.8699951171875
2026-07-11 10:40:00+00:00,1480.88,170.8,1498.8699951171875
2026-07-11 10:45:00+00:00,1480.72,170.8,1498.8699951171875
2026-07-11 10:50:00+00:00,1480.21,170.83,1498.8699951171875
2026-07-11 10:55:00+00:00,1481.08,170.81,1498.8699951171875
2026-07-11 11:00:00+00:00,1480.01,170.84,1498.8699951171875
2026-07-11 11:05:00+00:00,1480.26,170.8,1498.8699951171875
2026-07-11 11:10:00+00:00,1480.94,170.84,1498.8699951171875
2026-07-11 11:15:00+00:00,1480.76,170.83,1498.8699951171875
2026-07-11 11:20:00+00:00,1480.45,170.83,1498.8699951171875
2026-07-11 11:25:00+00:00,1480.46,170.84,1498.8699951171875
2026-07-11 11:30:00+00:00,1480.33,170.8,1498.8699951171875
2026-07-11 11:35:00+00:00,1481.18,170.77,1498.8699951171875
2026-07-11 11:40:00+00:00,1481.69,170.64,1498.8699951171875
2026-07-11 11:45:00+00:00,1481.43,170.67,1498.8699951171875
2026-07-11 11:50:00+00:00,1481.94,170.49,1498.8699951171875
2026-07-11 11:55:00+00:00,1482.33,170.49,1498.8699951171875
2026-07-11 12:00:00+00:00,1482.72,170.54,1498.8699951171875
2026-07-11 12:05:00+00:00,1482.14,170.45,1498.8699951171875
2026-07-11 12:10:00+00:00,1482.97,170.35,1498.8699951171875
2026-07-11 12:15:00+00:00,1482.83,170.55,1498.8699951171875
2026-07-11 12:20:00+00:00,1483.65,170.58,1498.8699951171875
2026-07-11 12:25:00+00:00,1486.31,170.84,1498.8699951171875
2026-07-11 12:30:00+00:00,1486.32,170.74,1498.8699951171875
2026-07-11 12:35:00+00:00,1482.93,170.56,1498.8699951171875
2026-07-11 12:40:00+00:00,1482.4,170.4,1498.8699951171875
2026-07-11 12:45:00+00:00,1482.74,170.19,1498.8699951171875
2026-07-11 12:50:00+00:00,1482.78,170.13,1498.8699951171875
2026-07-11 12:55:00+00:00,1484.26,170.27,1498.8699951171875
2026-07-11 13:00:00+00:00,1482.6,170.15,1498.8699951171875
2026-07-11 13:05:00+00:00,1480.9,169.57,1498.8699951171875
2026-07-11 13:10:00+00:00,1482.24,169.69,1498.8699951171875
2026-07-11 13:15:00+00:00,1481.46,169.68,1498.8699951171875
2026-07-11 13:20:00+00:00,1481.11,169.96,1498.8699951171875
2026-07-11 13:25:00+00:00,1480.32,169.98,1498.8699951171875
2026-07-11 13:30:00+00:00,1481.66,170.09,1498.8699951171875
2026-07-11 13:35:00+00:00,1481.6,170.06,1498.8699951171875
2026-07-11 13:40:00+00:00,1480.66,169.86,1498.8699951171875
2026-07-11 13:45:00+00:00,1481.65,170.04,1498.8699951171875
2026-07-11 13:50:00+00:00,1481.59,169.97,1498.8699951171875
2026-07-11 13:55:00+00:00,1480.48,169.83,1498.8699951171875
2026-07-11 14:00:00+00:00,1480.05,169.95,1498.8699951171875
2026-07-11 14:05:00+00:00,1480.21,169.82,1498.8699951171875
2026-07-11 14:10:00+00:00,1479.04,169.74,1498.8699951171875
2026-07-11 14:15:00+00:00,1479.56,169.86,1498.8699951171875
2026-07-11 14:20:00+00:00,1479.38,169.83,1498.8699951171875
2026-07-11 14:25:00+00:00,1479.97,169.85,1498.8699951171875
2026-07-11 14:30:00+00:00,1479.2,169.76,1498.8699951171875
2026-07-11 14:35:00+00:00,1479.26,169.81,1498.8699951171875
2026-07-11 14:40:00+00:00,1479.07,169.77,1498.8699951171875
2026-07-11 14:45:00+00:00,1478.2,169.7,1498.8699951171875
2026-07-11 14:50:00+00:00,1479.21,169.8,1498.8699951171875
2026-07-11 14:55:00+00:00,1478.51,169.95,1498.8699951171875
2026-07-11 15:00:00+00:00,1478.18,169.84,1498.8699951171875
2026-07-11 15:05:00+00:00,1478.44,170.1,1498.8699951171875
2026-07-11 15:10:00+00:00,1479.9,170.07,1498.8699951171875
2026-07-11 15:15:00+00:00,1479.67,169.97,1498.8699951171875
2026-07-11 15:20:00+00:00,1479.72,169.74,1498.8699951171875
2026-07-11 15:25:00+00:00,1478.85,170.06,1498.8699951171875
2026-07-11 15:30:00+00:00,1478.85,169.79,1498.8699951171875
2026-07-11 15:35:00+00:00,1477.04,169.75,1498.8699951171875
2026-07-11 15:40:00+00:00,1477.12,169.9,1498.8699951171875
2026-07-11 15:45:00+00:00,1477.85,169.89,1498.8699951171875
2026-07-11 15:50:00+00:00,1478.88,169.85,1498.8699951171875
2026-07-11 15:55:00+00:00,1477.3,169.79,1498.8699951171875
2026-07-11 16:00:00+00:00,1477.12,169.79,1498.8699951171875
2026-07-11 16:05:00+00:00,1477.1,169.86,1498.8699951171875
2026-07-11 16:10:00+00:00,1477.67,169.86,1498.8699951171875
2026-07-11 16:15:00+00:00,1477.91,169.8,1498.8699951171875
2026-07-11 16:20:00+00:00,1478.85,169.71,1498.8699951171875
2026-07-11 16:25:00+00:00,1480.04,169.8,1498.8699951171875
2026-07-11 16:30:00+00:00,1480.19,169.77,1498.8699951171875
2026-07-11 16:35:00+00:00,1480.18,169.71,1498.8699951171875
2026-07-11 16:40:00+00:00,1479.6,169.65,1498.8699951171875
2026-07-11 16:45:00+00:00,1480.12,169.68,1498.8699951171875
2026-07-11 16:50:00+00:00,1479.87,169.8,1498.8699951171875
2026-07-11 16:55:00+00:00,1480.2,169.74,1498.8699951171875
2026-07-11 17:00:00+00:00,1480.58,169.86,1498.8699951171875
2026-07-11 17:05:00+00:00,1481.81,170.05,1498.8699951171875
2026-07-11 17:10:00+00:00,1483.94,169.99,1498.8699951171875
2026-07-11 17:15:00+00:00,1482.46,169.91,1498.8699951171875
2026-07-11 17:20:00+00:00,1480.94,169.91,1498.8699951171875
2026-07-11 17:25:00+00:00,1482.47,169.94,1498.8699951171875
2026-07-11 17:30:00+00:00,1481.87,169.96,1498.8699951171875
2026-07-11 17:35:00+00:00,1482.22,170.1,1498.8699951171875
2026-07-11 17:40:00+00:00,1482.23,170.12,1498.8699951171875
2026-07-11 17:45:00+00:00,1481.66,169.98,1498.8699951171875
2026-07-11 17:50:00+00:00,1481.55,169.93,1498.8699951171875
2026-07-11 17:55:00+00:00,1482.22,169.97,1498.8699951171875
2026-07-11 18:00:00+00:00,1480.98,169.84,1498.8699951171875
2026-07-11 18:05:00+00:00,1481.03,169.88,1498.8699951171875
2026-07-11 18:10:00+00:00,1481.57,169.99,1498.8699951171875
2026-07-11 18:15:00+00:00,1481.94,169.99,1498.8699951171875
2026-07-11 18:20:00+00:00,1482.93,170.38,1498.8699951171875
2026-07-11 18:25:00+00:00,1482.84,170.56,1498.8699951171875
2026-07-11 18:30:00+00:00,1483.12,170.51,1498.8699951171875
2026-07-11 18:35:00+00:00,1482.75,170.45,1498.8699951171875
2026-07-11 18:40:00+00:00,1482.34,170.39,1498.8699951171875
2026-07-11 18:45:00+00:00,1481.56,170.11,1498.8699951171875
2026-07-11 18:50:00+00:00,1482.37,170.79,1498.8699951171875
2026-07-11 18:55:00+00:00,1482.74,170.83,1498.8699951171875
2026-07-11 19:00:00+00:00,1483.2,170.68,1498.8699951171875
2026-07-11 19:05:00+00:00,1483.8,170.74,1498.8699951171875
2026-07-11 19:10:00+00:00,1484.03,170.77,1498.8699951171875
2026-07-11 19:15:00+00:00,1484.48,170.79,1498.8699951171875
2026-07-11 19:20:00+00:00,1484.41,170.74,1498.8699951171875
2026-07-11 19:25:00+00:00,1484.15,170.66,1498.8699951171875
2026-07-11 19:30:00+00:00,1485.28,170.66,1498.8699951171875
2026-07-11 19:35:00+00:00,1485.49,170.71,1498.8699951171875
2026-07-11 19:40:00+00:00,1487.01,170.98,1498.8699951171875
2026-07-11 19:45:00+00:00,1486.95,171.05,1498.8699951171875
2026-07-11 19:50:00+00:00,1487.76,171.01,1498.8699951171875
2026-07-11 19:55:00+00:00,1487.6,171.0,1498.8699951171875
2026-07-11 20:00:00+00:00,1487.27,171.09,1498.8699951171875
2026-07-11 20:05:00+00:00,1487.23,171.08,1498.8699951171875
2026-07-11 20:10:00+00:00,1487.19,171.11,1498.8699951171875
2026-07-11 20:15:00+00:00,1486.97,171.08,1498.8699951171875
2026-07-11 20:20:00+00:00,1487.12,171.02,1498.8699951171875
2026-07-11 20:25:00+00:00,1486.4,170.85,1498.8699951171875
2026-07-11 20:30:00+00:00,1487.0,171.02,1498.8699951171875
2026-07-11 20:35:00+00:00,1486.88,171.0,1498.8699951171875
2026-07-11 20:40:00+00:00,1486.09,171.33,1498.8699951171875
2026-07-11 20:45:00+00:00,1486.22,171.39,1498.8699951171875
2026-07-11 20:50:00+00:00,1486.42,171.41,1498.8699951171875
2026-07-11 20:55:00+00:00,1486.69,171.37,1498.8699951171875
2026-07-11 21:00:00+00:00,1487.13,171.47,1498.8699951171875
2026-07-11 21:05:00+00:00,1486.02,171.39,1498.8699951171875
2026-07-11 21:10:00+00:00,1485.78,171.21,1498.8699951171875
2026-07-11 21:15:00+00:00,1484.56,171.18,1498.8699951171875
2026-07-11 21:20:00+00:00,1483.44,171.14,1498.8699951171875
2026-07-11 21:25:00+00:00,1482.62,171.2,1498.8699951171875
2026-07-11 21:30:00+00:00,1483.36,171.19,1498.8699951171875
2026-07-11 21:35:00+00:00,1483.28,171.11,1498.8699951171875
2026-07-11 21:40:00+00:00,1483.22,170.95,1498.8699951171875
2026-07-11 21:45:00+00:00,1483.71,170.97,1498.8699951171875
2026-07-11 21:50:00+00:00,1483.25,170.92,1498.8699951171875
2026-07-11 21:55:00+00:00,1485.44,171.43,1498.8699951171875
2026-07-11 22:00:00+00:00,1487.04,171.5,1498.8699951171875
2026-07-11 22:05:00+00:00,1486.79,171.34,1498.8699951171875
2026-07-11 22:10:00+00:00,1486.42,171.54,1498.8699951171875
2026-07-11 22:15:00+00:00,1486.84,171.42,1498.8699951171875
2026-07-11 22:20:00+00:00,1483.68,171.35,1498.8699951171875
2026-07-11 22:25:00+00:00,1483.01,171.37,1498.8699951171875
2026-07-11 22:30:00+00:00,1482.52,171.52,1498.8699951171875
2026-07-11 22:35:00+00:00,1482.18,171.59,1498.8699951171875
2026-07-11 22:40:00+00:00,1480.58,171.56,1498.8699951171875
2026-07-11 22:45:00+00:00,1480.03,171.42,1498.8699951171875
2026-07-11 22:50:00+00:00,1478.76,171.1,1498.8699951171875
2026-07-11 22:55:00+00:00,1479.14,171.08,1498.8699951171875
2026-07-11 23:00:00+00:00,1475.66,171.17,1498.8699951171875
2026-07-11 23:05:00+00:00,1474.4,170.94,1498.8699951171875
2026-07-11 23:10:00+00:00,1472.57,171.07,1498.8699951171875
2026-07-11 23:15:00+00:00,1473.26,170.98,1498.8699951171875
2026-07-11 23:20:00+00:00,1472.94,170.71,1498.8699951171875
2026-07-11 23:25:00+00:00,1471.74,170.48,1498.8699951171875
2026-07-11 23:30:00+00:00,1473.23,170.5,1498.8699951171875
2026-07-11 23:35:00+00:00,1472.58,170.53,1498.8699951171875
2026-07-11 23:40:00+00:00,1474.16,170.54,1498.8699951171875
2026-07-11 23:45:00+00:00,1475.06,170.39,1498.8699951171875
2026-07-11 23:50:00+00:00,1475.38,170.66,1498.8699951171875
2026-07-11 23:55:00+00:00,1475.02,170.66,1498.8699951171875
2026-07-12 00:00:00+00:00,1477.73,170.79,1498.8699951171875
2026-07-12 00:05:00+00:00,1478.08,170.99,1498.8699951171875
2026-07-12 00:10:00+00:00,1476.08,170.82,1498.8699951171875
2026-07-12 00:15:00+00:00,1476.88,171.06,1498.8699951171875
2026-07-12 00:20:00+00:00,1476.64,171.13,1498.8699951171875
2026-07-12 00:25:00+00:00,1475.85,171.18,1498.8699951171875
2026-07-12 00:30:00+00:00,1478.39,171.56,1498.8699951171875
2026-07-12 00:35:00+00:00,1479.04,171.88,1498.8699951171875
2026-07-12 00:40:00+00:00,1479.0,171.89,1498.8699951171875
2026-07-12 00:45:00+00:00,1478.85,171.99,1498.8699951171875
2026-07-12 00:50:00+00:00,1477.37,171.67,1498.8699951171875
2026-07-12 00:55:00+00:00,1476.17,171.59,1498.8699951171875
2026-07-12 01:00:00+00:00,1472.99,171.02,1498.8699951171875
2026-07-12 01:05:00+00:00,1472.47,171.17,1498.8699951171875
2026-07-12 01:10:00+00:00,1472.72,171.16,1498.8699951171875
2026-07-12 01:15:00+00:00,1474.02,171.2,1498.8699951171875
2026-07-12 01:20:00+00:00,1476.47,171.45,1498.8699951171875
2026-07-12 01:25:00+00:00,1476.6,171.58,1498.8699951171875
2026-07-12 01:30:00+00:00,1475.28,171.47,1498.8699951171875
2026-07-12 01:35:00+00:00,1473.96,171.49,1498.8699951171875
2026-07-12 01:40:00+00:00,1473.25,171.52,1498.8699951171875
2026-07-12 01:45:00+00:00,1475.0,171.42,1498.8699951171875
2026-07-12 01:50:00+00:00,1476.4,171.44,1498.8699951171875
2026-07-12 01:55:00+00:00,1475.03,171.44,1498.8699951171875
2026-07-12 02:00:00+00:00,1474.26,171.43,1498.8699951171875
2026-07-12 02:05:00+00:00,1473.38,171.3,1498.8699951171875
2026-07-12 02:10:00+00:00,1472.96,171.26,1498.8699951171875
2026-07-12 02:15:00+00:00,1472.97,171.33,1498.8699951171875
2026-07-12 02:20:00+00:00,1472.47,171.26,1498.8699951171875
2026-07-12 02:25:00+00:00,1473.44,171.37,1498.8699951171875
2026-07-12 02:30:00+00:00,1476.01,171.43,1498.8699951171875
2026-07-12 02:35:00+00:00,1475.56,171.37,1498.8699951171875
2026-07-12 02:40:00+00:00,1474.54,171.4,1498.8699951171875
2026-07-12 02:45:00+00:00,1474.27,171.4,1498.8699951171875
2026-07-12 02:50:00+00:00,1474.84,171.45,1498.8699951171875
2026-07-12 02:55:00+00:00,1475.67,171.35,1498.8699951171875
2026-07-12 03:00:00+00:00,1476.83,171.46,1498.8699951171875
2026-07-12 03:05:00+00:00,1477.07,171.65,1498.8699951171875
2026-07-12 03:10:00+00:00,1476.05,171.68,1498.8699951171875
2026-07-12 03:15:00+00:00,1476.5,171.7,1498.8699951171875
2026-07-12 03:20:00+00:00,1477.63,171.23,1498.8699951171875
2026-07-12 03:25:00+00:00,1480.24,171.32,1498.8699951171875
2026-07-12 03:30:00+00:00,1480.58,171.56,1498.8699951171875
2026-07-12 03:35:00+00:00,1479.92,170.98,1498.8699951171875
2026-07-12 03:40:00+00:00,1480.34,170.63,1498.8699951171875
2026-07-12 03:45:00+00:00,1480.68,170.92,1498.8699951171875
2026-07-12 03:50:00+00:00,1480.64,170.96,1498.8699951171875
2026-07-12 03:55:00+00:00,1479.88,171.12,1498.8699951171875
2026-07-12 04:00:00+00:00,1479.83,170.99,1498.8699951171875
2026-07-12 04:05:00+00:00,1480.61,171.23,1498.8699951171875
2026-07-12 04:10:00+00:00,1481.69,171.44,1498.8699951171875
2026-07-12 04:15:00+00:00,1480.12,171.45,1498.8699951171875
2026-07-12 04:20:00+00:00,1478.65,171.44,1498.8699951171875
2026-07-12 04:25:00+00:00,1479.48,171.43,1498.8699951171875
2026-07-12 04:30:00+00:00,1481.02,171.78,1498.8699951171875
2026-07-12 04:35:00+00:00,1481.74,171.8,1498.8699951171875
2026-07-12 04:40:00+00:00,1481.35,171.78,1498.8699951171875
2026-07-12 04:45:00+00:00,1481.45,171.79,1498.8699951171875
2026-07-12 04:50:00+00:00,1480.36,171.77,1498.8699951171875
2026-07-12 04:55:00+00:00,1481.08,171.75,1498.8699951171875
2026-07-12 05:00:00+00:00,1480.4,171.76,1498.8699951171875
2026-07-12 05:05:00+00:00,1479.83,171.79,1498.8699951171875
2026-07-12 05:10:00+00:00,1479.74,171.81,1498.8699951171875
2026-07-12 05:15:00+00:00,1479.71,171.79,1498.8699951171875
2026-07-12 05:20:00+00:00,1479.41,171.67,1498.8699951171875
2026-07-12 05:25:00+00:00,1479.09,171.74,1498.8699951171875
2026-07-12 05:30:00+00:00,1479.14,171.86,1498.8699951171875
2026-07-12 05:35:00+00:00,1478.58,171.83,1498.8699951171875
2026-07-12 05:40:00+00:00,1477.99,171.7,1498.8699951171875
2026-07-12 05:45:00+00:00,1477.9,171.43,1498.8699951171875
2026-07-12 05:50:00+00:00,1478.19,171.45,1498.8699951171875
2026-07-12 05:55:00+00:00,1477.41,171.47,1498.8699951171875
2026-07-12 06:00:00+00:00,1477.65,171.34,1498.8699951171875
2026-07-12 06:05:00+00:00,1475.36,171.46,1498.8699951171875
2026-07-12 06:10:00+00:00,1474.64,171.49,1498.8699951171875
2026-07-12 06:15:00+00:00,1475.16,171.52,1498.8699951171875
2026-07-12 06:20:00+00:00,1475.53,171.49,1498.8699951171875
2026-07-12 06:25:00+00:00,1474.47,171.31,1498.8699951171875
2026-07-12 06:30:00+00:00,1475.31,171.37,1498.8699951171875
2026-07-12 06:35:00+00:00,1474.95,171.34,1498.8699951171875
2026-07-12 06:40:00+00:00,1475.49,171.54,1498.8699951171875
2026-07-12 06:45:00+00:00,1475.76,171.6,1498.8699951171875
2026-07-12 06:50:00+00:00,1477.93,171.8,1498.8699951171875
2026-07-12 06:55:00+00:00,1477.29,171.9,1498.8699951171875
2026-07-12 07:00:00+00:00,1477.23,171.75,1498.8699951171875
2026-07-12 07:05:00+00:00,1476.36,171.72,1498.8699951171875
2026-07-12 07:10:00+00:00,1475.79,171.88,1498.8699951171875
2026-07-12 07:15:00+00:00,1475.18,171.79,1498.8699951171875
2026-07-12 07:20:00+00:00,1474.89,171.73,1498.8699951171875
2026-07-12 07:25:00+00:00,1476.22,171.71,1498.8699951171875
2026-07-12 07:30:00+00:00,1476.63,171.66,1498.8699951171875
2026-07-12 07:35:00+00:00,1476.75,171.73,1498.8699951171875
2026-07-12 07:40:00+00:00,1477.23,171.66,1498.8699951171875
2026-07-12 07:45:00+00:00,1477.12,171.54,1498.8699951171875
2026-07-12 07:50:00+00:00,1476.91,171.7,1498.8699951171875
2026-07-12 07:55:00+00:00,1476.73,171.64,1498.8699951171875
2026-07-12 08:00:00+00:00,1477.5,171.52,1498.8699951171875
2026-07-12 08:05:00+00:00,1478.21,171.52,1498.8699951171875
2026-07-12 08:10:00+00:00,1477.53,171.4,1498.8699951171875
2026-07-12 08:15:00+00:00,1477.57,171.42,1498.8699951171875
2026-07-12 08:20:00+00:00,1478.56,171.6,1498.8699951171875
2026-07-12 08:25:00+00:00,1478.95,171.57,1498.8699951171875
2026-07-12 08:30:00+00:00,1479.77,171.62,1498.8699951171875
2026-07-12 08:35:00+00:00,1480.1,171.64,1498.8699951171875
2026-07-12 08:40:00+00:00,1479.87,171.6,1498.8699951171875
2026-07-12 08:45:00+00:00,1480.57,171.6,1498.8699951171875
2026-07-12 08:50:00+00:00,1481.41,171.71,1498.8699951171875
2026-07-12 08:55:00+00:00,1481.49,171.65,1498.8699951171875
2026-07-12 09:00:00+00:00,1481.54,171.54,1498.8699951171875
2026-07-12 09:05:00+00:00,1481.23,171.52,1498.8699951171875
2026-07-12 09:10:00+00:00,1480.88,171.61,1498.8699951171875
2026-07-12 09:15:00+00:00,1480.59,171.52,1498.8699951171875
2026-07-12 09:20:00+00:00,1479.69,171.47,1498.8699951171875
2026-07-12 09:25:00+00:00,1479.74,171.04,1498.8699951171875
2026-07-12 09:30:00+00:00,1480.74,171.0,1498.8699951171875
2026-07-12 09:35:00+00:00,1481.0,170.9,1498.8699951171875
2026-07-12 09:40:00+00:00,1484.02,171.25,1498.8699951171875
2026-07-12 09:45:00+00:00,1479.91,171.15,1498.8699951171875
2026-07-12 09:50:00+00:00,1480.54,171.12,1498.8699951171875
2026-07-12 09:55:00+00:00,1480.99,171.07,1498.8699951171875
2026-07-12 10:00:00+00:00,1481.8,171.12,1498.8699951171875
2026-07-12 10:05:00+00:00,1482.58,171.18,1498.8699951171875
2026-07-12 10:10:00+00:00,1482.43,171.25,1498.8699951171875
2026-07-12 10:15:00+00:00,1481.44,171.06,1498.8699951171875
2026-07-12 10:20:00+00:00,1480.98,171.01,1498.8699951171875
2026-07-12 10:25:00+00:00,1480.35,171.15,1498.8699951171875
2026-07-12 10:30:00+00:00,1480.12,170.94,1498.8699951171875
2026-07-12 10:35:00+00:00,1480.6,170.93,1498.8699951171875
2026-07-12 10:40:00+00:00,1481.8,170.93,1498.8699951171875
2026-07-12 10:45:00+00:00,1482.05,171.05,1498.8699951171875
2026-07-12 10:50:00+00:00,1482.47,171.05,1498.8699951171875
2026-07-12 10:55:00+00:00,1482.61,171.04,1498.8699951171875
2026-07-12 11:00:00+00:00,1482.79,170.96,1498.8699951171875
2026-07-12 11:05:00+00:00,1483.75,171.06,1498.8699951171875
2026-07-12 11:10:00+00:00,1483.58,171.19,1498.8699951171875
2026-07-12 11:15:00+00:00,1484.45,171.13,1498.8699951171875
2026-07-12 11:20:00+00:00,1484.96,171.19,1498.8699951171875
2026-07-12 11:25:00+00:00,1484.36,171.24,1498.8699951171875
2026-07-12 11:30:00+00:00,1483.21,171.19,1498.8699951171875
2026-07-12 11:35:00+00:00,1483.4,171.23,1498.8699951171875
2026-07-12 11:40:00+00:00,1483.85,171.23,1498.8699951171875
2026-07-12 11:45:00+00:00,1482.99,171.19,1498.8699951171875
2026-07-12 11:50:00+00:00,1484.43,171.33,1498.8699951171875
2026-07-12 11:55:00+00:00,1483.08,171.14,1498.8699951171875
2026-07-12 12:00:00+00:00,1484.08,171.09,1498.8699951171875
2026-07-12 12:05:00+00:00,1483.29,171.15,1498.8699951171875
2026-07-12 12:10:00+00:00,1483.12,171.22,1498.8699951171875
2026-07-12 12:15:00+00:00,1481.98,171.04,1498.8699951171875
2026-07-12 12:20:00+00:00,1482.54,171.17,1498.8699951171875
2026-07-12 12:25:00+00:00,1482.46,171.06,1498.8699951171875
2026-07-12 12:30:00+00:00,1482.15,171.13,1498.8699951171875
2026-07-12 12:35:00+00:00,1481.39,171.14,1498.8699951171875
2026-07-12 12:40:00+00:00,1482.08,171.19,1498.8699951171875
2026-07-12 12:45:00+00:00,1481.79,171.16,1498.8699951171875
2026-07-12 12:50:00+00:00,1481.98,171.13,1498.8699951171875
2026-07-12 12:55:00+00:00,1481.48,171.15,1498.8699951171875
2026-07-12 13:00:00+00:00,1481.6,171.11,1498.8699951171875
2026-07-12 13:05:00+00:00,1482.3,171.08,1498.8699951171875
2026-07-12 13:10:00+00:00,1482.53,171.07,1498.8699951171875
2026-07-12 13:15:00+00:00,1483.02,171.12,1498.8699951171875
2026-07-12 13:20:00+00:00,1482.65,171.24,1498.8699951171875
2026-07-12 13:25:00+00:00,1482.43,171.22,1498.8699951171875
2026-07-12 13:30:00+00:00,1481.85,171.19,1498.8699951171875
2026-07-12 13:35:00+00:00,1479.75,170.96,1498.8699951171875
2026-07-12 13:40:00+00:00,1480.12,171.05,1498.8699951171875
2026-07-12 13:45:00+00:00,1481.72,170.97,1498.8699951171875
2026-07-12 13:50:00+00:00,1480.79,171.03,1498.8699951171875
2026-07-12 13:55:00+00:00,1480.92,171.16,1498.8699951171875
2026-07-12 14:00:00+00:00,1481.55,171.12,1498.8699951171875
2026-07-12 14:05:00+00:00,1481.13,171.11,1498.8699951171875
2026-07-12 14:10:00+00:00,1479.65,171.09,1498.8699951171875
2026-07-12 14:15:00+00:00,1480.12,171.03,1498.8699951171875
2026-07-12 14:20:00+00:00,1480.58,171.08,1498.8699951171875
2026-07-12 14:25:00+00:00,1479.67,171.0,1498.8699951171875
2026-07-12 14:30:00+00:00,1479.74,171.01,1498.8699951171875
2026-07-12 14:35:00+00:00,1480.17,171.08,1498.8699951171875
2026-07-12 14:40:00+00:00,1479.73,171.11,1498.8699951171875
2026-07-12 14:45:00+00:00,1480.89,171.05,1498.8699951171875
2026-07-12 14:50:00+00:00,1481.68,171.0,1498.8699951171875
2026-07-12 14:55:00+00:00,1481.37,170.93,1498.8699951171875
2026-07-12 15:00:00+00:00,1481.16,170.89,1498.8699951171875
2026-07-12 15:05:00+00:00,1480.4,170.92,1498.8699951171875
2026-07-12 15:10:00+00:00,1481.27,170.89,1498.8699951171875
2026-07-12 15:15:00+00:00,1480.98,170.81,1498.8699951171875
2026-07-12 15:20:00+00:00,1481.44,170.63,1498.8699951171875
2026-07-12 15:25:00+00:00,1482.01,170.71,1498.8699951171875
2026-07-12 15:30:00+00:00,1480.45,170.65,1498.8699951171875
2026-07-12 15:35:00+00:00,1481.67,170.73,1498.8699951171875
2026-07-12 15:40:00+00:00,1481.66,170.7,1498.8699951171875
2026-07-12 15:45:00+00:00,1482.13,170.81,1498.8699951171875
2026-07-12 15:50:00+00:00,1482.64,170.92,1498.8699951171875
2026-07-12 15:55:00+00:00,1483.01,170.79,1498.8699951171875
2026-07-12 16:00:00+00:00,1484.17,170.82,1498.8699951171875
2026-07-12 16:05:00+00:00,1483.85,170.73,1498.8699951171875
2026-07-12 16:10:00+00:00,1484.08,170.76,1498.8699951171875
2026-07-12 16:15:00+00:00,1483.12,170.75,1498.8699951171875
2026-07-12 16:20:00+00:00,1483.28,170.67,1498.8699951171875
2026-07-12 16:25:00+00:00,1483.49,170.7,1498.8699951171875
2026-07-12 16:30:00+00:00,1483.71,170.52,1498.8699951171875
2026-07-12 16:35:00+00:00,1484.33,170.45,1498.8699951171875
2026-07-12 16:40:00+00:00,1485.42,170.4,1498.8699951171875
2026-07-12 16:45:00+00:00,1487.37,170.6,1498.8699951171875
2026-07-12 16:50:00+00:00,1486.73,170.72,1498.8699951171875
2026-07-12 16:55:00+00:00,1486.63,170.57,1498.8699951171875
2026-07-12 17:00:00+00:00,1486.48,170.56,1498.8699951171875
2026-07-12 17:05:00+00:00,1486.45,170.5,1498.8699951171875
2026-07-12 17:10:00+00:00,1484.41,170.63,1498.8699951171875
2026-07-12 17:15:00+00:00,1484.58,170.54,1498.8699951171875
2026-07-12 17:20:00+00:00,1485.77,170.65,1498.8699951171875
2026-07-12 17:25:00+00:00,1486.62,170.52,1498.8699951171875
2026-07-12 17:30:00+00:00,1488.34,170.69,1498.8699951171875
2026-07-12 17:35:00+00:00,1487.26,170.62,1498.8699951171875
2026-07-12 17:40:00+00:00,1487.52,170.62,1498.8699951171875
2026-07-12 17:45:00+00:00,1487.79,170.59,1498.8699951171875
2026-07-12 17:50:00+00:00,1488.98,170.64,1498.8699951171875
2026-07-12 17:55:00+00:00,1489.46,170.52,1498.8699951171875
2026-07-12 18:00:00+00:00,1488.95,170.19,1498.8699951171875
2026-07-12 18:05:00+00:00,1489.35,170.21,1498.8699951171875
2026-07-12 18:10:00+00:00,1490.5,170.2,1498.8699951171875
2026-07-12 18:15:00+00:00,1490.65,170.21,1498.8699951171875
2026-07-12 18:20:00+00:00,1491.2,170.15,1498.8699951171875
2026-07-12 18:25:00+00:00,1493.44,170.1,1498.8699951171875
2026-07-12 18:30:00+00:00,1494.86,170.29,1498.8699951171875
2026-07-12 18:35:00+00:00,1496.17,170.43,1498.8699951171875
2026-07-12 18:40:00+00:00,1499.64,170.84,1498.8699951171875
2026-07-12 18:45:00+00:00,1497.89,170.73,1498.8699951171875
2026-07-12 18:50:00+00:00,1490.56,170.44,1498.8699951171875
2026-07-12 18:55:00+00:00,1490.8,170.4,1498.8699951171875
2026-07-12 19:00:00+00:00,1491.82,170.55,1498.8699951171875
2026-07-12 19:05:00+00:00,1491.1,170.35,1498.8699951171875
2026-07-12 19:10:00+00:00,1492.31,170.54,1498.8699951171875
2026-07-12 19:15:00+00:00,1494.5,170.47,1498.8699951171875
2026-07-12 19:20:00+00:00,1494.25,170.37,1498.8699951171875
2026-07-12 19:25:00+00:00,1496.51,170.59,1498.8699951171875
2026-07-12 19:30:00+00:00,1496.57,170.6,1498.8699951171875
2026-07-12 19:35:00+00:00,1496.85,170.64,1498.8699951171875
2026-07-12 19:40:00+00:00,1497.16,170.65,1498.8699951171875
2026-07-12 19:45:00+00:00,1496.47,170.59,1498.8699951171875
2026-07-12 19:50:00+00:00,1497.22,170.64,1498.8699951171875
2026-07-12 19:55:00+00:00,1495.7,170.52,1498.8699951171875
2026-07-12 20:00:00+00:00,1494.06,170.35,1498.8699951171875
2026-07-12 20:05:00+00:00,1493.98,170.38,1498.8699951171875
2026-07-12 20:10:00+00:00,1493.87,170.3,1498.8699951171875
2026-07-12 20:15:00+00:00,1494.75,170.28,1498.8699951171875
2026-07-12 20:20:00+00:00,1494.93,170.29,1498.8699951171875
2026-07-12 20:25:00+00:00,1495.22,170.3,1498.8699951171875
2026-07-12 20:30:00+00:00,1495.03,170.31,1498.8699951171875
2026-07-12 20:35:00+00:00,1496.51,170.38,1498.8699951171875
2026-07-12 20:40:00+00:00,1498.83,170.37,1498.8699951171875
2026-07-12 20:45:00+00:00,1496.58,170.25,1498.8699951171875
2026-07-12 20:50:00+00:00,1495.79,170.28,1498.8699951171875
2026-07-12 20:55:00+00:00,1494.66,170.27,1498.8699951171875
2026-07-12 21:00:00+00:00,1494.22,170.27,1498.8699951171875
2026-07-12 21:05:00+00:00,1493.89,170.23,1498.8699951171875
2026-07-12 21:10:00+00:00,1488.4,170.16,1498.8699951171875
2026-07-12 21:15:00+00:00,1494.36,170.45,1498.8699951171875
2026-07-12 21:20:00+00:00,1494.0,170.44,1498.8699951171875
2026-07-12 21:25:00+00:00,1496.36,170.48,1498.8699951171875
2026-07-12 21:30:00+00:00,1495.72,170.54,1498.8699951171875
2026-07-12 21:35:00+00:00,1494.5,170.47,1498.8699951171875
2026-07-12 21:40:00+00:00,1495.09,170.46,1498.8699951171875
2026-07-12 21:45:00+00:00,1494.34,170.5,1498.8699951171875
2026-07-12 21:50:00+00:00,1494.22,170.5,1498.8699951171875
2026-07-12 21:55:00+00:00,1495.06,170.54,1498.8699951171875
2026-07-12 22:00:00+00:00,1496.14,170.61,1498.8699951171875
2026-07-12 22:05:00+00:00,1488.28,170.25,1498.8699951171875
2026-07-12 22:10:00+00:00,1482.54,169.96,1498.8699951171875
2026-07-12 22:15:00+00:00,1482.63,169.89,1498.8699951171875
2026-07-12 22:20:00+00:00,1483.93,169.87,1498.8699951171875
2026-07-12 22:25:00+00:00,1483.11,169.59,1498.8699951171875
2026-07-12 22:30:00+00:00,1481.14,169.6,1498.8699951171875
2026-07-12 22:35:00+00:00,1481.15,169.61,1498.8699951171875
2026-07-12 22:40:00+00:00,1481.64,169.42,1498.8699951171875
2026-07-12 22:45:00+00:00,1481.68,169.51,1498.8699951171875
2026-07-12 22:50:00+00:00,1483.74,169.82,1498.8699951171875
2026-07-12 22:55:00+00:00,1488.15,170.39,1498.8699951171875
2026-07-12 23:00:00+00:00,1466.83,168.99,1498.8800048828125
2026-07-12 23:05:00+00:00,1464.01,169.26,1498.8800048828125
2026-07-12 23:10:00+00:00,1443.61,167.22,1498.8599853515625
2026-07-12 23:15:00+00:00,1455.47,168.16,1498.9000244140625
2026-07-12 23:20:00+00:00,1451.53,167.96,1498.8399658203125
2026-07-12 23:25:00+00:00,1457.87,168.33,1498.9200439453125
2026-07-12 23:30:00+00:00,1455.13,168.7,1498.93994140625
2026-07-12 23:35:00+00:00,1454.62,167.91,1499.1099853515625
2026-07-12 23:40:00+00:00,1445.62,167.9,1498.969970703125
2026-07-12 23:45:00+00:00,1442.35,167.55,1498.9100341796875
2026-07-12 23:50:00+00:00,1432.64,166.61,1500.550048828125
2026-07-12 23:55:00+00:00,1429.94,166.83,1499.2099609375
2026-07-13 00:00:00+00:00,1439.14,169.82,1499.47998046875
2026-07-13 00:05:00+00:00,1417.5,167.63,1500.780029296875
2026-07-13 00:10:00+00:00,1423.81,167.96,1500.280029296875
2026-07-13 00:15:00+00:00,1393.72,165.9,1501.8800048828125
2026-07-13 00:20:00+00:00,1407.42,167.33,1501.5799560546875
2026-07-13 00:25:00+00:00,1405.42,167.3,1502.280029296875
2026-07-13 00:30:00+00:00,1387.48,165.69,1503.6800537109375
2026-07-13 00:35:00+00:00,1375.33,164.58,1503.780029296875
2026-07-13 00:40:00+00:00,1373.82,164.11,1502.6800537109375
2026-07-13 00:45:00+00:00,1371.38,163.24,1504.0799560546875
2026-07-13 00:50:00+00:00,1362.96,163.05,1503.8800048828125
2026-07-13 00:55:00+00:00,1362.32,163.14,1504.25
2026-07-13 01:00:00+00:00,1356.11,162.68,1504.3599853515625
2026-07-13 01:05:00+00:00,1341.54,161.85,1504.47998046875
2026-07-13 01:10:00+00:00,1352.55,162.77,1504.47998046875
2026-07-13 01:15:00+00:00,1349.11,162.46,1504.3499755859375
2026-07-13 01:20:00+00:00,1335.03,161.22,1504.97998046875
2026-07-13 01:25:00+00:00,1350.6,161.31,1505.1800537109375
2026-07-13 01:30:00+00:00,1335.06,160.57,1505.280029296875
2026-07-13 01:35:00+00:00,1347.28,161.64,1504.97998046875
2026-07-13 01:40:00+00:00,1340.57,161.06,1505.0799560546875
2026-07-13 01:45:00+00:00,1331.0,160.68,1505.0999755859375
2026-07-13 01:50:00+00:00,1330.12,160.83,1505.239990234375
2026-07-13 01:55:00+00:00,1323.44,160.72,1504.3299560546875
2026-07-13 02:00:00+00:00,1313.27,159.63,1504.8800048828125
2026-07-13 02:05:00+00:00,1317.34,159.21,1505.280029296875
2026-07-13 02:10:00+00:00,1323.02,161.0,1504.6800537109375
2026-07-13 02:15:00+00:00,1333.41,162.02,1505.0799560546875
2026-07-13 02:20:00+00:00,1337.45,162.61,1505.6199951171875
2026-07-13 02:25:00+00:00,1332.1,162.75,1505.4300537109375
2026-07-13 02:30:00+00:00,1319.85,162.67,1505.4100341796875
2026-07-13 02:35:00+00:00,1321.41,162.8,1505.8399658203125
2026-07-13 02:40:00+00:00,1326.6,163.15,1506.449951171875
2026-07-13 02:45:00+00:00,1319.76,162.62,1507.5799560546875
2026-07-13 02:50:00+00:00,1315.36,162.11,1508.0999755859375
2026-07-13 02:55:00+00:00,1302.42,160.58,1506.5799560546875
2026-07-13 03:00:00+00:00,1294.79,159.82,1507.47998046875
2026-07-13 03:05:00+00:00,1292.05,159.36,1507.1700439453125
2026-07-13 03:10:00+00:00,1289.01,158.93,1506.9100341796875
2026-07-13 03:15:00+00:00,1297.6,159.76,1506.780029296875
2026-07-13 03:20:00+00:00,1286.59,158.92,1507.0899658203125
2026-07-13 03:25:00+00:00,1288.08,159.21,1507.6400146484375
2026-07-13 03:30:00+00:00,1284.64,158.92,1507.949951171875
2026-07-13 03:35:00+00:00,1293.92,159.07,1507.47998046875
2026-07-13 03:40:00+00:00,1298.71,158.88,1507.47998046875
2026-07-13 03:45:00+00:00,1306.9,160.23,1507.0799560546875
2026-07-13 03:50:00+00:00,1297.1,159.91,1507.6400146484375
2026-07-13 03:55:00+00:00,1293.1,159.09,1507.6199951171875
2026-07-13 04:00:00+00:00,1296.61,158.97,1507.8800048828125
2026-07-13 04:05:00+00:00,1293.31,159.22,1507.1099853515625
2026-07-13 04:10:00+00:00,1289.19,158.93,1506.47998046875
2026-07-13 04:15:00+00:00,1285.95,159.25,1506.530029296875
2026-07-13 04:20:00+00:00,1285.59,158.82,1506.7099609375
2026-07-13 04:25:00+00:00,1289.98,159.47,1506.52001953125
2026-07-13 04:30:00+00:00,1284.82,158.71,1505.949951171875
2026-07-13 04:35:00+00:00,1288.3,158.91,1506.8299560546875
2026-07-13 04:40:00+00:00,1291.67,158.67,1507.2099609375
2026-07-13 04:45:00+00:00,1289.66,158.12,1507.510009765625
2026-07-13 04:50:00+00:00,1289.13,158.21,1506.949951171875
2026-07-13 04:55:00+00:00,1287.75,158.46,1506.6600341796875
2026-07-13 05:00:00+00:00,1293.57,159.34,1506.1600341796875
2026-07-13 05:05:00+00:00,1298.35,159.08,1503.47998046875
2026-07-13 05:10:00+00:00,1296.4,159.67,1504.199951171875
2026-07-13 05:15:00+00:00,1289.43,158.83,1504.5799560546875
2026-07-13 05:20:00+00:00,1272.74,157.93,1505.6800537109375
2026-07-13 05:25:00+00:00,1276.04,157.34,1506.449951171875
2026-07-13 05:30:00+00:00,1285.76,158.44,1505.1800537109375
2026-07-13 05:35:00+00:00,1290.11,158.81,1505.52001953125
2026-07-13 05:40:00+00:00,1293.44,158.66,1506.47998046875
2026-07-13 05:45:00+00:00,1285.37,158.45,1506.3800048828125
2026-07-13 05:50:00+00:00,1279.11,157.93,1507.93994140625
2026-07-13 05:55:00+00:00,1282.71,158.31,1506.6800537109375
2026-07-13 06:00:00+00:00,1280.85,158.66,1507.3800048828125
2026-07-13 06:05:00+00:00,1267.58,157.1,1507.8800048828125
2026-07-13 06:10:00+00:00,1260.08,157.18,1506.6800537109375
2026-07-13 06:15:00+00:00,1257.68,157.54,1506.25
2026-07-13 06:20:00+00:00,1251.78,157.61,1502.1800537109375
2026-07-13 06:25:00+00:00,1265.52,157.84,1502.97998046875
2026-07-13 06:30:00+00:00,1266.2,158.29,1502.300048828125
2026-07-13 06:35:00+00:00,1261.86,158.05,1501.6800537109375
2026-07-13 06:40:00+00:00,1261.15,158.36,1503.0999755859375
2026-07-13 06:45:00+00:00,1257.88,158.1,1501.780029296875
2026-07-13 06:50:00+00:00,1256.93,158.05,1501.97998046875
2026-07-13 06:55:00+00:00,1255.02,158.08,1502.97998046875
2026-07-13 07:00:00+00:00,1245.88,157.51,1503.0699462890625
2026-07-13 07:05:00+00:00,1254.94,157.93,1502.4300537109375
2026-07-13 07:10:00+00:00,1255.33,158.03,1501.280029296875
2026-07-13 07:15:00+00:00,1256.38,157.43,1501.739990234375
2026-07-13 07:20:00+00:00,1267.05,157.89,1502.1800537109375
2026-07-13 07:25:00+00:00,1268.8,158.03,1502.43994140625
2026-07-13 07:30:00+00:00,1262.05,157.35,1501.9000244140625
2026-07-13 07:35:00+00:00,1261.98,156.92,1499.8499755859375
2026-07-13 07:40:00+00:00,1251.7,156.07,1500.6199951171875
2026-07-13 07:45:00+00:00,1254.1,154.62,1499.9200439453125
2026-07-13 07:50:00+00:00,1249.97,153.77,1497.52001953125
2026-07-13 07:55:00+00:00,1243.88,153.92,1497.2900390625
2026-07-13 08:00:00+00:00,1258.5,153.47,1496.3800048828125
2026-07-13 08:05:00+00:00,1257.53,154.18,1495.47998046875
2026-07-13 08:10:00+00:00,1257.85,154.21,1494.4200439453125
2026-07-13 08:15:00+00:00,1258.18,153.05,1494.97998046875
2026-07-13 08:20:00+00:00,1255.99,153.49,1495.510009765625
2026-07-13 08:25:00+00:00,1255.29,152.53,1496.5799560546875
2026-07-13 08:30:00+00:00,1256.38,152.64,1494.8800048828125
2026-07-13 08:35:00+00:00,1254.1,152.57,1495.760009765625
2026-07-13 08:40:00+00:00,1255.54,151.24,1494.8800048828125
2026-07-13 08:45:00+00:00,1257.14,150.92,1492.97998046875
2026-07-13 08:50:00+00:00,1263.93,151.89,1493.280029296875
2026-07-13 08:55:00+00:00,1267.44,152.17,1492.2900390625
2026-07-13 09:00:00+00:00,1274.96,152.74,1493.97998046875
2026-07-13 09:05:00+00:00,1278.45,152.72,1494.280029296875
2026-07-13 09:10:00+00:00,1279.33,152.5,1495.27001953125
2026-07-13 09:15:00+00:00,1280.19,153.1,1495.010009765625
2026-07-13 09:20:00+00:00,1278.81,153.12,1495.25
2026-07-13 09:25:00+00:00,1273.77,153.58,1496.2099609375
2026-07-13 09:30:00+00:00,1272.46,153.33,1495.7099609375
2026-07-13 09:35:00+00:00,1277.88,153.67,1495.0799560546875
2026-07-13 09:40:00+00:00,1275.6,153.68,1494.0999755859375
2026-07-13 09:45:00+00:00,1271.35,154.1,1493.719970703125
2026-07-13 09:50:00+00:00,1269.72,154.46,1493.81005859375
2026-07-13 09:55:00+00:00,1273.7,154.84,1491.760009765625
2026-07-13 10:00:00+00:00,1270.48,154.6,1491.4200439453125
2026-07-13 10:05:00+00:00,1268.63,154.18,1492.22998046875
2026-07-13 10:10:00+00:00,1270.85,154.04,1491.9200439453125
2026-07-13 10:15:00+00:00,1271.56,154.32,1492.1800537109375
2026-07-13 10:20:00+00:00,1267.1,154.53,1492.4100341796875
2026-07-13 10:25:00+00:00,1264.57,154.03,1492.5799560546875
2026-07-13 10:30:00+00:00,1266.34,154.3,1492.8699951171875
2026-07-13 10:35:00+00:00,1268.39,154.07,1492.050048828125
2026-07-13 10:40:00+00:00,1262.18,154.28,1492.8800048828125
2026-07-13 10:45:00+00:00,1265.09,154.85,1491.3800048828125
2026-07-13 10:50:00+00:00,1267.25,154.95,1492.5400390625
2026-07-13 10:55:00+00:00,1263.74,154.8,1492.75
2026-07-13 11:00:00+00:00,1274.05,154.81,1492.969970703125
2026-07-13 11:05:00+00:00,1274.67,154.14,1492.72998046875
2026-07-13 11:10:00+00:00,1275.76,153.78,1492.8299560546875
2026-07-13 11:15:00+00:00,1275.17,153.53,1493.0699462890625
2026-07-13 11:20:00+00:00,1277.78,153.46,1492.8699951171875
2026-07-13 11:25:00+00:00,1275.74,154.01,1492.719970703125
2026-07-13 11:30:00+00:00,1277.55,154.28,1492.27001953125
2026-07-13 11:35:00+00:00,1278.9,154.65,1492.6500244140625
2026-07-13 11:40:00+00:00,1276.78,154.81,1492.8199462890625
2026-07-13 11:45:00+00:00,1273.17,154.15,1492.93994140625
2026-07-13 11:50:00+00:00,1269.61,153.95,1493.3800048828125
2026-07-13 11:55:00+00:00,1273.44,153.82,1493.3800048828125
2026-07-13 12:00:00+00:00,1270.55,153.53,1493.5699462890625
2026-07-13 12:05:00+00:00,1265.84,152.7,1493.949951171875
2026-07-13 12:10:00+00:00,1270.0,152.77,1494.75
2026-07-13 12:15:00+00:00,1267.44,152.0,1495.449951171875
2026-07-13 12:20:00+00:00,1270.99,152.6,1495.25
2026-07-13 12:25:00+00:00,1264.03,152.07,1494.4599609375
2026-07-13 12:30:00+00:00,1265.16,151.79,1494.6099853515625
2026-07-13 12:35:00+00:00,1265.64,151.28,1494.6800537109375
2026-07-13 12:40:00+00:00,1275.54,152.45,1494.0400390625
2026-07-13 12:45:00+00:00,1277.7,152.78,1493.9200439453125
2026-07-13 12:50:00+00:00,1276.15,153.02,1493.0400390625
2026-07-13 12:55:00+00:00,1274.12,153.03,1493.4000244140625
2026-07-13 13:00:00+00:00,1276.93,153.83,1492.8800048828125
2026-07-13 13:05:00+00:00,1272.16,153.33,1493.280029296875
2026-07-13 13:10:00+00:00,1273.18,153.95,1493.1700439453125
2026-07-13 13:15:00+00:00,1268.31,153.47,1492.719970703125
2026-07-13 13:20:00+00:00,1275.71,154.24,1492.27001953125
2026-07-13 13:25:00+00:00,1269.4,153.19,1492.1800537109375
2026-07-13 13:30:00+00:00,1277.6,155.56,1491.780029296875
2026-07-13 13:35:00+00:00,1263.6,154.2,1491.97998046875
2026-07-13 13:40:00+00:00,1270.04,154.9,1492.47998046875
2026-07-13 13:45:00+00:00,1282.08,158.32,1493.4599609375
2026-07-13 13:50:00+00:00,1268.61,155.51,1492.97998046875
2026-07-13 13:55:00+00:00,1281.36,156.94,1493.3800048828125
2026-07-13 14:00:00+00:00,1280.33,156.85,1493.81005859375
2026-07-13 14:05:00+00:00,1282.01,156.49,1493.780029296875
2026-07-13 14:10:00+00:00,1287.41,157.54,1494.0699462890625
2026-07-13 14:15:00+00:00,1276.51,157.52,1494.47998046875
2026-07-13 14:20:00+00:00,1280.91,158.65,1493.97998046875
2026-07-13 14:25:00+00:00,1281.21,158.98,1493.3800048828125
2026-07-13 14:30:00+00:00,1288.2,161.07,1494.0899658203125
2026-07-13 14:35:00+00:00,1285.37,159.8,1494.780029296875
2026-07-13 14:40:00+00:00,1278.44,158.21,1495.0400390625
2026-07-13 14:45:00+00:00,1281.39,158.11,1493.3800048828125
2026-07-13 14:50:00+00:00,1275.03,156.43,1494.3800048828125
2026-07-13 14:55:00+00:00,1285.5,157.21,1493.3499755859375
2026-07-13 15:00:00+00:00,1287.52,158.13,1492.3699951171875
2026-07-13 15:05:00+00:00,1280.24,156.79,1492.8800048828125
2026-07-13 15:10:00+00:00,1286.08,157.71,1493.0799560546875
2026-07-13 15:15:00+00:00,1281.79,157.41,1493.1800537109375
2026-07-13 15:20:00+00:00,1282.66,157.4,1493.6800537109375
2026-07-13 15:25:00+00:00,1284.9,157.67,1492.9200439453125
2026-07-13 15:30:00+00:00,1281.6,157.52,1492.5799560546875
2026-07-13 15:35:00+00:00,1272.6,155.51,1492.7900390625
2026-07-13 15:40:00+00:00,1267.5,154.3,1493.4000244140625
2026-07-13 15:45:00+00:00,1267.0,152.67,1493.0799560546875
2026-07-13 15:50:00+00:00,1269.64,153.0,1492.8399658203125
2026-07-13 15:55:00+00:00,1268.41,153.29,1492.489990234375
2026-07-13 16:00:00+00:00,1263.39,152.52,1492.8199462890625
2026-07-13 16:05:00+00:00,1259.89,153.11,1492.43994140625
2026-07-13 16:10:00+00:00,1260.1,154.1,1492.8699951171875
2026-07-13 16:15:00+00:00,1254.43,153.34,1492.5
2026-07-13 16:20:00+00:00,1251.51,152.83,1493.3399658203125
2026-07-13 16:25:00+00:00,1250.96,153.3,1493.52001953125
2026-07-13 16:30:00+00:00,1250.13,154.07,1494.4200439453125
2026-07-13 16:35:00+00:00,1244.91,153.85,1494.47998046875
2026-07-13 16:40:00+00:00,1251.43,155.15,1494.8800048828125
2026-07-13 16:45:00+00:00,1251.3,155.17,1495.75
2026-07-13 16:50:00+00:00,1246.65,154.36,1495.7099609375
2026-07-13 16:55:00+00:00,1252.13,155.23,1495.6099853515625
2026-07-13 17:00:00+00:00,1252.9,155.3,1496.31005859375
2026-07-13 17:05:00+00:00,1260.7,156.87,1495.780029296875
2026-07-13 17:10:00+00:00,1258.56,156.56,1496.27001953125
2026-07-13 17:15:00+00:00,1258.73,156.51,1495.780029296875
2026-07-13 17:20:00+00:00,1255.38,156.08,1495.8900146484375
2026-07-13 17:25:00+00:00,1257.35,156.63,1496.0699462890625
2026-07-13 17:30:00+00:00,1262.39,157.33,1496.3499755859375
2026-07-13 17:35:00+00:00,1259.15,157.14,1496.989990234375
2026-07-13 17:40:00+00:00,1260.16,156.99,1496.6800537109375
2026-07-13 17:45:00+00:00,1256.32,156.67,1497.06005859375
2026-07-13 17:50:00+00:00,1258.86,156.82,1497.0
2026-07-13 17:55:00+00:00,1257.58,156.99,1497.239990234375
2026-07-13 18:00:00+00:00,1260.5,157.44,1497.0400390625
2026-07-13 18:05:00+00:00,1261.81,157.58,1495.8699951171875
2026-07-13 18:10:00+00:00,1260.36,157.35,1496.1600341796875
2026-07-13 18:15:00+00:00,1254.51,156.77,1496.1300048828125
2026-07-13 18:20:00+00:00,1254.77,156.4,1496.8900146484375
2026-07-13 18:25:00+00:00,1250.09,155.92,1496.81005859375
2026-07-13 18:30:00+00:00,1245.09,154.15,1496.760009765625
2026-07-13 18:35:00+00:00,1250.07,154.95,1496.93994140625
2026-07-13 18:40:00+00:00,1247.37,154.55,1496.5899658203125
2026-07-13 18:45:00+00:00,1247.29,154.38,1497.0400390625
2026-07-13 18:50:00+00:00,1244.87,153.59,1496.9200439453125
2026-07-13 18:55:00+00:00,1240.97,153.5,1496.77001953125
2026-07-13 19:00:00+00:00,1251.38,154.83,1496.4599609375
2026-07-13 19:05:00+00:00,1247.82,154.73,1496.5999755859375
2026-07-13 19:10:00+00:00,1241.32,153.72,1496.8699951171875
2026-07-13 19:15:00+00:00,1240.72,153.35,1496.780029296875
2026-07-13 19:20:00+00:00,1234.03,152.52,1496.81005859375
2026-07-13 19:25:00+00:00,1238.96,152.4,1496.760009765625
2026-07-13 19:30:00+00:00,1246.5,153.01,1496.75
2026-07-13 19:35:00+00:00,1241.03,152.25,1497.199951171875
2026-07-13 19:40:00+00:00,1244.52,152.2,1497.719970703125
2026-07-13 19:45:00+00:00,1249.35,152.49,1497.8299560546875
2026-07-13 19:50:00+00:00,1250.33,153.16,1497.199951171875
2026-07-13 19:55:00+00:00,1254.44,153.49,1497.699951171875
2026-07-13 20:00:00+00:00,1250.96,152.55,1497.030029296875
2026-07-13 20:05:00+00:00,1252.25,153.02,1497.6300048828125
2026-07-13 20:10:00+00:00,1250.33,152.86,1497.6300048828125
2026-07-13 20:15:00+00:00,1244.38,152.39,1497.72998046875
2026-07-13 20:20:00+00:00,1245.44,152.41,1497.93994140625
2026-07-13 20:25:00+00:00,1245.6,152.74,1498.4200439453125
2026-07-13 20:30:00+00:00,1243.89,152.68,1497.3699951171875
2026-07-13 20:35:00+00:00,1238.11,152.64,1497.6199951171875
2026-07-13 20:40:00+00:00,1240.23,152.52,1497.0999755859375
2026-07-13 20:45:00+00:00,1240.2,152.52,1498.1099853515625
2026-07-13 20:50:00+00:00,1240.11,152.6,1497.8699951171875
2026-07-13 20:55:00+00:00,1240.99,152.67,1497.1700439453125
2026-07-13 21:00:00+00:00,1241.33,152.71,1497.469970703125
2026-07-13 21:05:00+00:00,1243.2,152.58,1497.02001953125
2026-07-13 21:10:00+00:00,1244.33,152.63,1497.02001953125
2026-07-13 21:15:00+00:00,1245.3,152.47,1497.02001953125
2026-07-13 21:20:00+00:00,1247.62,152.55,1497.02001953125
2026-07-13 21:25:00+00:00,1248.08,152.55,1497.02001953125
2026-07-13 21:30:00+00:00,1251.52,152.51,1497.02001953125
2026-07-13 21:35:00+00:00,1250.26,152.48,1497.02001953125
2026-07-13 21:40:00+00:00,1246.1,152.58,1497.02001953125
2026-07-13 21:45:00+00:00,1238.21,152.49,1497.02001953125
2026-07-13 21:50:00+00:00,1239.3,152.47,1497.02001953125
2026-07-13 21:55:00+00:00,1238.75,152.4,1497.02001953125
2026-07-13 22:00:00+00:00,1239.9,152.27,1497.02001953125
2026-07-13 22:05:00+00:00,1241.99,152.55,1497.02001953125
2026-07-13 22:10:00+00:00,1240.61,152.66,1497.02001953125
2026-07-13 22:15:00+00:00,1244.11,153.07,1497.02001953125
2026-07-13 22:20:00+00:00,1243.29,152.69,1497.02001953125
2026-07-13 22:25:00+00:00,1244.71,152.7,1497.02001953125
2026-07-13 22:30:00+00:00,1246.25,152.72,1497.02001953125
2026-07-13 22:35:00+00:00,1242.47,152.79,1497.02001953125
2026-07-13 22:40:00+00:00,1242.9,153.09,1497.02001953125
2026-07-13 22:45:00+00:00,1240.2,152.98,1497.02001953125
2026-07-13 22:50:00+00:00,1238.4,152.79,1497.02001953125
2026-07-13 22:55:00+00:00,1238.49,152.72,1497.02001953125
2026-07-13 23:00:00+00:00,1216.5,150.94,1496.1700439453125
2026-07-13 23:05:00+00:00,1203.65,150.16,1495.6700439453125
2026-07-13 23:10:00+00:00,1223.67,151.02,1495.6800537109375
2026-07-13 23:15:00+00:00,1240.22,151.68,1497.260009765625
2026-07-13 23:20:00+00:00,1240.33,151.87,1497.239990234375
2026-07-13 23:25:00+00:00,1224.38,151.6,1497.3399658203125
2026-07-13 23:30:00+00:00,1220.85,151.37,1496.780029296875
2026-07-13 23:35:00+00:00,1215.87,150.31,1496.93994140625
2026-07-13 23:40:00+00:00,1218.05,150.72,1497.1800537109375
2026-07-13 23:45:00+00:00,1226.85,151.58,1498.0699462890625
2026-07-13 23:50:00+00:00,1236.29,152.14,1497.7099609375
2026-07-13 23:55:00+00:00,1241.0,152.83,1497.8199462890625
2026-07-14 00:00:00+00:00,1233.21,151.47,1498.5799560546875
2026-07-14 00:05:00+00:00,1228.7,151.62,1497.780029296875
2026-07-14 00:10:00+00:00,1261.74,154.95,1497.0799560546875
2026-07-14 00:15:00+00:00,1252.48,153.99,1497.1800537109375
2026-07-14 00:20:00+00:00,1268.56,155.93,1495.6800537109375
2026-07-14 00:25:00+00:00,1259.04,154.06,1497.3199462890625
2026-07-14 00:30:00+00:00,1263.25,155.2,1497.5400390625
2026-07-14 00:35:00+00:00,1251.41,154.97,1498.3800048828125
2026-07-14 00:40:00+00:00,1236.19,153.35,1497.0799560546875
2026-07-14 00:45:00+00:00,1254.3,153.49,1497.47998046875
2026-07-14 00:50:00+00:00,1278.86,156.13,1496.47998046875
2026-07-14 00:55:00+00:00,1282.83,158.69,1496.280029296875
2026-07-14 01:00:00+00:00,1300.0,160.2,1495.1800537109375
2026-07-14 01:05:00+00:00,1290.57,159.59,1493.300048828125
2026-07-14 01:10:00+00:00,1277.14,157.59,1493.3800048828125
2026-07-14 01:15:00+00:00,1285.63,159.38,1490.6800537109375
2026-07-14 01:20:00+00:00,1290.17,158.9,1491.8800048828125
2026-07-14 01:25:00+00:00,1292.66,159.97,1492.47998046875
2026-07-14 01:30:00+00:00,1278.37,158.28,1493.280029296875
2026-07-14 01:35:00+00:00,1268.36,157.56,1492.6500244140625
2026-07-14 01:40:00+00:00,1268.3,157.77,1493.1800537109375
2026-07-14 01:45:00+00:00,1266.01,157.65,1493.280029296875
2026-07-14 01:50:00+00:00,1260.04,156.65,1493.530029296875
2026-07-14 01:55:00+00:00,1251.42,155.6,1494.0799560546875
2026-07-14 02:00:00+00:00,1239.84,154.56,1493.8800048828125
2026-07-14 02:05:00+00:00,1237.7,154.44,1493.6800537109375
2026-07-14 02:10:00+00:00,1224.07,152.82,1493.8800048828125
2026-07-14 02:15:00+00:00,1225.39,152.84,1493.97998046875
2026-07-14 02:20:00+00:00,1216.38,152.08,1493.47998046875
2026-07-14 02:25:00+00:00,1221.59,153.18,1493.1800537109375
2026-07-14 02:30:00+00:00,1204.86,151.79,1493.5799560546875
2026-07-14 02:35:00+00:00,1221.04,152.92,1492.9100341796875
2026-07-14 02:40:00+00:00,1223.13,154.48,1492.280029296875
2026-07-14 02:45:00+00:00,1222.98,153.7,1492.1800537109375
2026-07-14 02:50:00+00:00,1213.49,152.37,1491.5799560546875
2026-07-14 02:55:00+00:00,1216.34,153.04,1491.280029296875
2026-07-14 03:00:00+00:00,1201.7,151.84,1491.280029296875
2026-07-14 03:05:00+00:00,1203.65,152.04,1490.1800537109375
2026-07-14 03:10:00+00:00,1184.68,150.61,1489.9200439453125
2026-07-14 03:15:00+00:00,1187.52,150.93,1488.8399658203125
2026-07-14 03:20:00+00:00,1187.77,150.83,1488.3900146484375
2026-07-14 03:25:00+00:00,1201.72,152.16,1486.5799560546875
2026-07-14 03:30:00+00:00,1199.43,152.58,1488.25
2026-07-14 03:35:00+00:00,1200.7,152.57,1487.47998046875
2026-07-14 03:40:00+00:00,1202.17,152.43,1487.6600341796875
2026-07-14 03:45:00+00:00,1208.35,152.92,1487.0799560546875
2026-07-14 03:50:00+00:00,1221.69,154.84,1486.1800537109375
2026-07-14 03:55:00+00:00,1213.16,154.06,1487.6600341796875
2026-07-14 04:00:00+00:00,1218.08,154.65,1487.9200439453125
2026-07-14 04:05:00+00:00,1208.38,154.03,1488.47998046875
2026-07-14 04:10:00+00:00,1204.96,153.65,1489.0799560546875
2026-07-14 04:15:00+00:00,1195.85,152.07,1487.1800537109375
2026-07-14 04:20:00+00:00,1215.66,153.83,1487.780029296875
2026-07-14 04:25:00+00:00,1219.2,155.05,1487.780029296875
2026-07-14 04:30:00+00:00,1229.06,155.49,1487.5400390625
2026-07-14 04:35:00+00:00,1233.93,157.07,1487.6300048828125
2026-07-14 04:40:00+00:00,1228.28,156.29,1487.6700439453125
2026-07-14 04:45:00+00:00,1244.04,157.68,1488.1800537109375
2026-07-14 04:50:00+00:00,1255.7,158.13,1488.780029296875
2026-07-14 04:55:00+00:00,1267.72,159.55,1488.280029296875
2026-07-14 05:00:00+00:00,1273.24,159.81,1487.8800048828125
2026-07-14 05:05:00+00:00,1283.31,160.77,1488.5799560546875
2026-07-14 05:10:00+00:00,1291.69,161.5,1489.1800537109375
2026-07-14 05:15:00+00:00,1288.98,161.63,1487.780029296875
2026-07-14 05:20:00+00:00,1296.21,162.22,1489.97998046875
2026-07-14 05:25:00+00:00,1294.14,162.65,1490.5799560546875
2026-07-14 05:30:00+00:00,1295.64,163.16,1489.97998046875
2026-07-14 05:35:00+00:00,1290.99,162.53,1490.780029296875
2026-07-14 05:40:00+00:00,1294.33,162.77,1490.5699462890625
2026-07-14 05:45:00+00:00,1292.49,162.33,1491.4300537109375
2026-07-14 05:50:00+00:00,1286.74,162.07,1490.6800537109375
2026-07-14 05:55:00+00:00,1284.02,161.53,1489.1800537109375
2026-07-14 06:00:00+00:00,1292.4,162.29,1490.280029296875
2026-07-14 06:05:00+00:00,1294.46,163.05,1491.0799560546875
2026-07-14 06:10:00+00:00,1287.81,162.28,1493.43994140625
2026-07-14 06:15:00+00:00,1290.73,162.49,1494.0400390625
2026-07-14 06:20:00+00:00,1284.95,162.14,1493.47998046875
2026-07-14 06:25:00+00:00,1284.26,162.27,1492.5799560546875
2026-07-14 06:30:00+00:00,1285.98,162.43,1492.47998046875
2026-07-14 06:35:00+00:00,1282.42,162.23,1493.3900146484375
2026-07-14 06:40:00+00:00,1291.55,162.65,1492.97998046875
2026-07-14 06:45:00+00:00,1291.26,162.6,1493.5799560546875
2026-07-14 06:50:00+00:00,1287.21,163.01,1494.3199462890625
2026-07-14 06:55:00+00:00,1287.9,163.26,1495.1800537109375
2026-07-14 07:00:00+00:00,1290.67,164.18,1494.47998046875
2026-07-14 07:05:00+00:00,1293.42,164.82,1494.5699462890625
2026-07-14 07:10:00+00:00,1292.86,165.03,1495.1199951171875
2026-07-14 07:15:00+00:00,1289.24,163.79,1495.1800537109375
2026-07-14 07:20:00+00:00,1298.79,164.81,1492.5799560546875
2026-07-14 07:25:00+00:00,1292.5,163.69,1493.1800537109375
2026-07-14 07:30:00+00:00,1287.72,162.43,1493.5799560546875
2026-07-14 07:35:00+00:00,1287.81,162.8,1493.0799560546875
2026-07-14 07:40:00+00:00,1287.61,162.76,1493.8800048828125
2026-07-14 07:45:00+00:00,1287.84,163.18,1494.0799560546875
2026-07-14 07:50:00+00:00,1291.1,163.26,1493.5400390625
2026-07-14 07:55:00+00:00,1290.81,162.57,1493.8399658203125
2026-07-14 08:00:00+00:00,1295.59,161.34,1493.9100341796875
2026-07-14 08:05:00+00:00,1295.61,162.05,1493.93994140625
2026-07-14 08:10:00+00:00,1294.78,161.86,1493.97998046875
2026-07-14 08:15:00+00:00,1293.91,161.91,1494.0799560546875
2026-07-14 08:20:00+00:00,1291.3,161.63,1493.9599609375
2026-07-14 08:25:00+00:00,1294.9,162.16,1493.75
2026-07-14 08:30:00+00:00,1303.35,163.03,1493.969970703125
2026-07-14 08:35:00+00:00,1312.5,163.14,1493.97998046875
2026-07-14 08:40:00+00:00,1311.14,163.18,1494.0999755859375
2026-07-14 08:45:00+00:00,1306.95,162.59,1495.5799560546875
2026-07-14 08:50:00+00:00,1306.08,162.92,1495.1800537109375
2026-07-14 08:55:00+00:00,1303.16,162.35,1495.3800048828125
2026-07-14 09:00:00+00:00,1307.09,162.53,1495.0799560546875
2026-07-14 09:05:00+00:00,1309.65,162.51,1494.75
2026-07-14 09:10:00+00:00,1309.73,162.69,1494.6199951171875
2026-07-14 09:15:00+00:00,1306.11,162.52,1494.989990234375
2026-07-14 09:20:00+00:00,1304.44,162.52,1494.6800537109375
2026-07-14 09:25:00+00:00,1304.01,162.28,1494.18994140625
2026-07-14 09:30:00+00:00,1302.84,162.32,1494.81005859375
2026-07-14 09:35:00+00:00,1303.28,162.5,1494.8699951171875
2026-07-14 09:40:00+00:00,1303.29,162.3,1495.469970703125
2026-07-14 09:45:00+00:00,1305.62,162.31,1494.530029296875
2026-07-14 09:50:00+00:00,1307.03,162.41,1494.5799560546875
2026-07-14 09:55:00+00:00,1307.06,162.47,1495.0699462890625
2026-07-14 10:00:00+00:00,1308.0,162.5,1494.47998046875
2026-07-14 10:05:00+00:00,1309.13,162.99,1495.3800048828125
2026-07-14 10:10:00+00:00,1310.0,162.91,1495.5799560546875
2026-07-14 10:15:00+00:00,1311.21,162.82,1495.3800048828125
2026-07-14 10:20:00+00:00,1315.34,162.74,1495.280029296875
2026-07-14 10:25:00+00:00,1315.48,162.81,1496.0799560546875
2026-07-14 10:30:00+00:00,1313.58,162.41,1496.3199462890625
2026-07-14 10:35:00+00:00,1314.07,162.74,1496.0799560546875
2026-07-14 10:40:00+00:00,1311.3,162.93,1496.5400390625
2026-07-14 10:45:00+00:00,1311.3,162.82,1496.4000244140625
2026-07-14 10:50:00+00:00,1310.91,163.11,1496.3599853515625
2026-07-14 10:55:00+00:00,1311.39,163.09,1496.6500244140625
2026-07-14 11:00:00+00:00,1295.12,161.93,1497.1199951171875
2026-07-14 11:05:00+00:00,1295.95,161.99,1497.06005859375
2026-07-14 11:10:00+00:00,1298.42,162.13,1496.4599609375
2026-07-14 11:15:00+00:00,1303.17,162.54,1496.8699951171875
2026-07-14 11:20:00+00:00,1307.98,162.87,1496.6300048828125
2026-07-14 11:25:00+00:00,1307.89,162.78,1495.989990234375
2026-07-14 11:30:00+00:00,1306.18,162.88,1495.949951171875
2026-07-14 11:35:00+00:00,1302.97,162.7,1495.510009765625
2026-07-14 11:40:00+00:00,1303.94,162.84,1495.2900390625
2026-07-14 11:45:00+00:00,1303.86,162.94,1495.1199951171875
2026-07-14 11:50:00+00:00,1303.62,162.94,1495.530029296875
2026-07-14 11:55:00+00:00,1300.72,162.41,1495.4300537109375
2026-07-14 12:00:00+00:00,1298.42,162.04,1495.1400146484375
2026-07-14 12:05:00+00:00,1296.72,161.61,1495.3499755859375
2026-07-14 12:10:00+00:00,1296.44,161.35,1495.0799560546875
2026-07-14 12:15:00+00:00,1296.67,161.25,1495.18994140625
2026-07-14 12:20:00+00:00,1303.71,161.99,1494.5799560546875
2026-07-14 12:25:00+00:00,1306.17,162.11,1494.239990234375
2026-07-14 12:30:00+00:00,1330.25,165.52,1488.1300048828125
2026-07-14 12:35:00+00:00,1323.51,164.87,1490.5799560546875
2026-07-14 12:40:00+00:00,1325.66,165.27,1488.0400390625
2026-07-14 12:45:00+00:00,1324.81,164.98,1487.8800048828125
2026-07-14 12:50:00+00:00,1321.62,164.75,1489.0999755859375
2026-07-14 12:55:00+00:00,1320.61,164.41,1489.0799560546875
2026-07-14 13:00:00+00:00,1329.11,165.99,1488.27001953125
2026-07-14 13:05:00+00:00,1333.63,166.81,1487.6199951171875
2026-07-14 13:10:00+00:00,1326.31,166.05,1487.6800537109375
2026-07-14 13:15:00+00:00,1326.4,166.06,1487.6500244140625
2026-07-14 13:20:00+00:00,1335.01,167.12,1487.550048828125
2026-07-14 13:25:00+00:00,1334.33,168.17,1486.9000244140625
2026-07-14 13:30:00+00:00,1323.58,167.86,1487.5799560546875
2026-07-14 13:35:00+00:00,1318.01,169.08,1486.260009765625
2026-07-14 13:40:00+00:00,1308.79,168.3,1487.1800537109375
2026-07-14 13:45:00+00:00,1319.45,170.23,1487.6800537109375
2026-07-14 13:50:00+00:00,1320.09,171.45,1486.97998046875
2026-07-14 13:55:00+00:00,1315.97,170.26,1486.449951171875
2026-07-14 14:00:00+00:00,1307.76,168.56,1486.75
2026-07-14 14:05:00+00:00,1298.96,166.18,1487.1400146484375
2026-07-14 14:10:00+00:00,1312.15,167.77,1487.1800537109375
2026-07-14 14:15:00+00:00,1311.73,169.13,1486.72998046875
2026-07-14 14:20:00+00:00,1308.71,168.76,1487.989990234375
2026-07-14 14:25:00+00:00,1317.09,169.25,1488.4200439453125
2026-07-14 14:30:00+00:00,1330.47,170.64,1487.280029296875
2026-07-14 14:35:00+00:00,1325.86,170.56,1487.9100341796875
2026-07-14 14:40:00+00:00,1321.36,170.06,1488.1800537109375
2026-07-14 14:45:00+00:00,1322.67,170.6,1488.469970703125
2026-07-14 14:50:00+00:00,1331.6,172.24,1488.5799560546875
2026-07-14 14:55:00+00:00,1338.59,174.5,1488.1099853515625
2026-07-14 15:00:00+00:00,1337.97,174.37,1487.3699951171875
2026-07-14 15:05:00+00:00,1346.32,178.11,1486.8900146484375
2026-07-14 15:10:00+00:00,1352.56,178.58,1487.5699462890625
2026-07-14 15:15:00+00:00,1348.78,178.22,1488.3599853515625
2026-07-14 15:20:00+00:00,1350.99,179.83,1488.6500244140625
2026-07-14 15:25:00+00:00,1351.77,180.39,1487.9200439453125
2026-07-14 15:30:00+00:00,1351.18,179.78,1488.5
2026-07-14 15:35:00+00:00,1353.48,181.22,1487.3800048828125
2026-07-14 15:40:00+00:00,1344.21,178.52,1489.97998046875
2026-07-14 15:45:00+00:00,1343.03,179.89,1490.0400390625
2026-07-14 15:50:00+00:00,1335.7,178.46,1490.3699951171875
2026-07-14 15:55:00+00:00,1334.71,178.14,1490.239990234375
2026-07-14 16:00:00+00:00,1340.34,179.4,1490.5400390625
2026-07-14 16:05:00+00:00,1340.81,179.81,1490.2900390625
2026-07-14 16:10:00+00:00,1340.74,181.46,1489.510009765625
2026-07-14 16:15:00+00:00,1346.33,181.51,1489.9599609375
2026-07-14 16:20:00+00:00,1351.97,185.03,1489.3900146484375
2026-07-14 16:25:00+00:00,1362.16,186.39,1489.469970703125
2026-07-14 16:30:00+00:00,1362.04,185.36,1489.4100341796875
2026-07-14 16:35:00+00:00,1358.7,184.36,1489.5799560546875
2026-07-14 16:40:00+00:00,1359.59,184.19,1488.9200439453125
2026-07-14 16:45:00+00:00,1355.01,181.78,1489.3199462890625
2026-07-14 16:50:00+00:00,1353.96,181.86,1489.280029296875
2026-07-14 16:55:00+00:00,1359.04,182.18,1488.97998046875
2026-07-14 17:00:00+00:00,1361.04,184.21,1489.9599609375
2026-07-14 17:05:00+00:00,1358.63,184.3,1489.3299560546875
2026-07-14 17:10:00+00:00,1357.14,182.92,1490.22998046875
2026-07-14 17:15:00+00:00,1361.8,183.61,1489.8800048828125
2026-07-14 17:20:00+00:00,1360.81,183.59,1489.469970703125
2026-07-14 17:25:00+00:00,1363.12,184.24,1489.2099609375
2026-07-14 17:30:00+00:00,1361.12,184.86,1489.3699951171875
2026-07-14 17:35:00+00:00,1364.12,185.11,1489.550048828125
2026-07-14 17:40:00+00:00,1357.63,184.99,1489.530029296875
2026-07-14 17:45:00+00:00,1354.91,184.02,1489.550048828125
2026-07-14 17:50:00+00:00,1356.62,183.81,1488.300048828125
2026-07-14 17:55:00+00:00,1355.59,183.47,1489.1500244140625
2026-07-14 18:00:00+00:00,1354.87,183.27,1488.97998046875
2026-07-14 18:05:00+00:00,1356.09,184.66,1488.9300537109375
2026-07-14 18:10:00+00:00,1355.7,185.31,1487.8599853515625
2026-07-14 18:15:00+00:00,1362.84,188.09,1488.9100341796875
2026-07-14 18:20:00+00:00,1359.15,188.27,1488.9599609375
2026-07-14 18:25:00+00:00,1362.67,188.32,1487.9100341796875
2026-07-14 18:30:00+00:00,1368.68,188.9,1489.0
2026-07-14 18:35:00+00:00,1373.08,188.37,1489.0799560546875
2026-07-14 18:40:00+00:00,1368.43,187.1,1490.010009765625
2026-07-14 18:45:00+00:00,1367.9,186.22,1488.530029296875
2026-07-14 18:50:00+00:00,1367.6,185.34,1489.0999755859375
2026-07-14 18:55:00+00:00,1366.76,186.09,1488.6500244140625
2026-07-14 19:00:00+00:00,1366.99,185.94,1488.77001953125
2026-07-14 19:05:00+00:00,1364.53,185.09,1488.8499755859375
2026-07-14 19:10:00+00:00,1371.9,187.0,1488.8900146484375
2026-07-14 19:15:00+00:00,1371.66,186.84,1489.0400390625
2026-07-14 19:20:00+00:00,1379.23,188.41,1488.8699951171875
2026-07-14 19:25:00+00:00,1375.93,188.75,1489.1500244140625
2026-07-14 19:30:00+00:00,1378.49,188.2,1489.3599853515625
2026-07-14 19:35:00+00:00,1381.99,189.44,1489.18994140625
2026-07-14 19:40:00+00:00,1379.81,188.76,1488.949951171875
2026-07-14 19:45:00+00:00,1379.49,189.21,1489.0400390625
2026-07-14 19:50:00+00:00,1388.1,190.7,1489.0799560546875
2026-07-14 19:55:00+00:00,1387.55,193.56,1489.1099853515625
2026-07-14 20:00:00+00:00,1384.89,190.35,1488.8199462890625
2026-07-14 20:05:00+00:00,1386.43,190.69,1488.8399658203125
2026-07-14 20:10:00+00:00,1387.11,190.45,1488.8399658203125
2026-07-14 20:15:00+00:00,1387.28,190.29,1489.1099853515625
2026-07-14 20:20:00+00:00,1388.5,190.38,1488.760009765625
2026-07-14 20:25:00+00:00,1388.22,190.14,1488.8699951171875
2026-07-14 20:30:00+00:00,1383.19,189.92,1489.0899658203125
2026-07-14 20:35:00+00:00,1382.78,190.93,1488.77001953125
2026-07-14 20:40:00+00:00,1379.89,190.03,1488.6199951171875
2026-07-14 20:45:00+00:00,1374.16,190.12,1488.68994140625
2026-07-14 20:50:00+00:00,1375.19,190.22,1489.5899658203125
2026-07-14 20:55:00+00:00,1373.78,189.45,1489.0400390625
2026-07-14 21:00:00+00:00,1367.1,186.1,1489.0899658203125
2026-07-14 21:05:00+00:00,1366.94,186.72,1488.1800537109375
2026-07-14 21:10:00+00:00,1368.02,187.17,1488.3299560546875
2026-07-14 21:15:00+00:00,1375.55,187.18,1488.760009765625
2026-07-14 21:20:00+00:00,1381.27,187.84,1488.6700439453125
2026-07-14 21:25:00+00:00,1382.24,188.37,1488.719970703125
2026-07-14 21:30:00+00:00,1382.92,188.01,1488.27001953125
2026-07-14 21:35:00+00:00,1385.0,186.78,1488.219970703125
2026-07-14 21:40:00+00:00,1380.65,184.94,1488.22998046875
2026-07-14 21:45:00+00:00,1383.35,184.73,1488.2900390625
2026-07-14 21:50:00+00:00,1377.3,183.91,1488.22998046875
2026-07-14 21:55:00+00:00,1372.78,182.66,1488.2099609375
2026-07-14 22:00:00+00:00,1370.23,182.8,1488.1600341796875
2026-07-14 22:05:00+00:00,1366.58,183.73,1488.18994140625
2026-07-14 22:10:00+00:00,1364.39,182.62,1488.4000244140625
2026-07-14 22:15:00+00:00,1364.66,182.84,1488.3699951171875
2026-07-14 22:20:00+00:00,1365.58,183.28,1488.3800048828125
2026-07-14 22:25:00+00:00,1358.29,182.79,1488.4000244140625
2026-07-14 22:30:00+00:00,1359.29,183.33,1488.3599853515625
2026-07-14 22:35:00+00:00,1360.11,183.78,1488.3800048828125
2026-07-14 22:40:00+00:00,1362.94,183.71,1488.6300048828125
2026-07-14 22:45:00+00:00,1363.42,184.64,1488.5799560546875
2026-07-14 22:50:00+00:00,1366.57,186.15,1488.56005859375
2026-07-14 22:55:00+00:00,1367.62,186.38,1488.5999755859375
2026-07-14 23:00:00+00:00,1400.65,186.76,1487.0899658203125
2026-07-14 23:05:00+00:00,1397.9,186.26,1487.5899658203125
2026-07-14 23:10:00+00:00,1399.4,187.46,1487.5400390625
2026-07-14 23:15:00+00:00,1399.71,186.55,1487.1099853515625
2026-07-14 23:20:00+00:00,1395.32,185.08,1487.0999755859375
2026-07-14 23:25:00+00:00,1402.71,185.75,1487.22998046875
2026-07-14 23:30:00+00:00,1409.15,186.82,1486.7900390625
2026-07-14 23:35:00+00:00,1408.58,186.13,1486.7900390625
2026-07-14 23:40:00+00:00,1403.34,185.51,1487.0
2026-07-14 23:45:00+00:00,1414.85,185.8,1487.489990234375
2026-07-14 23:50:00+00:00,1412.6,185.81,1486.93994140625
2026-07-14 23:55:00+00:00,1414.4,185.83,1488.1800537109375
2026-07-15 00:00:00+00:00,1402.15,187.75,1488.0799560546875
2026-07-15 00:05:00+00:00,1396.85,185.71,1490.0799560546875
2026-07-15 00:10:00+00:00,1413.2,187.1,1489.5799560546875
2026-07-15 00:15:00+00:00,1428.0,190.59,1489.699951171875
2026-07-15 00:20:00+00:00,1430.2,190.78,1489.93994140625
2026-07-15 00:25:00+00:00,1443.22,192.49,1488.3800048828125
2026-07-15 00:30:00+00:00,1434.54,192.37,1489.6199951171875
2026-07-15 00:35:00+00:00,1422.28,190.7,1490.1800537109375
2026-07-15 00:40:00+00:00,1424.05,190.85,1490.0
2026-07-15 00:45:00+00:00,1429.5,190.88,1490.280029296875
2026-07-15 00:50:00+00:00,1435.76,191.5,1489.0799560546875
2026-07-15 00:55:00+00:00,1437.4,191.82,1488.280029296875
2026-07-15 01:00:00+00:00,1422.78,189.58,1488.6800537109375
2026-07-15 01:05:00+00:00,1411.2,187.82,1489.47998046875
2026-07-15 01:10:00+00:00,1409.16,188.04,1488.6800537109375
2026-07-15 01:15:00+00:00,1418.35,188.7,1488.4000244140625
2026-07-15 01:20:00+00:00,1419.16,188.59,1489.3699951171875
2026-07-15 01:25:00+00:00,1425.93,189.99,1489.0799560546875
2026-07-15 01:30:00+00:00,1408.95,187.63,1489.47998046875
2026-07-15 01:35:00+00:00,1410.52,188.36,1489.47998046875
2026-07-15 01:40:00+00:00,1387.93,186.42,1490.6800537109375
2026-07-15 01:45:00+00:00,1400.16,187.54,1490.780029296875
2026-07-15 01:50:00+00:00,1406.05,188.36,1490.1800537109375
2026-07-15 01:55:00+00:00,1415.59,188.7,1490.6800537109375
2026-07-15 02:00:00+00:00,1424.6,189.4,1489.780029296875
2026-07-15 02:05:00+00:00,1427.18,189.41,1490.3800048828125
2026-07-15 02:10:00+00:00,1428.26,189.56,1491.0799560546875
2026-07-15 02:15:00+00:00,1427.32,189.4,1490.6800537109375
2026-07-15 02:20:00+00:00,1422.8,188.66,1490.47998046875
2026-07-15 02:25:00+00:00,1422.9,189.6,1490.280029296875
2026-07-15 02:30:00+00:00,1425.37,189.37,1489.8699951171875
2026-07-15 02:35:00+00:00,1423.71,188.87,1489.31005859375
2026-07-15 02:40:00+00:00,1429.88,189.95,1489.3499755859375
2026-07-15 02:45:00+00:00,1433.57,189.64,1489.0799560546875
2026-07-15 02:50:00+00:00,1422.21,188.54,1489.8800048828125
2026-07-15 02:55:00+00:00,1418.37,187.57,1490.280029296875
2026-07-15 03:00:00+00:00,1422.09,188.5,1490.0799560546875
2026-07-15 03:05:00+00:00,1425.76,188.66,1490.27001953125
2026-07-15 03:10:00+00:00,1427.44,188.75,1490.489990234375
2026-07-15 03:15:00+00:00,1428.78,188.59,1491.1300048828125
2026-07-15 03:20:00+00:00,1430.26,188.5,1490.6700439453125
2026-07-15 03:25:00+00:00,1435.5,189.64,1490.780029296875
2026-07-15 03:30:00+00:00,1439.29,190.02,1491.1400146484375
2026-07-15 03:35:00+00:00,1438.55,190.43,1491.0400390625
2026-07-15 03:40:00+00:00,1435.45,189.28,1491.47998046875
2026-07-15 03:45:00+00:00,1447.97,190.78,1492.0799560546875
2026-07-15 03:50:00+00:00,1451.81,191.19,1491.3599853515625
2026-07-15 03:55:00+00:00,1448.36,190.73,1491.5799560546875
2026-07-15 04:00:00+00:00,1450.61,191.85,1491.3599853515625
2026-07-15 04:05:00+00:00,1445.11,190.81,1492.27001953125
2026-07-15 04:10:00+00:00,1446.12,190.08,1492.3800048828125
2026-07-15 04:15:00+00:00,1449.01,190.23,1491.6800537109375
2026-07-15 04:20:00+00:00,1447.66,190.08,1491.6400146484375
2026-07-15 04:25:00+00:00,1441.4,188.96,1491.780029296875
2026-07-15 04:30:00+00:00,1439.23,188.67,1492.280029296875
2026-07-15 04:35:00+00:00,1445.92,189.42,1491.8800048828125
2026-07-15 04:40:00+00:00,1441.3,189.61,1491.780029296875
2026-07-15 04:45:00+00:00,1441.6,189.82,1491.6400146484375
2026-07-15 04:50:00+00:00,1436.82,189.26,1491.8699951171875
2026-07-15 04:55:00+00:00,1439.78,189.62,1491.7900390625
2026-07-15 05:00:00+00:00,1430.71,189.26,1491.8800048828125
2026-07-15 05:05:00+00:00,1432.29,189.11,1491.1800537109375
2026-07-15 05:10:00+00:00,1419.85,187.83,1490.5799560546875
2026-07-15 05:15:00+00:00,1422.25,188.28,1490.8199462890625
2026-07-15 05:20:00+00:00,1412.84,186.93,1490.5
2026-07-15 05:25:00+00:00,1404.1,186.1,1490.0799560546875
2026-07-15 05:30:00+00:00,1410.98,187.16,1489.3800048828125
2026-07-15 05:35:00+00:00,1415.01,187.75,1489.47998046875
2026-07-15 05:40:00+00:00,1403.08,186.71,1487.0799560546875
2026-07-15 05:45:00+00:00,1412.66,187.41,1485.5799560546875
2026-07-15 05:50:00+00:00,1412.37,187.43,1486.47998046875
2026-07-15 05:55:00+00:00,1424.52,187.88,1485.47998046875
2026-07-15 06:00:00+00:00,1422.07,188.26,1487.47998046875
2026-07-15 06:05:00+00:00,1420.38,188.04,1487.47998046875
2026-07-15 06:10:00+00:00,1414.99,187.74,1485.97998046875
2026-07-15 06:15:00+00:00,1409.25,187.66,1485.969970703125
2026-07-15 06:20:00+00:00,1403.45,187.43,1487.800048828125
2026-07-15 06:25:00+00:00,1406.64,187.55,1484.3800048828125
2026-07-15 06:30:00+00:00,1398.74,186.86,1487.0799560546875
2026-07-15 06:35:00+00:00,1399.14,187.53,1487.0799560546875
2026-07-15 06:40:00+00:00,1390.05,187.12,1488.1700439453125
2026-07-15 06:45:00+00:00,1386.58,187.33,1488.72998046875
2026-07-15 06:50:00+00:00,1391.45,187.35,1488.72998046875
2026-07-15 06:55:00+00:00,1396.53,187.41,1488.72998046875
2026-07-15 07:00:00+00:00,1392.99,187.82,1488.9000244140625
2026-07-15 07:05:00+00:00,1390.97,187.78,1488.9000244140625
2026-07-15 07:10:00+00:00,1389.32,187.53,1488.9000244140625
2026-07-15 07:15:00+00:00,1386.34,187.52,1488.9000244140625
2026-07-15 07:20:00+00:00,1381.12,186.75,1488.9000244140625
2026-07-15 07:25:00+00:00,1380.18,186.28,1488.9000244140625
2026-07-15 07:30:00+00:00,1385.27,185.36,1491.5999755859375
2026-07-15 07:35:00+00:00,1388.32,185.26,1491.5999755859375
2026-07-15 07:40:00+00:00,1378.61,184.12,1491.5999755859375
2026-07-15 07:45:00+00:00,1380.21,184.27,1491.5999755859375
2026-07-15 07:50:00+00:00,1379.88,183.12,1491.5999755859375
2026-07-15 07:55:00+00:00,1384.23,184.92,1491.5999755859375
2026-07-15 08:00:00+00:00,1368.05,181.66,1491.800048828125
2026-07-15 08:05:00+00:00,1371.3,183.0,1491.800048828125
2026-07-15 08:10:00+00:00,1365.95,182.27,1491.800048828125
2026-07-15 08:15:00+00:00,1363.3,181.9,1491.800048828125
2026-07-15 08:20:00+00:00,1361.44,182.04,1491.800048828125
2026-07-15 08:25:00+00:00,1371.52,183.69,1491.800048828125
2026-07-15 08:30:00+00:00,1365.71,183.68,1491.800048828125
2026-07-15 08:35:00+00:00,1369.6,183.39,1491.800048828125
2026-07-15 08:40:00+00:00,1369.48,183.28,1492.4000244140625
2026-07-15 08:45:00+00:00,1368.34,182.78,1492.4000244140625
2026-07-15 08:50:00+00:00,1367.88,182.24,1492.4000244140625
2026-07-15 08:55:00+00:00,1371.33,182.55,1492.4000244140625
2026-07-15 09:00:00+00:00,1377.5,183.12,1492.4000244140625
2026-07-15 09:05:00+00:00,1376.22,183.19,1492.4000244140625
2026-07-15 09:10:00+00:00,1372.17,183.08,1492.4000244140625
2026-07-15 09:15:00+00:00,1368.71,183.19,1491.0
2026-07-15 09:20:00+00:00,1374.24,183.14,1491.0
2026-07-15 09:25:00+00:00,1370.73,182.58,1491.0
2026-07-15 09:30:00+00:00,1368.47,182.13,1491.0
2026-07-15 09:35:00+00:00,1366.33,181.57,1491.0
2026-07-15 09:40:00+00:00,1367.04,181.59,1492.0999755859375
2026-07-15 09:45:00+00:00,1360.74,180.69,1492.0999755859375
2026-07-15 09:50:00+00:00,1368.68,181.03,1492.0999755859375
2026-07-15 09:55:00+00:00,1370.05,181.2,1492.0999755859375
2026-07-15 10:00:00+00:00,1365.48,180.78,1493.800048828125
2026-07-15 10:05:00+00:00,1367.51,180.56,1493.800048828125
2026-07-15 10:10:00+00:00,1369.77,182.05,1493.800048828125
2026-07-15 10:15:00+00:00,1369.16,182.33,1493.800048828125
2026-07-15 10:20:00+00:00,1369.8,182.59,1493.800048828125
2026-07-15 10:25:00+00:00,1365.04,181.51,1493.800048828125
2026-07-15 10:30:00+00:00,1363.85,180.68,1493.800048828125
2026-07-15 10:35:00+00:00,1367.2,181.71,1493.800048828125
2026-07-15 10:40:00+00:00,1362.13,181.15,1493.800048828125
2026-07-15 10:45:00+00:00,1368.01,181.87,1493.800048828125
2026-07-15 10:50:00+00:00,1368.3,181.66,1493.800048828125
2026-07-15 10:55:00+00:00,1369.01,182.2,1493.800048828125
2026-07-15 11:00:00+00:00,1375.15,182.78,1493.800048828125
2026-07-15 11:05:00+00:00,1375.28,183.11,1493.800048828125
2026-07-15 11:10:00+00:00,1371.96,182.63,1493.800048828125
2026-07-15 11:15:00+00:00,1372.32,182.3,1493.800048828125
2026-07-15 11:20:00+00:00,1367.5,181.93,1493.800048828125
2026-07-15 11:25:00+00:00,1365.98,182.48,1493.800048828125
2026-07-15 11:30:00+00:00,1369.6,182.71,1493.800048828125
2026-07-15 11:35:00+00:00,1375.97,183.0,1493.800048828125
2026-07-15 11:40:00+00:00,1376.35,182.62,1493.800048828125
2026-07-15 11:45:00+00:00,1376.02,182.64,1493.800048828125
2026-07-15 11:50:00+00:00,1370.54,182.11,1493.800048828125
2026-07-15 11:55:00+00:00,1371.81,182.12,1493.800048828125
2026-07-15 12:00:00+00:00,1368.23,181.57,1493.800048828125
2026-07-15 12:05:00+00:00,1369.36,181.24,1493.800048828125
2026-07-15 12:10:00+00:00,1367.1,180.75,1493.800048828125
2026-07-15 12:15:00+00:00,1363.21,180.24,1493.800048828125
2026-07-15 12:20:00+00:00,1365.4,181.13,1492.0400390625
2026-07-15 12:25:00+00:00,1369.47,181.48,1492.0400390625
2026-07-15 12:30:00+00:00,1371.34,181.16,1490.1500244140625
2026-07-15 12:35:00+00:00,1367.58,180.95,1490.47998046875
2026-07-15 12:40:00+00:00,1370.8,181.21,1490.02001953125
2026-07-15 12:45:00+00:00,1375.94,181.07,1489.489990234375
2026-07-15 12:50:00+00:00,1357.56,180.06,1489.97998046875
2026-07-15 12:55:00+00:00,1344.19,179.11,1489.260009765625
2026-07-15 13:00:00+00:00,1351.09,179.7,1488.9599609375
2026-07-15 13:05:00+00:00,1349.34,178.92,1489.3800048828125
2026-07-15 13:10:00+00:00,1350.19,178.52,1490.280029296875
2026-07-15 13:15:00+00:00,1353.46,179.32,1489.780029296875
2026-07-15 13:20:00+00:00,1356.56,180.38,1490.0699462890625
2026-07-15 13:25:00+00:00,1355.61,181.81,1490.47998046875
2026-07-15 13:30:00+00:00,1350.91,177.27,1490.280029296875
2026-07-15 13:35:00+00:00,1345.03,179.3,1489.8800048828125
2026-07-15 13:40:00+00:00,1350.5,182.96,1489.969970703125
2026-07-15 13:45:00+00:00,1341.28,181.24,1489.969970703125
2026-07-15 13:50:00+00:00,1346.0,180.65,1489.969970703125
2026-07-15 13:55:00+00:00,1354.61,183.83,1489.969970703125
2026-07-15 14:00:00+00:00,1349.28,183.95,1489.969970703125
2026-07-15 14:05:00+00:00,1348.39,185.4,1489.969970703125
2026-07-15 14:10:00+00:00,1334.49,182.44,1489.969970703125
2026-07-15 14:15:00+00:00,1330.21,181.67,1489.969970703125
2026-07-15 14:20:00+00:00,1305.18,175.39,1489.969970703125
2026-07-15 14:25:00+00:00,1320.0,178.57,1489.969970703125
2026-07-15 14:30:00+00:00,1314.49,175.51,1489.969970703125
2026-07-15 14:35:00+00:00,1299.64,172.47,1489.969970703125
2026-07-15 14:40:00+00:00,1313.35,173.75,1490.8499755859375
2026-07-15 14:45:00+00:00,1318.83,175.32,1491.0799560546875
2026-07-15 14:50:00+00:00,1313.7,174.46,1491.4200439453125
2026-07-15 14:55:00+00:00,1315.42,174.85,1490.489990234375
2026-07-15 15:00:00+00:00,1309.18,173.32,1490.5799560546875
2026-07-15 15:05:00+00:00,1320.98,175.78,1490.68994140625
2026-07-15 15:10:00+00:00,1313.75,173.81,1491.280029296875
2026-07-15 15:15:00+00:00,1319.37,174.99,1490.969970703125
2026-07-15 15:20:00+00:00,1313.55,173.52,1490.0799560546875
2026-07-15 15:25:00+00:00,1322.98,175.39,1489.31005859375
2026-07-15 15:30:00+00:00,1326.97,175.87,1489.0799560546875
2026-07-15 15:35:00+00:00,1323.13,173.96,1489.3599853515625
2026-07-15 15:40:00+00:00,1319.57,173.28,1488.31005859375
2026-07-15 15:45:00+00:00,1318.11,172.32,1488.5899658203125
2026-07-15 15:50:00+00:00,1317.48,171.74,1488.6099853515625
2026-07-15 15:55:00+00:00,1318.32,171.12,1488.280029296875
2026-07-15 16:00:00+00:00,1307.58,169.83,1488.949951171875
2026-07-15 16:05:00+00:00,1299.94,167.27,1488.280029296875
2026-07-15 16:10:00+00:00,1298.14,167.54,1488.4100341796875
2026-07-15 16:15:00+00:00,1281.64,168.48,1488.6199951171875
2026-07-15 16:20:00+00:00,1277.11,166.77,1488.280029296875
2026-07-15 16:25:00+00:00,1285.18,169.26,1488.0999755859375
2026-07-15 16:30:00+00:00,1278.99,168.86,1488.449951171875
2026-07-15 16:35:00+00:00,1280.22,168.28,1488.3499755859375
2026-07-15 16:40:00+00:00,1284.46,169.69,1488.4300537109375
2026-07-15 16:45:00+00:00,1292.04,171.86,1488.280029296875
2026-07-15 16:50:00+00:00,1294.66,172.09,1487.949951171875
2026-07-15 16:55:00+00:00,1294.72,172.83,1487.9300537109375
2026-07-15 17:00:00+00:00,1295.32,173.39,1487.81005859375
2026-07-15 17:05:00+00:00,1298.4,174.12,1487.3800048828125
2026-07-15 17:10:00+00:00,1295.27,173.1,1487.780029296875
2026-07-15 17:15:00+00:00,1299.55,173.42,1488.1500244140625
2026-07-15 17:20:00+00:00,1308.74,175.55,1487.6800537109375
2026-07-15 17:25:00+00:00,1309.9,175.31,1487.780029296875
2026-07-15 17:30:00+00:00,1310.68,174.71,1487.510009765625
2026-07-15 17:35:00+00:00,1309.86,174.96,1486.1300048828125
2026-07-15 17:40:00+00:00,1311.95,174.68,1485.43994140625
2026-07-15 17:45:00+00:00,1313.26,175.0,1485.75
2026-07-15 17:50:00+00:00,1312.6,174.7,1485.4200439453125
2026-07-15 17:55:00+00:00,1311.26,175.84,1485.4599609375
2026-07-15 18:00:00+00:00,1316.35,177.96,1485.8800048828125
2026-07-15 18:05:00+00:00,1323.59,179.81,1485.219970703125
2026-07-15 18:10:00+00:00,1314.04,177.25,1485.239990234375
2026-07-15 18:15:00+00:00,1315.46,178.82,1485.1600341796875
2026-07-15 18:20:00+00:00,1322.0,180.21,1486.0799560546875
2026-07-15 18:25:00+00:00,1321.09,179.61,1484.760009765625
2026-07-15 18:30:00+00:00,1323.61,179.86,1484.4000244140625
2026-07-15 18:35:00+00:00,1317.19,178.09,1485.2099609375
2026-07-15 18:40:00+00:00,1311.25,176.68,1485.5899658203125
2026-07-15 18:45:00+00:00,1313.79,177.69,1485.969970703125
2026-07-15 18:50:00+00:00,1308.93,176.37,1486.199951171875
2026-07-15 18:55:00+00:00,1306.5,175.38,1486.239990234375
2026-07-15 19:00:00+00:00,1311.86,176.67,1486.239990234375
2026-07-15 19:05:00+00:00,1308.29,175.32,1485.530029296875
2026-07-15 19:10:00+00:00,1308.69,174.53,1485.8399658203125
2026-07-15 19:15:00+00:00,1306.71,173.71,1485.97998046875
2026-07-15 19:20:00+00:00,1311.71,174.19,1486.0899658203125
2026-07-15 19:25:00+00:00,1323.79,175.42,1486.1099853515625
2026-07-15 19:30:00+00:00,1320.2,174.14,1486.27001953125
2026-07-15 19:35:00+00:00,1321.75,174.82,1486.3199462890625
2026-07-15 19:40:00+00:00,1322.7,175.86,1486.3699951171875
2026-07-15 19:45:00+00:00,1320.6,174.56,1486.3299560546875
2026-07-15 19:50:00+00:00,1321.59,176.26,1486.2099609375
2026-07-15 19:55:00+00:00,1318.81,176.32,1486.199951171875
2026-07-15 20:00:00+00:00,1317.94,176.03,1485.6099853515625
2026-07-15 20:05:00+00:00,1315.55,175.3,1486.06005859375
2026-07-15 20:10:00+00:00,1312.15,173.94,1486.699951171875
2026-07-15 20:15:00+00:00,1318.21,174.5,1485.93994140625
2026-07-15 20:20:00+00:00,1321.43,174.36,1485.6099853515625
2026-07-15 20:25:00+00:00,1320.09,173.89,1485.3499755859375
2026-07-15 20:30:00+00:00,1325.5,173.95,1485.4599609375
2026-07-15 20:35:00+00:00,1326.27,173.7,1485.010009765625
2026-07-15 20:40:00+00:00,1324.69,173.87,1485.1099853515625
2026-07-15 20:45:00+00:00,1325.02,174.13,1485.0899658203125
2026-07-15 20:50:00+00:00,1327.36,174.15,1484.97998046875
2026-07-15 20:55:00+00:00,1328.93,173.91,1485.02001953125
2026-07-15 21:00:00+00:00,1326.65,173.99,1485.0
2026-07-15 21:05:00+00:00,1325.08,173.72,1486.0400390625
2026-07-15 21:10:00+00:00,1323.03,173.35,1486.300048828125
2026-07-15 21:15:00+00:00,1321.01,173.12,1486.81005859375
2026-07-15 21:20:00+00:00,1320.81,173.22,1486.4599609375
2026-07-15 21:25:00+00:00,1321.25,173.17,1486.5899658203125
2026-07-15 21:30:00+00:00,1323.44,173.5,1486.010009765625
2026-07-15 21:35:00+00:00,1325.95,173.26,1486.010009765625
2026-07-15 21:40:00+00:00,1327.01,173.57,1486.0400390625
2026-07-15 21:45:00+00:00,1326.45,173.66,1485.969970703125
2026-07-15 21:50:00+00:00,1325.19,173.41,1486.0400390625
2026-07-15 21:55:00+00:00,1322.12,173.08,1485.6099853515625
2026-07-15 22:00:00+00:00,1322.67,173.24,1486.1400146484375
2026-07-15 22:05:00+00:00,1319.15,173.27,1486.010009765625
2026-07-15 22:10:00+00:00,1317.47,173.01,1487.199951171875
2026-07-15 22:15:00+00:00,1312.96,172.14,1486.4599609375
2026-07-15 22:20:00+00:00,1308.94,171.41,1486.489990234375
2026-07-15 22:25:00+00:00,1306.3,171.22,1487.1099853515625
2026-07-15 22:30:00+00:00,1303.67,170.94,1486.449951171875
2026-07-15 22:35:00+00:00,1301.52,170.75,1486.6300048828125
2026-07-15 22:40:00+00:00,1300.42,170.42,1486.5
2026-07-15 22:45:00+00:00,1304.41,170.71,1486.47998046875
2026-07-15 22:50:00+00:00,1305.38,171.25,1486.550048828125
2026-07-15 22:55:00+00:00,1306.0,171.51,1486.5400390625
2026-07-15 23:00:00+00:00,1306.68,170.78,1486.550048828125
2026-07-15 23:05:00+00:00,1312.18,171.22,1485.0400390625
2026-07-15 23:10:00+00:00,1305.38,171.34,1485.5699462890625
2026-07-15 23:15:00+00:00,1306.69,170.94,1484.9000244140625
2026-07-15 23:20:00+00:00,1306.18,171.22,1484.8599853515625
2026-07-15 23:25:00+00:00,1304.19,171.37,1485.5799560546875
2026-07-15 23:30:00+00:00,1299.57,170.76,1485.4599609375
2026-07-15 23:35:00+00:00,1301.27,170.26,1485.1400146484375
2026-07-15 23:40:00+00:00,1298.46,170.55,1485.3900146484375
2026-07-15 23:45:00+00:00,1287.57,169.8,1487.300048828125
2026-07-15 23:50:00+00:00,1286.33,169.87,1486.739990234375
2026-07-15 23:55:00+00:00,1287.15,170.04,1486.699951171875
2026-07-16 00:00:00+00:00,1285.16,169.68,1486.280029296875
2026-07-16 00:05:00+00:00,1286.05,170.84,1485.06005859375
2026-07-16 00:10:00+00:00,1292.09,171.74,1484.8800048828125
2026-07-16 00:15:00+00:00,1264.06,169.26,1485.4200439453125
2026-07-16 00:20:00+00:00,1278.06,170.74,1484.3800048828125
2026-07-16 00:25:00+00:00,1274.25,170.42,1484.239990234375
2026-07-16 00:30:00+00:00,1268.45,170.06,1484.8699951171875
2026-07-16 00:35:00+00:00,1257.37,169.3,1486.030029296875
2026-07-16 00:40:00+00:00,1252.56,167.9,1485.9100341796875
2026-07-16 00:45:00+00:00,1254.62,167.05,1485.5799560546875
2026-07-16 00:50:00+00:00,1255.34,167.79,1486.8800048828125
2026-07-16 00:55:00+00:00,1250.51,167.09,1487.3800048828125
2026-07-16 01:00:00+00:00,1264.26,169.39,1487.47998046875
2026-07-16 01:05:00+00:00,1251.58,168.13,1487.47998046875
2026-07-16 01:10:00+00:00,1243.1,166.88,1487.06005859375
2026-07-16 01:15:00+00:00,1237.94,165.71,1486.97998046875
2026-07-16 01:20:00+00:00,1239.83,166.87,1487.0799560546875
2026-07-16 01:25:00+00:00,1241.38,166.85,1487.43994140625
2026-07-16 01:30:00+00:00,1243.93,166.57,1487.1800537109375
2026-07-16 01:35:00+00:00,1257.2,168.45,1487.6099853515625
2026-07-16 01:40:00+00:00,1249.93,168.06,1487.97998046875
2026-07-16 01:45:00+00:00,1263.08,169.89,1487.780029296875
2026-07-16 01:50:00+00:00,1262.2,169.95,1488.0400390625
2026-07-16 01:55:00+00:00,1252.58,169.06,1487.780029296875
2026-07-16 02:00:00+00:00,1243.84,168.16,1487.97998046875
2026-07-16 02:05:00+00:00,1242.78,168.14,1487.97998046875
2026-07-16 02:10:00+00:00,1245.5,168.98,1487.5799560546875
2026-07-16 02:15:00+00:00,1250.4,169.41,1486.6800537109375
2026-07-16 02:20:00+00:00,1258.38,170.11,1485.780029296875
2026-07-16 02:25:00+00:00,1260.16,170.31,1485.0799560546875
2026-07-16 02:30:00+00:00,1257.86,169.93,1485.8399658203125
2026-07-16 02:35:00+00:00,1258.04,170.64,1485.1800537109375
2026-07-16 02:40:00+00:00,1251.61,169.49,1484.6800537109375
2026-07-16 02:45:00+00:00,1265.45,170.9,1484.97998046875
2026-07-16 02:50:00+00:00,1263.92,171.03,1485.3800048828125
2026-07-16 02:55:00+00:00,1262.7,170.85,1482.8800048828125
2026-07-16 03:00:00+00:00,1256.19,170.22,1484.1800537109375
2026-07-16 03:05:00+00:00,1267.3,171.56,1483.0799560546875
2026-07-16 03:10:00+00:00,1260.79,171.49,1483.8399658203125
2026-07-16 03:15:00+00:00,1252.01,169.9,1483.1800537109375
2026-07-16 03:20:00+00:00,1250.54,169.41,1483.780029296875
2026-07-16 03:25:00+00:00,1249.56,169.36,1483.3800048828125
2026-07-16 03:30:00+00:00,1253.65,170.4,1481.97998046875
2026-07-16 03:35:00+00:00,1246.61,169.62,1483.280029296875
2026-07-16 03:40:00+00:00,1246.36,169.34,1483.8499755859375
2026-07-16 03:45:00+00:00,1244.39,169.13,1483.4000244140625
2026-07-16 03:50:00+00:00,1248.46,169.8,1483.719970703125
2026-07-16 03:55:00+00:00,1254.35,170.22,1482.97998046875
2026-07-16 04:00:00+00:00,1252.31,169.7,1483.97998046875
2026-07-16 04:05:00+00:00,1247.53,169.0,1483.719970703125
2026-07-16 04:10:00+00:00,1254.72,169.15,1483.800048828125
2026-07-16 04:15:00+00:00,1243.77,167.84,1483.9599609375
2026-07-16 04:20:00+00:00,1243.52,168.52,1483.97998046875
2026-07-16 04:25:00+00:00,1241.68,168.07,1484.6800537109375
2026-07-16 04:30:00+00:00,1242.29,167.24,1483.97998046875
2026-07-16 04:35:00+00:00,1240.71,167.17,1484.3800048828125
2026-07-16 04:40:00+00:00,1243.64,168.19,1482.6800537109375
2026-07-16 04:45:00+00:00,1246.11,168.19,1482.5799560546875
2026-07-16 04:50:00+00:00,1245.35,168.43,1482.280029296875
2026-07-16 04:55:00+00:00,1246.2,168.55,1482.6800537109375
2026-07-16 05:00:00+00:00,1252.79,169.06,1481.47998046875
2026-07-16 05:05:00+00:00,1247.62,168.24,1482.5899658203125
2026-07-16 05:10:00+00:00,1261.88,169.97,1482.3800048828125
2026-07-16 05:15:00+00:00,1266.45,170.64,1482.3800048828125
2026-07-16 05:20:00+00:00,1272.79,171.81,1481.1800537109375
2026-07-16 05:25:00+00:00,1276.24,171.88,1480.47998046875
2026-07-16 05:30:00+00:00,1262.23,170.54,1480.949951171875
2026-07-16 05:35:00+00:00,1254.98,170.26,1482.5699462890625
2026-07-16 05:40:00+00:00,1259.11,170.68,1482.3800048828125
2026-07-16 05:45:00+00:00,1260.75,170.9,1482.3800048828125
2026-07-16 05:50:00+00:00,1261.45,171.19,1482.97998046875
2026-07-16 05:55:00+00:00,1262.45,171.15,1481.5799560546875
2026-07-16 06:00:00+00:00,1247.34,169.9,1483.3800048828125
2026-07-16 06:05:00+00:00,1245.3,169.25,1483.5799560546875
2026-07-16 06:10:00+00:00,1241.89,168.77,1482.280029296875
2026-07-16 06:15:00+00:00,1251.15,169.76,1482.47998046875
2026-07-16 06:20:00+00:00,1255.72,169.75,1480.8800048828125
2026-07-16 06:25:00+00:00,1253.87,169.79,1479.780029296875
2026-07-16 06:30:00+00:00,1254.92,169.85,1480.8800048828125
2026-07-16 06:35:00+00:00,1252.96,169.08,1480.6800537109375
2026-07-16 06:40:00+00:00,1249.97,168.91,1480.0699462890625
2026-07-16 06:45:00+00:00,1251.22,169.22,1478.3699951171875
2026-07-16 06:50:00+00:00,1251.53,168.74,1477.6800537109375
2026-07-16 06:55:00+00:00,1253.66,168.9,1478.280029296875
2026-07-16 07:00:00+00:00,1253.63,169.04,1478.0799560546875
2026-07-16 07:05:00+00:00,1252.07,168.64,1477.47998046875
2026-07-16 07:10:00+00:00,1248.12,167.91,1477.219970703125
2026-07-16 07:15:00+00:00,1243.97,167.92,1476.97998046875
2026-07-16 07:20:00+00:00,1243.54,168.05,1477.280029296875
2026-07-16 07:25:00+00:00,1245.4,167.93,1477.77001953125
2026-07-16 07:30:00+00:00,1244.23,167.74,1477.3800048828125
2026-07-16 07:35:00+00:00,1241.21,166.67,1478.47998046875
2026-07-16 07:40:00+00:00,1237.78,166.31,1479.1800537109375
2026-07-16 07:45:00+00:00,1235.7,166.05,1478.0
2026-07-16 07:50:00+00:00,1240.06,166.53,1478.280029296875
2026-07-16 07:55:00+00:00,1238.44,166.54,1477.8399658203125
2026-07-16 08:00:00+00:00,1237.89,165.77,1478.260009765625
2026-07-16 08:05:00+00:00,1231.07,164.49,1478.1800537109375
2026-07-16 08:10:00+00:00,1228.82,163.43,1478.800048828125
2026-07-16 08:15:00+00:00,1230.64,164.43,1478.510009765625
2026-07-16 08:20:00+00:00,1232.13,164.49,1478.8900146484375
2026-07-16 08:25:00+00:00,1237.51,164.84,1478.8199462890625
2026-07-16 08:30:00+00:00,1238.81,165.67,1478.72998046875
2026-07-16 08:35:00+00:00,1240.84,165.92,1478.72998046875
2026-07-16 08:40:00+00:00,1235.15,164.87,1478.780029296875
2026-07-16 08:45:00+00:00,1240.14,165.92,1479.0400390625
2026-07-16 08:50:00+00:00,1243.19,165.82,1479.3800048828125
2026-07-16 08:55:00+00:00,1247.16,166.39,1479.280029296875
2026-07-16 09:00:00+00:00,1248.25,166.03,1479.7099609375
2026-07-16 09:05:00+00:00,1245.44,165.97,1479.699951171875
2026-07-16 09:10:00+00:00,1246.25,166.4,1479.050048828125
2026-07-16 09:15:00+00:00,1246.37,166.36,1479.3299560546875
2026-07-16 09:20:00+00:00,1246.18,166.22,1479.760009765625
2026-07-16 09:25:00+00:00,1246.63,166.01,1479.8800048828125
2026-07-16 09:30:00+00:00,1245.67,165.86,1478.6800537109375
2026-07-16 09:35:00+00:00,1244.46,165.61,1479.6800537109375
2026-07-16 09:40:00+00:00,1242.89,165.14,1478.1800537109375
2026-07-16 09:45:00+00:00,1241.14,165.33,1478.8499755859375
2026-07-16 09:50:00+00:00,1240.33,165.16,1477.8800048828125
2026-07-16 09:55:00+00:00,1237.92,165.34,1479.0799560546875
2026-07-16 10:00:00+00:00,1238.82,165.39,1478.280029296875
2026-07-16 10:05:00+00:00,1241.4,165.93,1479.06005859375
2026-07-16 10:10:00+00:00,1241.56,166.03,1477.8299560546875
2026-07-16 10:15:00+00:00,1240.44,165.8,1478.1800537109375
2026-07-16 10:20:00+00:00,1240.15,165.5,1478.3599853515625
2026-07-16 10:25:00+00:00,1240.13,165.68,1478.7099609375
2026-07-16 10:30:00+00:00,1239.76,165.6,1477.97998046875
2026-07-16 10:35:00+00:00,1238.85,165.17,1478.2900390625
2026-07-16 10:40:00+00:00,1239.85,164.99,1478.3900146484375
2026-07-16 10:45:00+00:00,1240.82,165.05,1477.8699951171875
2026-07-16 10:50:00+00:00,1244.83,165.55,1477.8699951171875
2026-07-16 10:55:00+00:00,1247.28,165.82,1478.2099609375
2026-07-16 11:00:00+00:00,1243.12,165.43,1477.97998046875
2026-07-16 11:05:00+00:00,1242.94,164.82,1477.8900146484375
2026-07-16 11:10:00+00:00,1244.21,165.06,1477.97998046875
2026-07-16 11:15:00+00:00,1240.4,164.11,1478.5999755859375
2026-07-16 11:20:00+00:00,1245.51,164.92,1478.1700439453125
2026-07-16 11:25:00+00:00,1243.03,164.77,1478.6800537109375
2026-07-16 11:30:00+00:00,1240.0,164.51,1478.77001953125
2026-07-16 11:35:00+00:00,1238.75,164.45,1478.280029296875
2026-07-16 11:40:00+00:00,1235.36,164.19,1478.6199951171875
2026-07-16 11:45:00+00:00,1232.01,164.03,1478.0799560546875
2026-07-16 11:50:00+00:00,1229.36,163.65,1479.1199951171875
2026-07-16 11:55:00+00:00,1231.05,163.76,1479.22998046875
2026-07-16 12:00:00+00:00,1230.81,163.1,1479.3800048828125
2026-07-16 12:05:00+00:00,1232.05,162.95,1479.280029296875
2026-07-16 12:10:00+00:00,1232.0,163.26,1479.449951171875
2026-07-16 12:15:00+00:00,1231.11,163.77,1479.8599853515625
2026-07-16 12:20:00+00:00,1225.98,163.29,1479.530029296875
2026-07-16 12:25:00+00:00,1226.73,163.86,1477.0799560546875
2026-07-16 12:30:00+00:00,1222.98,163.7,1479.5
2026-07-16 12:35:00+00:00,1214.6,162.8,1479.5799560546875
2026-07-16 12:40:00+00:00,1212.89,162.55,1479.97998046875
2026-07-16 12:45:00+00:00,1216.3,162.96,1480.1300048828125
2026-07-16 12:50:00+00:00,1219.5,163.52,1481.0799560546875
2026-07-16 12:55:00+00:00,1215.64,163.33,1482.0999755859375
2026-07-16 13:00:00+00:00,1222.87,164.51,1482.260009765625
2026-07-16 13:05:00+00:00,1229.28,164.83,1482.1800537109375
2026-07-16 13:10:00+00:00,1227.91,164.22,1481.8800048828125
2026-07-16 13:15:00+00:00,1230.82,164.31,1480.47998046875
2026-07-16 13:20:00+00:00,1239.49,166.01,1479.97998046875
2026-07-16 13:25:00+00:00,1239.97,165.9,1479.97998046875
2026-07-16 13:30:00+00:00,1242.36,167.06,1480.280029296875
2026-07-16 13:35:00+00:00,1234.14,165.5,1480.0899658203125
2026-07-16 13:40:00+00:00,1226.03,162.56,1480.5799560546875
2026-07-16 13:45:00+00:00,1219.57,161.78,1480.9100341796875
2026-07-16 13:50:00+00:00,1222.61,162.19,1480.97998046875
2026-07-16 13:55:00+00:00,1234.96,163.94,1481.280029296875
2026-07-16 14:00:00+00:00,1235.99,164.4,1481.0799560546875
2026-07-16 14:05:00+00:00,1245.37,165.29,1480.97998046875
2026-07-16 14:10:00+00:00,1243.1,165.27,1480.97998046875
2026-07-16 14:15:00+00:00,1239.9,164.92,1480.8900146484375
2026-07-16 14:20:00+00:00,1228.68,162.48,1480.5799560546875
2026-07-16 14:25:00+00:00,1228.05,162.77,1481.1800537109375
2026-07-16 14:30:00+00:00,1228.55,163.35,1480.4599609375
2026-07-16 14:35:00+00:00,1226.31,163.17,1480.280029296875
2026-07-16 14:40:00+00:00,1225.67,163.03,1480.3299560546875
2026-07-16 14:45:00+00:00,1224.61,161.99,1480.469970703125
2026-07-16 14:50:00+00:00,1219.84,161.39,1480.4100341796875
2026-07-16 14:55:00+00:00,1223.61,162.04,1480.6700439453125
2026-07-16 15:00:00+00:00,1220.52,161.8,1480.4300537109375
2026-07-16 15:05:00+00:00,1219.34,161.79,1481.239990234375
2026-07-16 15:10:00+00:00,1214.09,160.71,1480.4599609375
2026-07-16 15:15:00+00:00,1212.56,160.53,1480.510009765625
2026-07-16 15:20:00+00:00,1215.96,161.11,1481.0400390625
2026-07-16 15:25:00+00:00,1222.87,162.26,1481.050048828125
2026-07-16 15:30:00+00:00,1226.28,163.27,1480.6500244140625
2026-07-16 15:35:00+00:00,1225.8,162.85,1479.68994140625
2026-07-16 15:40:00+00:00,1218.16,161.7,1479.989990234375
2026-07-16 15:45:00+00:00,1218.17,161.03,1479.050048828125
2026-07-16 15:50:00+00:00,1219.58,161.3,1478.8299560546875
2026-07-16 15:55:00+00:00,1218.31,161.61,1478.1700439453125
2026-07-16 16:00:00+00:00,1219.92,162.75,1479.1600341796875
2026-07-16 16:05:00+00:00,1221.54,163.24,1478.68994140625
2026-07-16 16:10:00+00:00,1213.26,161.65,1479.1800537109375
2026-07-16 16:15:00+00:00,1216.63,161.17,1479.3199462890625
2026-07-16 16:20:00+00:00,1213.72,160.86,1479.6099853515625
2026-07-16 16:25:00+00:00,1212.3,160.45,1479.56005859375
2026-07-16 16:30:00+00:00,1214.37,160.75,1479.43994140625
2026-07-16 16:35:00+00:00,1212.85,160.42,1479.43994140625
2026-07-16 16:40:00+00:00,1209.65,160.18,1479.449951171875
2026-07-16 16:45:00+00:00,1205.39,159.77,1480.3699951171875
2026-07-16 16:50:00+00:00,1207.64,160.29,1480.010009765625
2026-07-16 16:55:00+00:00,1213.83,160.67,1480.3699951171875
2026-07-16 17:00:00+00:00,1207.8,159.44,1480.239990234375
2026-07-16 17:05:00+00:00,1205.18,158.68,1480.4000244140625
2026-07-16 17:10:00+00:00,1201.66,158.15,1480.6099853515625
2026-07-16 17:15:00+00:00,1197.3,157.24,1480.27001953125
2026-07-16 17:20:00+00:00,1198.75,156.64,1480.2900390625
2026-07-16 17:25:00+00:00,1207.74,157.75,1480.7099609375
2026-07-16 17:30:00+00:00,1204.65,156.95,1479.550048828125
2026-07-16 17:35:00+00:00,1203.49,156.87,1479.8199462890625
2026-07-16 17:40:00+00:00,1198.11,155.66,1479.9300537109375
2026-07-16 17:45:00+00:00,1201.33,155.59,1479.8499755859375
2026-07-16 17:50:00+00:00,1201.27,155.64,1479.8699951171875
2026-07-16 17:55:00+00:00,1204.98,156.83,1479.6099853515625
2026-07-16 18:00:00+00:00,1201.32,156.01,1479.8900146484375
2026-07-16 18:05:00+00:00,1205.77,156.31,1479.6400146484375
2026-07-16 18:10:00+00:00,1206.3,156.64,1479.27001953125
2026-07-16 18:15:00+00:00,1212.82,156.98,1479.1400146484375
2026-07-16 18:20:00+00:00,1215.98,157.74,1479.22998046875
2026-07-16 18:25:00+00:00,1211.93,157.31,1479.77001953125
2026-07-16 18:30:00+00:00,1204.99,157.06,1479.68994140625
2026-07-16 18:35:00+00:00,1201.28,156.52,1479.8800048828125
2026-07-16 18:40:00+00:00,1203.9,157.15,1480.219970703125
2026-07-16 18:45:00+00:00,1201.45,156.52,1479.9200439453125
2026-07-16 18:50:00+00:00,1199.63,156.5,1480.239990234375
2026-07-16 18:55:00+00:00,1197.5,156.57,1480.260009765625
2026-07-16 19:00:00+00:00,1197.39,156.88,1480.239990234375
2026-07-16 19:05:00+00:00,1194.43,155.63,1480.3199462890625
2026-07-16 19:10:00+00:00,1190.65,155.72,1479.949951171875
2026-07-16 19:15:00+00:00,1187.16,155.93,1480.0400390625
2026-07-16 19:20:00+00:00,1191.68,156.24,1480.4200439453125
2026-07-16 19:25:00+00:00,1191.75,155.98,1480.18994140625
2026-07-16 19:30:00+00:00,1188.56,156.29,1479.9599609375
2026-07-16 19:35:00+00:00,1193.39,156.79,1480.1700439453125
2026-07-16 19:40:00+00:00,1189.23,156.39,1479.93994140625
2026-07-16 19:45:00+00:00,1192.23,156.16,1480.3199462890625
2026-07-16 19:50:00+00:00,1196.27,154.7,1480.3199462890625
2026-07-16 19:55:00+00:00,1190.7,153.08,1480.18994140625
2026-07-16 20:00:00+00:00,1189.08,153.15,1479.699951171875
2026-07-16 20:05:00+00:00,1191.46,153.41,1478.010009765625
2026-07-16 20:10:00+00:00,1189.95,153.54,1478.43994140625
2026-07-16 20:15:00+00:00,1193.83,153.66,1478.22998046875
2026-07-16 20:20:00+00:00,1195.3,153.99,1478.3199462890625
2026-07-16 20:25:00+00:00,1196.57,153.89,1478.47998046875
2026-07-16 20:30:00+00:00,1195.12,153.46,1478.489990234375
2026-07-16 20:35:00+00:00,1198.13,154.13,1478.1800537109375
2026-07-16 20:40:00+00:00,1200.0,154.06,1477.8699951171875
2026-07-16 20:45:00+00:00,1208.41,154.26,1478.3800048828125
2026-07-16 20:50:00+00:00,1207.39,154.91,1478.18994140625
2026-07-16 20:55:00+00:00,1209.27,154.68,1479.3699951171875
2026-07-16 21:00:00+00:00,1204.63,154.7,1479.3499755859375
2026-07-16 21:05:00+00:00,1208.01,154.84,1479.1600341796875
2026-07-16 21:10:00+00:00,1208.52,154.98,1479.18994140625
2026-07-16 21:15:00+00:00,1208.42,155.11,1478.6600341796875
2026-07-16 21:20:00+00:00,1209.85,155.73,1479.1199951171875
2026-07-16 21:25:00+00:00,1210.73,156.17,1478.9200439453125
2026-07-16 21:30:00+00:00,1212.16,156.52,1478.6300048828125
2026-07-16 21:35:00+00:00,1213.09,156.57,1478.6099853515625
2026-07-16 21:40:00+00:00,1209.48,156.7,1478.6400146484375
2026-07-16 21:45:00+00:00,1210.43,157.06,1478.27001953125
2026-07-16 21:50:00+00:00,1210.23,156.53,1478.219970703125
2026-07-16 21:55:00+00:00,1208.66,156.48,1478.4599609375
2026-07-16 22:00:00+00:00,1207.45,156.78,1477.97998046875
2026-07-16 22:05:00+00:00,1207.44,156.92,1477.719970703125
2026-07-16 22:10:00+00:00,1200.36,155.84,1477.780029296875
2026-07-16 22:15:00+00:00,1191.69,154.94,1477.7099609375
2026-07-16 22:20:00+00:00,1192.05,154.59,1477.780029296875
2026-07-16 22:25:00+00:00,1187.29,154.31,1477.760009765625
2026-07-16 22:30:00+00:00,1191.3,154.94,1477.72998046875
2026-07-16 22:35:00+00:00,1191.51,154.87,1477.72998046875
2026-07-16 22:40:00+00:00,1190.9,154.6,1479.06005859375
2026-07-16 22:45:00+00:00,1178.28,153.44,1477.77001953125
2026-07-16 22:50:00+00:00,1175.3,152.93,1477.77001953125
2026-07-16 22:55:00+00:00,1179.87,154.17,1477.72998046875
2026-07-16 23:00:00+00:00,1185.55,154.2,1478.280029296875
2026-07-16 23:05:00+00:00,1177.93,153.02,1478.510009765625
2026-07-16 23:10:00+00:00,1178.94,152.77,1478.6500244140625
2026-07-16 23:15:00+00:00,1175.98,152.46,1478.6199951171875
2026-07-16 23:20:00+00:00,1173.7,152.06,1479.260009765625
2026-07-16 23:25:00+00:00,1175.32,152.31,1479.050048828125
2026-07-16 23:30:00+00:00,1175.78,152.23,1479.0
2026-07-16 23:35:00+00:00,1179.17,153.13,1479.050048828125
2026-07-16 23:40:00+00:00,1184.15,153.33,1479.3299560546875
2026-07-16 23:45:00+00:00,1188.12,153.79,1478.780029296875
2026-07-16 23:50:00+00:00,1186.94,153.72,1478.699951171875
2026-07-16 23:55:00+00:00,1188.03,153.13,1479.43994140625
2026-07-17 00:00:00+00:00,1197.6,155.6,1480.4300537109375
2026-07-17 00:05:00+00:00,1182.59,154.35,1481.219970703125
2026-07-17 00:10:00+00:00,1179.99,154.14,1480.1199951171875
2026-07-17 00:15:00+00:00,1177.83,154.22,1480.510009765625
2026-07-17 00:20:00+00:00,1173.78,153.42,1479.9100341796875
2026-07-17 00:25:00+00:00,1165.32,152.02,1480.1600341796875
2026-07-17 00:30:00+00:00,1168.23,153.08,1480.1500244140625
2026-07-17 00:35:00+00:00,1169.64,152.82,1480.449951171875
2026-07-17 00:40:00+00:00,1171.4,153.44,1480.4100341796875
2026-07-17 00:45:00+00:00,1170.98,153.55,1477.31005859375
2026-07-17 00:50:00+00:00,1198.04,154.95,1476.6700439453125
2026-07-17 00:55:00+00:00,1193.66,154.44,1476.31005859375
2026-07-17 01:00:00+00:00,1202.92,155.93,1477.010009765625
2026-07-17 01:05:00+00:00,1199.79,155.97,1476.68994140625
2026-07-17 01:10:00+00:00,1192.69,154.93,1477.3299560546875
2026-07-17 01:15:00+00:00,1190.99,155.16,1477.3699951171875
2026-07-17 01:20:00+00:00,1181.58,154.67,1477.68994140625
2026-07-17 01:25:00+00:00,1185.76,155.29,1478.010009765625
2026-07-17 01:30:00+00:00,1173.78,154.3,1478.239990234375
2026-07-17 01:35:00+00:00,1174.34,153.53,1478.3199462890625
2026-07-17 01:40:00+00:00,1175.96,153.52,1478.18994140625
2026-07-17 01:45:00+00:00,1172.58,152.9,1478.0699462890625
2026-07-17 01:50:00+00:00,1174.08,153.03,1478.18994140625
2026-07-17 01:55:00+00:00,1181.28,153.64,1479.18994140625
2026-07-17 02:00:00+00:00,1184.0,153.61,1477.0799560546875
2026-07-17 02:05:00+00:00,1179.38,153.03,1477.239990234375
2026-07-17 02:10:00+00:00,1183.94,153.95,1477.22998046875
2026-07-17 02:15:00+00:00,1180.43,153.52,1477.5899658203125
2026-07-17 02:20:00+00:00,1176.84,153.1,1477.449951171875
2026-07-17 02:25:00+00:00,1171.42,152.73,1478.1800537109375
2026-07-17 02:30:00+00:00,1167.14,152.48,1478.6199951171875
2026-07-17 02:35:00+00:00,1168.27,152.11,1478.8599853515625
2026-07-17 02:40:00+00:00,1174.04,152.56,1478.9000244140625
2026-07-17 02:45:00+00:00,1168.61,152.09,1479.300048828125
2026-07-17 02:50:00+00:00,1166.43,151.25,1480.0999755859375
2026-07-17 02:55:00+00:00,1169.04,151.82,1480.780029296875
2026-07-17 03:00:00+00:00,1172.66,152.12,1480.300048828125
2026-07-17 03:05:00+00:00,1176.87,153.11,1480.0799560546875
2026-07-17 03:10:00+00:00,1179.68,153.61,1480.1099853515625
2026-07-17 03:15:00+00:00,1187.31,154.91,1479.9000244140625
2026-07-17 03:20:00+00:00,1186.55,154.84,1480.47998046875
2026-07-17 03:25:00+00:00,1195.75,155.23,1480.7099609375
2026-07-17 03:30:00+00:00,1193.68,154.7,1480.6700439453125
2026-07-17 03:35:00+00:00,1192.39,154.52,1480.469970703125
2026-07-17 03:40:00+00:00,1187.8,155.04,1480.239990234375
2026-07-17 03:45:00+00:00,1182.09,154.33,1480.25
2026-07-17 03:50:00+00:00,1181.81,154.46,1480.02001953125
2026-07-17 03:55:00+00:00,1181.37,154.53,1480.449951171875
2026-07-17 04:00:00+00:00,1179.9,154.02,1480.4200439453125
2026-07-17 04:05:00+00:00,1180.15,153.4,1480.469970703125
2026-07-17 04:10:00+00:00,1178.36,153.48,1480.4100341796875
2026-07-17 04:15:00+00:00,1178.35,153.67,1480.510009765625
2026-07-17 04:20:00+00:00,1174.64,152.93,1480.5400390625
2026-07-17 04:25:00+00:00,1175.36,152.72,1480.5699462890625
2026-07-17 04:30:00+00:00,1177.42,152.89,1480.6300048828125
2026-07-17 04:35:00+00:00,1178.72,153.25,1480.0799560546875
2026-07-17 04:40:00+00:00,1177.0,153.31,1479.8599853515625
2026-07-17 04:45:00+00:00,1177.58,153.88,1480.0400390625
2026-07-17 04:50:00+00:00,1180.1,154.25,1480.0799560546875
2026-07-17 04:55:00+00:00,1174.88,153.39,1480.050048828125
2026-07-17 05:00:00+00:00,1174.0,153.39,1479.9200439453125
2026-07-17 05:05:00+00:00,1168.86,152.88,1479.8599853515625
2026-07-17 05:10:00+00:00,1167.28,152.62,1479.93994140625
2026-07-17 05:15:00+00:00,1168.81,152.27,1480.030029296875
2026-07-17 05:20:00+00:00,1166.22,152.02,1480.4100341796875
2026-07-17 05:25:00+00:00,1167.28,151.54,1479.8399658203125
2026-07-17 05:30:00+00:00,1166.32,151.55,1479.18994140625
2026-07-17 05:35:00+00:00,1158.58,151.04,1478.5799560546875
2026-07-17 05:40:00+00:00,1159.09,150.52,1478.3800048828125
2026-07-17 05:45:00+00:00,1159.27,150.73,1477.93994140625
2026-07-17 05:50:00+00:00,1159.3,150.1,1477.6099853515625
2026-07-17 05:55:00+00:00,1152.26,148.52,1478.3399658203125
2026-07-17 06:00:00+00:00,1160.59,150.32,1478.1099853515625
2026-07-17 06:05:00+00:00,1155.46,149.7,1479.510009765625
2026-07-17 06:10:00+00:00,1156.04,150.78,1479.8299560546875
2026-07-17 06:15:00+00:00,1161.78,151.38,1478.800048828125
2026-07-17 06:20:00+00:00,1165.13,152.48,1479.8299560546875
2026-07-17 06:25:00+00:00,1161.86,153.13,1480.239990234375
2026-07-17 06:30:00+00:00,1164.74,153.04,1480.0400390625
2026-07-17 06:35:00+00:00,1155.87,151.96,1480.1199951171875
2026-07-17 06:40:00+00:00,1157.18,152.24,1480.300048828125
2026-07-17 06:45:00+00:00,1150.76,151.5,1480.4300537109375
2026-07-17 06:50:00+00:00,1148.44,151.43,1480.4100341796875
2026-07-17 06:55:00+00:00,1151.54,150.4,1479.5999755859375
2026-07-17 07:00:00+00:00,1150.43,150.98,1479.3299560546875
2026-07-17 07:05:00+00:00,1143.41,150.18,1480.1400146484375
2026-07-17 07:10:00+00:00,1142.93,150.21,1479.739990234375
2026-07-17 07:15:00+00:00,1142.6,149.66,1480.199951171875
2026-07-17 07:20:00+00:00,1143.57,148.53,1480.5
2026-07-17 07:25:00+00:00,1149.28,150.04,1480.4200439453125
2026-07-17 07:30:00+00:00,1143.73,149.2,1480.5400390625
2026-07-17 07:35:00+00:00,1147.54,149.94,1480.260009765625
2026-07-17 07:40:00+00:00,1147.03,149.98,1480.25
2026-07-17 07:45:00+00:00,1148.92,149.29,1480.4100341796875
2026-07-17 07:50:00+00:00,1148.77,148.47,1480.530029296875
2026-07-17 07:55:00+00:00,1146.12,148.39,1482.9300537109375
2026-07-17 08:00:00+00:00,1151.84,149.71,1482.4100341796875
2026-07-17 08:05:00+00:00,1149.44,149.62,1482.6600341796875
2026-07-17 08:10:00+00:00,1151.34,149.37,1481.2099609375
2026-07-17 08:15:00+00:00,1141.21,147.64,1483.8199462890625
2026-07-17 08:20:00+00:00,1140.93,147.08,1483.449951171875
2026-07-17 08:25:00+00:00,1135.03,147.55,1483.489990234375
2026-07-17 08:30:00+00:00,1135.53,147.45,1483.8800048828125
2026-07-17 08:35:00+00:00,1133.49,147.13,1484.43994140625
2026-07-17 08:40:00+00:00,1135.84,146.95,1484.199951171875
2026-07-17 08:45:00+00:00,1134.12,146.64,1484.550048828125
2026-07-17 08:50:00+00:00,1136.2,146.97,1485.0999755859375
2026-07-17 08:55:00+00:00,1135.18,147.17,1484.510009765625
2026-07-17 09:00:00+00:00,1136.49,147.7,1485.3800048828125
2026-07-17 09:05:00+00:00,1138.2,147.8,1485.3699951171875
2026-07-17 09:10:00+00:00,1139.09,148.39,1485.969970703125
2026-07-17 09:15:00+00:00,1135.68,147.74,1486.1400146484375
2026-07-17 09:20:00+00:00,1138.82,148.0,1485.6300048828125
2026-07-17 09:25:00+00:00,1141.25,148.6,1485.0799560546875
2026-07-17 09:30:00+00:00,1139.39,148.23,1485.510009765625
2026-07-17 09:35:00+00:00,1148.48,150.05,1485.6300048828125
2026-07-17 09:40:00+00:00,1147.75,150.21,1485.0699462890625
2026-07-17 09:45:00+00:00,1151.71,150.03,1484.969970703125
2026-07-17 09:50:00+00:00,1157.56,151.53,1484.4599609375
2026-07-17 09:55:00+00:00,1162.16,153.56,1483.52001953125
2026-07-17 10:00:00+00:00,1167.01,155.09,1484.47998046875
2026-07-17 10:05:00+00:00,1177.56,158.56,1484.449951171875
2026-07-17 10:10:00+00:00,1184.79,158.8,1484.449951171875
2026-07-17 10:15:00+00:00,1182.37,158.61,1485.1600341796875
2026-07-17 10:20:00+00:00,1176.39,157.07,1485.3399658203125
2026-07-17 10:25:00+00:00,1179.69,157.68,1485.1300048828125
2026-07-17 10:30:00+00:00,1186.51,158.11,1484.969970703125
2026-07-17 10:35:00+00:00,1196.16,159.0,1485.5799560546875
2026-07-17 10:40:00+00:00,1190.09,157.78,1485.56005859375
2026-07-17 10:45:00+00:00,1188.01,157.34,1485.6099853515625
2026-07-17 10:50:00+00:00,1188.3,157.0,1485.469970703125
2026-07-17 10:55:00+00:00,1177.19,156.22,1485.780029296875
2026-07-17 11:00:00+00:00,1174.19,155.15,1485.8499755859375
2026-07-17 11:05:00+00:00,1171.65,155.76,1486.4200439453125
2026-07-17 11:10:00+00:00,1170.21,155.24,1486.43994140625
2026-07-17 11:15:00+00:00,1164.46,153.85,1486.6600341796875
2026-07-17 11:20:00+00:00,1167.11,153.93,1487.0400390625
2026-07-17 11:25:00+00:00,1171.95,154.39,1486.2900390625
2026-07-17 11:30:00+00:00,1173.82,155.05,1486.5
2026-07-17 11:35:00+00:00,1171.25,154.9,1486.4599609375
2026-07-17 11:40:00+00:00,1166.18,153.4,1486.800048828125
2026-07-17 11:45:00+00:00,1168.55,154.56,1485.8699951171875
2026-07-17 11:50:00+00:00,1169.3,154.42,1485.1099853515625
2026-07-17 11:55:00+00:00,1167.44,154.81,1485.9300537109375
2026-07-17 12:00:00+00:00,1165.06,153.38,1484.800048828125
2026-07-17 12:05:00+00:00,1155.99,152.09,1484.719970703125
2026-07-17 12:10:00+00:00,1158.46,152.5,1484.8599853515625
2026-07-17 12:15:00+00:00,1156.15,152.42,1485.050048828125
2026-07-17 12:20:00+00:00,1158.9,153.21,1485.0400390625
2026-07-17 12:25:00+00:00,1156.56,152.26,1485.1400146484375
2026-07-17 12:30:00+00:00,1158.68,152.42,1485.280029296875
2026-07-17 12:35:00+00:00,1161.17,152.64,1485.3199462890625
2026-07-17 12:40:00+00:00,1157.14,151.68,1485.1700439453125
2026-07-17 12:45:00+00:00,1157.73,151.81,1485.31005859375
2026-07-17 12:50:00+00:00,1159.74,152.3,1486.1500244140625
2026-07-17 12:55:00+00:00,1162.13,152.43,1485.81005859375
2026-07-17 13:00:00+00:00,1158.57,151.9,1486.3699951171875
2026-07-17 13:05:00+00:00,1147.04,151.3,1486.5400390625
2026-07-17 13:10:00+00:00,1148.42,150.83,1486.510009765625
2026-07-17 13:15:00+00:00,1150.01,151.41,1486.43994140625
2026-07-17 13:20:00+00:00,1150.6,152.15,1486.47998046875
2026-07-17 13:25:00+00:00,1158.41,152.36,1486.3800048828125
2026-07-17 13:30:00+00:00,1140.73,147.39,1486.530029296875
2026-07-17 13:35:00+00:00,1136.83,145.95,1485.739990234375
2026-07-17 13:40:00+00:00,1138.48,147.52,1485.52001953125
2026-07-17 13:45:00+00:00,1156.2,150.3,1485.030029296875
2026-07-17 13:50:00+00:00,1168.27,153.38,1484.949951171875
2026-07-17 13:55:00+00:00,1184.03,157.23,1484.9100341796875
2026-07-17 14:00:00+00:00,1201.37,158.09,1485.050048828125
2026-07-17 14:05:00+00:00,1204.95,159.04,1484.68994140625
2026-07-17 14:10:00+00:00,1192.75,156.96,1484.699951171875
2026-07-17 14:15:00+00:00,1204.84,158.67,1484.1300048828125
2026-07-17 14:20:00+00:00,1197.89,157.75,1483.8900146484375
2026-07-17 14:25:00+00:00,1194.36,156.94,1484.239990234375
2026-07-17 14:30:00+00:00,1189.33,156.29,1483.8599853515625
2026-07-17 14:35:00+00:00,1200.6,158.48,1483.8199462890625
2026-07-17 14:40:00+00:00,1193.55,156.91,1483.8800048828125
2026-07-17 14:45:00+00:00,1184.94,155.78,1483.8499755859375
2026-07-17 14:50:00+00:00,1177.47,155.26,1484.6400146484375
2026-07-17 14:55:00+00:00,1168.74,154.64,1485.02001953125
2026-07-17 15:00:00+00:00,1158.27,153.62,1486.2900390625
2026-07-17 15:05:00+00:00,1174.06,155.04,1486.3499755859375
2026-07-17 15:10:00+00:00,1167.25,154.09,1487.550048828125
2026-07-17 15:15:00+00:00,1179.12,155.27,1487.530029296875
2026-07-17 15:20:00+00:00,1172.18,154.3,1486.800048828125
2026-07-17 15:25:00+00:00,1188.22,157.39,1486.3900146484375
2026-07-17 15:30:00+00:00,1197.14,158.71,1488.4200439453125
2026-07-17 15:35:00+00:00,1208.37,161.0,1489.989990234375
2026-07-17 15:40:00+00:00,1204.02,161.58,1489.9599609375
2026-07-17 15:45:00+00:00,1205.81,162.67,1489.530029296875
2026-07-17 15:50:00+00:00,1211.65,162.62,1489.1099853515625
2026-07-17 15:55:00+00:00,1212.18,164.05,1488.800048828125
2026-07-17 16:00:00+00:00,1216.89,165.6,1489.8299560546875
2026-07-17 16:05:00+00:00,1219.93,166.0,1489.5999755859375
2026-07-17 16:10:00+00:00,1210.0,166.19,1489.6600341796875
2026-07-17 16:15:00+00:00,1198.55,164.75,1489.780029296875
2026-07-17 16:20:00+00:00,1193.17,162.26,1489.8399658203125
2026-07-17 16:25:00+00:00,1198.66,163.13,1489.81005859375
2026-07-17 16:30:00+00:00,1203.17,163.03,1489.6300048828125
2026-07-17 16:35:00+00:00,1200.51,163.31,1489.699951171875
2026-07-17 16:40:00+00:00,1205.76,163.26,1490.1199951171875
2026-07-17 16:45:00+00:00,1208.66,164.66,1489.8299560546875
2026-07-17 16:50:00+00:00,1205.71,163.87,1489.8199462890625
2026-07-17 16:55:00+00:00,1207.32,164.57,1490.1600341796875
2026-07-17 17:00:00+00:00,1212.17,164.69,1490.4300537109375
2026-07-17 17:05:00+00:00,1216.58,165.56,1490.3399658203125
2026-07-17 17:10:00+00:00,1205.84,163.83,1490.4200439453125
2026-07-17 17:15:00+00:00,1199.12,162.69,1489.4200439453125
2026-07-17 17:20:00+00:00,1196.2,162.4,1489.3699951171875
2026-07-17 17:25:00+00:00,1199.57,162.4,1489.77001953125
2026-07-17 17:30:00+00:00,1195.61,162.41,1489.93994140625
2026-07-17 17:35:00+00:00,1195.31,162.05,1489.4200439453125
2026-07-17 17:40:00+00:00,1190.18,160.31,1489.5899658203125
2026-07-17 17:45:00+00:00,1184.73,160.0,1489.8299560546875
2026-07-17 17:50:00+00:00,1176.3,158.7,1489.27001953125
2026-07-17 17:55:00+00:00,1179.63,159.13,1489.530029296875
2026-07-17 18:00:00+00:00,1181.23,159.98,1489.8900146484375
2026-07-17 18:05:00+00:00,1179.09,158.96,1490.0400390625
2026-07-17 18:10:00+00:00,1173.25,159.34,1489.77001953125
2026-07-17 18:15:00+00:00,1172.98,159.54,1489.81005859375
2026-07-17 18:20:00+00:00,1179.86,160.52,1488.9300537109375
2026-07-17 18:25:00+00:00,1187.51,161.52,1489.0699462890625
2026-07-17 18:30:00+00:00,1184.95,161.0,1489.52001953125
2026-07-17 18:35:00+00:00,1185.06,161.8,1489.3199462890625
2026-07-17 18:40:00+00:00,1178.85,160.29,1489.8699951171875
2026-07-17 18:45:00+00:00,1180.93,160.65,1489.3199462890625
2026-07-17 18:50:00+00:00,1185.4,160.12,1489.300048828125
2026-07-17 18:55:00+00:00,1182.36,159.28,1489.68994140625
2026-07-17 19:00:00+00:00,1184.35,158.81,1489.8499755859375
2026-07-17 19:05:00+00:00,1174.24,156.67,1489.8199462890625
2026-07-17 19:10:00+00:00,1171.81,155.83,1489.949951171875
2026-07-17 19:15:00+00:00,1170.69,155.12,1489.8699951171875
2026-07-17 19:20:00+00:00,1166.3,154.21,1489.8800048828125
2026-07-17 19:25:00+00:00,1169.39,154.61,1489.969970703125
2026-07-17 19:30:00+00:00,1175.36,154.88,1490.43994140625
2026-07-17 19:35:00+00:00,1169.06,154.0,1490.449951171875
2026-07-17 19:40:00+00:00,1169.08,153.91,1490.3399658203125
2026-07-17 19:45:00+00:00,1166.24,153.29,1490.1800537109375
2026-07-17 19:50:00+00:00,1169.38,154.4,1489.72998046875
2026-07-17 19:55:00+00:00,1164.9,154.16,1488.949951171875
2026-07-17 20:00:00+00:00,1165.85,153.55,1488.9300537109375
2026-07-17 20:05:00+00:00,1164.37,153.12,1488.8800048828125
2026-07-17 20:10:00+00:00,1163.3,153.35,1488.9599609375
2026-07-17 20:15:00+00:00,1162.6,152.97,1488.7099609375
2026-07-17 20:20:00+00:00,1160.01,153.09,1487.949951171875
2026-07-17 20:25:00+00:00,1164.99,153.29,1487.56005859375
2026-07-17 20:30:00+00:00,1165.12,153.27,1488.239990234375
2026-07-17 20:35:00+00:00,1163.12,152.94,1487.5799560546875
2026-07-17 20:40:00+00:00,1160.61,153.72,1487.52001953125
2026-07-17 20:45:00+00:00,1157.81,153.82,1487.239990234375
2026-07-17 20:50:00+00:00,1161.54,153.73,1487.550048828125
2026-07-17 20:55:00+00:00,1161.23,153.93,1487.4599609375
2026-07-17 21:00:00+00:00,1162.83,154.13,1487.4599609375
2026-07-17 21:05:00+00:00,1162.8,154.05,1487.4599609375
2026-07-17 21:10:00+00:00,1162.16,154.38,1487.4599609375
2026-07-17 21:15:00+00:00,1164.28,154.21,1487.4599609375
2026-07-17 21:20:00+00:00,1160.67,154.17,1487.4599609375
2026-07-17 21:25:00+00:00,1161.73,154.4,1487.4599609375
2026-07-17 21:30:00+00:00,1163.64,154.63,1487.4599609375
2026-07-17 21:35:00+00:00,1161.58,154.46,1487.4599609375
2026-07-17 21:40:00+00:00,1162.55,154.5,1487.4599609375
2026-07-17 21:45:00+00:00,1160.71,154.4,1487.4599609375
2026-07-17 21:50:00+00:00,1153.84,153.98,1487.4599609375
2026-07-17 21:55:00+00:00,1154.02,153.71,1487.4599609375
2026-07-17 22:00:00+00:00,1153.53,153.54,1487.4599609375
2026-07-17 22:05:00+00:00,1153.28,153.69,1487.4599609375
2026-07-17 22:10:00+00:00,1155.3,153.92,1487.4599609375
2026-07-17 22:15:00+00:00,1156.19,154.01,1487.4599609375
2026-07-17 22:20:00+00:00,1155.75,153.84,1487.4599609375
2026-07-17 22:25:00+00:00,1152.99,153.59,1487.4599609375
2026-07-17 22:30:00+00:00,1155.02,153.6,1487.4599609375
2026-07-17 22:35:00+00:00,1156.55,153.71,1487.4599609375
2026-07-17 22:40:00+00:00,1155.8,153.81,1487.4599609375
2026-07-17 22:45:00+00:00,1154.89,153.57,1487.4599609375
2026-07-17 22:50:00+00:00,1154.98,153.56,1487.4599609375
2026-07-17 22:55:00+00:00,1155.85,153.52,1487.4599609375
2026-07-17 23:00:00+00:00,1157.64,153.63,1487.4599609375
2026-07-17 23:05:00+00:00,1154.3,153.45,1487.4599609375
2026-07-17 23:10:00+00:00,1157.57,153.77,1487.4599609375
2026-07-17 23:15:00+00:00,1156.93,153.64,1487.4599609375
2026-07-17 23:20:00+00:00,1155.67,153.66,1487.4599609375
2026-07-17 23:25:00+00:00,1156.64,153.62,1487.4599609375
2026-07-17 23:30:00+00:00,1154.22,153.4,1487.4599609375
2026-07-17 23:35:00+00:00,1154.69,153.62,1487.4599609375
2026-07-17 23:40:00+00:00,1154.07,153.65,1487.4599609375
2026-07-17 23:45:00+00:00,1155.95,153.77,1487.4599609375
2026-07-17 23:50:00+00:00,1156.72,153.67,1487.4599609375
2026-07-17 23:55:00+00:00,1156.65,153.75,1487.4599609375
2026-07-18 00:00:00+00:00,1152.56,153.12,1487.4599609375
2026-07-18 00:05:00+00:00,1157.88,154.06,1487.4599609375
2026-07-18 00:10:00+00:00,1160.4,154.47,1487.4599609375
2026-07-18 00:15:00+00:00,1157.26,153.94,1487.4599609375
2026-07-18 00:20:00+00:00,1153.8,153.69,1487.4599609375
2026-07-18 00:25:00+00:00,1156.02,154.11,1487.4599609375
2026-07-18 00:30:00+00:00,1154.01,153.8,1487.4599609375
2026-07-18 00:35:00+00:00,1155.32,153.92,1487.4599609375
2026-07-18 00:40:00+00:00,1158.53,154.3,1487.4599609375
2026-07-18 00:45:00+00:00,1158.75,154.39,1487.4599609375
2026-07-18 00:50:00+00:00,1158.85,154.38,1487.4599609375
2026-07-18 00:55:00+00:00,1161.52,154.69,1487.4599609375
2026-07-18 01:00:00+00:00,1160.87,154.63,1487.4599609375
2026-07-18 01:05:00+00:00,1161.82,154.79,1487.4599609375
2026-07-18 01:10:00+00:00,1160.78,154.67,1487.4599609375
2026-07-18 01:15:00+00:00,1161.71,154.69,1487.4599609375
2026-07-18 01:20:00+00:00,1161.95,154.48,1487.4599609375
2026-07-18 01:25:00+00:00,1161.51,154.23,1487.4599609375
2026-07-18 01:30:00+00:00,1161.68,154.37,1487.4599609375
2026-07-18 01:35:00+00:00,1162.42,154.62,1487.4599609375
2026-07-18 01:40:00+00:00,1164.56,154.8,1487.4599609375
2026-07-18 01:45:00+00:00,1162.84,154.31,1487.4599609375
2026-07-18 01:50:00+00:00,1163.4,154.43,1487.4599609375
2026-07-18 01:55:00+00:00,1162.84,154.37,1487.4599609375
2026-07-18 02:00:00+00:00,1162.67,154.39,1487.4599609375
2026-07-18 02:05:00+00:00,1162.0,154.24,1487.4599609375
2026-07-18 02:10:00+00:00,1164.31,154.44,1487.4599609375
2026-07-18 02:15:00+00:00,1164.49,154.38,1487.4599609375
2026-07-18 02:20:00+00:00,1163.5,154.4,1487.4599609375
2026-07-18 02:25:00+00:00,1163.04,154.22,1487.4599609375
2026-07-18 02:30:00+00:00,1161.56,154.29,1487.4599609375
2026-07-18 02:35:00+00:00,1162.14,154.44,1487.4599609375
2026-07-18 02:40:00+00:00,1162.26,154.26,1487.4599609375
2026-07-18 02:45:00+00:00,1161.76,154.35,1487.4599609375
2026-07-18 02:50:00+00:00,1162.53,154.3,1487.4599609375
2026-07-18 02:55:00+00:00,1162.02,154.22,1487.4599609375
2026-07-18 03:00:00+00:00,1162.56,154.19,1487.4599609375
2026-07-18 03:05:00+00:00,1163.2,154.24,1487.4599609375
2026-07-18 03:10:00+00:00,1162.77,154.14,1487.4599609375
2026-07-18 03:15:00+00:00,1161.66,154.04,1487.4599609375
2026-07-18 03:20:00+00:00,1164.62,154.33,1487.4599609375
2026-07-18 03:25:00+00:00,1164.32,154.22,1487.4599609375
2026-07-18 03:30:00+00:00,1162.14,154.21,1487.4599609375
2026-07-18 03:35:00+00:00,1162.6,154.2,1487.4599609375
2026-07-18 03:40:00+00:00,1163.88,154.36,1487.4599609375
2026-07-18 03:45:00+00:00,1164.29,154.41,1487.4599609375
2026-07-18 03:50:00+00:00,1163.44,154.39,1487.4599609375
2026-07-18 03:55:00+00:00,1164.14,154.49,1487.4599609375
2026-07-18 04:00:00+00:00,1164.4,154.73,1487.4599609375
2026-07-18 04:05:00+00:00,1165.58,154.72,1487.4599609375
2026-07-18 04:10:00+00:00,1164.32,154.66,1487.4599609375
2026-07-18 04:15:00+00:00,1163.3,154.53,1487.4599609375
2026-07-18 04:20:00+00:00,1163.18,154.63,1487.4599609375
2026-07-18 04:25:00+00:00,1162.42,154.54,1487.4599609375
2026-07-18 04:30:00+00:00,1162.6,154.54,1487.4599609375
2026-07-18 04:35:00+00:00,1163.2,154.66,1487.4599609375
2026-07-18 04:40:00+00:00,1162.84,154.47,1487.4599609375
2026-07-18 04:45:00+00:00,1163.0,154.29,1487.4599609375
2026-07-18 04:50:00+00:00,1164.49,154.35,1487.4599609375
2026-07-18 04:55:00+00:00,1164.17,154.29,1487.4599609375
2026-07-18 05:00:00+00:00,1163.19,154.12,1487.4599609375
2026-07-18 05:05:00+00:00,1163.3,154.07,1487.4599609375
2026-07-18 05:10:00+00:00,1162.42,154.04,1487.4599609375
2026-07-18 05:15:00+00:00,1163.5,154.1,1487.4599609375
2026-07-18 05:20:00+00:00,1163.37,154.25,1487.4599609375
2026-07-18 05:25:00+00:00,1164.27,154.27,1487.4599609375
2026-07-18 05:30:00+00:00,1163.0,154.12,1487.4599609375
2026-07-18 05:35:00+00:00,1162.78,154.17,1487.4599609375
2026-07-18 05:40:00+00:00,1163.04,154.18,1487.4599609375
2026-07-18 05:45:00+00:00,1162.66,154.14,1487.4599609375
2026-07-18 05:50:00+00:00,1162.61,154.0,1487.4599609375
2026-07-18 05:55:00+00:00,1162.03,153.83,1487.4599609375
2026-07-18 06:00:00+00:00,1160.76,153.48,1487.4599609375
2026-07-18 06:05:00+00:00,1161.32,153.32,1487.4599609375
2026-07-18 06:10:00+00:00,1160.74,153.44,1487.4599609375
2026-07-18 06:15:00+00:00,1161.58,153.6,1487.4599609375
2026-07-18 06:20:00+00:00,1160.2,153.55,1487.4599609375
2026-07-18 06:25:00+00:00,1159.99,153.5,1487.4599609375
2026-07-18 06:30:00+00:00,1158.7,153.28,1487.4599609375
2026-07-18 06:35:00+00:00,1159.48,153.61,1487.4599609375
2026-07-18 06:40:00+00:00,1160.46,153.76,1487.4599609375
2026-07-18 06:45:00+00:00,1159.75,153.73,1487.4599609375
2026-07-18 06:50:00+00:00,1160.06,153.92,1487.4599609375
2026-07-18 06:55:00+00:00,1159.59,153.62,1487.4599609375
2026-07-18 07:00:00+00:00,1159.29,153.35,1487.4599609375
2026-07-18 07:05:00+00:00,1160.0,153.48,1487.4599609375
2026-07-18 07:10:00+00:00,1160.16,153.65,1487.4599609375
2026-07-18 07:15:00+00:00,1161.12,153.58,1487.4599609375
2026-07-18 07:20:00+00:00,1159.61,153.3,1487.4599609375
2026-07-18 07:25:00+00:00,1160.67,153.36,1487.4599609375
2026-07-18 07:30:00+00:00,1160.97,153.45,1487.4599609375
2026-07-18 07:35:00+00:00,1161.13,153.51,1487.4599609375
2026-07-18 07:40:00+00:00,1160.98,153.76,1487.4599609375
2026-07-18 07:45:00+00:00,1161.0,153.75,1487.4599609375
2026-07-18 07:50:00+00:00,1161.95,153.77,1487.4599609375
2026-07-18 07:55:00+00:00,1161.58,153.82,1487.4599609375
2026-07-18 08:00:00+00:00,1161.58,153.9,1487.4599609375
2026-07-18 08:05:00+00:00,1160.28,153.73,1487.4599609375
2026-07-18 08:10:00+00:00,1159.36,153.74,1487.4599609375
2026-07-18 08:15:00+00:00,1161.07,153.91,1487.4599609375
2026-07-18 08:20:00+00:00,1160.93,153.79,1487.4599609375
2026-07-18 08:25:00+00:00,1160.13,153.84,1487.4599609375
2026-07-18 08:30:00+00:00,1160.14,153.9,1487.4599609375
2026-07-18 08:35:00+00:00,1159.63,153.88,1487.4599609375
2026-07-18 08:40:00+00:00,1160.08,153.83,1487.4599609375
2026-07-18 08:45:00+00:00,1160.37,153.95,1487.4599609375
2026-07-18 08:50:00+00:00,1160.44,153.85,1487.4599609375
2026-07-18 08:55:00+00:00,1162.66,154.03,1487.4599609375
2026-07-18 09:00:00+00:00,1160.82,153.82,1487.4599609375
2026-07-18 09:05:00+00:00,1160.39,153.78,1487.4599609375
2026-07-18 09:10:00+00:00,1160.0,153.72,1487.4599609375
2026-07-18 09:15:00+00:00,1160.32,153.71,1487.4599609375
2026-07-18 09:20:00+00:00,1160.2,153.69,1487.4599609375
2026-07-18 09:25:00+00:00,1159.5,153.65,1487.4599609375
2026-07-18 09:30:00+00:00,1160.14,153.65,1487.4599609375
2026-07-18 09:35:00+00:00,1159.95,153.57,1487.4599609375
2026-07-18 09:40:00+00:00,1160.51,153.72,1487.4599609375
2026-07-18 09:45:00+00:00,1160.83,153.59,1487.4599609375
2026-07-18 09:50:00+00:00,1160.91,153.6,1487.4599609375
2026-07-18 09:55:00+00:00,1160.3,153.51,1487.4599609375
2026-07-18 10:00:00+00:00,1160.21,153.52,1487.4599609375
2026-07-18 10:05:00+00:00,1161.23,153.76,1487.4599609375
2026-07-18 10:10:00+00:00,1161.14,153.61,1487.4599609375
2026-07-18 10:15:00+00:00,1160.63,153.57,1487.4599609375
2026-07-18 10:20:00+00:00,1161.88,153.69,1487.4599609375
2026-07-18 10:25:00+00:00,1160.86,153.66,1487.4599609375
2026-07-18 10:30:00+00:00,1160.26,153.62,1487.4599609375
2026-07-18 10:35:00+00:00,1160.16,153.64,1487.4599609375
2026-07-18 10:40:00+00:00,1161.23,153.82,1487.4599609375
2026-07-18 10:45:00+00:00,1161.71,153.84,1487.4599609375
2026-07-18 10:50:00+00:00,1160.54,153.64,1487.4599609375
2026-07-18 10:55:00+00:00,1161.29,153.68,1487.4599609375
2026-07-18 11:00:00+00:00,1160.63,153.71,1487.4599609375
2026-07-18 11:05:00+00:00,1160.74,153.83,1487.4599609375
2026-07-18 11:10:00+00:00,1160.78,153.84,1487.4599609375
2026-07-18 11:15:00+00:00,1160.5,153.85,1487.4599609375
2026-07-18 11:20:00+00:00,1160.34,153.82,1487.4599609375
2026-07-18 11:25:00+00:00,1160.62,153.85,1487.4599609375
2026-07-18 11:30:00+00:00,1160.2,153.81,1487.4599609375
2026-07-18 11:35:00+00:00,1160.34,153.64,1487.4599609375
2026-07-18 11:40:00+00:00,1159.53,153.57,1487.4599609375
2026-07-18 11:45:00+00:00,1160.47,153.67,1487.4599609375
2026-07-18 11:50:00+00:00,1160.71,153.71,1487.4599609375
2026-07-18 11:55:00+00:00,1161.13,153.75,1487.4599609375
2026-07-18 12:00:00+00:00,1160.53,153.53,1487.4599609375
2026-07-18 12:05:00+00:00,1161.5,153.42,1487.4599609375
2026-07-18 12:10:00+00:00,1160.92,153.53,1487.4599609375
2026-07-18 12:15:00+00:00,1160.08,153.23,1487.4599609375
2026-07-18 12:20:00+00:00,1159.94,153.15,1487.4599609375
2026-07-18 12:25:00+00:00,1159.04,153.1,1487.4599609375
2026-07-18 12:30:00+00:00,1159.01,152.95,1487.4599609375
2026-07-18 12:35:00+00:00,1158.57,152.91,1487.4599609375
2026-07-18 12:40:00+00:00,1158.74,152.95,1487.4599609375
2026-07-18 12:45:00+00:00,1159.51,153.08,1487.4599609375
2026-07-18 12:50:00+00:00,1158.79,152.89,1487.4599609375
2026-07-18 12:55:00+00:00,1159.65,152.97,1487.4599609375
2026-07-18 13:00:00+00:00,1158.97,152.89,1487.4599609375
2026-07-18 13:05:00+00:00,1159.07,153.07,1487.4599609375
2026-07-18 13:10:00+00:00,1157.66,152.98,1487.4599609375
2026-07-18 13:15:00+00:00,1157.97,152.87,1487.4599609375
2026-07-18 13:20:00+00:00,1159.45,153.03,1487.4599609375
2026-07-18 13:25:00+00:00,1159.76,153.06,1487.4599609375
2026-07-18 13:30:00+00:00,1159.44,152.95,1487.4599609375
2026-07-18 13:35:00+00:00,1160.76,153.06,1487.4599609375
2026-07-18 13:40:00+00:00,1162.99,153.24,1487.4599609375
2026-07-18 13:45:00+00:00,1163.91,153.38,1487.4599609375
2026-07-18 13:50:00+00:00,1162.62,153.01,1487.4599609375
2026-07-18 13:55:00+00:00,1161.92,152.8,1487.4599609375
2026-07-18 14:00:00+00:00,1158.4,152.24,1487.4599609375
2026-07-18 14:05:00+00:00,1158.12,152.2,1487.4599609375
2026-07-18 14:10:00+00:00,1158.72,152.93,1487.4599609375
2026-07-18 14:15:00+00:00,1158.32,153.01,1487.4599609375
2026-07-18 14:20:00+00:00,1158.96,153.09,1487.4599609375
2026-07-18 14:25:00+00:00,1158.4,153.16,1487.4599609375
2026-07-18 14:30:00+00:00,1159.35,153.28,1487.4599609375
2026-07-18 14:35:00+00:00,1158.65,153.29,1487.4599609375
2026-07-18 14:40:00+00:00,1157.95,152.37,1487.4599609375
2026-07-18 14:45:00+00:00,1157.52,152.48,1487.4599609375
2026-07-18 14:50:00+00:00,1157.08,151.88,1487.4599609375
2026-07-18 14:55:00+00:00,1157.13,151.94,1487.4599609375
2026-07-18 15:00:00+00:00,1157.15,152.16,1487.4599609375
2026-07-18 15:05:00+00:00,1157.26,152.04,1487.4599609375
2026-07-18 15:10:00+00:00,1157.37,152.2,1487.4599609375
2026-07-18 15:15:00+00:00,1157.11,152.39,1487.4599609375
2026-07-18 15:20:00+00:00,1157.53,152.42,1487.4599609375
2026-07-18 15:25:00+00:00,1154.94,152.32,1487.4599609375
2026-07-18 15:30:00+00:00,1152.44,152.13,1487.4599609375
2026-07-18 15:35:00+00:00,1152.76,152.29,1487.4599609375
2026-07-18 15:40:00+00:00,1152.66,152.15,1487.4599609375
2026-07-18 15:45:00+00:00,1152.42,152.24,1487.4599609375
2026-07-18 15:50:00+00:00,1152.05,152.26,1487.4599609375
2026-07-18 15:55:00+00:00,1150.58,152.15,1487.4599609375
2026-07-18 16:00:00+00:00,1151.5,152.06,1487.4599609375
2026-07-18 16:05:00+00:00,1151.36,152.15,1487.4599609375
2026-07-18 16:10:00+00:00,1151.47,152.17,1487.4599609375
2026-07-18 16:15:00+00:00,1151.16,152.05,1487.4599609375
2026-07-18 16:20:00+00:00,1150.58,152.05,1487.4599609375
2026-07-18 16:25:00+00:00,1150.98,152.03,1487.4599609375
2026-07-18 16:30:00+00:00,1149.07,151.93,1487.4599609375
2026-07-18 16:35:00+00:00,1149.95,151.92,1487.4599609375
2026-07-18 16:40:00+00:00,1150.09,151.9,1487.4599609375
2026-07-18 16:45:00+00:00,1150.7,152.01,1487.4599609375
2026-07-18 16:50:00+00:00,1152.24,152.19,1487.4599609375
2026-07-18 16:55:00+00:00,1152.04,152.16,1487.4599609375
2026-07-18 17:00:00+00:00,1150.77,151.99,1487.4599609375
2026-07-18 17:05:00+00:00,1150.76,151.96,1487.4599609375
2026-07-18 17:10:00+00:00,1149.48,151.96,1487.4599609375
2026-07-18 17:15:00+00:00,1150.13,152.01,1487.4599609375
2026-07-18 17:20:00+00:00,1150.25,151.87,1487.4599609375
2026-07-18 17:25:00+00:00,1147.95,151.79,1487.4599609375
2026-07-18 17:30:00+00:00,1147.7,151.85,1487.4599609375
2026-07-18 17:35:00+00:00,1148.85,151.97,1487.4599609375
2026-07-18 17:40:00+00:00,1148.79,151.99,1487.4599609375
2026-07-18 17:45:00+00:00,1149.33,152.04,1487.4599609375
2026-07-18 17:50:00+00:00,1149.04,151.92,1487.4599609375
2026-07-18 17:55:00+00:00,1148.09,151.83,1487.4599609375
2026-07-18 18:00:00+00:00,1148.38,151.85,1487.4599609375
2026-07-18 18:05:00+00:00,1148.48,151.79,1487.4599609375
2026-07-18 18:10:00+00:00,1149.07,151.8,1487.4599609375
2026-07-18 18:15:00+00:00,1152.25,151.99,1487.4599609375
2026-07-18 18:20:00+00:00,1152.35,152.16,1487.4599609375
2026-07-18 18:25:00+00:00,1150.78,152.15,1487.4599609375
2026-07-18 18:30:00+00:00,1149.13,152.08,1487.4599609375
2026-07-18 18:35:00+00:00,1148.58,152.12,1487.4599609375
2026-07-18 18:40:00+00:00,1148.62,152.31,1487.4599609375
2026-07-18 18:45:00+00:00,1148.06,152.21,1487.4599609375
2026-07-18 18:50:00+00:00,1147.33,152.11,1487.4599609375
2026-07-18 18:55:00+00:00,1147.81,152.26,1487.4599609375
2026-07-18 19:00:00+00:00,1148.0,152.33,1487.4599609375
2026-07-18 19:05:00+00:00,1148.58,152.37,1487.4599609375
2026-07-18 19:10:00+00:00,1148.35,152.34,1487.4599609375
2026-07-18 19:15:00+00:00,1148.84,152.37,1487.4599609375
2026-07-18 19:20:00+00:00,1148.64,152.41,1487.4599609375
2026-07-18 19:25:00+00:00,1147.8,152.29,1487.4599609375
2026-07-18 19:30:00+00:00,1148.54,152.45,1487.4599609375
2026-07-18 19:35:00+00:00,1148.41,152.48,1487.4599609375
2026-07-18 19:40:00+00:00,1149.27,152.62,1487.4599609375
2026-07-18 19:45:00+00:00,1148.58,152.48,1487.4599609375
2026-07-18 19:50:00+00:00,1149.06,152.73,1487.4599609375
2026-07-18 19:55:00+00:00,1149.35,152.7,1487.4599609375
2026-07-18 20:00:00+00:00,1147.9,152.55,1487.4599609375
2026-07-18 20:05:00+00:00,1147.25,152.54,1487.4599609375
2026-07-18 20:10:00+00:00,1148.35,152.65,1487.4599609375
2026-07-18 20:15:00+00:00,1148.83,152.75,1487.4599609375
2026-07-18 20:20:00+00:00,1148.3,152.72,1487.4599609375
2026-07-18 20:25:00+00:00,1148.47,152.68,1487.4599609375
2026-07-18 20:30:00+00:00,1148.63,152.67,1487.4599609375
2026-07-18 20:35:00+00:00,1148.13,152.7,1487.4599609375
2026-07-18 20:40:00+00:00,1148.51,152.75,1487.4599609375
2026-07-18 20:45:00+00:00,1149.2,152.75,1487.4599609375
2026-07-18 20:50:00+00:00,1150.84,152.83,1487.4599609375
2026-07-18 20:55:00+00:00,1150.22,152.74,1487.4599609375
2026-07-18 21:00:00+00:00,1149.19,152.79,1487.4599609375
2026-07-18 21:05:00+00:00,1150.11,152.8,1487.4599609375
2026-07-18 21:10:00+00:00,1151.5,152.84,1487.4599609375
2026-07-18 21:15:00+00:00,1151.3,152.81,1487.4599609375
2026-07-18 21:20:00+00:00,1151.51,152.68,1487.4599609375
2026-07-18 21:25:00+00:00,1151.63,152.67,1487.4599609375
2026-07-18 21:30:00+00:00,1151.32,152.53,1487.4599609375
2026-07-18 21:35:00+00:00,1151.21,152.55,1487.4599609375
2026-07-18 21:40:00+00:00,1152.25,152.74,1487.4599609375
2026-07-18 21:45:00+00:00,1152.5,152.67,1487.4599609375
2026-07-18 21:50:00+00:00,1155.07,152.84,1487.4599609375
2026-07-18 21:55:00+00:00,1154.76,152.9,1487.4599609375
2026-07-18 22:00:00+00:00,1155.27,152.94,1487.4599609375
2026-07-18 22:05:00+00:00,1154.1,152.83,1487.4599609375
2026-07-18 22:10:00+00:00,1154.75,152.79,1487.4599609375
2026-07-18 22:15:00+00:00,1154.13,152.72,1487.4599609375
2026-07-18 22:20:00+00:00,1154.11,152.59,1487.4599609375
2026-07-18 22:25:00+00:00,1153.35,152.49,1487.4599609375
2026-07-18 22:30:00+00:00,1155.1,152.67,1487.4599609375
2026-07-18 22:35:00+00:00,1153.28,152.39,1487.4599609375
2026-07-18 22:40:00+00:00,1152.85,152.38,1487.4599609375
2026-07-18 22:45:00+00:00,1153.12,152.42,1487.4599609375
2026-07-18 22:50:00+00:00,1152.08,152.16,1487.4599609375
2026-07-18 22:55:00+00:00,1152.45,152.34,1487.4599609375
2026-07-18 23:00:00+00:00,1152.93,152.48,1487.4599609375
2026-07-18 23:05:00+00:00,1152.32,152.41,1487.4599609375
2026-07-18 23:10:00+00:00,1155.48,152.65,1487.4599609375
2026-07-18 23:15:00+00:00,1154.96,152.75,1487.4599609375
2026-07-18 23:20:00+00:00,1153.51,152.62,1487.4599609375
2026-07-18 23:25:00+00:00,1153.67,152.56,1487.4599609375
2026-07-18 23:30:00+00:00,1153.89,152.52,1487.4599609375
2026-07-18 23:35:00+00:00,1155.55,152.63,1487.4599609375
2026-07-18 23:40:00+00:00,1156.24,152.73,1487.4599609375
2026-07-18 23:45:00+00:00,1155.54,152.68,1487.4599609375
2026-07-18 23:50:00+00:00,1155.11,152.72,1487.4599609375
2026-07-18 23:55:00+00:00,1154.84,152.57,1487.4599609375
2026-07-19 00:00:00+00:00,1155.47,152.66,1487.4599609375
2026-07-19 00:05:00+00:00,1156.09,152.98,1487.4599609375
2026-07-19 00:10:00+00:00,1155.32,152.89,1487.4599609375
2026-07-19 00:15:00+00:00,1156.2,152.9,1487.4599609375
2026-07-19 00:20:00+00:00,1155.91,153.07,1487.4599609375
2026-07-19 00:25:00+00:00,1155.21,152.93,1487.4599609375
2026-07-19 00:30:00+00:00,1156.24,153.02,1487.4599609375
2026-07-19 00:35:00+00:00,1156.61,153.04,1487.4599609375
2026-07-19 00:40:00+00:00,1158.46,153.16,1487.4599609375
2026-07-19 00:45:00+00:00,1158.88,153.18,1487.4599609375
2026-07-19 00:50:00+00:00,1161.16,153.21,1487.4599609375
2026-07-19 00:55:00+00:00,1160.79,153.08,1487.4599609375
2026-07-19 01:00:00+00:00,1159.26,152.97,1487.4599609375
2026-07-19 01:05:00+00:00,1158.89,152.95,1487.4599609375
2026-07-19 01:10:00+00:00,1159.23,153.04,1487.4599609375
2026-07-19 01:15:00+00:00,1159.84,153.15,1487.4599609375
2026-07-19 01:20:00+00:00,1160.15,153.16,1487.4599609375
2026-07-19 01:25:00+00:00,1160.4,153.1,1487.4599609375
2026-07-19 01:30:00+00:00,1161.34,153.21,1487.4599609375
2026-07-19 01:35:00+00:00,1162.14,153.27,1487.4599609375
2026-07-19 01:40:00+00:00,1161.74,153.27,1487.4599609375
2026-07-19 01:45:00+00:00,1161.87,153.22,1487.4599609375
2026-07-19 01:50:00+00:00,1162.34,153.24,1487.4599609375
2026-07-19 01:55:00+00:00,1162.1,153.3,1487.4599609375
2026-07-19 02:00:00+00:00,1162.93,153.41,1487.4599609375
2026-07-19 02:05:00+00:00,1164.82,153.46,1487.4599609375
2026-07-19 02:10:00+00:00,1165.31,153.45,1487.4599609375
2026-07-19 02:15:00+00:00,1164.15,153.41,1487.4599609375
2026-07-19 02:20:00+00:00,1164.64,153.52,1487.4599609375
2026-07-19 02:25:00+00:00,1161.32,153.03,1487.4599609375
2026-07-19 02:30:00+00:00,1164.67,153.31,1487.4599609375
2026-07-19 02:35:00+00:00,1165.82,153.38,1487.4599609375
2026-07-19 02:40:00+00:00,1165.89,153.37,1487.4599609375
2026-07-19 02:45:00+00:00,1165.76,153.3,1487.4599609375
2026-07-19 02:50:00+00:00,1165.04,153.37,1487.4599609375
2026-07-19 02:55:00+00:00,1165.52,153.42,1487.4599609375
2026-07-19 03:00:00+00:00,1165.06,153.38,1487.4599609375
2026-07-19 03:05:00+00:00,1166.79,153.55,1487.4599609375
2026-07-19 03:10:00+00:00,1165.88,153.52,1487.4599609375
2026-07-19 03:15:00+00:00,1165.98,153.54,1487.4599609375
2026-07-19 03:20:00+00:00,1165.48,153.52,1487.4599609375
2026-07-19 03:25:00+00:00,1165.01,153.43,1487.4599609375
2026-07-19 03:30:00+00:00,1166.22,153.73,1487.4599609375
2026-07-19 03:35:00+00:00,1165.75,153.76,1487.4599609375
2026-07-19 03:40:00+00:00,1166.58,153.78,1487.4599609375
2026-07-19 03:45:00+00:00,1166.35,153.74,1487.4599609375
2026-07-19 03:50:00+00:00,1165.56,153.73,1487.4599609375
2026-07-19 03:55:00+00:00,1167.52,153.8,1487.4599609375
2026-07-19 04:00:00+00:00,1171.43,154.02,1487.4599609375
2026-07-19 04:05:00+00:00,1180.0,154.85,1487.4599609375
2026-07-19 04:10:00+00:00,1179.35,154.54,1487.4599609375
2026-07-19 04:15:00+00:00,1178.5,154.48,1487.4599609375
2026-07-19 04:20:00+00:00,1178.2,154.65,1487.4599609375
2026-07-19 04:25:00+00:00,1180.3,154.69,1487.4599609375
2026-07-19 04:30:00+00:00,1180.53,155.22,1487.4599609375
2026-07-19 04:35:00+00:00,1178.51,154.86,1487.4599609375
2026-07-19 04:40:00+00:00,1178.09,154.71,1487.4599609375
2026-07-19 04:45:00+00:00,1175.29,154.61,1487.4599609375
2026-07-19 04:50:00+00:00,1176.4,154.55,1487.4599609375
2026-07-19 04:55:00+00:00,1178.74,155.0,1487.4599609375
2026-07-19 05:00:00+00:00,1177.64,154.74,1487.4599609375
2026-07-19 05:05:00+00:00,1177.07,154.81,1487.4599609375
2026-07-19 05:10:00+00:00,1177.17,154.75,1487.4599609375
2026-07-19 05:15:00+00:00,1175.0,154.6,1487.4599609375
2026-07-19 05:20:00+00:00,1172.86,154.46,1487.4599609375
2026-07-19 05:25:00+00:00,1174.3,154.33,1487.4599609375
2026-07-19 05:30:00+00:00,1174.43,154.49,1487.4599609375
2026-07-19 05:35:00+00:00,1175.54,154.61,1487.4599609375
2026-07-19 05:40:00+00:00,1176.77,154.65,1487.4599609375
2026-07-19 05:45:00+00:00,1174.7,154.51,1487.4599609375
2026-07-19 05:50:00+00:00,1177.4,154.68,1487.4599609375
2026-07-19 05:55:00+00:00,1176.64,154.7,1487.4599609375
2026-07-19 06:00:00+00:00,1177.27,154.69,1487.4599609375
2026-07-19 06:05:00+00:00,1178.09,154.72,1487.4599609375
2026-07-19 06:10:00+00:00,1178.16,154.82,1487.4599609375
2026-07-19 06:15:00+00:00,1181.66,154.96,1487.4599609375
2026-07-19 06:20:00+00:00,1181.12,154.96,1487.4599609375
2026-07-19 06:25:00+00:00,1180.7,154.89,1487.4599609375
2026-07-19 06:30:00+00:00,1182.23,154.92,1487.4599609375
2026-07-19 06:35:00+00:00,1180.58,154.84,1487.4599609375
2026-07-19 06:40:00+00:00,1181.17,154.79,1487.4599609375
2026-07-19 06:45:00+00:00,1179.24,154.76,1487.4599609375
2026-07-19 06:50:00+00:00,1182.26,154.9,1487.4599609375
2026-07-19 06:55:00+00:00,1182.57,155.04,1487.4599609375
2026-07-19 07:00:00+00:00,1183.37,155.03,1487.4599609375
2026-07-19 07:05:00+00:00,1183.68,155.05,1487.4599609375
2026-07-19 07:10:00+00:00,1181.83,154.81,1487.4599609375
2026-07-19 07:15:00+00:00,1182.31,154.89,1487.4599609375
2026-07-19 07:20:00+00:00,1182.36,155.13,1487.4599609375
2026-07-19 07:25:00+00:00,1183.5,155.14,1487.4599609375
2026-07-19 07:30:00+00:00,1183.99,155.15,1487.4599609375
2026-07-19 07:35:00+00:00,1183.74,155.37,1487.4599609375
2026-07-19 07:40:00+00:00,1186.63,155.44,1487.4599609375
2026-07-19 07:45:00+00:00,1185.65,155.15,1487.4599609375
2026-07-19 07:50:00+00:00,1184.81,155.08,1487.4599609375
2026-07-19 07:55:00+00:00,1186.28,155.2,1487.4599609375
2026-07-19 08:00:00+00:00,1192.5,155.88,1487.4599609375
2026-07-19 08:05:00+00:00,1192.28,156.19,1487.4599609375
2026-07-19 08:10:00+00:00,1191.77,156.02,1487.4599609375
2026-07-19 08:15:00+00:00,1192.92,156.06,1487.4599609375
2026-07-19 08:20:00+00:00,1194.59,156.26,1487.4599609375
2026-07-19 08:25:00+00:00,1191.5,155.95,1487.4599609375
2026-07-19 08:30:00+00:00,1191.07,155.92,1487.4599609375
2026-07-19 08:35:00+00:00,1194.02,156.14,1487.4599609375
2026-07-19 08:40:00+00:00,1196.96,156.68,1487.4599609375
2026-07-19 08:45:00+00:00,1198.89,156.95,1487.4599609375
2026-07-19 08:50:00+00:00,1203.2,157.05,1487.4599609375
2026-07-19 08:55:00+00:00,1204.57,157.18,1487.4599609375
2026-07-19 09:00:00+00:00,1200.72,156.93,1487.4599609375
2026-07-19 09:05:00+00:00,1198.77,156.7,1487.4599609375
2026-07-19 09:10:00+00:00,1198.57,156.63,1487.4599609375
2026-07-19 09:15:00+00:00,1188.03,155.78,1487.4599609375
2026-07-19 09:20:00+00:00,1191.75,155.86,1487.4599609375
2026-07-19 09:25:00+00:00,1192.31,156.1,1487.4599609375
2026-07-19 09:30:00+00:00,1189.36,156.0,1487.4599609375
2026-07-19 09:35:00+00:00,1191.16,155.62,1487.4599609375
2026-07-19 09:40:00+00:00,1195.34,155.97,1487.4599609375
2026-07-19 09:45:00+00:00,1191.66,155.5,1487.4599609375
2026-07-19 09:50:00+00:00,1193.33,155.7,1487.4599609375
2026-07-19 09:55:00+00:00,1192.85,155.59,1487.4599609375
2026-07-19 10:00:00+00:00,1188.58,154.95,1487.4599609375
2026-07-19 10:05:00+00:00,1186.1,154.86,1487.4599609375
2026-07-19 10:10:00+00:00,1183.92,154.67,1487.4599609375
2026-07-19 10:15:00+00:00,1185.32,154.66,1487.4599609375
2026-07-19 10:20:00+00:00,1187.08,154.98,1487.4599609375
2026-07-19 10:25:00+00:00,1184.52,154.76,1487.4599609375
2026-07-19 10:30:00+00:00,1184.41,154.49,1487.4599609375
2026-07-19 10:35:00+00:00,1186.05,154.63,1487.4599609375
2026-07-19 10:40:00+00:00,1185.95,154.78,1487.4599609375
2026-07-19 10:45:00+00:00,1187.63,154.92,1487.4599609375
2026-07-19 10:50:00+00:00,1186.58,154.73,1487.4599609375
2026-07-19 10:55:00+00:00,1185.53,154.62,1487.4599609375
2026-07-19 11:00:00+00:00,1187.06,154.76,1487.4599609375
2026-07-19 11:05:00+00:00,1186.46,154.72,1487.4599609375
2026-07-19 11:10:00+00:00,1186.46,154.68,1487.4599609375
2026-07-19 11:15:00+00:00,1186.39,154.67,1487.4599609375
2026-07-19 11:20:00+00:00,1185.93,154.66,1487.4599609375
2026-07-19 11:25:00+00:00,1185.48,154.55,1487.4599609375
2026-07-19 11:30:00+00:00,1182.62,154.24,1487.4599609375
2026-07-19 11:35:00+00:00,1181.27,153.86,1487.4599609375
2026-07-19 11:40:00+00:00,1178.65,153.71,1487.4599609375
2026-07-19 11:45:00+00:00,1180.97,153.94,1487.4599609375
2026-07-19 11:50:00+00:00,1181.46,153.93,1487.4599609375
2026-07-19 11:55:00+00:00,1182.19,153.91,1487.4599609375
2026-07-19 12:00:00+00:00,1179.95,153.83,1487.4599609375
2026-07-19 12:05:00+00:00,1180.15,153.88,1487.4599609375
2026-07-19 12:10:00+00:00,1178.96,153.73,1487.4599609375
2026-07-19 12:15:00+00:00,1178.41,153.68,1487.4599609375
2026-07-19 12:20:00+00:00,1182.26,154.18,1487.4599609375
2026-07-19 12:25:00+00:00,1183.62,154.3,1487.4599609375
2026-07-19 12:30:00+00:00,1184.24,154.31,1487.4599609375
2026-07-19 12:35:00+00:00,1185.54,154.49,1487.4599609375
2026-07-19 12:40:00+00:00,1185.28,154.43,1487.4599609375
2026-07-19 12:45:00+00:00,1185.16,154.43,1487.4599609375
2026-07-19 12:50:00+00:00,1183.43,154.28,1487.4599609375
2026-07-19 12:55:00+00:00,1185.33,154.44,1487.4599609375
2026-07-19 13:00:00+00:00,1185.61,154.58,1487.4599609375
2026-07-19 13:05:00+00:00,1186.08,154.6,1487.4599609375
2026-07-19 13:10:00+00:00,1189.69,155.0,1487.4599609375
2026-07-19 13:15:00+00:00,1191.83,155.31,1487.4599609375
2026-07-19 13:20:00+00:00,1189.25,155.0,1487.4599609375
2026-07-19 13:25:00+00:00,1188.32,154.89,1487.4599609375
2026-07-19 13:30:00+00:00,1190.26,155.06,1487.4599609375
2026-07-19 13:35:00+00:00,1190.71,154.96,1487.4599609375
2026-07-19 13:40:00+00:00,1190.0,154.91,1487.4599609375
2026-07-19 13:45:00+00:00,1191.1,155.07,1487.4599609375
2026-07-19 13:50:00+00:00,1191.01,154.96,1487.4599609375
2026-07-19 13:55:00+00:00,1191.42,154.94,1487.4599609375
2026-07-19 14:00:00+00:00,1189.4,154.75,1487.4599609375
2026-07-19 14:05:00+00:00,1188.97,154.73,1487.4599609375
2026-07-19 14:10:00+00:00,1184.18,154.34,1487.4599609375
2026-07-19 14:15:00+00:00,1185.33,154.38,1487.4599609375
2026-07-19 14:20:00+00:00,1186.0,154.29,1487.4599609375
2026-07-19 14:25:00+00:00,1185.16,154.18,1487.4599609375
2026-07-19 14:30:00+00:00,1183.73,154.04,1487.4599609375
2026-07-19 14:35:00+00:00,1184.39,154.04,1487.4599609375
2026-07-19 14:40:00+00:00,1185.95,154.2,1487.4599609375
2026-07-19 14:45:00+00:00,1187.41,154.24,1487.4599609375
2026-07-19 14:50:00+00:00,1186.39,154.12,1487.4599609375
2026-07-19 14:55:00+00:00,1184.51,153.89,1487.4599609375
2026-07-19 15:00:00+00:00,1184.95,153.93,1487.4599609375
2026-07-19 15:05:00+00:00,1183.73,153.79,1487.4599609375
2026-07-19 15:10:00+00:00,1185.08,153.98,1487.4599609375
2026-07-19 15:15:00+00:00,1184.36,154.08,1487.4599609375
2026-07-19 15:20:00+00:00,1184.42,154.06,1487.4599609375
2026-07-19 15:25:00+00:00,1183.4,153.94,1487.4599609375
2026-07-19 15:30:00+00:00,1183.75,154.08,1487.4599609375
2026-07-19 15:35:00+00:00,1184.02,154.15,1487.4599609375
2026-07-19 15:40:00+00:00,1185.13,154.27,1487.4599609375
2026-07-19 15:45:00+00:00,1184.27,154.09,1487.4599609375
2026-07-19 15:50:00+00:00,1183.78,154.15,1487.4599609375
2026-07-19 15:55:00+00:00,1183.2,154.12,1487.4599609375
2026-07-19 16:00:00+00:00,1183.66,154.29,1487.4599609375
2026-07-19 16:05:00+00:00,1178.51,153.64,1487.4599609375
2026-07-19 16:10:00+00:00,1176.28,153.16,1487.4599609375
2026-07-19 16:15:00+00:00,1174.84,152.6,1487.4599609375
2026-07-19 16:20:00+00:00,1178.1,152.89,1487.4599609375
2026-07-19 16:25:00+00:00,1178.9,153.02,1487.4599609375
2026-07-19 16:30:00+00:00,1175.62,152.72,1487.4599609375
2026-07-19 16:35:00+00:00,1177.95,153.23,1487.4599609375
2026-07-19 16:40:00+00:00,1178.2,153.3,1487.4599609375
2026-07-19 16:45:00+00:00,1175.48,153.17,1487.4599609375
2026-07-19 16:50:00+00:00,1175.57,153.11,1487.4599609375
2026-07-19 16:55:00+00:00,1175.96,152.93,1487.4599609375
2026-07-19 17:00:00+00:00,1177.92,153.01,1487.4599609375
2026-07-19 17:05:00+00:00,1180.92,153.15,1487.4599609375
2026-07-19 17:10:00+00:00,1181.81,153.34,1487.4599609375
2026-07-19 17:15:00+00:00,1182.25,153.28,1487.4599609375
2026-07-19 17:20:00+00:00,1184.09,153.42,1487.4599609375
2026-07-19 17:25:00+00:00,1185.65,153.54,1487.4599609375
2026-07-19 17:30:00+00:00,1186.49,153.57,1487.4599609375
2026-07-19 17:35:00+00:00,1187.89,153.69,1487.4599609375
2026-07-19 17:40:00+00:00,1188.36,153.79,1487.4599609375
2026-07-19 17:45:00+00:00,1187.87,153.7,1487.4599609375
2026-07-19 17:50:00+00:00,1187.6,153.75,1487.4599609375
2026-07-19 17:55:00+00:00,1187.93,153.7,1487.4599609375
2026-07-19 18:00:00+00:00,1187.84,153.54,1487.4599609375
2026-07-19 18:05:00+00:00,1181.24,152.94,1487.4599609375
2026-07-19 18:10:00+00:00,1183.34,153.06,1487.4599609375
2026-07-19 18:15:00+00:00,1183.3,153.03,1487.4599609375
2026-07-19 18:20:00+00:00,1184.49,153.18,1487.4599609375
2026-07-19 18:25:00+00:00,1183.74,152.95,1487.4599609375
2026-07-19 18:30:00+00:00,1184.33,153.02,1487.4599609375
2026-07-19 18:35:00+00:00,1185.03,153.11,1487.4599609375
2026-07-19 18:40:00+00:00,1185.75,153.18,1487.4599609375
2026-07-19 18:45:00+00:00,1187.56,153.46,1487.4599609375
2026-07-19 18:50:00+00:00,1187.63,153.47,1487.4599609375
2026-07-19 18:55:00+00:00,1187.65,153.45,1487.4599609375
2026-07-19 19:00:00+00:00,1187.94,153.48,1487.4599609375
2026-07-19 19:05:00+00:00,1189.23,153.68,1487.4599609375
2026-07-19 19:10:00+00:00,1189.51,153.7,1487.4599609375
2026-07-19 19:15:00+00:00,1189.57,153.7,1487.4599609375
2026-07-19 19:20:00+00:00,1190.22,153.78,1487.4599609375
2026-07-19 19:25:00+00:00,1191.39,153.93,1487.4599609375
2026-07-19 19:30:00+00:00,1192.18,154.04,1487.4599609375
2026-07-19 19:35:00+00:00,1195.28,154.42,1487.4599609375
2026-07-19 19:40:00+00:00,1194.92,154.67,1487.4599609375
2026-07-19 19:45:00+00:00,1193.82,154.38,1487.4599609375
2026-07-19 19:50:00+00:00,1193.48,154.29,1487.4599609375
2026-07-19 19:55:00+00:00,1193.6,154.21,1487.4599609375
2026-07-19 20:00:00+00:00,1193.08,154.17,1487.4599609375
2026-07-19 20:05:00+00:00,1193.45,154.72,1487.4599609375
2026-07-19 20:10:00+00:00,1191.6,154.58,1487.4599609375
2026-07-19 20:15:00+00:00,1192.0,154.6,1487.4599609375
2026-07-19 20:20:00+00:00,1193.06,154.7,1487.4599609375
2026-07-19 20:25:00+00:00,1192.14,154.69,1487.4599609375
2026-07-19 20:30:00+00:00,1192.25,154.73,1487.4599609375
2026-07-19 20:35:00+00:00,1192.18,154.79,1487.4599609375
2026-07-19 20:40:00+00:00,1193.44,154.89,1487.4599609375
2026-07-19 20:45:00+00:00,1192.63,154.85,1487.4599609375
2026-07-19 20:50:00+00:00,1192.92,154.83,1487.4599609375
2026-07-19 20:55:00+00:00,1193.6,154.96,1487.4599609375
2026-07-19 21:00:00+00:00,1192.16,154.89,1487.4599609375
2026-07-19 21:05:00+00:00,1192.56,154.91,1487.4599609375
2026-07-19 21:10:00+00:00,1191.57,154.74,1487.4599609375
2026-07-19 21:15:00+00:00,1192.61,155.03,1487.4599609375
2026-07-19 21:20:00+00:00,1192.11,154.84,1487.4599609375
2026-07-19 21:25:00+00:00,1192.09,154.87,1487.4599609375
2026-07-19 21:30:00+00:00,1193.75,155.1,1487.4599609375
2026-07-19 21:35:00+00:00,1194.13,155.07,1487.4599609375
2026-07-19 21:40:00+00:00,1193.51,155.06,1487.4599609375
2026-07-19 21:45:00+00:00,1193.36,155.02,1487.4599609375
2026-07-19 21:50:00+00:00,1193.48,155.0,1487.4599609375
2026-07-19 21:55:00+00:00,1188.45,154.85,1487.4599609375
2026-07-19 22:00:00+00:00,1185.69,154.82,1487.4599609375
2026-07-19 22:05:00+00:00,1181.99,155.1,1487.4599609375
2026-07-19 22:10:00+00:00,1192.88,155.87,1487.4599609375
2026-07-19 22:15:00+00:00,1193.76,156.22,1487.4599609375
2026-07-19 22:20:00+00:00,1195.84,156.74,1487.4599609375
2026-07-19 22:25:00+00:00,1191.84,156.01,1487.4599609375
2026-07-19 22:30:00+00:00,1196.22,156.63,1487.4599609375
2026-07-19 22:35:00+00:00,1191.4,156.02,1487.4599609375
2026-07-19 22:40:00+00:00,1196.69,156.5,1487.4599609375
2026-07-19 22:45:00+00:00,1193.7,156.05,1487.4599609375
2026-07-19 22:50:00+00:00,1217.11,157.62,1487.4599609375
2026-07-19 22:55:00+00:00,1221.61,157.57,1487.4599609375
2026-07-19 23:00:00+00:00,1185.3,154.89,1487.75
2026-07-19 23:05:00+00:00,1191.45,155.51,1487.780029296875
2026-07-19 23:10:00+00:00,1178.72,154.58,1487.5400390625
2026-07-19 23:15:00+00:00,1185.31,155.48,1487.469970703125
2026-07-19 23:20:00+00:00,1190.04,155.79,1487.8199462890625
2026-07-19 23:25:00+00:00,1195.9,156.0,1487.8199462890625
2026-07-19 23:30:00+00:00,1198.71,156.16,1488.1099853515625
2026-07-19 23:35:00+00:00,1189.57,155.0,1488.030029296875
2026-07-19 23:40:00+00:00,1188.07,154.87,1487.9300537109375
2026-07-19 23:45:00+00:00,1177.23,154.11,1487.93994140625
2026-07-19 23:50:00+00:00,1171.86,153.24,1488.06005859375
2026-07-19 23:55:00+00:00,1174.78,153.36,1488.0699462890625
2026-07-20 00:00:00+00:00,1212.56,159.14,1489.0899658203125
2026-07-20 00:05:00+00:00,1242.01,161.76,1490.1800537109375
2026-07-20 00:10:00+00:00,1255.7,162.44,1488.780029296875
2026-07-20 00:15:00+00:00,1262.63,161.91,1487.8800048828125
2026-07-20 00:20:00+00:00,1269.84,161.54,1487.0799560546875
2026-07-20 00:25:00+00:00,1253.29,160.42,1487.780029296875
2026-07-20 00:30:00+00:00,1244.76,158.7,1487.6800537109375
2026-07-20 00:35:00+00:00,1258.89,159.79,1487.3800048828125
2026-07-20 00:40:00+00:00,1257.95,159.64,1487.0799560546875
2026-07-20 00:45:00+00:00,1256.57,159.22,1486.8800048828125
2026-07-20 00:50:00+00:00,1242.97,157.94,1486.3800048828125
2026-07-20 00:55:00+00:00,1230.82,157.14,1486.530029296875
2026-07-20 01:00:00+00:00,1233.96,158.29,1485.6800537109375
2026-07-20 01:05:00+00:00,1245.56,158.68,1485.6700439453125
2026-07-20 01:10:00+00:00,1231.9,156.7,1485.8499755859375
2026-07-20 01:15:00+00:00,1230.84,156.29,1485.22998046875
2026-07-20 01:20:00+00:00,1246.78,157.67,1482.8800048828125
2026-07-20 01:25:00+00:00,1239.09,156.49,1483.9599609375
2026-07-20 01:30:00+00:00,1213.43,155.22,1484.010009765625
2026-07-20 01:35:00+00:00,1221.85,156.79,1483.8299560546875
2026-07-20 01:40:00+00:00,1211.41,155.72,1483.3800048828125
2026-07-20 01:45:00+00:00,1211.94,155.64,1483.8800048828125
2026-07-20 01:50:00+00:00,1190.94,153.85,1483.1400146484375
2026-07-20 01:55:00+00:00,1199.15,154.87,1482.5799560546875
2026-07-20 02:00:00+00:00,1213.21,156.51,1482.6800537109375
2026-07-20 02:05:00+00:00,1217.13,156.87,1482.6800537109375
2026-07-20 02:10:00+00:00,1201.5,155.62,1482.25
2026-07-20 02:15:00+00:00,1199.11,155.12,1482.6400146484375
2026-07-20 02:20:00+00:00,1197.92,155.22,1481.52001953125
2026-07-20 02:25:00+00:00,1191.92,154.8,1480.780029296875
2026-07-20 02:30:00+00:00,1206.42,155.57,1481.3499755859375
2026-07-20 02:35:00+00:00,1202.9,155.09,1480.3800048828125
2026-07-20 02:40:00+00:00,1215.96,156.62,1480.97998046875
2026-07-20 02:45:00+00:00,1217.6,156.87,1480.97998046875
2026-07-20 02:50:00+00:00,1211.18,156.36,1481.780029296875
2026-07-20 02:55:00+00:00,1207.68,156.19,1482.47998046875
2026-07-20 03:00:00+00:00,1202.87,155.9,1481.5799560546875
2026-07-20 03:05:00+00:00,1203.86,156.15,1482.1800537109375
2026-07-20 03:10:00+00:00,1207.35,156.6,1481.97998046875
2026-07-20 03:15:00+00:00,1201.58,156.11,1481.780029296875
2026-07-20 03:20:00+00:00,1203.55,156.01,1481.47998046875
2026-07-20 03:25:00+00:00,1198.03,155.66,1481.780029296875
2026-07-20 03:30:00+00:00,1201.22,156.04,1482.280029296875
2026-07-20 03:35:00+00:00,1203.6,156.52,1481.719970703125
2026-07-20 03:40:00+00:00,1204.98,156.69,1481.280029296875
2026-07-20 03:45:00+00:00,1205.18,156.65,1481.8800048828125
2026-07-20 03:50:00+00:00,1222.1,158.87,1481.1800537109375
2026-07-20 03:55:00+00:00,1209.26,157.43,1481.22998046875
2026-07-20 04:00:00+00:00,1211.71,157.78,1480.3800048828125
2026-07-20 04:05:00+00:00,1204.38,157.2,1480.47998046875
2026-07-20 04:10:00+00:00,1198.22,156.93,1481.06005859375
2026-07-20 04:15:00+00:00,1194.99,156.42,1480.93994140625
2026-07-20 04:20:00+00:00,1202.57,157.28,1480.77001953125
2026-07-20 04:25:00+00:00,1205.26,157.45,1480.280029296875
2026-07-20 04:30:00+00:00,1216.44,157.84,1479.5400390625
2026-07-20 04:35:00+00:00,1226.18,158.65,1479.800048828125
2026-07-20 04:40:00+00:00,1223.38,158.57,1479.6199951171875
2026-07-20 04:45:00+00:00,1230.74,158.86,1478.97998046875
2026-07-20 04:50:00+00:00,1224.96,158.28,1479.43994140625
2026-07-20 04:55:00+00:00,1221.87,158.11,1479.18994140625
2026-07-20 05:00:00+00:00,1216.68,157.69,1479.25
2026-07-20 05:05:00+00:00,1212.53,157.08,1479.47998046875
2026-07-20 05:10:00+00:00,1211.53,157.38,1478.989990234375
2026-07-20 05:15:00+00:00,1206.24,157.63,1478.97998046875
2026-07-20 05:20:00+00:00,1205.47,157.63,1479.1800537109375
2026-07-20 05:25:00+00:00,1205.52,157.5,1479.56005859375
2026-07-20 05:30:00+00:00,1204.4,157.34,1478.780029296875
2026-07-20 05:35:00+00:00,1202.55,157.25,1478.97998046875
2026-07-20 05:40:00+00:00,1205.54,157.01,1478.52001953125
2026-07-20 05:45:00+00:00,1203.38,156.74,1479.4599609375
2026-07-20 05:50:00+00:00,1200.97,156.53,1479.3800048828125
2026-07-20 05:55:00+00:00,1203.82,156.77,1478.97998046875
2026-07-20 06:00:00+00:00,1200.37,156.82,1477.780029296875
2026-07-20 06:05:00+00:00,1197.85,156.69,1478.56005859375
2026-07-20 06:10:00+00:00,1192.38,156.45,1478.8800048828125
2026-07-20 06:15:00+00:00,1205.85,157.93,1478.18994140625
2026-07-20 06:20:00+00:00,1192.14,157.12,1477.5799560546875
2026-07-20 06:25:00+00:00,1193.3,157.05,1477.780029296875
2026-07-20 06:30:00+00:00,1194.79,156.98,1477.97998046875
2026-07-20 06:35:00+00:00,1193.21,155.96,1478.0699462890625
2026-07-20 06:40:00+00:00,1193.16,156.38,1478.6800537109375
2026-07-20 06:45:00+00:00,1195.22,156.67,1479.3399658203125
2026-07-20 06:50:00+00:00,1195.12,156.36,1479.52001953125
2026-07-20 06:55:00+00:00,1196.9,156.41,1479.56005859375
2026-07-20 07:00:00+00:00,1197.95,156.68,1479.9100341796875
2026-07-20 07:05:00+00:00,1198.17,156.23,1480.4300537109375
2026-07-20 07:10:00+00:00,1199.39,156.41,1481.3199462890625
2026-07-20 07:15:00+00:00,1198.89,156.25,1481.1600341796875
2026-07-20 07:20:00+00:00,1201.19,156.61,1480.6400146484375
2026-07-20 07:25:00+00:00,1204.76,157.3,1480.47998046875
2026-07-20 07:30:00+00:00,1206.03,157.56,1479.280029296875
2026-07-20 07:35:00+00:00,1205.35,157.76,1479.93994140625
2026-07-20 07:40:00+00:00,1205.7,158.05,1479.6400146484375
2026-07-20 07:45:00+00:00,1204.69,157.95,1480.050048828125
2026-07-20 07:50:00+00:00,1204.44,157.94,1480.31005859375
2026-07-20 07:55:00+00:00,1206.45,158.2,1480.780029296875
2026-07-20 08:00:00+00:00,1212.5,159.34,1480.719970703125
2026-07-20 08:05:00+00:00,1211.68,158.78,1480.7900390625
2026-07-20 08:10:00+00:00,1216.89,159.92,1481.280029296875
2026-07-20 08:15:00+00:00,1217.45,159.5,1481.0699462890625
2026-07-20 08:20:00+00:00,1220.27,159.74,1481.199951171875
2026-07-20 08:25:00+00:00,1218.23,159.63,1481.0
2026-07-20 08:30:00+00:00,1215.49,158.97,1481.300048828125
2026-07-20 08:35:00+00:00,1212.4,158.88,1481.1800537109375
2026-07-20 08:40:00+00:00,1210.8,158.86,1481.2099609375
2026-07-20 08:45:00+00:00,1214.79,159.38,1481.239990234375
2026-07-20 08:50:00+00:00,1212.73,158.84,1481.4100341796875
2026-07-20 08:55:00+00:00,1215.9,159.19,1481.3900146484375
2026-07-20 09:00:00+00:00,1218.81,159.5,1481.5699462890625
2026-07-20 09:05:00+00:00,1219.04,159.61,1481.8800048828125
2026-07-20 09:10:00+00:00,1222.16,159.79,1481.47998046875
2026-07-20 09:15:00+00:00,1223.94,160.02,1481.47998046875
2026-07-20 09:20:00+00:00,1225.13,160.15,1481.6400146484375
2026-07-20 09:25:00+00:00,1227.36,160.29,1481.5799560546875
2026-07-20 09:30:00+00:00,1228.82,160.51,1481.6800537109375
2026-07-20 09:35:00+00:00,1230.64,160.73,1481.77001953125
2026-07-20 09:40:00+00:00,1234.8,161.39,1481.5799560546875
2026-07-20 09:45:00+00:00,1237.85,162.17,1481.5899658203125
2026-07-20 09:50:00+00:00,1233.04,160.92,1481.6300048828125
2026-07-20 09:55:00+00:00,1234.57,161.0,1481.5
2026-07-20 10:00:00+00:00,1232.37,160.74,1481.5799560546875
2026-07-20 10:05:00+00:00,1231.99,161.0,1481.5699462890625
2026-07-20 10:10:00+00:00,1231.3,160.95,1481.47998046875
2026-07-20 10:15:00+00:00,1232.54,161.0,1481.469970703125
2026-07-20 10:20:00+00:00,1238.21,161.59,1481.219970703125
2026-07-20 10:25:00+00:00,1236.97,161.28,1481.3800048828125
2026-07-20 10:30:00+00:00,1238.2,161.7,1481.1400146484375
2026-07-20 10:35:00+00:00,1237.48,161.7,1481.3900146484375
2026-07-20 10:40:00+00:00,1240.25,162.41,1481.3800048828125
2026-07-20 10:45:00+00:00,1239.32,162.35,1481.3800048828125
2026-07-20 10:50:00+00:00,1242.12,162.66,1481.219970703125
2026-07-20 10:55:00+00:00,1239.33,161.68,1480.8800048828125
2026-07-20 11:00:00+00:00,1243.25,162.3,1480.8399658203125
2026-07-20 11:05:00+00:00,1245.92,162.84,1481.530029296875
2026-07-20 11:10:00+00:00,1244.01,162.99,1481.18994140625
2026-07-20 11:15:00+00:00,1243.41,163.19,1481.1500244140625
2026-07-20 11:20:00+00:00,1240.8,162.69,1481.02001953125
2026-07-20 11:25:00+00:00,1238.88,162.35,1480.800048828125
2026-07-20 11:30:00+00:00,1248.33,163.54,1478.469970703125
2026-07-20 11:35:00+00:00,1245.78,163.07,1479.1600341796875
2026-07-20 11:40:00+00:00,1247.61,163.74,1479.77001953125
2026-07-20 11:45:00+00:00,1240.59,163.14,1480.7900390625
2026-07-20 11:50:00+00:00,1241.21,163.45,1480.1800537109375
2026-07-20 11:55:00+00:00,1243.47,163.45,1480.3399658203125
2026-07-20 12:00:00+00:00,1238.98,162.33,1481.280029296875
2026-07-20 12:05:00+00:00,1236.8,162.05,1481.4200439453125
2026-07-20 12:10:00+00:00,1234.38,161.62,1481.0799560546875
2026-07-20 12:15:00+00:00,1235.37,161.8,1481.3900146484375
2026-07-20 12:20:00+00:00,1233.44,161.24,1481.5999755859375
2026-07-20 12:25:00+00:00,1238.91,161.75,1481.199951171875
2026-07-20 12:30:00+00:00,1237.92,162.08,1481.6700439453125
2026-07-20 12:35:00+00:00,1240.81,162.59,1481.5699462890625
2026-07-20 12:40:00+00:00,1234.98,161.94,1481.739990234375
2026-07-20 12:45:00+00:00,1238.88,162.16,1481.6700439453125
2026-07-20 12:50:00+00:00,1235.57,161.95,1481.6400146484375
2026-07-20 12:55:00+00:00,1238.92,162.49,1481.81005859375
2026-07-20 13:00:00+00:00,1241.59,162.68,1481.75
2026-07-20 13:05:00+00:00,1242.14,162.5,1481.68994140625
2026-07-20 13:10:00+00:00,1239.56,161.89,1481.6300048828125
2026-07-20 13:15:00+00:00,1245.57,162.95,1481.719970703125
2026-07-20 13:20:00+00:00,1243.05,162.7,1481.6199951171875
2026-07-20 13:25:00+00:00,1243.01,163.36,1481.72998046875
2026-07-20 13:30:00+00:00,1243.68,162.22,1481.469970703125
2026-07-20 13:35:00+00:00,1240.56,161.15,1481.280029296875
2026-07-20 13:40:00+00:00,1245.96,161.76,1481.510009765625
2026-07-20 13:45:00+00:00,1234.73,159.01,1480.449951171875
2026-07-20 13:50:00+00:00,1233.94,158.89,1480.2900390625
2026-07-20 13:55:00+00:00,1228.73,158.53,1480.22998046875
2026-07-20 14:00:00+00:00,1231.7,159.83,1480.030029296875
2026-07-20 14:05:00+00:00,1222.76,157.87,1480.3900146484375
2026-07-20 14:10:00+00:00,1212.65,157.02,1480.56005859375
2026-07-20 14:15:00+00:00,1212.16,156.99,1480.6199951171875
2026-07-20 14:20:00+00:00,1212.71,156.62,1480.3199462890625
2026-07-20 14:25:00+00:00,1217.14,157.43,1479.97998046875
2026-07-20 14:30:00+00:00,1217.14,157.28,1480.0899658203125
2026-07-20 14:35:00+00:00,1218.16,157.03,1479.6600341796875
2026-07-20 14:40:00+00:00,1217.08,156.79,1480.0699462890625
2026-07-20 14:45:00+00:00,1209.68,155.71,1479.7099609375
2026-07-20 14:50:00+00:00,1206.05,155.31,1479.72998046875
2026-07-20 14:55:00+00:00,1204.88,154.37,1479.72998046875
2026-07-20 15:00:00+00:00,1210.5,155.51,1478.5799560546875
2026-07-20 15:05:00+00:00,1215.16,156.25,1477.739990234375
2026-07-20 15:10:00+00:00,1213.37,156.49,1478.75
2026-07-20 15:15:00+00:00,1214.45,156.6,1478.52001953125
2026-07-20 15:20:00+00:00,1220.61,157.34,1477.8800048828125
2026-07-20 15:25:00+00:00,1222.64,157.17,1478.5799560546875
2026-07-20 15:30:00+00:00,1223.42,157.93,1478.18994140625
2026-07-20 15:35:00+00:00,1222.72,157.68,1478.4300537109375
2026-07-20 15:40:00+00:00,1223.05,157.38,1478.68994140625
2026-07-20 15:45:00+00:00,1219.37,156.86,1478.510009765625
2026-07-20 15:50:00+00:00,1223.49,157.57,1478.6400146484375
2026-07-20 15:55:00+00:00,1227.36,158.24,1477.97998046875
2026-07-20 16:00:00+00:00,1230.01,158.82,1477.6400146484375
2026-07-20 16:05:00+00:00,1234.05,158.99,1477.7099609375
2026-07-20 16:10:00+00:00,1228.59,157.85,1477.3900146484375
2026-07-20 16:15:00+00:00,1229.98,157.6,1477.3800048828125
2026-07-20 16:20:00+00:00,1227.43,157.43,1477.3599853515625
2026-07-20 16:25:00+00:00,1221.36,156.74,1477.550048828125
2026-07-20 16:30:00+00:00,1218.77,156.99,1477.8299560546875
2026-07-20 16:35:00+00:00,1222.53,157.45,1477.47998046875
2026-07-20 16:40:00+00:00,1215.31,156.71,1477.739990234375
2026-07-20 16:45:00+00:00,1218.58,157.93,1477.469970703125
2026-07-20 16:50:00+00:00,1214.03,157.12,1477.030029296875
2026-07-20 16:55:00+00:00,1210.87,157.08,1476.9599609375
2026-07-20 17:00:00+00:00,1212.46,157.04,1476.72998046875
2026-07-20 17:05:00+00:00,1214.47,157.42,1477.4000244140625
2026-07-20 17:10:00+00:00,1209.92,156.7,1477.3699951171875
2026-07-20 17:15:00+00:00,1214.56,157.0,1477.050048828125
2026-07-20 17:20:00+00:00,1214.45,156.98,1477.0799560546875
2026-07-20 17:25:00+00:00,1212.76,156.51,1477.1199951171875
2026-07-20 17:30:00+00:00,1214.02,156.75,1476.7099609375
2026-07-20 17:35:00+00:00,1212.3,156.58,1477.06005859375
2026-07-20 17:40:00+00:00,1209.73,156.2,1476.989990234375
2026-07-20 17:45:00+00:00,1213.48,156.69,1477.3599853515625
2026-07-20 17:50:00+00:00,1215.54,157.0,1476.2900390625
2026-07-20 17:55:00+00:00,1213.94,156.82,1476.25
2026-07-20 18:00:00+00:00,1213.32,156.87,1476.3499755859375
2026-07-20 18:05:00+00:00,1214.94,157.08,1476.6199951171875
2026-07-20 18:10:00+00:00,1215.07,156.76,1476.3499755859375
2026-07-20 18:15:00+00:00,1212.31,156.42,1476.300048828125
2026-07-20 18:20:00+00:00,1208.39,155.77,1476.3499755859375
2026-07-20 18:25:00+00:00,1208.36,155.53,1476.989990234375
2026-07-20 18:30:00+00:00,1205.31,155.34,1476.22998046875
2026-07-20 18:35:00+00:00,1206.25,155.24,1477.300048828125
2026-07-20 18:40:00+00:00,1205.75,155.3,1476.25
2026-07-20 18:45:00+00:00,1206.14,155.46,1476.27001953125
2026-07-20 18:50:00+00:00,1205.55,155.04,1476.31005859375
2026-07-20 18:55:00+00:00,1202.95,154.42,1476.1500244140625
2026-07-20 19:00:00+00:00,1200.29,154.07,1476.1700439453125
2026-07-20 19:05:00+00:00,1199.16,154.04,1475.9599609375
2026-07-20 19:10:00+00:00,1196.11,153.45,1475.5799560546875
2026-07-20 19:15:00+00:00,1196.48,153.57,1475.6099853515625
2026-07-20 19:20:00+00:00,1198.23,153.42,1475.6099853515625
2026-07-20 19:25:00+00:00,1201.22,153.12,1475.469970703125
2026-07-20 19:30:00+00:00,1199.03,152.94,1475.8399658203125
2026-07-20 19:35:00+00:00,1199.66,152.32,1475.56005859375
2026-07-20 19:40:00+00:00,1201.49,152.28,1475.4200439453125
2026-07-20 19:45:00+00:00,1200.57,151.76,1475.3900146484375
2026-07-20 19:50:00+00:00,1194.02,150.7,1475.3699951171875
2026-07-20 19:55:00+00:00,1196.79,151.37,1475.9300537109375
2026-07-20 20:00:00+00:00,1202.88,152.47,1476.280029296875
2026-07-20 20:05:00+00:00,1201.98,151.93,1475.9200439453125
2026-07-20 20:10:00+00:00,1198.89,151.71,1475.72998046875
2026-07-20 20:15:00+00:00,1197.39,151.67,1475.77001953125
2026-07-20 20:20:00+00:00,1198.09,151.71,1475.8800048828125
2026-07-20 20:25:00+00:00,1199.16,151.91,1475.8800048828125
2026-07-20 20:30:00+00:00,1198.42,151.92,1476.5699462890625
2026-07-20 20:35:00+00:00,1194.83,151.27,1476.1099853515625
2026-07-20 20:40:00+00:00,1190.37,151.46,1476.4599609375
2026-07-20 20:45:00+00:00,1187.11,151.46,1476.1800537109375
2026-07-20 20:50:00+00:00,1188.89,151.84,1475.68994140625
2026-07-20 20:55:00+00:00,1188.88,151.97,1475.469970703125
2026-07-20 21:00:00+00:00,1189.05,151.93,1475.219970703125
2026-07-20 21:05:00+00:00,1187.71,151.92,1475.449951171875
2026-07-20 21:10:00+00:00,1187.21,152.07,1475.3599853515625
2026-07-20 21:15:00+00:00,1188.74,151.93,1475.4599609375
2026-07-20 21:20:00+00:00,1190.64,152.12,1475.4599609375
2026-07-20 21:25:00+00:00,1192.51,152.46,1475.8599853515625
2026-07-20 21:30:00+00:00,1193.62,152.4,1475.6099853515625
2026-07-20 21:35:00+00:00,1193.05,152.26,1475.47998046875
2026-07-20 21:40:00+00:00,1194.49,152.43,1475.5
2026-07-20 21:45:00+00:00,1194.89,152.71,1475.4599609375
2026-07-20 21:50:00+00:00,1193.55,152.75,1475.3900146484375
2026-07-20 21:55:00+00:00,1196.75,152.74,1475.43994140625
2026-07-20 22:00:00+00:00,1194.7,152.58,1475.3699951171875
2026-07-20 22:05:00+00:00,1195.65,152.51,1475.31005859375
2026-07-20 22:10:00+00:00,1195.26,152.43,1475.3499755859375
2026-07-20 22:15:00+00:00,1195.38,152.53,1475.3299560546875
2026-07-20 22:20:00+00:00,1197.74,152.78,1475.3499755859375
2026-07-20 22:25:00+00:00,1200.84,152.88,1475.300048828125
2026-07-20 22:30:00+00:00,1196.98,152.16,1475.2099609375
2026-07-20 22:35:00+00:00,1197.41,152.52,1475.260009765625
2026-07-20 22:40:00+00:00,1199.07,152.65,1475.219970703125
2026-07-20 22:45:00+00:00,1200.09,152.47,1475.1700439453125
2026-07-20 22:50:00+00:00,1201.85,152.67,1475.9000244140625
2026-07-20 22:55:00+00:00,1204.04,153.3,1475.68994140625
2026-07-20 23:00:00+00:00,1204.95,153.75,1475.469970703125
2026-07-20 23:05:00+00:00,1209.5,154.53,1475.5899658203125
2026-07-20 23:10:00+00:00,1213.74,154.38,1475.43994140625
2026-07-20 23:15:00+00:00,1213.53,154.39,1475.3699951171875
2026-07-20 23:20:00+00:00,1216.43,154.8,1475.260009765625
2026-07-20 23:25:00+00:00,1215.84,154.31,1475.1800537109375
2026-07-20 23:30:00+00:00,1210.04,154.34,1475.280029296875
2026-07-20 23:35:00+00:00,1209.83,154.15,1475.219970703125
2026-07-20 23:40:00+00:00,1209.18,154.14,1475.1800537109375
2026-07-20 23:45:00+00:00,1203.56,153.81,1475.4599609375
2026-07-20 23:50:00+00:00,1200.99,153.79,1475.6800537109375
2026-07-20 23:55:00+00:00,1202.28,153.79,1475.3800048828125
2026-07-21 00:00:00+00:00,1201.66,153.19,1477.1800537109375
2026-07-21 00:05:00+00:00,1189.97,152.33,1477.280029296875
2026-07-21 00:10:00+00:00,1208.35,153.8,1476.6400146484375
2026-07-21 00:15:00+00:00,1207.65,154.53,1477.5899658203125
2026-07-21 00:20:00+00:00,1210.4,154.66,1477.6800537109375
2026-07-21 00:25:00+00:00,1205.18,154.54,1477.22998046875
2026-07-21 00:30:00+00:00,1205.85,154.74,1477.449951171875
2026-07-21 00:35:00+00:00,1215.0,155.53,1477.239990234375
2026-07-21 00:40:00+00:00,1224.76,155.87,1477.47998046875
2026-07-21 00:45:00+00:00,1225.25,156.01,1477.1800537109375
2026-07-21 00:50:00+00:00,1217.78,155.12,1478.3499755859375
2026-07-21 00:55:00+00:00,1209.84,154.35,1479.449951171875
2026-07-21 01:00:00+00:00,1218.99,155.52,1479.47998046875
2026-07-21 01:05:00+00:00,1232.33,156.13,1479.0699462890625
2026-07-21 01:10:00+00:00,1236.6,156.49,1479.47998046875
2026-07-21 01:15:00+00:00,1231.45,156.43,1478.780029296875
2026-07-21 01:20:00+00:00,1230.03,156.22,1479.1800537109375
2026-07-21 01:25:00+00:00,1232.5,156.04,1478.280029296875
2026-07-21 01:30:00+00:00,1244.64,157.08,1478.1800537109375
2026-07-21 01:35:00+00:00,1241.92,156.51,1478.8900146484375
2026-07-21 01:40:00+00:00,1241.13,156.29,1479.4000244140625
2026-07-21 01:45:00+00:00,1243.93,156.39,1479.5400390625
2026-07-21 01:50:00+00:00,1240.01,156.07,1479.5799560546875
2026-07-21 01:55:00+00:00,1234.85,155.46,1479.5699462890625
2026-07-21 02:00:00+00:00,1239.72,155.9,1479.280029296875
2026-07-21 02:05:00+00:00,1229.23,154.78,1479.1800537109375
2026-07-21 02:10:00+00:00,1232.17,154.91,1479.280029296875
2026-07-21 02:15:00+00:00,1224.48,154.21,1478.8800048828125
2026-07-21 02:20:00+00:00,1232.39,154.96,1478.5799560546875
2026-07-21 02:25:00+00:00,1229.78,154.93,1479.2099609375
2026-07-21 02:30:00+00:00,1237.06,155.59,1479.1800537109375
2026-07-21 02:35:00+00:00,1240.21,155.73,1479.0799560546875
2026-07-21 02:40:00+00:00,1242.67,155.82,1479.1800537109375
2026-07-21 02:45:00+00:00,1242.28,155.73,1478.5999755859375
2026-07-21 02:50:00+00:00,1240.32,155.67,1477.6099853515625
2026-07-21 02:55:00+00:00,1244.82,156.12,1475.3800048828125
2026-07-21 03:00:00+00:00,1248.48,156.7,1475.280029296875
2026-07-21 03:05:00+00:00,1246.43,156.29,1475.0799560546875
2026-07-21 03:10:00+00:00,1253.08,157.04,1476.280029296875
2026-07-21 03:15:00+00:00,1257.97,157.45,1475.6800537109375
2026-07-21 03:20:00+00:00,1256.83,157.29,1475.5400390625
2026-07-21 03:25:00+00:00,1257.62,157.32,1475.6300048828125
2026-07-21 03:30:00+00:00,1262.42,158.09,1475.47998046875
2026-07-21 03:35:00+00:00,1271.63,158.64,1472.6800537109375
2026-07-21 03:40:00+00:00,1270.54,158.75,1473.6800537109375
2026-07-21 03:45:00+00:00,1274.19,159.76,1473.47998046875
2026-07-21 03:50:00+00:00,1276.43,159.7,1473.97998046875
2026-07-21 03:55:00+00:00,1274.36,159.43,1474.75
2026-07-21 04:00:00+00:00,1274.58,159.56,1473.47998046875
2026-07-21 04:05:00+00:00,1273.47,159.55,1473.5799560546875
2026-07-21 04:10:00+00:00,1274.08,160.02,1473.97998046875
2026-07-21 04:15:00+00:00,1273.53,160.04,1473.8800048828125
2026-07-21 04:20:00+00:00,1266.67,159.02,1473.9000244140625
2026-07-21 04:25:00+00:00,1268.12,158.91,1473.97998046875
2026-07-21 04:30:00+00:00,1264.37,158.53,1474.050048828125
2026-07-21 04:35:00+00:00,1267.14,158.8,1474.449951171875
2026-07-21 04:40:00+00:00,1267.47,158.94,1474.5799560546875
2026-07-21 04:45:00+00:00,1271.25,159.51,1474.239990234375
2026-07-21 04:50:00+00:00,1261.81,158.55,1474.3800048828125
2026-07-21 04:55:00+00:00,1259.59,158.57,1474.3800048828125
2026-07-21 05:00:00+00:00,1262.71,159.0,1474.3499755859375
2026-07-21 05:05:00+00:00,1265.43,159.11,1474.7099609375
2026-07-21 05:10:00+00:00,1254.4,157.97,1474.780029296875
2026-07-21 05:15:00+00:00,1247.97,157.59,1474.739990234375
2026-07-21 05:20:00+00:00,1255.16,158.51,1474.1800537109375
2026-07-21 05:25:00+00:00,1258.99,158.75,1472.780029296875
2026-07-21 05:30:00+00:00,1255.53,158.31,1472.31005859375
2026-07-21 05:35:00+00:00,1255.43,158.45,1472.280029296875
2026-07-21 05:40:00+00:00,1254.4,158.58,1472.1800537109375
2026-07-21 05:45:00+00:00,1259.3,158.87,1472.4599609375
2026-07-21 05:50:00+00:00,1253.34,158.51,1472.5799560546875
2026-07-21 05:55:00+00:00,1254.46,158.56,1472.5799560546875
2026-07-21 06:00:00+00:00,1262.02,159.29,1471.3800048828125
2026-07-21 06:05:00+00:00,1263.53,158.99,1472.780029296875
2026-07-21 06:10:00+00:00,1260.63,159.47,1471.780029296875
2026-07-21 06:15:00+00:00,1256.07,158.89,1473.1800537109375
2026-07-21 06:20:00+00:00,1253.05,158.9,1472.68994140625
2026-07-21 06:25:00+00:00,1250.36,158.75,1473.1800537109375
2026-07-21 06:30:00+00:00,1249.2,158.93,1472.97998046875
2026-07-21 06:35:00+00:00,1251.34,158.98,1473.2900390625
2026-07-21 06:40:00+00:00,1249.97,159.02,1473.1800537109375
2026-07-21 06:45:00+00:00,1250.28,159.27,1473.280029296875
2026-07-21 06:50:00+00:00,1252.47,159.72,1474.6800537109375
2026-07-21 06:55:00+00:00,1256.17,160.11,1474.5799560546875
2026-07-21 07:00:00+00:00,1257.53,160.2,1474.6600341796875
2026-07-21 07:05:00+00:00,1259.47,160.15,1474.8599853515625
2026-07-21 07:10:00+00:00,1258.53,159.98,1475.219970703125
2026-07-21 07:15:00+00:00,1256.78,159.8,1474.4599609375
2026-07-21 07:20:00+00:00,1257.41,159.68,1474.449951171875
2026-07-21 07:25:00+00:00,1255.95,159.61,1474.5799560546875
2026-07-21 07:30:00+00:00,1256.68,159.77,1474.8800048828125
2026-07-21 07:35:00+00:00,1256.57,159.92,1475.0400390625
2026-07-21 07:40:00+00:00,1254.88,159.54,1475.18994140625
2026-07-21 07:45:00+00:00,1255.89,159.6,1475.6099853515625
2026-07-21 07:50:00+00:00,1256.37,159.84,1476.1500244140625
2026-07-21 07:55:00+00:00,1261.83,160.18,1475.5999755859375
2026-07-21 08:00:00+00:00,1264.64,161.0,1477.0799560546875
2026-07-21 08:05:00+00:00,1266.6,161.22,1477.0899658203125
2026-07-21 08:10:00+00:00,1267.01,161.29,1477.3800048828125
2026-07-21 08:15:00+00:00,1268.6,161.36,1477.280029296875
2026-07-21 08:20:00+00:00,1268.57,161.63,1477.1300048828125
2026-07-21 08:25:00+00:00,1273.98,162.64,1477.6199951171875
2026-07-21 08:30:00+00:00,1272.26,162.28,1477.97998046875
2026-07-21 08:35:00+00:00,1274.41,162.7,1476.47998046875
2026-07-21 08:40:00+00:00,1273.19,162.35,1477.6400146484375
2026-07-21 08:45:00+00:00,1269.68,162.13,1476.8399658203125
2026-07-21 08:50:00+00:00,1268.72,161.85,1476.1099853515625
2026-07-21 08:55:00+00:00,1268.67,161.94,1475.9300537109375
2026-07-21 09:00:00+00:00,1270.7,162.13,1475.550048828125
2026-07-21 09:05:00+00:00,1269.09,161.91,1476.02001953125
2026-07-21 09:10:00+00:00,1267.4,161.92,1476.3399658203125
2026-07-21 09:15:00+00:00,1270.39,162.11,1476.300048828125
2026-07-21 09:20:00+00:00,1269.88,161.99,1476.3900146484375
2026-07-21 09:25:00+00:00,1269.02,161.95,1477.1800537109375
2026-07-21 09:30:00+00:00,1267.39,162.02,1476.6099853515625
2026-07-21 09:35:00+00:00,1264.92,161.65,1476.3800048828125
2026-07-21 09:40:00+00:00,1265.75,161.58,1477.0799560546875
2026-07-21 09:45:00+00:00,1267.55,161.69,1477.0699462890625
2026-07-21 09:50:00+00:00,1265.57,161.61,1476.989990234375
2026-07-21 09:55:00+00:00,1262.5,161.08,1477.050048828125
2026-07-21 10:00:00+00:00,1264.63,161.48,1476.780029296875
2026-07-21 10:05:00+00:00,1264.73,161.34,1476.1800537109375
2026-07-21 10:10:00+00:00,1266.15,161.42,1476.47998046875
2026-07-21 10:15:00+00:00,1268.76,161.94,1476.510009765625
2026-07-21 10:20:00+00:00,1271.7,162.2,1477.0
2026-07-21 10:25:00+00:00,1270.57,162.05,1476.52001953125
2026-07-21 10:30:00+00:00,1273.52,162.21,1476.6800537109375
2026-07-21 10:35:00+00:00,1272.33,162.29,1476.8699951171875
2026-07-21 10:40:00+00:00,1269.73,162.03,1476.9100341796875
2026-07-21 10:45:00+00:00,1268.79,161.97,1476.6800537109375
2026-07-21 10:50:00+00:00,1269.42,161.68,1476.8800048828125
2026-07-21 10:55:00+00:00,1267.95,161.79,1477.0799560546875
2026-07-21 11:00:00+00:00,1264.37,161.01,1477.31005859375
2026-07-21 11:05:00+00:00,1263.27,160.59,1477.510009765625
2026-07-21 11:10:00+00:00,1264.67,160.82,1477.47998046875
2026-07-21 11:15:00+00:00,1261.14,160.21,1477.8800048828125
2026-07-21 11:20:00+00:00,1261.2,160.31,1477.5799560546875
2026-07-21 11:25:00+00:00,1260.88,160.03,1477.469970703125
2026-07-21 11:30:00+00:00,1265.38,160.54,1477.47998046875
2026-07-21 11:35:00+00:00,1267.99,161.2,1477.780029296875
2026-07-21 11:40:00+00:00,1267.41,160.89,1477.9200439453125
2026-07-21 11:45:00+00:00,1269.08,161.08,1477.5999755859375
2026-07-21 11:50:00+00:00,1266.94,160.82,1478.1199951171875
2026-07-21 11:55:00+00:00,1262.86,160.27,1477.97998046875
2026-07-21 12:00:00+00:00,1262.53,160.37,1478.0899658203125
2026-07-21 12:05:00+00:00,1265.56,160.85,1478.0799560546875
2026-07-21 12:10:00+00:00,1266.51,160.77,1478.3499755859375
2026-07-21 12:15:00+00:00,1262.98,160.28,1478.4200439453125
2026-07-21 12:20:00+00:00,1262.96,160.09,1478.300048828125
2026-07-21 12:25:00+00:00,1258.75,159.58,1478.72998046875
2026-07-21 12:30:00+00:00,1257.06,159.39,1478.75
2026-07-21 12:35:00+00:00,1262.89,160.16,1478.6600341796875
2026-07-21 12:40:00+00:00,1259.06,159.62,1479.2900390625
2026-07-21 12:45:00+00:00,1264.07,160.5,1478.7099609375
2026-07-21 12:50:00+00:00,1264.95,160.7,1478.5400390625
2026-07-21 12:55:00+00:00,1266.17,160.63,1478.3299560546875
2026-07-21 13:00:00+00:00,1264.56,160.3,1478.56005859375
2026-07-21 13:05:00+00:00,1264.62,160.51,1478.4100341796875
2026-07-21 13:10:00+00:00,1263.74,160.12,1478.5699462890625
2026-07-21 13:15:00+00:00,1266.36,160.61,1478.780029296875
2026-07-21 13:20:00+00:00,1266.01,160.6,1479.31005859375
2026-07-21 13:25:00+00:00,1277.66,161.97,1479.3399658203125
2026-07-21 13:30:00+00:00,1271.89,162.28,1479.6300048828125
2026-07-21 13:35:00+00:00,1284.66,164.78,1480.06005859375
2026-07-21 13:40:00+00:00,1281.46,163.61,1480.6400146484375
2026-07-21 13:45:00+00:00,1285.09,164.69,1480.3299560546875
2026-07-21 13:50:00+00:00,1280.66,164.04,1480.280029296875
2026-07-21 13:55:00+00:00,1284.46,163.99,1480.3399658203125
2026-07-21 14:00:00+00:00,1277.35,162.56,1479.9100341796875
2026-07-21 14:05:00+00:00,1270.57,161.91,1480.0
2026-07-21 14:10:00+00:00,1276.31,163.23,1479.4000244140625
2026-07-21 14:15:00+00:00,1282.02,164.45,1479.5799560546875
2026-07-21 14:20:00+00:00,1278.36,163.92,1479.8299560546875
2026-07-21 14:25:00+00:00,1285.01,164.87,1480.1400146484375
2026-07-21 14:30:00+00:00,1286.5,164.65,1480.72998046875
2026-07-21 14:35:00+00:00,1287.05,164.91,1480.5799560546875
2026-07-21 14:40:00+00:00,1288.3,164.94,1481.2099609375
2026-07-21 14:45:00+00:00,1286.74,164.39,1481.1800537109375
2026-07-21 14:50:00+00:00,1291.61,165.06,1481.449951171875
2026-07-21 14:55:00+00:00,1294.1,166.53,1480.5799560546875
2026-07-21 15:00:00+00:00,1296.74,166.77,1481.2099609375
2026-07-21 15:05:00+00:00,1299.1,167.25,1480.8699951171875
2026-07-21 15:10:00+00:00,1303.77,168.05,1480.8800048828125
2026-07-21 15:15:00+00:00,1303.67,167.54,1480.6099853515625
2026-07-21 15:20:00+00:00,1301.15,167.56,1480.530029296875
2026-07-21 15:25:00+00:00,1300.52,167.99,1480.280029296875
2026-07-21 15:30:00+00:00,1298.45,167.05,1479.6099853515625
2026-07-21 15:35:00+00:00,1294.96,166.32,1479.6199951171875
2026-07-21 15:40:00+00:00,1293.53,165.81,1479.8699951171875
2026-07-21 15:45:00+00:00,1296.56,165.89,1479.47998046875
2026-07-21 15:50:00+00:00,1292.14,165.23,1480.050048828125
2026-07-21 15:55:00+00:00,1290.73,164.83,1479.75
2026-07-21 16:00:00+00:00,1299.85,165.75,1480.050048828125
2026-07-21 16:05:00+00:00,1302.01,166.2,1479.3499755859375
2026-07-21 16:10:00+00:00,1300.43,165.98,1479.5
2026-07-21 16:15:00+00:00,1302.84,166.5,1479.31005859375
2026-07-21 16:20:00+00:00,1306.9,166.91,1479.3599853515625
2026-07-21 16:25:00+00:00,1307.06,166.8,1479.4000244140625
2026-07-21 16:30:00+00:00,1303.29,166.39,1478.3800048828125
2026-07-21 16:35:00+00:00,1309.2,167.08,1478.949951171875
2026-07-21 16:40:00+00:00,1306.56,166.57,1478.68994140625
2026-07-21 16:45:00+00:00,1308.77,166.93,1478.6700439453125
2026-07-21 16:50:00+00:00,1316.31,168.12,1479.280029296875
2026-07-21 16:55:00+00:00,1313.19,167.77,1479.3800048828125
2026-07-21 17:00:00+00:00,1315.91,168.24,1479.43994140625
2026-07-21 17:05:00+00:00,1313.12,168.0,1479.4200439453125
2026-07-21 17:10:00+00:00,1310.6,167.97,1479.43994140625
2026-07-21 17:15:00+00:00,1312.76,168.19,1479.3399658203125
2026-07-21 17:20:00+00:00,1315.03,167.93,1479.43994140625
2026-07-21 17:25:00+00:00,1317.93,168.18,1479.8499755859375
2026-07-21 17:30:00+00:00,1319.72,168.82,1480.4300537109375
2026-07-21 17:35:00+00:00,1316.68,168.69,1480.719970703125
2026-07-21 17:40:00+00:00,1320.03,169.69,1480.3399658203125
2026-07-21 17:45:00+00:00,1323.82,170.54,1480.3199462890625
2026-07-21 17:50:00+00:00,1322.02,170.54,1480.0999755859375
2026-07-21 17:55:00+00:00,1326.74,171.23,1480.4000244140625
2026-07-21 18:00:00+00:00,1332.05,172.18,1479.4000244140625
2026-07-21 18:05:00+00:00,1326.84,171.5,1480.2099609375
2026-07-21 18:10:00+00:00,1323.43,170.95,1479.550048828125
2026-07-21 18:15:00+00:00,1319.79,170.02,1479.260009765625
2026-07-21 18:20:00+00:00,1322.58,170.25,1479.760009765625
2026-07-21 18:25:00+00:00,1319.24,170.06,1480.4599609375
2026-07-21 18:30:00+00:00,1323.27,170.79,1479.6600341796875
2026-07-21 18:35:00+00:00,1322.27,170.88,1480.780029296875
2026-07-21 18:40:00+00:00,1322.72,171.07,1481.489990234375
2026-07-21 18:45:00+00:00,1318.45,170.85,1480.5799560546875
2026-07-21 18:50:00+00:00,1317.14,170.76,1480.6800537109375
2026-07-21 18:55:00+00:00,1318.01,170.54,1480.3599853515625
2026-07-21 19:00:00+00:00,1317.85,170.84,1480.3699951171875
2026-07-21 19:05:00+00:00,1317.47,170.69,1480.800048828125
2026-07-21 19:10:00+00:00,1314.04,169.69,1480.6199951171875
2026-07-21 19:15:00+00:00,1316.29,170.03,1480.5999755859375
2026-07-21 19:20:00+00:00,1316.48,170.4,1480.8699951171875
2026-07-21 19:25:00+00:00,1314.49,169.91,1480.969970703125
2026-07-21 19:30:00+00:00,1319.48,170.49,1480.9100341796875
2026-07-21 19:35:00+00:00,1318.98,170.49,1480.8699951171875
2026-07-21 19:40:00+00:00,1320.61,170.6,1481.260009765625
2026-07-21 19:45:00+00:00,1322.08,171.2,1480.93994140625
2026-07-21 19:50:00+00:00,1323.31,171.72,1480.969970703125
2026-07-21 19:55:00+00:00,1323.7,171.82,1480.9100341796875
2026-07-21 20:00:00+00:00,1323.62,171.52,1480.969970703125
2026-07-21 20:05:00+00:00,1324.13,171.47,1481.010009765625
2026-07-21 20:10:00+00:00,1326.5,171.52,1480.949951171875
2026-07-21 20:15:00+00:00,1325.15,171.26,1481.4000244140625
2026-07-21 20:20:00+00:00,1325.74,171.47,1481.18994140625
2026-07-21 20:25:00+00:00,1327.75,171.65,1481.1600341796875
2026-07-21 20:30:00+00:00,1329.27,172.22,1481.8800048828125
2026-07-21 20:35:00+00:00,1332.79,172.44,1482.030029296875
2026-07-21 20:40:00+00:00,1334.6,172.49,1481.530029296875
2026-07-21 20:45:00+00:00,1334.63,172.19,1481.9300537109375
2026-07-21 20:50:00+00:00,1338.79,172.66,1481.52001953125
2026-07-21 20:55:00+00:00,1343.73,173.24,1480.780029296875
2026-07-21 21:00:00+00:00,1346.58,173.49,1480.3800048828125
2026-07-21 21:05:00+00:00,1344.9,173.66,1480.3800048828125
2026-07-21 21:10:00+00:00,1344.41,173.71,1480.1300048828125
2026-07-21 21:15:00+00:00,1345.86,174.26,1480.0699462890625
2026-07-21 21:20:00+00:00,1349.01,174.31,1480.0999755859375
2026-07-21 21:25:00+00:00,1350.04,174.69,1480.0899658203125
2026-07-21 21:30:00+00:00,1345.82,174.52,1480.0999755859375
2026-07-21 21:35:00+00:00,1343.61,174.0,1479.6700439453125
2026-07-21 21:40:00+00:00,1346.1,174.01,1479.6500244140625
2026-07-21 21:45:00+00:00,1341.52,173.67,1479.7900390625
2026-07-21 21:50:00+00:00,1340.67,173.43,1479.8699951171875
2026-07-21 21:55:00+00:00,1338.0,172.92,1480.280029296875
2026-07-21 22:00:00+00:00,1329.99,172.9,1480.0699462890625
2026-07-21 22:05:00+00:00,1330.01,172.3,1480.0799560546875
2026-07-21 22:10:00+00:00,1336.78,173.14,1480.010009765625
2026-07-21 22:15:00+00:00,1337.11,173.16,1480.0899658203125
2026-07-21 22:20:00+00:00,1329.14,172.3,1480.1700439453125
2026-07-21 22:25:00+00:00,1332.41,172.42,1480.5699462890625
2026-07-21 22:30:00+00:00,1335.32,172.78,1480.010009765625
2026-07-21 22:35:00+00:00,1337.37,173.1,1480.219970703125
2026-07-21 22:40:00+00:00,1335.2,172.96,1480.1199951171875
2026-07-21 22:45:00+00:00,1335.34,173.07,1479.800048828125
2026-07-21 22:50:00+00:00,1338.07,173.58,1480.050048828125
2026-07-21 22:55:00+00:00,1335.29,172.88,1480.0899658203125
2026-07-21 23:00:00+00:00,1326.86,172.16,1479.6700439453125
2026-07-21 23:05:00+00:00,1328.04,172.36,1480.25
2026-07-21 23:10:00+00:00,1328.39,172.68,1480.300048828125
2026-07-21 23:15:00+00:00,1331.71,173.21,1480.3199462890625
2026-07-21 23:20:00+00:00,1329.95,172.94,1480.2900390625
2026-07-21 23:25:00+00:00,1333.9,172.76,1480.469970703125
2026-07-21 23:30:00+00:00,1333.2,172.59,1480.3699951171875
2026-07-21 23:35:00+00:00,1330.64,172.5,1480.3800048828125
2026-07-21 23:40:00+00:00,1330.01,172.35,1480.47998046875
2026-07-21 23:45:00+00:00,1323.7,172.21,1480.800048828125
2026-07-21 23:50:00+00:00,1325.46,172.34,1480.5899658203125
2026-07-21 23:55:00+00:00,1335.89,173.06,1480.5899658203125
2026-07-22 00:00:00+00:00,1349.44,175.23,1480.47998046875
2026-07-22 00:05:00+00:00,1343.23,173.99,1480.8800048828125
2026-07-22 00:10:00+00:00,1352.85,175.07,1480.0799560546875
2026-07-22 00:15:00+00:00,1352.61,175.22,1479.1800537109375
2026-07-22 00:20:00+00:00,1348.1,174.79,1479.47998046875
2026-07-22 00:25:00+00:00,1344.8,174.16,1478.0799560546875
2026-07-22 00:30:00+00:00,1345.41,174.52,1478.6800537109375
2026-07-22 00:35:00+00:00,1346.2,174.57,1479.780029296875
2026-07-22 00:40:00+00:00,1342.23,174.34,1479.8399658203125
2026-07-22 00:45:00+00:00,1340.98,173.82,1480.050048828125
2026-07-22 00:50:00+00:00,1333.66,172.66,1479.969970703125
2026-07-22 00:55:00+00:00,1337.93,173.53,1479.739990234375
2026-07-22 01:00:00+00:00,1340.39,172.86,1479.5999755859375
2026-07-22 01:05:00+00:00,1343.91,173.05,1478.3800048828125
2026-07-22 01:10:00+00:00,1346.82,173.82,1479.3800048828125
2026-07-22 01:15:00+00:00,1350.87,173.92,1479.949951171875
2026-07-22 01:20:00+00:00,1349.04,173.44,1480.02001953125
2026-07-22 01:25:00+00:00,1348.91,173.54,1479.47998046875
2026-07-22 01:30:00+00:00,1344.88,172.89,1479.6600341796875
2026-07-22 01:35:00+00:00,1344.55,172.8,1479.68994140625
2026-07-22 01:40:00+00:00,1341.78,172.3,1479.97998046875
2026-07-22 01:45:00+00:00,1347.71,173.15,1479.9300537109375
2026-07-22 01:50:00+00:00,1346.82,172.97,1479.77001953125
2026-07-22 01:55:00+00:00,1343.59,172.43,1479.6099853515625
2026-07-22 02:00:00+00:00,1342.55,172.44,1479.7900390625
2026-07-22 02:05:00+00:00,1338.79,171.88,1480.0799560546875
2026-07-22 02:10:00+00:00,1338.93,172.27,1479.6800537109375
2026-07-22 02:15:00+00:00,1338.45,172.07,1479.97998046875
2026-07-22 02:20:00+00:00,1341.79,172.42,1480.06005859375
2026-07-22 02:25:00+00:00,1340.07,172.06,1480.47998046875
2026-07-22 02:30:00+00:00,1335.17,171.76,1480.8800048828125
2026-07-22 02:35:00+00:00,1333.56,170.92,1480.3299560546875
2026-07-22 02:40:00+00:00,1329.69,170.43,1479.6500244140625
2026-07-22 02:45:00+00:00,1332.11,170.55,1479.5799560546875
2026-07-22 02:50:00+00:00,1328.6,170.21,1480.18994140625
2026-07-22 02:55:00+00:00,1323.1,169.56,1481.1800537109375
2026-07-22 03:00:00+00:00,1316.05,168.66,1481.6800537109375
2026-07-22 03:05:00+00:00,1309.85,168.32,1483.3499755859375
2026-07-22 03:10:00+00:00,1301.98,167.39,1482.199951171875
2026-07-22 03:15:00+00:00,1304.57,167.66,1482.3800048828125
2026-07-22 03:20:00+00:00,1313.99,169.1,1481.97998046875
2026-07-22 03:25:00+00:00,1320.96,169.62,1481.8800048828125
2026-07-22 03:30:00+00:00,1309.49,168.14,1482.1400146484375
2026-07-22 03:35:00+00:00,1313.63,168.68,1482.280029296875
2026-07-22 03:40:00+00:00,1315.47,168.89,1482.949951171875
2026-07-22 03:45:00+00:00,1319.83,169.56,1482.760009765625
2026-07-22 03:50:00+00:00,1311.23,168.41,1483.780029296875
2026-07-22 03:55:00+00:00,1313.97,168.88,1483.81005859375
2026-07-22 04:00:00+00:00,1318.08,169.3,1483.0999755859375
2026-07-22 04:05:00+00:00,1318.57,169.32,1483.0999755859375
2026-07-22 04:10:00+00:00,1316.25,168.98,1483.0999755859375
2026-07-22 04:15:00+00:00,1317.76,169.15,1483.0999755859375
2026-07-22 04:20:00+00:00,1322.09,169.62,1483.4000244140625
2026-07-22 04:25:00+00:00,1319.95,169.45,1483.4000244140625
2026-07-22 04:30:00+00:00,1314.68,168.77,1483.4000244140625
2026-07-22 04:35:00+00:00,1310.86,168.32,1483.4000244140625
2026-07-22 04:40:00+00:00,1310.96,168.4,1483.4000244140625
2026-07-22 04:45:00+00:00,1306.29,168.04,1482.4000244140625
2026-07-22 04:50:00+00:00,1299.72,167.56,1482.4000244140625
2026-07-22 04:55:00+00:00,1303.56,167.99,1482.4000244140625
2026-07-22 05:00:00+00:00,1290.97,166.17,1482.4000244140625
2026-07-22 05:05:00+00:00,1284.82,165.66,1482.4000244140625
2026-07-22 05:10:00+00:00,1279.56,165.14,1482.4000244140625
2026-07-22 05:15:00+00:00,1277.06,165.5,1480.5999755859375
2026-07-22 05:20:00+00:00,1270.59,164.55,1480.5999755859375
2026-07-22 05:25:00+00:00,1262.28,163.57,1480.5999755859375
2026-07-22 05:30:00+00:00,1273.39,165.42,1480.5999755859375
2026-07-22 05:35:00+00:00,1266.45,163.81,1480.5999755859375
2026-07-22 05:40:00+00:00,1262.69,163.45,1480.5999755859375
2026-07-22 05:45:00+00:00,1261.34,163.42,1480.800048828125
2026-07-22 05:50:00+00:00,1259.22,163.25,1480.800048828125
2026-07-22 05:55:00+00:00,1263.94,163.96,1480.800048828125
2026-07-22 06:00:00+00:00,1250.75,162.31,1479.5
2026-07-22 06:05:00+00:00,1248.14,161.5,1479.5
2026-07-22 06:10:00+00:00,1253.36,162.76,1479.5
2026-07-22 06:15:00+00:00,1245.58,161.93,1479.5
2026-07-22 06:20:00+00:00,1246.89,162.45,1479.5
2026-07-22 06:25:00+00:00,1245.6,162.69,1479.5
2026-07-22 06:30:00+00:00,1248.17,163.26,1479.5
2026-07-22 06:35:00+00:00,1252.53,163.2,1479.5
2026-07-22 06:40:00+00:00,1254.72,163.41,1478.800048828125
2026-07-22 06:45:00+00:00,1256.53,163.28,1478.800048828125
2026-07-22 06:50:00+00:00,1256.08,163.44,1478.800048828125
2026-07-22 06:55:00+00:00,1256.91,163.68,1478.800048828125
2026-07-22 07:00:00+00:00,1249.25,162.8,1478.800048828125
2026-07-22 07:05:00+00:00,1250.45,162.86,1478.5999755859375
2026-07-22 07:10:00+00:00,1252.96,163.44,1478.5999755859375
2026-07-22 07:15:00+00:00,1254.53,163.42,1478.5999755859375
2026-07-22 07:20:00+00:00,1252.27,163.06,1478.5999755859375
2026-07-22 07:25:00+00:00,1253.67,163.26,1478.5999755859375
2026-07-22 07:30:00+00:00,1250.0,162.63,1478.199951171875
2026-07-22 07:35:00+00:00,1248.71,162.53,1478.199951171875
2026-07-22 07:40:00+00:00,1248.14,162.32,1478.199951171875
2026-07-22 07:45:00+00:00,1248.15,162.21,1478.199951171875
2026-07-22 07:50:00+00:00,1250.18,162.88,1478.199951171875
2026-07-22 07:55:00+00:00,1250.86,162.6,1478.199951171875
2026-07-22 08:00:00+00:00,1248.82,163.0,1479.9000244140625
2026-07-22 08:05:00+00:00,1247.46,162.87,1479.9000244140625
2026-07-22 08:10:00+00:00,1243.87,162.13,1479.9000244140625
2026-07-22 08:15:00+00:00,1243.8,161.72,1479.9000244140625
2026-07-22 08:20:00+00:00,1246.47,162.24,1479.9000244140625
2026-07-22 08:25:00+00:00,1245.5,162.03,1479.9000244140625
2026-07-22 08:30:00+00:00,1247.44,162.14,1479.9000244140625
2026-07-22 08:35:00+00:00,1243.07,161.78,1479.699951171875
2026-07-22 08:40:00+00:00,1244.15,161.51,1479.699951171875
2026-07-22 08:45:00+00:00,1243.95,161.63,1479.699951171875
2026-07-22 08:50:00+00:00,1244.64,161.95,1479.699951171875
2026-07-22 08:55:00+00:00,1244.35,161.73,1479.699951171875
2026-07-22 09:00:00+00:00,1248.5,161.91,1479.199951171875
2026-07-22 09:05:00+00:00,1250.92,162.6,1479.199951171875
2026-07-22 09:10:00+00:00,1251.66,162.68,1479.199951171875
2026-07-22 09:15:00+00:00,1251.08,162.82,1479.199951171875
2026-07-22 09:20:00+00:00,1252.77,162.91,1479.199951171875
2026-07-22 09:25:00+00:00,1251.98,162.76,1479.199951171875
2026-07-22 09:30:00+00:00,1248.08,162.23,1479.199951171875
2026-07-22 09:35:00+00:00,1246.96,162.18,1479.199951171875
2026-07-22 09:40:00+00:00,1246.29,162.19,1479.199951171875
2026-07-22 09:45:00+00:00,1246.71,162.33,1479.199951171875
2026-07-22 09:50:00+00:00,1245.98,162.04,1479.199951171875
2026-07-22 09:55:00+00:00,1247.47,162.33,1479.199951171875
2026-07-22 10:00:00+00:00,1250.74,162.62,1479.199951171875
2026-07-22 10:05:00+00:00,1250.43,162.6,1479.199951171875
2026-07-22 10:10:00+00:00,1248.36,162.55,1479.199951171875
2026-07-22 10:15:00+00:00,1248.78,162.47,1479.199951171875
2026-07-22 10:20:00+00:00,1251.57,162.64,1479.199951171875
2026-07-22 10:25:00+00:00,1251.53,162.71,1479.199951171875
2026-07-22 10:30:00+00:00,1248.67,162.24,1479.199951171875
2026-07-22 10:35:00+00:00,1244.9,161.75,1479.199951171875
2026-07-22 10:40:00+00:00,1246.87,162.1,1479.199951171875
2026-07-22 10:45:00+00:00,1249.08,162.32,1479.199951171875
2026-07-22 10:50:00+00:00,1248.28,162.25,1479.199951171875
2026-07-22 10:55:00+00:00,1247.2,162.16,1479.199951171875
2026-07-22 11:00:00+00:00,1247.39,162.37,1479.199951171875
2026-07-22 11:05:00+00:00,1247.42,162.32,1479.199951171875
2026-07-22 11:10:00+00:00,1246.26,162.3,1479.199951171875
2026-07-22 11:15:00+00:00,1245.14,162.16,1479.199951171875
2026-07-22 11:20:00+00:00,1246.75,162.2,1479.199951171875
2026-07-22 11:25:00+00:00,1244.51,161.83,1479.199951171875
2026-07-22 11:30:00+00:00,1239.0,161.62,1479.199951171875
2026-07-22 11:35:00+00:00,1237.12,161.02,1479.199951171875
2026-07-22 11:40:00+00:00,1231.93,160.51,1479.199951171875
2026-07-22 11:45:00+00:00,1236.12,160.94,1479.199951171875
2026-07-22 11:50:00+00:00,1236.48,161.05,1479.199951171875
2026-07-22 11:55:00+00:00,1236.67,160.91,1479.199951171875
2026-07-22 12:00:00+00:00,1234.25,160.5,1479.199951171875
2026-07-22 12:05:00+00:00,1234.95,160.57,1479.199951171875
2026-07-22 12:10:00+00:00,1236.37,160.76,1479.199951171875
2026-07-22 12:15:00+00:00,1234.29,160.14,1479.199951171875
2026-07-22 12:20:00+00:00,1230.09,159.11,1479.199951171875
2026-07-22 12:25:00+00:00,1234.86,159.75,1479.199951171875
2026-07-22 12:30:00+00:00,1238.8,160.5,1479.199951171875
2026-07-22 12:35:00+00:00,1235.45,159.72,1479.989990234375
2026-07-22 12:40:00+00:00,1238.15,160.56,1479.989990234375
2026-07-22 12:45:00+00:00,1232.07,160.1,1480.050048828125
2026-07-22 12:50:00+00:00,1234.46,160.38,1479.8800048828125
2026-07-22 12:55:00+00:00,1231.65,160.17,1480.1800537109375
2026-07-22 13:00:00+00:00,1233.05,160.43,1480.22998046875
2026-07-22 13:05:00+00:00,1237.07,160.97,1480.050048828125
2026-07-22 13:10:00+00:00,1236.51,160.87,1479.9300537109375
2026-07-22 13:15:00+00:00,1238.28,161.21,1479.3199462890625
2026-07-22 13:20:00+00:00,1242.9,161.57,1479.02001953125
2026-07-22 13:25:00+00:00,1240.84,162.25,1479.8699951171875
2026-07-22 13:30:00+00:00,1253.25,164.39,1478.1800537109375
2026-07-22 13:35:00+00:00,1258.93,165.23,1478.6800537109375
2026-07-22 13:40:00+00:00,1261.01,166.48,1478.3299560546875
2026-07-22 13:45:00+00:00,1255.11,165.27,1478.3399658203125
2026-07-22 13:50:00+00:00,1266.21,166.91,1478.02001953125
2026-07-22 13:55:00+00:00,1270.87,168.62,1478.31005859375
2026-07-22 14:00:00+00:00,1266.49,167.09,1477.1500244140625
2026-07-22 14:05:00+00:00,1262.59,167.6,1477.1400146484375
2026-07-22 14:10:00+00:00,1269.2,168.07,1476.5799560546875
2026-07-22 14:15:00+00:00,1271.03,167.7,1476.8299560546875
2026-07-22 14:20:00+00:00,1267.55,167.56,1477.1099853515625
2026-07-22 14:25:00+00:00,1267.87,167.66,1477.3199462890625
2026-07-22 14:30:00+00:00,1266.49,167.43,1477.300048828125
2026-07-22 14:35:00+00:00,1262.47,167.22,1476.97998046875
2026-07-22 14:40:00+00:00,1256.91,165.62,1477.280029296875
2026-07-22 14:45:00+00:00,1262.46,167.05,1476.5799560546875
2026-07-22 14:50:00+00:00,1258.38,166.63,1476.510009765625
2026-07-22 14:55:00+00:00,1262.14,167.11,1476.3699951171875
2026-07-22 15:00:00+00:00,1266.76,167.55,1476.4100341796875
2026-07-22 15:05:00+00:00,1267.61,168.19,1476.3699951171875
2026-07-22 15:10:00+00:00,1269.02,168.2,1475.6700439453125
2026-07-22 15:15:00+00:00,1272.06,169.02,1476.7099609375
2026-07-22 15:20:00+00:00,1272.63,168.88,1476.4300537109375
2026-07-22 15:25:00+00:00,1274.02,169.0,1476.4000244140625
2026-07-22 15:30:00+00:00,1271.44,168.45,1476.6700439453125
2026-07-22 15:35:00+00:00,1267.61,167.38,1476.9200439453125
2026-07-22 15:40:00+00:00,1268.6,167.42,1476.1300048828125
2026-07-22 15:45:00+00:00,1270.99,168.89,1476.1400146484375
2026-07-22 15:50:00+00:00,1268.94,168.45,1476.3900146484375
2026-07-22 15:55:00+00:00,1272.49,169.08,1476.56005859375
2026-07-22 16:00:00+00:00,1274.97,168.5,1476.7099609375
2026-07-22 16:05:00+00:00,1280.33,168.61,1477.030029296875
2026-07-22 16:10:00+00:00,1285.87,168.97,1477.1400146484375
2026-07-22 16:15:00+00:00,1284.38,168.9,1477.25
2026-07-22 16:20:00+00:00,1278.95,168.28,1477.550048828125
2026-07-22 16:25:00+00:00,1278.7,168.15,1476.0999755859375
2026-07-22 16:30:00+00:00,1281.24,168.21,1476.56005859375
2026-07-22 16:35:00+00:00,1278.07,167.84,1476.6600341796875
2026-07-22 16:40:00+00:00,1273.13,167.52,1476.8900146484375
2026-07-22 16:45:00+00:00,1272.68,167.49,1477.06005859375
2026-07-22 16:50:00+00:00,1276.49,167.78,1477.0699462890625
2026-07-22 16:55:00+00:00,1277.35,167.95,1476.9300537109375
2026-07-22 17:00:00+00:00,1277.97,168.04,1477.280029296875
2026-07-22 17:05:00+00:00,1279.82,168.82,1477.3399658203125
2026-07-22 17:10:00+00:00,1278.13,168.47,1477.22998046875
2026-07-22 17:15:00+00:00,1278.51,168.47,1476.8699951171875
2026-07-22 17:20:00+00:00,1278.26,168.03,1477.010009765625
2026-07-22 17:25:00+00:00,1274.52,167.83,1477.02001953125
2026-07-22 17:30:00+00:00,1269.91,167.15,1477.4599609375
2026-07-22 17:35:00+00:00,1270.11,167.36,1477.4599609375
2026-07-22 17:40:00+00:00,1268.77,166.97,1477.31005859375
2026-07-22 17:45:00+00:00,1266.09,166.52,1477.3599853515625
2026-07-22 17:50:00+00:00,1266.92,166.62,1477.3199462890625
2026-07-22 17:55:00+00:00,1264.67,166.22,1477.4599609375
2026-07-22 18:00:00+00:00,1265.35,166.14,1477.6600341796875
2026-07-22 18:05:00+00:00,1266.53,166.68,1477.760009765625
2026-07-22 18:10:00+00:00,1261.95,165.92,1477.760009765625
2026-07-22 18:15:00+00:00,1263.52,166.29,1477.8900146484375
2026-07-22 18:20:00+00:00,1264.38,166.51,1477.6700439453125
2026-07-22 18:25:00+00:00,1264.65,166.75,1477.75
2026-07-22 18:30:00+00:00,1261.14,166.21,1477.699951171875
2026-07-22 18:35:00+00:00,1263.79,166.44,1477.75
2026-07-22 18:40:00+00:00,1266.78,166.72,1477.6800537109375
2026-07-22 18:45:00+00:00,1268.34,166.63,1477.4300537109375
2026-07-22 18:50:00+00:00,1269.1,166.81,1477.2099609375
2026-07-22 18:55:00+00:00,1268.34,166.73,1477.5400390625
2026-07-22 19:00:00+00:00,1270.85,167.0,1477.1500244140625
2026-07-22 19:05:00+00:00,1267.99,166.22,1477.1500244140625
2026-07-22 19:10:00+00:00,1264.27,165.84,1477.739990234375
2026-07-22 19:15:00+00:00,1267.11,166.39,1477.199951171875
2026-07-22 19:20:00+00:00,1269.3,166.11,1477.2099609375
2026-07-22 19:25:00+00:00,1268.42,166.27,1477.1099853515625
2026-07-22 19:30:00+00:00,1267.52,166.15,1477.1099853515625
2026-07-22 19:35:00+00:00,1265.11,166.19,1477.18994140625
2026-07-22 19:40:00+00:00,1266.57,166.85,1477.219970703125
2026-07-22 19:45:00+00:00,1267.4,166.73,1477.300048828125
2026-07-22 19:50:00+00:00,1265.82,166.53,1476.800048828125
2026-07-22 19:55:00+00:00,1260.78,165.28,1476.81005859375
2026-07-22 20:00:00+00:00,1263.19,166.35,1476.719970703125
2026-07-22 20:05:00+00:00,1257.31,165.92,1476.56005859375
2026-07-22 20:10:00+00:00,1280.06,168.38,1476.719970703125
2026-07-22 20:15:00+00:00,1289.98,169.21,1477.3699951171875
2026-07-22 20:20:00+00:00,1297.17,169.77,1476.77001953125
2026-07-22 20:25:00+00:00,1292.72,168.82,1476.5799560546875
2026-07-22 20:30:00+00:00,1298.25,169.31,1476.77001953125
2026-07-22 20:35:00+00:00,1295.46,168.61,1476.6500244140625
2026-07-22 20:40:00+00:00,1287.71,167.8,1476.9300537109375
2026-07-22 20:45:00+00:00,1286.84,167.39,1477.31005859375
2026-07-22 20:50:00+00:00,1293.12,168.13,1476.949951171875
2026-07-22 20:55:00+00:00,1292.87,168.12,1477.0899658203125
2026-07-22 21:00:00+00:00,1304.17,169.6,1477.0899658203125
2026-07-22 21:05:00+00:00,1316.18,171.2,1477.1199951171875
2026-07-22 21:10:00+00:00,1306.57,170.86,1477.1199951171875
2026-07-22 21:15:00+00:00,1303.46,171.2,1477.1199951171875
2026-07-22 21:20:00+00:00,1308.2,172.09,1477.510009765625
2026-07-22 21:25:00+00:00,1307.79,172.59,1476.800048828125
2026-07-22 21:30:00+00:00,1306.0,172.15,1476.530029296875
2026-07-22 21:35:00+00:00,1304.56,171.83,1476.800048828125
2026-07-22 21:40:00+00:00,1310.04,172.55,1476.72998046875
2026-07-22 21:45:00+00:00,1305.03,170.71,1476.5699462890625
2026-07-22 21:50:00+00:00,1298.64,169.89,1476.56005859375
2026-07-22 21:55:00+00:00,1300.72,170.03,1476.52001953125
2026-07-22 22:00:00+00:00,1301.46,169.79,1476.4000244140625
2026-07-22 22:05:00+00:00,1296.38,169.47,1476.31005859375
2026-07-22 22:10:00+00:00,1297.47,169.7,1476.31005859375
2026-07-22 22:15:00+00:00,1296.45,169.65,1476.239990234375
2026-07-22 22:20:00+00:00,1291.96,169.49,1476.3499755859375
2026-07-22 22:25:00+00:00,1291.21,169.2,1476.3699951171875
2026-07-22 22:30:00+00:00,1290.32,169.08,1476.4000244140625
2026-07-22 22:35:00+00:00,1285.4,168.43,1476.4200439453125
2026-07-22 22:40:00+00:00,1281.98,167.86,1476.2900390625
2026-07-22 22:45:00+00:00,1285.49,168.14,1476.25
2026-07-22 22:50:00+00:00,1284.55,168.44,1476.300048828125
2026-07-22 22:55:00+00:00,1283.15,168.21,1476.260009765625
2026-07-22 23:00:00+00:00,1279.02,167.89,1476.27001953125
2026-07-22 23:05:00+00:00,1275.39,167.69,1476.260009765625
2026-07-22 23:10:00+00:00,1273.03,167.68,1476.239990234375
2026-07-22 23:15:00+00:00,1274.45,167.26,1476.1800537109375
2026-07-22 23:20:00+00:00,1279.16,167.92,1476.22998046875
2026-07-22 23:25:00+00:00,1283.82,168.43,1476.18994140625
2026-07-22 23:30:00+00:00,1286.18,168.78,1476.469970703125
2026-07-22 23:35:00+00:00,1283.56,168.31,1476.4000244140625
2026-07-22 23:40:00+00:00,1284.46,168.85,1476.3900146484375
2026-07-22 23:45:00+00:00,1289.32,169.34,1476.4100341796875
2026-07-22 23:50:00+00:00,1300.05,169.91,1476.3699951171875
2026-07-22 23:55:00+00:00,1299.78,169.64,1476.530029296875
2026-07-23 00:00:00+00:00,1297.12,170.79,1476.8800048828125
2026-07-23 00:05:00+00:00,1295.48,170.88,1477.280029296875
2026-07-23 00:10:00+00:00,1310.96,171.57,1477.550048828125
2026-07-23 00:15:00+00:00,1311.5,172.38,1476.199951171875
2026-07-23 00:20:00+00:00,1301.08,171.6,1476.280029296875
2026-07-23 00:25:00+00:00,1302.01,171.24,1475.780029296875
2026-07-23 00:30:00+00:00,1299.13,170.56,1475.280029296875
2026-07-23 00:35:00+00:00,1299.09,170.23,1473.1800537109375
2026-07-23 00:40:00+00:00,1301.92,170.55,1472.77001953125
2026-07-23 00:45:00+00:00,1310.58,171.45,1472.47998046875
2026-07-23 00:50:00+00:00,1307.08,171.1,1472.0799560546875
2026-07-23 00:55:00+00:00,1313.2,171.83,1471.6800537109375
2026-07-23 01:00:00+00:00,1316.9,171.96,1471.780029296875
2026-07-23 01:05:00+00:00,1321.67,172.28,1470.8900146484375
2026-07-23 01:10:00+00:00,1326.81,172.91,1471.5799560546875
2026-07-23 01:15:00+00:00,1315.57,171.92,1471.1800537109375
2026-07-23 01:20:00+00:00,1305.48,171.5,1470.6800537109375
2026-07-23 01:25:00+00:00,1303.9,171.22,1470.8800048828125
2026-07-23 01:30:00+00:00,1301.78,171.01,1470.3399658203125
2026-07-23 01:35:00+00:00,1300.03,170.24,1469.780029296875
2026-07-23 01:40:00+00:00,1294.51,169.83,1468.0799560546875
2026-07-23 01:45:00+00:00,1286.83,167.48,1468.780029296875
2026-07-23 01:50:00+00:00,1289.34,167.78,1467.3800048828125
2026-07-23 01:55:00+00:00,1278.86,167.44,1467.3800048828125
2026-07-23 02:00:00+00:00,1287.08,168.39,1468.0799560546875
2026-07-23 02:05:00+00:00,1282.13,167.67,1467.47998046875
2026-07-23 02:10:00+00:00,1277.91,167.63,1467.050048828125
2026-07-23 02:15:00+00:00,1279.72,167.62,1467.0799560546875
2026-07-23 02:20:00+00:00,1270.11,166.33,1467.6800537109375
2026-07-23 02:25:00+00:00,1272.61,166.64,1467.280029296875
2026-07-23 02:30:00+00:00,1274.95,167.18,1467.47998046875
2026-07-23 02:35:00+00:00,1269.43,166.51,1466.780029296875
2026-07-23 02:40:00+00:00,1274.54,167.16,1466.5799560546875
2026-07-23 02:45:00+00:00,1282.85,167.64,1466.1800537109375
2026-07-23 02:50:00+00:00,1288.57,168.4,1466.949951171875
2026-07-23 02:55:00+00:00,1287.58,167.78,1464.97998046875
2026-07-23 03:00:00+00:00,1281.26,167.39,1466.280029296875
2026-07-23 03:05:00+00:00,1276.5,167.01,1467.0799560546875
2026-07-23 03:10:00+00:00,1279.18,167.33,1467.6099853515625
2026-07-23 03:15:00+00:00,1282.95,167.85,1467.1800537109375
2026-07-23 03:20:00+00:00,1285.88,167.96,1468.1099853515625
2026-07-23 03:25:00+00:00,1294.16,168.9,1468.0799560546875
2026-07-23 03:30:00+00:00,1290.03,168.15,1467.0799560546875
2026-07-23 03:35:00+00:00,1299.44,169.35,1466.75
2026-07-23 03:40:00+00:00,1298.13,169.12,1467.4599609375
2026-07-23 03:45:00+00:00,1302.34,169.61,1467.030029296875
2026-07-23 03:50:00+00:00,1305.69,169.9,1466.3800048828125
2026-07-23 03:55:00+00:00,1297.34,169.2,1466.8199462890625
2026-07-23 04:00:00+00:00,1296.55,169.23,1465.97998046875
2026-07-23 04:05:00+00:00,1293.12,168.73,1466.1800537109375
2026-07-23 04:10:00+00:00,1303.65,169.88,1466.780029296875
2026-07-23 04:15:00+00:00,1301.46,169.37,1466.47998046875
2026-07-23 04:20:00+00:00,1311.63,170.27,1466.6500244140625
2026-07-23 04:25:00+00:00,1312.95,170.68,1466.6800537109375
2026-07-23 04:30:00+00:00,1315.59,170.79,1466.8499755859375
2026-07-23 04:35:00+00:00,1312.95,170.45,1467.0799560546875
2026-07-23 04:40:00+00:00,1309.73,170.2,1467.260009765625
2026-07-23 04:45:00+00:00,1309.04,170.28,1466.97998046875
2026-07-23 04:50:00+00:00,1306.68,169.9,1467.0400390625
2026-07-23 04:55:00+00:00,1309.3,170.28,1467.280029296875
2026-07-23 05:00:00+00:00,1300.26,169.62,1467.43994140625
2026-07-23 05:05:00+00:00,1303.34,169.71,1467.5999755859375
2026-07-23 05:10:00+00:00,1295.08,169.17,1467.5799560546875
2026-07-23 05:15:00+00:00,1294.88,169.32,1467.8800048828125
2026-07-23 05:20:00+00:00,1303.99,169.98,1466.280029296875
2026-07-23 05:25:00+00:00,1316.9,171.14,1466.239990234375
2026-07-23 05:30:00+00:00,1311.15,171.17,1466.199951171875
2026-07-23 05:35:00+00:00,1304.5,170.55,1466.280029296875
2026-07-23 05:40:00+00:00,1304.26,170.74,1465.97998046875
2026-07-23 05:45:00+00:00,1294.06,169.7,1466.6800537109375
2026-07-23 05:50:00+00:00,1294.94,169.47,1467.0899658203125
2026-07-23 05:55:00+00:00,1296.9,169.63,1467.3800048828125
2026-07-23 06:00:00+00:00,1297.05,169.78,1467.47998046875
2026-07-23 06:05:00+00:00,1294.8,169.36,1467.1800537109375
2026-07-23 06:10:00+00:00,1306.49,170.22,1466.1800537109375
2026-07-23 06:15:00+00:00,1303.9,169.6,1465.97998046875
2026-07-23 06:20:00+00:00,1304.49,169.82,1465.780029296875
2026-07-23 06:25:00+00:00,1308.26,170.3,1466.5799560546875
2026-07-23 06:30:00+00:00,1307.72,170.59,1466.8800048828125
2026-07-23 06:35:00+00:00,1303.1,169.97,1467.300048828125
2026-07-23 06:40:00+00:00,1308.72,170.59,1467.8499755859375
2026-07-23 06:45:00+00:00,1308.62,170.83,1468.550048828125
2026-07-23 06:50:00+00:00,1309.24,170.73,1469.3800048828125
2026-07-23 06:55:00+00:00,1309.31,170.61,1469.1800537109375
2026-07-23 07:00:00+00:00,1308.1,170.26,1470.3800048828125
2026-07-23 07:05:00+00:00,1305.03,169.81,1469.56005859375
2026-07-23 07:10:00+00:00,1301.55,169.63,1469.5
2026-07-23 07:15:00+00:00,1303.29,169.76,1468.5799560546875
2026-07-23 07:20:00+00:00,1302.4,169.54,1469.47998046875
2026-07-23 07:25:00+00:00,1303.61,169.66,1469.6700439453125
2026-07-23 07:30:00+00:00,1302.63,169.33,1469.469970703125
2026-07-23 07:35:00+00:00,1303.89,171.03,1470.8499755859375
2026-07-23 07:40:00+00:00,1300.94,170.69,1470.8800048828125
2026-07-23 07:45:00+00:00,1300.12,171.43,1470.5799560546875
2026-07-23 07:50:00+00:00,1301.65,172.33,1469.6300048828125
2026-07-23 07:55:00+00:00,1304.88,172.81,1468.8800048828125
2026-07-23 08:00:00+00:00,1308.9,173.73,1469.1800537109375
2026-07-23 08:05:00+00:00,1310.11,174.3,1469.449951171875
2026-07-23 08:10:00+00:00,1309.42,173.86,1470.02001953125
2026-07-23 08:15:00+00:00,1309.77,174.04,1470.3399658203125
2026-07-23 08:20:00+00:00,1308.79,173.61,1469.7900390625
2026-07-23 08:25:00+00:00,1312.81,174.04,1469.47998046875
2026-07-23 08:30:00+00:00,1314.92,175.16,1470.1199951171875
2026-07-23 08:35:00+00:00,1316.73,175.21,1471.47998046875
2026-07-23 08:40:00+00:00,1315.01,176.11,1471.7099609375
2026-07-23 08:45:00+00:00,1317.43,176.37,1471.7099609375
2026-07-23 08:50:00+00:00,1320.24,177.14,1470.47998046875
2026-07-23 08:55:00+00:00,1320.95,176.85,1470.5799560546875
2026-07-23 09:00:00+00:00,1321.67,177.28,1469.72998046875
2026-07-23 09:05:00+00:00,1318.39,176.47,1470.43994140625
2026-07-23 09:10:00+00:00,1317.95,175.77,1470.47998046875
2026-07-23 09:15:00+00:00,1321.78,176.16,1469.75
2026-07-23 09:20:00+00:00,1325.57,176.88,1470.0799560546875
2026-07-23 09:25:00+00:00,1323.17,176.22,1470.6099853515625
2026-07-23 09:30:00+00:00,1322.74,176.17,1470.1600341796875
2026-07-23 09:35:00+00:00,1324.75,176.3,1468.1800537109375
2026-07-23 09:40:00+00:00,1324.36,176.34,1468.3800048828125
2026-07-23 09:45:00+00:00,1323.13,176.34,1469.199951171875
2026-07-23 09:50:00+00:00,1322.09,176.14,1468.9000244140625
2026-07-23 09:55:00+00:00,1321.7,176.21,1469.0699462890625
2026-07-23 10:00:00+00:00,1320.1,176.15,1468.97998046875
2026-07-23 10:05:00+00:00,1319.62,176.32,1469.1500244140625
2026-07-23 10:10:00+00:00,1317.53,176.25,1468.5799560546875
2026-07-23 10:15:00+00:00,1317.7,176.24,1469.1700439453125
2026-07-23 10:20:00+00:00,1320.67,177.37,1469.5799560546875
2026-07-23 10:25:00+00:00,1321.49,176.85,1469.3699951171875
2026-07-23 10:30:00+00:00,1321.13,176.86,1468.780029296875
2026-07-23 10:35:00+00:00,1324.03,177.06,1469.3399658203125
2026-07-23 10:40:00+00:00,1322.9,176.86,1469.4200439453125
2026-07-23 10:45:00+00:00,1323.79,176.76,1469.1400146484375
2026-07-23 10:50:00+00:00,1323.97,176.97,1468.8800048828125
2026-07-23 10:55:00+00:00,1323.05,176.55,1469.27001953125
2026-07-23 11:00:00+00:00,1319.16,175.69,1469.1800537109375
2026-07-23 11:05:00+00:00,1317.16,175.31,1469.1700439453125
2026-07-23 11:10:00+00:00,1318.37,175.42,1468.280029296875
2026-07-23 11:15:00+00:00,1313.4,174.94,1469.5699462890625
2026-07-23 11:20:00+00:00,1298.58,173.59,1469.97998046875
2026-07-23 11:25:00+00:00,1298.05,173.48,1470.5
2026-07-23 11:30:00+00:00,1299.36,173.72,1470.2900390625
2026-07-23 11:35:00+00:00,1291.56,173.08,1470.5999755859375
2026-07-23 11:40:00+00:00,1292.86,172.93,1472.1199951171875
2026-07-23 11:45:00+00:00,1290.99,173.05,1470.97998046875
2026-07-23 11:50:00+00:00,1291.44,173.68,1471.6800537109375
2026-07-23 11:55:00+00:00,1293.05,173.5,1471.949951171875
2026-07-23 12:00:00+00:00,1294.21,173.12,1472.280029296875
2026-07-23 12:05:00+00:00,1289.07,171.63,1472.4100341796875
2026-07-23 12:10:00+00:00,1286.71,171.38,1471.6800537109375
2026-07-23 12:15:00+00:00,1284.57,171.02,1472.6099853515625
2026-07-23 12:20:00+00:00,1284.33,171.03,1473.72998046875
2026-07-23 12:25:00+00:00,1281.61,170.63,1473.1500244140625
2026-07-23 12:30:00+00:00,1280.0,170.48,1473.219970703125
2026-07-23 12:35:00+00:00,1276.93,170.39,1473.8599853515625
2026-07-23 12:40:00+00:00,1274.26,170.27,1474.280029296875
2026-07-23 12:45:00+00:00,1274.36,169.95,1473.8199462890625
2026-07-23 12:50:00+00:00,1275.4,170.33,1473.9200439453125
2026-07-23 12:55:00+00:00,1277.57,170.75,1473.949951171875
2026-07-23 13:00:00+00:00,1274.21,170.0,1474.27001953125
2026-07-23 13:05:00+00:00,1265.62,168.85,1474.6300048828125
2026-07-23 13:10:00+00:00,1267.82,169.15,1474.47998046875
2026-07-23 13:15:00+00:00,1268.31,169.51,1474.050048828125
2026-07-23 13:20:00+00:00,1269.84,170.13,1473.6800537109375
2026-07-23 13:25:00+00:00,1273.67,170.75,1474.0899658203125
2026-07-23 13:30:00+00:00,1283.11,172.13,1471.780029296875
2026-07-23 13:35:00+00:00,1292.67,174.11,1472.0799560546875
2026-07-23 13:40:00+00:00,1302.34,177.48,1472.5799560546875
2026-07-23 13:45:00+00:00,1296.37,174.91,1472.780029296875
2026-07-23 13:50:00+00:00,1300.54,175.44,1473.4200439453125
2026-07-23 13:55:00+00:00,1286.46,173.21,1473.3800048828125
2026-07-23 14:00:00+00:00,1295.06,174.76,1473.8299560546875
2026-07-23 14:05:00+00:00,1295.39,174.95,1473.9599609375
2026-07-23 14:10:00+00:00,1294.12,175.23,1473.8699951171875
2026-07-23 14:15:00+00:00,1295.57,175.61,1474.1099853515625
2026-07-23 14:20:00+00:00,1296.87,175.3,1474.3800048828125
2026-07-23 14:25:00+00:00,1298.92,175.25,1473.949951171875
2026-07-23 14:30:00+00:00,1293.81,174.91,1472.97998046875
2026-07-23 14:35:00+00:00,1297.37,175.48,1473.2099609375
2026-07-23 14:40:00+00:00,1290.76,173.88,1473.8199462890625
2026-07-23 14:45:00+00:00,1288.57,174.06,1474.1500244140625
2026-07-23 14:50:00+00:00,1283.23,172.69,1473.97998046875
2026-07-23 14:55:00+00:00,1285.19,172.97,1473.6199951171875
2026-07-23 15:00:00+00:00,1279.23,172.19,1472.8499755859375
2026-07-23 15:05:00+00:00,1274.16,170.78,1473.4300537109375
2026-07-23 15:10:00+00:00,1268.1,170.01,1473.1800537109375
2026-07-23 15:15:00+00:00,1275.89,170.82,1474.0799560546875
2026-07-23 15:20:00+00:00,1273.88,170.54,1474.6199951171875
2026-07-23 15:25:00+00:00,1268.66,169.66,1474.780029296875
2026-07-23 15:30:00+00:00,1272.75,170.04,1475.530029296875
2026-07-23 15:35:00+00:00,1276.75,170.84,1475.1400146484375
2026-07-23 15:40:00+00:00,1273.11,170.26,1475.25
2026-07-23 15:45:00+00:00,1277.15,170.46,1475.18994140625
2026-07-23 15:50:00+00:00,1282.48,171.93,1475.1500244140625
2026-07-23 15:55:00+00:00,1286.26,172.63,1474.9300537109375
2026-07-23 16:00:00+00:00,1292.32,173.47,1474.3199462890625
2026-07-23 16:05:00+00:00,1286.55,172.71,1473.3499755859375
2026-07-23 16:10:00+00:00,1286.92,173.15,1472.949951171875
2026-07-23 16:15:00+00:00,1280.42,172.58,1474.5999755859375
2026-07-23 16:20:00+00:00,1287.08,173.67,1474.5400390625
2026-07-23 16:25:00+00:00,1298.93,174.47,1473.1800537109375
2026-07-23 16:30:00+00:00,1298.66,174.16,1474.260009765625
2026-07-23 16:35:00+00:00,1305.02,174.74,1473.1300048828125
2026-07-23 16:40:00+00:00,1301.97,173.79,1473.22998046875
2026-07-23 16:45:00+00:00,1294.39,173.65,1473.1099853515625
2026-07-23 16:50:00+00:00,1285.8,172.27,1474.0899658203125
2026-07-23 16:55:00+00:00,1292.15,173.19,1473.93994140625
2026-07-23 17:00:00+00:00,1290.2,172.8,1474.1500244140625
2026-07-23 17:05:00+00:00,1292.28,173.59,1474.0899658203125
2026-07-23 17:10:00+00:00,1294.94,173.87,1474.5799560546875
2026-07-23 17:15:00+00:00,1297.16,173.93,1474.52001953125
2026-07-23 17:20:00+00:00,1298.41,174.28,1474.0899658203125
2026-07-23 17:25:00+00:00,1297.16,173.78,1474.550048828125
2026-07-23 17:30:00+00:00,1294.84,173.63,1474.7900390625
2026-07-23 17:35:00+00:00,1290.01,173.13,1474.5699462890625
2026-07-23 17:40:00+00:00,1288.41,172.94,1474.760009765625
2026-07-23 17:45:00+00:00,1290.77,173.63,1474.760009765625
2026-07-23 17:50:00+00:00,1288.33,173.43,1474.510009765625
2026-07-23 17:55:00+00:00,1287.29,172.96,1474.9200439453125
2026-07-23 18:00:00+00:00,1287.99,172.46,1475.18994140625
2026-07-23 18:05:00+00:00,1285.28,171.88,1475.489990234375
2026-07-23 18:10:00+00:00,1289.52,172.74,1474.9300537109375
2026-07-23 18:15:00+00:00,1289.25,172.62,1475.030029296875
2026-07-23 18:20:00+00:00,1293.92,172.84,1475.469970703125
2026-07-23 18:25:00+00:00,1292.71,172.68,1475.1600341796875
2026-07-23 18:30:00+00:00,1294.47,172.73,1475.199951171875
2026-07-23 18:35:00+00:00,1286.9,171.25,1475.0
2026-07-23 18:40:00+00:00,1284.79,170.53,1475.22998046875
2026-07-23 18:45:00+00:00,1285.53,170.73,1475.2099609375
2026-07-23 18:50:00+00:00,1278.66,169.58,1475.5999755859375
2026-07-23 18:55:00+00:00,1279.75,169.29,1475.18994140625
2026-07-23 19:00:00+00:00,1271.42,167.98,1475.1500244140625
2026-07-23 19:05:00+00:00,1266.95,167.4,1475.27001953125
2026-07-23 19:10:00+00:00,1268.5,167.93,1475.6500244140625
2026-07-23 19:15:00+00:00,1268.6,168.17,1475.739990234375
2026-07-23 19:20:00+00:00,1274.18,168.68,1475.6099853515625
2026-07-23 19:25:00+00:00,1285.69,169.76,1475.7099609375
2026-07-23 19:30:00+00:00,1282.64,169.73,1475.719970703125
2026-07-23 19:35:00+00:00,1282.53,169.96,1475.510009765625
2026-07-23 19:40:00+00:00,1276.45,168.81,1475.4599609375
2026-07-23 19:45:00+00:00,1277.61,169.41,1475.7900390625
2026-07-23 19:50:00+00:00,1280.5,169.92,1475.489990234375
2026-07-23 19:55:00+00:00,1286.76,169.48,1474.699951171875
2026-07-23 20:00:00+00:00,1295.71,171.69,1474.6199951171875
2026-07-23 20:05:00+00:00,1297.54,171.27,1475.1700439453125
2026-07-23 20:10:00+00:00,1297.36,171.61,1475.0899658203125
2026-07-23 20:15:00+00:00,1299.84,172.48,1475.010009765625
2026-07-23 20:20:00+00:00,1294.47,171.73,1475.550048828125
2026-07-23 20:25:00+00:00,1293.3,171.72,1475.3699951171875
2026-07-23 20:30:00+00:00,1291.34,171.37,1475.8199462890625
2026-07-23 20:35:00+00:00,1290.06,171.15,1475.6600341796875
2026-07-23 20:40:00+00:00,1289.61,171.34,1474.93994140625
2026-07-23 20:45:00+00:00,1288.68,170.83,1475.8199462890625
2026-07-23 20:50:00+00:00,1289.93,171.06,1475.4000244140625
2026-07-23 20:55:00+00:00,1288.99,171.16,1474.8699951171875
2026-07-23 21:00:00+00:00,1291.43,171.7,1475.1600341796875
2026-07-23 21:05:00+00:00,1290.86,171.6,1473.969970703125
2026-07-23 21:10:00+00:00,1287.37,170.68,1473.77001953125
2026-07-23 21:15:00+00:00,1284.28,170.32,1473.989990234375
2026-07-23 21:20:00+00:00,1284.73,170.35,1473.969970703125
2026-07-23 21:25:00+00:00,1282.98,170.03,1474.199951171875
2026-07-23 21:30:00+00:00,1283.37,170.25,1474.1199951171875
2026-07-23 21:35:00+00:00,1284.1,170.33,1474.1199951171875
2026-07-23 21:40:00+00:00,1284.75,170.48,1474.1300048828125
2026-07-23 21:45:00+00:00,1284.37,170.71,1474.1300048828125
2026-07-23 21:50:00+00:00,1281.51,170.19,1474.1300048828125
2026-07-23 21:55:00+00:00,1281.29,170.34,1474.1300048828125
2026-07-23 22:00:00+00:00,1276.8,169.8,1474.1300048828125
2026-07-23 22:05:00+00:00,1274.82,169.34,1474.1199951171875
2026-07-23 22:10:00+00:00,1266.82,168.94,1474.1199951171875
2026-07-23 22:15:00+00:00,1271.98,169.08,1474.1199951171875
2026-07-23 22:20:00+00:00,1275.02,169.63,1474.1300048828125
2026-07-23 22:25:00+00:00,1277.45,169.57,1474.1099853515625
2026-07-23 22:30:00+00:00,1278.73,169.5,1474.1400146484375
2026-07-23 22:35:00+00:00,1279.07,169.58,1474.1400146484375
2026-07-23 22:40:00+00:00,1280.68,169.99,1474.1700439453125
2026-07-23 22:45:00+00:00,1278.56,170.17,1474.219970703125
2026-07-23 22:50:00+00:00,1281.19,170.36,1474.530029296875
2026-07-23 22:55:00+00:00,1283.15,170.68,1474.5400390625
2026-07-23 23:00:00+00:00,1285.83,170.47,1474.5899658203125
2026-07-23 23:05:00+00:00,1286.94,170.66,1474.6700439453125
2026-07-23 23:10:00+00:00,1289.34,170.64,1474.6199951171875
2026-07-23 23:15:00+00:00,1287.03,170.71,1474.56005859375
2026-07-23 23:20:00+00:00,1290.23,170.86,1474.6400146484375
2026-07-23 23:25:00+00:00,1286.63,170.7,1474.489990234375
2026-07-23 23:30:00+00:00,1283.85,170.17,1474.3800048828125
2026-07-23 23:35:00+00:00,1282.6,169.71,1474.510009765625
2026-07-23 23:40:00+00:00,1281.66,169.37,1474.4200439453125
2026-07-23 23:45:00+00:00,1280.27,169.14,1474.9100341796875
2026-07-23 23:50:00+00:00,1279.38,169.34,1474.5999755859375
2026-07-23 23:55:00+00:00,1283.53,169.91,1474.760009765625
2026-07-24 00:00:00+00:00,1266.57,166.86,1472.6800537109375
2026-07-24 00:05:00+00:00,1263.75,167.16,1471.3800048828125
2026-07-24 00:10:00+00:00,1257.54,167.32,1471.47998046875
2026-07-24 00:15:00+00:00,1253.52,167.31,1471.97998046875
2026-07-24 00:20:00+00:00,1262.77,168.43,1471.5899658203125
2026-07-24 00:25:00+00:00,1250.46,166.78,1471.780029296875
2026-07-24 00:30:00+00:00,1244.61,165.76,1471.1700439453125
2026-07-24 00:35:00+00:00,1243.78,165.97,1470.6800537109375
2026-07-24 00:40:00+00:00,1247.05,166.69,1469.6800537109375
2026-07-24 00:45:00+00:00,1247.08,166.91,1468.3499755859375
2026-07-24 00:50:00+00:00,1251.08,166.73,1468.75
2026-07-24 00:55:00+00:00,1251.5,167.73,1467.3800048828125
2026-07-24 01:00:00+00:00,1265.59,169.31,1467.1400146484375
2026-07-24 01:05:00+00:00,1267.31,169.0,1465.780029296875
2026-07-24 01:10:00+00:00,1256.57,168.16,1465.6800537109375
2026-07-24 01:15:00+00:00,1260.28,168.5,1465.47998046875
2026-07-24 01:20:00+00:00,1258.18,167.77,1464.93994140625
2026-07-24 01:25:00+00:00,1260.43,168.23,1464.1800537109375
2026-07-24 01:30:00+00:00,1266.22,168.81,1464.8800048828125
2026-07-24 01:35:00+00:00,1263.48,168.53,1464.280029296875
2026-07-24 01:40:00+00:00,1265.29,168.48,1464.280029296875
2026-07-24 01:45:00+00:00,1257.74,167.81,1464.280029296875
2026-07-24 01:50:00+00:00,1257.6,167.59,1464.280029296875
2026-07-24 01:55:00+00:00,1250.61,166.7,1464.280029296875
2026-07-24 02:00:00+00:00,1249.08,166.44,1464.0
2026-07-24 02:05:00+00:00,1249.41,166.53,1464.0
2026-07-24 02:10:00+00:00,1250.07,166.5,1464.0
2026-07-24 02:15:00+00:00,1245.06,165.93,1464.0
2026-07-24 02:20:00+00:00,1247.31,165.92,1464.0
2026-07-24 02:25:00+00:00,1241.89,165.13,1464.0
2026-07-24 02:30:00+00:00,1236.8,164.27,1464.0
2026-07-24 02:35:00+00:00,1232.14,163.54,1464.0
2026-07-24 02:40:00+00:00,1225.24,162.92,1464.0
2026-07-24 02:45:00+00:00,1219.65,163.19,1464.0
2026-07-24 02:50:00+00:00,1219.79,163.28,1464.0
2026-07-24 02:55:00+00:00,1219.8,163.39,1464.0
2026-07-24 03:00:00+00:00,1224.74,164.26,1464.0
2026-07-24 03:05:00+00:00,1220.31,163.43,1464.0
2026-07-24 03:10:00+00:00,1223.68,163.96,1464.0
2026-07-24 03:15:00+00:00,1220.64,163.82,1464.2099609375
2026-07-24 03:20:00+00:00,1224.81,164.11,1464.280029296875
2026-07-24 03:25:00+00:00,1225.61,164.3,1464.8599853515625
2026-07-24 03:30:00+00:00,1222.97,163.66,1464.4200439453125
2026-07-24 03:35:00+00:00,1222.77,163.63,1464.3800048828125
2026-07-24 03:40:00+00:00,1221.93,163.63,1464.5699462890625
2026-07-24 03:45:00+00:00,1220.34,163.33,1464.3800048828125
2026-07-24 03:50:00+00:00,1217.07,162.83,1464.6199951171875
2026-07-24 03:55:00+00:00,1210.66,162.53,1464.1800537109375
2026-07-24 04:00:00+00:00,1208.41,162.2,1463.47998046875
2026-07-24 04:05:00+00:00,1217.43,163.62,1463.1800537109375
2026-07-24 04:10:00+00:00,1206.2,162.55,1463.97998046875
2026-07-24 04:15:00+00:00,1209.92,163.27,1464.47998046875
2026-07-24 04:20:00+00:00,1214.03,163.75,1466.5799560546875
2026-07-24 04:25:00+00:00,1220.18,164.81,1466.280029296875
2026-07-24 04:30:00+00:00,1217.67,164.63,1466.52001953125
2026-07-24 04:35:00+00:00,1209.83,163.89,1466.280029296875
2026-07-24 04:40:00+00:00,1209.0,163.72,1466.8800048828125
2026-07-24 04:45:00+00:00,1206.7,163.62,1466.97998046875
2026-07-24 04:50:00+00:00,1212.93,163.85,1467.3399658203125
2026-07-24 04:55:00+00:00,1215.63,164.39,1467.1300048828125
2026-07-24 05:00:00+00:00,1215.74,164.41,1466.0799560546875
2026-07-24 05:05:00+00:00,1224.58,165.2,1464.97998046875
2026-07-24 05:10:00+00:00,1230.86,165.84,1464.3299560546875
2026-07-24 05:15:00+00:00,1225.89,165.8,1463.800048828125
2026-07-24 05:20:00+00:00,1227.66,165.27,1463.1800537109375
2026-07-24 05:25:00+00:00,1222.18,165.37,1463.780029296875
2026-07-24 05:30:00+00:00,1224.04,165.55,1464.199951171875
2026-07-24 05:35:00+00:00,1227.42,165.74,1464.5799560546875
2026-07-24 05:40:00+00:00,1224.84,165.68,1464.72998046875
2026-07-24 05:45:00+00:00,1223.52,165.75,1465.97998046875
2026-07-24 05:50:00+00:00,1216.05,164.93,1466.5699462890625
2026-07-24 05:55:00+00:00,1216.66,164.76,1465.47998046875
2026-07-24 06:00:00+00:00,1208.23,163.92,1466.0799560546875
2026-07-24 06:05:00+00:00,1205.63,163.8,1465.1800537109375
2026-07-24 06:10:00+00:00,1207.93,163.9,1465.0799560546875
2026-07-24 06:15:00+00:00,1206.86,163.97,1464.8800048828125
2026-07-24 06:20:00+00:00,1207.24,164.04,1464.97998046875
2026-07-24 06:25:00+00:00,1207.42,163.75,1465.5799560546875
2026-07-24 06:30:00+00:00,1212.79,163.88,1466.0799560546875
2026-07-24 06:35:00+00:00,1214.47,164.09,1466.5400390625
2026-07-24 06:40:00+00:00,1214.45,163.39,1466.3800048828125
2026-07-24 06:45:00+00:00,1212.08,163.04,1466.449951171875
2026-07-24 06:50:00+00:00,1213.94,163.78,1466.4200439453125
2026-07-24 06:55:00+00:00,1215.77,164.1,1466.6400146484375
2026-07-24 07:00:00+00:00,1220.91,164.86,1465.6800537109375
2026-07-24 07:05:00+00:00,1221.55,165.27,1465.5899658203125
2026-07-24 07:10:00+00:00,1224.55,165.57,1465.5799560546875
2026-07-24 07:15:00+00:00,1226.05,165.78,1464.9100341796875
2026-07-24 07:20:00+00:00,1223.52,165.51,1463.780029296875
2026-07-24 07:25:00+00:00,1224.44,165.94,1464.530029296875
2026-07-24 07:30:00+00:00,1224.91,165.73,1464.75
2026-07-24 07:35:00+00:00,1223.79,165.45,1464.93994140625
2026-07-24 07:40:00+00:00,1220.7,165.13,1464.5400390625
2026-07-24 07:45:00+00:00,1221.65,165.38,1464.5799560546875
2026-07-24 07:50:00+00:00,1225.7,165.64,1464.72998046875
2026-07-24 07:55:00+00:00,1222.0,165.24,1464.77001953125
2026-07-24 08:00:00+00:00,1220.14,164.66,1464.3299560546875
2026-07-24 08:05:00+00:00,1220.89,164.58,1463.969970703125
2026-07-24 08:10:00+00:00,1219.26,164.25,1463.06005859375
2026-07-24 08:15:00+00:00,1221.9,164.45,1463.949951171875
2026-07-24 08:20:00+00:00,1220.14,164.07,1463.9599609375
2026-07-24 08:25:00+00:00,1222.51,164.49,1463.5
2026-07-24 08:30:00+00:00,1224.62,165.01,1462.3800048828125
2026-07-24 08:35:00+00:00,1225.92,165.18,1462.8800048828125
2026-07-24 08:40:00+00:00,1225.36,165.04,1462.5799560546875
2026-07-24 08:45:00+00:00,1222.94,164.95,1462.97998046875
2026-07-24 08:50:00+00:00,1224.73,165.33,1463.3800048828125
2026-07-24 08:55:00+00:00,1224.17,165.19,1463.469970703125
2026-07-24 09:00:00+00:00,1225.17,165.64,1463.4200439453125
2026-07-24 09:05:00+00:00,1228.3,166.36,1463.5799560546875
2026-07-24 09:10:00+00:00,1226.3,165.97,1463.6199951171875
2026-07-24 09:15:00+00:00,1223.8,165.82,1463.0
2026-07-24 09:20:00+00:00,1223.92,165.91,1462.47998046875
2026-07-24 09:25:00+00:00,1223.33,165.84,1462.3800048828125
2026-07-24 09:30:00+00:00,1222.96,165.89,1462.550048828125
2026-07-24 09:35:00+00:00,1226.35,166.2,1462.3800048828125
2026-07-24 09:40:00+00:00,1225.74,166.41,1462.489990234375
2026-07-24 09:45:00+00:00,1226.33,166.39,1462.47998046875
2026-07-24 09:50:00+00:00,1227.99,166.73,1462.449951171875
2026-07-24 09:55:00+00:00,1231.65,167.08,1462.010009765625
2026-07-24 10:00:00+00:00,1229.38,166.59,1462.1300048828125
2026-07-24 10:05:00+00:00,1228.26,166.35,1461.5799560546875
2026-07-24 10:10:00+00:00,1228.13,166.06,1461.6500244140625
2026-07-24 10:15:00+00:00,1230.2,166.28,1461.1300048828125
2026-07-24 10:20:00+00:00,1228.94,166.24,1460.75
2026-07-24 10:25:00+00:00,1228.51,165.97,1460.56005859375
2026-07-24 10:30:00+00:00,1226.69,165.62,1460.0400390625
2026-07-24 10:35:00+00:00,1222.53,165.27,1460.3800048828125
2026-07-24 10:40:00+00:00,1222.42,165.0,1460.6500244140625
2026-07-24 10:45:00+00:00,1220.73,164.63,1460.6199951171875
2026-07-24 10:50:00+00:00,1220.16,164.36,1461.0999755859375
2026-07-24 10:55:00+00:00,1222.63,164.78,1460.8800048828125
2026-07-24 11:00:00+00:00,1224.52,165.34,1460.75
2026-07-24 11:05:00+00:00,1221.0,164.53,1460.6400146484375
2026-07-24 11:10:00+00:00,1224.14,165.01,1460.4200439453125
2026-07-24 11:15:00+00:00,1224.89,165.26,1460.3900146484375
2026-07-24 11:20:00+00:00,1227.1,165.5,1460.7900390625
2026-07-24 11:25:00+00:00,1227.03,165.59,1460.5699462890625
2026-07-24 11:30:00+00:00,1226.31,165.47,1461.0799560546875
2026-07-24 11:35:00+00:00,1224.11,165.03,1460.9000244140625
2026-07-24 11:40:00+00:00,1223.45,164.9,1460.9599609375
2026-07-24 11:45:00+00:00,1223.54,164.83,1461.2099609375
2026-07-24 11:50:00+00:00,1224.23,164.76,1461.6300048828125
2026-07-24 11:55:00+00:00,1229.77,165.75,1460.550048828125
2026-07-24 12:00:00+00:00,1227.82,165.42,1461.3699951171875
2026-07-24 12:05:00+00:00,1230.44,166.1,1460.6199951171875
2026-07-24 12:10:00+00:00,1235.08,166.83,1460.8800048828125
2026-07-24 12:15:00+00:00,1235.68,166.29,1461.1300048828125
2026-07-24 12:20:00+00:00,1237.11,166.52,1461.1199951171875
2026-07-24 12:25:00+00:00,1234.65,166.06,1461.77001953125
2026-07-24 12:30:00+00:00,1230.68,165.48,1462.0400390625
2026-07-24 12:35:00+00:00,1230.96,165.62,1461.8299560546875
2026-07-24 12:40:00+00:00,1226.31,165.12,1461.8800048828125
2026-07-24 12:45:00+00:00,1225.99,165.18,1462.3399658203125
2026-07-24 12:50:00+00:00,1223.58,164.78,1462.4100341796875
2026-07-24 12:55:00+00:00,1221.86,164.59,1462.56005859375
2026-07-24 13:00:00+00:00,1221.36,164.28,1462.9300537109375
2026-07-24 13:05:00+00:00,1217.11,163.75,1463.1199951171875
2026-07-24 13:10:00+00:00,1220.07,164.46,1462.469970703125
2026-07-24 13:15:00+00:00,1221.2,164.52,1462.5
2026-07-24 13:20:00+00:00,1221.89,164.8,1462.489990234375
2026-07-24 13:25:00+00:00,1213.78,163.99,1462.3900146484375
2026-07-24 13:30:00+00:00,1218.12,163.46,1462.239990234375
2026-07-24 13:35:00+00:00,1209.17,162.04,1461.719970703125
2026-07-24 13:40:00+00:00,1205.0,161.03,1462.3499755859375
2026-07-24 13:45:00+00:00,1199.19,161.32,1462.4100341796875
2026-07-24 13:50:00+00:00,1182.64,157.95,1461.97998046875
2026-07-24 13:55:00+00:00,1180.5,158.0,1462.2900390625
2026-07-24 14:00:00+00:00,1173.2,158.14,1461.449951171875
2026-07-24 14:05:00+00:00,1183.11,159.49,1461.6400146484375
2026-07-24 14:10:00+00:00,1181.63,159.23,1461.47998046875
2026-07-24 14:15:00+00:00,1177.12,157.23,1461.280029296875
2026-07-24 14:20:00+00:00,1184.68,158.67,1461.47998046875
2026-07-24 14:25:00+00:00,1189.52,159.18,1461.719970703125
2026-07-24 14:30:00+00:00,1179.62,157.74,1461.8599853515625
2026-07-24 14:35:00+00:00,1178.91,157.48,1461.6300048828125
2026-07-24 14:40:00+00:00,1182.17,157.95,1461.1300048828125
2026-07-24 14:45:00+00:00,1186.83,158.3,1459.780029296875
2026-07-24 14:50:00+00:00,1189.65,158.78,1460.5799560546875
2026-07-24 14:55:00+00:00,1193.68,159.56,1460.4100341796875
2026-07-24 15:00:00+00:00,1187.45,158.51,1460.780029296875
2026-07-24 15:05:00+00:00,1187.02,158.19,1460.010009765625
2026-07-24 15:10:00+00:00,1196.78,159.49,1459.949951171875
2026-07-24 15:15:00+00:00,1195.01,158.87,1460.7099609375
2026-07-24 15:20:00+00:00,1191.75,158.66,1459.93994140625
2026-07-24 15:25:00+00:00,1190.37,158.38,1459.969970703125
2026-07-24 15:30:00+00:00,1188.77,157.93,1460.3399658203125
2026-07-24 15:35:00+00:00,1196.06,158.98,1460.0
2026-07-24 15:40:00+00:00,1191.6,158.29,1461.3199462890625
2026-07-24 15:45:00+00:00,1192.48,158.3,1461.1400146484375
2026-07-24 15:50:00+00:00,1193.54,158.72,1461.02001953125
2026-07-24 15:55:00+00:00,1195.42,158.95,1460.47998046875
2026-07-24 16:00:00+00:00,1194.88,159.21,1460.8499755859375
2026-07-24 16:05:00+00:00,1196.9,159.43,1460.8199462890625
2026-07-24 16:10:00+00:00,1192.76,158.43,1460.5999755859375
2026-07-24 16:15:00+00:00,1191.84,158.38,1460.8599853515625
2026-07-24 16:20:00+00:00,1195.17,158.67,1461.3699951171875
2026-07-24 16:25:00+00:00,1192.64,158.49,1461.3499755859375
2026-07-24 16:30:00+00:00,1190.25,158.14,1461.2099609375
2026-07-24 16:35:00+00:00,1188.38,158.34,1460.6800537109375
2026-07-24 16:40:00+00:00,1189.12,157.98,1460.3800048828125
2026-07-24 16:45:00+00:00,1182.87,157.06,1460.8499755859375
2026-07-24 16:50:00+00:00,1184.38,157.32,1460.4599609375
2026-07-24 16:55:00+00:00,1186.23,157.54,1460.9200439453125
2026-07-24 17:00:00+00:00,1184.52,157.12,1460.68994140625
2026-07-24 17:05:00+00:00,1180.34,156.19,1460.6700439453125
2026-07-24 17:10:00+00:00,1181.37,156.26,1460.47998046875
2026-07-24 17:15:00+00:00,1183.88,156.52,1460.510009765625
2026-07-24 17:20:00+00:00,1184.61,156.53,1460.5400390625
2026-07-24 17:25:00+00:00,1186.77,156.95,1460.0899658203125
2026-07-24 17:30:00+00:00,1188.59,157.09,1459.969970703125
2026-07-24 17:35:00+00:00,1183.04,156.39,1460.0799560546875
2026-07-24 17:40:00+00:00,1181.41,156.1,1460.4200439453125
2026-07-24 17:45:00+00:00,1182.53,156.29,1460.4100341796875
2026-07-24 17:50:00+00:00,1183.35,156.19,1460.27001953125
2026-07-24 17:55:00+00:00,1182.18,156.22,1459.5999755859375
2026-07-24 18:00:00+00:00,1181.27,155.9,1459.8800048828125
2026-07-24 18:05:00+00:00,1180.54,155.84,1458.6800537109375
2026-07-24 18:10:00+00:00,1178.14,155.36,1460.0400390625
2026-07-24 18:15:00+00:00,1173.85,154.67,1460.1099853515625
2026-07-24 18:20:00+00:00,1173.27,154.64,1459.949951171875
2026-07-24 18:25:00+00:00,1171.21,154.2,1460.5899658203125
2026-07-24 18:30:00+00:00,1170.0,154.23,1460.22998046875
2026-07-24 18:35:00+00:00,1166.39,153.99,1460.2099609375
2026-07-24 18:40:00+00:00,1167.22,154.04,1460.47998046875
2026-07-24 18:45:00+00:00,1170.03,154.22,1460.81005859375
2026-07-24 18:50:00+00:00,1171.63,154.23,1460.56005859375
2026-07-24 18:55:00+00:00,1173.58,154.54,1460.5999755859375
2026-07-24 19:00:00+00:00,1172.32,154.26,1460.6500244140625
2026-07-24 19:05:00+00:00,1165.71,153.38,1460.5400390625
2026-07-24 19:10:00+00:00,1165.73,153.45,1460.8800048828125
2026-07-24 19:15:00+00:00,1169.27,154.03,1460.6400146484375
2026-07-24 19:20:00+00:00,1171.02,153.88,1460.699951171875
2026-07-24 19:25:00+00:00,1172.18,154.23,1460.6500244140625
2026-07-24 19:30:00+00:00,1175.27,154.96,1460.280029296875
2026-07-24 19:35:00+00:00,1175.44,154.77,1460.56005859375
2026-07-24 19:40:00+00:00,1172.23,154.5,1460.510009765625
2026-07-24 19:45:00+00:00,1172.92,154.71,1460.47998046875
2026-07-24 19:50:00+00:00,1172.43,154.49,1460.760009765625
2026-07-24 19:55:00+00:00,1171.75,154.72,1460.530029296875
2026-07-24 20:00:00+00:00,1170.42,155.04,1460.2099609375
2026-07-24 20:05:00+00:00,1171.98,155.29,1460.280029296875
2026-07-24 20:10:00+00:00,1174.64,155.39,1460.27001953125
2026-07-24 20:15:00+00:00,1174.38,155.41,1460.280029296875
2026-07-24 20:20:00+00:00,1174.63,155.47,1460.239990234375
2026-07-24 20:25:00+00:00,1172.91,155.27,1460.56005859375
2026-07-24 20:30:00+00:00,1172.11,155.22,1460.0999755859375
2026-07-24 20:35:00+00:00,1172.48,155.33,1459.9000244140625
2026-07-24 20:40:00+00:00,1173.8,155.45,1459.22998046875
2026-07-24 20:45:00+00:00,1171.94,155.05,1459.5899658203125
2026-07-24 20:50:00+00:00,1174.28,155.46,1459.2099609375
2026-07-24 20:55:00+00:00,1175.3,155.55,1459.4200439453125
2026-07-24 21:00:00+00:00,1173.62,155.32,1459.4200439453125
2026-07-24 21:05:00+00:00,1172.33,155.06,1459.4200439453125
2026-07-24 21:10:00+00:00,1170.65,154.84,1459.4200439453125
2026-07-24 21:15:00+00:00,1168.26,154.8,1459.4200439453125
2026-07-24 21:20:00+00:00,1168.41,154.86,1459.4200439453125
2026-07-24 21:25:00+00:00,1170.17,155.05,1459.4200439453125
2026-07-24 21:30:00+00:00,1169.49,155.12,1459.4200439453125
2026-07-24 21:35:00+00:00,1167.38,154.96,1459.4200439453125
2026-07-24 21:40:00+00:00,1168.52,155.06,1459.4200439453125
2026-07-24 21:45:00+00:00,1167.82,155.19,1459.4200439453125
2026-07-24 21:50:00+00:00,1164.48,154.98,1459.4200439453125
2026-07-24 21:55:00+00:00,1164.99,155.03,1459.4200439453125
2026-07-24 22:00:00+00:00,1166.08,155.07,1459.4200439453125
2026-07-24 22:05:00+00:00,1166.88,155.16,1459.4200439453125
2026-07-24 22:10:00+00:00,1166.4,155.18,1459.4200439453125
2026-07-24 22:15:00+00:00,1166.76,155.17,1459.4200439453125
2026-07-24 22:20:00+00:00,1167.47,155.38,1459.4200439453125
2026-07-24 22:25:00+00:00,1168.43,155.45,1459.4200439453125
2026-07-24 22:30:00+00:00,1169.39,155.49,1459.4200439453125
2026-07-24 22:35:00+00:00,1169.75,155.44,1459.4200439453125
2026-07-24 22:40:00+00:00,1169.44,155.34,1459.4200439453125
2026-07-24 22:45:00+00:00,1170.82,155.47,1459.4200439453125
2026-07-24 22:50:00+00:00,1172.52,155.56,1459.4200439453125
2026-07-24 22:55:00+00:00,1170.63,155.42,1459.4200439453125
2026-07-24 23:00:00+00:00,1173.48,155.66,1459.4200439453125
2026-07-24 23:05:00+00:00,1172.64,155.51,1459.4200439453125
2026-07-24 23:10:00+00:00,1171.07,155.44,1459.4200439453125
2026-07-24 23:15:00+00:00,1166.77,154.48,1459.4200439453125
2026-07-24 23:20:00+00:00,1165.26,153.82,1459.4200439453125
2026-07-24 23:25:00+00:00,1167.01,154.29,1459.4200439453125
2026-07-24 23:30:00+00:00,1165.04,154.0,1459.4200439453125
2026-07-24 23:35:00+00:00,1164.06,153.26,1459.4200439453125
2026-07-24 23:40:00+00:00,1162.17,153.46,1459.4200439453125
2026-07-24 23:45:00+00:00,1161.97,153.33,1459.4200439453125
2026-07-24 23:50:00+00:00,1164.03,153.79,1459.4200439453125
2026-07-24 23:55:00+00:00,1168.91,154.49,1459.4200439453125
2026-07-25 00:00:00+00:00,1174.88,154.95,1459.4200439453125
2026-07-25 00:05:00+00:00,1175.13,155.09,1459.4200439453125
2026-07-25 00:10:00+00:00,1172.15,154.92,1459.4200439453125
2026-07-25 00:15:00+00:00,1171.28,154.9,1459.4200439453125
2026-07-25 00:20:00+00:00,1171.5,154.9,1459.4200439453125
2026-07-25 00:25:00+00:00,1166.76,154.25,1459.4200439453125
2026-07-25 00:30:00+00:00,1171.63,154.9,1459.4200439453125
2026-07-25 00:35:00+00:00,1171.54,154.82,1459.4200439453125
2026-07-25 00:40:00+00:00,1169.56,154.44,1459.4200439453125
2026-07-25 00:45:00+00:00,1171.98,154.67,1459.4200439453125
2026-07-25 00:50:00+00:00,1172.64,154.68,1459.4200439453125
2026-07-25 00:55:00+00:00,1174.3,155.21,1459.4200439453125
2026-07-25 01:00:00+00:00,1173.81,155.22,1459.4200439453125
2026-07-25 01:05:00+00:00,1174.56,155.31,1459.4200439453125
2026-07-25 01:10:00+00:00,1174.0,155.19,1459.4200439453125
2026-07-25 01:15:00+00:00,1173.21,155.04,1459.4200439453125
2026-07-25 01:20:00+00:00,1174.0,155.07,1459.4200439453125
2026-07-25 01:25:00+00:00,1174.35,155.11,1459.4200439453125
2026-07-25 01:30:00+00:00,1174.49,155.2,1459.4200439453125
2026-07-25 01:35:00+00:00,1174.43,155.23,1459.4200439453125
2026-07-25 01:40:00+00:00,1174.25,155.2,1459.4200439453125
2026-07-25 01:45:00+00:00,1173.59,155.04,1459.4200439453125
2026-07-25 01:50:00+00:00,1174.07,155.1,1459.4200439453125
2026-07-25 01:55:00+00:00,1173.5,155.17,1459.4200439453125
2026-07-25 02:00:00+00:00,1172.22,155.02,1459.4200439453125
2026-07-25 02:05:00+00:00,1171.69,154.99,1459.4200439453125
2026-07-25 02:10:00+00:00,1172.26,155.02,1459.4200439453125
2026-07-25 02:15:00+00:00,1172.23,155.04,1459.4200439453125
2026-07-25 02:20:00+00:00,1172.36,155.09,1459.4200439453125
2026-07-25 02:25:00+00:00,1172.82,155.12,1459.4200439453125
2026-07-25 02:30:00+00:00,1173.99,155.29,1459.4200439453125
2026-07-25 02:35:00+00:00,1181.26,156.0,1459.4200439453125
2026-07-25 02:40:00+00:00,1181.18,156.16,1459.4200439453125
2026-07-25 02:45:00+00:00,1179.89,155.9,1459.4200439453125
2026-07-25 02:50:00+00:00,1194.92,156.96,1459.4200439453125
2026-07-25 02:55:00+00:00,1187.84,156.35,1459.4200439453125
2026-07-25 03:00:00+00:00,1189.63,156.47,1459.4200439453125
2026-07-25 03:05:00+00:00,1193.31,156.72,1459.4200439453125
2026-07-25 03:10:00+00:00,1188.95,156.5,1459.4200439453125
2026-07-25 03:15:00+00:00,1189.53,156.48,1459.4200439453125
2026-07-25 03:20:00+00:00,1190.41,156.55,1459.4200439453125
2026-07-25 03:25:00+00:00,1185.72,156.22,1459.4200439453125
2026-07-25 03:30:00+00:00,1187.14,156.5,1459.4200439453125
2026-07-25 03:35:00+00:00,1187.29,156.5,1459.4200439453125
2026-07-25 03:40:00+00:00,1187.09,156.42,1459.4200439453125
2026-07-25 03:45:00+00:00,1189.74,156.64,1459.4200439453125
2026-07-25 03:50:00+00:00,1190.4,156.71,1459.4200439453125
2026-07-25 03:55:00+00:00,1190.46,156.65,1459.4200439453125
2026-07-25 04:00:00+00:00,1191.79,156.81,1459.4200439453125
2026-07-25 04:05:00+00:00,1192.19,156.86,1459.4200439453125
2026-07-25 04:10:00+00:00,1198.31,157.52,1459.4200439453125
2026-07-25 04:15:00+00:00,1197.0,157.24,1459.4200439453125
2026-07-25 04:20:00+00:00,1194.99,157.23,1459.4200439453125
2026-07-25 04:25:00+00:00,1194.28,157.41,1459.4200439453125
2026-07-25 04:30:00+00:00,1192.2,157.25,1459.4200439453125
2026-07-25 04:35:00+00:00,1195.49,157.49,1459.4200439453125
2026-07-25 04:40:00+00:00,1193.54,157.18,1459.4200439453125
2026-07-25 04:45:00+00:00,1194.97,157.31,1459.4200439453125
2026-07-25 04:50:00+00:00,1195.79,157.46,1459.4200439453125
2026-07-25 04:55:00+00:00,1191.84,157.26,1459.4200439453125
2026-07-25 05:00:00+00:00,1191.88,157.25,1459.4200439453125
2026-07-25 05:05:00+00:00,1191.52,157.07,1459.4200439453125
2026-07-25 05:10:00+00:00,1188.83,156.71,1459.4200439453125
2026-07-25 05:15:00+00:00,1189.6,156.85,1459.4200439453125
2026-07-25 05:20:00+00:00,1190.26,156.97,1459.4200439453125
2026-07-25 05:25:00+00:00,1190.72,157.1,1459.4200439453125
2026-07-25 05:30:00+00:00,1189.99,156.99,1459.4200439453125
2026-07-25 05:35:00+00:00,1190.45,157.1,1459.4200439453125
2026-07-25 05:40:00+00:00,1189.93,156.95,1459.4200439453125
2026-07-25 05:45:00+00:00,1188.9,156.91,1459.4200439453125
2026-07-25 05:50:00+00:00,1193.61,157.16,1459.4200439453125
2026-07-25 05:55:00+00:00,1193.63,157.13,1459.4200439453125
2026-07-25 06:00:00+00:00,1194.29,157.24,1459.4200439453125
2026-07-25 06:05:00+00:00,1195.4,157.3,1459.4200439453125
2026-07-25 06:10:00+00:00,1195.7,157.33,1459.4200439453125
2026-07-25 06:15:00+00:00,1195.46,157.25,1459.4200439453125
2026-07-25 06:20:00+00:00,1195.76,157.3,1459.4200439453125
2026-07-25 06:25:00+00:00,1195.48,157.2,1459.4200439453125
2026-07-25 06:30:00+00:00,1196.15,157.27,1459.4200439453125
2026-07-25 06:35:00+00:00,1195.39,157.36,1459.4200439453125
2026-07-25 06:40:00+00:00,1194.89,157.4,1459.4200439453125
2026-07-25 06:45:00+00:00,1195.05,157.48,1459.4200439453125
2026-07-25 06:50:00+00:00,1195.95,157.63,1459.4200439453125
2026-07-25 06:55:00+00:00,1195.46,157.5,1459.4200439453125
2026-07-25 07:00:00+00:00,1194.62,157.22,1459.4200439453125
2026-07-25 07:05:00+00:00,1193.64,157.19,1459.4200439453125
2026-07-25 07:10:00+00:00,1193.81,157.29,1459.4200439453125
2026-07-25 07:15:00+00:00,1192.54,157.2,1459.4200439453125
2026-07-25 07:20:00+00:00,1194.53,157.5,1459.4200439453125
2026-07-25 07:25:00+00:00,1191.59,157.22,1459.4200439453125
2026-07-25 07:30:00+00:00,1192.6,157.24,1459.4200439453125
2026-07-25 07:35:00+00:00,1193.23,157.46,1459.4200439453125
2026-07-25 07:40:00+00:00,1193.44,157.45,1459.4200439453125
2026-07-25 07:45:00+00:00,1193.33,157.4,1459.4200439453125
2026-07-25 07:50:00+00:00,1193.58,157.5,1459.4200439453125
2026-07-25 07:55:00+00:00,1193.2,157.38,1459.4200439453125
2026-07-25 08:00:00+00:00,1194.49,157.53,1459.4200439453125
2026-07-25 08:05:00+00:00,1194.82,157.55,1459.4200439453125
2026-07-25 08:10:00+00:00,1194.95,157.47,1459.4200439453125
2026-07-25 08:15:00+00:00,1196.24,157.58,1459.4200439453125
2026-07-25 08:20:00+00:00,1195.71,157.5,1459.4200439453125
2026-07-25 08:25:00+00:00,1195.65,157.45,1459.4200439453125
2026-07-25 08:30:00+00:00,1195.62,157.41,1459.4200439453125
2026-07-25 08:35:00+00:00,1194.99,157.38,1459.4200439453125
2026-07-25 08:40:00+00:00,1195.5,157.42,1459.4200439453125
2026-07-25 08:45:00+00:00,1195.43,157.46,1459.4200439453125
2026-07-25 08:50:00+00:00,1194.86,157.44,1459.4200439453125
2026-07-25 08:55:00+00:00,1194.95,157.39,1459.4200439453125
2026-07-25 09:00:00+00:00,1194.34,157.38,1459.4200439453125
2026-07-25 09:05:00+00:00,1194.58,157.41,1459.4200439453125
2026-07-25 09:10:00+00:00,1194.84,157.47,1459.4200439453125
2026-07-25 09:15:00+00:00,1196.47,157.56,1459.4200439453125
2026-07-25 09:20:00+00:00,1197.19,157.58,1459.4200439453125
2026-07-25 09:25:00+00:00,1197.49,157.47,1459.4200439453125
2026-07-25 09:30:00+00:00,1195.21,157.17,1459.4200439453125
2026-07-25 09:35:00+00:00,1195.93,157.16,1459.4200439453125
2026-07-25 09:40:00+00:00,1196.46,157.25,1459.4200439453125
2026-07-25 09:45:00+00:00,1196.2,157.32,1459.4200439453125
2026-07-25 09:50:00+00:00,1196.12,157.33,1459.4200439453125
2026-07-25 09:55:00+00:00,1198.78,157.48,1459.4200439453125
2026-07-25 10:00:00+00:00,1200.01,157.72,1459.4200439453125
2026-07-25 10:05:00+00:00,1200.2,157.6,1459.4200439453125
2026-07-25 10:10:00+00:00,1200.75,157.73,1459.4200439453125
2026-07-25 10:15:00+00:00,1200.7,157.77,1459.4200439453125
2026-07-25 10:20:00+00:00,1199.03,157.73,1459.4200439453125
2026-07-25 10:25:00+00:00,1199.93,157.74,1459.4200439453125
2026-07-25 10:30:00+00:00,1200.51,157.84,1459.4200439453125
2026-07-25 10:35:00+00:00,1198.38,157.75,1459.4200439453125
2026-07-25 10:40:00+00:00,1198.83,157.75,1459.4200439453125
2026-07-25 10:45:00+00:00,1198.85,157.78,1459.4200439453125
2026-07-25 10:50:00+00:00,1199.21,157.85,1459.4200439453125
2026-07-25 10:55:00+00:00,1198.42,157.73,1459.4200439453125
2026-07-25 11:00:00+00:00,1198.7,157.81,1459.4200439453125
2026-07-25 11:05:00+00:00,1199.05,157.82,1459.4200439453125
2026-07-25 11:10:00+00:00,1199.46,157.83,1459.4200439453125
2026-07-25 11:15:00+00:00,1199.43,157.84,1459.4200439453125
2026-07-25 11:20:00+00:00,1199.85,157.87,1459.4200439453125
2026-07-25 11:25:00+00:00,1200.09,157.89,1459.4200439453125
2026-07-25 11:30:00+00:00,1200.37,157.78,1459.4200439453125
2026-07-25 11:35:00+00:00,1200.17,157.83,1459.4200439453125
2026-07-25 11:40:00+00:00,1199.77,157.74,1459.4200439453125
2026-07-25 11:45:00+00:00,1200.2,157.8,1459.4200439453125
2026-07-25 11:50:00+00:00,1200.51,157.85,1459.4200439453125
2026-07-25 11:55:00+00:00,1201.75,157.9,1459.4200439453125
2026-07-25 12:00:00+00:00,1205.65,158.23,1459.4200439453125
2026-07-25 12:05:00+00:00,1205.85,158.25,1459.4200439453125
2026-07-25 12:10:00+00:00,1206.27,158.28,1459.4200439453125
2026-07-25 12:15:00+00:00,1206.85,158.37,1459.4200439453125
2026-07-25 12:20:00+00:00,1206.18,158.4,1459.4200439453125
2026-07-25 12:25:00+00:00,1206.08,158.32,1459.4200439453125
2026-07-25 12:30:00+00:00,1204.51,158.17,1459.4200439453125
2026-07-25 12:35:00+00:00,1203.86,158.06,1459.4200439453125
2026-07-25 12:40:00+00:00,1205.1,158.28,1459.4200439453125
2026-07-25 12:45:00+00:00,1204.61,158.27,1459.4200439453125
2026-07-25 12:50:00+00:00,1204.79,158.27,1459.4200439453125
2026-07-25 12:55:00+00:00,1204.91,158.22,1459.4200439453125
2026-07-25 13:00:00+00:00,1205.17,158.22,1459.4200439453125
2026-07-25 13:05:00+00:00,1205.35,158.28,1459.4200439453125
2026-07-25 13:10:00+00:00,1205.76,158.28,1459.4200439453125
2026-07-25 13:15:00+00:00,1205.37,158.27,1459.4200439453125
2026-07-25 13:20:00+00:00,1204.6,158.24,1459.4200439453125
2026-07-25 13:25:00+00:00,1204.12,158.18,1459.4200439453125
2026-07-25 13:30:00+00:00,1203.59,158.23,1459.4200439453125
2026-07-25 13:35:00+00:00,1203.16,158.26,1459.4200439453125
2026-07-25 13:40:00+00:00,1204.59,158.41,1459.4200439453125
2026-07-25 13:45:00+00:00,1202.81,158.27,1459.4200439453125
2026-07-25 13:50:00+00:00,1201.58,158.14,1459.4200439453125
2026-07-25 13:55:00+00:00,1200.96,158.16,1459.4200439453125
2026-07-25 14:00:00+00:00,1198.31,157.74,1459.4200439453125
2026-07-25 14:05:00+00:00,1199.72,157.71,1459.4200439453125
2026-07-25 14:10:00+00:00,1198.52,157.59,1459.4200439453125
2026-07-25 14:15:00+00:00,1199.5,157.7,1459.4200439453125
2026-07-25 14:20:00+00:00,1200.29,157.72,1459.4200439453125
2026-07-25 14:25:00+00:00,1200.25,157.74,1459.4200439453125
2026-07-25 14:30:00+00:00,1200.06,157.72,1459.4200439453125
2026-07-25 14:35:00+00:00,1200.4,157.8,1459.4200439453125
2026-07-25 14:40:00+00:00,1200.37,157.89,1459.4200439453125
2026-07-25 14:45:00+00:00,1200.16,157.86,1459.4200439453125
2026-07-25 14:50:00+00:00,1200.42,157.92,1459.4200439453125
2026-07-25 14:55:00+00:00,1200.43,157.93,1459.4200439453125
2026-07-25 15:00:00+00:00,1200.49,157.89,1459.4200439453125
2026-07-25 15:05:00+00:00,1202.26,157.94,1459.4200439453125
2026-07-25 15:10:00+00:00,1201.68,157.92,1459.4200439453125
2026-07-25 15:15:00+00:00,1203.19,157.89,1459.4200439453125
2026-07-25 15:20:00+00:00,1202.92,157.88,1459.4200439453125
2026-07-25 15:25:00+00:00,1203.04,157.87,1459.4200439453125
2026-07-25 15:30:00+00:00,1201.25,157.82,1459.4200439453125
2026-07-25 15:35:00+00:00,1201.67,157.83,1459.4200439453125
2026-07-25 15:40:00+00:00,1202.29,157.89,1459.4200439453125
2026-07-25 15:45:00+00:00,1201.94,157.91,1459.4200439453125
2026-07-25 15:50:00+00:00,1201.37,157.88,1459.4200439453125
2026-07-25 15:55:00+00:00,1201.32,157.9,1459.4200439453125
2026-07-25 16:00:00+00:00,1202.18,157.95,1459.4200439453125
2026-07-25 16:05:00+00:00,1202.9,157.91,1459.4200439453125
2026-07-25 16:10:00+00:00,1203.63,158.09,1459.4200439453125
2026-07-25 16:15:00+00:00,1203.95,158.2,1459.4200439453125
2026-07-25 16:20:00+00:00,1204.51,158.26,1459.4200439453125
2026-07-25 16:25:00+00:00,1203.9,158.25,1459.4200439453125
2026-07-25 16:30:00+00:00,1205.74,158.43,1459.4200439453125
2026-07-25 16:35:00+00:00,1210.8,158.7,1459.4200439453125
2026-07-25 16:40:00+00:00,1209.47,158.76,1459.4200439453125
2026-07-25 16:45:00+00:00,1208.33,158.55,1459.4200439453125
2026-07-25 16:50:00+00:00,1208.22,158.63,1459.4200439453125
2026-07-25 16:55:00+00:00,1208.38,158.69,1459.4200439453125
2026-07-25 17:00:00+00:00,1208.71,158.71,1459.4200439453125
2026-07-25 17:05:00+00:00,1209.86,158.89,1459.4200439453125
2026-07-25 17:10:00+00:00,1210.65,158.81,1459.4200439453125
2026-07-25 17:15:00+00:00,1211.44,158.8,1459.4200439453125
2026-07-25 17:20:00+00:00,1210.68,158.92,1459.4200439453125
2026-07-25 17:25:00+00:00,1210.21,158.9,1459.4200439453125
2026-07-25 17:30:00+00:00,1210.07,158.84,1459.4200439453125
2026-07-25 17:35:00+00:00,1211.82,158.94,1459.4200439453125
2026-07-25 17:40:00+00:00,1212.31,158.94,1459.4200439453125
2026-07-25 17:45:00+00:00,1212.38,159.09,1459.4200439453125
2026-07-25 17:50:00+00:00,1213.31,158.94,1459.4200439453125
2026-07-25 17:55:00+00:00,1213.21,158.95,1459.4200439453125
2026-07-25 18:00:00+00:00,1213.64,158.98,1459.4200439453125
2026-07-25 18:05:00+00:00,1212.12,158.92,1459.4200439453125
2026-07-25 18:10:00+00:00,1213.75,158.97,1459.4200439453125
2026-07-25 18:15:00+00:00,1214.79,159.04,1459.4200439453125
2026-07-25 18:20:00+00:00,1215.04,159.07,1459.4200439453125
2026-07-25 18:25:00+00:00,1215.04,159.08,1459.4200439453125
2026-07-25 18:30:00+00:00,1217.93,159.19,1459.4200439453125
2026-07-25 18:35:00+00:00,1214.7,159.19,1459.4200439453125
2026-07-25 18:40:00+00:00,1213.43,159.0,1459.4200439453125
2026-07-25 18:45:00+00:00,1214.68,159.04,1459.4200439453125
2026-07-25 18:50:00+00:00,1214.37,159.03,1459.4200439453125
2026-07-25 18:55:00+00:00,1213.37,158.93,1459.4200439453125
2026-07-25 19:00:00+00:00,1213.42,158.93,1459.4200439453125
2026-07-25 19:05:00+00:00,1213.38,158.86,1459.4200439453125
2026-07-25 19:10:00+00:00,1215.92,159.05,1459.4200439453125
2026-07-25 19:15:00+00:00,1217.68,159.21,1459.4200439453125
2026-07-25 19:20:00+00:00,1218.36,159.25,1459.4200439453125
2026-07-25 19:25:00+00:00,1217.06,159.14,1459.4200439453125
2026-07-25 19:30:00+00:00,1218.16,159.23,1459.4200439453125
2026-07-25 19:35:00+00:00,1217.48,159.2,1459.4200439453125
2026-07-25 19:40:00+00:00,1217.34,159.15,1459.4200439453125
2026-07-25 19:45:00+00:00,1218.24,159.26,1459.4200439453125
2026-07-25 19:50:00+00:00,1218.41,159.28,1459.4200439453125
2026-07-25 19:55:00+00:00,1218.76,159.29,1459.4200439453125
2026-07-25 20:00:00+00:00,1219.14,159.28,1459.4200439453125
2026-07-25 20:05:00+00:00,1218.97,159.27,1459.4200439453125
2026-07-25 20:10:00+00:00,1219.27,159.31,1459.4200439453125
2026-07-25 20:15:00+00:00,1220.95,159.47,1459.4200439453125
2026-07-25 20:20:00+00:00,1221.46,159.48,1459.4200439453125
2026-07-25 20:25:00+00:00,1221.48,159.48,1459.4200439453125
2026-07-25 20:30:00+00:00,1221.55,159.51,1459.4200439453125
2026-07-25 20:35:00+00:00,1221.36,159.51,1459.4200439453125
2026-07-25 20:40:00+00:00,1221.65,159.5,1459.4200439453125
2026-07-25 20:45:00+00:00,1221.87,159.49,1459.4200439453125
2026-07-25 20:50:00+00:00,1221.83,159.48,1459.4200439453125
2026-07-25 20:55:00+00:00,1219.23,159.27,1459.4200439453125
2026-07-25 21:00:00+00:00,1218.04,159.1,1459.4200439453125
2026-07-25 21:05:00+00:00,1219.64,159.32,1459.4200439453125
2026-07-25 21:10:00+00:00,1220.65,159.3,1459.4200439453125
2026-07-25 21:15:00+00:00,1221.49,159.44,1459.4200439453125
2026-07-25 21:20:00+00:00,1221.2,159.45,1459.4200439453125
2026-07-25 21:25:00+00:00,1220.82,159.44,1459.4200439453125
2026-07-25 21:30:00+00:00,1220.36,159.45,1459.4200439453125
2026-07-25 21:35:00+00:00,1219.92,159.39,1459.4200439453125
2026-07-25 21:40:00+00:00,1219.19,159.23,1459.4200439453125
2026-07-25 21:45:00+00:00,1219.49,159.28,1459.4200439453125
2026-07-25 21:50:00+00:00,1219.85,159.37,1459.4200439453125
2026-07-25 21:55:00+00:00,1219.8,159.32,1459.4200439453125
2026-07-25 22:00:00+00:00,1219.95,159.46,1459.4200439453125
2026-07-25 22:05:00+00:00,1220.17,159.48,1459.4200439453125
2026-07-25 22:10:00+00:00,1220.31,159.56,1459.4200439453125
2026-07-25 22:15:00+00:00,1220.83,159.59,1459.4200439453125
2026-07-25 22:20:00+00:00,1220.7,159.61,1459.4200439453125
2026-07-25 22:25:00+00:00,1220.4,159.57,1459.4200439453125
2026-07-25 22:30:00+00:00,1221.35,159.64,1459.4200439453125
2026-07-25 22:35:00+00:00,1221.91,159.62,1459.4200439453125
2026-07-25 22:40:00+00:00,1222.17,159.64,1459.4200439453125
2026-07-25 22:45:00+00:00,1222.19,159.62,1459.4200439453125
2026-07-25 22:50:00+00:00,1222.03,159.6,1459.4200439453125
2026-07-25 22:55:00+00:00,1222.82,159.6,1459.4200439453125
2026-07-25 23:00:00+00:00,1222.79,159.66,1459.4200439453125
2026-07-25 23:05:00+00:00,1222.88,159.66,1459.4200439453125
2026-07-25 23:10:00+00:00,1223.24,159.63,1459.4200439453125
2026-07-25 23:15:00+00:00,1223.59,159.69,1459.4200439453125
2026-07-25 23:20:00+00:00,1223.9,159.74,1459.4200439453125
2026-07-25 23:25:00+00:00,1224.28,159.8,1459.4200439453125
2026-07-25 23:30:00+00:00,1224.62,159.86,1459.4200439453125
2026-07-25 23:35:00+00:00,1226.02,159.94,1459.4200439453125
2026-07-25 23:40:00+00:00,1225.7,159.95,1459.4200439453125
2026-07-25 23:45:00+00:00,1226.26,160.01,1459.4200439453125
2026-07-25 23:50:00+00:00,1226.45,159.98,1459.4200439453125
2026-07-25 23:55:00+00:00,1226.64,159.97,1459.4200439453125
2026-07-26 00:00:00+00:00,1225.81,159.96,1459.4200439453125
2026-07-26 00:05:00+00:00,1224.37,159.77,1459.4200439453125
2026-07-26 00:10:00+00:00,1224.0,159.81,1459.4200439453125
2026-07-26 00:15:00+00:00,1223.73,159.74,1459.4200439453125
2026-07-26 00:20:00+00:00,1223.56,159.6,1459.4200439453125
2026-07-26 00:25:00+00:00,1221.26,159.36,1459.4200439453125
2026-07-26 00:30:00+00:00,1219.91,159.23,1459.4200439453125
2026-07-26 00:35:00+00:00,1220.8,159.31,1459.4200439453125
2026-07-26 00:40:00+00:00,1220.05,159.2,1459.4200439453125
2026-07-26 00:45:00+00:00,1219.32,159.02,1459.4200439453125
2026-07-26 00:50:00+00:00,1218.86,159.19,1459.4200439453125
2026-07-26 00:55:00+00:00,1218.63,159.19,1459.4200439453125
2026-07-26 01:00:00+00:00,1220.21,159.41,1459.4200439453125
2026-07-26 01:05:00+00:00,1219.81,159.37,1459.4200439453125
2026-07-26 01:10:00+00:00,1221.03,159.49,1459.4200439453125
2026-07-26 01:15:00+00:00,1222.87,159.81,1459.4200439453125
2026-07-26 01:20:00+00:00,1225.62,159.83,1459.4200439453125
2026-07-26 01:25:00+00:00,1231.3,160.44,1459.4200439453125
2026-07-26 01:30:00+00:00,1230.94,160.39,1459.4200439453125
2026-07-26 01:35:00+00:00,1229.05,160.33,1459.4200439453125
2026-07-26 01:40:00+00:00,1227.39,160.27,1459.4200439453125
2026-07-26 01:45:00+00:00,1227.5,160.2,1459.4200439453125
2026-07-26 01:50:00+00:00,1227.0,160.17,1459.4200439453125
2026-07-26 01:55:00+00:00,1226.79,160.16,1459.4200439453125
2026-07-26 02:00:00+00:00,1225.81,160.11,1459.4200439453125
2026-07-26 02:05:00+00:00,1228.08,160.31,1459.4200439453125
2026-07-26 02:10:00+00:00,1227.92,160.24,1459.4200439453125
2026-07-26 02:15:00+00:00,1228.46,160.34,1459.4200439453125
2026-07-26 02:20:00+00:00,1229.55,160.6,1459.4200439453125
2026-07-26 02:25:00+00:00,1228.77,160.5,1459.4200439453125
2026-07-26 02:30:00+00:00,1227.34,160.4,1459.4200439453125
2026-07-26 02:35:00+00:00,1227.5,160.55,1459.4200439453125
2026-07-26 02:40:00+00:00,1228.32,160.64,1459.4200439453125
2026-07-26 02:45:00+00:00,1227.77,160.63,1459.4200439453125
2026-07-26 02:50:00+00:00,1227.86,160.65,1459.4200439453125
2026-07-26 02:55:00+00:00,1227.87,160.76,1459.4200439453125
2026-07-26 03:00:00+00:00,1228.52,160.85,1459.4200439453125
2026-07-26 03:05:00+00:00,1227.64,160.85,1459.4200439453125
2026-07-26 03:10:00+00:00,1228.3,161.0,1459.4200439453125
2026-07-26 03:15:00+00:00,1229.74,161.08,1459.4200439453125
2026-07-26 03:20:00+00:00,1229.7,161.12,1459.4200439453125
2026-07-26 03:25:00+00:00,1230.36,161.23,1459.4200439453125
2026-07-26 03:30:00+00:00,1232.8,161.36,1459.4200439453125
2026-07-26 03:35:00+00:00,1233.11,161.7,1459.4200439453125
2026-07-26 03:40:00+00:00,1232.21,161.65,1459.4200439453125
2026-07-26 03:45:00+00:00,1232.8,161.7,1459.4200439453125
2026-07-26 03:50:00+00:00,1230.77,161.42,1459.4200439453125
2026-07-26 03:55:00+00:00,1229.58,161.36,1459.4200439453125
2026-07-26 04:00:00+00:00,1231.26,161.54,1459.4200439453125
2026-07-26 04:05:00+00:00,1231.29,161.65,1459.4200439453125
2026-07-26 04:10:00+00:00,1231.33,161.65,1459.4200439453125
2026-07-26 04:15:00+00:00,1233.74,161.92,1459.4200439453125
2026-07-26 04:20:00+00:00,1236.26,162.21,1459.4200439453125
2026-07-26 04:25:00+00:00,1236.8,162.38,1459.4200439453125
2026-07-26 04:30:00+00:00,1233.91,162.05,1459.4200439453125
2026-07-26 04:35:00+00:00,1234.47,162.0,1459.4200439453125
2026-07-26 04:40:00+00:00,1233.73,161.97,1459.4200439453125
2026-07-26 04:45:00+00:00,1233.89,161.92,1459.4200439453125
2026-07-26 04:50:00+00:00,1235.04,162.13,1459.4200439453125
2026-07-26 04:55:00+00:00,1234.43,162.03,1459.4200439453125
2026-07-26 05:00:00+00:00,1232.81,161.53,1459.4200439453125
2026-07-26 05:05:00+00:00,1233.61,161.49,1459.4200439453125
2026-07-26 05:10:00+00:00,1231.86,161.35,1459.4200439453125
2026-07-26 05:15:00+00:00,1231.63,161.15,1459.4200439453125
2026-07-26 05:20:00+00:00,1231.06,161.09,1459.4200439453125
2026-07-26 05:25:00+00:00,1228.38,160.64,1459.4200439453125
2026-07-26 05:30:00+00:00,1229.12,160.63,1459.4200439453125
2026-07-26 05:35:00+00:00,1229.92,160.71,1459.4200439453125
2026-07-26 05:40:00+00:00,1230.22,160.83,1459.4200439453125
2026-07-26 05:45:00+00:00,1230.68,160.99,1459.4200439453125
2026-07-26 05:50:00+00:00,1232.57,161.27,1459.4200439453125
2026-07-26 05:55:00+00:00,1232.5,161.27,1459.4200439453125
2026-07-26 06:00:00+00:00,1232.92,161.37,1459.4200439453125
2026-07-26 06:05:00+00:00,1232.87,161.44,1459.4200439453125
2026-07-26 06:10:00+00:00,1232.04,161.3,1459.4200439453125
2026-07-26 06:15:00+00:00,1232.2,161.33,1459.4200439453125
2026-07-26 06:20:00+00:00,1232.54,161.32,1459.4200439453125
2026-07-26 06:25:00+00:00,1232.52,161.26,1459.4200439453125
2026-07-26 06:30:00+00:00,1233.09,161.39,1459.4200439453125
2026-07-26 06:35:00+00:00,1232.12,161.27,1459.4200439453125
2026-07-26 06:40:00+00:00,1232.09,161.28,1459.4200439453125
2026-07-26 06:45:00+00:00,1233.76,161.49,1459.4200439453125
2026-07-26 06:50:00+00:00,1236.27,161.67,1459.4200439453125
2026-07-26 06:55:00+00:00,1234.48,161.53,1459.4200439453125
2026-07-26 07:00:00+00:00,1235.25,161.56,1459.4200439453125
2026-07-26 07:05:00+00:00,1231.02,161.45,1459.4200439453125
2026-07-26 07:10:00+00:00,1230.29,161.4,1459.4200439453125
2026-07-26 07:15:00+00:00,1229.43,161.31,1459.4200439453125
2026-07-26 07:20:00+00:00,1228.25,161.31,1459.4200439453125
2026-07-26 07:25:00+00:00,1226.66,161.18,1459.4200439453125
2026-07-26 07:30:00+00:00,1227.32,161.19,1459.4200439453125
2026-07-26 07:35:00+00:00,1227.53,161.18,1459.4200439453125
2026-07-26 07:40:00+00:00,1227.06,161.01,1459.4200439453125
2026-07-26 07:45:00+00:00,1225.79,160.67,1459.4200439453125
2026-07-26 07:50:00+00:00,1225.52,160.73,1459.4200439453125
2026-07-26 07:55:00+00:00,1224.8,160.8,1459.4200439453125
2026-07-26 08:00:00+00:00,1224.69,160.85,1459.4200439453125
2026-07-26 08:05:00+00:00,1224.43,160.76,1459.4200439453125
2026-07-26 08:10:00+00:00,1222.04,160.53,1459.4200439453125
2026-07-26 08:15:00+00:00,1221.03,160.41,1459.4200439453125
2026-07-26 08:20:00+00:00,1220.75,160.53,1459.4200439453125
2026-07-26 08:25:00+00:00,1220.25,160.53,1459.4200439453125
2026-07-26 08:30:00+00:00,1219.4,160.45,1459.4200439453125
2026-07-26 08:35:00+00:00,1216.16,160.21,1459.4200439453125
2026-07-26 08:40:00+00:00,1217.85,160.39,1459.4200439453125
2026-07-26 08:45:00+00:00,1219.54,160.52,1459.4200439453125
2026-07-26 08:50:00+00:00,1223.24,160.94,1459.4200439453125
2026-07-26 08:55:00+00:00,1222.75,161.0,1459.4200439453125
2026-07-26 09:00:00+00:00,1219.23,160.69,1459.4200439453125
2026-07-26 09:05:00+00:00,1213.87,160.41,1459.4200439453125
2026-07-26 09:10:00+00:00,1217.37,160.59,1459.4200439453125
2026-07-26 09:15:00+00:00,1219.71,160.78,1459.4200439453125
2026-07-26 09:20:00+00:00,1218.85,160.77,1459.4200439453125
2026-07-26 09:25:00+00:00,1218.79,160.73,1459.4200439453125
2026-07-26 09:30:00+00:00,1219.22,160.74,1459.4200439453125
2026-07-26 09:35:00+00:00,1220.65,160.81,1459.4200439453125
2026-07-26 09:40:00+00:00,1221.47,160.83,1459.4200439453125
2026-07-26 09:45:00+00:00,1221.49,160.74,1459.4200439453125
2026-07-26 09:50:00+00:00,1222.05,160.82,1459.4200439453125
2026-07-26 09:55:00+00:00,1224.05,161.04,1459.4200439453125
2026-07-26 10:00:00+00:00,1226.04,161.31,1459.4200439453125
2026-07-26 10:05:00+00:00,1226.0,161.22,1459.4200439453125
2026-07-26 10:10:00+00:00,1226.83,161.49,1459.4200439453125
2026-07-26 10:15:00+00:00,1228.01,161.53,1459.4200439453125
2026-07-26 10:20:00+00:00,1228.13,161.55,1459.4200439453125
2026-07-26 10:25:00+00:00,1228.27,161.57,1459.4200439453125
2026-07-26 10:30:00+00:00,1228.51,161.65,1459.4200439453125
2026-07-26 10:35:00+00:00,1228.01,161.64,1459.4200439453125
2026-07-26 10:40:00+00:00,1228.35,161.65,1459.4200439453125
2026-07-26 10:45:00+00:00,1227.79,161.64,1459.4200439453125
2026-07-26 10:50:00+00:00,1228.38,161.69,1459.4200439453125
2026-07-26 10:55:00+00:00,1228.55,161.85,1459.4200439453125
2026-07-26 11:00:00+00:00,1228.72,161.89,1459.4200439453125
2026-07-26 11:05:00+00:00,1227.44,161.65,1459.4200439453125
2026-07-26 11:10:00+00:00,1226.42,161.57,1459.4200439453125
2026-07-26 11:15:00+00:00,1225.84,161.56,1459.4200439453125
2026-07-26 11:20:00+00:00,1228.75,161.8,1459.4200439453125
2026-07-26 11:25:00+00:00,1228.92,161.72,1459.4200439453125
2026-07-26 11:30:00+00:00,1229.32,161.73,1459.4200439453125
2026-07-26 11:35:00+00:00,1229.22,161.77,1459.4200439453125
2026-07-26 11:40:00+00:00,1229.3,161.78,1459.4200439453125
2026-07-26 11:45:00+00:00,1227.88,161.76,1459.4200439453125
2026-07-26 11:50:00+00:00,1228.27,161.75,1459.4200439453125
2026-07-26 11:55:00+00:00,1227.92,161.68,1459.4200439453125
2026-07-26 12:00:00+00:00,1226.91,161.55,1459.4200439453125
2026-07-26 12:05:00+00:00,1227.86,161.66,1459.4200439453125
2026-07-26 12:10:00+00:00,1228.47,161.68,1459.4200439453125
2026-07-26 12:15:00+00:00,1226.44,161.39,1459.4200439453125
2026-07-26 12:20:00+00:00,1222.45,161.09,1459.4200439453125
2026-07-26 12:25:00+00:00,1222.4,161.09,1459.4200439453125
2026-07-26 12:30:00+00:00,1223.27,161.13,1459.4200439453125
2026-07-26 12:35:00+00:00,1223.47,161.2,1459.4200439453125
2026-07-26 12:40:00+00:00,1222.4,161.12,1459.4200439453125
2026-07-26 12:45:00+00:00,1220.91,160.94,1459.4200439453125
2026-07-26 12:50:00+00:00,1221.67,161.1,1459.4200439453125
2026-07-26 12:55:00+00:00,1223.32,161.23,1459.4200439453125
2026-07-26 13:00:00+00:00,1221.98,161.16,1459.4200439453125
2026-07-26 13:05:00+00:00,1223.14,161.31,1459.4200439453125
2026-07-26 13:10:00+00:00,1222.58,161.26,1459.4200439453125
2026-07-26 13:15:00+00:00,1224.15,161.45,1459.4200439453125
2026-07-26 13:20:00+00:00,1224.66,161.48,1459.4200439453125
2026-07-26 13:25:00+00:00,1224.67,161.48,1459.4200439453125
2026-07-26 13:30:00+00:00,1224.02,161.36,1459.4200439453125
2026-07-26 13:35:00+00:00,1223.65,161.24,1459.4200439453125
2026-07-26 13:40:00+00:00,1224.29,161.33,1459.4200439453125
2026-07-26 13:45:00+00:00,1224.43,161.33,1459.4200439453125
2026-07-26 13:50:00+00:00,1224.35,161.4,1459.4200439453125
2026-07-26 13:55:00+00:00,1225.04,161.51,1459.4200439453125
2026-07-26 14:00:00+00:00,1226.14,161.71,1459.4200439453125
2026-07-26 14:05:00+00:00,1227.28,161.83,1459.4200439453125
2026-07-26 14:10:00+00:00,1225.84,161.77,1459.4200439453125
2026-07-26 14:15:00+00:00,1225.02,161.56,1459.4200439453125
2026-07-26 14:20:00+00:00,1224.42,161.59,1459.4200439453125
2026-07-26 14:25:00+00:00,1223.55,161.49,1459.4200439453125
2026-07-26 14:30:00+00:00,1222.79,161.47,1459.4200439453125
2026-07-26 14:35:00+00:00,1223.7,161.44,1459.4200439453125
2026-07-26 14:40:00+00:00,1222.09,161.46,1459.4200439453125
2026-07-26 14:45:00+00:00,1223.17,161.55,1459.4200439453125
2026-07-26 14:50:00+00:00,1221.88,161.36,1459.4200439453125
2026-07-26 14:55:00+00:00,1221.35,161.33,1459.4200439453125
2026-07-26 15:00:00+00:00,1220.76,161.24,1459.4200439453125
2026-07-26 15:05:00+00:00,1220.9,161.3,1459.4200439453125
2026-07-26 15:10:00+00:00,1221.42,161.31,1459.4200439453125
2026-07-26 15:15:00+00:00,1224.5,161.58,1459.4200439453125
2026-07-26 15:20:00+00:00,1225.0,161.54,1459.4200439453125
2026-07-26 15:25:00+00:00,1224.27,161.5,1459.4200439453125
2026-07-26 15:30:00+00:00,1223.66,161.43,1459.4200439453125
2026-07-26 15:35:00+00:00,1224.57,161.51,1459.4200439453125
2026-07-26 15:40:00+00:00,1224.06,161.48,1459.4200439453125
2026-07-26 15:45:00+00:00,1222.65,161.38,1459.4200439453125
2026-07-26 15:50:00+00:00,1222.32,161.38,1459.4200439453125
2026-07-26 15:55:00+00:00,1223.29,161.45,1459.4200439453125
2026-07-26 16:00:00+00:00,1223.1,161.43,1459.4200439453125
2026-07-26 16:05:00+00:00,1222.77,161.31,1459.4200439453125
2026-07-26 16:10:00+00:00,1221.92,161.3,1459.4200439453125
2026-07-26 16:15:00+00:00,1222.99,161.45,1459.4200439453125
2026-07-26 16:20:00+00:00,1222.91,161.49,1459.4200439453125
2026-07-26 16:25:00+00:00,1224.64,161.67,1459.4200439453125
2026-07-26 16:30:00+00:00,1225.65,161.8,1459.4200439453125
2026-07-26 16:35:00+00:00,1225.28,161.68,1459.4200439453125
2026-07-26 16:40:00+00:00,1224.52,161.56,1459.4200439453125
2026-07-26 16:45:00+00:00,1224.14,161.56,1459.4200439453125
2026-07-26 16:50:00+00:00,1224.18,161.53,1459.4200439453125
2026-07-26 16:55:00+00:00,1224.39,161.58,1459.4200439453125
2026-07-26 17:00:00+00:00,1223.48,161.62,1459.4200439453125
2026-07-26 17:05:00+00:00,1223.39,161.63,1459.4200439453125
2026-07-26 17:10:00+00:00,1223.25,161.66,1459.4200439453125
2026-07-26 17:15:00+00:00,1223.3,161.62,1459.4200439453125
2026-07-26 17:20:00+00:00,1222.56,161.57,1459.4200439453125
2026-07-26 17:25:00+00:00,1222.47,161.59,1459.4200439453125
2026-07-26 17:30:00+00:00,1222.98,161.55,1459.4200439453125
2026-07-26 17:35:00+00:00,1223.1,161.5,1459.4200439453125
2026-07-26 17:40:00+00:00,1224.54,161.63,1459.4200439453125
2026-07-26 17:45:00+00:00,1224.45,161.66,1459.4200439453125
2026-07-26 17:50:00+00:00,1224.18,161.62,1459.4200439453125
2026-07-26 17:55:00+00:00,1224.19,161.63,1459.4200439453125
2026-07-26 18:00:00+00:00,1224.57,161.61,1459.4200439453125
2026-07-26 18:05:00+00:00,1225.04,161.72,1459.4200439453125
2026-07-26 18:10:00+00:00,1225.85,161.73,1459.4200439453125
2026-07-26 18:15:00+00:00,1223.97,161.55,1459.4200439453125
2026-07-26 18:20:00+00:00,1224.06,161.55,1459.4200439453125
2026-07-26 18:25:00+00:00,1223.77,161.55,1459.4200439453125
2026-07-26 18:30:00+00:00,1224.61,161.61,1459.4200439453125
2026-07-26 18:35:00+00:00,1225.14,161.64,1459.4200439453125
2026-07-26 18:40:00+00:00,1224.55,161.6,1459.4200439453125
2026-07-26 18:45:00+00:00,1224.78,161.6,1459.4200439453125
2026-07-26 18:50:00+00:00,1223.94,161.56,1459.4200439453125
2026-07-26 18:55:00+00:00,1224.21,161.56,1459.4200439453125
2026-07-26 19:00:00+00:00,1223.43,161.44,1459.4200439453125
2026-07-26 19:05:00+00:00,1224.09,161.48,1459.4200439453125
2026-07-26 19:10:00+00:00,1223.9,161.43,1459.4200439453125
2026-07-26 19:15:00+00:00,1224.73,161.49,1459.4200439453125
2026-07-26 19:20:00+00:00,1223.91,161.48,1459.4200439453125
2026-07-26 19:25:00+00:00,1222.56,161.33,1459.4200439453125
2026-07-26 19:30:00+00:00,1222.74,161.33,1459.4200439453125
2026-07-26 19:35:00+00:00,1222.71,161.35,1459.4200439453125
2026-07-26 19:40:00+00:00,1223.12,161.38,1459.4200439453125
2026-07-26 19:45:00+00:00,1222.15,161.32,1459.4200439453125
2026-07-26 19:50:00+00:00,1221.56,161.24,1459.4200439453125
2026-07-26 19:55:00+00:00,1221.05,161.2,1459.4200439453125
2026-07-26 20:00:00+00:00,1220.49,160.86,1459.4200439453125
2026-07-26 20:05:00+00:00,1220.24,160.81,1459.4200439453125
2026-07-26 20:10:00+00:00,1220.02,160.77,1459.4200439453125
2026-07-26 20:15:00+00:00,1220.51,160.8,1459.4200439453125
2026-07-26 20:20:00+00:00,1220.94,160.82,1459.4200439453125
2026-07-26 20:25:00+00:00,1220.59,160.73,1459.4200439453125
2026-07-26 20:30:00+00:00,1220.05,160.68,1459.4200439453125
2026-07-26 20:35:00+00:00,1220.45,160.71,1459.4200439453125
2026-07-26 20:40:00+00:00,1220.68,160.68,1459.4200439453125
2026-07-26 20:45:00+00:00,1220.76,160.71,1459.4200439453125
2026-07-26 20:50:00+00:00,1220.85,160.74,1459.4200439453125
2026-07-26 20:55:00+00:00,1221.52,160.84,1459.4200439453125
2026-07-26 21:00:00+00:00,1221.01,160.85,1459.4200439453125
2026-07-26 21:05:00+00:00,1220.91,160.88,1459.4200439453125
2026-07-26 21:10:00+00:00,1220.65,160.86,1459.4200439453125
2026-07-26 21:15:00+00:00,1220.13,160.85,1459.4200439453125
2026-07-26 21:20:00+00:00,1221.44,160.99,1459.4200439453125
2026-07-26 21:25:00+00:00,1222.4,161.11,1459.4200439453125
2026-07-26 21:30:00+00:00,1221.74,161.0,1459.4200439453125
2026-07-26 21:35:00+00:00,1222.03,161.1,1459.4200439453125
2026-07-26 21:40:00+00:00,1222.02,161.09,1459.4200439453125
2026-07-26 21:45:00+00:00,1220.97,161.06,1459.4200439453125
2026-07-26 21:50:00+00:00,1221.2,161.09,1459.4200439453125
2026-07-26 21:55:00+00:00,1221.36,161.03,1459.4200439453125
2026-07-26 22:00:00+00:00,1231.66,162.75,1459.4200439453125
2026-07-26 22:05:00+00:00,1232.22,162.99,1459.4200439453125
2026-07-26 22:10:00+00:00,1232.83,163.08,1459.4200439453125
2026-07-26 22:15:00+00:00,1235.74,163.42,1459.4200439453125
2026-07-26 22:20:00+00:00,1240.85,163.34,1459.4200439453125
2026-07-26 22:25:00+00:00,1243.41,163.67,1459.4200439453125
2026-07-26 22:30:00+00:00,1244.49,163.49,1459.4200439453125
2026-07-26 22:35:00+00:00,1243.0,163.54,1459.4200439453125
2026-07-26 22:40:00+00:00,1240.87,163.37,1459.4200439453125
2026-07-26 22:45:00+00:00,1239.25,163.43,1459.4200439453125
2026-07-26 22:50:00+00:00,1238.09,163.27,1459.4200439453125
2026-07-26 22:55:00+00:00,1240.46,163.17,1459.4200439453125
2026-07-26 23:00:00+00:00,1255.18,164.43,1459.4200439453125
2026-07-26 23:05:00+00:00,1253.63,164.35,1459.4200439453125
2026-07-26 23:10:00+00:00,1250.69,163.84,1459.4200439453125
2026-07-26 23:15:00+00:00,1248.28,163.37,1459.4200439453125
2026-07-26 23:20:00+00:00,1247.3,163.25,1459.4200439453125
2026-07-26 23:25:00+00:00,1248.36,163.49,1459.4200439453125
2026-07-26 23:30:00+00:00,1245.3,163.57,1459.4200439453125
2026-07-26 23:35:00+00:00,1239.48,162.88,1459.4200439453125
2026-07-26 23:40:00+00:00,1248.6,163.84,1459.4200439453125
2026-07-26 23:45:00+00:00,1257.29,164.2,1459.4200439453125
2026-07-26 23:50:00+00:00,1254.1,163.85,1459.4200439453125
2026-07-26 23:55:00+00:00,1250.08,163.79,1459.4200439453125
2026-07-27 00:00:00+00:00,1223.75,161.23,1457.8800048828125
2026-07-27 00:05:00+00:00,1213.78,160.7,1459.47998046875
2026-07-27 00:10:00+00:00,1217.77,161.91,1458.97998046875
2026-07-27 00:15:00+00:00,1203.61,159.8,1460.0799560546875
2026-07-27 00:20:00+00:00,1218.56,161.64,1461.280029296875
2026-07-27 00:25:00+00:00,1221.39,161.75,1460.5799560546875
2026-07-27 00:30:00+00:00,1218.97,161.78,1460.9000244140625
2026-07-27 00:35:00+00:00,1213.37,160.87,1462.780029296875
2026-07-27 00:40:00+00:00,1210.63,160.61,1462.68994140625
2026-07-27 00:45:00+00:00,1218.81,161.34,1463.3900146484375
2026-07-27 00:50:00+00:00,1236.01,161.96,1463.81005859375
2026-07-27 00:55:00+00:00,1223.97,161.16,1464.8800048828125
2026-07-27 01:00:00+00:00,1212.94,160.1,1464.6199951171875
2026-07-27 01:05:00+00:00,1216.86,160.7,1463.530029296875
2026-07-27 01:10:00+00:00,1206.61,159.46,1463.47998046875
2026-07-27 01:15:00+00:00,1193.45,158.48,1463.3299560546875
2026-07-27 01:20:00+00:00,1189.42,158.03,1464.3599853515625
2026-07-27 01:25:00+00:00,1177.73,156.85,1464.550048828125
2026-07-27 01:30:00+00:00,1190.7,158.14,1464.8800048828125
2026-07-27 01:35:00+00:00,1195.33,158.71,1465.780029296875
2026-07-27 01:40:00+00:00,1192.09,158.35,1465.780029296875
2026-07-27 01:45:00+00:00,1193.92,158.58,1464.43994140625
2026-07-27 01:50:00+00:00,1186.28,157.67,1466.27001953125
2026-07-27 01:55:00+00:00,1198.15,159.26,1464.5999755859375
2026-07-27 02:00:00+00:00,1190.09,158.62,1466.4300537109375
2026-07-27 02:05:00+00:00,1191.52,158.88,1466.8800048828125
2026-07-27 02:10:00+00:00,1192.57,158.84,1467.280029296875
2026-07-27 02:15:00+00:00,1195.9,159.46,1467.780029296875
2026-07-27 02:20:00+00:00,1194.91,159.44,1467.8800048828125
2026-07-27 02:25:00+00:00,1204.99,160.39,1466.5799560546875
2026-07-27 02:30:00+00:00,1197.84,159.56,1466.47998046875
2026-07-27 02:35:00+00:00,1207.15,160.51,1466.0799560546875
2026-07-27 02:40:00+00:00,1206.04,160.31,1466.199951171875
2026-07-27 02:45:00+00:00,1200.77,159.88,1466.6199951171875
2026-07-27 02:50:00+00:00,1197.14,159.42,1466.7900390625
2026-07-27 02:55:00+00:00,1199.31,159.35,1465.1800537109375
2026-07-27 03:00:00+00:00,1202.47,159.61,1464.6099853515625
2026-07-27 03:05:00+00:00,1199.93,159.5,1464.699951171875
2026-07-27 03:10:00+00:00,1210.6,160.41,1466.0799560546875
2026-07-27 03:15:00+00:00,1216.73,160.81,1466.06005859375
2026-07-27 03:20:00+00:00,1214.2,160.49,1466.2900390625
2026-07-27 03:25:00+00:00,1211.79,160.3,1466.6800537109375
2026-07-27 03:30:00+00:00,1209.85,160.33,1465.06005859375
2026-07-27 03:35:00+00:00,1203.01,159.95,1466.5999755859375
2026-07-27 03:40:00+00:00,1204.74,160.13,1466.5799560546875
2026-07-27 03:45:00+00:00,1200.15,159.85,1466.0799560546875
2026-07-27 03:50:00+00:00,1197.6,159.54,1465.8900146484375
2026-07-27 03:55:00+00:00,1199.07,159.86,1466.030029296875
2026-07-27 04:00:00+00:00,1203.24,160.0,1466.0799560546875
2026-07-27 04:05:00+00:00,1202.09,159.69,1466.6600341796875
2026-07-27 04:10:00+00:00,1202.56,159.89,1465.8800048828125
2026-07-27 04:15:00+00:00,1207.93,160.35,1466.1800537109375
2026-07-27 04:20:00+00:00,1206.3,160.15,1466.9000244140625
2026-07-27 04:25:00+00:00,1204.57,159.98,1466.780029296875
2026-07-27 04:30:00+00:00,1206.7,160.21,1466.280029296875
2026-07-27 04:35:00+00:00,1207.73,160.34,1466.530029296875
2026-07-27 04:40:00+00:00,1213.75,160.78,1466.8599853515625
2026-07-27 04:45:00+00:00,1214.27,160.85,1466.8499755859375
2026-07-27 04:50:00+00:00,1219.0,161.4,1467.3800048828125
2026-07-27 04:55:00+00:00,1216.61,160.97,1466.8800048828125
2026-07-27 05:00:00+00:00,1216.45,161.14,1466.8800048828125
2026-07-27 05:05:00+00:00,1222.52,161.49,1466.8800048828125
2026-07-27 05:10:00+00:00,1225.97,162.43,1466.8800048828125
2026-07-27 05:15:00+00:00,1231.21,162.96,1466.760009765625
2026-07-27 05:20:00+00:00,1233.27,162.84,1466.77001953125
2026-07-27 05:25:00+00:00,1237.6,163.07,1465.97998046875
2026-07-27 05:30:00+00:00,1235.71,162.94,1465.1800537109375
2026-07-27 05:35:00+00:00,1235.41,162.96,1467.1800537109375
2026-07-27 05:40:00+00:00,1230.03,162.21,1467.0799560546875
2026-07-27 05:45:00+00:00,1227.02,161.87,1466.6800537109375
2026-07-27 05:50:00+00:00,1229.86,162.15,1466.47998046875
2026-07-27 05:55:00+00:00,1230.97,162.1,1466.4200439453125
2026-07-27 06:00:00+00:00,1234.66,162.67,1466.2900390625
2026-07-27 06:05:00+00:00,1243.23,163.36,1466.1199951171875
2026-07-27 06:10:00+00:00,1242.12,163.3,1464.800048828125
2026-07-27 06:15:00+00:00,1244.2,163.76,1467.5799560546875
2026-07-27 06:20:00+00:00,1239.38,163.43,1465.77001953125
2026-07-27 06:25:00+00:00,1237.51,163.3,1467.97998046875
2026-07-27 06:30:00+00:00,1237.8,163.46,1468.68994140625
2026-07-27 06:35:00+00:00,1237.86,163.5,1468.6800537109375
2026-07-27 06:40:00+00:00,1239.64,163.62,1469.27001953125
2026-07-27 06:45:00+00:00,1238.12,163.58,1469.280029296875
2026-07-27 06:50:00+00:00,1238.44,163.9,1468.989990234375
2026-07-27 06:55:00+00:00,1239.15,164.21,1469.219970703125
2026-07-27 07:00:00+00:00,1239.78,164.46,1469.3900146484375
2026-07-27 07:05:00+00:00,1237.81,164.07,1469.4599609375
2026-07-27 07:10:00+00:00,1239.92,164.0,1468.93994140625
2026-07-27 07:15:00+00:00,1237.22,163.71,1468.47998046875
2026-07-27 07:20:00+00:00,1236.51,163.33,1468.8199462890625
2026-07-27 07:25:00+00:00,1240.68,164.61,1466.8800048828125
2026-07-27 07:30:00+00:00,1241.38,164.31,1467.780029296875
2026-07-27 07:35:00+00:00,1239.61,164.02,1468.510009765625
2026-07-27 07:40:00+00:00,1240.73,164.42,1468.6800537109375
2026-07-27 07:45:00+00:00,1238.96,164.39,1469.31005859375
2026-07-27 07:50:00+00:00,1237.71,164.22,1469.1800537109375
2026-07-27 07:55:00+00:00,1236.45,163.99,1469.469970703125
2026-07-27 08:00:00+00:00,1237.4,163.85,1469.4100341796875
2026-07-27 08:05:00+00:00,1239.42,163.69,1469.3800048828125
2026-07-27 08:10:00+00:00,1238.1,163.26,1471.739990234375
2026-07-27 08:15:00+00:00,1238.04,163.26,1471.4300537109375
2026-07-27 08:20:00+00:00,1238.86,163.07,1470.97998046875
2026-07-27 08:25:00+00:00,1240.53,163.58,1470.7900390625
2026-07-27 08:30:00+00:00,1238.91,163.44,1470.6099853515625
2026-07-27 08:35:00+00:00,1239.55,163.34,1470.780029296875
2026-07-27 08:40:00+00:00,1239.4,163.16,1469.5799560546875
2026-07-27 08:45:00+00:00,1238.97,163.05,1469.47998046875
2026-07-27 08:50:00+00:00,1240.31,163.24,1468.97998046875
2026-07-27 08:55:00+00:00,1240.13,163.34,1469.219970703125
2026-07-27 09:00:00+00:00,1238.57,163.08,1469.1300048828125
2026-07-27 09:05:00+00:00,1238.59,162.97,1467.97998046875
2026-07-27 09:10:00+00:00,1239.24,163.42,1468.949951171875
2026-07-27 09:15:00+00:00,1239.51,163.42,1468.7099609375
2026-07-27 09:20:00+00:00,1239.71,163.46,1468.8800048828125
2026-07-27 09:25:00+00:00,1238.58,163.58,1468.6800537109375
2026-07-27 09:30:00+00:00,1239.43,163.76,1467.8800048828125
2026-07-27 09:35:00+00:00,1239.68,164.0,1468.0799560546875
2026-07-27 09:40:00+00:00,1240.6,164.18,1469.06005859375
2026-07-27 09:45:00+00:00,1241.89,164.38,1466.8800048828125
2026-07-27 09:50:00+00:00,1243.52,164.19,1468.6400146484375
2026-07-27 09:55:00+00:00,1241.93,164.03,1468.8800048828125
2026-07-27 10:00:00+00:00,1242.28,163.95,1468.5999755859375
2026-07-27 10:05:00+00:00,1241.73,163.92,1468.7900390625
2026-07-27 10:10:00+00:00,1238.66,163.76,1469.06005859375
2026-07-27 10:15:00+00:00,1238.66,163.8,1468.0799560546875
2026-07-27 10:20:00+00:00,1238.95,163.67,1468.81005859375
2026-07-27 10:25:00+00:00,1239.23,163.62,1468.6600341796875
2026-07-27 10:30:00+00:00,1238.17,163.27,1468.72998046875
2026-07-27 10:35:00+00:00,1237.9,163.18,1468.6400146484375
2026-07-27 10:40:00+00:00,1237.51,163.34,1468.43994140625
2026-07-27 10:45:00+00:00,1240.38,163.44,1468.6500244140625
2026-07-27 10:50:00+00:00,1240.15,163.4,1468.7900390625
2026-07-27 10:55:00+00:00,1239.45,163.39,1469.8800048828125
2026-07-27 11:00:00+00:00,1233.0,162.0,1469.469970703125
2026-07-27 11:05:00+00:00,1231.97,161.88,1469.5799560546875
2026-07-27 11:10:00+00:00,1234.14,162.33,1469.3499755859375
2026-07-27 11:15:00+00:00,1231.07,161.83,1469.3399658203125
2026-07-27 11:20:00+00:00,1229.13,161.39,1469.3199462890625
2026-07-27 11:25:00+00:00,1224.98,160.84,1469.4200439453125
2026-07-27 11:30:00+00:00,1226.51,161.09,1469.780029296875
2026-07-27 11:35:00+00:00,1228.55,161.51,1468.47998046875
2026-07-27 11:40:00+00:00,1228.36,161.5,1469.800048828125
2026-07-27 11:45:00+00:00,1229.61,161.72,1469.989990234375
2026-07-27 11:50:00+00:00,1226.78,161.4,1469.9100341796875
2026-07-27 11:55:00+00:00,1228.28,161.72,1470.0999755859375
2026-07-27 12:00:00+00:00,1230.55,162.14,1470.010009765625
2026-07-27 12:05:00+00:00,1229.8,161.99,1470.02001953125
2026-07-27 12:10:00+00:00,1222.95,161.06,1470.6099853515625
2026-07-27 12:15:00+00:00,1223.78,161.4,1470.739990234375
2026-07-27 12:20:00+00:00,1221.2,161.04,1470.2900390625
2026-07-27 12:25:00+00:00,1222.82,161.39,1470.199951171875
2026-07-27 12:30:00+00:00,1222.43,161.1,1470.3599853515625
2026-07-27 12:35:00+00:00,1225.19,161.38,1470.3599853515625
2026-07-27 12:40:00+00:00,1226.53,161.52,1470.8900146484375
2026-07-27 12:45:00+00:00,1229.07,162.04,1470.4599609375
2026-07-27 12:50:00+00:00,1230.25,162.03,1470.1400146484375
2026-07-27 12:55:00+00:00,1231.99,162.17,1470.260009765625
2026-07-27 13:00:00+00:00,1230.93,161.81,1470.4599609375
2026-07-27 13:05:00+00:00,1226.09,160.87,1470.3399658203125
2026-07-27 13:10:00+00:00,1229.63,161.22,1470.47998046875
2026-07-27 13:15:00+00:00,1227.84,160.89,1470.6800537109375
2026-07-27 13:20:00+00:00,1230.06,161.5,1470.52001953125
2026-07-27 13:25:00+00:00,1219.39,159.69,1470.469970703125
2026-07-27 13:30:00+00:00,1212.06,157.43,1470.6800537109375
2026-07-27 13:35:00+00:00,1208.44,155.84,1470.3699951171875
2026-07-27 13:40:00+00:00,1196.91,154.12,1470.3399658203125
2026-07-27 13:45:00+00:00,1194.53,153.81,1470.4000244140625
2026-07-27 13:50:00+00:00,1193.57,153.21,1469.97998046875
2026-07-27 13:55:00+00:00,1181.44,150.14,1470.219970703125
2026-07-27 14:00:00+00:00,1178.29,149.31,1470.1800537109375
2026-07-27 14:05:00+00:00,1171.89,147.58,1470.0799560546875
2026-07-27 14:10:00+00:00,1161.75,145.89,1469.97998046875
2026-07-27 14:15:00+00:00,1164.85,146.6,1469.97998046875
2026-07-27 14:20:00+00:00,1154.59,145.07,1469.97998046875
2026-07-27 14:25:00+00:00,1137.61,143.05,1469.97998046875
2026-07-27 14:30:00+00:00,1130.26,141.83,1469.1800537109375
2026-07-27 14:35:00+00:00,1135.57,141.94,1468.280029296875
2026-07-27 14:40:00+00:00,1130.47,140.8,1469.1500244140625
2026-07-27 14:45:00+00:00,1139.93,144.03,1468.8800048828125
2026-07-27 14:50:00+00:00,1141.17,143.77,1468.800048828125
2026-07-27 14:55:00+00:00,1148.8,145.74,1467.9300537109375
2026-07-27 15:00:00+00:00,1147.42,144.7,1468.3299560546875
2026-07-27 15:05:00+00:00,1145.4,143.17,1468.81005859375
2026-07-27 15:10:00+00:00,1146.29,142.36,1468.18994140625
2026-07-27 15:15:00+00:00,1146.41,143.14,1468.0
2026-07-27 15:20:00+00:00,1147.35,143.21,1467.8199462890625
2026-07-27 15:25:00+00:00,1138.95,141.88,1468.1099853515625
2026-07-27 15:30:00+00:00,1138.76,141.34,1467.760009765625
2026-07-27 15:35:00+00:00,1141.68,141.42,1467.8800048828125
2026-07-27 15:40:00+00:00,1144.0,141.98,1467.93994140625
2026-07-27 15:45:00+00:00,1141.37,141.35,1467.760009765625
2026-07-27 15:50:00+00:00,1143.07,141.34,1467.280029296875
2026-07-27 15:55:00+00:00,1148.0,141.77,1467.5899658203125
2026-07-27 16:00:00+00:00,1144.21,141.74,1467.550048828125
2026-07-27 16:05:00+00:00,1143.31,142.22,1467.800048828125
2026-07-27 16:10:00+00:00,1139.59,140.66,1466.8800048828125
2026-07-27 16:15:00+00:00,1138.16,140.38,1466.27001953125
2026-07-27 16:20:00+00:00,1136.5,140.63,1466.280029296875
2026-07-27 16:25:00+00:00,1141.08,141.06,1465.4599609375
2026-07-27 16:30:00+00:00,1138.32,140.91,1465.280029296875
2026-07-27 16:35:00+00:00,1137.3,141.5,1465.3800048828125
2026-07-27 16:40:00+00:00,1130.57,140.53,1465.2099609375
2026-07-27 16:45:00+00:00,1126.14,139.97,1465.1400146484375
2026-07-27 16:50:00+00:00,1126.45,139.97,1464.8800048828125
2026-07-27 16:55:00+00:00,1125.95,140.27,1465.3499755859375
2026-07-27 17:00:00+00:00,1120.58,139.94,1465.5
2026-07-27 17:05:00+00:00,1123.88,139.8,1464.97998046875
2026-07-27 17:10:00+00:00,1124.78,140.12,1465.0999755859375
2026-07-27 17:15:00+00:00,1123.89,140.16,1465.18994140625
2026-07-27 17:20:00+00:00,1123.15,140.5,1465.260009765625
2026-07-27 17:25:00+00:00,1121.47,140.29,1465.1700439453125
2026-07-27 17:30:00+00:00,1129.55,141.03,1465.22998046875
2026-07-27 17:35:00+00:00,1127.49,140.51,1465.47998046875
2026-07-27 17:40:00+00:00,1124.68,140.14,1465.3499755859375
2026-07-27 17:45:00+00:00,1124.56,140.81,1465.0799560546875
2026-07-27 17:50:00+00:00,1128.18,141.57,1465.5400390625
2026-07-27 17:55:00+00:00,1133.66,142.86,1465.9000244140625
2026-07-27 18:00:00+00:00,1133.11,142.99,1465.43994140625
2026-07-27 18:05:00+00:00,1132.85,142.83,1465.72998046875
2026-07-27 18:10:00+00:00,1129.82,142.42,1466.7900390625
2026-07-27 18:15:00+00:00,1129.04,142.5,1466.5
2026-07-27 18:20:00+00:00,1132.33,143.02,1464.97998046875
2026-07-27 18:25:00+00:00,1131.63,143.16,1466.260009765625
2026-07-27 18:30:00+00:00,1129.08,142.65,1466.7099609375
2026-07-27 18:35:00+00:00,1124.68,142.14,1466.9100341796875
2026-07-27 18:40:00+00:00,1129.45,142.73,1466.7900390625
2026-07-27 18:45:00+00:00,1126.8,142.37,1466.699951171875
2026-07-27 18:50:00+00:00,1131.66,143.44,1466.1199951171875
2026-07-27 18:55:00+00:00,1136.73,144.28,1466.760009765625
2026-07-27 19:00:00+00:00,1137.14,144.48,1466.780029296875
2026-07-27 19:05:00+00:00,1141.84,145.05,1466.75
2026-07-27 19:10:00+00:00,1139.96,144.69,1466.3900146484375
2026-07-27 19:15:00+00:00,1141.94,145.29,1466.8199462890625
2026-07-27 19:20:00+00:00,1143.91,145.98,1466.4599609375
2026-07-27 19:25:00+00:00,1146.15,146.2,1467.8499755859375
2026-07-27 19:30:00+00:00,1142.26,145.3,1466.1099853515625
2026-07-27 19:35:00+00:00,1139.85,145.07,1466.0400390625
2026-07-27 19:40:00+00:00,1137.74,144.74,1465.469970703125
2026-07-27 19:45:00+00:00,1137.11,144.19,1465.449951171875
2026-07-27 19:50:00+00:00,1138.92,143.47,1464.7900390625
2026-07-27 19:55:00+00:00,1141.49,143.37,1464.7900390625
2026-07-27 20:00:00+00:00,1140.9,143.31,1464.9200439453125
2026-07-27 20:05:00+00:00,1143.2,143.52,1465.9100341796875
2026-07-27 20:10:00+00:00,1142.27,143.53,1465.7900390625
2026-07-27 20:15:00+00:00,1144.42,143.69,1465.7900390625
2026-07-27 20:20:00+00:00,1144.37,143.61,1465.7900390625
2026-07-27 20:25:00+00:00,1145.06,143.84,1465.7900390625
2026-07-27 20:30:00+00:00,1146.25,144.24,1465.7900390625
2026-07-27 20:35:00+00:00,1145.47,144.48,1465.7900390625
2026-07-27 20:40:00+00:00,1143.38,144.09,1465.7900390625
2026-07-27 20:45:00+00:00,1144.25,143.94,1465.7900390625
2026-07-27 20:50:00+00:00,1144.65,144.01,1465.7900390625
2026-07-27 20:55:00+00:00,1144.71,143.77,1465.7900390625
2026-07-27 21:00:00+00:00,1144.3,143.92,1465.7900390625
2026-07-27 21:05:00+00:00,1145.76,144.01,1465.7900390625
2026-07-27 21:10:00+00:00,1143.2,143.72,1465.7900390625
2026-07-27 21:15:00+00:00,1144.29,143.73,1465.7900390625
2026-07-27 21:20:00+00:00,1144.96,143.71,1465.7900390625
2026-07-27 21:25:00+00:00,1144.11,143.68,1465.7900390625
2026-07-27 21:30:00+00:00,1144.55,143.75,1465.7900390625
2026-07-27 21:35:00+00:00,1143.05,143.56,1465.7900390625
2026-07-27 21:40:00+00:00,1144.7,143.57,1465.7900390625
2026-07-27 21:45:00+00:00,1143.55,143.48,1465.7900390625
2026-07-27 21:50:00+00:00,1142.28,143.09,1465.7900390625
2026-07-27 21:55:00+00:00,1140.23,142.76,1465.7900390625
2026-07-27 22:00:00+00:00,1135.94,142.31,1465.7900390625
2026-07-27 22:05:00+00:00,1135.85,142.14,1465.7900390625
2026-07-27 22:10:00+00:00,1131.62,141.52,1465.25
2026-07-27 22:15:00+00:00,1131.85,141.76,1464.8800048828125
2026-07-27 22:20:00+00:00,1133.0,141.68,1464.8599853515625
2026-07-27 22:25:00+00:00,1129.27,141.48,1464.9599609375
2026-07-27 22:30:00+00:00,1131.79,141.85,1464.9100341796875
2026-07-27 22:35:00+00:00,1134.38,142.01,1464.989990234375
2026-07-27 22:40:00+00:00,1132.47,141.77,1464.93994140625
2026-07-27 22:45:00+00:00,1133.66,141.81,1464.9200439453125
2026-07-27 22:50:00+00:00,1131.24,141.44,1464.9200439453125
2026-07-27 22:55:00+00:00,1130.96,141.36,1464.9599609375
2026-07-27 23:00:00+00:00,1106.41,140.26,1464.9200439453125
2026-07-27 23:05:00+00:00,1119.36,141.32,1464.9200439453125
2026-07-27 23:10:00+00:00,1135.44,142.08,1464.93994140625
2026-07-27 23:15:00+00:00,1132.93,142.18,1465.219970703125
2026-07-27 23:20:00+00:00,1137.44,142.17,1465.260009765625
2026-07-27 23:25:00+00:00,1142.31,142.33,1465.22998046875
2026-07-27 23:30:00+00:00,1143.25,142.23,1465.530029296875
2026-07-27 23:35:00+00:00,1141.33,142.0,1465.27001953125
2026-07-27 23:40:00+00:00,1137.93,141.78,1465.5799560546875
2026-07-27 23:45:00+00:00,1134.74,141.57,1465.260009765625
2026-07-27 23:50:00+00:00,1140.35,142.47,1465.25
2026-07-27 23:55:00+00:00,1137.78,142.46,1465.219970703125
2026-07-28 00:00:00+00:00,1136.13,142.92,1469.280029296875
2026-07-28 00:05:00+00:00,1132.25,143.15,1470.280029296875
2026-07-28 00:10:00+00:00,1120.5,141.57,1469.8699951171875
2026-07-28 00:15:00+00:00,1116.55,141.31,1470.8800048828125
2026-07-28 00:20:00+00:00,1109.36,139.8,1470.780029296875
2026-07-28 00:25:00+00:00,1116.26,140.3,1468.780029296875
2026-07-28 00:30:00+00:00,1116.85,140.5,1469.0799560546875
2026-07-28 00:35:00+00:00,1114.48,140.34,1468.800048828125
2026-07-28 00:40:00+00:00,1115.94,140.4,1468.6800537109375
2026-07-28 00:45:00+00:00,1109.38,139.84,1468.780029296875
2026-07-28 00:50:00+00:00,1107.37,139.86,1469.3800048828125
2026-07-28 00:55:00+00:00,1108.7,140.04,1469.280029296875
2026-07-28 01:00:00+00:00,1110.91,140.17,1468.97998046875
2026-07-28 01:05:00+00:00,1102.91,139.54,1469.4200439453125
2026-07-28 01:10:00+00:00,1101.43,139.44,1470.239990234375
2026-07-28 01:15:00+00:00,1103.72,139.4,1470.2900390625
2026-07-28 01:20:00+00:00,1103.23,139.57,1470.1800537109375
2026-07-28 01:25:00+00:00,1107.02,139.84,1469.9300537109375
2026-07-28 01:30:00+00:00,1106.85,140.08,1469.8599853515625
2026-07-28 01:35:00+00:00,1110.48,140.26,1470.0699462890625
2026-07-28 01:40:00+00:00,1108.8,140.77,1469.8800048828125
2026-07-28 01:45:00+00:00,1107.7,140.86,1469.9100341796875
2026-07-28 01:50:00+00:00,1093.67,139.26,1469.4599609375
2026-07-28 01:55:00+00:00,1085.55,138.67,1469.6800537109375
2026-07-28 02:00:00+00:00,1078.06,137.8,1470.1800537109375
2026-07-28 02:05:00+00:00,1090.5,138.93,1469.1500244140625
2026-07-28 02:10:00+00:00,1088.52,139.06,1468.280029296875
2026-07-28 02:15:00+00:00,1097.45,139.99,1466.280029296875
2026-07-28 02:20:00+00:00,1102.3,140.17,1466.1800537109375
2026-07-28 02:25:00+00:00,1091.13,139.45,1465.780029296875
2026-07-28 02:30:00+00:00,1087.15,139.05,1465.47998046875
2026-07-28 02:35:00+00:00,1089.47,139.17,1464.7099609375
2026-07-28 02:40:00+00:00,1084.53,138.28,1464.3800048828125
2026-07-28 02:45:00+00:00,1082.88,138.13,1462.280029296875
2026-07-28 02:50:00+00:00,1086.03,138.61,1463.3800048828125
2026-07-28 02:55:00+00:00,1084.35,138.24,1464.6800537109375
2026-07-28 03:00:00+00:00,1077.65,137.37,1464.780029296875
2026-07-28 03:05:00+00:00,1073.59,136.47,1464.77001953125
2026-07-28 03:10:00+00:00,1076.6,137.13,1464.6800537109375
2026-07-28 03:15:00+00:00,1087.34,137.84,1463.5799560546875
2026-07-28 03:20:00+00:00,1092.57,138.21,1463.0799560546875
2026-07-28 03:25:00+00:00,1085.2,137.81,1463.1500244140625
2026-07-28 03:30:00+00:00,1085.87,138.15,1462.3800048828125
2026-07-28 03:35:00+00:00,1090.47,138.88,1462.8399658203125
2026-07-28 03:40:00+00:00,1094.07,139.46,1462.68994140625
2026-07-28 03:45:00+00:00,1094.05,139.17,1464.3299560546875
2026-07-28 03:50:00+00:00,1095.65,139.33,1464.6800537109375
2026-07-28 03:55:00+00:00,1093.4,139.21,1464.7099609375
2026-07-28 04:00:00+00:00,1090.14,138.94,1464.8299560546875
2026-07-28 04:05:00+00:00,1083.03,138.26,1464.8599853515625
2026-07-28 04:10:00+00:00,1080.98,137.88,1464.8699951171875
2026-07-28 04:15:00+00:00,1086.35,138.32,1465.010009765625
2026-07-28 04:20:00+00:00,1077.62,137.58,1465.1600341796875
2026-07-28 04:25:00+00:00,1076.83,137.23,1464.9000244140625
2026-07-28 04:30:00+00:00,1079.15,137.67,1464.93994140625
2026-07-28 04:35:00+00:00,1082.52,138.12,1465.02001953125
2026-07-28 04:40:00+00:00,1079.45,137.95,1464.97998046875
2026-07-28 04:45:00+00:00,1085.58,138.15,1465.0400390625
2026-07-28 04:50:00+00:00,1084.92,138.21,1465.0699462890625
2026-07-28 04:55:00+00:00,1086.98,138.18,1465.06005859375
2026-07-28 05:00:00+00:00,1094.62,138.81,1464.5699462890625
2026-07-28 05:05:00+00:00,1096.21,138.98,1464.5400390625
2026-07-28 05:10:00+00:00,1089.03,138.29,1463.8800048828125
2026-07-28 05:15:00+00:00,1083.14,137.96,1464.699951171875
2026-07-28 05:20:00+00:00,1079.58,137.77,1464.0699462890625
2026-07-28 05:25:00+00:00,1077.12,137.62,1462.1800537109375
2026-07-28 05:30:00+00:00,1075.32,137.48,1462.0799560546875
2026-07-28 05:35:00+00:00,1080.71,137.9,1463.6500244140625
2026-07-28 05:40:00+00:00,1086.12,138.03,1462.8800048828125
2026-07-28 05:45:00+00:00,1089.83,138.37,1463.280029296875
2026-07-28 05:50:00+00:00,1082.03,137.7,1462.8800048828125
2026-07-28 05:55:00+00:00,1077.09,137.35,1462.780029296875
2026-07-28 06:00:00+00:00,1080.87,137.52,1462.3599853515625
2026-07-28 06:05:00+00:00,1072.66,137.32,1461.77001953125
2026-07-28 06:10:00+00:00,1069.69,137.0,1461.5799560546875
2026-07-28 06:15:00+00:00,1069.35,137.14,1463.25
2026-07-28 06:20:00+00:00,1068.26,136.96,1462.8800048828125
2026-07-28 06:25:00+00:00,1064.69,137.06,1461.8800048828125
2026-07-28 06:30:00+00:00,1067.75,137.19,1462.3900146484375
2026-07-28 06:35:00+00:00,1071.72,137.73,1462.4300537109375
2026-07-28 06:40:00+00:00,1068.21,137.4,1461.97998046875
2026-07-28 06:45:00+00:00,1070.1,137.33,1461.1400146484375
2026-07-28 06:50:00+00:00,1073.3,137.91,1459.7900390625
2026-07-28 06:55:00+00:00,1075.67,138.0,1459.97998046875
2026-07-28 07:00:00+00:00,1073.94,138.03,1460.1400146484375
2026-07-28 07:05:00+00:00,1071.24,138.04,1460.780029296875
2026-07-28 07:10:00+00:00,1073.78,138.31,1461.4100341796875
2026-07-28 07:15:00+00:00,1071.3,138.07,1460.780029296875
2026-07-28 07:20:00+00:00,1069.43,137.91,1460.030029296875
2026-07-28 07:25:00+00:00,1068.32,137.56,1460.030029296875
2026-07-28 07:30:00+00:00,1069.63,137.75,1460.510009765625
2026-07-28 07:35:00+00:00,1070.79,137.55,1460.050048828125
2026-07-28 07:40:00+00:00,1069.98,137.42,1459.52001953125
2026-07-28 07:45:00+00:00,1065.93,137.46,1460.1300048828125
2026-07-28 07:50:00+00:00,1068.26,137.64,1459.47998046875
2026-07-28 07:55:00+00:00,1063.02,137.32,1459.6600341796875
2026-07-28 08:00:00+00:00,1064.13,136.77,1460.010009765625
2026-07-28 08:05:00+00:00,1060.07,136.08,1460.5799560546875
2026-07-28 08:10:00+00:00,1055.24,135.71,1460.7900390625
2026-07-28 08:15:00+00:00,1061.34,137.34,1460.47998046875
2026-07-28 08:20:00+00:00,1064.23,137.78,1460.5699462890625
2026-07-28 08:25:00+00:00,1068.24,138.15,1460.4000244140625
2026-07-28 08:30:00+00:00,1068.61,138.14,1460.77001953125
2026-07-28 08:35:00+00:00,1070.54,138.26,1460.6500244140625
2026-07-28 08:40:00+00:00,1072.44,138.79,1460.8800048828125
2026-07-28 08:45:00+00:00,1069.07,138.65,1461.050048828125
2026-07-28 08:50:00+00:00,1068.79,138.54,1461.0799560546875
2026-07-28 08:55:00+00:00,1069.32,138.4,1461.280029296875
2026-07-28 09:00:00+00:00,1070.04,138.54,1461.4599609375
2026-07-28 09:05:00+00:00,1070.83,138.73,1461.010009765625
2026-07-28 09:10:00+00:00,1069.56,138.47,1461.0799560546875
2026-07-28 09:15:00+00:00,1069.24,138.06,1460.6800537109375
2026-07-28 09:20:00+00:00,1069.77,138.05,1461.1199951171875
2026-07-28 09:25:00+00:00,1069.1,138.38,1461.3800048828125
2026-07-28 09:30:00+00:00,1066.76,137.56,1461.5899658203125
2026-07-28 09:35:00+00:00,1064.68,137.41,1461.3900146484375
2026-07-28 09:40:00+00:00,1064.89,137.31,1460.3199462890625
2026-07-28 09:45:00+00:00,1063.52,137.21,1459.949951171875
2026-07-28 09:50:00+00:00,1060.24,136.87,1460.18994140625
2026-07-28 09:55:00+00:00,1060.13,136.79,1460.6500244140625
2026-07-28 10:00:00+00:00,1061.72,136.77,1460.469970703125
2026-07-28 10:05:00+00:00,1063.37,136.93,1460.8399658203125
2026-07-28 10:10:00+00:00,1061.19,137.01,1460.81005859375
2026-07-28 10:15:00+00:00,1060.95,137.07,1460.8199462890625
2026-07-28 10:20:00+00:00,1059.0,136.69,1460.0799560546875
2026-07-28 10:25:00+00:00,1058.26,136.73,1460.4599609375
2026-07-28 10:30:00+00:00,1055.35,136.52,1459.6800537109375
2026-07-28 10:35:00+00:00,1050.55,135.63,1459.72998046875
2026-07-28 10:40:00+00:00,1049.1,135.83,1459.1800537109375
2026-07-28 10:45:00+00:00,1052.54,135.97,1459.81005859375
2026-07-28 10:50:00+00:00,1055.78,136.47,1459.5400390625
2026-07-28 10:55:00+00:00,1055.21,136.37,1459.47998046875
2026-07-28 11:00:00+00:00,1049.17,135.0,1459.5699462890625
2026-07-28 11:05:00+00:00,1053.88,135.37,1459.72998046875
2026-07-28 11:10:00+00:00,1040.57,133.78,1459.6199951171875
2026-07-28 11:15:00+00:00,1055.65,136.08,1459.300048828125
2026-07-28 11:20:00+00:00,1050.7,135.71,1459.31005859375
2026-07-28 11:25:00+00:00,1050.16,135.44,1459.4200439453125
2026-07-28 11:30:00+00:00,1053.55,135.45,1459.3800048828125
2026-07-28 11:35:00+00:00,1056.5,135.86,1459.3499755859375
2026-07-28 11:40:00+00:00,1058.58,136.34,1459.47998046875
2026-07-28 11:45:00+00:00,1062.04,136.89,1459.4200439453125
2026-07-28 11:50:00+00:00,1063.09,137.09,1459.5999755859375
2026-07-28 11:55:00+00:00,1059.58,137.14,1458.8800048828125
2026-07-28 12:00:00+00:00,1061.54,137.24,1459.280029296875
2026-07-28 12:05:00+00:00,1062.36,137.42,1459.2900390625
2026-07-28 12:10:00+00:00,1061.41,136.87,1459.3900146484375
2026-07-28 12:15:00+00:00,1063.2,137.41,1459.4200439453125
2026-07-28 12:20:00+00:00,1057.13,136.57,1459.4000244140625
2026-07-28 12:25:00+00:00,1063.94,137.49,1459.5999755859375
2026-07-28 12:30:00+00:00,1058.62,136.65,1459.0799560546875
2026-07-28 12:35:00+00:00,1055.6,136.17,1459.56005859375
2026-07-28 12:40:00+00:00,1059.56,136.76,1459.239990234375
2026-07-28 12:45:00+00:00,1061.91,136.84,1457.969970703125
2026-07-28 12:50:00+00:00,1063.18,137.37,1458.27001953125
2026-07-28 12:55:00+00:00,1058.4,136.82,1458.1800537109375
2026-07-28 13:00:00+00:00,1056.42,136.39,1458.5799560546875
2026-07-28 13:05:00+00:00,1064.53,137.22,1458.780029296875
2026-07-28 13:10:00+00:00,1062.94,137.35,1459.22998046875
2026-07-28 13:15:00+00:00,1064.33,137.26,1459.260009765625
2026-07-28 13:20:00+00:00,1063.52,137.16,1458.97998046875
2026-07-28 13:25:00+00:00,1057.56,136.22,1459.22998046875
2026-07-28 13:30:00+00:00,1054.93,134.8,1459.449951171875
2026-07-28 13:35:00+00:00,1039.57,132.43,1460.06005859375
2026-07-28 13:40:00+00:00,1038.03,132.46,1459.6700439453125
2026-07-28 13:45:00+00:00,1043.33,132.53,1459.47998046875
2026-07-28 13:50:00+00:00,1034.83,129.73,1460.0
2026-07-28 13:55:00+00:00,1025.12,129.56,1459.5799560546875
2026-07-28 14:00:00+00:00,1037.54,131.0,1459.1500244140625
2026-07-28 14:05:00+00:00,1032.96,129.8,1457.8800048828125
2026-07-28 14:10:00+00:00,1032.7,130.05,1458.760009765625
2026-07-28 14:15:00+00:00,1028.68,129.42,1458.800048828125
2026-07-28 14:20:00+00:00,1035.12,130.8,1457.9100341796875
2026-07-28 14:25:00+00:00,1040.08,130.75,1456.449951171875
2026-07-28 14:30:00+00:00,1038.5,130.41,1456.31005859375
2026-07-28 14:35:00+00:00,1046.91,131.35,1455.3499755859375
2026-07-28 14:40:00+00:00,1053.24,132.42,1455.489990234375
2026-07-28 14:45:00+00:00,1060.0,133.94,1454.780029296875
2026-07-28 14:50:00+00:00,1056.87,133.11,1455.4300537109375
2026-07-28 14:55:00+00:00,1053.68,131.68,1455.1800537109375
2026-07-28 15:00:00+00:00,1044.49,130.36,1455.530029296875
2026-07-28 15:05:00+00:00,1045.76,130.38,1455.6700439453125
2026-07-28 15:10:00+00:00,1049.86,130.47,1454.75
2026-07-28 15:15:00+00:00,1057.22,131.44,1454.6099853515625
2026-07-28 15:20:00+00:00,1067.0,133.44,1454.3800048828125
2026-07-28 15:25:00+00:00,1066.0,133.13,1454.7099609375
2026-07-28 15:30:00+00:00,1070.5,132.76,1453.739990234375
2026-07-28 15:35:00+00:00,1069.27,132.41,1454.1400146484375
2026-07-28 15:40:00+00:00,1073.41,133.4,1452.8800048828125
2026-07-28 15:45:00+00:00,1075.24,133.83,1453.050048828125
2026-07-28 15:50:00+00:00,1071.62,133.42,1452.780029296875
2026-07-28 15:55:00+00:00,1071.44,133.42,1453.4599609375
2026-07-28 16:00:00+00:00,1075.13,134.02,1453.27001953125
2026-07-28 16:05:00+00:00,1066.19,132.87,1451.97998046875
2026-07-28 16:10:00+00:00,1067.25,132.71,1452.9200439453125
2026-07-28 16:15:00+00:00,1072.02,133.19,1451.1800537109375
2026-07-28 16:20:00+00:00,1065.19,132.45,1452.8299560546875
2026-07-28 16:25:00+00:00,1070.92,132.79,1452.06005859375
2026-07-28 16:30:00+00:00,1072.25,132.47,1452.8499755859375
2026-07-28 16:35:00+00:00,1072.09,133.19,1452.550048828125
2026-07-28 16:40:00+00:00,1071.11,133.41,1453.260009765625
2026-07-28 16:45:00+00:00,1066.88,133.06,1454.68994140625
2026-07-28 16:50:00+00:00,1074.42,133.98,1454.81005859375
2026-07-28 16:55:00+00:00,1071.26,133.52,1454.1199951171875
2026-07-28 17:00:00+00:00,1067.19,133.22,1454.52001953125
2026-07-28 17:05:00+00:00,1064.67,132.69,1454.489990234375
2026-07-28 17:10:00+00:00,1062.37,132.36,1454.3599853515625
2026-07-28 17:15:00+00:00,1062.87,132.43,1454.31005859375
2026-07-28 17:20:00+00:00,1060.7,132.02,1454.1500244140625
2026-07-28 17:25:00+00:00,1064.48,132.22,1453.9200439453125
2026-07-28 17:30:00+00:00,1067.59,132.69,1453.5899658203125
2026-07-28 17:35:00+00:00,1064.78,132.06,1453.8299560546875
2026-07-28 17:40:00+00:00,1056.2,131.42,1454.3199462890625
2026-07-28 17:45:00+00:00,1059.5,131.91,1453.1199951171875
2026-07-28 17:50:00+00:00,1054.05,131.31,1453.1099853515625
2026-07-28 17:55:00+00:00,1057.68,131.84,1453.0400390625
2026-07-28 18:00:00+00:00,1060.06,131.6,1452.5699462890625
2026-07-28 18:05:00+00:00,1057.64,131.08,1452.5400390625
2026-07-28 18:10:00+00:00,1054.23,130.66,1452.81005859375
2026-07-28 18:15:00+00:00,1055.41,130.83,1452.719970703125
2026-07-28 18:20:00+00:00,1053.9,130.49,1452.6300048828125
2026-07-28 18:25:00+00:00,1050.84,129.85,1452.6300048828125
2026-07-28 18:30:00+00:00,1052.74,129.91,1452.22998046875
2026-07-28 18:35:00+00:00,1051.47,129.8,1452.3399658203125
2026-07-28 18:40:00+00:00,1052.91,130.28,1453.7900390625
2026-07-28 18:45:00+00:00,1052.69,130.56,1454.739990234375
2026-07-28 18:50:00+00:00,1053.24,130.67,1454.3900146484375
2026-07-28 18:55:00+00:00,1056.83,131.0,1454.199951171875
2026-07-28 19:00:00+00:00,1064.1,131.8,1453.9000244140625
2026-07-28 19:05:00+00:00,1062.72,131.89,1454.18994140625
2026-07-28 19:10:00+00:00,1065.31,132.19,1454.1800537109375
2026-07-28 19:15:00+00:00,1069.33,132.17,1453.9599609375
2026-07-28 19:20:00+00:00,1073.81,133.05,1453.47998046875
2026-07-28 19:25:00+00:00,1075.13,133.56,1453.81005859375
2026-07-28 19:30:00+00:00,1072.73,133.21,1453.5899658203125
2026-07-28 19:35:00+00:00,1066.5,132.18,1453.5699462890625
2026-07-28 19:40:00+00:00,1062.69,131.8,1453.760009765625
2026-07-28 19:45:00+00:00,1057.61,131.06,1453.8800048828125
2026-07-28 19:50:00+00:00,1054.82,130.28,1453.3199462890625
2026-07-28 19:55:00+00:00,1052.46,130.33,1453.6099853515625
2026-07-28 20:00:00+00:00,1050.86,130.66,1453.5699462890625
2026-07-28 20:05:00+00:00,1057.28,130.8,1453.3699951171875
2026-07-28 20:10:00+00:00,1060.49,132.05,1453.2900390625
2026-07-28 20:15:00+00:00,1070.19,134.25,1453.260009765625
2026-07-28 20:20:00+00:00,1073.76,134.96,1453.3199462890625
2026-07-28 20:25:00+00:00,1077.67,134.7,1453.22998046875
2026-07-28 20:30:00+00:00,1069.72,133.8,1453.31005859375
2026-07-28 20:35:00+00:00,1064.22,133.2,1453.0
2026-07-28 20:40:00+00:00,1067.85,133.7,1452.72998046875
2026-07-28 20:45:00+00:00,1067.4,133.58,1452.52001953125
2026-07-28 20:50:00+00:00,1070.25,134.17,1452.7099609375
2026-07-28 20:55:00+00:00,1074.48,134.29,1452.7099609375
2026-07-28 21:00:00+00:00,1074.14,134.77,1452.0400390625
2026-07-28 21:05:00+00:00,1069.51,134.2,1452.260009765625
2026-07-28 21:10:00+00:00,1071.05,134.39,1453.6099853515625
2026-07-28 21:15:00+00:00,1068.98,134.46,1453.5799560546875
2026-07-28 21:20:00+00:00,1069.56,134.32,1453.6099853515625
2026-07-28 21:25:00+00:00,1071.93,134.79,1453.5699462890625
2026-07-28 21:30:00+00:00,1074.7,134.76,1453.6500244140625
2026-07-28 21:35:00+00:00,1076.82,135.22,1453.5899658203125
2026-07-28 21:40:00+00:00,1077.01,135.5,1453.5999755859375
2026-07-28 21:45:00+00:00,1076.5,135.44,1453.52001953125
2026-07-28 21:50:00+00:00,1077.24,135.61,1453.7099609375
2026-07-28 21:55:00+00:00,1074.82,135.5,1453.719970703125
2026-07-28 22:00:00+00:00,1075.32,135.91,1453.8699951171875
2026-07-28 22:05:00+00:00,1075.66,135.94,1453.8599853515625
2026-07-28 22:10:00+00:00,1072.22,135.43,1453.8599853515625
2026-07-28 22:15:00+00:00,1071.2,134.63,1453.800048828125
2026-07-28 22:20:00+00:00,1073.53,135.22,1453.8299560546875
2026-07-28 22:25:00+00:00,1075.28,135.38,1453.9200439453125
2026-07-28 22:30:00+00:00,1070.91,134.92,1453.75
2026-07-28 22:35:00+00:00,1065.86,134.13,1453.68994140625
2026-07-28 22:40:00+00:00,1048.16,132.2,1453.5999755859375
2026-07-28 22:45:00+00:00,1003.21,125.66,1453.6600341796875
2026-07-28 22:50:00+00:00,1001.93,123.05,1453.739990234375
2026-07-28 22:55:00+00:00,986.56,119.95,1453.75
2026-07-28 23:00:00+00:00,997.05,121.4,1453.7099609375
2026-07-28 23:05:00+00:00,1001.09,122.72,1453.6800537109375
2026-07-28 23:10:00+00:00,1029.45,126.1,1453.68994140625
2026-07-28 23:15:00+00:00,1033.34,124.94,1453.6500244140625
2026-07-28 23:20:00+00:00,1030.66,123.93,1453.4599609375
2026-07-28 23:25:00+00:00,1051.51,126.86,1453.3199462890625
2026-07-28 23:30:00+00:00,1052.11,126.67,1453.3699951171875
2026-07-28 23:35:00+00:00,1049.13,126.89,1453.81005859375
2026-07-28 23:40:00+00:00,1064.42,129.05,1453.719970703125
2026-07-28 23:45:00+00:00,1070.38,132.14,1453.760009765625
2026-07-28 23:50:00+00:00,1073.89,133.47,1454.1099853515625
2026-07-28 23:55:00+00:00,1071.86,132.56,1454.0400390625
2026-07-29 00:00:00+00:00,1103.36,138.39,1456.719970703125
2026-07-29 00:05:00+00:00,1105.76,137.16,1456.68994140625
2026-07-29 00:10:00+00:00,1106.77,137.21,1456.6800537109375
2026-07-29 00:15:00+00:00,1104.5,137.0,1455.97998046875
2026-07-29 00:20:00+00:00,1080.48,133.67,1456.5799560546875
2026-07-29 00:25:00+00:00,1076.3,133.63,1455.780029296875
2026-07-29 00:30:00+00:00,1054.04,131.34,1455.780029296875
2026-07-29 00:35:00+00:00,1072.7,132.59,1454.3800048828125
2026-07-29 00:40:00+00:00,1066.75,132.43,1454.5899658203125
2026-07-29 00:45:00+00:00,1066.29,132.25,1454.97998046875
2026-07-29 00:50:00+00:00,1077.92,133.34,1454.1800537109375
2026-07-29 00:55:00+00:00,1064.66,132.13,1454.97998046875
2026-07-29 01:00:00+00:00,1066.81,132.21,1453.8800048828125
2026-07-29 01:05:00+00:00,1053.28,131.14,1454.2900390625
2026-07-29 01:10:00+00:00,1029.09,127.04,1454.8800048828125
2026-07-29 01:15:00+00:00,1022.54,127.4,1453.0799560546875
2026-07-29 01:20:00+00:00,1040.37,129.33,1454.0799560546875
2026-07-29 01:25:00+00:00,1042.82,129.03,1454.9000244140625
2026-07-29 01:30:00+00:00,1031.97,128.93,1454.97998046875
2026-07-29 01:35:00+00:00,1026.91,128.51,1455.56005859375
2026-07-29 01:40:00+00:00,1007.19,126.23,1454.97998046875
2026-07-29 01:45:00+00:00,994.23,124.94,1455.1600341796875
2026-07-29 01:50:00+00:00,983.96,123.5,1454.47998046875
2026-07-29 01:55:00+00:00,976.9,123.03,1454.56005859375
2026-07-29 02:00:00+00:00,978.01,121.96,1454.47998046875
2026-07-29 02:05:00+00:00,977.64,122.97,1453.6800537109375
2026-07-29 02:10:00+00:00,975.77,122.49,1453.1800537109375
2026-07-29 02:15:00+00:00,961.55,121.26,1452.6500244140625
2026-07-29 02:20:00+00:00,968.52,123.23,1452.47998046875
2026-07-29 02:25:00+00:00,984.53,125.05,1452.22998046875
2026-07-29 02:30:00+00:00,979.78,124.6,1451.97998046875
2026-07-29 02:35:00+00:00,975.92,124.28,1451.8399658203125
2026-07-29 02:40:00+00:00,975.91,123.99,1452.1400146484375
2026-07-29 02:45:00+00:00,965.79,123.07,1452.0799560546875
2026-07-29 02:50:00+00:00,966.13,122.99,1451.1800537109375
2026-07-29 02:55:00+00:00,955.61,121.89,1451.280029296875
2026-07-29 03:00:00+00:00,953.07,122.04,1451.5799560546875
2026-07-29 03:05:00+00:00,970.44,124.2,1452.3900146484375
2026-07-29 03:10:00+00:00,958.47,122.84,1451.52001953125
2026-07-29 03:15:00+00:00,951.53,122.14,1451.97998046875
2026-07-29 03:20:00+00:00,941.67,121.07,1452.010009765625
2026-07-29 03:25:00+00:00,942.98,120.96,1451.6800537109375
2026-07-29 03:30:00+00:00,939.2,120.77,1451.9100341796875
2026-07-29 03:35:00+00:00,940.06,120.64,1451.5699462890625
2026-07-29 03:40:00+00:00,939.49,120.96,1451.760009765625
2026-07-29 03:45:00+00:00,938.69,120.93,1451.3699951171875
2026-07-29 03:50:00+00:00,933.48,119.47,1451.8499755859375
2026-07-29 03:55:00+00:00,930.49,118.99,1452.1500244140625
2026-07-29 04:00:00+00:00,932.07,118.97,1451.3800048828125
2026-07-29 04:05:00+00:00,921.92,117.73,1451.1800537109375
2026-07-29 04:10:00+00:00,918.44,117.8,1450.5
2026-07-29 04:15:00+00:00,901.82,115.98,1447.3800048828125
2026-07-29 04:20:00+00:00,911.24,117.19,1446.780029296875
2026-07-29 04:25:00+00:00,898.88,116.08,1445.6300048828125
2026-07-29 04:30:00+00:00,900.44,116.68,1443.280029296875
2026-07-29 04:35:00+00:00,901.59,116.88,1443.3499755859375
2026-07-29 04:40:00+00:00,895.0,116.33,1443.0799560546875
2026-07-29 04:45:00+00:00,898.99,116.92,1445.3800048828125
2026-07-29 04:50:00+00:00,918.59,119.29,1444.4599609375
2026-07-29 04:55:00+00:00,928.19,120.24,1443.8800048828125
2026-07-29 05:00:00+00:00,937.15,121.25,1444.18994140625
2026-07-29 05:05:00+00:00,948.68,122.67,1443.3699951171875
2026-07-29 05:10:00+00:00,960.99,124.0,1444.0899658203125
2026-07-29 05:15:00+00:00,942.77,121.79,1444.6800537109375
2026-07-29 05:20:00+00:00,957.36,123.18,1443.6099853515625
2026-07-29 05:25:00+00:00,961.76,123.71,1446.0799560546875
2026-07-29 05:30:00+00:00,966.39,124.41,1446.5999755859375
2026-07-29 05:35:00+00:00,982.0,126.11,1446.5799560546875
2026-07-29 05:40:00+00:00,974.83,125.26,1446.3800048828125
2026-07-29 05:45:00+00:00,981.89,125.35,1446.3800048828125
2026-07-29 05:50:00+00:00,977.58,125.11,1447.3900146484375
2026-07-29 05:55:00+00:00,974.25,124.71,1448.47998046875
2026-07-29 06:00:00+00:00,950.02,122.79,1448.3800048828125
2026-07-29 06:05:00+00:00,951.64,122.65,1447.530029296875
2026-07-29 06:10:00+00:00,962.2,124.05,1446.780029296875
2026-07-29 06:15:00+00:00,973.56,124.69,1447.47998046875
2026-07-29 06:20:00+00:00,969.83,124.92,1448.0799560546875
2026-07-29 06:25:00+00:00,969.54,124.83,1446.3800048828125
2026-07-29 06:30:00+00:00,976.34,126.31,1446.5799560546875
2026-07-29 06:35:00+00:00,971.85,125.75,1446.81005859375
2026-07-29 06:40:00+00:00,972.22,125.83,1447.4300537109375
2026-07-29 06:45:00+00:00,976.78,126.17,1447.3299560546875
2026-07-29 06:50:00+00:00,977.51,127.47,1448.0999755859375
2026-07-29 06:55:00+00:00,975.05,127.06,1448.31005859375
2026-07-29 07:00:00+00:00,983.88,126.85,1447.6800537109375
2026-07-29 07:05:00+00:00,984.27,126.97,1447.510009765625
2026-07-29 07:10:00+00:00,992.08,127.5,1447.3800048828125
2026-07-29 07:15:00+00:00,993.98,127.97,1447.199951171875
2026-07-29 07:20:00+00:00,987.01,127.2,1447.4000244140625
2026-07-29 07:25:00+00:00,993.6,128.01,1447.300048828125
2026-07-29 07:30:00+00:00,989.99,127.51,1446.969970703125
2026-07-29 07:35:00+00:00,994.5,128.07,1447.0799560546875
2026-07-29 07:40:00+00:00,989.69,128.06,1447.1800537109375
2026-07-29 07:45:00+00:00,989.44,127.78,1447.3699951171875
2026-07-29 07:50:00+00:00,986.51,127.54,1447.8599853515625
2026-07-29 07:55:00+00:00,988.47,128.0,1448.9100341796875
2026-07-29 08:00:00+00:00,993.28,127.82,1448.0899658203125
2026-07-29 08:05:00+00:00,990.19,127.37,1449.25
2026-07-29 08:10:00+00:00,984.33,126.48,1449.0
2026-07-29 08:15:00+00:00,978.82,126.58,1448.8299560546875
2026-07-29 08:20:00+00:00,974.59,125.86,1448.81005859375
2026-07-29 08:25:00+00:00,975.12,125.79,1450.3699951171875
2026-07-29 08:30:00+00:00,975.46,126.51,1449.93994140625
2026-07-29 08:35:00+00:00,976.8,126.06,1449.8800048828125
2026-07-29 08:40:00+00:00,984.46,127.53,1449.81005859375
2026-07-29 08:45:00+00:00,986.66,127.98,1450.0799560546875
2026-07-29 08:50:00+00:00,980.43,126.97,1450.550048828125
2026-07-29 08:55:00+00:00,980.72,127.23,1450.280029296875
2026-07-29 09:00:00+00:00,996.66,129.41,1450.5799560546875
2026-07-29 09:05:00+00:00,1003.81,131.19,1450.4300537109375
2026-07-29 09:10:00+00:00,1004.67,131.38,1450.6400146484375
2026-07-29 09:15:00+00:00,999.26,130.15,1450.6300048828125
2026-07-29 09:20:00+00:00,997.72,130.03,1451.1800537109375
2026-07-29 09:25:00+00:00,996.71,129.95,1450.8299560546875
2026-07-29 09:30:00+00:00,996.92,129.34,1450.9300537109375
2026-07-29 09:35:00+00:00,997.18,129.66,1451.0400390625
2026-07-29 09:40:00+00:00,998.89,130.6,1449.969970703125
2026-07-29 09:45:00+00:00,1004.5,131.53,1449.0400390625
2026-07-29 09:50:00+00:00,1004.74,131.71,1450.1199951171875
2026-07-29 09:55:00+00:00,1004.25,131.13,1450.4100341796875
2026-07-29 10:00:00+00:00,1005.15,131.6,1450.0400390625
2026-07-29 10:05:00+00:00,1004.17,131.61,1450.3900146484375
2026-07-29 10:10:00+00:00,1001.46,130.77,1450.260009765625
2026-07-29 10:15:00+00:00,1002.05,130.82,1450.449951171875
2026-07-29 10:20:00+00:00,1003.25,130.99,1450.3299560546875
2026-07-29 10:25:00+00:00,1002.61,130.92,1450.219970703125
2026-07-29 10:30:00+00:00,995.49,129.53,1450.3800048828125
2026-07-29 10:35:00+00:00,992.81,128.71,1451.280029296875
2026-07-29 10:40:00+00:00,990.17,128.35,1451.25
2026-07-29 10:45:00+00:00,987.01,127.62,1451.300048828125
2026-07-29 10:50:00+00:00,979.02,127.1,1451.280029296875
2026-07-29 10:55:00+00:00,980.91,127.15,1451.27001953125
2026-07-29 11:00:00+00:00,982.85,127.65,1451.4200439453125
2026-07-29 11:05:00+00:00,989.16,128.4,1451.280029296875
2026-07-29 11:10:00+00:00,988.18,128.29,1452.050048828125
2026-07-29 11:15:00+00:00,990.18,128.86,1451.75
2026-07-29 11:20:00+00:00,993.22,128.82,1452.0400390625
2026-07-29 11:25:00+00:00,988.98,127.83,1451.97998046875
2026-07-29 11:30:00+00:00,989.67,127.85,1452.1500244140625
2026-07-29 11:35:00+00:00,988.38,127.76,1452.1500244140625
2026-07-29 11:40:00+00:00,990.28,128.17,1452.219970703125
2026-07-29 11:45:00+00:00,994.02,128.78,1452.1800537109375
2026-07-29 11:50:00+00:00,993.28,128.76,1452.1800537109375
2026-07-29 11:55:00+00:00,1001.15,129.51,1452.1600341796875
2026-07-29 12:00:00+00:00,996.63,128.53,1452.1600341796875
2026-07-29 12:05:00+00:00,995.81,128.35,1452.1600341796875
2026-07-29 12:10:00+00:00,990.49,128.16,1452.219970703125
2026-07-29 12:15:00+00:00,985.3,127.36,1452.989990234375
2026-07-29 12:20:00+00:00,986.9,128.11,1453.050048828125
2026-07-29 12:25:00+00:00,985.01,127.93,1452.47998046875
2026-07-29 12:30:00+00:00,989.41,128.46,1452.8299560546875
2026-07-29 12:35:00+00:00,988.68,128.22,1452.7900390625
2026-07-29 12:40:00+00:00,990.54,128.33,1452.97998046875
2026-07-29 12:45:00+00:00,992.65,128.89,1453.280029296875
2026-07-29 12:50:00+00:00,994.65,129.13,1453.2099609375
2026-07-29 12:55:00+00:00,991.56,128.6,1452.780029296875
2026-07-29 13:00:00+00:00,990.62,128.12,1453.239990234375
2026-07-29 13:05:00+00:00,995.14,128.77,1452.5799560546875
2026-07-29 13:10:00+00:00,987.96,127.73,1453.0400390625
2026-07-29 13:15:00+00:00,984.43,127.37,1452.949951171875
2026-07-29 13:20:00+00:00,989.73,127.76,1452.6800537109375
2026-07-29 13:25:00+00:00,1003.65,130.16,1452.3800048828125
2026-07-29 13:30:00+00:00,1010.43,132.45,1451.719970703125
2026-07-29 13:35:00+00:00,994.22,129.11,1452.3299560546875
2026-07-29 13:40:00+00:00,1008.3,131.92,1451.5799560546875
2026-07-29 13:45:00+00:00,1009.69,132.32,1451.550048828125
2026-07-29 13:50:00+00:00,1001.86,131.25,1451.6800537109375
2026-07-29 13:55:00+00:00,1000.27,131.91,1451.5899658203125
2026-07-29 14:00:00+00:00,1015.54,135.23,1451.280029296875
2026-07-29 14:05:00+00:00,1007.39,133.23,1451.5799560546875
2026-07-29 14:10:00+00:00,1000.04,131.52,1451.780029296875
2026-07-29 14:15:00+00:00,998.76,131.78,1450.97998046875
2026-07-29 14:20:00+00:00,993.13,130.61,1451.4200439453125
2026-07-29 14:25:00+00:00,988.84,129.99,1451.3499755859375
2026-07-29 14:30:00+00:00,991.07,130.32,1451.489990234375
2026-07-29 14:35:00+00:00,980.73,129.18,1451.6199951171875
2026-07-29 14:40:00+00:00,969.6,128.89,1451.989990234375
2026-07-29 14:45:00+00:00,974.53,129.92,1452.0
2026-07-29 14:50:00+00:00,976.74,129.91,1451.9200439453125
2026-07-29 14:55:00+00:00,976.55,129.73,1452.0799560546875
2026-07-29 15:00:00+00:00,982.03,131.08,1452.0799560546875
2026-07-29 15:05:00+00:00,983.67,130.66,1452.0799560546875
2026-07-29 15:10:00+00:00,980.09,129.24,1452.0799560546875
2026-07-29 15:15:00+00:00,977.59,128.46,1452.0799560546875
2026-07-29 15:20:00+00:00,982.78,129.38,1452.0799560546875
2026-07-29 15:25:00+00:00,980.43,128.78,1452.0799560546875
2026-07-29 15:30:00+00:00,979.53,128.74,1452.0799560546875
2026-07-29 15:35:00+00:00,976.99,128.18,1452.0799560546875
2026-07-29 15:40:00+00:00,975.38,127.66,1452.0799560546875
2026-07-29 15:45:00+00:00,976.7,128.2,1452.0799560546875
2026-07-29 15:50:00+00:00,968.33,127.28,1452.0799560546875
2026-07-29 15:55:00+00:00,974.78,128.41,1452.0799560546875
2026-07-29 16:00:00+00:00,964.61,126.77,1452.0799560546875
2026-07-29 16:05:00+00:00,965.78,126.46,1452.0799560546875
2026-07-29 16:10:00+00:00,960.42,125.56,1452.0799560546875
2026-07-29 16:15:00+00:00,962.63,126.2,1452.0799560546875
2026-07-29 16:20:00+00:00,971.81,126.98,1452.0799560546875
2026-07-29 16:25:00+00:00,974.55,127.04,1452.0799560546875
2026-07-29 16:30:00+00:00,971.47,126.61,1448.56005859375
2026-07-29 16:35:00+00:00,974.78,127.2,1448.5
2026-07-29 16:40:00+00:00,971.36,126.53,1449.1400146484375
2026-07-29 16:45:00+00:00,979.45,127.43,1448.8699951171875
2026-07-29 16:50:00+00:00,978.16,127.21,1449.0899658203125
2026-07-29 16:55:00+00:00,983.2,127.57,1449.25
2026-07-29 17:00:00+00:00,988.17,128.37,1448.719970703125
2026-07-29 17:05:00+00:00,989.11,128.26,1449.0999755859375
2026-07-29 17:10:00+00:00,992.43,129.03,1447.9000244140625
2026-07-29 17:15:00+00:00,988.62,128.21,1447.7900390625
2026-07-29 17:20:00+00:00,986.06,127.64,1448.1600341796875
2026-07-29 17:25:00+00:00,982.81,127.22,1448.3800048828125
2026-07-29 17:30:00+00:00,986.02,128.14,1448.6800537109375
2026-07-29 17:35:00+00:00,980.08,127.28,1449.530029296875
2026-07-29 17:40:00+00:00,983.42,127.6,1448.3800048828125
2026-07-29 17:45:00+00:00,986.73,128.0,1448.47998046875
2026-07-29 17:50:00+00:00,989.27,128.53,1446.800048828125
2026-07-29 17:55:00+00:00,989.96,128.81,1447.1199951171875
2026-07-29 18:00:00+00:00,998.85,129.73,1445.02001953125
2026-07-29 18:05:00+00:00,1002.45,130.38,1444.4100341796875
2026-07-29 18:10:00+00:00,995.56,130.15,1442.9300537109375
2026-07-29 18:15:00+00:00,989.94,129.01,1444.550048828125
2026-07-29 18:20:00+00:00,989.48,128.65,1444.949951171875
2026-07-29 18:25:00+00:00,987.96,128.0,1444.6099853515625
2026-07-29 18:30:00+00:00,984.96,128.26,1446.050048828125
2026-07-29 18:35:00+00:00,999.47,130.43,1444.6199951171875
2026-07-29 18:40:00+00:00,1010.94,131.91,1443.300048828125
2026-07-29 18:45:00+00:00,1016.9,133.21,1440.8599853515625
2026-07-29 18:50:00+00:00,1024.17,134.33,1440.97998046875
2026-07-29 18:55:00+00:00,1023.62,135.45,1440.300048828125
2026-07-29 19:00:00+00:00,1023.51,136.43,1439.8199462890625
2026-07-29 19:05:00+00:00,1014.12,135.12,1442.010009765625
2026-07-29 19:10:00+00:00,1015.84,134.98,1441.8299560546875
2026-07-29 19:15:00+00:00,1004.35,132.85,1440.72998046875
2026-07-29 19:20:00+00:00,993.06,130.62,1441.300048828125
2026-07-29 19:25:00+00:00,990.49,130.81,1442.02001953125
2026-07-29 19:30:00+00:00,983.56,129.69,1444.5999755859375
2026-07-29 19:35:00+00:00,979.13,129.09,1443.6199951171875
2026-07-29 19:40:00+00:00,975.67,128.29,1443.199951171875
2026-07-29 19:45:00+00:00,973.87,128.11,1443.7099609375
2026-07-29 19:50:00+00:00,964.92,126.7,1443.8499755859375
2026-07-29 19:55:00+00:00,959.25,127.01,1444.5999755859375
2026-07-29 20:00:00+00:00,955.53,126.11,1445.030029296875
2026-07-29 20:05:00+00:00,937.91,124.02,1445.1500244140625
2026-07-29 20:10:00+00:00,950.72,125.48,1443.9000244140625
2026-07-29 20:15:00+00:00,949.66,125.59,1443.3900146484375
2026-07-29 20:20:00+00:00,946.28,125.62,1443.5999755859375
2026-07-29 20:25:00+00:00,940.99,124.73,1442.6300048828125
2026-07-29 20:30:00+00:00,940.94,124.78,1443.050048828125
2026-07-29 20:35:00+00:00,949.43,125.61,1442.27001953125
2026-07-29 20:40:00+00:00,948.03,125.35,1442.260009765625
2026-07-29 20:45:00+00:00,941.65,124.57,1442.469970703125
2026-07-29 20:50:00+00:00,943.11,125.08,1442.0400390625
2026-07-29 20:55:00+00:00,937.34,124.27,1442.5
2026-07-29 21:00:00+00:00,940.39,124.07,1443.5699462890625
2026-07-29 21:05:00+00:00,930.25,123.54,1443.4000244140625
2026-07-29 21:10:00+00:00,924.41,122.87,1443.4200439453125
2026-07-29 21:15:00+00:00,926.37,122.88,1443.530029296875
2026-07-29 21:20:00+00:00,928.98,123.05,1443.43994140625
2026-07-29 21:25:00+00:00,929.55,123.69,1443.6400146484375
2026-07-29 21:30:00+00:00,925.8,122.83,1443.3800048828125
2026-07-29 21:35:00+00:00,917.34,121.8,1443.8299560546875
2026-07-29 21:40:00+00:00,920.84,122.4,1443.699951171875
2026-07-29 21:45:00+00:00,922.47,122.61,1443.760009765625
2026-07-29 21:50:00+00:00,927.58,123.09,1443.6500244140625
2026-07-29 21:55:00+00:00,936.37,123.63,1443.260009765625
2026-07-29 22:00:00+00:00,939.03,124.24,1443.3499755859375
2026-07-29 22:05:00+00:00,952.08,125.1,1443.52001953125
2026-07-29 22:10:00+00:00,956.03,125.12,1443.989990234375
2026-07-29 22:15:00+00:00,965.33,126.36,1443.6199951171875
2026-07-29 22:20:00+00:00,969.0,126.48,1443.68994140625
2026-07-29 22:25:00+00:00,968.33,126.87,1443.52001953125
2026-07-29 22:30:00+00:00,973.28,127.31,1443.949951171875
2026-07-29 22:35:00+00:00,974.09,127.36,1443.739990234375
2026-07-29 22:40:00+00:00,974.15,127.68,1443.5899658203125
2026-07-29 22:45:00+00:00,963.24,126.43,1444.0999755859375
2026-07-29 22:50:00+00:00,959.3,126.18,1444.0899658203125
2026-07-29 22:55:00+00:00,962.85,126.56,1443.969970703125
2026-07-29 23:00:00+00:00,959.67,126.26,1443.7099609375
2026-07-29 23:05:00+00:00,964.34,127.25,1443.760009765625
2026-07-29 23:10:00+00:00,954.96,126.14,1443.739990234375
2026-07-29 23:15:00+00:00,952.06,126.14,1443.510009765625
2026-07-29 23:20:00+00:00,947.36,125.77,1443.780029296875
2026-07-29 23:25:00+00:00,945.52,125.93,1443.969970703125
2026-07-29 23:30:00+00:00,944.04,125.53,1444.0899658203125
2026-07-29 23:35:00+00:00,940.42,125.42,1444.1600341796875
2026-07-29 23:40:00+00:00,946.41,125.51,1443.5899658203125
2026-07-29 23:45:00+00:00,952.3,125.9,1443.75
2026-07-29 23:50:00+00:00,949.94,125.92,1443.8499755859375
2026-07-29 23:55:00+00:00,951.62,125.91,1443.47998046875
2026-07-30 00:00:00+00:00,937.03,124.74,1441.780029296875
2026-07-30 00:05:00+00:00,957.47,127.32,1439.97998046875
2026-07-30 00:10:00+00:00,937.76,125.71,1437.1800537109375
2026-07-30 00:15:00+00:00,932.01,125.21,1438.469970703125
2026-07-30 00:20:00+00:00,924.81,124.58,1438.239990234375
2026-07-30 00:25:00+00:00,940.11,125.93,1439.0799560546875
2026-07-30 00:30:00+00:00,919.85,124.1,1440.0799560546875
2026-07-30 00:35:00+00:00,926.28,124.6,1439.3800048828125
2026-07-30 00:40:00+00:00,907.17,122.55,1440.3800048828125
2026-07-30 00:45:00+00:00,926.08,123.91,1440.449951171875
2026-07-30 00:50:00+00:00,925.6,123.68,1441.0799560546875
2026-07-30 00:55:00+00:00,939.28,125.34,1441.989990234375
2026-07-30 01:00:00+00:00,959.74,128.34,1442.280029296875
2026-07-30 01:05:00+00:00,962.73,128.53,1441.780029296875
2026-07-30 01:10:00+00:00,944.75,127.02,1441.5799560546875
2026-07-30 01:15:00+00:00,950.29,127.19,1441.719970703125
2026-07-30 01:20:00+00:00,965.91,128.5,1441.97998046875
2026-07-30 01:25:00+00:00,970.23,129.27,1442.81005859375
2026-07-30 01:30:00+00:00,998.64,131.36,1444.97998046875
2026-07-30 01:35:00+00:00,1001.12,131.57,1446.47998046875
2026-07-30 01:40:00+00:00,1000.86,131.15,1446.27001953125
2026-07-30 01:45:00+00:00,1008.14,131.62,1446.5799560546875
2026-07-30 01:50:00+00:00,1001.78,131.4,1446.81005859375
2026-07-30 01:55:00+00:00,989.37,130.22,1446.97998046875
2026-07-30 02:00:00+00:00,990.68,129.99,1446.260009765625
2026-07-30 02:05:00+00:00,988.45,129.96,1446.97998046875
2026-07-30 02:10:00+00:00,973.14,128.93,1447.3699951171875
2026-07-30 02:15:00+00:00,959.86,128.1,1445.780029296875
2026-07-30 02:20:00+00:00,965.56,128.94,1444.9599609375
2026-07-30 02:25:00+00:00,955.02,127.71,1444.97998046875
2026-07-30 02:30:00+00:00,943.94,126.33,1444.56005859375
2026-07-30 02:35:00+00:00,943.36,126.54,1444.0799560546875
2026-07-30 02:40:00+00:00,956.74,127.76,1444.6300048828125
2026-07-30 02:45:00+00:00,953.05,127.51,1444.449951171875
2026-07-30 02:50:00+00:00,949.19,127.25,1443.47998046875
2026-07-30 02:55:00+00:00,935.94,126.05,1444.4000244140625
2026-07-30 03:00:00+00:00,935.84,125.94,1444.8199462890625
2026-07-30 03:05:00+00:00,928.59,125.11,1444.47998046875
2026-07-30 03:10:00+00:00,923.49,123.71,1444.6600341796875
2026-07-30 03:15:00+00:00,927.3,124.02,1444.22998046875
2026-07-30 03:20:00+00:00,927.1,124.06,1443.8800048828125
2026-07-30 03:25:00+00:00,934.96,124.86,1443.280029296875
2026-07-30 03:30:00+00:00,939.58,125.38,1442.780029296875
2026-07-30 03:35:00+00:00,925.7,124.09,1443.3800048828125
2026-07-30 03:40:00+00:00,937.36,125.55,1443.0799560546875
2026-07-30 03:45:00+00:00,940.26,125.9,1443.0799560546875
2026-07-30 03:50:00+00:00,937.08,125.86,1442.47998046875
2026-07-30 03:55:00+00:00,932.56,125.64,1441.9300537109375
2026-07-30 04:00:00+00:00,934.29,125.26,1442.1700439453125
2026-07-30 04:05:00+00:00,918.21,123.61,1440.9000244140625
2026-07-30 04:10:00+00:00,922.91,123.8,1442.1800537109375
2026-07-30 04:15:00+00:00,916.3,123.31,1441.1600341796875
2026-07-30 04:20:00+00:00,930.44,124.63,1440.3800048828125
2026-07-30 04:25:00+00:00,938.33,125.35,1439.3299560546875
2026-07-30 04:30:00+00:00,934.64,124.65,1439.0400390625
2026-07-30 04:35:00+00:00,931.47,124.44,1438.75
2026-07-30 04:40:00+00:00,923.13,124.12,1438.280029296875
2026-07-30 04:45:00+00:00,924.94,124.36,1439.6800537109375
2026-07-30 04:50:00+00:00,921.24,123.93,1440.0799560546875
2026-07-30 04:55:00+00:00,916.03,123.43,1440.0799560546875
2026-07-30 05:00:00+00:00,922.88,124.05,1439.47998046875
2026-07-30 05:05:00+00:00,924.33,124.13,1437.8800048828125
2026-07-30 05:10:00+00:00,927.26,123.93,1438.1800537109375
2026-07-30 05:15:00+00:00,933.76,124.49,1438.3599853515625
2026-07-30 05:20:00+00:00,934.32,124.29,1438.72998046875
2026-07-30 05:25:00+00:00,926.73,123.92,1438.97998046875
2026-07-30 05:30:00+00:00,926.04,123.95,1438.5799560546875
2026-07-30 05:35:00+00:00,928.37,124.24,1438.3399658203125
2026-07-30 05:40:00+00:00,942.72,125.33,1438.1800537109375
2026-07-30 05:45:00+00:00,939.58,125.17,1438.25
2026-07-30 05:50:00+00:00,932.61,124.52,1438.0999755859375
2026-07-30 05:55:00+00:00,934.71,125.31,1439.010009765625
2026-07-30 06:00:00+00:00,932.7,125.03,1437.8800048828125
2026-07-30 06:05:00+00:00,934.83,125.02,1437.97998046875
2026-07-30 06:10:00+00:00,940.03,125.33,1439.699951171875
2026-07-30 06:15:00+00:00,924.24,124.46,1438.280029296875
2026-07-30 06:20:00+00:00,921.4,124.18,1438.1800537109375
2026-07-30 06:25:00+00:00,926.59,124.48,1437.1800537109375
2026-07-30 06:30:00+00:00,923.74,124.37,1437.1800537109375
2026-07-30 06:35:00+00:00,925.05,124.27,1436.5799560546875
2026-07-30 06:40:00+00:00,917.68,123.68,1435.780029296875
2026-07-30 06:45:00+00:00,919.53,123.92,1436.6800537109375
2026-07-30 06:50:00+00:00,916.99,123.7,1436.5400390625
2026-07-30 06:55:00+00:00,915.12,123.19,1436.219970703125
2026-07-30 07:00:00+00:00,918.87,123.94,1435.3599853515625
2026-07-30 07:05:00+00:00,916.0,123.55,1435.280029296875
2026-07-30 07:10:00+00:00,916.23,123.48,1435.3800048828125
2026-07-30 07:15:00+00:00,914.36,123.2,1435.97998046875
2026-07-30 07:20:00+00:00,915.47,123.13,1436.1099853515625
2026-07-30 07:25:00+00:00,912.2,122.57,1437.0799560546875
2026-07-30 07:30:00+00:00,907.12,122.39,1438.2099609375
2026-07-30 07:35:00+00:00,911.1,122.91,1438.0799560546875
2026-07-30 07:40:00+00:00,912.77,122.89,1438.280029296875
2026-07-30 07:45:00+00:00,907.82,122.25,1438.6700439453125
2026-07-30 07:50:00+00:00,904.47,122.12,1439.1800537109375
2026-07-30 07:55:00+00:00,904.23,122.22,1439.550048828125
2026-07-30 08:00:00+00:00,902.28,121.82,1438.780029296875
2026-07-30 08:05:00+00:00,902.02,121.44,1437.7099609375
2026-07-30 08:10:00+00:00,902.08,121.2,1437.47998046875
2026-07-30 08:15:00+00:00,906.05,121.44,1437.8199462890625
2026-07-30 08:20:00+00:00,917.43,122.9,1437.6500244140625
2026-07-30 08:25:00+00:00,917.37,123.1,1437.5400390625
2026-07-30 08:30:00+00:00,917.09,123.12,1437.6600341796875
2026-07-30 08:35:00+00:00,914.6,122.65,1438.780029296875
2026-07-30 08:40:00+00:00,914.58,122.44,1438.260009765625
2026-07-30 08:45:00+00:00,913.57,122.2,1437.81005859375
2026-07-30 08:50:00+00:00,912.09,121.96,1437.9599609375
2026-07-30 08:55:00+00:00,913.53,122.23,1438.1800537109375
2026-07-30 09:00:00+00:00,919.2,122.83,1437.1800537109375
2026-07-30 09:05:00+00:00,919.95,123.02,1437.1800537109375
2026-07-30 09:10:00+00:00,924.91,123.56,1436.47998046875
2026-07-30 09:15:00+00:00,923.44,123.33,1437.97998046875
2026-07-30 09:20:00+00:00,927.5,123.93,1437.0799560546875
2026-07-30 09:25:00+00:00,924.53,123.62,1436.6500244140625
2026-07-30 09:30:00+00:00,925.75,124.05,1435.6800537109375
2026-07-30 09:35:00+00:00,923.57,123.88,1436.030029296875
2026-07-30 09:40:00+00:00,921.28,123.67,1435.800048828125
2026-07-30 09:45:00+00:00,924.85,124.04,1435.3199462890625
2026-07-30 09:50:00+00:00,924.63,123.99,1436.1300048828125
2026-07-30 09:55:00+00:00,924.56,123.71,1435.280029296875
2026-07-30 10:00:00+00:00,922.36,123.45,1436.7099609375
2026-07-30 10:05:00+00:00,932.22,124.74,1435.8900146484375
2026-07-30 10:10:00+00:00,931.11,124.69,1435.5699462890625
2026-07-30 10:15:00+00:00,940.24,125.78,1434.4300537109375
2026-07-30 10:20:00+00:00,943.16,126.05,1434.5799560546875
2026-07-30 10:25:00+00:00,941.73,126.2,1434.3699951171875
2026-07-30 10:30:00+00:00,944.23,126.28,1432.780029296875
2026-07-30 10:35:00+00:00,948.42,127.04,1432.93994140625
2026-07-30 10:40:00+00:00,950.18,127.77,1432.31005859375
2026-07-30 10:45:00+00:00,951.64,127.39,1432.3800048828125
2026-07-30 10:50:00+00:00,948.58,127.4,1433.47998046875
2026-07-30 10:55:00+00:00,949.13,127.28,1434.22998046875
2026-07-30 11:00:00+00:00,955.71,128.68,1432.5799560546875
2026-07-30 11:05:00+00:00,956.38,128.97,1432.3399658203125
2026-07-30 11:10:00+00:00,955.42,128.86,1432.5400390625
2026-07-30 11:15:00+00:00,956.68,129.06,1432.97998046875
2026-07-30 11:20:00+00:00,955.56,128.71,1433.4000244140625
2026-07-30 11:25:00+00:00,959.53,129.57,1433.5999755859375
2026-07-30 11:30:00+00:00,955.82,129.05,1433.6500244140625
2026-07-30 11:35:00+00:00,958.0,129.29,1433.0799560546875
2026-07-30 11:40:00+00:00,959.36,130.09,1434.0400390625
2026-07-30 11:45:00+00:00,963.34,131.12,1434.0799560546875
2026-07-30 11:50:00+00:00,964.36,131.13,1433.97998046875
2026-07-30 11:55:00+00:00,961.57,130.71,1433.8699951171875
2026-07-30 12:00:00+00:00,969.99,131.94,1433.4300537109375
2026-07-30 12:05:00+00:00,972.61,132.44,1433.22998046875
2026-07-30 12:10:00+00:00,970.53,132.34,1432.6800537109375
2026-07-30 12:15:00+00:00,969.14,132.27,1434.0699462890625
2026-07-30 12:20:00+00:00,967.47,131.68,1433.780029296875
2026-07-30 12:25:00+00:00,962.97,131.7,1434.18994140625
2026-07-30 12:30:00+00:00,970.34,132.31,1434.0799560546875
2026-07-30 12:35:00+00:00,974.65,133.06,1434.1800537109375
2026-07-30 12:40:00+00:00,975.24,133.03,1433.9599609375
2026-07-30 12:45:00+00:00,977.68,133.8,1434.1600341796875
2026-07-30 12:50:00+00:00,981.37,134.35,1434.2900390625
2026-07-30 12:55:00+00:00,981.37,134.58,1434.050048828125
2026-07-30 13:00:00+00:00,981.05,134.56,1433.6800537109375
2026-07-30 13:05:00+00:00,976.57,134.15,1433.0
2026-07-30 13:10:00+00:00,979.33,135.1,1433.56005859375
2026-07-30 13:15:00+00:00,979.93,135.34,1433.3800048828125
2026-07-30 13:20:00+00:00,984.38,135.54,1432.0
2026-07-30 13:25:00+00:00,984.01,136.5,1431.3900146484375
2026-07-30 13:30:00+00:00,988.58,137.66,1429.3800048828125
2026-07-30 13:35:00+00:00,991.77,137.58,1421.1800537109375
2026-07-30 13:40:00+00:00,997.45,139.0,1419.780029296875
2026-07-30 13:45:00+00:00,1003.42,141.05,1422.780029296875
2026-07-30 13:50:00+00:00,1005.3,141.28,1423.1800537109375
2026-07-30 13:55:00+00:00,1008.89,142.12,1419.6800537109375
2026-07-30 14:00:00+00:00,1002.28,142.21,1419.47998046875
2026-07-30 14:05:00+00:00,998.55,140.38,1422.97998046875
2026-07-30 14:10:00+00:00,1007.24,142.86,1423.489990234375
2026-07-30 14:15:00+00:00,1012.91,144.06,1424.3800048828125
2026-07-30 14:20:00+00:00,1035.21,146.65,1424.3800048828125
2026-07-30 14:25:00+00:00,1048.17,148.19,1426.280029296875
2026-07-30 14:30:00+00:00,1045.07,147.92,1427.0799560546875
2026-07-30 14:35:00+00:00,1036.02,147.17,1427.18994140625
2026-07-30 14:40:00+00:00,1035.5,146.25,1428.3800048828125
2026-07-30 14:45:00+00:00,1037.35,146.48,1428.8699951171875
2026-07-30 14:50:00+00:00,1021.45,143.98,1429.7099609375
2026-07-30 14:55:00+00:00,1027.9,144.14,1428.8800048828125
2026-07-30 15:00:00+00:00,1035.76,145.25,1429.3199462890625
2026-07-30 15:05:00+00:00,1037.58,145.67,1429.43994140625
2026-07-30 15:10:00+00:00,1028.12,144.04,1429.2900390625
2026-07-30 15:15:00+00:00,1037.03,144.5,1428.97998046875
2026-07-30 15:20:00+00:00,1034.82,144.18,1429.0
2026-07-30 15:25:00+00:00,1030.93,143.81,1428.010009765625
2026-07-30 15:30:00+00:00,1031.01,144.72,1428.2900390625
2026-07-30 15:35:00+00:00,1037.0,145.12,1426.030029296875
2026-07-30 15:40:00+00:00,1039.6,144.78,1426.43994140625
2026-07-30 15:45:00+00:00,1040.71,146.4,1425.22998046875
2026-07-30 15:50:00+00:00,1039.94,146.91,1424.6800537109375
2026-07-30 15:55:00+00:00,1037.64,146.86,1423.93994140625
2026-07-30 16:00:00+00:00,1047.1,147.11,1423.97998046875
2026-07-30 16:05:00+00:00,1044.6,147.25,1423.0699462890625
2026-07-30 16:10:00+00:00,1048.74,147.71,1422.530029296875
2026-07-30 16:15:00+00:00,1051.21,147.28,1423.239990234375
2026-07-30 16:20:00+00:00,1048.85,147.28,1422.1600341796875
2026-07-30 16:25:00+00:00,1044.77,146.67,1422.02001953125
2026-07-30 16:30:00+00:00,1044.09,146.76,1422.3299560546875
2026-07-30 16:35:00+00:00,1044.02,146.71,1423.280029296875
2026-07-30 16:40:00+00:00,1035.6,145.67,1423.280029296875
2026-07-30 16:45:00+00:00,1039.3,146.37,1423.280029296875
2026-07-30 16:50:00+00:00,1038.56,146.2,1424.449951171875
2026-07-30 16:55:00+00:00,1046.34,147.27,1422.9200439453125
2026-07-30 17:00:00+00:00,1051.26,147.57,1423.6700439453125
2026-07-30 17:05:00+00:00,1053.06,148.18,1423.8599853515625
2026-07-30 17:10:00+00:00,1057.67,148.34,1424.31005859375
2026-07-30 17:15:00+00:00,1065.16,149.28,1424.1300048828125
2026-07-30 17:20:00+00:00,1063.9,148.73,1423.6800537109375
2026-07-30 17:25:00+00:00,1056.28,147.94,1424.1800537109375
2026-07-30 17:30:00+00:00,1055.81,148.24,1424.280029296875
2026-07-30 17:35:00+00:00,1053.58,148.19,1422.1300048828125
2026-07-30 17:40:00+00:00,1057.54,148.57,1420.3900146484375
2026-07-30 17:45:00+00:00,1053.36,148.27,1421.239990234375
2026-07-30 17:50:00+00:00,1052.15,147.96,1421.4200439453125
2026-07-30 17:55:00+00:00,1054.73,148.06,1420.989990234375
2026-07-30 18:00:00+00:00,1053.76,148.14,1420.7900390625
2026-07-30 18:05:00+00:00,1057.72,148.57,1420.1600341796875
2026-07-30 18:10:00+00:00,1056.29,148.5,1420.699951171875
2026-07-30 18:15:00+00:00,1046.93,147.63,1420.800048828125
2026-07-30 18:20:00+00:00,1049.51,148.26,1421.56005859375
2026-07-30 18:25:00+00:00,1050.79,148.57,1420.81005859375
2026-07-30 18:30:00+00:00,1043.76,148.57,1420.97998046875
2026-07-30 18:35:00+00:00,1044.4,148.14,1421.6600341796875
2026-07-30 18:40:00+00:00,1047.76,148.64,1421.0400390625
2026-07-30 18:45:00+00:00,1048.94,148.55,1421.0
2026-07-30 18:50:00+00:00,1047.91,148.35,1420.8599853515625
2026-07-30 18:55:00+00:00,1052.07,148.71,1420.6300048828125
2026-07-30 19:00:00+00:00,1053.35,149.5,1420.6099853515625
2026-07-30 19:05:00+00:00,1056.09,149.66,1420.7099609375
2026-07-30 19:10:00+00:00,1053.96,149.44,1420.510009765625
2026-07-30 19:15:00+00:00,1053.05,149.33,1420.6700439453125
2026-07-30 19:20:00+00:00,1053.0,149.0,1420.81005859375
2026-07-30 19:25:00+00:00,1051.68,149.17,1420.719970703125
2026-07-30 19:30:00+00:00,1054.92,149.37,1420.9599609375
2026-07-30 19:35:00+00:00,1054.84,149.21,1421.1600341796875
2026-07-30 19:40:00+00:00,1056.19,149.25,1421.06005859375
2026-07-30 19:45:00+00:00,1057.04,148.89,1421.1700439453125
2026-07-30 19:50:00+00:00,1056.19,148.25,1419.800048828125
2026-07-30 19:55:00+00:00,1060.74,148.91,1420.8399658203125
2026-07-30 20:00:00+00:00,1067.3,150.87,1420.800048828125
2026-07-30 20:05:00+00:00,1068.55,151.06,1420.8499755859375
2026-07-30 20:10:00+00:00,1071.97,151.21,1421.1400146484375
2026-07-30 20:15:00+00:00,1073.77,151.75,1421.1300048828125
2026-07-30 20:20:00+00:00,1072.46,151.36,1421.1300048828125
2026-07-30 20:25:00+00:00,1071.52,151.25,1421.0699462890625
2026-07-30 20:30:00+00:00,1069.94,150.93,1421.9100341796875
2026-07-30 20:35:00+00:00,1070.14,150.3,1422.219970703125
2026-07-30 20:40:00+00:00,1073.1,150.93,1422.510009765625
2026-07-30 20:45:00+00:00,1068.97,150.3,1423.219970703125
2026-07-30 20:50:00+00:00,1068.22,150.07,1423.280029296875
2026-07-30 20:55:00+00:00,1070.84,150.11,1422.5799560546875
2026-07-30 21:00:00+00:00,1072.32,149.99,1422.5799560546875
2026-07-30 21:05:00+00:00,1068.93,149.94,1422.5799560546875
2026-07-30 21:10:00+00:00,1072.24,150.25,1422.5799560546875
2026-07-30 21:15:00+00:00,1076.26,151.58,1422.030029296875
2026-07-30 21:20:00+00:00,1079.58,152.14,1421.5899658203125
2026-07-30 21:25:00+00:00,1078.41,151.8,1421.8299560546875
2026-07-30 21:30:00+00:00,1085.55,154.34,1421.5999755859375
2026-07-30 21:35:00+00:00,1078.31,153.24,1421.3800048828125
2026-07-30 21:40:00+00:00,1086.22,153.42,1421.449951171875
2026-07-30 21:45:00+00:00,1086.89,153.63,1421.3800048828125
2026-07-30 21:50:00+00:00,1077.78,152.22,1421.3399658203125
2026-07-30 21:55:00+00:00,1075.53,151.54,1422.31005859375
2026-07-30 22:00:00+00:00,1083.39,152.84,1422.4300537109375
2026-07-30 22:05:00+00:00,1084.55,153.04,1421.5400390625
2026-07-30 22:10:00+00:00,1085.02,153.12,1421.7900390625
2026-07-30 22:15:00+00:00,1092.09,154.1,1421.68994140625
2026-07-30 22:20:00+00:00,1086.74,153.41,1421.7099609375
2026-07-30 22:25:00+00:00,1092.48,154.13,1421.47998046875
2026-07-30 22:30:00+00:00,1093.05,154.36,1421.449951171875
2026-07-30 22:35:00+00:00,1094.42,154.61,1421.4000244140625
2026-07-30 22:40:00+00:00,1091.92,154.53,1421.260009765625
2026-07-30 22:45:00+00:00,1090.13,154.31,1421.219970703125
2026-07-30 22:50:00+00:00,1090.6,154.12,1421.219970703125
2026-07-30 22:55:00+00:00,1090.09,153.36,1421.1600341796875
2026-07-30 23:00:00+00:00,1089.63,152.94,1421.1600341796875
2026-07-30 23:05:00+00:00,1075.75,151.35,1421.0699462890625
2026-07-30 23:10:00+00:00,1077.22,151.2,1421.5
2026-07-30 23:15:00+00:00,1083.01,150.71,1421.530029296875
2026-07-30 23:20:00+00:00,1087.97,151.12,1421.469970703125
2026-07-30 23:25:00+00:00,1087.18,151.19,1421.6099853515625
2026-07-30 23:30:00+00:00,1091.84,151.76,1421.4300537109375
2026-07-30 23:35:00+00:00,1100.6,153.15,1421.699951171875
2026-07-30 23:40:00+00:00,1095.0,152.95,1421.6400146484375
2026-07-30 23:45:00+00:00,1101.62,153.64,1421.489990234375
2026-07-30 23:50:00+00:00,1101.73,154.19,1421.5799560546875
2026-07-30 23:55:00+00:00,1104.09,153.7,1421.449951171875
2026-07-31 00:00:00+00:00,1119.58,156.48,1425.97998046875
2026-07-31 00:05:00+00:00,1110.16,155.23,1427.6099853515625
2026-07-31 00:10:00+00:00,1131.83,156.91,1428.3800048828125
2026-07-31 00:15:00+00:00,1132.99,157.53,1428.219970703125
2026-07-31 00:20:00+00:00,1143.37,157.54,1427.0699462890625
2026-07-31 00:25:00+00:00,1153.83,159.03,1426.6800537109375
2026-07-31 00:30:00+00:00,1165.59,160.04,1430.0799560546875
2026-07-31 00:35:00+00:00,1161.06,159.8,1430.97998046875
2026-07-31 00:40:00+00:00,1159.88,158.77,1432.5799560546875
2026-07-31 00:45:00+00:00,1159.08,158.47,1433.8499755859375
2026-07-31 00:50:00+00:00,1178.45,159.99,1432.8800048828125
2026-07-31 00:55:00+00:00,1179.53,160.9,1432.97998046875
2026-07-31 01:00:00+00:00,1184.66,160.92,1433.5799560546875
2026-07-31 01:05:00+00:00,1179.61,161.25,1434.8499755859375
2026-07-31 01:10:00+00:00,1176.19,160.3,1434.1800537109375
2026-07-31 01:15:00+00:00,1175.87,160.4,1434.6199951171875
2026-07-31 01:20:00+00:00,1174.96,160.33,1434.780029296875
2026-07-31 01:25:00+00:00,1164.34,159.47,1434.719970703125
2026-07-31 01:30:00+00:00,1149.3,157.88,1433.8800048828125
2026-07-31 01:35:00+00:00,1147.99,157.44,1434.760009765625
2026-07-31 01:40:00+00:00,1144.54,157.46,1434.8299560546875
2026-07-31 01:45:00+00:00,1129.33,154.93,1434.9300537109375
2026-07-31 01:50:00+00:00,1139.23,155.89,1434.97998046875
2026-07-31 01:55:00+00:00,1140.9,155.92,1434.9599609375
2026-07-31 02:00:00+00:00,1130.37,154.82,1434.5899658203125
2026-07-31 02:05:00+00:00,1140.64,156.2,1431.6800537109375
2026-07-31 02:10:00+00:00,1124.57,154.32,1431.97998046875
2026-07-31 02:15:00+00:00,1121.39,152.86,1432.3599853515625
2026-07-31 02:20:00+00:00,1135.04,154.43,1431.780029296875
2026-07-31 02:25:00+00:00,1144.95,155.44,1432.97998046875
2026-07-31 02:30:00+00:00,1146.5,155.53,1432.5799560546875
2026-07-31 02:35:00+00:00,1142.1,154.94,1433.1800537109375
2026-07-31 02:40:00+00:00,1140.44,155.03,1434.0799560546875
2026-07-31 02:45:00+00:00,1144.15,155.27,1434.5799560546875
2026-07-31 02:50:00+00:00,1144.0,155.31,1435.97998046875
2026-07-31 02:55:00+00:00,1140.98,155.62,1438.3800048828125
2026-07-31 03:00:00+00:00,1139.21,155.11,1437.5799560546875
2026-07-31 03:05:00+00:00,1144.61,155.68,1436.8800048828125
2026-07-31 03:10:00+00:00,1140.94,154.92,1437.68994140625
2026-07-31 03:15:00+00:00,1150.12,155.98,1438.18994140625
2026-07-31 03:20:00+00:00,1154.47,156.21,1437.8800048828125
2026-07-31 03:25:00+00:00,1154.39,156.31,1437.550048828125
2026-07-31 03:30:00+00:00,1148.77,155.9,1436.6800537109375
2026-07-31 03:35:00+00:00,1154.18,156.23,1436.780029296875
2026-07-31 03:40:00+00:00,1153.84,156.26,1437.030029296875
2026-07-31 03:45:00+00:00,1146.4,155.21,1435.9300537109375
2026-07-31 03:50:00+00:00,1152.13,156.19,1435.6800537109375
2026-07-31 03:55:00+00:00,1152.09,156.09,1435.3800048828125
2026-07-31 04:00:00+00:00,1151.63,156.16,1436.1800537109375
2026-07-31 04:05:00+00:00,1151.78,156.08,1437.0799560546875
2026-07-31 04:10:00+00:00,1154.8,156.33,1437.5799560546875
2026-07-31 04:15:00+00:00,1167.99,157.63,1438.5799560546875
2026-07-31 04:20:00+00:00,1171.4,157.9,1438.5799560546875
2026-07-31 04:25:00+00:00,1170.59,157.86,1439.300048828125
2026-07-31 04:30:00+00:00,1168.69,157.8,1439.300048828125
2026-07-31 04:35:00+00:00,1168.94,157.75,1439.300048828125
2026-07-31 04:40:00+00:00,1173.35,158.22,1439.300048828125
2026-07-31 04:45:00+00:00,1172.2,158.15,1439.300048828125
2026-07-31 04:50:00+00:00,1177.41,158.43,1439.300048828125
2026-07-31 04:55:00+00:00,1179.69,158.58,1438.800048828125
2026-07-31 05:00:00+00:00,1178.93,158.59,1438.800048828125
2026-07-31 05:05:00+00:00,1184.69,159.41,1438.800048828125
2026-07-31 05:10:00+00:00,1184.39,159.27,1438.800048828125
2026-07-31 05:15:00+00:00,1189.68,159.73,1438.800048828125
2026-07-31 05:20:00+00:00,1188.79,159.98,1438.800048828125
2026-07-31 05:25:00+00:00,1195.95,161.33,1435.699951171875
2026-07-31 05:30:00+00:00,1182.15,158.72,1435.699951171875
2026-07-31 05:35:00+00:00,1188.85,160.07,1435.699951171875
2026-07-31 05:40:00+00:00,1186.16,159.34,1435.699951171875
2026-07-31 05:45:00+00:00,1189.98,160.18,1435.699951171875
2026-07-31 05:50:00+00:00,1191.26,160.59,1435.699951171875
2026-07-31 05:55:00+00:00,1190.85,160.62,1435.699951171875
2026-07-31 06:00:00+00:00,1191.77,161.02,1436.699951171875
2026-07-31 06:05:00+00:00,1193.8,161.34,1436.699951171875
2026-07-31 06:10:00+00:00,1197.18,161.5,1436.699951171875
2026-07-31 06:15:00+00:00,1199.9,161.75,1436.699951171875
2026-07-31 06:20:00+00:00,1202.88,161.58,1436.699951171875
2026-07-31 06:25:00+00:00,1202.28,161.73,1436.699951171875
2026-07-31 06:30:00+00:00,1188.56,158.77,1436.699951171875
2026-07-31 06:35:00+00:00,1173.62,156.82,1436.699951171875
2026-07-31 06:40:00+00:00,1169.02,156.24,1436.699951171875
2026-07-31 06:45:00+00:00,1179.9,156.52,1428.5999755859375
2026-07-31 06:50:00+00:00,1189.36,159.18,1428.5999755859375
2026-07-31 06:55:00+00:00,1186.12,157.59,1428.5999755859375
2026-07-31 07:00:00+00:00,1180.53,157.29,1428.5999755859375
2026-07-31 07:05:00+00:00,1183.0,157.47,1428.5999755859375
2026-07-31 07:10:00+00:00,1184.07,158.02,1428.5999755859375
2026-07-31 07:15:00+00:00,1186.33,158.62,1429.800048828125
2026-07-31 07:20:00+00:00,1179.38,158.11,1429.800048828125
2026-07-31 07:25:00+00:00,1179.31,158.14,1429.800048828125
2026-07-31 07:30:00+00:00,1184.08,158.87,1429.800048828125
2026-07-31 07:35:00+00:00,1182.4,158.16,1429.800048828125
2026-07-31 07:40:00+00:00,1186.38,158.9,1431.4000244140625
2026-07-31 07:45:00+00:00,1186.2,158.85,1431.4000244140625
2026-07-31 07:50:00+00:00,1186.47,158.86,1431.4000244140625
2026-07-31 07:55:00+00:00,1187.38,158.57,1431.4000244140625
2026-07-31 08:00:00+00:00,1179.42,157.37,1431.4000244140625
2026-07-31 08:05:00+00:00,1181.54,157.4,1431.4000244140625
2026-07-31 08:10:00+00:00,1189.11,158.64,1430.199951171875
2026-07-31 08:15:00+00:00,1192.7,158.93,1430.199951171875
2026-07-31 08:20:00+00:00,1190.58,158.58,1430.199951171875
2026-07-31 08:25:00+00:00,1191.32,159.52,1430.199951171875
2026-07-31 08:30:00+00:00,1192.13,159.73,1430.199951171875
2026-07-31 08:35:00+00:00,1189.56,159.39,1430.199951171875
2026-07-31 08:40:00+00:00,1187.45,159.04,1430.199951171875
2026-07-31 08:45:00+00:00,1189.31,159.54,1432.0
2026-07-31 08:50:00+00:00,1185.14,159.04,1432.0
2026-07-31 08:55:00+00:00,1191.92,159.86,1432.0
2026-07-31 09:00:00+00:00,1195.18,160.85,1432.0
2026-07-31 09:05:00+00:00,1196.34,160.48,1432.0
2026-07-31 09:10:00+00:00,1191.82,160.27,1432.0
2026-07-31 09:15:00+00:00,1189.26,160.16,1431.4000244140625
2026-07-31 09:20:00+00:00,1186.21,159.67,1431.4000244140625
2026-07-31 09:25:00+00:00,1182.37,158.69,1431.4000244140625
2026-07-31 09:30:00+00:00,1177.43,157.52,1431.4000244140625
2026-07-31 09:35:00+00:00,1176.42,157.95,1431.4000244140625
2026-07-31 09:40:00+00:00,1179.3,158.36,1437.0
2026-07-31 09:45:00+00:00,1181.79,158.47,1437.0
2026-07-31 09:50:00+00:00,1176.57,157.81,1437.0
2026-07-31 09:55:00+00:00,1175.83,157.36,1437.0
2026-07-31 10:00:00+00:00,1178.75,157.56,1437.0
2026-07-31 10:05:00+00:00,1179.41,158.38,1437.0
2026-07-31 10:10:00+00:00,1181.53,158.8,1437.0
2026-07-31 10:15:00+00:00,1183.43,158.78,1437.0
2026-07-31 10:20:00+00:00,1183.24,158.94,1436.5999755859375
2026-07-31 10:25:00+00:00,1191.0,160.09,1436.5999755859375
2026-07-31 10:30:00+00:00,1187.75,159.5,1436.5999755859375
2026-07-31 10:35:00+00:00,1187.2,159.39,1436.5999755859375
2026-07-31 10:40:00+00:00,1190.48,159.47,1436.5999755859375
2026-07-31 10:45:00+00:00,1186.6,158.66,1436.5999755859375
2026-07-31 10:50:00+00:00,1188.59,159.28,1436.5999755859375
2026-07-31 10:55:00+00:00,1187.01,158.64,1436.5999755859375
2026-07-31 11:00:00+00:00,1190.43,159.59,1436.5999755859375
2026-07-31 11:05:00+00:00,1189.16,159.65,1436.5999755859375
2026-07-31 11:10:00+00:00,1184.25,159.62,1436.5999755859375
2026-07-31 11:15:00+00:00,1182.07,159.25,1436.5999755859375
2026-07-31 11:20:00+00:00,1184.34,159.66,1436.5999755859375
2026-07-31 11:25:00+00:00,1177.56,158.99,1436.5999755859375
2026-07-31 11:30:00+00:00,1177.92,158.74,1436.5999755859375
2026-07-31 11:35:00+00:00,1180.16,158.97,1436.5999755859375
2026-07-31 11:40:00+00:00,1182.83,159.24,1436.5999755859375
2026-07-31 11:45:00+00:00,1184.09,159.21,1436.5999755859375
2026-07-31 11:50:00+00:00,1185.47,159.26,1436.5999755859375
2026-07-31 11:55:00+00:00,1185.39,159.57,1436.5999755859375
2026-07-31 12:00:00+00:00,1175.87,158.42,1436.5999755859375
2026-07-31 12:05:00+00:00,1173.97,158.22,1436.5999755859375
2026-07-31 12:10:00+00:00,1176.38,158.2,1436.5999755859375
2026-07-31 12:15:00+00:00,1169.92,157.69,1436.5999755859375
2026-07-31 12:20:00+00:00,1174.88,158.17,1436.5999755859375
2026-07-31 12:25:00+00:00,1176.2,158.72,1436.5999755859375
2026-07-31 12:30:00+00:00,1167.94,157.44,1436.5999755859375
2026-07-31 12:35:00+00:00,1163.49,157.07,1436.5999755859375
2026-07-31 12:40:00+00:00,1165.11,156.64,1436.5999755859375
2026-07-31 12:45:00+00:00,1168.78,157.53,1436.5999755859375
2026-07-31 12:50:00+00:00,1173.0,158.01,1436.5999755859375
2026-07-31 12:55:00+00:00,1159.65,156.6,1436.5999755859375
2026-07-31 13:00:00+00:00,1163.82,157.28,1436.5999755859375
2026-07-31 13:05:00+00:00,1167.45,157.9,1443.31005859375
2026-07-31 13:10:00+00:00,1171.23,158.25,1444.239990234375
2026-07-31 13:15:00+00:00,1175.56,159.12,1443.72998046875
2026-07-31 13:20:00+00:00,1178.69,159.5,1440.780029296875
2026-07-31 13:25:00+00:00,1182.74,160.04,1438.7900390625
2026-07-31 13:30:00+00:00,1176.74,160.73,1436.3800048828125
2026-07-31 13:35:00+00:00,1158.35,155.38,1436.97998046875
2026-07-31 13:40:00+00:00,1141.25,152.13,1437.1500244140625
2026-07-31 13:45:00+00:00,1140.02,151.2,1439.1800537109375
2026-07-31 13:50:00+00:00,1129.23,150.43,1438.5400390625
2026-07-31 13:55:00+00:00,1131.71,150.8,1438.8800048828125
2026-07-31 14:00:00+00:00,1112.08,147.74,1437.8800048828125
2026-07-31 14:05:00+00:00,1107.31,146.08,1438.27001953125
2026-07-31 14:10:00+00:00,1105.87,146.73,1438.9200439453125
2026-07-31 14:15:00+00:00,1114.2,149.3,1439.6800537109375
2026-07-31 14:20:00+00:00,1111.91,148.75,1439.469970703125
2026-07-31 14:25:00+00:00,1119.19,149.38,1438.3800048828125
2026-07-31 14:30:00+00:00,1108.59,147.86,1438.0799560546875
2026-07-31 14:35:00+00:00,1105.9,147.61,1437.8800048828125
2026-07-31 14:40:00+00:00,1099.87,146.97,1437.1800537109375
2026-07-31 14:45:00+00:00,1102.24,147.81,1437.530029296875
2026-07-31 14:50:00+00:00,1097.0,146.95,1437.4200439453125
2026-07-31 14:55:00+00:00,1101.97,147.8,1437.989990234375
2026-07-31 15:00:00+00:00,1105.04,149.04,1437.9599609375
2026-07-31 15:05:00+00:00,1102.0,148.45,1437.239990234375
2026-07-31 15:10:00+00:00,1100.31,148.01,1437.1700439453125
2026-07-31 15:15:00+00:00,1093.89,147.72,1436.3399658203125
2026-07-31 15:20:00+00:00,1094.45,146.21,1437.0999755859375
2026-07-31 15:25:00+00:00,1102.39,146.54,1436.9200439453125
2026-07-31 15:30:00+00:00,1099.85,146.57,1436.780029296875
2026-07-31 15:35:00+00:00,1105.8,146.79,1436.780029296875
2026-07-31 15:40:00+00:00,1106.12,146.47,1436.780029296875
2026-07-31 15:45:00+00:00,1104.24,145.99,1436.9200439453125
2026-07-31 15:50:00+00:00,1109.15,147.01,1436.6600341796875
2026-07-31 15:55:00+00:00,1111.28,146.8,1436.780029296875
2026-07-31 16:00:00+00:00,1102.34,145.71,1437.47998046875
2026-07-31 16:05:00+00:00,1102.57,145.8,1438.199951171875
2026-07-31 16:10:00+00:00,1104.8,146.47,1437.6800537109375
2026-07-31 16:15:00+00:00,1100.62,146.43,1437.6400146484375
2026-07-31 16:20:00+00:00,1099.68,146.6,1437.56005859375
2026-07-31 16:25:00+00:00,1106.94,146.93,1437.5899658203125
2026-07-31 16:30:00+00:00,1107.09,147.34,1437.7900390625
2026-07-31 16:35:00+00:00,1104.58,147.26,1437.9599609375
2026-07-31 16:40:00+00:00,1103.58,147.22,1437.3800048828125
2026-07-31 16:45:00+00:00,1108.06,147.93,1438.2900390625
2026-07-31 16:50:00+00:00,1109.28,148.13,1438.739990234375
2026-07-31 16:55:00+00:00,1109.55,148.23,1438.280029296875
2026-07-31 17:00:00+00:00,1113.31,148.71,1439.050048828125
2026-07-31 17:05:00+00:00,1108.25,148.0,1439.06005859375
2026-07-31 17:10:00+00:00,1111.78,148.15,1439.0799560546875
2026-07-31 17:15:00+00:00,1112.06,147.97,1438.760009765625
2026-07-31 17:20:00+00:00,1117.41,148.88,1438.5699462890625
2026-07-31 17:25:00+00:00,1119.34,148.79,1437.949951171875
2026-07-31 17:30:00+00:00,1122.46,149.37,1437.1800537109375
2026-07-31 17:35:00+00:00,1121.28,148.81,1437.3800048828125
2026-07-31 17:40:00+00:00,1120.09,148.91,1438.1099853515625
2026-07-31 17:45:00+00:00,1114.01,148.2,1440.4100341796875
2026-07-31 17:50:00+00:00,1116.29,148.5,1439.3699951171875
2026-07-31 17:55:00+00:00,1112.17,148.26,1439.7900390625
2026-07-31 18:00:00+00:00,1110.81,147.87,1440.9599609375
2026-07-31 18:05:00+00:00,1106.64,147.52,1440.81005859375
2026-07-31 18:10:00+00:00,1099.5,146.56,1440.6600341796875
2026-07-31 18:15:00+00:00,1101.11,147.2,1441.239990234375
2026-07-31 18:20:00+00:00,1101.55,147.26,1442.77001953125
2026-07-31 18:25:00+00:00,1100.76,146.87,1442.5400390625
2026-07-31 18:30:00+00:00,1105.64,147.67,1442.050048828125
2026-07-31 18:35:00+00:00,1104.07,147.81,1442.780029296875
2026-07-31 18:40:00+00:00,1100.93,147.4,1442.1099853515625
2026-07-31 18:45:00+00:00,1105.56,147.93,1442.949951171875
2026-07-31 18:50:00+00:00,1105.43,147.83,1443.1300048828125
2026-07-31 18:55:00+00:00,1104.23,147.54,1443.0899658203125
2026-07-31 19:00:00+00:00,1103.23,147.26,1442.739990234375
2026-07-31 19:05:00+00:00,1103.95,147.22,1442.760009765625
2026-07-31 19:10:00+00:00,1102.23,147.14,1443.0699462890625
2026-07-31 19:15:00+00:00,1103.75,147.39,1443.0699462890625
2026-07-31 19:20:00+00:00,1103.23,147.42,1443.0400390625
2026-07-31 19:25:00+00:00,1104.32,147.49,1442.719970703125
2026-07-31 19:30:00+00:00,1099.59,146.68,1442.8299560546875
2026-07-31 19:35:00+00:00,1095.43,145.99,1443.1400146484375
2026-07-31 19:40:00+00:00,1096.41,145.63,1442.6099853515625
2026-07-31 19:45:00+00:00,1099.23,145.37,1442.5
2026-07-31 19:50:00+00:00,1096.87,145.02,1442.510009765625
2026-07-31 19:55:00+00:00,1088.62,143.98,1442.6800537109375
2026-07-31 20:00:00+00:00,1081.09,143.33,1442.6800537109375
2026-07-31 20:05:00+00:00,1084.2,143.43,1442.719970703125
2026-07-31 20:10:00+00:00,1084.98,143.33,1442.4200439453125
2026-07-31 20:15:00+00:00,1084.25,143.2,1442.22998046875
2026-07-31 20:20:00+00:00,1082.52,143.03,1442.449951171875
2026-07-31 20:25:00+00:00,1082.63,143.14,1442.4200439453125
2026-07-31 20:30:00+00:00,1082.62,143.22,1442.7099609375
2026-07-31 20:35:00+00:00,1083.17,143.26,1442.5999755859375
2026-07-31 20:40:00+00:00,1081.56,143.26,1442.530029296875
2026-07-31 20:45:00+00:00,1084.05,143.37,1442.219970703125
2026-07-31 20:50:00+00:00,1080.54,142.83,1441.8199462890625
2026-07-31 20:55:00+00:00,1079.75,142.66,1442.0699462890625
2026-07-31 21:00:00+00:00,1084.0,143.28,1442.0699462890625
2026-07-31 21:05:00+00:00,1083.19,143.29,1442.0699462890625
2026-07-31 21:10:00+00:00,1084.71,143.64,1442.0699462890625
2026-07-31 21:15:00+00:00,1082.54,143.09,1442.0699462890625
2026-07-31 21:20:00+00:00,1082.27,143.03,1442.0699462890625
2026-07-31 21:25:00+00:00,1081.44,142.67,1442.0699462890625
2026-07-31 21:30:00+00:00,1080.42,142.5,1442.0699462890625
2026-07-31 21:35:00+00:00,1080.97,142.56,1442.0699462890625
2026-07-31 21:40:00+00:00,1084.66,142.77,1442.0699462890625
2026-07-31 21:45:00+00:00,1083.25,142.5,1442.0699462890625
2026-07-31 21:50:00+00:00,1080.36,142.5,1442.0699462890625
2026-07-31 21:55:00+00:00,1081.55,142.69,1442.0699462890625
2026-07-31 22:00:00+00:00,1080.66,142.78,1442.0699462890625
2026-07-31 22:05:00+00:00,1080.76,142.81,1442.0699462890625
2026-07-31 22:10:00+00:00,1079.69,142.66,1442.0699462890625
2026-07-31 22:15:00+00:00,1080.48,142.69,1442.0699462890625
2026-07-31 22:20:00+00:00,1079.09,142.51,1442.0699462890625
2026-07-31 22:25:00+00:00,1078.81,142.4,1442.0699462890625
2026-07-31 22:30:00+00:00,1081.06,142.84,1442.0699462890625
2026-07-31 22:35:00+00:00,1083.56,143.24,1442.0699462890625
2026-07-31 22:40:00+00:00,1084.43,143.32,1442.0699462890625
2026-07-31 22:45:00+00:00,1083.9,143.12,1442.0699462890625
2026-07-31 22:50:00+00:00,1084.18,143.12,1442.0699462890625
2026-07-31 22:55:00+00:00,1084.11,143.03,1442.0699462890625
2026-07-31 23:00:00+00:00,1086.05,143.01,1442.0699462890625
2026-07-31 23:05:00+00:00,1085.8,142.81,1442.0699462890625
2026-07-31 23:10:00+00:00,1085.38,142.83,1442.0699462890625
2026-07-31 23:15:00+00:00,1086.71,142.96,1442.0699462890625
2026-07-31 23:20:00+00:00,1087.82,143.08,1442.0699462890625
2026-07-31 23:25:00+00:00,1090.02,143.35,1442.0699462890625
2026-07-31 23:30:00+00:00,1091.3,143.33,1442.0699462890625
2026-07-31 23:35:00+00:00,1083.21,142.82,1442.0699462890625
2026-07-31 23:40:00+00:00,1091.15,143.19,1442.0699462890625
2026-07-31 23:45:00+00:00,1086.12,142.91,1442.0699462890625
2026-07-31 23:50:00+00:00,1084.84,142.81,1442.0699462890625
2026-07-31 23:55:00+00:00,1085.86,142.9,1442.0699462890625
2026-08-01 00:00:00+00:00,1096.19,146.4,1442.0699462890625
2026-08-01 00:05:00+00:00,1096.34,145.61,1442.0699462890625
2026-08-01 00:10:00+00:00,1092.12,145.37,1442.0699462890625
2026-08-01 00:15:00+00:00,1091.32,145.26,1442.0699462890625
2026-08-01 00:20:00+00:00,1086.53,144.51,1442.0699462890625
2026-08-01 00:25:00+00:00,1089.19,144.76,1442.0699462890625
2026-08-01 00:30:00+00:00,1085.87,144.22,1442.0699462890625
2026-08-01 00:35:00+00:00,1086.88,144.34,1442.0699462890625
2026-08-01 00:40:00+00:00,1088.15,144.48,1442.0699462890625
2026-08-01 00:45:00+00:00,1089.45,144.54,1442.0699462890625
2026-08-01 00:50:00+00:00,1088.35,144.42,1442.0699462890625
2026-08-01 00:55:00+00:00,1086.94,144.13,1442.0699462890625
2026-08-01 01:00:00+00:00,1087.19,144.22,1442.0699462890625
2026-08-01 01:05:00+00:00,1090.72,144.88,1442.0699462890625
2026-08-01 01:10:00+00:00,1087.95,144.41,1442.0699462890625
2026-08-01 01:15:00+00:00,1091.05,144.88,1442.0699462890625
2026-08-01 01:20:00+00:00,1090.35,144.7,1442.0699462890625
2026-08-01 01:25:00+00:00,1090.32,144.7,1442.0699462890625
2026-08-01 01:30:00+00:00,1088.22,144.37,1442.0699462890625
2026-08-01 01:35:00+00:00,1088.69,144.33,1442.0699462890625
2026-08-01 01:40:00+00:00,1086.89,144.08,1442.0699462890625
2026-08-01 01:45:00+00:00,1087.53,144.29,1442.0699462890625
2026-08-01 01:50:00+00:00,1087.09,144.18,1442.0699462890625
2026-08-01 01:55:00+00:00,1088.94,144.47,1442.0699462890625
2026-08-01 02:00:00+00:00,1090.61,144.88,1442.0699462890625
2026-08-01 02:05:00+00:00,1089.39,144.79,1442.0699462890625
2026-08-01 02:10:00+00:00,1090.1,144.88,1442.0699462890625
2026-08-01 02:15:00+00:00,1089.2,144.8,1442.0699462890625
2026-08-01 02:20:00+00:00,1087.17,144.54,1442.0699462890625
2026-08-01 02:25:00+00:00,1088.59,144.71,1442.0699462890625
2026-08-01 02:30:00+00:00,1087.8,144.71,1442.0699462890625
2026-08-01 02:35:00+00:00,1088.64,144.82,1442.0699462890625
2026-08-01 02:40:00+00:00,1087.44,144.71,1442.0699462890625
2026-08-01 02:45:00+00:00,1086.6,144.55,1442.0699462890625
2026-08-01 02:50:00+00:00,1088.13,144.74,1442.0699462890625
2026-08-01 02:55:00+00:00,1087.8,144.66,1442.0699462890625
2026-08-01 03:00:00+00:00,1086.34,144.36,1442.0699462890625
2026-08-01 03:05:00+00:00,1086.24,144.33,1442.0699462890625
2026-08-01 03:10:00+00:00,1087.09,144.67,1442.0699462890625
2026-08-01 03:15:00+00:00,1087.33,144.66,1442.0699462890625
2026-08-01 03:20:00+00:00,1087.53,144.7,1442.0699462890625
2026-08-01 03:25:00+00:00,1087.97,144.76,1442.0699462890625
